anio_hidrologico,fecha_emision_pronostico,fecha_ejecucion_workflow,estacion,comid,fecha,fecha_texto,nivel_prom_ajustado_m,nivel_min_ajustado_m,nivel_max_ajustado_m,nivel_p25_ajustado_m,nivel_p75_ajustado_m,nivel_prom_m,nivel_min_m,nivel_max_m,nivel_p25_m,nivel_p75_m,nivel_eta_eqm_ajustado_m,nivel_eta_scal_ajustado_m,nivel_gfs_ajustado_m,nivel_wrf_ajustado_m,nivel_eta_eqm_m,nivel_eta_scal_m,nivel_gfs_m,nivel_wrf_m,ajuste_continuidad,offset_ajuste_m,fecha_obs_ajuste,fecha_obs_ajuste_texto,nivel_obs_ajuste_m,dias_desde_obs_ajuste,advertencia_ajuste
AH_2026_2027,2026-09-01,2026-09-01 19:28:52.221937,Angamos,9043370,2026-09-01,01/09/2026,1.11,1.11,1.11,1.11,1.11,7.599,7.599,7.599,7.599,7.599,1.11,1.11,1.11,1.11,7.599,7.599,7.599,7.599,Sí,-6.489,2026-09-01,01/09/2026,1.11,0,Offset alto: -6.49 m. Revisar estación.
AH_2026_2027,2026-09-01,2026-09-01 19:28:52.221937,Angamos,9043370,2026-09-02,02/09/2026,1.077,1.077,1.078,1.077,1.077,7.566,7.565,7.566,7.566,7.566,1.078,1.077,1.077,1.077,7.566,7.566,7.566,7.565,Sí,-6.489,2026-09-01,01/09/2026,1.11,0,Offset alto: -6.49 m. Revisar estación.
AH_2026_2027,2026-09-01,2026-09-01 19:28:52.221937,Angamos,9043370,2026-09-03,03/09/2026,1.036,1.035,1.037,1.036,1.037,7.525,7.524,7.526,7.524,7.526,1.037,1.037,1.036,1.035,7.526,7.526,7.524,7.524,Sí,-6.489,2026-09-01,01/09/2026,1.11,0,Offset alto: -6.49 m. Revisar estación.
AH_2026_2027,2026-09-01,2026-09-01 19:28:52.221937,Angamos,9043370,2026-09-04,04/09/2026,1.021,1.02,1.021,1.02,1.021,7.509,7.509,7.51,7.509,7.51,1.021,1.021,1.02,1.02,7.51,7.51,7.509,7.509,Sí,-6.489,2026-09-01,01/09/2026,1.11,0,Offset alto: -6.49 m. Revisar estación.
AH_2026_2027,2026-09-01,2026-09-01 19:28:52.221937,Angamos,9043370,2026-09-05,05/09/2026,1.001,1.0,1.002,1.0,1.002,7.49,7.488,7.491,7.489,7.49,1.002,1.002,1.0,1.0,7.49,7.491,7.489,7.488,Sí,-6.489,2026-09-01,01/09/2026,1.11,0,Offset alto: -6.49 m. Revisar estación.
AH_2026_2027,2026-09-01,2026-09-01 19:28:52.221937,Angamos,9043370,2026-09-06,06/09/2026,0.99,0.987,0.993,0.987,0.992,7.478,7.476,7.482,7.476,7.481,0.992,0.993,0.988,0.987,7.48,7.482,7.476,7.476,Sí,-6.489,2026-09-01,01/09/2026,1.11,0,Offset alto: -6.49 m. Revisar estación.
AH_2026_2027,2026-09-01,2026-09-01 19:28:52.221937,Angamos,9043370,2026-09-07,07/09/2026,0.985,0.982,0.987,0.984,0.987,7.474,7.47,7.476,7.473,7.475,0.987,0.987,0.982,0.985,7.475,7.476,7.47,7.473,Sí,-6.489,2026-09-01,01/09/2026,1.11,0,Offset alto: -6.49 m. Revisar estación.
AH_2026_2027,2026-09-01,2026-09-01 19:28:52.221937,Bellavista,9036028,2026-09-01,01/09/2026,5.7,5.7,5.7,5.7,5.7,5.481,5.481,5.481,5.481,5.481,5.7,5.7,5.7,5.7,5.481,5.481,5.481,5.481,Sí,0.219,2026-09-01,01/09/2026,5.7,0,Ajuste aplicado
AH_2026_2027,2026-09-01,2026-09-01 19:28:52.221937,Bellavista,9036028,2026-09-02,02/09/2026,5.681,5.681,5.681,5.681,5.681,5.461,5.461,5.461,5.461,5.461,5.681,5.681,5.681,5.681,5.461,5.461,5.461,5.461,Sí,0.219,2026-09-01,01/09/2026,5.7,0,Ajuste aplicado
AH_2026_2027,2026-09-01,2026-09-01 19:28:52.221937,Bellavista,9036028,2026-09-03,03/09/2026,5.64,5.639,5.641,5.64,5.641,5.421,5.42,5.422,5.421,5.422,5.64,5.641,5.639,5.64,5.421,5.422,5.42,5.421,Sí,0.219,2026-09-01,01/09/2026,5.7,0,Ajuste aplicado
AH_2026_2027,2026-09-01,2026-09-01 19:28:52.221937,Bellavista,9036028,2026-09-04,04/09/2026,5.593,5.591,5.594,5.592,5.594,5.374,5.372,5.375,5.373,5.375,5.594,5.594,5.591,5.592,5.375,5.375,5.372,5.373,Sí,0.219,2026-09-01,01/09/2026,5.7,0,Ajuste aplicado
AH_2026_2027,2026-09-01,2026-09-01 19:28:52.221937,Bellavista,9036028,2026-09-05,05/09/2026,5.558,5.557,5.558,5.558,5.558,5.339,5.338,5.339,5.339,5.339,5.558,5.558,5.557,5.558,5.339,5.339,5.338,5.339,Sí,0.219,2026-09-01,01/09/2026,5.7,0,Ajuste aplicado
AH_2026_2027,2026-09-01,2026-09-01 19:28:52.221937,Bellavista,9036028,2026-09-06,06/09/2026,5.499,5.498,5.499,5.499,5.499,5.279,5.279,5.28,5.279,5.28,5.499,5.499,5.498,5.499,5.28,5.28,5.279,5.28,Sí,0.219,2026-09-01,01/09/2026,5.7,0,Ajuste aplicado
AH_2026_2027,2026-09-01,2026-09-01 19:28:52.221937,Bellavista,9036028,2026-09-07,07/09/2026,5.471,5.468,5.475,5.469,5.472,5.252,5.249,5.256,5.25,5.253,5.469,5.471,5.468,5.475,5.25,5.252,5.249,5.256,Sí,0.219,2026-09-01,01/09/2026,5.7,0,Ajuste aplicado
AH_2026_2027,2026-09-01,2026-09-01 19:28:52.221937,Borja,9040208,2026-09-01,01/09/2026,4.15,4.15,4.15,4.15,4.15,4.402,4.402,4.402,4.402,4.402,4.15,4.15,4.15,4.15,4.402,4.402,4.402,4.402,Sí,-0.252,2026-09-01,01/09/2026,4.15,0,Ajuste aplicado
AH_2026_2027,2026-09-01,2026-09-01 19:28:52.221937,Borja,9040208,2026-09-02,02/09/2026,4.145,4.143,4.146,4.144,4.146,4.396,4.395,4.398,4.395,4.398,4.146,4.146,4.144,4.143,4.398,4.398,4.395,4.395,Sí,-0.252,2026-09-01,01/09/2026,4.15,0,Ajuste aplicado
AH_2026_2027,2026-09-01,2026-09-01 19:28:52.221937,Borja,9040208,2026-09-03,03/09/2026,4.102,4.088,4.118,4.094,4.108,4.353,4.339,4.37,4.346,4.36,4.105,4.118,4.096,4.088,4.357,4.37,4.348,4.339,Sí,-0.252,2026-09-01,01/09/2026,4.15,0,Ajuste aplicado
AH_2026_2027,2026-09-01,2026-09-01 19:28:52.221937,Borja,9040208,2026-09-04,04/09/2026,4.055,4.018,4.086,4.032,4.08,4.306,4.27,4.338,4.284,4.331,4.077,4.086,4.037,4.018,4.329,4.338,4.289,4.27,Sí,-0.252,2026-09-01,01/09/2026,4.15,0,Ajuste aplicado
AH_2026_2027,2026-09-01,2026-09-01 19:28:52.221937,Borja,9040208,2026-09-05,05/09/2026,3.981,3.933,4.027,3.959,4.004,4.232,4.185,4.278,4.21,4.256,3.996,4.027,3.967,3.933,4.248,4.278,4.219,4.185,Sí,-0.252,2026-09-01,01/09/2026,4.15,0,Ajuste aplicado
AH_2026_2027,2026-09-01,2026-09-01 19:28:52.221937,Borja,9040208,2026-09-06,06/09/2026,3.908,3.841,3.97,3.883,3.935,4.16,4.093,4.222,4.135,4.187,3.923,3.97,3.898,3.841,4.175,4.222,4.149,4.093,Sí,-0.252,2026-09-01,01/09/2026,4.15,0,Ajuste aplicado
AH_2026_2027,2026-09-01,2026-09-01 19:28:52.221937,Borja,9040208,2026-09-07,07/09/2026,3.879,3.812,3.934,3.849,3.916,4.131,4.064,4.186,4.1,4.168,3.861,3.934,3.91,3.812,4.112,4.186,4.162,4.064,Sí,-0.252,2026-09-01,01/09/2026,4.15,0,Ajuste aplicado
AH_2026_2027,2026-09-01,2026-09-01 19:28:52.221937,Contamana,9053555,2026-09-01,01/09/2026,6.2,6.2,6.2,6.2,6.2,12.848,12.848,12.848,12.848,12.848,6.2,6.2,6.2,6.2,12.848,12.848,12.848,12.848,Sí,-6.648,2026-09-01,01/09/2026,6.2,0,Offset alto: -6.65 m. Revisar estación.
AH_2026_2027,2026-09-01,2026-09-01 19:28:52.221937,Contamana,9053555,2026-09-02,02/09/2026,6.198,6.198,6.198,6.198,6.198,12.846,12.846,12.846,12.846,12.846,6.198,6.198,6.198,6.198,12.846,12.846,12.846,12.846,Sí,-6.648,2026-09-01,01/09/2026,6.2,0,Offset alto: -6.65 m. Revisar estación.
AH_2026_2027,2026-09-01,2026-09-01 19:28:52.221937,Contamana,9053555,2026-09-03,03/09/2026,6.199,6.199,6.199,6.199,6.199,12.847,12.847,12.847,12.847,12.847,6.199,6.199,6.199,6.199,12.847,12.847,12.847,12.847,Sí,-6.648,2026-09-01,01/09/2026,6.2,0,Offset alto: -6.65 m. Revisar estación.
AH_2026_2027,2026-09-01,2026-09-01 19:28:52.221937,Contamana,9053555,2026-09-04,04/09/2026,6.201,6.201,6.201,6.201,6.201,12.849,12.849,12.849,12.849,12.849,6.201,6.201,6.201,6.201,12.849,12.849,12.849,12.849,Sí,-6.648,2026-09-01,01/09/2026,6.2,0,Offset alto: -6.65 m. Revisar estación.
AH_2026_2027,2026-09-01,2026-09-01 19:28:52.221937,Contamana,9053555,2026-09-05,05/09/2026,6.217,6.214,6.22,6.214,6.22,12.865,12.862,12.868,12.862,12.868,6.22,6.219,6.214,6.214,12.868,12.868,12.862,12.862,Sí,-6.648,2026-09-01,01/09/2026,6.2,0,Offset alto: -6.65 m. Revisar estación.
AH_2026_2027,2026-09-01,2026-09-01 19:28:52.221937,Contamana,9053555,2026-09-06,06/09/2026,6.244,6.221,6.27,6.221,6.266,12.892,12.869,12.918,12.869,12.914,6.27,6.264,6.221,6.221,12.918,12.913,12.869,12.869,Sí,-6.648,2026-09-01,01/09/2026,6.2,0,Offset alto: -6.65 m. Revisar estación.
AH_2026_2027,2026-09-01,2026-09-01 19:28:52.221937,Contamana,9053555,2026-09-07,07/09/2026,6.269,6.221,6.348,6.221,6.301,12.917,12.869,12.996,12.87,12.949,6.348,6.286,6.221,6.221,12.996,12.934,12.87,12.869,Sí,-6.648,2026-09-01,01/09/2026,6.2,0,Offset alto: -6.65 m. Revisar estación.
AH_2026_2027,2026-09-01,2026-09-01 19:28:52.221937,ENAPU,9038134,2026-09-01,01/09/2026,5.42,5.413,5.432,5.415,5.422,3.191,3.184,3.203,3.185,3.193,5.415,5.432,5.413,5.419,3.186,3.203,3.184,3.19,Sí,2.229,2026-09-01,01/09/2026,5.42,0,Offset alto: 2.23 m. Revisar estación.
AH_2026_2027,2026-09-01,2026-09-01 19:28:52.221937,ENAPU,9038134,2026-09-02,02/09/2026,5.327,5.247,5.539,5.253,5.336,3.098,3.018,3.309,3.024,3.106,5.256,5.539,5.247,5.268,3.026,3.309,3.018,3.039,Sí,2.229,2026-09-01,01/09/2026,5.42,0,Offset alto: 2.23 m. Revisar estación.
AH_2026_2027,2026-09-01,2026-09-01 19:28:52.221937,ENAPU,9038134,2026-09-03,03/09/2026,5.45,5.21,5.687,5.216,5.686,3.221,2.981,3.458,2.987,3.456,5.218,5.687,5.21,5.686,2.989,3.458,2.981,3.456,Sí,2.229,2026-09-01,01/09/2026,5.42,0,Offset alto: 2.23 m. Revisar estación.
AH_2026_2027,2026-09-01,2026-09-01 19:28:52.221937,ENAPU,9038134,2026-09-04,04/09/2026,18.015,5.2,55.359,5.201,18.565,15.786,2.971,53.13,2.972,16.335,5.201,6.3,5.2,55.359,2.972,4.07,2.971,53.13,Sí,2.229,2026-09-01,01/09/2026,5.42,0,Offset alto: 2.23 m. Revisar estación.
AH_2026_2027,2026-09-01,2026-09-01 19:28:52.221937,ENAPU,9038134,2026-09-05,05/09/2026,19.272,5.181,60.175,5.185,19.954,17.043,2.952,57.946,2.955,17.724,5.186,6.546,5.181,60.175,2.956,4.317,2.952,57.946,Sí,2.229,2026-09-01,01/09/2026,5.42,0,Offset alto: 2.23 m. Revisar estación.
AH_2026_2027,2026-09-01,2026-09-01 19:28:52.221937,ENAPU,9038134,2026-09-06,06/09/2026,43.767,5.147,109.19,5.201,68.932,41.538,2.918,106.961,2.972,66.702,5.219,55.512,5.147,109.19,2.99,53.283,2.918,106.961,Sí,2.229,2026-09-01,01/09/2026,5.42,0,Offset alto: 2.23 m. Revisar estación.
AH_2026_2027,2026-09-01,2026-09-01 19:28:52.221937,ENAPU,9038134,2026-09-07,07/09/2026,83.716,5.142,110.715,83.277,109.942,81.487,2.913,108.486,81.048,107.713,110.715,109.685,5.142,109.322,108.486,107.456,2.913,107.093,Sí,2.229,2026-09-01,01/09/2026,5.42,0,Offset alto: 2.23 m. Revisar estación.
AH_2026_2027,2026-09-01,2026-09-01 19:28:52.221937,Flor de Punga,9044756,2026-09-01,01/09/2026,11.093,11.093,11.093,11.093,11.093,11.093,11.093,11.093,11.093,11.093,11.093,11.093,11.093,11.093,11.093,11.093,11.093,11.093,No,,2026-05-14,14/05/2026,22.8,110,Observado muy antiguo para ajuste: 110 días
AH_2026_2027,2026-09-01,2026-09-01 19:28:52.221937,Flor de Punga,9044756,2026-09-02,02/09/2026,11.12,11.12,11.12,11.12,11.12,11.12,11.12,11.12,11.12,11.12,11.12,11.12,11.12,11.12,11.12,11.12,11.12,11.12,No,,2026-05-14,14/05/2026,22.8,110,Observado muy antiguo para ajuste: 110 días
AH_2026_2027,2026-09-01,2026-09-01 19:28:52.221937,Flor de Punga,9044756,2026-09-03,03/09/2026,11.37,11.37,11.37,11.37,11.37,11.37,11.37,11.37,11.37,11.37,11.37,11.37,11.37,11.37,11.37,11.37,11.37,11.37,No,,2026-05-14,14/05/2026,22.8,110,Observado muy antiguo para ajuste: 110 días
AH_2026_2027,2026-09-01,2026-09-01 19:28:52.221937,Flor de Punga,9044756,2026-09-04,04/09/2026,11.487,11.487,11.487,11.487,11.487,11.487,11.487,11.487,11.487,11.487,11.487,11.487,11.487,11.487,11.487,11.487,11.487,11.487,No,,2026-05-14,14/05/2026,22.8,110,Observado muy antiguo para ajuste: 110 días
AH_2026_2027,2026-09-01,2026-09-01 19:28:52.221937,Flor de Punga,9044756,2026-09-05,05/09/2026,11.639,11.638,11.639,11.639,11.639,11.639,11.638,11.639,11.639,11.639,11.639,11.639,11.639,11.638,11.639,11.639,11.639,11.638,No,,2026-05-14,14/05/2026,22.8,110,Observado muy antiguo para ajuste: 110 días
AH_2026_2027,2026-09-01,2026-09-01 19:28:52.221937,Flor de Punga,9044756,2026-09-06,06/09/2026,11.777,11.777,11.777,11.777,11.777,11.777,11.777,11.777,11.777,11.777,11.777,11.777,11.777,11.777,11.777,11.777,11.777,11.777,No,,2026-05-14,14/05/2026,22.8,110,Observado muy antiguo para ajuste: 110 días
AH_2026_2027,2026-09-01,2026-09-01 19:28:52.221937,Flor de Punga,9044756,2026-09-07,07/09/2026,11.799,11.798,11.8,11.799,11.799,11.799,11.798,11.8,11.799,11.799,11.799,11.799,11.798,11.8,11.799,11.799,11.798,11.8,No,,2026-05-14,14/05/2026,22.8,110,Observado muy antiguo para ajuste: 110 días
AH_2026_2027,2026-09-01,2026-09-01 19:28:52.221937,Genaro Herrera,9042214,2026-09-01,01/09/2026,7.72,7.72,7.72,7.72,7.72,8.321,8.321,8.321,8.321,8.321,7.72,7.72,7.72,7.72,8.321,8.321,8.321,8.321,Sí,-0.601,2026-09-01,01/09/2026,7.72,0,Ajuste aplicado
AH_2026_2027,2026-09-01,2026-09-01 19:28:52.221937,Genaro Herrera,9042214,2026-09-02,02/09/2026,7.728,7.728,7.728,7.728,7.728,8.328,8.328,8.328,8.328,8.328,7.728,7.728,7.728,7.728,8.328,8.328,8.328,8.328,Sí,-0.601,2026-09-01,01/09/2026,7.72,0,Ajuste aplicado
AH_2026_2027,2026-09-01,2026-09-01 19:28:52.221937,Genaro Herrera,9042214,2026-09-03,03/09/2026,7.736,7.736,7.736,7.736,7.736,8.336,8.336,8.336,8.336,8.336,7.736,7.736,7.736,7.736,8.336,8.336,8.336,8.336,Sí,-0.601,2026-09-01,01/09/2026,7.72,0,Ajuste aplicado
AH_2026_2027,2026-09-01,2026-09-01 19:28:52.221937,Genaro Herrera,9042214,2026-09-04,04/09/2026,7.748,7.748,7.748,7.748,7.748,8.349,8.349,8.349,8.349,8.349,7.748,7.748,7.748,7.748,8.349,8.349,8.349,8.349,Sí,-0.601,2026-09-01,01/09/2026,7.72,0,Ajuste aplicado
AH_2026_2027,2026-09-01,2026-09-01 19:28:52.221937,Genaro Herrera,9042214,2026-09-05,05/09/2026,7.809,7.808,7.809,7.809,7.809,8.41,8.409,8.41,8.409,8.41,7.809,7.809,7.809,7.808,8.41,8.41,8.409,8.409,Sí,-0.601,2026-09-01,01/09/2026,7.72,0,Ajuste aplicado
AH_2026_2027,2026-09-01,2026-09-01 19:28:52.221937,Genaro Herrera,9042214,2026-09-06,06/09/2026,7.859,7.859,7.859,7.859,7.859,8.46,8.46,8.46,8.46,8.46,7.859,7.859,7.859,7.859,8.46,8.46,8.46,8.46,Sí,-0.601,2026-09-01,01/09/2026,7.72,0,Ajuste aplicado
AH_2026_2027,2026-09-01,2026-09-01 19:28:52.221937,Genaro Herrera,9042214,2026-09-07,07/09/2026,7.871,7.871,7.871,7.871,7.871,8.472,8.471,8.472,8.472,8.472,7.871,7.871,7.871,7.871,8.472,8.472,8.471,8.472,Sí,-0.601,2026-09-01,01/09/2026,7.72,0,Ajuste aplicado
AH_2026_2027,2026-09-01,2026-09-01 19:28:52.221937,Lagunas,9043597,2026-09-01,01/09/2026,4.95,4.95,4.95,4.95,4.95,5.555,5.555,5.555,5.555,5.555,4.95,4.95,4.95,4.95,5.555,5.555,5.555,5.555,Sí,-0.605,2026-09-01,01/09/2026,4.95,0,Ajuste aplicado
AH_2026_2027,2026-09-01,2026-09-01 19:28:52.221937,Lagunas,9043597,2026-09-02,02/09/2026,5.053,5.053,5.053,5.053,5.053,5.658,5.658,5.658,5.658,5.658,5.053,5.053,5.053,5.053,5.658,5.658,5.658,5.658,Sí,-0.605,2026-09-01,01/09/2026,4.95,0,Ajuste aplicado
AH_2026_2027,2026-09-01,2026-09-01 19:28:52.221937,Lagunas,9043597,2026-09-03,03/09/2026,5.064,5.064,5.064,5.064,5.064,5.669,5.669,5.669,5.669,5.669,5.064,5.064,5.064,5.064,5.669,5.669,5.669,5.669,Sí,-0.605,2026-09-01,01/09/2026,4.95,0,Ajuste aplicado
AH_2026_2027,2026-09-01,2026-09-01 19:28:52.221937,Lagunas,9043597,2026-09-04,04/09/2026,4.981,4.981,4.981,4.981,4.981,5.586,5.586,5.586,5.586,5.586,4.981,4.981,4.981,4.981,5.586,5.586,5.586,5.586,Sí,-0.605,2026-09-01,01/09/2026,4.95,0,Ajuste aplicado
AH_2026_2027,2026-09-01,2026-09-01 19:28:52.221937,Lagunas,9043597,2026-09-05,05/09/2026,4.89,4.89,4.89,4.89,4.89,5.495,5.495,5.495,5.495,5.495,4.89,4.89,4.89,4.89,5.495,5.495,5.495,5.495,Sí,-0.605,2026-09-01,01/09/2026,4.95,0,Ajuste aplicado
AH_2026_2027,2026-09-01,2026-09-01 19:28:52.221937,Lagunas,9043597,2026-09-06,06/09/2026,4.745,4.745,4.745,4.745,4.745,5.351,5.35,5.351,5.351,5.351,4.745,4.745,4.745,4.745,5.351,5.351,5.351,5.35,Sí,-0.605,2026-09-01,01/09/2026,4.95,0,Ajuste aplicado
AH_2026_2027,2026-09-01,2026-09-01 19:28:52.221937,Lagunas,9043597,2026-09-07,07/09/2026,4.526,4.519,4.533,4.523,4.529,5.131,5.124,5.138,5.129,5.134,4.525,4.533,4.527,4.519,5.13,5.138,5.133,5.124,Sí,-0.605,2026-09-01,01/09/2026,4.95,0,Ajuste aplicado
AH_2026_2027,2026-09-01,2026-09-01 19:28:52.221937,Nauta,9040454,2026-09-01,01/09/2026,7.14,7.14,7.14,7.14,7.14,5.432,5.432,5.432,5.432,5.432,7.14,7.14,7.14,7.14,5.432,5.432,5.432,5.432,Sí,1.708,2026-09-01,01/09/2026,7.14,0,Offset alto: 1.71 m. Revisar estación.
AH_2026_2027,2026-09-01,2026-09-01 19:28:52.221937,Nauta,9040454,2026-09-02,02/09/2026,7.119,7.119,7.119,7.119,7.119,5.411,5.411,5.411,5.411,5.411,7.119,7.119,7.119,7.119,5.411,5.411,5.411,5.411,Sí,1.708,2026-09-01,01/09/2026,7.14,0,Offset alto: 1.71 m. Revisar estación.
AH_2026_2027,2026-09-01,2026-09-01 19:28:52.221937,Nauta,9040454,2026-09-03,03/09/2026,7.097,7.097,7.097,7.097,7.097,5.389,5.389,5.389,5.389,5.389,7.097,7.097,7.097,7.097,5.389,5.389,5.389,5.389,Sí,1.708,2026-09-01,01/09/2026,7.14,0,Offset alto: 1.71 m. Revisar estación.
AH_2026_2027,2026-09-01,2026-09-01 19:28:52.221937,Nauta,9040454,2026-09-04,04/09/2026,7.098,7.098,7.098,7.098,7.098,5.39,5.39,5.39,5.39,5.39,7.098,7.098,7.098,7.098,5.39,5.39,5.39,5.39,Sí,1.708,2026-09-01,01/09/2026,7.14,0,Offset alto: 1.71 m. Revisar estación.
AH_2026_2027,2026-09-01,2026-09-01 19:28:52.221937,Nauta,9040454,2026-09-05,05/09/2026,7.124,7.124,7.124,7.124,7.124,5.415,5.415,5.415,5.415,5.415,7.124,7.124,7.124,7.124,5.415,5.415,5.415,5.415,Sí,1.708,2026-09-01,01/09/2026,7.14,0,Offset alto: 1.71 m. Revisar estación.
AH_2026_2027,2026-09-01,2026-09-01 19:28:52.221937,Nauta,9040454,2026-09-06,06/09/2026,7.142,7.142,7.142,7.142,7.142,5.433,5.433,5.434,5.433,5.434,7.142,7.142,7.142,7.142,5.433,5.434,5.433,5.434,Sí,1.708,2026-09-01,01/09/2026,7.14,0,Offset alto: 1.71 m. Revisar estación.
AH_2026_2027,2026-09-01,2026-09-01 19:28:52.221937,Nauta,9040454,2026-09-07,07/09/2026,7.143,7.143,7.144,7.143,7.144,5.435,5.435,5.436,5.435,5.435,7.144,7.144,7.143,7.144,5.436,5.435,5.435,5.435,Sí,1.708,2026-09-01,01/09/2026,7.14,0,Offset alto: 1.71 m. Revisar estación.
AH_2026_2027,2026-09-01,2026-09-01 19:28:52.221937,Puerto Almendra,9037610,2026-09-01,01/09/2026,3.1,3.094,3.113,3.094,3.103,1.835,1.829,1.848,1.83,1.838,3.094,3.099,3.094,3.113,1.83,1.835,1.829,1.848,Sí,1.265,2026-09-01,01/09/2026,3.1,0,Ajuste aplicado
AH_2026_2027,2026-09-01,2026-09-01 19:28:52.221937,Puerto Almendra,9037610,2026-09-02,02/09/2026,2.987,2.986,2.988,2.986,2.987,1.722,1.721,1.724,1.722,1.723,2.986,2.988,2.986,2.987,1.722,1.724,1.721,1.722,Sí,1.265,2026-09-01,01/09/2026,3.1,0,Ajuste aplicado
AH_2026_2027,2026-09-01,2026-09-01 19:28:52.221937,Puerto Almendra,9037610,2026-09-03,03/09/2026,3.153,3.021,3.472,3.028,3.185,1.889,1.757,2.207,1.764,1.921,3.09,3.472,3.021,3.031,1.825,2.207,1.757,1.766,Sí,1.265,2026-09-01,01/09/2026,3.1,0,Ajuste aplicado
AH_2026_2027,2026-09-01,2026-09-01 19:28:52.221937,Puerto Almendra,9037610,2026-09-04,04/09/2026,3.302,2.993,3.617,2.995,3.606,2.037,1.728,2.352,1.731,2.342,3.603,3.617,2.993,2.996,2.338,2.352,1.728,1.732,Sí,1.265,2026-09-01,01/09/2026,3.1,0,Ajuste aplicado
AH_2026_2027,2026-09-01,2026-09-01 19:28:52.221937,Puerto Almendra,9037610,2026-09-05,05/09/2026,3.288,2.811,3.765,2.825,3.751,2.023,1.546,2.5,1.561,2.486,3.746,3.765,2.811,2.83,2.481,2.5,1.546,1.566,Sí,1.265,2026-09-01,01/09/2026,3.1,0,Ajuste aplicado
AH_2026_2027,2026-09-01,2026-09-01 19:28:52.221937,Puerto Almendra,9037610,2026-09-06,06/09/2026,3.239,2.736,3.778,2.742,3.718,1.974,1.471,2.513,1.478,2.454,3.699,3.778,2.736,2.744,2.434,2.513,1.471,1.48,Sí,1.265,2026-09-01,01/09/2026,3.1,0,Ajuste aplicado
AH_2026_2027,2026-09-01,2026-09-01 19:28:52.221937,Puerto Almendra,9037610,2026-09-07,07/09/2026,3.167,2.653,3.711,2.693,3.627,1.903,1.388,2.447,1.429,2.362,3.598,3.711,2.653,2.707,2.334,2.447,1.388,1.442,Sí,1.265,2026-09-01,01/09/2026,3.1,0,Ajuste aplicado
AH_2026_2027,2026-09-01,2026-09-01 19:28:52.221937,Requena,9043425,2026-09-01,01/09/2026,6.32,6.32,6.32,6.32,6.32,6.22,6.22,6.22,6.22,6.22,6.32,6.32,6.32,6.32,6.22,6.22,6.22,6.22,Sí,0.1,2026-09-01,01/09/2026,6.32,0,Ajuste aplicado
AH_2026_2027,2026-09-01,2026-09-01 19:28:52.221937,Requena,9043425,2026-09-02,02/09/2026,6.199,6.199,6.199,6.199,6.199,6.098,6.098,6.098,6.098,6.098,6.199,6.199,6.199,6.199,6.098,6.098,6.098,6.098,Sí,0.1,2026-09-01,01/09/2026,6.32,0,Ajuste aplicado
AH_2026_2027,2026-09-01,2026-09-01 19:28:52.221937,Requena,9043425,2026-09-03,03/09/2026,6.091,6.091,6.092,6.091,6.092,5.991,5.991,5.991,5.991,5.991,6.092,6.092,6.091,6.091,5.991,5.991,5.991,5.991,Sí,0.1,2026-09-01,01/09/2026,6.32,0,Ajuste aplicado
AH_2026_2027,2026-09-01,2026-09-01 19:28:52.221937,Requena,9043425,2026-09-04,04/09/2026,5.978,5.978,5.979,5.978,5.979,5.878,5.878,5.878,5.878,5.878,5.979,5.979,5.978,5.978,5.878,5.878,5.878,5.878,Sí,0.1,2026-09-01,01/09/2026,6.32,0,Ajuste aplicado
AH_2026_2027,2026-09-01,2026-09-01 19:28:52.221937,Requena,9043425,2026-09-05,05/09/2026,5.896,5.895,5.896,5.895,5.896,5.795,5.795,5.796,5.795,5.795,5.896,5.896,5.895,5.895,5.795,5.796,5.795,5.795,Sí,0.1,2026-09-01,01/09/2026,6.32,0,Ajuste aplicado
AH_2026_2027,2026-09-01,2026-09-01 19:28:52.221937,Requena,9043425,2026-09-06,06/09/2026,5.825,5.824,5.826,5.825,5.826,5.725,5.724,5.726,5.724,5.726,5.826,5.826,5.825,5.824,5.726,5.726,5.724,5.724,Sí,0.1,2026-09-01,01/09/2026,6.32,0,Ajuste aplicado
AH_2026_2027,2026-09-01,2026-09-01 19:28:52.221937,Requena,9043425,2026-09-07,07/09/2026,5.74,5.737,5.742,5.738,5.742,5.64,5.637,5.642,5.638,5.641,5.742,5.741,5.737,5.739,5.642,5.641,5.637,5.638,Sí,0.1,2026-09-01,01/09/2026,6.32,0,Ajuste aplicado
AH_2026_2027,2026-09-01,2026-09-01 19:28:52.221937,San Lorenzo,9042153,2026-09-01,01/09/2026,9.889,9.889,9.889,9.889,9.889,9.889,9.889,9.889,9.889,9.889,9.889,9.889,9.889,9.889,9.889,9.889,9.889,9.889,No,,2025-09-30,30/09/2025,7.19,336,Observado muy antiguo para ajuste: 336 días
AH_2026_2027,2026-09-01,2026-09-01 19:28:52.221937,San Lorenzo,9042153,2026-09-02,02/09/2026,9.839,9.839,9.839,9.839,9.839,9.839,9.839,9.839,9.839,9.839,9.839,9.839,9.839,9.839,9.839,9.839,9.839,9.839,No,,2025-09-30,30/09/2025,7.19,336,Observado muy antiguo para ajuste: 336 días
AH_2026_2027,2026-09-01,2026-09-01 19:28:52.221937,San Lorenzo,9042153,2026-09-03,03/09/2026,9.769,9.768,9.769,9.768,9.769,9.769,9.768,9.769,9.768,9.769,9.769,9.769,9.768,9.768,9.769,9.769,9.768,9.768,No,,2025-09-30,30/09/2025,7.19,336,Observado muy antiguo para ajuste: 336 días
AH_2026_2027,2026-09-01,2026-09-01 19:28:52.221937,San Lorenzo,9042153,2026-09-04,04/09/2026,9.748,9.747,9.749,9.747,9.748,9.748,9.747,9.749,9.747,9.748,9.748,9.749,9.747,9.747,9.748,9.749,9.747,9.747,No,,2025-09-30,30/09/2025,7.19,336,Observado muy antiguo para ajuste: 336 días
AH_2026_2027,2026-09-01,2026-09-01 19:28:52.221937,San Lorenzo,9042153,2026-09-05,05/09/2026,9.731,9.725,9.734,9.729,9.733,9.731,9.725,9.734,9.729,9.733,9.733,9.734,9.73,9.725,9.733,9.734,9.73,9.725,No,,2025-09-30,30/09/2025,7.19,336,Observado muy antiguo para ajuste: 336 días
AH_2026_2027,2026-09-01,2026-09-01 19:28:52.221937,San Lorenzo,9042153,2026-09-06,06/09/2026,9.684,9.665,9.704,9.666,9.7,9.684,9.665,9.704,9.666,9.7,9.699,9.704,9.667,9.665,9.699,9.704,9.667,9.665,No,,2025-09-30,30/09/2025,7.19,336,Observado muy antiguo para ajuste: 336 días
AH_2026_2027,2026-09-01,2026-09-01 19:28:52.221937,San Lorenzo,9042153,2026-09-07,07/09/2026,9.647,9.641,9.656,9.643,9.651,9.647,9.641,9.656,9.643,9.651,9.649,9.656,9.643,9.641,9.649,9.656,9.643,9.641,No,,2025-09-30,30/09/2025,7.19,336,Observado muy antiguo para ajuste: 336 días
AH_2026_2027,2026-09-01,2026-09-01 19:28:52.221937,San Regis,9040439,2026-09-01,01/09/2026,6.39,6.39,6.39,6.39,6.39,5.635,5.635,5.635,5.635,5.635,6.39,6.39,6.39,6.39,5.635,5.635,5.635,5.635,Sí,0.755,2026-09-01,01/09/2026,6.39,0,Ajuste aplicado
AH_2026_2027,2026-09-01,2026-09-01 19:28:52.221937,San Regis,9040439,2026-09-02,02/09/2026,6.372,6.372,6.372,6.372,6.372,5.617,5.617,5.617,5.617,5.617,6.372,6.372,6.372,6.372,5.617,5.617,5.617,5.617,Sí,0.755,2026-09-01,01/09/2026,6.39,0,Ajuste aplicado
AH_2026_2027,2026-09-01,2026-09-01 19:28:52.221937,San Regis,9040439,2026-09-03,03/09/2026,6.379,6.379,6.379,6.379,6.379,5.624,5.624,5.624,5.624,5.624,6.379,6.379,6.379,6.379,5.624,5.624,5.624,5.624,Sí,0.755,2026-09-01,01/09/2026,6.39,0,Ajuste aplicado
AH_2026_2027,2026-09-01,2026-09-01 19:28:52.221937,San Regis,9040439,2026-09-04,04/09/2026,6.391,6.391,6.391,6.391,6.391,5.636,5.636,5.636,5.636,5.636,6.391,6.391,6.391,6.391,5.636,5.636,5.636,5.636,Sí,0.755,2026-09-01,01/09/2026,6.39,0,Ajuste aplicado
AH_2026_2027,2026-09-01,2026-09-01 19:28:52.221937,San Regis,9040439,2026-09-05,05/09/2026,6.409,6.409,6.409,6.409,6.409,5.654,5.654,5.654,5.654,5.654,6.409,6.409,6.409,6.409,5.654,5.654,5.654,5.654,Sí,0.755,2026-09-01,01/09/2026,6.39,0,Ajuste aplicado
AH_2026_2027,2026-09-01,2026-09-01 19:28:52.221937,San Regis,9040439,2026-09-06,06/09/2026,6.424,6.424,6.424,6.424,6.424,5.669,5.669,5.669,5.669,5.669,6.424,6.424,6.424,6.424,5.669,5.669,5.669,5.669,Sí,0.755,2026-09-01,01/09/2026,6.39,0,Ajuste aplicado
AH_2026_2027,2026-09-01,2026-09-01 19:28:52.221937,San Regis,9040439,2026-09-07,07/09/2026,6.403,6.403,6.403,6.403,6.403,5.648,5.648,5.648,5.648,5.648,6.403,6.403,6.403,6.403,5.648,5.648,5.648,5.648,Sí,0.755,2026-09-01,01/09/2026,6.39,0,Ajuste aplicado
AH_2026_2027,2026-09-01,2026-09-01 19:28:52.221937,Santa Clotilde,9032282,2026-09-01,01/09/2026,8.15,8.15,8.15,8.15,8.15,7.252,7.252,7.252,7.252,7.252,8.15,8.15,8.15,8.15,7.252,7.252,7.252,7.252,Sí,0.898,2026-09-01,01/09/2026,8.15,0,Ajuste aplicado
AH_2026_2027,2026-09-01,2026-09-01 19:28:52.221937,Santa Clotilde,9032282,2026-09-02,02/09/2026,8.05,8.05,8.05,8.05,8.05,7.152,7.152,7.152,7.152,7.152,8.05,8.05,8.05,8.05,7.152,7.152,7.152,7.152,Sí,0.898,2026-09-01,01/09/2026,8.15,0,Ajuste aplicado
AH_2026_2027,2026-09-01,2026-09-01 19:28:52.221937,Santa Clotilde,9032282,2026-09-03,03/09/2026,7.909,7.908,7.909,7.909,7.909,7.011,7.01,7.011,7.01,7.011,7.909,7.909,7.908,7.909,7.011,7.011,7.01,7.011,Sí,0.898,2026-09-01,01/09/2026,8.15,0,Ajuste aplicado
AH_2026_2027,2026-09-01,2026-09-01 19:28:52.221937,Santa Clotilde,9032282,2026-09-04,04/09/2026,7.862,7.861,7.863,7.862,7.863,6.964,6.963,6.964,6.964,6.964,7.863,7.862,7.861,7.863,6.964,6.964,6.963,6.964,Sí,0.898,2026-09-01,01/09/2026,8.15,0,Ajuste aplicado
AH_2026_2027,2026-09-01,2026-09-01 19:28:52.221937,Santa Clotilde,9032282,2026-09-05,05/09/2026,7.797,7.797,7.797,7.797,7.797,6.899,6.899,6.899,6.899,6.899,7.797,7.797,7.797,7.797,6.899,6.899,6.899,6.899,Sí,0.898,2026-09-01,01/09/2026,8.15,0,Ajuste aplicado
AH_2026_2027,2026-09-01,2026-09-01 19:28:52.221937,Santa Clotilde,9032282,2026-09-06,06/09/2026,7.755,7.754,7.755,7.755,7.755,6.857,6.856,6.857,6.857,6.857,7.755,7.755,7.754,7.755,6.857,6.857,6.856,6.857,Sí,0.898,2026-09-01,01/09/2026,8.15,0,Ajuste aplicado
AH_2026_2027,2026-09-01,2026-09-01 19:28:52.221937,Santa Clotilde,9032282,2026-09-07,07/09/2026,7.7,7.697,7.701,7.7,7.701,6.802,6.799,6.803,6.802,6.803,7.701,7.701,7.697,7.701,6.803,6.803,6.799,6.803,Sí,0.898,2026-09-01,01/09/2026,8.15,0,Ajuste aplicado
AH_2026_2027,2026-09-01,2026-09-01 19:28:52.221937,Santa María de Nanay,9037738,2026-09-01,01/09/2026,4.34,4.335,4.351,4.336,4.341,3.091,3.087,3.102,3.087,3.092,4.338,4.351,4.336,4.335,3.089,3.102,3.087,3.087,Sí,1.249,2026-09-01,01/09/2026,4.34,0,Ajuste aplicado
AH_2026_2027,2026-09-01,2026-09-01 19:28:52.221937,Santa María de Nanay,9037738,2026-09-02,02/09/2026,4.569,4.515,4.637,4.516,4.615,3.32,3.266,3.389,3.268,3.366,4.608,4.637,4.517,4.515,3.359,3.389,3.268,3.266,Sí,1.249,2026-09-01,01/09/2026,4.34,0,Ajuste aplicado
AH_2026_2027,2026-09-01,2026-09-01 19:28:52.221937,Santa María de Nanay,9037738,2026-09-03,03/09/2026,4.728,4.515,5.147,4.515,4.838,3.479,3.266,3.898,3.266,3.589,4.735,5.147,4.515,4.515,3.486,3.898,3.266,3.266,Sí,1.249,2026-09-01,01/09/2026,4.34,0,Ajuste aplicado
AH_2026_2027,2026-09-01,2026-09-01 19:28:52.221937,Santa María de Nanay,9037738,2026-09-04,04/09/2026,4.513,4.073,5.184,4.075,4.836,3.264,2.824,3.935,2.826,3.588,4.72,5.184,4.075,4.073,3.472,3.935,2.827,2.824,Sí,1.249,2026-09-01,01/09/2026,4.34,0,Ajuste aplicado
AH_2026_2027,2026-09-01,2026-09-01 19:28:52.221937,Santa María de Nanay,9037738,2026-09-05,05/09/2026,4.143,3.594,4.822,3.645,4.578,2.895,2.345,3.573,2.396,3.329,4.496,4.822,3.662,3.594,3.248,3.573,2.413,2.345,Sí,1.249,2026-09-01,01/09/2026,4.34,0,Ajuste aplicado
AH_2026_2027,2026-09-01,2026-09-01 19:28:52.221937,Santa María de Nanay,9037738,2026-09-06,06/09/2026,3.987,3.576,4.66,3.577,4.267,2.739,2.327,3.411,2.328,3.018,4.136,4.66,3.577,3.576,2.887,3.411,2.329,2.327,Sí,1.249,2026-09-01,01/09/2026,4.34,0,Ajuste aplicado
AH_2026_2027,2026-09-01,2026-09-01 19:28:52.221937,Santa María de Nanay,9037738,2026-09-07,07/09/2026,4.623,3.545,5.509,3.928,5.416,3.375,2.296,4.26,2.679,4.167,5.509,5.385,3.545,4.055,4.26,4.137,2.296,2.806,Sí,1.249,2026-09-01,01/09/2026,4.34,0,Ajuste aplicado
AH_2026_2027,2026-09-01,2026-09-01 19:28:52.221937,Santa Rosa,9039635,2026-09-01,01/09/2026,3.43,3.43,3.43,3.43,3.43,3.439,3.439,3.439,3.439,3.439,3.43,3.43,3.43,3.43,3.439,3.439,3.439,3.439,Sí,-0.009,2026-09-01,01/09/2026,3.43,0,Ajuste aplicado
AH_2026_2027,2026-09-01,2026-09-01 19:28:52.221937,Santa Rosa,9039635,2026-09-02,02/09/2026,3.376,3.376,3.376,3.376,3.376,3.385,3.385,3.385,3.385,3.385,3.376,3.376,3.376,3.376,3.385,3.385,3.385,3.385,Sí,-0.009,2026-09-01,01/09/2026,3.43,0,Ajuste aplicado
AH_2026_2027,2026-09-01,2026-09-01 19:28:52.221937,Santa Rosa,9039635,2026-09-03,03/09/2026,3.333,3.333,3.333,3.333,3.333,3.342,3.342,3.342,3.342,3.342,3.333,3.333,3.333,3.333,3.342,3.342,3.342,3.342,Sí,-0.009,2026-09-01,01/09/2026,3.43,0,Ajuste aplicado
AH_2026_2027,2026-09-01,2026-09-01 19:28:52.221937,Santa Rosa,9039635,2026-09-04,04/09/2026,3.283,3.282,3.284,3.282,3.284,3.292,3.291,3.292,3.291,3.292,3.284,3.284,3.282,3.282,3.292,3.292,3.291,3.291,Sí,-0.009,2026-09-01,01/09/2026,3.43,0,Ajuste aplicado
AH_2026_2027,2026-09-01,2026-09-01 19:28:52.221937,Santa Rosa,9039635,2026-09-05,05/09/2026,3.248,3.246,3.252,3.246,3.249,3.257,3.255,3.26,3.255,3.258,3.248,3.252,3.247,3.246,3.257,3.26,3.255,3.255,Sí,-0.009,2026-09-01,01/09/2026,3.43,0,Ajuste aplicado
AH_2026_2027,2026-09-01,2026-09-01 19:28:52.221937,Santa Rosa,9039635,2026-09-06,06/09/2026,3.229,3.229,3.231,3.229,3.229,3.238,3.238,3.24,3.238,3.238,3.229,3.231,3.229,3.229,3.238,3.24,3.238,3.238,Sí,-0.009,2026-09-01,01/09/2026,3.43,0,Ajuste aplicado
AH_2026_2027,2026-09-01,2026-09-01 19:28:52.221937,Santa Rosa,9039635,2026-09-07,07/09/2026,3.188,3.185,3.189,3.188,3.188,3.196,3.194,3.197,3.196,3.197,3.188,3.189,3.188,3.185,3.197,3.197,3.197,3.194,Sí,-0.009,2026-09-01,01/09/2026,3.43,0,Ajuste aplicado
AH_2026_2027,2026-09-01,2026-09-01 19:28:52.221937,Tamshiyacu,9038269,2026-09-01,01/09/2026,3.25,3.25,3.25,3.25,3.25,2.348,2.348,2.348,2.348,2.348,3.25,3.25,3.25,3.25,2.348,2.348,2.348,2.348,Sí,0.902,2026-09-01,01/09/2026,3.25,0,Ajuste aplicado
AH_2026_2027,2026-09-01,2026-09-01 19:28:52.221937,Tamshiyacu,9038269,2026-09-02,02/09/2026,3.252,3.252,3.252,3.252,3.252,2.349,2.349,2.349,2.349,2.349,3.252,3.252,3.252,3.252,2.349,2.349,2.349,2.349,Sí,0.902,2026-09-01,01/09/2026,3.25,0,Ajuste aplicado
AH_2026_2027,2026-09-01,2026-09-01 19:28:52.221937,Tamshiyacu,9038269,2026-09-03,03/09/2026,3.253,3.253,3.253,3.253,3.253,2.35,2.35,2.35,2.35,2.35,3.253,3.253,3.253,3.253,2.35,2.35,2.35,2.35,Sí,0.902,2026-09-01,01/09/2026,3.25,0,Ajuste aplicado
AH_2026_2027,2026-09-01,2026-09-01 19:28:52.221937,Tamshiyacu,9038269,2026-09-04,04/09/2026,3.252,3.252,3.252,3.252,3.252,2.35,2.35,2.35,2.35,2.35,3.252,3.252,3.252,3.252,2.35,2.35,2.35,2.35,Sí,0.902,2026-09-01,01/09/2026,3.25,0,Ajuste aplicado
AH_2026_2027,2026-09-01,2026-09-01 19:28:52.221937,Tamshiyacu,9038269,2026-09-05,05/09/2026,3.254,3.253,3.254,3.253,3.254,2.351,2.351,2.352,2.351,2.351,3.254,3.254,3.253,3.254,2.351,2.352,2.351,2.351,Sí,0.902,2026-09-01,01/09/2026,3.25,0,Ajuste aplicado
AH_2026_2027,2026-09-01,2026-09-01 19:28:52.221937,Tamshiyacu,9038269,2026-09-06,06/09/2026,3.265,3.265,3.266,3.265,3.265,2.363,2.362,2.363,2.363,2.363,3.265,3.266,3.265,3.265,2.363,2.363,2.362,2.363,Sí,0.902,2026-09-01,01/09/2026,3.25,0,Ajuste aplicado
AH_2026_2027,2026-09-01,2026-09-01 19:28:52.221937,Tamshiyacu,9038269,2026-09-07,07/09/2026,3.284,3.28,3.288,3.28,3.288,2.382,2.378,2.386,2.378,2.386,3.288,3.288,3.28,3.28,2.386,2.386,2.378,2.378,Sí,0.902,2026-09-01,01/09/2026,3.25,0,Ajuste aplicado
AH_2026_2027,2026-09-01,2026-09-01 19:28:52.221937,Timicurillo,9036459,2026-09-01,01/09/2026,5.376,5.376,5.376,5.376,5.376,5.376,5.376,5.376,5.376,5.376,5.376,5.376,5.376,5.376,5.376,5.376,5.376,5.376,No,,2026-08-12,12/08/2026,7.74,20,Observado muy antiguo para ajuste: 20 días
AH_2026_2027,2026-09-01,2026-09-01 19:28:52.221937,Timicurillo,9036459,2026-09-02,02/09/2026,5.237,5.237,5.237,5.237,5.237,5.237,5.237,5.237,5.237,5.237,5.237,5.237,5.237,5.237,5.237,5.237,5.237,5.237,No,,2026-08-12,12/08/2026,7.74,20,Observado muy antiguo para ajuste: 20 días
AH_2026_2027,2026-09-01,2026-09-01 19:28:52.221937,Timicurillo,9036459,2026-09-03,03/09/2026,5.242,5.241,5.244,5.241,5.242,5.242,5.241,5.244,5.241,5.242,5.242,5.244,5.241,5.241,5.242,5.244,5.241,5.241,No,,2026-08-12,12/08/2026,7.74,20,Observado muy antiguo para ajuste: 20 días
AH_2026_2027,2026-09-01,2026-09-01 19:28:52.221937,Timicurillo,9036459,2026-09-04,04/09/2026,5.307,5.286,5.329,5.295,5.318,5.307,5.286,5.329,5.295,5.318,5.315,5.329,5.286,5.299,5.315,5.329,5.286,5.299,No,,2026-08-12,12/08/2026,7.74,20,Observado muy antiguo para ajuste: 20 días
AH_2026_2027,2026-09-01,2026-09-01 19:28:52.221937,Timicurillo,9036459,2026-09-05,05/09/2026,5.313,5.248,5.374,5.263,5.364,5.313,5.248,5.374,5.263,5.364,5.361,5.374,5.248,5.268,5.361,5.374,5.248,5.268,No,,2026-08-12,12/08/2026,7.74,20,Observado muy antiguo para ajuste: 20 días
AH_2026_2027,2026-09-01,2026-09-01 19:28:52.221937,Timicurillo,9036459,2026-09-06,06/09/2026,5.307,5.22,5.391,5.231,5.384,5.307,5.22,5.391,5.231,5.384,5.382,5.391,5.22,5.234,5.382,5.391,5.22,5.234,No,,2026-08-12,12/08/2026,7.74,20,Observado muy antiguo para ajuste: 20 días
AH_2026_2027,2026-09-01,2026-09-01 19:28:52.221937,Timicurillo,9036459,2026-09-07,07/09/2026,5.332,5.235,5.434,5.244,5.416,5.332,5.235,5.434,5.244,5.416,5.41,5.434,5.235,5.247,5.41,5.434,5.235,5.247,No,,2026-08-12,12/08/2026,7.74,20,Observado muy antiguo para ajuste: 20 días
AH_2026_2027,2026-09-02,2026-09-02 19:29:11.446248,Angamos,9043370,2026-09-02,02/09/2026,1.01,1.01,1.01,1.01,1.01,7.56,7.56,7.56,7.56,7.56,1.01,1.01,1.01,1.01,7.56,7.56,7.56,7.56,Sí,-6.55,2026-09-02,02/09/2026,1.01,0,Offset alto: -6.55 m. Revisar estación.
AH_2026_2027,2026-09-02,2026-09-02 19:29:11.446248,Angamos,9043370,2026-09-03,03/09/2026,0.966,0.966,0.966,0.966,0.966,7.516,7.516,7.516,7.516,7.516,0.966,0.966,0.966,0.966,7.516,7.516,7.516,7.516,Sí,-6.55,2026-09-02,02/09/2026,1.01,0,Offset alto: -6.55 m. Revisar estación.
AH_2026_2027,2026-09-02,2026-09-02 19:29:11.446248,Angamos,9043370,2026-09-04,04/09/2026,0.959,0.959,0.959,0.959,0.959,7.509,7.509,7.509,7.509,7.509,0.959,0.959,0.959,0.959,7.509,7.509,7.509,7.509,Sí,-6.55,2026-09-02,02/09/2026,1.01,0,Offset alto: -6.55 m. Revisar estación.
AH_2026_2027,2026-09-02,2026-09-02 19:29:11.446248,Angamos,9043370,2026-09-05,05/09/2026,0.94,0.939,0.94,0.94,0.94,7.49,7.489,7.49,7.489,7.49,0.94,0.94,0.94,0.939,7.49,7.49,7.49,7.489,Sí,-6.55,2026-09-02,02/09/2026,1.01,0,Offset alto: -6.55 m. Revisar estación.
AH_2026_2027,2026-09-02,2026-09-02 19:29:11.446248,Angamos,9043370,2026-09-06,06/09/2026,0.929,0.927,0.929,0.928,0.929,7.478,7.477,7.479,7.478,7.479,0.929,0.929,0.929,0.927,7.479,7.479,7.479,7.477,Sí,-6.55,2026-09-02,02/09/2026,1.01,0,Offset alto: -6.55 m. Revisar estación.
AH_2026_2027,2026-09-02,2026-09-02 19:29:11.446248,Angamos,9043370,2026-09-07,07/09/2026,0.923,0.922,0.923,0.923,0.923,7.473,7.472,7.473,7.473,7.473,0.923,0.923,0.923,0.922,7.473,7.473,7.473,7.472,Sí,-6.55,2026-09-02,02/09/2026,1.01,0,Offset alto: -6.55 m. Revisar estación.
AH_2026_2027,2026-09-02,2026-09-02 19:29:11.446248,Angamos,9043370,2026-09-08,08/09/2026,0.917,0.916,0.917,0.916,0.917,7.466,7.465,7.467,7.466,7.467,0.917,0.917,0.917,0.916,7.466,7.467,7.467,7.465,Sí,-6.55,2026-09-02,02/09/2026,1.01,0,Offset alto: -6.55 m. Revisar estación.
AH_2026_2027,2026-09-02,2026-09-02 19:29:11.446248,Bellavista,9036028,2026-09-02,02/09/2026,5.74,5.74,5.741,5.74,5.74,5.462,5.462,5.462,5.462,5.462,5.741,5.74,5.74,5.74,5.462,5.462,5.462,5.462,Sí,0.278,2026-09-02,02/09/2026,5.74,0,Ajuste aplicado
AH_2026_2027,2026-09-02,2026-09-02 19:29:11.446248,Bellavista,9036028,2026-09-03,03/09/2026,5.702,5.7,5.706,5.7,5.703,5.424,5.422,5.428,5.422,5.425,5.706,5.703,5.7,5.7,5.428,5.424,5.422,5.422,Sí,0.278,2026-09-02,02/09/2026,5.74,0,Ajuste aplicado
AH_2026_2027,2026-09-02,2026-09-02 19:29:11.446248,Bellavista,9036028,2026-09-04,04/09/2026,5.655,5.653,5.658,5.653,5.656,5.377,5.375,5.38,5.375,5.377,5.658,5.655,5.653,5.653,5.38,5.377,5.375,5.375,Sí,0.278,2026-09-02,02/09/2026,5.74,0,Ajuste aplicado
AH_2026_2027,2026-09-02,2026-09-02 19:29:11.446248,Bellavista,9036028,2026-09-05,05/09/2026,5.617,5.617,5.618,5.617,5.618,5.339,5.339,5.339,5.339,5.339,5.618,5.617,5.617,5.617,5.339,5.339,5.339,5.339,Sí,0.278,2026-09-02,02/09/2026,5.74,0,Ajuste aplicado
AH_2026_2027,2026-09-02,2026-09-02 19:29:11.446248,Bellavista,9036028,2026-09-06,06/09/2026,5.566,5.558,5.575,5.558,5.573,5.288,5.28,5.297,5.28,5.295,5.575,5.573,5.558,5.558,5.297,5.295,5.28,5.28,Sí,0.278,2026-09-02,02/09/2026,5.74,0,Ajuste aplicado
AH_2026_2027,2026-09-02,2026-09-02 19:29:11.446248,Bellavista,9036028,2026-09-07,07/09/2026,5.535,5.528,5.54,5.533,5.538,5.257,5.25,5.262,5.255,5.26,5.54,5.537,5.528,5.534,5.262,5.259,5.25,5.256,Sí,0.278,2026-09-02,02/09/2026,5.74,0,Ajuste aplicado
AH_2026_2027,2026-09-02,2026-09-02 19:29:11.446248,Bellavista,9036028,2026-09-08,08/09/2026,5.51,5.504,5.519,5.505,5.513,5.232,5.226,5.241,5.227,5.235,5.519,5.511,5.504,5.505,5.241,5.232,5.226,5.227,Sí,0.278,2026-09-02,02/09/2026,5.74,0,Ajuste aplicado
AH_2026_2027,2026-09-02,2026-09-02 19:29:11.446248,Borja,9040208,2026-09-02,02/09/2026,3.9,3.9,3.9,3.9,3.9,4.399,4.399,4.4,4.399,4.4,3.9,3.9,3.9,3.9,4.4,4.4,4.399,4.399,Sí,-0.499,2026-09-02,02/09/2026,3.9,0,Ajuste aplicado
AH_2026_2027,2026-09-02,2026-09-02 19:29:11.446248,Borja,9040208,2026-09-03,03/09/2026,3.899,3.895,3.905,3.895,3.901,4.398,4.394,4.404,4.395,4.401,3.9,3.905,3.895,3.895,4.4,4.404,4.395,4.394,Sí,-0.499,2026-09-02,02/09/2026,3.9,0,Ajuste aplicado
AH_2026_2027,2026-09-02,2026-09-02 19:29:11.446248,Borja,9040208,2026-09-04,04/09/2026,3.879,3.85,3.906,3.862,3.898,4.379,4.349,4.406,4.362,4.397,3.895,3.906,3.866,3.85,4.395,4.406,4.366,4.349,Sí,-0.499,2026-09-02,02/09/2026,3.9,0,Ajuste aplicado
AH_2026_2027,2026-09-02,2026-09-02 19:29:11.446248,Borja,9040208,2026-09-05,05/09/2026,3.855,3.808,3.905,3.831,3.878,4.355,4.308,4.405,4.33,4.377,3.868,3.905,3.839,3.808,4.368,4.405,4.338,4.308,Sí,-0.499,2026-09-02,02/09/2026,3.9,0,Ajuste aplicado
AH_2026_2027,2026-09-02,2026-09-02 19:29:11.446248,Borja,9040208,2026-09-06,06/09/2026,3.821,3.728,3.893,3.802,3.851,4.32,4.228,4.392,4.301,4.35,3.837,3.893,3.826,3.728,4.336,4.392,4.326,4.228,Sí,-0.499,2026-09-02,02/09/2026,3.9,0,Ajuste aplicado
AH_2026_2027,2026-09-02,2026-09-02 19:29:11.446248,Borja,9040208,2026-09-07,07/09/2026,3.777,3.656,3.849,3.745,3.832,4.276,4.155,4.348,4.245,4.332,3.775,3.849,3.827,3.656,4.275,4.348,4.326,4.155,Sí,-0.499,2026-09-02,02/09/2026,3.9,0,Ajuste aplicado
AH_2026_2027,2026-09-02,2026-09-02 19:29:11.446248,Borja,9040208,2026-09-08,08/09/2026,3.762,3.576,3.908,3.689,3.856,4.262,4.075,4.407,4.189,4.355,3.727,3.839,3.908,3.576,4.227,4.338,4.407,4.075,Sí,-0.499,2026-09-02,02/09/2026,3.9,0,Ajuste aplicado
AH_2026_2027,2026-09-02,2026-09-02 19:29:11.446248,Contamana,9053555,2026-09-02,02/09/2026,5.94,5.94,5.94,5.94,5.94,12.844,12.844,12.844,12.844,12.844,5.94,5.94,5.94,5.94,12.844,12.844,12.844,12.844,Sí,-6.904,2026-09-02,02/09/2026,5.94,0,Offset alto: -6.90 m. Revisar estación.
AH_2026_2027,2026-09-02,2026-09-02 19:29:11.446248,Contamana,9053555,2026-09-03,03/09/2026,5.941,5.941,5.941,5.941,5.941,12.845,12.845,12.845,12.845,12.845,5.941,5.941,5.941,5.941,12.845,12.845,12.845,12.845,Sí,-6.904,2026-09-02,02/09/2026,5.94,0,Offset alto: -6.90 m. Revisar estación.
AH_2026_2027,2026-09-02,2026-09-02 19:29:11.446248,Contamana,9053555,2026-09-04,04/09/2026,5.944,5.944,5.944,5.944,5.944,12.849,12.849,12.849,12.849,12.849,5.944,5.944,5.944,5.944,12.849,12.849,12.849,12.849,Sí,-6.904,2026-09-02,02/09/2026,5.94,0,Offset alto: -6.90 m. Revisar estación.
AH_2026_2027,2026-09-02,2026-09-02 19:29:11.446248,Contamana,9053555,2026-09-05,05/09/2026,5.958,5.958,5.958,5.958,5.958,12.862,12.862,12.863,12.862,12.863,5.958,5.958,5.958,5.958,12.863,12.863,12.862,12.862,Sí,-6.904,2026-09-02,02/09/2026,5.94,0,Offset alto: -6.90 m. Revisar estación.
AH_2026_2027,2026-09-02,2026-09-02 19:29:11.446248,Contamana,9053555,2026-09-06,06/09/2026,5.965,5.965,5.965,5.965,5.965,12.869,12.869,12.869,12.869,12.869,5.965,5.965,5.965,5.965,12.869,12.869,12.869,12.869,Sí,-6.904,2026-09-02,02/09/2026,5.94,0,Offset alto: -6.90 m. Revisar estación.
AH_2026_2027,2026-09-02,2026-09-02 19:29:11.446248,Contamana,9053555,2026-09-07,07/09/2026,5.965,5.965,5.965,5.965,5.965,12.87,12.869,12.87,12.869,12.87,5.965,5.965,5.965,5.965,12.87,12.87,12.869,12.869,Sí,-6.904,2026-09-02,02/09/2026,5.94,0,Offset alto: -6.90 m. Revisar estación.
AH_2026_2027,2026-09-02,2026-09-02 19:29:11.446248,Contamana,9053555,2026-09-08,08/09/2026,5.958,5.957,5.96,5.957,5.959,12.863,12.861,12.864,12.862,12.863,5.96,5.959,5.957,5.957,12.864,12.863,12.862,12.861,Sí,-6.904,2026-09-02,02/09/2026,5.94,0,Offset alto: -6.90 m. Revisar estación.
AH_2026_2027,2026-09-02,2026-09-02 19:29:11.446248,ENAPU,9038134,2026-09-02,02/09/2026,5.47,5.379,5.681,5.387,5.493,3.138,3.046,3.349,3.055,3.161,5.431,5.681,5.39,5.379,3.098,3.349,3.058,3.046,Sí,2.332,2026-09-02,02/09/2026,5.47,0,Offset alto: 2.33 m. Revisar estación.
AH_2026_2027,2026-09-02,2026-09-02 19:29:11.446248,ENAPU,9038134,2026-09-03,03/09/2026,5.462,5.323,5.852,5.327,5.471,3.13,2.991,3.52,2.995,3.139,5.344,5.852,5.329,5.323,3.012,3.52,2.997,2.991,Sí,2.332,2026-09-02,02/09/2026,5.47,0,Offset alto: 2.33 m. Revisar estación.
AH_2026_2027,2026-09-02,2026-09-02 19:29:11.446248,ENAPU,9038134,2026-09-04,04/09/2026,5.635,5.304,6.611,5.308,5.639,3.303,2.972,4.279,2.976,3.307,5.315,6.611,5.31,5.304,2.983,4.279,2.978,2.972,Sí,2.332,2026-09-02,02/09/2026,5.47,0,Offset alto: 2.33 m. Revisar estación.
AH_2026_2027,2026-09-02,2026-09-02 19:29:11.446248,ENAPU,9038134,2026-09-05,05/09/2026,17.786,5.292,55.238,5.3,17.792,15.454,2.96,52.906,2.968,15.46,5.303,55.238,5.31,5.292,2.971,52.906,2.978,2.96,Sí,2.332,2026-09-02,02/09/2026,5.47,0,Offset alto: 2.33 m. Revisar estación.
AH_2026_2027,2026-09-02,2026-09-02 19:29:11.446248,ENAPU,9038134,2026-09-06,06/09/2026,17.82,5.287,55.371,5.292,17.838,15.488,2.955,53.039,2.96,15.506,5.287,55.371,5.327,5.294,2.955,53.039,2.995,2.962,Sí,2.332,2026-09-02,02/09/2026,5.47,0,Offset alto: 2.33 m. Revisar estación.
AH_2026_2027,2026-09-02,2026-09-02 19:29:11.446248,ENAPU,9038134,2026-09-07,07/09/2026,19.286,5.34,59.548,5.717,19.696,16.954,3.007,57.216,3.385,17.364,6.412,59.548,5.843,5.34,4.08,57.216,3.511,3.007,Sí,2.332,2026-09-02,02/09/2026,5.47,0,Offset alto: 2.33 m. Revisar estación.
AH_2026_2027,2026-09-02,2026-09-02 19:29:11.446248,ENAPU,9038134,2026-09-08,08/09/2026,70.517,6.486,109.872,43.564,109.807,68.185,4.154,107.54,41.232,107.475,109.872,109.786,55.923,6.486,107.54,107.454,53.591,4.154,Sí,2.332,2026-09-02,02/09/2026,5.47,0,Offset alto: 2.33 m. Revisar estación.
AH_2026_2027,2026-09-02,2026-09-02 19:29:11.446248,Flor de Punga,9044756,2026-09-02,02/09/2026,11.122,11.122,11.122,11.122,11.122,11.122,11.122,11.122,11.122,11.122,11.122,11.122,11.122,11.122,11.122,11.122,11.122,11.122,No,,2026-05-14,14/05/2026,22.8,111,Observado muy antiguo para ajuste: 111 días
AH_2026_2027,2026-09-02,2026-09-02 19:29:11.446248,Flor de Punga,9044756,2026-09-03,03/09/2026,11.371,11.371,11.371,11.371,11.371,11.371,11.371,11.371,11.371,11.371,11.371,11.371,11.371,11.371,11.371,11.371,11.371,11.371,No,,2026-05-14,14/05/2026,22.8,111,Observado muy antiguo para ajuste: 111 días
AH_2026_2027,2026-09-02,2026-09-02 19:29:11.446248,Flor de Punga,9044756,2026-09-04,04/09/2026,11.489,11.488,11.489,11.489,11.489,11.489,11.488,11.489,11.489,11.489,11.489,11.489,11.489,11.488,11.489,11.489,11.489,11.488,No,,2026-05-14,14/05/2026,22.8,111,Observado muy antiguo para ajuste: 111 días
AH_2026_2027,2026-09-02,2026-09-02 19:29:11.446248,Flor de Punga,9044756,2026-09-05,05/09/2026,11.639,11.639,11.639,11.639,11.639,11.639,11.639,11.639,11.639,11.639,11.639,11.639,11.639,11.639,11.639,11.639,11.639,11.639,No,,2026-05-14,14/05/2026,22.8,111,Observado muy antiguo para ajuste: 111 días
AH_2026_2027,2026-09-02,2026-09-02 19:29:11.446248,Flor de Punga,9044756,2026-09-06,06/09/2026,11.777,11.777,11.778,11.777,11.777,11.777,11.777,11.778,11.777,11.777,11.777,11.778,11.777,11.777,11.777,11.778,11.777,11.777,No,,2026-05-14,14/05/2026,22.8,111,Observado muy antiguo para ajuste: 111 días
AH_2026_2027,2026-09-02,2026-09-02 19:29:11.446248,Flor de Punga,9044756,2026-09-07,07/09/2026,11.799,11.798,11.799,11.799,11.799,11.799,11.798,11.799,11.799,11.799,11.799,11.799,11.799,11.798,11.799,11.799,11.799,11.798,No,,2026-05-14,14/05/2026,22.8,111,Observado muy antiguo para ajuste: 111 días
AH_2026_2027,2026-09-02,2026-09-02 19:29:11.446248,Flor de Punga,9044756,2026-09-08,08/09/2026,11.783,11.782,11.783,11.783,11.783,11.783,11.782,11.783,11.783,11.783,11.783,11.783,11.783,11.782,11.783,11.783,11.783,11.782,No,,2026-05-14,14/05/2026,22.8,111,Observado muy antiguo para ajuste: 111 días
AH_2026_2027,2026-09-02,2026-09-02 19:29:11.446248,Genaro Herrera,9042214,2026-09-02,02/09/2026,7.68,7.68,7.68,7.68,7.68,8.328,8.328,8.328,8.328,8.328,7.68,7.68,7.68,7.68,8.328,8.328,8.328,8.328,Sí,-0.648,2026-09-02,02/09/2026,7.68,0,Ajuste aplicado
AH_2026_2027,2026-09-02,2026-09-02 19:29:11.446248,Genaro Herrera,9042214,2026-09-03,03/09/2026,7.688,7.688,7.688,7.688,7.688,8.336,8.336,8.336,8.336,8.336,7.688,7.688,7.688,7.688,8.336,8.336,8.336,8.336,Sí,-0.648,2026-09-02,02/09/2026,7.68,0,Ajuste aplicado
AH_2026_2027,2026-09-02,2026-09-02 19:29:11.446248,Genaro Herrera,9042214,2026-09-04,04/09/2026,7.701,7.701,7.701,7.701,7.701,8.349,8.349,8.349,8.349,8.349,7.701,7.701,7.701,7.701,8.349,8.349,8.349,8.349,Sí,-0.648,2026-09-02,02/09/2026,7.68,0,Ajuste aplicado
AH_2026_2027,2026-09-02,2026-09-02 19:29:11.446248,Genaro Herrera,9042214,2026-09-05,05/09/2026,7.759,7.758,7.76,7.759,7.759,8.407,8.406,8.407,8.407,8.407,7.759,7.76,7.759,7.758,8.407,8.407,8.407,8.406,Sí,-0.648,2026-09-02,02/09/2026,7.68,0,Ajuste aplicado
AH_2026_2027,2026-09-02,2026-09-02 19:29:11.446248,Genaro Herrera,9042214,2026-09-06,06/09/2026,7.812,7.812,7.812,7.812,7.812,8.46,8.459,8.46,8.459,8.46,7.812,7.812,7.812,7.812,8.46,8.46,8.46,8.459,Sí,-0.648,2026-09-02,02/09/2026,7.68,0,Ajuste aplicado
AH_2026_2027,2026-09-02,2026-09-02 19:29:11.446248,Genaro Herrera,9042214,2026-09-07,07/09/2026,7.823,7.823,7.823,7.823,7.823,8.471,8.471,8.471,8.471,8.471,7.823,7.823,7.823,7.823,8.471,8.471,8.471,8.471,Sí,-0.648,2026-09-02,02/09/2026,7.68,0,Ajuste aplicado
AH_2026_2027,2026-09-02,2026-09-02 19:29:11.446248,Genaro Herrera,9042214,2026-09-08,08/09/2026,7.842,7.841,7.842,7.842,7.842,8.489,8.489,8.49,8.489,8.49,7.842,7.842,7.842,7.841,8.489,8.49,8.49,8.489,Sí,-0.648,2026-09-02,02/09/2026,7.68,0,Ajuste aplicado
AH_2026_2027,2026-09-02,2026-09-02 19:29:11.446248,Lagunas,9043597,2026-09-02,02/09/2026,4.53,4.53,4.53,4.53,4.53,5.658,5.658,5.658,5.658,5.658,4.53,4.53,4.53,4.53,5.658,5.658,5.658,5.658,Sí,-1.128,2026-09-02,02/09/2026,4.53,0,Ajuste aplicado
AH_2026_2027,2026-09-02,2026-09-02 19:29:11.446248,Lagunas,9043597,2026-09-03,03/09/2026,4.539,4.539,4.539,4.539,4.539,5.667,5.667,5.667,5.667,5.667,4.539,4.539,4.539,4.539,5.667,5.667,5.667,5.667,Sí,-1.128,2026-09-02,02/09/2026,4.53,0,Ajuste aplicado
AH_2026_2027,2026-09-02,2026-09-02 19:29:11.446248,Lagunas,9043597,2026-09-04,04/09/2026,4.455,4.455,4.455,4.455,4.455,5.583,5.583,5.583,5.583,5.583,4.455,4.455,4.455,4.455,5.583,5.583,5.583,5.583,Sí,-1.128,2026-09-02,02/09/2026,4.53,0,Ajuste aplicado
AH_2026_2027,2026-09-02,2026-09-02 19:29:11.446248,Lagunas,9043597,2026-09-05,05/09/2026,4.365,4.365,4.365,4.365,4.365,5.493,5.493,5.493,5.493,5.493,4.365,4.365,4.365,4.365,5.493,5.493,5.493,5.493,Sí,-1.128,2026-09-02,02/09/2026,4.53,0,Ajuste aplicado
AH_2026_2027,2026-09-02,2026-09-02 19:29:11.446248,Lagunas,9043597,2026-09-06,06/09/2026,4.222,4.222,4.222,4.222,4.222,5.35,5.35,5.35,5.35,5.35,4.222,4.222,4.222,4.222,5.35,5.35,5.35,5.35,Sí,-1.128,2026-09-02,02/09/2026,4.53,0,Ajuste aplicado
AH_2026_2027,2026-09-02,2026-09-02 19:29:11.446248,Lagunas,9043597,2026-09-07,07/09/2026,3.997,3.994,4.0,3.996,3.998,5.125,5.122,5.127,5.124,5.126,3.997,4.0,3.997,3.994,5.125,5.127,5.125,5.122,Sí,-1.128,2026-09-02,02/09/2026,4.53,0,Ajuste aplicado
AH_2026_2027,2026-09-02,2026-09-02 19:29:11.446248,Lagunas,9043597,2026-09-08,08/09/2026,3.763,3.761,3.765,3.763,3.764,4.891,4.889,4.892,4.891,4.892,3.764,3.765,3.763,3.761,4.892,4.892,4.891,4.889,Sí,-1.128,2026-09-02,02/09/2026,4.53,0,Ajuste aplicado
AH_2026_2027,2026-09-02,2026-09-02 19:29:11.446248,Nauta,9040454,2026-09-02,02/09/2026,7.01,7.01,7.01,7.01,7.01,5.413,5.413,5.413,5.413,5.413,7.01,7.01,7.01,7.01,5.413,5.413,5.413,5.413,Sí,1.597,2026-09-02,02/09/2026,7.01,0,Offset alto: 1.60 m. Revisar estación.
AH_2026_2027,2026-09-02,2026-09-02 19:29:11.446248,Nauta,9040454,2026-09-03,03/09/2026,6.99,6.99,6.99,6.99,6.99,5.393,5.393,5.393,5.393,5.393,6.99,6.99,6.99,6.99,5.393,5.393,5.393,5.393,Sí,1.597,2026-09-02,02/09/2026,7.01,0,Offset alto: 1.60 m. Revisar estación.
AH_2026_2027,2026-09-02,2026-09-02 19:29:11.446248,Nauta,9040454,2026-09-04,04/09/2026,6.991,6.991,6.992,6.991,6.992,5.394,5.394,5.395,5.394,5.394,6.991,6.992,6.991,6.991,5.394,5.395,5.394,5.394,Sí,1.597,2026-09-02,02/09/2026,7.01,0,Offset alto: 1.60 m. Revisar estación.
AH_2026_2027,2026-09-02,2026-09-02 19:29:11.446248,Nauta,9040454,2026-09-05,05/09/2026,7.015,7.015,7.015,7.015,7.015,5.418,5.418,5.418,5.418,5.418,7.015,7.015,7.015,7.015,5.418,5.418,5.418,5.418,Sí,1.597,2026-09-02,02/09/2026,7.01,0,Offset alto: 1.60 m. Revisar estación.
AH_2026_2027,2026-09-02,2026-09-02 19:29:11.446248,Nauta,9040454,2026-09-06,06/09/2026,7.035,7.035,7.035,7.035,7.035,5.438,5.438,5.438,5.438,5.438,7.035,7.035,7.035,7.035,5.438,5.438,5.438,5.438,Sí,1.597,2026-09-02,02/09/2026,7.01,0,Offset alto: 1.60 m. Revisar estación.
AH_2026_2027,2026-09-02,2026-09-02 19:29:11.446248,Nauta,9040454,2026-09-07,07/09/2026,7.038,7.037,7.038,7.037,7.038,5.44,5.44,5.441,5.44,5.441,7.037,7.038,7.037,7.038,5.44,5.441,5.44,5.44,Sí,1.597,2026-09-02,02/09/2026,7.01,0,Offset alto: 1.60 m. Revisar estación.
AH_2026_2027,2026-09-02,2026-09-02 19:29:11.446248,Nauta,9040454,2026-09-08,08/09/2026,7.03,7.03,7.031,7.03,7.03,5.433,5.433,5.434,5.433,5.433,7.03,7.031,7.03,7.03,5.433,5.434,5.433,5.433,Sí,1.597,2026-09-02,02/09/2026,7.01,0,Offset alto: 1.60 m. Revisar estación.
AH_2026_2027,2026-09-02,2026-09-02 19:29:11.446248,Puerto Almendra,9037610,2026-09-02,02/09/2026,2.96,2.96,2.961,2.96,2.96,1.728,1.727,1.729,1.727,1.728,2.96,2.961,2.96,2.96,1.728,1.729,1.727,1.727,Sí,1.232,2026-09-02,02/09/2026,2.96,0,Ajuste aplicado
AH_2026_2027,2026-09-02,2026-09-02 19:29:11.446248,Puerto Almendra,9037610,2026-09-03,03/09/2026,3.531,3.519,3.547,3.521,3.539,2.299,2.287,2.314,2.288,2.307,3.536,3.547,3.521,3.519,2.304,2.314,2.289,2.287,Sí,1.232,2026-09-02,02/09/2026,2.96,0,Ajuste aplicado
AH_2026_2027,2026-09-02,2026-09-02 19:29:11.446248,Puerto Almendra,9037610,2026-09-04,04/09/2026,3.637,3.571,3.732,3.573,3.685,2.405,2.339,2.5,2.341,2.453,3.67,3.732,3.574,3.571,2.438,2.5,2.342,2.339,Sí,1.232,2026-09-02,02/09/2026,2.96,0,Ajuste aplicado
AH_2026_2027,2026-09-02,2026-09-02 19:29:11.446248,Puerto Almendra,9037610,2026-09-05,05/09/2026,3.74,3.567,3.935,3.589,3.879,2.508,2.335,2.703,2.357,2.647,3.86,3.935,3.596,3.567,2.628,2.703,2.364,2.335,Sí,1.232,2026-09-02,02/09/2026,2.96,0,Ajuste aplicado
AH_2026_2027,2026-09-02,2026-09-02 19:29:11.446248,Puerto Almendra,9037610,2026-09-06,06/09/2026,3.596,2.956,4.008,3.393,3.914,2.364,1.724,2.775,2.161,2.681,3.882,4.008,3.539,2.956,2.65,2.775,2.307,1.724,Sí,1.232,2026-09-02,02/09/2026,2.96,0,Ajuste aplicado
AH_2026_2027,2026-09-02,2026-09-02 19:29:11.446248,Puerto Almendra,9037610,2026-09-07,07/09/2026,3.349,2.757,4.015,2.836,3.824,2.116,1.525,2.783,1.603,2.592,3.76,4.015,2.862,2.757,2.528,2.783,1.63,1.525,Sí,1.232,2026-09-02,02/09/2026,2.96,0,Ajuste aplicado
AH_2026_2027,2026-09-02,2026-09-02 19:29:11.446248,Puerto Almendra,9037610,2026-09-08,08/09/2026,3.386,2.725,4.037,2.969,3.808,2.154,1.493,2.805,1.737,2.575,3.731,4.037,2.725,3.05,2.499,2.805,1.493,1.818,Sí,1.232,2026-09-02,02/09/2026,2.96,0,Ajuste aplicado
AH_2026_2027,2026-09-02,2026-09-02 19:29:11.446248,Requena,9043425,2026-09-02,02/09/2026,6.28,6.28,6.28,6.28,6.28,6.099,6.099,6.099,6.099,6.099,6.28,6.28,6.28,6.28,6.099,6.099,6.099,6.099,Sí,0.181,2026-09-02,02/09/2026,6.28,0,Ajuste aplicado
AH_2026_2027,2026-09-02,2026-09-02 19:29:11.446248,Requena,9043425,2026-09-03,03/09/2026,6.175,6.174,6.175,6.175,6.175,5.994,5.993,5.994,5.994,5.994,6.175,6.175,6.175,6.174,5.994,5.994,5.994,5.993,Sí,0.181,2026-09-02,02/09/2026,6.28,0,Ajuste aplicado
AH_2026_2027,2026-09-02,2026-09-02 19:29:11.446248,Requena,9043425,2026-09-04,04/09/2026,6.062,6.061,6.062,6.061,6.062,5.881,5.88,5.882,5.881,5.881,6.062,6.062,6.062,6.061,5.881,5.882,5.881,5.88,Sí,0.181,2026-09-02,02/09/2026,6.28,0,Ajuste aplicado
AH_2026_2027,2026-09-02,2026-09-02 19:29:11.446248,Requena,9043425,2026-09-05,05/09/2026,5.977,5.977,5.977,5.977,5.977,5.796,5.796,5.797,5.796,5.797,5.977,5.977,5.977,5.977,5.797,5.797,5.797,5.796,Sí,0.181,2026-09-02,02/09/2026,6.28,0,Ajuste aplicado
AH_2026_2027,2026-09-02,2026-09-02 19:29:11.446248,Requena,9043425,2026-09-06,06/09/2026,5.908,5.907,5.909,5.908,5.909,5.727,5.726,5.728,5.727,5.728,5.908,5.909,5.909,5.907,5.728,5.728,5.728,5.726,Sí,0.181,2026-09-02,02/09/2026,6.28,0,Ajuste aplicado
AH_2026_2027,2026-09-02,2026-09-02 19:29:11.446248,Requena,9043425,2026-09-07,07/09/2026,5.821,5.82,5.823,5.821,5.822,5.641,5.639,5.642,5.64,5.642,5.822,5.823,5.822,5.82,5.642,5.642,5.641,5.639,Sí,0.181,2026-09-02,02/09/2026,6.28,0,Ajuste aplicado
AH_2026_2027,2026-09-02,2026-09-02 19:29:11.446248,Requena,9043425,2026-09-08,08/09/2026,5.751,5.745,5.754,5.749,5.753,5.57,5.564,5.573,5.569,5.573,5.753,5.754,5.751,5.745,5.573,5.573,5.57,5.564,Sí,0.181,2026-09-02,02/09/2026,6.28,0,Ajuste aplicado
AH_2026_2027,2026-09-02,2026-09-02 19:29:11.446248,San Lorenzo,9042153,2026-09-02,02/09/2026,9.838,9.838,9.838,9.838,9.838,9.838,9.838,9.838,9.838,9.838,9.838,9.838,9.838,9.838,9.838,9.838,9.838,9.838,No,,2025-09-30,30/09/2025,7.19,337,Observado muy antiguo para ajuste: 337 días
AH_2026_2027,2026-09-02,2026-09-02 19:29:11.446248,San Lorenzo,9042153,2026-09-03,03/09/2026,9.769,9.769,9.769,9.769,9.769,9.769,9.769,9.769,9.769,9.769,9.769,9.769,9.769,9.769,9.769,9.769,9.769,9.769,No,,2025-09-30,30/09/2025,7.19,337,Observado muy antiguo para ajuste: 337 días
AH_2026_2027,2026-09-02,2026-09-02 19:29:11.446248,San Lorenzo,9042153,2026-09-04,04/09/2026,9.749,9.748,9.749,9.748,9.749,9.749,9.748,9.749,9.748,9.749,9.749,9.749,9.748,9.748,9.749,9.749,9.748,9.748,No,,2025-09-30,30/09/2025,7.19,337,Observado muy antiguo para ajuste: 337 días
AH_2026_2027,2026-09-02,2026-09-02 19:29:11.446248,San Lorenzo,9042153,2026-09-05,05/09/2026,9.742,9.74,9.744,9.74,9.743,9.742,9.74,9.744,9.74,9.743,9.742,9.744,9.741,9.74,9.742,9.744,9.741,9.74,No,,2025-09-30,30/09/2025,7.19,337,Observado muy antiguo para ajuste: 337 días
AH_2026_2027,2026-09-02,2026-09-02 19:29:11.446248,San Lorenzo,9042153,2026-09-06,06/09/2026,9.73,9.719,9.738,9.726,9.735,9.73,9.719,9.738,9.726,9.735,9.733,9.738,9.728,9.719,9.733,9.738,9.728,9.719,No,,2025-09-30,30/09/2025,7.19,337,Observado muy antiguo para ajuste: 337 días
AH_2026_2027,2026-09-02,2026-09-02 19:29:11.446248,San Lorenzo,9042153,2026-09-07,07/09/2026,9.702,9.665,9.732,9.688,9.72,9.702,9.665,9.732,9.688,9.72,9.716,9.732,9.695,9.665,9.716,9.732,9.695,9.665,No,,2025-09-30,30/09/2025,7.19,337,Observado muy antiguo para ajuste: 337 días
AH_2026_2027,2026-09-02,2026-09-02 19:29:11.446248,San Lorenzo,9042153,2026-09-08,08/09/2026,9.67,9.643,9.716,9.652,9.679,9.67,9.643,9.716,9.652,9.679,9.667,9.716,9.656,9.643,9.667,9.716,9.656,9.643,No,,2025-09-30,30/09/2025,7.19,337,Observado muy antiguo para ajuste: 337 días
AH_2026_2027,2026-09-02,2026-09-02 19:29:11.446248,San Regis,9040439,2026-09-02,02/09/2026,6.07,6.07,6.07,6.07,6.07,5.618,5.618,5.618,5.618,5.618,6.07,6.07,6.07,6.07,5.618,5.618,5.618,5.618,Sí,0.452,2026-09-02,02/09/2026,6.07,0,Ajuste aplicado
AH_2026_2027,2026-09-02,2026-09-02 19:29:11.446248,San Regis,9040439,2026-09-03,03/09/2026,6.077,6.077,6.078,6.077,6.077,5.625,5.625,5.625,5.625,5.625,6.077,6.078,6.077,6.077,5.625,5.625,5.625,5.625,Sí,0.452,2026-09-02,02/09/2026,6.07,0,Ajuste aplicado
AH_2026_2027,2026-09-02,2026-09-02 19:29:11.446248,San Regis,9040439,2026-09-04,04/09/2026,6.091,6.09,6.091,6.091,6.091,5.638,5.638,5.638,5.638,5.638,6.091,6.091,6.091,6.09,5.638,5.638,5.638,5.638,Sí,0.452,2026-09-02,02/09/2026,6.07,0,Ajuste aplicado
AH_2026_2027,2026-09-02,2026-09-02 19:29:11.446248,San Regis,9040439,2026-09-05,05/09/2026,6.111,6.111,6.111,6.111,6.111,5.659,5.659,5.659,5.659,5.659,6.111,6.111,6.111,6.111,5.659,5.659,5.659,5.659,Sí,0.452,2026-09-02,02/09/2026,6.07,0,Ajuste aplicado
AH_2026_2027,2026-09-02,2026-09-02 19:29:11.446248,San Regis,9040439,2026-09-06,06/09/2026,6.138,6.137,6.14,6.137,6.139,5.686,5.684,5.688,5.685,5.687,6.139,6.14,6.137,6.137,5.687,5.688,5.685,5.684,Sí,0.452,2026-09-02,02/09/2026,6.07,0,Ajuste aplicado
AH_2026_2027,2026-09-02,2026-09-02 19:29:11.446248,San Regis,9040439,2026-09-07,07/09/2026,6.105,6.105,6.105,6.105,6.105,5.653,5.653,5.653,5.653,5.653,6.105,6.105,6.105,6.105,5.653,5.653,5.653,5.653,Sí,0.452,2026-09-02,02/09/2026,6.07,0,Ajuste aplicado
AH_2026_2027,2026-09-02,2026-09-02 19:29:11.446248,San Regis,9040439,2026-09-08,08/09/2026,6.056,6.056,6.056,6.056,6.056,5.604,5.603,5.604,5.603,5.604,6.056,6.056,6.056,6.056,5.604,5.604,5.603,5.603,Sí,0.452,2026-09-02,02/09/2026,6.07,0,Ajuste aplicado
AH_2026_2027,2026-09-02,2026-09-02 19:29:11.446248,Santa Clotilde,9032282,2026-09-02,02/09/2026,8.07,8.07,8.07,8.07,8.07,7.154,7.154,7.154,7.154,7.154,8.07,8.07,8.07,8.07,7.154,7.154,7.154,7.154,Sí,0.916,2026-09-02,02/09/2026,8.07,0,Ajuste aplicado
AH_2026_2027,2026-09-02,2026-09-02 19:29:11.446248,Santa Clotilde,9032282,2026-09-03,03/09/2026,7.944,7.944,7.945,7.944,7.944,7.028,7.028,7.028,7.028,7.028,7.944,7.945,7.944,7.944,7.028,7.028,7.028,7.028,Sí,0.916,2026-09-02,02/09/2026,8.07,0,Ajuste aplicado
AH_2026_2027,2026-09-02,2026-09-02 19:29:11.446248,Santa Clotilde,9032282,2026-09-04,04/09/2026,7.888,7.887,7.888,7.887,7.888,6.972,6.971,6.972,6.971,6.972,7.888,7.888,7.887,7.887,6.972,6.972,6.971,6.971,Sí,0.916,2026-09-02,02/09/2026,8.07,0,Ajuste aplicado
AH_2026_2027,2026-09-02,2026-09-02 19:29:11.446248,Santa Clotilde,9032282,2026-09-05,05/09/2026,7.816,7.816,7.816,7.816,7.816,6.9,6.9,6.9,6.9,6.9,7.816,7.816,7.816,7.816,6.9,6.9,6.9,6.9,Sí,0.916,2026-09-02,02/09/2026,8.07,0,Ajuste aplicado
AH_2026_2027,2026-09-02,2026-09-02 19:29:11.446248,Santa Clotilde,9032282,2026-09-06,06/09/2026,7.774,7.774,7.774,7.774,7.774,6.858,6.858,6.858,6.858,6.858,7.774,7.774,7.774,7.774,6.858,6.858,6.858,6.858,Sí,0.916,2026-09-02,02/09/2026,8.07,0,Ajuste aplicado
AH_2026_2027,2026-09-02,2026-09-02 19:29:11.446248,Santa Clotilde,9032282,2026-09-07,07/09/2026,7.722,7.72,7.724,7.721,7.723,6.806,6.804,6.807,6.805,6.807,7.723,7.724,7.722,7.72,6.807,6.807,6.806,6.804,Sí,0.916,2026-09-02,02/09/2026,8.07,0,Ajuste aplicado
AH_2026_2027,2026-09-02,2026-09-02 19:29:11.446248,Santa Clotilde,9032282,2026-09-08,08/09/2026,7.673,7.672,7.673,7.672,7.673,6.757,6.756,6.757,6.756,6.757,7.673,7.673,7.672,7.672,6.757,6.757,6.756,6.756,Sí,0.916,2026-09-02,02/09/2026,8.07,0,Ajuste aplicado
AH_2026_2027,2026-09-02,2026-09-02 19:29:11.446248,Santa María de Nanay,9037738,2026-09-02,02/09/2026,4.24,4.216,4.275,4.226,4.249,3.416,3.393,3.452,3.402,3.425,4.24,4.275,4.229,4.216,3.416,3.452,3.405,3.393,Sí,0.824,2026-09-02,02/09/2026,4.24,0,Ajuste aplicado
AH_2026_2027,2026-09-02,2026-09-02 19:29:11.446248,Santa María de Nanay,9037738,2026-09-03,03/09/2026,4.696,4.427,4.872,4.645,4.794,3.873,3.603,4.049,3.822,3.97,4.768,4.872,4.718,4.427,3.944,4.049,3.894,3.603,Sí,0.824,2026-09-02,02/09/2026,4.24,0,Ajuste aplicado
AH_2026_2027,2026-09-02,2026-09-02 19:29:11.446248,Santa María de Nanay,9037738,2026-09-04,04/09/2026,4.668,4.246,4.992,4.484,4.902,3.845,3.423,4.169,3.66,4.078,4.871,4.992,4.563,4.246,4.048,4.169,3.739,3.423,Sí,0.824,2026-09-02,02/09/2026,4.24,0,Ajuste aplicado
AH_2026_2027,2026-09-02,2026-09-02 19:29:11.446248,Santa María de Nanay,9037738,2026-09-05,05/09/2026,4.462,3.828,5.033,4.103,4.853,3.639,3.005,4.209,3.28,4.03,4.793,5.033,4.195,3.828,3.97,4.209,3.372,3.005,Sí,0.824,2026-09-02,02/09/2026,4.24,0,Ajuste aplicado
AH_2026_2027,2026-09-02,2026-09-02 19:29:11.446248,Santa María de Nanay,9037738,2026-09-06,06/09/2026,4.144,3.435,5.036,3.591,4.607,3.321,2.612,4.212,2.767,3.783,4.464,5.036,3.643,3.435,3.64,4.212,2.819,2.612,Sí,0.824,2026-09-02,02/09/2026,4.24,0,Ajuste aplicado
AH_2026_2027,2026-09-02,2026-09-02 19:29:11.446248,Santa María de Nanay,9037738,2026-09-07,07/09/2026,4.195,3.177,5.06,3.964,4.504,3.372,2.353,4.236,3.141,3.681,4.319,5.06,3.177,4.227,3.495,4.236,2.353,3.403,Sí,0.824,2026-09-02,02/09/2026,4.24,0,Ajuste aplicado
AH_2026_2027,2026-09-02,2026-09-02 19:29:11.446248,Santa María de Nanay,9037738,2026-09-08,08/09/2026,4.645,3.156,5.26,4.593,5.134,3.821,2.332,4.437,3.77,4.31,5.072,5.26,3.156,5.091,4.249,4.437,2.332,4.268,Sí,0.824,2026-09-02,02/09/2026,4.24,0,Ajuste aplicado
AH_2026_2027,2026-09-02,2026-09-02 19:29:11.446248,Santa Rosa,9039635,2026-09-02,02/09/2026,3.75,3.75,3.75,3.75,3.75,3.389,3.389,3.389,3.389,3.389,3.75,3.75,3.75,3.75,3.389,3.389,3.389,3.389,Sí,0.361,2026-09-02,02/09/2026,3.75,0,Ajuste aplicado
AH_2026_2027,2026-09-02,2026-09-02 19:29:11.446248,Santa Rosa,9039635,2026-09-03,03/09/2026,3.706,3.706,3.706,3.706,3.706,3.345,3.345,3.345,3.345,3.345,3.706,3.706,3.706,3.706,3.345,3.345,3.345,3.345,Sí,0.361,2026-09-02,02/09/2026,3.75,0,Ajuste aplicado
AH_2026_2027,2026-09-02,2026-09-02 19:29:11.446248,Santa Rosa,9039635,2026-09-04,04/09/2026,3.655,3.654,3.656,3.655,3.656,3.294,3.293,3.295,3.293,3.295,3.655,3.656,3.655,3.654,3.294,3.295,3.294,3.293,Sí,0.361,2026-09-02,02/09/2026,3.75,0,Ajuste aplicado
AH_2026_2027,2026-09-02,2026-09-02 19:29:11.446248,Santa Rosa,9039635,2026-09-05,05/09/2026,3.622,3.62,3.623,3.62,3.623,3.261,3.259,3.262,3.259,3.262,3.623,3.623,3.62,3.62,3.262,3.262,3.259,3.259,Sí,0.361,2026-09-02,02/09/2026,3.75,0,Ajuste aplicado
AH_2026_2027,2026-09-02,2026-09-02 19:29:11.446248,Santa Rosa,9039635,2026-09-06,06/09/2026,3.602,3.601,3.602,3.601,3.602,3.241,3.24,3.241,3.24,3.241,3.602,3.602,3.601,3.601,3.241,3.241,3.24,3.24,Sí,0.361,2026-09-02,02/09/2026,3.75,0,Ajuste aplicado
AH_2026_2027,2026-09-02,2026-09-02 19:29:11.446248,Santa Rosa,9039635,2026-09-07,07/09/2026,3.563,3.559,3.574,3.559,3.564,3.202,3.198,3.212,3.198,3.202,3.56,3.574,3.559,3.559,3.199,3.212,3.198,3.198,Sí,0.361,2026-09-02,02/09/2026,3.75,0,Ajuste aplicado
AH_2026_2027,2026-09-02,2026-09-02 19:29:11.446248,Santa Rosa,9039635,2026-09-08,08/09/2026,3.552,3.545,3.559,3.545,3.559,3.191,3.184,3.198,3.184,3.198,3.559,3.559,3.545,3.545,3.198,3.198,3.184,3.184,Sí,0.361,2026-09-02,02/09/2026,3.75,0,Ajuste aplicado
AH_2026_2027,2026-09-02,2026-09-02 19:29:11.446248,Tamshiyacu,9038269,2026-09-02,02/09/2026,3.17,3.17,3.17,3.17,3.17,2.352,2.352,2.352,2.352,2.352,3.17,3.17,3.17,3.17,2.352,2.352,2.352,2.352,Sí,0.818,2026-09-02,02/09/2026,3.17,0,Ajuste aplicado
AH_2026_2027,2026-09-02,2026-09-02 19:29:11.446248,Tamshiyacu,9038269,2026-09-03,03/09/2026,3.173,3.173,3.173,3.173,3.173,2.355,2.355,2.355,2.355,2.355,3.173,3.173,3.173,3.173,2.355,2.355,2.355,2.355,Sí,0.818,2026-09-02,02/09/2026,3.17,0,Ajuste aplicado
AH_2026_2027,2026-09-02,2026-09-02 19:29:11.446248,Tamshiyacu,9038269,2026-09-04,04/09/2026,3.173,3.172,3.173,3.173,3.173,2.355,2.354,2.355,2.355,2.355,3.173,3.173,3.173,3.172,2.355,2.355,2.355,2.354,Sí,0.818,2026-09-02,02/09/2026,3.17,0,Ajuste aplicado
AH_2026_2027,2026-09-02,2026-09-02 19:29:11.446248,Tamshiyacu,9038269,2026-09-05,05/09/2026,3.174,3.174,3.174,3.174,3.174,2.356,2.356,2.356,2.356,2.356,3.174,3.174,3.174,3.174,2.356,2.356,2.356,2.356,Sí,0.818,2026-09-02,02/09/2026,3.17,0,Ajuste aplicado
AH_2026_2027,2026-09-02,2026-09-02 19:29:11.446248,Tamshiyacu,9038269,2026-09-06,06/09/2026,3.187,3.187,3.187,3.187,3.187,2.369,2.369,2.369,2.369,2.369,3.187,3.187,3.187,3.187,2.369,2.369,2.369,2.369,Sí,0.818,2026-09-02,02/09/2026,3.17,0,Ajuste aplicado
AH_2026_2027,2026-09-02,2026-09-02 19:29:11.446248,Tamshiyacu,9038269,2026-09-07,07/09/2026,3.204,3.202,3.206,3.203,3.206,2.386,2.384,2.388,2.385,2.388,3.206,3.206,3.202,3.204,2.388,2.388,2.384,2.386,Sí,0.818,2026-09-02,02/09/2026,3.17,0,Ajuste aplicado
AH_2026_2027,2026-09-02,2026-09-02 19:29:11.446248,Tamshiyacu,9038269,2026-09-08,08/09/2026,3.234,3.233,3.234,3.233,3.234,2.416,2.415,2.416,2.415,2.416,3.233,3.234,3.233,3.233,2.415,2.416,2.415,2.415,Sí,0.818,2026-09-02,02/09/2026,3.17,0,Ajuste aplicado
AH_2026_2027,2026-09-02,2026-09-02 19:29:11.446248,Timicurillo,9036459,2026-09-02,02/09/2026,7.83,7.83,7.83,7.83,7.83,5.321,5.321,5.321,5.321,5.321,7.83,7.83,7.83,7.83,5.321,5.321,5.321,5.321,Sí,2.509,2026-09-01,01/09/2026,7.83,1,Offset alto: 2.51 m. Revisar estación.
AH_2026_2027,2026-09-02,2026-09-02 19:29:11.446248,Timicurillo,9036459,2026-09-03,03/09/2026,7.834,7.832,7.837,7.832,7.835,5.325,5.323,5.328,5.323,5.326,7.837,7.834,7.832,7.832,5.328,5.325,5.323,5.323,Sí,2.509,2026-09-01,01/09/2026,7.83,1,Offset alto: 2.51 m. Revisar estación.
AH_2026_2027,2026-09-02,2026-09-02 19:29:11.446248,Timicurillo,9036459,2026-09-04,04/09/2026,7.895,7.878,7.919,7.88,7.907,5.386,5.369,5.41,5.37,5.398,7.919,7.903,7.88,7.878,5.41,5.394,5.371,5.369,Sí,2.509,2026-09-01,01/09/2026,7.83,1,Offset alto: 2.51 m. Revisar estación.
AH_2026_2027,2026-09-02,2026-09-02 19:29:11.446248,Timicurillo,9036459,2026-09-05,05/09/2026,7.945,7.901,7.993,7.905,7.981,5.435,5.392,5.484,5.396,5.472,7.993,7.978,7.907,7.901,5.484,5.468,5.397,5.392,Sí,2.509,2026-09-01,01/09/2026,7.83,1,Offset alto: 2.51 m. Revisar estación.
AH_2026_2027,2026-09-02,2026-09-02 19:29:11.446248,Timicurillo,9036459,2026-09-06,06/09/2026,7.977,7.899,8.05,7.913,8.042,5.467,5.39,5.54,5.404,5.533,8.04,8.05,7.917,7.899,5.531,5.54,5.408,5.39,Sí,2.509,2026-09-01,01/09/2026,7.83,1,Offset alto: 2.51 m. Revisar estación.
AH_2026_2027,2026-09-02,2026-09-02 19:29:11.446248,Timicurillo,9036459,2026-09-07,07/09/2026,8.045,7.901,8.195,7.917,8.168,5.535,5.392,5.686,5.408,5.659,8.158,8.195,7.923,7.901,5.649,5.686,5.414,5.392,Sí,2.509,2026-09-01,01/09/2026,7.83,1,Offset alto: 2.51 m. Revisar estación.
AH_2026_2027,2026-09-02,2026-09-02 19:29:11.446248,Timicurillo,9036459,2026-09-08,08/09/2026,8.108,7.976,8.247,7.978,8.235,5.599,5.467,5.737,5.469,5.726,8.231,8.247,7.976,7.979,5.722,5.737,5.467,5.47,Sí,2.509,2026-09-01,01/09/2026,7.83,1,Offset alto: 2.51 m. Revisar estación.
AH_2026_2027,2026-09-03,2026-09-03 19:23:53.333138,Angamos,9043370,2026-09-03,03/09/2026,0.86,0.86,0.86,0.86,0.86,7.51,7.51,7.51,7.51,7.51,0.86,0.86,0.86,0.86,7.51,7.51,7.51,7.51,Sí,-6.65,2026-09-03,03/09/2026,0.86,0,Offset alto: -6.65 m. Revisar estación.
AH_2026_2027,2026-09-03,2026-09-03 19:23:53.333138,Angamos,9043370,2026-09-04,04/09/2026,0.855,0.854,0.855,0.855,0.855,7.504,7.504,7.504,7.504,7.504,0.855,0.855,0.855,0.854,7.504,7.504,7.504,7.504,Sí,-6.65,2026-09-03,03/09/2026,0.86,0,Offset alto: -6.65 m. Revisar estación.
AH_2026_2027,2026-09-03,2026-09-03 19:23:53.333138,Angamos,9043370,2026-09-05,05/09/2026,0.84,0.839,0.84,0.84,0.84,7.489,7.489,7.49,7.489,7.49,0.84,0.84,0.84,0.839,7.49,7.49,7.489,7.489,Sí,-6.65,2026-09-03,03/09/2026,0.86,0,Offset alto: -6.65 m. Revisar estación.
AH_2026_2027,2026-09-03,2026-09-03 19:23:53.333138,Angamos,9043370,2026-09-06,06/09/2026,0.828,0.827,0.829,0.828,0.829,7.478,7.476,7.479,7.477,7.478,0.829,0.829,0.828,0.827,7.478,7.479,7.477,7.476,Sí,-6.65,2026-09-03,03/09/2026,0.86,0,Offset alto: -6.65 m. Revisar estación.
AH_2026_2027,2026-09-03,2026-09-03 19:23:53.333138,Angamos,9043370,2026-09-07,07/09/2026,0.822,0.817,0.827,0.821,0.824,7.472,7.467,7.476,7.47,7.473,0.823,0.827,0.822,0.817,7.472,7.476,7.471,7.467,Sí,-6.65,2026-09-03,03/09/2026,0.86,0,Offset alto: -6.65 m. Revisar estación.
AH_2026_2027,2026-09-03,2026-09-03 19:23:53.333138,Angamos,9043370,2026-09-08,08/09/2026,0.82,0.814,0.824,0.82,0.822,7.47,7.464,7.474,7.469,7.472,0.822,0.824,0.821,0.814,7.471,7.474,7.471,7.464,Sí,-6.65,2026-09-03,03/09/2026,0.86,0,Offset alto: -6.65 m. Revisar estación.
AH_2026_2027,2026-09-03,2026-09-03 19:23:53.333138,Angamos,9043370,2026-09-09,09/09/2026,0.823,0.816,0.827,0.82,0.827,7.473,7.465,7.477,7.47,7.477,0.827,0.827,0.822,0.816,7.477,7.477,7.471,7.465,Sí,-6.65,2026-09-03,03/09/2026,0.86,0,Offset alto: -6.65 m. Revisar estación.
AH_2026_2027,2026-09-03,2026-09-03 19:23:53.333138,Bellavista,9036028,2026-09-03,03/09/2026,5.67,5.67,5.67,5.67,5.67,5.422,5.422,5.422,5.422,5.422,5.67,5.67,5.67,5.67,5.422,5.422,5.422,5.422,Sí,0.248,2026-09-03,03/09/2026,5.67,0,Ajuste aplicado
AH_2026_2027,2026-09-03,2026-09-03 19:23:53.333138,Bellavista,9036028,2026-09-04,04/09/2026,5.623,5.623,5.623,5.623,5.623,5.375,5.375,5.375,5.375,5.375,5.623,5.623,5.623,5.623,5.375,5.375,5.375,5.375,Sí,0.248,2026-09-03,03/09/2026,5.67,0,Ajuste aplicado
AH_2026_2027,2026-09-03,2026-09-03 19:23:53.333138,Bellavista,9036028,2026-09-05,05/09/2026,5.587,5.587,5.587,5.587,5.587,5.339,5.339,5.339,5.339,5.339,5.587,5.587,5.587,5.587,5.339,5.339,5.339,5.339,Sí,0.248,2026-09-03,03/09/2026,5.67,0,Ajuste aplicado
AH_2026_2027,2026-09-03,2026-09-03 19:23:53.333138,Bellavista,9036028,2026-09-06,06/09/2026,5.528,5.528,5.53,5.528,5.528,5.28,5.28,5.282,5.28,5.28,5.528,5.53,5.528,5.528,5.28,5.282,5.28,5.28,Sí,0.248,2026-09-03,03/09/2026,5.67,0,Ajuste aplicado
AH_2026_2027,2026-09-03,2026-09-03 19:23:53.333138,Bellavista,9036028,2026-09-07,07/09/2026,5.505,5.504,5.506,5.504,5.505,5.257,5.256,5.258,5.256,5.257,5.504,5.504,5.504,5.506,5.256,5.256,5.256,5.258,Sí,0.248,2026-09-03,03/09/2026,5.67,0,Ajuste aplicado
AH_2026_2027,2026-09-03,2026-09-03 19:23:53.333138,Bellavista,9036028,2026-09-08,08/09/2026,5.48,5.475,5.485,5.479,5.483,5.233,5.227,5.237,5.231,5.235,5.485,5.48,5.475,5.482,5.237,5.232,5.227,5.234,Sí,0.248,2026-09-03,03/09/2026,5.67,0,Ajuste aplicado
AH_2026_2027,2026-09-03,2026-09-03 19:23:53.333138,Bellavista,9036028,2026-09-09,09/09/2026,5.415,5.397,5.425,5.412,5.421,5.167,5.149,5.177,5.164,5.173,5.425,5.42,5.397,5.418,5.177,5.172,5.149,5.17,Sí,0.248,2026-09-03,03/09/2026,5.67,0,Ajuste aplicado
AH_2026_2027,2026-09-03,2026-09-03 19:23:53.333138,Borja,9040208,2026-09-03,03/09/2026,3.62,3.616,3.623,3.618,3.622,4.414,4.41,4.417,4.412,4.415,3.621,3.623,3.619,3.616,4.415,4.417,4.413,4.41,Sí,-0.794,2026-09-03,03/09/2026,3.62,0,Ajuste aplicado
AH_2026_2027,2026-09-03,2026-09-03 19:23:53.333138,Borja,9040208,2026-09-04,04/09/2026,3.653,3.648,3.655,3.653,3.655,4.447,4.442,4.449,4.446,4.448,3.655,3.655,3.654,3.648,4.448,4.449,4.448,4.442,Sí,-0.794,2026-09-03,03/09/2026,3.62,0,Ajuste aplicado
AH_2026_2027,2026-09-03,2026-09-03 19:23:53.333138,Borja,9040208,2026-09-05,05/09/2026,3.666,3.635,3.68,3.664,3.676,4.459,4.429,4.474,4.458,4.469,3.674,3.68,3.674,3.635,4.468,4.474,4.467,4.429,Sí,-0.794,2026-09-03,03/09/2026,3.62,0,Ajuste aplicado
AH_2026_2027,2026-09-03,2026-09-03 19:23:53.333138,Borja,9040208,2026-09-06,06/09/2026,3.66,3.598,3.69,3.655,3.68,4.453,4.392,4.484,4.449,4.473,3.674,3.69,3.677,3.598,4.468,4.484,4.47,4.392,Sí,-0.794,2026-09-03,03/09/2026,3.62,0,Ajuste aplicado
AH_2026_2027,2026-09-03,2026-09-03 19:23:53.333138,Borja,9040208,2026-09-07,07/09/2026,3.653,3.545,3.733,3.628,3.692,4.446,4.338,4.527,4.421,4.485,3.655,3.733,3.678,3.545,4.449,4.527,4.472,4.338,Sí,-0.794,2026-09-03,03/09/2026,3.62,0,Ajuste aplicado
AH_2026_2027,2026-09-03,2026-09-03 19:23:53.333138,Borja,9040208,2026-09-08,08/09/2026,3.665,3.503,3.753,3.627,3.741,4.458,4.296,4.546,4.42,4.534,3.668,3.753,3.737,3.503,4.461,4.546,4.53,4.296,Sí,-0.794,2026-09-03,03/09/2026,3.62,0,Ajuste aplicado
AH_2026_2027,2026-09-03,2026-09-03 19:23:53.333138,Borja,9040208,2026-09-09,09/09/2026,3.69,3.458,3.835,3.629,3.794,4.483,4.252,4.628,4.423,4.588,3.686,3.781,3.835,3.458,4.48,4.574,4.628,4.252,Sí,-0.794,2026-09-03,03/09/2026,3.62,0,Ajuste aplicado
AH_2026_2027,2026-09-03,2026-09-03 19:23:53.333138,Contamana,9053555,2026-09-03,03/09/2026,5.75,5.75,5.75,5.75,5.75,12.845,12.845,12.845,12.845,12.845,5.75,5.75,5.75,5.75,12.845,12.845,12.845,12.845,Sí,-7.095,2026-09-03,03/09/2026,5.75,0,Offset alto: -7.09 m. Revisar estación.
AH_2026_2027,2026-09-03,2026-09-03 19:23:53.333138,Contamana,9053555,2026-09-04,04/09/2026,5.754,5.754,5.754,5.754,5.754,12.849,12.849,12.849,12.849,12.849,5.754,5.754,5.754,5.754,12.849,12.849,12.849,12.849,Sí,-7.095,2026-09-03,03/09/2026,5.75,0,Offset alto: -7.09 m. Revisar estación.
AH_2026_2027,2026-09-03,2026-09-03 19:23:53.333138,Contamana,9053555,2026-09-05,05/09/2026,5.768,5.768,5.768,5.768,5.768,12.863,12.863,12.863,12.863,12.863,5.768,5.768,5.768,5.768,12.863,12.863,12.863,12.863,Sí,-7.095,2026-09-03,03/09/2026,5.75,0,Offset alto: -7.09 m. Revisar estación.
AH_2026_2027,2026-09-03,2026-09-03 19:23:53.333138,Contamana,9053555,2026-09-06,06/09/2026,5.775,5.775,5.775,5.775,5.775,12.87,12.87,12.87,12.87,12.87,5.775,5.775,5.775,5.775,12.87,12.87,12.87,12.87,Sí,-7.095,2026-09-03,03/09/2026,5.75,0,Offset alto: -7.09 m. Revisar estación.
AH_2026_2027,2026-09-03,2026-09-03 19:23:53.333138,Contamana,9053555,2026-09-07,07/09/2026,5.776,5.776,5.776,5.776,5.776,12.871,12.871,12.871,12.871,12.871,5.776,5.776,5.776,5.776,12.871,12.871,12.871,12.871,Sí,-7.095,2026-09-03,03/09/2026,5.75,0,Offset alto: -7.09 m. Revisar estación.
AH_2026_2027,2026-09-03,2026-09-03 19:23:53.333138,Contamana,9053555,2026-09-08,08/09/2026,5.773,5.772,5.773,5.773,5.773,12.868,12.867,12.868,12.868,12.868,5.773,5.773,5.773,5.772,12.868,12.868,12.868,12.867,Sí,-7.095,2026-09-03,03/09/2026,5.75,0,Offset alto: -7.09 m. Revisar estación.
AH_2026_2027,2026-09-03,2026-09-03 19:23:53.333138,Contamana,9053555,2026-09-09,09/09/2026,5.752,5.75,5.753,5.751,5.752,12.846,12.845,12.847,12.846,12.847,5.752,5.753,5.751,5.75,12.847,12.847,12.846,12.845,Sí,-7.095,2026-09-03,03/09/2026,5.75,0,Offset alto: -7.09 m. Revisar estación.
AH_2026_2027,2026-09-03,2026-09-03 19:23:53.333138,ENAPU,9038134,2026-09-03,03/09/2026,5.22,5.138,5.449,5.143,5.223,3.077,2.996,3.306,3.0,3.081,5.145,5.449,5.148,5.138,3.002,3.306,3.006,2.996,Sí,2.143,2026-09-03,03/09/2026,5.22,0,Offset alto: 2.14 m. Revisar estación.
AH_2026_2027,2026-09-03,2026-09-03 19:23:53.333138,ENAPU,9038134,2026-09-04,04/09/2026,5.265,5.116,5.674,5.121,5.278,3.122,2.973,3.531,2.978,3.135,5.123,5.674,5.146,5.116,2.98,3.531,3.003,2.973,Sí,2.143,2026-09-03,03/09/2026,5.22,0,Offset alto: 2.14 m. Revisar estación.
AH_2026_2027,2026-09-03,2026-09-03 19:23:53.333138,ENAPU,9038134,2026-09-05,05/09/2026,57.62,5.106,111.029,5.143,109.649,55.477,2.963,108.886,3.0,107.506,111.029,109.189,5.156,5.106,108.886,107.047,3.013,2.963,Sí,2.143,2026-09-03,03/09/2026,5.22,0,Offset alto: 2.14 m. Revisar estación.
AH_2026_2027,2026-09-03,2026-09-03 19:23:53.333138,ENAPU,9038134,2026-09-06,06/09/2026,72.536,6.416,112.71,46.741,111.304,70.393,4.273,110.567,44.598,109.162,112.71,110.836,6.416,60.183,110.567,108.693,4.273,58.04,Sí,2.143,2026-09-03,03/09/2026,5.22,0,Offset alto: 2.14 m. Revisar estación.
AH_2026_2027,2026-09-03,2026-09-03 19:23:53.333138,ENAPU,9038134,2026-09-07,07/09/2026,111.207,108.722,113.585,110.201,112.268,109.065,106.579,111.442,108.058,110.125,113.585,111.829,108.722,110.694,111.442,109.686,106.579,108.551,Sí,2.143,2026-09-03,03/09/2026,5.22,0,Offset alto: 2.14 m. Revisar estación.
AH_2026_2027,2026-09-03,2026-09-03 19:23:53.333138,ENAPU,9038134,2026-09-08,08/09/2026,111.879,109.916,113.703,111.058,112.77,109.736,107.773,111.56,108.915,110.627,113.703,112.459,109.916,111.438,111.56,110.316,107.773,109.296,Sí,2.143,2026-09-03,03/09/2026,5.22,0,Offset alto: 2.14 m. Revisar estación.
AH_2026_2027,2026-09-03,2026-09-03 19:23:53.333138,ENAPU,9038134,2026-09-09,09/09/2026,112.018,110.116,113.703,111.246,112.9,109.875,107.973,111.56,109.103,110.757,113.703,112.632,110.116,111.622,111.56,110.489,107.973,109.48,Sí,2.143,2026-09-03,03/09/2026,5.22,0,Offset alto: 2.14 m. Revisar estación.
AH_2026_2027,2026-09-03,2026-09-03 19:23:53.333138,Flor de Punga,9044756,2026-09-03,03/09/2026,11.372,11.372,11.372,11.372,11.372,11.372,11.372,11.372,11.372,11.372,11.372,11.372,11.372,11.372,11.372,11.372,11.372,11.372,No,,2026-05-14,14/05/2026,22.8,112,Observado muy antiguo para ajuste: 112 días
AH_2026_2027,2026-09-03,2026-09-03 19:23:53.333138,Flor de Punga,9044756,2026-09-04,04/09/2026,11.49,11.49,11.49,11.49,11.49,11.49,11.49,11.49,11.49,11.49,11.49,11.49,11.49,11.49,11.49,11.49,11.49,11.49,No,,2026-05-14,14/05/2026,22.8,112,Observado muy antiguo para ajuste: 112 días
AH_2026_2027,2026-09-03,2026-09-03 19:23:53.333138,Flor de Punga,9044756,2026-09-05,05/09/2026,11.64,11.64,11.64,11.64,11.64,11.64,11.64,11.64,11.64,11.64,11.64,11.64,11.64,11.64,11.64,11.64,11.64,11.64,No,,2026-05-14,14/05/2026,22.8,112,Observado muy antiguo para ajuste: 112 días
AH_2026_2027,2026-09-03,2026-09-03 19:23:53.333138,Flor de Punga,9044756,2026-09-06,06/09/2026,11.778,11.778,11.778,11.778,11.778,11.778,11.778,11.778,11.778,11.778,11.778,11.778,11.778,11.778,11.778,11.778,11.778,11.778,No,,2026-05-14,14/05/2026,22.8,112,Observado muy antiguo para ajuste: 112 días
AH_2026_2027,2026-09-03,2026-09-03 19:23:53.333138,Flor de Punga,9044756,2026-09-07,07/09/2026,11.8,11.799,11.8,11.799,11.8,11.8,11.799,11.8,11.799,11.8,11.799,11.8,11.8,11.799,11.799,11.8,11.8,11.799,No,,2026-05-14,14/05/2026,22.8,112,Observado muy antiguo para ajuste: 112 días
AH_2026_2027,2026-09-03,2026-09-03 19:23:53.333138,Flor de Punga,9044756,2026-09-08,08/09/2026,11.784,11.784,11.785,11.784,11.785,11.784,11.784,11.785,11.784,11.785,11.785,11.784,11.785,11.784,11.785,11.784,11.785,11.784,No,,2026-05-14,14/05/2026,22.8,112,Observado muy antiguo para ajuste: 112 días
AH_2026_2027,2026-09-03,2026-09-03 19:23:53.333138,Flor de Punga,9044756,2026-09-09,09/09/2026,11.763,11.762,11.764,11.762,11.763,11.763,11.762,11.764,11.762,11.763,11.764,11.763,11.763,11.762,11.764,11.763,11.763,11.762,No,,2026-05-14,14/05/2026,22.8,112,Observado muy antiguo para ajuste: 112 días
AH_2026_2027,2026-09-03,2026-09-03 19:23:53.333138,Genaro Herrera,9042214,2026-09-03,03/09/2026,7.55,7.55,7.55,7.55,7.55,8.336,8.336,8.336,8.336,8.336,7.55,7.55,7.55,7.55,8.336,8.336,8.336,8.336,Sí,-0.786,2026-09-03,03/09/2026,7.55,0,Ajuste aplicado
AH_2026_2027,2026-09-03,2026-09-03 19:23:53.333138,Genaro Herrera,9042214,2026-09-04,04/09/2026,7.563,7.563,7.563,7.563,7.563,8.349,8.349,8.349,8.349,8.349,7.563,7.563,7.563,7.563,8.349,8.349,8.349,8.349,Sí,-0.786,2026-09-03,03/09/2026,7.55,0,Ajuste aplicado
AH_2026_2027,2026-09-03,2026-09-03 19:23:53.333138,Genaro Herrera,9042214,2026-09-05,05/09/2026,7.618,7.617,7.618,7.618,7.618,8.404,8.403,8.404,8.403,8.404,7.618,7.618,7.618,7.617,8.404,8.404,8.404,8.403,Sí,-0.786,2026-09-03,03/09/2026,7.55,0,Ajuste aplicado
AH_2026_2027,2026-09-03,2026-09-03 19:23:53.333138,Genaro Herrera,9042214,2026-09-06,06/09/2026,7.674,7.674,7.674,7.674,7.674,8.459,8.459,8.459,8.459,8.459,7.674,7.674,7.674,7.674,8.459,8.459,8.459,8.459,Sí,-0.786,2026-09-03,03/09/2026,7.55,0,Ajuste aplicado
AH_2026_2027,2026-09-03,2026-09-03 19:23:53.333138,Genaro Herrera,9042214,2026-09-07,07/09/2026,7.685,7.684,7.685,7.685,7.685,8.471,8.47,8.471,8.471,8.471,7.685,7.685,7.685,7.684,8.471,8.471,8.471,8.47,Sí,-0.786,2026-09-03,03/09/2026,7.55,0,Ajuste aplicado
AH_2026_2027,2026-09-03,2026-09-03 19:23:53.333138,Genaro Herrera,9042214,2026-09-08,08/09/2026,7.704,7.703,7.704,7.704,7.704,8.489,8.489,8.49,8.489,8.489,7.704,7.704,7.704,7.703,8.489,8.489,8.49,8.489,Sí,-0.786,2026-09-03,03/09/2026,7.55,0,Ajuste aplicado
AH_2026_2027,2026-09-03,2026-09-03 19:23:53.333138,Genaro Herrera,9042214,2026-09-09,09/09/2026,7.705,7.705,7.705,7.705,7.705,8.491,8.49,8.491,8.491,8.491,7.705,7.705,7.705,7.705,8.491,8.491,8.491,8.49,Sí,-0.786,2026-09-03,03/09/2026,7.55,0,Ajuste aplicado
AH_2026_2027,2026-09-03,2026-09-03 19:23:53.333138,Lagunas,9043597,2026-09-03,03/09/2026,4.25,4.25,4.25,4.25,4.25,5.665,5.665,5.665,5.665,5.665,4.25,4.25,4.25,4.25,5.665,5.665,5.665,5.665,Sí,-1.415,2026-09-03,03/09/2026,4.25,0,Ajuste aplicado
AH_2026_2027,2026-09-03,2026-09-03 19:23:53.333138,Lagunas,9043597,2026-09-04,04/09/2026,4.158,4.158,4.158,4.158,4.158,5.573,5.573,5.573,5.573,5.573,4.158,4.158,4.158,4.158,5.573,5.573,5.573,5.573,Sí,-1.415,2026-09-03,03/09/2026,4.25,0,Ajuste aplicado
AH_2026_2027,2026-09-03,2026-09-03 19:23:53.333138,Lagunas,9043597,2026-09-05,05/09/2026,4.074,4.074,4.074,4.074,4.074,5.489,5.489,5.489,5.489,5.489,4.074,4.074,4.074,4.074,5.489,5.489,5.489,5.489,Sí,-1.415,2026-09-03,03/09/2026,4.25,0,Ajuste aplicado
AH_2026_2027,2026-09-03,2026-09-03 19:23:53.333138,Lagunas,9043597,2026-09-06,06/09/2026,3.934,3.934,3.934,3.934,3.934,5.349,5.349,5.349,5.349,5.349,3.934,3.934,3.934,3.934,5.349,5.349,5.349,5.349,Sí,-1.415,2026-09-03,03/09/2026,4.25,0,Ajuste aplicado
AH_2026_2027,2026-09-03,2026-09-03 19:23:53.333138,Lagunas,9043597,2026-09-07,07/09/2026,3.7,3.7,3.7,3.7,3.7,5.115,5.115,5.115,5.115,5.115,3.7,3.7,3.7,3.7,5.115,5.115,5.115,5.115,Sí,-1.415,2026-09-03,03/09/2026,4.25,0,Ajuste aplicado
AH_2026_2027,2026-09-03,2026-09-03 19:23:53.333138,Lagunas,9043597,2026-09-08,08/09/2026,3.475,3.475,3.475,3.475,3.475,4.89,4.889,4.89,4.89,4.89,3.475,3.475,3.475,3.475,4.89,4.89,4.89,4.889,Sí,-1.415,2026-09-03,03/09/2026,4.25,0,Ajuste aplicado
AH_2026_2027,2026-09-03,2026-09-03 19:23:53.333138,Lagunas,9043597,2026-09-09,09/09/2026,3.295,3.27,3.316,3.288,3.303,4.71,4.685,4.731,4.703,4.718,3.294,3.299,3.316,3.27,4.709,4.714,4.731,4.685,Sí,-1.415,2026-09-03,03/09/2026,4.25,0,Ajuste aplicado
AH_2026_2027,2026-09-03,2026-09-03 19:23:53.333138,Nauta,9040454,2026-09-03,03/09/2026,6.77,6.77,6.77,6.77,6.77,5.397,5.397,5.397,5.397,5.397,6.77,6.77,6.77,6.77,5.397,5.397,5.397,5.397,Sí,1.373,2026-09-03,03/09/2026,6.77,0,Ajuste aplicado
AH_2026_2027,2026-09-03,2026-09-03 19:23:53.333138,Nauta,9040454,2026-09-04,04/09/2026,6.772,6.772,6.772,6.772,6.772,5.399,5.398,5.399,5.399,5.399,6.772,6.772,6.772,6.772,5.399,5.399,5.399,5.398,Sí,1.373,2026-09-03,03/09/2026,6.77,0,Ajuste aplicado
AH_2026_2027,2026-09-03,2026-09-03 19:23:53.333138,Nauta,9040454,2026-09-05,05/09/2026,6.798,6.798,6.798,6.798,6.798,5.425,5.425,5.425,5.425,5.425,6.798,6.798,6.798,6.798,5.425,5.425,5.425,5.425,Sí,1.373,2026-09-03,03/09/2026,6.77,0,Ajuste aplicado
AH_2026_2027,2026-09-03,2026-09-03 19:23:53.333138,Nauta,9040454,2026-09-06,06/09/2026,6.819,6.819,6.819,6.819,6.819,5.446,5.445,5.446,5.445,5.446,6.819,6.819,6.819,6.819,5.446,5.446,5.445,5.445,Sí,1.373,2026-09-03,03/09/2026,6.77,0,Ajuste aplicado
AH_2026_2027,2026-09-03,2026-09-03 19:23:53.333138,Nauta,9040454,2026-09-07,07/09/2026,6.824,6.823,6.827,6.823,6.825,5.451,5.45,5.454,5.45,5.452,6.827,6.825,6.823,6.823,5.454,5.452,5.45,5.45,Sí,1.373,2026-09-03,03/09/2026,6.77,0,Ajuste aplicado
AH_2026_2027,2026-09-03,2026-09-03 19:23:53.333138,Nauta,9040454,2026-09-08,08/09/2026,6.812,6.811,6.816,6.811,6.813,5.439,5.438,5.443,5.438,5.44,6.816,6.812,6.811,6.811,5.443,5.438,5.438,5.438,Sí,1.373,2026-09-03,03/09/2026,6.77,0,Ajuste aplicado
AH_2026_2027,2026-09-03,2026-09-03 19:23:53.333138,Nauta,9040454,2026-09-09,09/09/2026,6.75,6.749,6.751,6.75,6.751,5.377,5.376,5.378,5.376,5.378,6.751,6.751,6.75,6.749,5.378,5.378,5.376,5.376,Sí,1.373,2026-09-03,03/09/2026,6.77,0,Ajuste aplicado
AH_2026_2027,2026-09-03,2026-09-03 19:23:53.333138,Puerto Almendra,9037610,2026-09-03,03/09/2026,2.86,2.86,2.86,2.86,2.86,2.296,2.296,2.297,2.296,2.296,2.86,2.86,2.86,2.86,2.296,2.297,2.296,2.296,Sí,0.564,2026-09-03,03/09/2026,2.86,0,Ajuste aplicado
AH_2026_2027,2026-09-03,2026-09-03 19:23:53.333138,Puerto Almendra,9037610,2026-09-04,04/09/2026,2.962,2.931,2.992,2.936,2.989,2.399,2.367,2.428,2.372,2.426,2.989,2.992,2.938,2.931,2.425,2.428,2.374,2.367,Sí,0.564,2026-09-03,03/09/2026,2.86,0,Ajuste aplicado
AH_2026_2027,2026-09-03,2026-09-03 19:23:53.333138,Puerto Almendra,9037610,2026-09-05,05/09/2026,3.188,3.03,3.32,3.092,3.298,2.625,2.466,2.756,2.528,2.734,3.32,3.291,3.113,3.03,2.756,2.727,2.549,2.466,Sí,0.564,2026-09-03,03/09/2026,2.86,0,Ajuste aplicado
AH_2026_2027,2026-09-03,2026-09-03 19:23:53.333138,Puerto Almendra,9037610,2026-09-06,06/09/2026,3.357,2.943,3.722,3.097,3.642,2.793,2.38,3.158,2.533,3.078,3.722,3.615,3.148,2.943,3.158,3.052,2.584,2.38,Sí,0.564,2026-09-03,03/09/2026,2.86,0,Ajuste aplicado
AH_2026_2027,2026-09-03,2026-09-03 19:23:53.333138,Puerto Almendra,9037610,2026-09-07,07/09/2026,3.511,2.904,4.149,3.027,3.978,2.947,2.34,3.585,2.464,3.415,4.149,3.921,3.068,2.904,3.585,3.358,2.505,2.34,Sí,0.564,2026-09-03,03/09/2026,2.86,0,Ajuste aplicado
AH_2026_2027,2026-09-03,2026-09-03 19:23:53.333138,Puerto Almendra,9037610,2026-09-08,08/09/2026,3.803,3.139,4.828,3.144,4.283,3.24,2.575,4.264,2.58,3.72,4.828,4.102,3.139,3.145,4.264,3.538,2.575,2.582,Sí,0.564,2026-09-03,03/09/2026,2.86,0,Ajuste aplicado
AH_2026_2027,2026-09-03,2026-09-03 19:23:53.333138,Puerto Almendra,9037610,2026-09-09,09/09/2026,4.512,3.291,6.848,3.355,5.11,3.948,2.727,6.284,2.791,4.547,6.848,4.531,3.291,3.376,6.284,3.968,2.727,2.812,Sí,0.564,2026-09-03,03/09/2026,2.86,0,Ajuste aplicado
AH_2026_2027,2026-09-03,2026-09-03 19:23:53.333138,Requena,9043425,2026-09-03,03/09/2026,6.14,6.14,6.14,6.14,6.14,5.995,5.995,5.995,5.995,5.995,6.14,6.14,6.14,6.14,5.995,5.995,5.995,5.995,Sí,0.145,2026-09-03,03/09/2026,6.14,0,Ajuste aplicado
AH_2026_2027,2026-09-03,2026-09-03 19:23:53.333138,Requena,9043425,2026-09-04,04/09/2026,6.029,6.028,6.029,6.029,6.029,5.884,5.883,5.884,5.884,5.884,6.029,6.029,6.029,6.028,5.884,5.884,5.884,5.883,Sí,0.145,2026-09-03,03/09/2026,6.14,0,Ajuste aplicado
AH_2026_2027,2026-09-03,2026-09-03 19:23:53.333138,Requena,9043425,2026-09-05,05/09/2026,5.942,5.942,5.942,5.942,5.942,5.797,5.797,5.797,5.797,5.797,5.942,5.942,5.942,5.942,5.797,5.797,5.797,5.797,Sí,0.145,2026-09-03,03/09/2026,6.14,0,Ajuste aplicado
AH_2026_2027,2026-09-03,2026-09-03 19:23:53.333138,Requena,9043425,2026-09-06,06/09/2026,5.874,5.873,5.875,5.874,5.875,5.729,5.728,5.73,5.729,5.73,5.874,5.875,5.875,5.873,5.73,5.73,5.73,5.728,Sí,0.145,2026-09-03,03/09/2026,6.14,0,Ajuste aplicado
AH_2026_2027,2026-09-03,2026-09-03 19:23:53.333138,Requena,9043425,2026-09-07,07/09/2026,5.788,5.786,5.789,5.788,5.789,5.644,5.641,5.644,5.644,5.644,5.789,5.789,5.789,5.786,5.644,5.644,5.644,5.641,Sí,0.145,2026-09-03,03/09/2026,6.14,0,Ajuste aplicado
AH_2026_2027,2026-09-03,2026-09-03 19:23:53.333138,Requena,9043425,2026-09-08,08/09/2026,5.72,5.713,5.723,5.719,5.722,5.575,5.568,5.578,5.574,5.577,5.723,5.722,5.721,5.713,5.578,5.577,5.577,5.568,Sí,0.145,2026-09-03,03/09/2026,6.14,0,Ajuste aplicado
AH_2026_2027,2026-09-03,2026-09-03 19:23:53.333138,Requena,9043425,2026-09-09,09/09/2026,5.698,5.697,5.698,5.697,5.698,5.553,5.552,5.553,5.553,5.553,5.698,5.698,5.698,5.697,5.553,5.553,5.553,5.552,Sí,0.145,2026-09-03,03/09/2026,6.14,0,Ajuste aplicado
AH_2026_2027,2026-09-03,2026-09-03 19:23:53.333138,San Lorenzo,9042153,2026-09-03,03/09/2026,9.768,9.768,9.768,9.768,9.768,9.768,9.768,9.768,9.768,9.768,9.768,9.768,9.768,9.768,9.768,9.768,9.768,9.768,No,,2025-09-30,30/09/2025,7.19,338,Observado muy antiguo para ajuste: 338 días
AH_2026_2027,2026-09-03,2026-09-03 19:23:53.333138,San Lorenzo,9042153,2026-09-04,04/09/2026,9.748,9.748,9.748,9.748,9.748,9.748,9.748,9.748,9.748,9.748,9.748,9.748,9.748,9.748,9.748,9.748,9.748,9.748,No,,2025-09-30,30/09/2025,7.19,338,Observado muy antiguo para ajuste: 338 días
AH_2026_2027,2026-09-03,2026-09-03 19:23:53.333138,San Lorenzo,9042153,2026-09-05,05/09/2026,9.744,9.743,9.744,9.744,9.744,9.744,9.743,9.744,9.744,9.744,9.744,9.744,9.744,9.743,9.744,9.744,9.744,9.743,No,,2025-09-30,30/09/2025,7.19,338,Observado muy antiguo para ajuste: 338 días
AH_2026_2027,2026-09-03,2026-09-03 19:23:53.333138,San Lorenzo,9042153,2026-09-06,06/09/2026,9.744,9.742,9.746,9.744,9.745,9.744,9.742,9.746,9.744,9.745,9.745,9.746,9.744,9.742,9.745,9.746,9.744,9.742,No,,2025-09-30,30/09/2025,7.19,338,Observado muy antiguo para ajuste: 338 días
AH_2026_2027,2026-09-03,2026-09-03 19:23:53.333138,San Lorenzo,9042153,2026-09-07,07/09/2026,9.747,9.739,9.753,9.745,9.75,9.747,9.739,9.753,9.745,9.75,9.749,9.753,9.747,9.739,9.749,9.753,9.747,9.739,No,,2025-09-30,30/09/2025,7.19,338,Observado muy antiguo para ajuste: 338 días
AH_2026_2027,2026-09-03,2026-09-03 19:23:53.333138,San Lorenzo,9042153,2026-09-08,08/09/2026,9.745,9.719,9.767,9.74,9.752,9.745,9.719,9.767,9.74,9.752,9.747,9.767,9.747,9.719,9.747,9.767,9.747,9.719,No,,2025-09-30,30/09/2025,7.19,338,Observado muy antiguo para ajuste: 338 días
AH_2026_2027,2026-09-03,2026-09-03 19:23:53.333138,San Lorenzo,9042153,2026-09-09,09/09/2026,9.731,9.667,9.77,9.723,9.751,9.731,9.667,9.77,9.723,9.751,9.741,9.77,9.745,9.667,9.741,9.77,9.745,9.667,No,,2025-09-30,30/09/2025,7.19,338,Observado muy antiguo para ajuste: 338 días
AH_2026_2027,2026-09-03,2026-09-03 19:23:53.333138,San Regis,9040439,2026-09-03,03/09/2026,5.76,5.76,5.76,5.76,5.76,5.63,5.629,5.63,5.629,5.63,5.76,5.76,5.76,5.76,5.63,5.63,5.63,5.629,Sí,0.13,2026-09-03,03/09/2026,5.76,0,Ajuste aplicado
AH_2026_2027,2026-09-03,2026-09-03 19:23:53.333138,San Regis,9040439,2026-09-04,04/09/2026,5.771,5.771,5.771,5.771,5.771,5.64,5.64,5.64,5.64,5.64,5.771,5.771,5.771,5.771,5.64,5.64,5.64,5.64,Sí,0.13,2026-09-03,03/09/2026,5.76,0,Ajuste aplicado
AH_2026_2027,2026-09-03,2026-09-03 19:23:53.333138,San Regis,9040439,2026-09-05,05/09/2026,5.793,5.793,5.793,5.793,5.793,5.662,5.662,5.662,5.662,5.662,5.793,5.793,5.793,5.793,5.662,5.662,5.662,5.662,Sí,0.13,2026-09-03,03/09/2026,5.76,0,Ajuste aplicado
AH_2026_2027,2026-09-03,2026-09-03 19:23:53.333138,San Regis,9040439,2026-09-06,06/09/2026,5.82,5.82,5.82,5.82,5.82,5.69,5.69,5.69,5.69,5.69,5.82,5.82,5.82,5.82,5.69,5.69,5.69,5.69,Sí,0.13,2026-09-03,03/09/2026,5.76,0,Ajuste aplicado
AH_2026_2027,2026-09-03,2026-09-03 19:23:53.333138,San Regis,9040439,2026-09-07,07/09/2026,5.788,5.788,5.788,5.788,5.788,5.658,5.658,5.658,5.658,5.658,5.788,5.788,5.788,5.788,5.658,5.658,5.658,5.658,Sí,0.13,2026-09-03,03/09/2026,5.76,0,Ajuste aplicado
AH_2026_2027,2026-09-03,2026-09-03 19:23:53.333138,San Regis,9040439,2026-09-08,08/09/2026,5.734,5.734,5.735,5.734,5.735,5.604,5.604,5.604,5.604,5.604,5.735,5.735,5.734,5.734,5.604,5.604,5.604,5.604,Sí,0.13,2026-09-03,03/09/2026,5.76,0,Ajuste aplicado
AH_2026_2027,2026-09-03,2026-09-03 19:23:53.333138,San Regis,9040439,2026-09-09,09/09/2026,5.699,5.699,5.699,5.699,5.699,5.569,5.569,5.569,5.569,5.569,5.699,5.699,5.699,5.699,5.569,5.569,5.569,5.569,Sí,0.13,2026-09-03,03/09/2026,5.76,0,Ajuste aplicado
AH_2026_2027,2026-09-03,2026-09-03 19:23:53.333138,Santa Clotilde,9032282,2026-09-03,03/09/2026,8.07,8.07,8.07,8.07,8.07,7.014,7.014,7.014,7.014,7.014,8.07,8.07,8.07,8.07,7.014,7.014,7.014,7.014,Sí,1.056,2026-09-02,02/09/2026,8.07,1,Ajuste aplicado
AH_2026_2027,2026-09-03,2026-09-03 19:23:53.333138,Santa Clotilde,9032282,2026-09-04,04/09/2026,8.023,8.022,8.023,8.023,8.023,6.967,6.967,6.967,6.967,6.967,8.023,8.023,8.023,8.022,6.967,6.967,6.967,6.967,Sí,1.056,2026-09-02,02/09/2026,8.07,1,Ajuste aplicado
AH_2026_2027,2026-09-03,2026-09-03 19:23:53.333138,Santa Clotilde,9032282,2026-09-05,05/09/2026,7.955,7.955,7.955,7.955,7.955,6.899,6.899,6.899,6.899,6.899,7.955,7.955,7.955,7.955,6.899,6.899,6.899,6.899,Sí,1.056,2026-09-02,02/09/2026,8.07,1,Ajuste aplicado
AH_2026_2027,2026-09-03,2026-09-03 19:23:53.333138,Santa Clotilde,9032282,2026-09-06,06/09/2026,7.913,7.913,7.913,7.913,7.913,6.857,6.857,6.857,6.857,6.857,7.913,7.913,7.913,7.913,6.857,6.857,6.857,6.857,Sí,1.056,2026-09-02,02/09/2026,8.07,1,Ajuste aplicado
AH_2026_2027,2026-09-03,2026-09-03 19:23:53.333138,Santa Clotilde,9032282,2026-09-07,07/09/2026,7.862,7.861,7.862,7.861,7.862,6.806,6.805,6.806,6.805,6.806,7.862,7.862,7.861,7.861,6.806,6.806,6.805,6.805,Sí,1.056,2026-09-02,02/09/2026,8.07,1,Ajuste aplicado
AH_2026_2027,2026-09-03,2026-09-03 19:23:53.333138,Santa Clotilde,9032282,2026-09-08,08/09/2026,7.812,7.812,7.813,7.812,7.813,6.756,6.756,6.757,6.756,6.757,7.812,7.813,7.812,7.812,6.757,6.757,6.756,6.756,Sí,1.056,2026-09-02,02/09/2026,8.07,1,Ajuste aplicado
AH_2026_2027,2026-09-03,2026-09-03 19:23:53.333138,Santa Clotilde,9032282,2026-09-09,09/09/2026,7.797,7.796,7.8,7.796,7.798,6.741,6.74,6.744,6.74,6.742,7.798,7.8,7.796,7.796,6.742,6.744,6.74,6.74,Sí,1.056,2026-09-02,02/09/2026,8.07,1,Ajuste aplicado
AH_2026_2027,2026-09-03,2026-09-03 19:23:53.333138,Santa María de Nanay,9037738,2026-09-03,03/09/2026,4.12,4.063,4.182,4.081,4.156,3.96,3.903,4.022,3.921,3.996,4.147,4.182,4.088,4.063,3.987,4.022,3.927,3.903,Sí,0.16,2026-09-03,03/09/2026,4.12,0,Ajuste aplicado
AH_2026_2027,2026-09-03,2026-09-03 19:23:53.333138,Santa María de Nanay,9037738,2026-09-04,04/09/2026,4.295,4.093,4.455,4.177,4.436,4.135,3.933,4.295,4.017,4.276,4.455,4.429,4.205,4.093,4.295,4.269,4.044,3.933,Sí,0.16,2026-09-03,03/09/2026,4.12,0,Ajuste aplicado
AH_2026_2027,2026-09-03,2026-09-03 19:23:53.333138,Santa María de Nanay,9037738,2026-09-05,05/09/2026,4.405,3.614,4.99,3.984,4.929,4.245,3.454,4.829,3.823,4.769,4.99,4.909,4.107,3.614,4.829,4.749,3.947,3.454,Sí,0.16,2026-09-03,03/09/2026,4.12,0,Ajuste aplicado
AH_2026_2027,2026-09-03,2026-09-03 19:23:53.333138,Santa María de Nanay,9037738,2026-09-06,06/09/2026,4.424,3.522,5.182,3.801,5.119,4.264,3.362,5.022,3.641,4.959,5.182,5.098,3.894,3.522,5.022,4.938,3.734,3.362,Sí,0.16,2026-09-03,03/09/2026,4.12,0,Ajuste aplicado
AH_2026_2027,2026-09-03,2026-09-03 19:23:53.333138,Santa María de Nanay,9037738,2026-09-07,07/09/2026,4.844,4.184,5.791,4.199,5.346,4.684,4.024,5.631,4.039,5.185,5.791,5.197,4.205,4.184,5.631,5.037,4.045,4.024,Sí,0.16,2026-09-03,03/09/2026,4.12,0,Ajuste aplicado
AH_2026_2027,2026-09-03,2026-09-03 19:23:53.333138,Santa María de Nanay,9037738,2026-09-08,08/09/2026,5.211,4.375,6.336,4.381,5.897,5.051,4.215,6.176,4.221,5.737,6.336,5.751,4.375,4.383,6.176,5.591,4.215,4.223,Sí,0.16,2026-09-03,03/09/2026,4.12,0,Ajuste aplicado
AH_2026_2027,2026-09-03,2026-09-03 19:23:53.333138,Santa María de Nanay,9037738,2026-09-09,09/09/2026,5.497,4.27,7.236,4.414,6.324,5.337,4.11,7.076,4.254,6.164,7.236,6.02,4.463,4.27,7.076,5.859,4.302,4.11,Sí,0.16,2026-09-03,03/09/2026,4.12,0,Ajuste aplicado
AH_2026_2027,2026-09-03,2026-09-03 19:23:53.333138,Santa Rosa,9039635,2026-09-03,03/09/2026,3.98,3.98,3.98,3.98,3.98,3.349,3.349,3.349,3.349,3.349,3.98,3.98,3.98,3.98,3.349,3.349,3.349,3.349,Sí,0.631,2026-09-03,03/09/2026,3.98,0,Ajuste aplicado
AH_2026_2027,2026-09-03,2026-09-03 19:23:53.333138,Santa Rosa,9039635,2026-09-04,04/09/2026,3.929,3.928,3.929,3.928,3.929,3.297,3.297,3.298,3.297,3.297,3.929,3.929,3.928,3.928,3.297,3.298,3.297,3.297,Sí,0.631,2026-09-03,03/09/2026,3.98,0,Ajuste aplicado
AH_2026_2027,2026-09-03,2026-09-03 19:23:53.333138,Santa Rosa,9039635,2026-09-05,05/09/2026,3.896,3.896,3.896,3.896,3.896,3.264,3.264,3.264,3.264,3.264,3.896,3.896,3.896,3.896,3.264,3.264,3.264,3.264,Sí,0.631,2026-09-03,03/09/2026,3.98,0,Ajuste aplicado
AH_2026_2027,2026-09-03,2026-09-03 19:23:53.333138,Santa Rosa,9039635,2026-09-06,06/09/2026,3.875,3.875,3.876,3.875,3.876,3.244,3.243,3.245,3.243,3.245,3.876,3.876,3.875,3.875,3.245,3.245,3.243,3.243,Sí,0.631,2026-09-03,03/09/2026,3.98,0,Ajuste aplicado
AH_2026_2027,2026-09-03,2026-09-03 19:23:53.333138,Santa Rosa,9039635,2026-09-07,07/09/2026,3.864,3.855,3.874,3.855,3.873,3.233,3.224,3.243,3.224,3.242,3.874,3.873,3.855,3.855,3.243,3.242,3.224,3.224,Sí,0.631,2026-09-03,03/09/2026,3.98,0,Ajuste aplicado
AH_2026_2027,2026-09-03,2026-09-03 19:23:53.333138,Santa Rosa,9039635,2026-09-08,08/09/2026,3.851,3.83,3.874,3.83,3.871,3.22,3.199,3.243,3.199,3.239,3.874,3.869,3.83,3.83,3.243,3.238,3.199,3.199,Sí,0.631,2026-09-03,03/09/2026,3.98,0,Ajuste aplicado
AH_2026_2027,2026-09-03,2026-09-03 19:23:53.333138,Santa Rosa,9039635,2026-09-09,09/09/2026,3.85,3.826,3.874,3.826,3.873,3.218,3.194,3.243,3.195,3.242,3.874,3.873,3.827,3.826,3.243,3.242,3.195,3.194,Sí,0.631,2026-09-03,03/09/2026,3.98,0,Ajuste aplicado
AH_2026_2027,2026-09-03,2026-09-03 19:23:53.333138,Tamshiyacu,9038269,2026-09-03,03/09/2026,2.99,2.99,2.99,2.99,2.99,2.357,2.357,2.357,2.357,2.357,2.99,2.99,2.99,2.99,2.357,2.357,2.357,2.357,Sí,0.633,2026-09-03,03/09/2026,2.99,0,Ajuste aplicado
AH_2026_2027,2026-09-03,2026-09-03 19:23:53.333138,Tamshiyacu,9038269,2026-09-04,04/09/2026,2.99,2.99,2.99,2.99,2.99,2.357,2.357,2.357,2.357,2.357,2.99,2.99,2.99,2.99,2.357,2.357,2.357,2.357,Sí,0.633,2026-09-03,03/09/2026,2.99,0,Ajuste aplicado
AH_2026_2027,2026-09-03,2026-09-03 19:23:53.333138,Tamshiyacu,9038269,2026-09-05,05/09/2026,2.991,2.991,2.991,2.991,2.991,2.358,2.358,2.358,2.358,2.358,2.991,2.991,2.991,2.991,2.358,2.358,2.358,2.358,Sí,0.633,2026-09-03,03/09/2026,2.99,0,Ajuste aplicado
AH_2026_2027,2026-09-03,2026-09-03 19:23:53.333138,Tamshiyacu,9038269,2026-09-06,06/09/2026,3.008,3.006,3.012,3.006,3.01,2.376,2.373,2.379,2.373,2.377,3.012,3.009,3.006,3.006,2.379,2.376,2.373,2.373,Sí,0.633,2026-09-03,03/09/2026,2.99,0,Ajuste aplicado
AH_2026_2027,2026-09-03,2026-09-03 19:23:53.333138,Tamshiyacu,9038269,2026-09-07,07/09/2026,3.033,3.022,3.045,3.022,3.044,2.4,2.389,2.413,2.389,2.411,3.045,3.043,3.022,3.022,2.413,2.411,2.389,2.389,Sí,0.633,2026-09-03,03/09/2026,2.99,0,Ajuste aplicado
AH_2026_2027,2026-09-03,2026-09-03 19:23:53.333138,Tamshiyacu,9038269,2026-09-08,08/09/2026,3.055,3.051,3.065,3.051,3.055,2.422,2.418,2.433,2.418,2.422,3.065,3.052,3.051,3.051,2.433,2.419,2.418,2.418,Sí,0.633,2026-09-03,03/09/2026,2.99,0,Ajuste aplicado
AH_2026_2027,2026-09-03,2026-09-03 19:23:53.333138,Tamshiyacu,9038269,2026-09-09,09/09/2026,3.064,3.054,3.077,3.054,3.072,2.431,2.421,2.445,2.422,2.44,3.077,3.07,3.054,3.054,2.445,2.438,2.422,2.421,Sí,0.633,2026-09-03,03/09/2026,2.99,0,Ajuste aplicado
AH_2026_2027,2026-09-03,2026-09-03 19:23:53.333138,Timicurillo,9036459,2026-09-03,03/09/2026,7.83,7.83,7.83,7.83,7.83,5.322,5.322,5.322,5.322,5.322,7.83,7.83,7.83,7.83,5.322,5.322,5.322,5.322,Sí,2.508,2026-09-01,01/09/2026,7.83,2,Offset alto: 2.51 m. Revisar estación.
AH_2026_2027,2026-09-03,2026-09-03 19:23:53.333138,Timicurillo,9036459,2026-09-04,04/09/2026,7.881,7.88,7.882,7.881,7.881,5.373,5.372,5.374,5.372,5.373,7.881,7.882,7.881,7.88,5.373,5.374,5.372,5.372,Sí,2.508,2026-09-01,01/09/2026,7.83,2,Offset alto: 2.51 m. Revisar estación.
AH_2026_2027,2026-09-03,2026-09-03 19:23:53.333138,Timicurillo,9036459,2026-09-05,05/09/2026,7.927,7.919,7.935,7.921,7.934,5.419,5.41,5.427,5.412,5.425,7.933,7.935,7.921,7.919,5.425,5.427,5.413,5.41,Sí,2.508,2026-09-01,01/09/2026,7.83,2,Offset alto: 2.51 m. Revisar estación.
AH_2026_2027,2026-09-03,2026-09-03 19:23:53.333138,Timicurillo,9036459,2026-09-06,06/09/2026,8.037,7.936,8.171,7.962,8.095,5.528,5.427,5.663,5.453,5.586,8.171,8.069,7.97,7.936,5.663,5.561,5.462,5.427,Sí,2.508,2026-09-01,01/09/2026,7.83,2,Offset alto: 2.51 m. Revisar estación.
AH_2026_2027,2026-09-03,2026-09-03 19:23:53.333138,Timicurillo,9036459,2026-09-07,07/09/2026,8.159,7.994,8.327,8.021,8.295,5.65,5.485,5.818,5.512,5.787,8.327,8.285,8.03,7.994,5.818,5.776,5.521,5.485,Sí,2.508,2026-09-01,01/09/2026,7.83,2,Offset alto: 2.51 m. Revisar estación.
AH_2026_2027,2026-09-03,2026-09-03 19:23:53.333138,Timicurillo,9036459,2026-09-08,08/09/2026,8.322,8.177,8.571,8.182,8.41,5.813,5.669,6.063,5.673,5.901,8.571,8.356,8.183,8.177,6.063,5.848,5.675,5.669,Sí,2.508,2026-09-01,01/09/2026,7.83,2,Offset alto: 2.51 m. Revisar estación.
AH_2026_2027,2026-09-03,2026-09-03 19:23:53.333138,Timicurillo,9036459,2026-09-09,09/09/2026,8.589,8.258,9.243,8.289,8.727,6.08,5.75,6.734,5.781,6.218,9.243,8.555,8.258,8.3,6.734,6.046,5.75,5.791,Sí,2.508,2026-09-01,01/09/2026,7.83,2,Offset alto: 2.51 m. Revisar estación.
AH_2026_2027,2026-09-04,2026-09-04 19:05:33.536908,Angamos,9043370,2026-09-04,04/09/2026,0.74,0.74,0.74,0.74,0.74,7.494,7.494,7.494,7.494,7.494,0.74,0.74,0.74,0.74,7.494,7.494,7.494,7.494,Sí,-6.754,2026-09-04,04/09/2026,0.74,0,Offset alto: -6.75 m. Revisar estación.
AH_2026_2027,2026-09-04,2026-09-04 19:05:33.536908,Angamos,9043370,2026-09-05,05/09/2026,0.734,0.734,0.734,0.734,0.734,7.488,7.488,7.488,7.488,7.488,0.734,0.734,0.734,0.734,7.488,7.488,7.488,7.488,Sí,-6.754,2026-09-04,04/09/2026,0.74,0,Offset alto: -6.75 m. Revisar estación.
AH_2026_2027,2026-09-04,2026-09-04 19:05:33.536908,Angamos,9043370,2026-09-06,06/09/2026,0.722,0.721,0.722,0.721,0.722,7.476,7.475,7.477,7.475,7.476,0.722,0.722,0.721,0.721,7.477,7.476,7.475,7.475,Sí,-6.754,2026-09-04,04/09/2026,0.74,0,Offset alto: -6.75 m. Revisar estación.
AH_2026_2027,2026-09-04,2026-09-04 19:05:33.536908,Angamos,9043370,2026-09-07,07/09/2026,0.795,0.711,0.966,0.712,0.834,7.549,7.466,7.72,7.467,7.589,0.966,0.79,0.713,0.711,7.72,7.545,7.467,7.466,Sí,-6.754,2026-09-04,04/09/2026,0.74,0,Offset alto: -6.75 m. Revisar estación.
AH_2026_2027,2026-09-04,2026-09-04 19:05:33.536908,Angamos,9043370,2026-09-08,08/09/2026,1.037,0.706,1.631,0.707,1.235,7.791,7.46,8.386,7.462,7.989,1.631,1.103,0.706,0.708,8.386,7.857,7.46,7.462,Sí,-6.754,2026-09-04,04/09/2026,0.74,0,Offset alto: -6.75 m. Revisar estación.
AH_2026_2027,2026-09-04,2026-09-04 19:05:33.536908,Angamos,9043370,2026-09-09,09/09/2026,1.359,0.701,2.619,0.71,1.708,8.114,7.455,9.373,7.465,8.462,2.619,1.404,0.701,0.713,9.373,8.158,7.455,7.468,Sí,-6.754,2026-09-04,04/09/2026,0.74,0,Offset alto: -6.75 m. Revisar estación.
AH_2026_2027,2026-09-04,2026-09-04 19:05:33.536908,Angamos,9043370,2026-09-10,10/09/2026,1.445,0.69,2.744,0.709,1.91,8.2,7.444,9.498,7.463,8.664,2.744,1.632,0.69,0.716,9.498,8.386,7.444,7.47,Sí,-6.754,2026-09-04,04/09/2026,0.74,0,Offset alto: -6.75 m. Revisar estación.
AH_2026_2027,2026-09-04,2026-09-04 19:05:33.536908,Bellavista,9036028,2026-09-04,04/09/2026,5.4,5.4,5.4,5.4,5.4,5.375,5.375,5.375,5.375,5.375,5.4,5.4,5.4,5.4,5.375,5.375,5.375,5.375,Sí,0.025,2026-09-04,04/09/2026,5.4,0,Ajuste aplicado
AH_2026_2027,2026-09-04,2026-09-04 19:05:33.536908,Bellavista,9036028,2026-09-05,05/09/2026,5.364,5.364,5.364,5.364,5.364,5.339,5.339,5.339,5.339,5.339,5.364,5.364,5.364,5.364,5.339,5.339,5.339,5.339,Sí,0.025,2026-09-04,04/09/2026,5.4,0,Ajuste aplicado
AH_2026_2027,2026-09-04,2026-09-04 19:05:33.536908,Bellavista,9036028,2026-09-06,06/09/2026,5.304,5.304,5.304,5.304,5.304,5.28,5.28,5.28,5.28,5.28,5.304,5.304,5.304,5.304,5.28,5.28,5.28,5.28,Sí,0.025,2026-09-04,04/09/2026,5.4,0,Ajuste aplicado
AH_2026_2027,2026-09-04,2026-09-04 19:05:33.536908,Bellavista,9036028,2026-09-07,07/09/2026,5.281,5.28,5.281,5.281,5.281,5.256,5.256,5.257,5.256,5.257,5.281,5.281,5.28,5.281,5.257,5.257,5.256,5.256,Sí,0.025,2026-09-04,04/09/2026,5.4,0,Ajuste aplicado
AH_2026_2027,2026-09-04,2026-09-04 19:05:33.536908,Bellavista,9036028,2026-09-08,08/09/2026,5.252,5.251,5.253,5.251,5.253,5.227,5.227,5.228,5.227,5.228,5.253,5.253,5.251,5.251,5.228,5.228,5.227,5.227,Sí,0.025,2026-09-04,04/09/2026,5.4,0,Ajuste aplicado
AH_2026_2027,2026-09-04,2026-09-04 19:05:33.536908,Bellavista,9036028,2026-09-09,09/09/2026,5.177,5.172,5.182,5.172,5.182,5.152,5.147,5.157,5.147,5.157,5.182,5.182,5.172,5.172,5.157,5.157,5.147,5.147,Sí,0.025,2026-09-04,04/09/2026,5.4,0,Ajuste aplicado
AH_2026_2027,2026-09-04,2026-09-04 19:05:33.536908,Bellavista,9036028,2026-09-10,10/09/2026,5.142,5.137,5.146,5.139,5.145,5.117,5.112,5.121,5.114,5.12,5.146,5.145,5.137,5.14,5.121,5.12,5.112,5.115,Sí,0.025,2026-09-04,04/09/2026,5.4,0,Ajuste aplicado
AH_2026_2027,2026-09-04,2026-09-04 19:05:33.536908,Borja,9040208,2026-09-04,04/09/2026,3.7,3.7,3.7,3.7,3.7,4.449,4.449,4.449,4.449,4.449,3.7,3.7,3.7,3.7,4.449,4.449,4.449,4.449,Sí,-0.749,2026-09-04,04/09/2026,3.7,0,Ajuste aplicado
AH_2026_2027,2026-09-04,2026-09-04 19:05:33.536908,Borja,9040208,2026-09-05,05/09/2026,3.724,3.722,3.726,3.723,3.725,4.473,4.471,4.475,4.472,4.474,3.725,3.726,3.723,3.722,4.474,4.475,4.472,4.471,Sí,-0.749,2026-09-04,04/09/2026,3.7,0,Ajuste aplicado
AH_2026_2027,2026-09-04,2026-09-04 19:05:33.536908,Borja,9040208,2026-09-06,06/09/2026,3.731,3.722,3.744,3.724,3.734,4.48,4.471,4.493,4.473,4.483,3.731,3.744,3.725,3.722,4.48,4.493,4.474,4.471,Sí,-0.749,2026-09-04,04/09/2026,3.7,0,Ajuste aplicado
AH_2026_2027,2026-09-04,2026-09-04 19:05:33.536908,Borja,9040208,2026-09-07,07/09/2026,3.727,3.697,3.767,3.713,3.736,4.476,4.445,4.515,4.462,4.485,3.726,3.767,3.719,3.697,4.475,4.515,4.468,4.445,Sí,-0.749,2026-09-04,04/09/2026,3.7,0,Ajuste aplicado
AH_2026_2027,2026-09-04,2026-09-04 19:05:33.536908,Borja,9040208,2026-09-08,08/09/2026,3.708,3.637,3.765,3.695,3.728,4.457,4.386,4.514,4.444,4.477,3.715,3.765,3.715,3.637,4.464,4.514,4.464,4.386,Sí,-0.749,2026-09-04,04/09/2026,3.7,0,Ajuste aplicado
AH_2026_2027,2026-09-04,2026-09-04 19:05:33.536908,Borja,9040208,2026-09-09,09/09/2026,3.693,3.582,3.777,3.655,3.745,4.442,4.331,4.526,4.404,4.494,3.68,3.777,3.735,3.582,4.429,4.526,4.484,4.331,Sí,-0.749,2026-09-04,04/09/2026,3.7,0,Ajuste aplicado
AH_2026_2027,2026-09-04,2026-09-04 19:05:33.536908,Borja,9040208,2026-09-10,10/09/2026,3.686,3.501,3.824,3.605,3.79,4.435,4.25,4.573,4.354,4.539,3.64,3.779,3.824,3.501,4.389,4.528,4.573,4.25,Sí,-0.749,2026-09-04,04/09/2026,3.7,0,Ajuste aplicado
AH_2026_2027,2026-09-04,2026-09-04 19:05:33.536908,Contamana,9053555,2026-09-04,04/09/2026,5.55,5.55,5.55,5.55,5.55,12.848,12.848,12.848,12.848,12.848,5.55,5.55,5.55,5.55,12.848,12.848,12.848,12.848,Sí,-7.298,2026-09-04,04/09/2026,5.55,0,Offset alto: -7.30 m. Revisar estación.
AH_2026_2027,2026-09-04,2026-09-04 19:05:33.536908,Contamana,9053555,2026-09-05,05/09/2026,5.564,5.564,5.564,5.564,5.564,12.863,12.863,12.863,12.863,12.863,5.564,5.564,5.564,5.564,12.863,12.863,12.863,12.863,Sí,-7.298,2026-09-04,04/09/2026,5.55,0,Offset alto: -7.30 m. Revisar estación.
AH_2026_2027,2026-09-04,2026-09-04 19:05:33.536908,Contamana,9053555,2026-09-06,06/09/2026,5.571,5.571,5.571,5.571,5.571,12.87,12.87,12.87,12.87,12.87,5.571,5.571,5.571,5.571,12.87,12.87,12.87,12.87,Sí,-7.298,2026-09-04,04/09/2026,5.55,0,Offset alto: -7.30 m. Revisar estación.
AH_2026_2027,2026-09-04,2026-09-04 19:05:33.536908,Contamana,9053555,2026-09-07,07/09/2026,5.572,5.572,5.572,5.572,5.572,12.871,12.871,12.871,12.871,12.871,5.572,5.572,5.572,5.572,12.871,12.871,12.871,12.871,Sí,-7.298,2026-09-04,04/09/2026,5.55,0,Offset alto: -7.30 m. Revisar estación.
AH_2026_2027,2026-09-04,2026-09-04 19:05:33.536908,Contamana,9053555,2026-09-08,08/09/2026,5.569,5.569,5.569,5.569,5.569,12.868,12.867,12.868,12.867,12.868,5.569,5.569,5.569,5.569,12.868,12.868,12.867,12.867,Sí,-7.298,2026-09-04,04/09/2026,5.55,0,Offset alto: -7.30 m. Revisar estación.
AH_2026_2027,2026-09-04,2026-09-04 19:05:33.536908,Contamana,9053555,2026-09-09,09/09/2026,5.547,5.546,5.548,5.547,5.548,12.846,12.844,12.846,12.845,12.846,5.548,5.547,5.547,5.546,12.846,12.846,12.846,12.844,Sí,-7.298,2026-09-04,04/09/2026,5.55,0,Offset alto: -7.30 m. Revisar estación.
AH_2026_2027,2026-09-04,2026-09-04 19:05:33.536908,Contamana,9053555,2026-09-10,10/09/2026,5.52,5.517,5.525,5.518,5.522,12.819,12.815,12.823,12.816,12.821,5.525,5.522,5.518,5.517,12.823,12.82,12.817,12.815,Sí,-7.298,2026-09-04,04/09/2026,5.55,0,Offset alto: -7.30 m. Revisar estación.
AH_2026_2027,2026-09-04,2026-09-04 19:05:33.536908,ENAPU,9038134,2026-09-04,04/09/2026,5.01,5.01,5.011,5.01,5.01,2.973,2.973,2.973,2.973,2.973,5.01,5.011,5.01,5.01,2.973,2.973,2.973,2.973,Sí,2.037,2026-09-04,04/09/2026,5.01,0,Offset alto: 2.04 m. Revisar estación.
AH_2026_2027,2026-09-04,2026-09-04 19:05:33.536908,ENAPU,9038134,2026-09-05,05/09/2026,5.002,4.998,5.01,4.998,5.003,2.965,2.96,2.973,2.961,2.966,4.998,5.01,5.0,4.999,2.96,2.973,2.963,2.962,Sí,2.037,2026-09-04,04/09/2026,5.01,0,Offset alto: 2.04 m. Revisar estación.
AH_2026_2027,2026-09-04,2026-09-04 19:05:33.536908,ENAPU,9038134,2026-09-06,06/09/2026,5.086,4.964,5.411,4.969,5.1,3.049,2.927,3.374,2.932,3.063,4.964,5.411,4.997,4.971,2.927,3.374,2.96,2.934,Sí,2.037,2026-09-04,04/09/2026,5.01,0,Offset alto: 2.04 m. Revisar estación.
AH_2026_2027,2026-09-04,2026-09-04 19:05:33.536908,ENAPU,9038134,2026-09-07,07/09/2026,31.213,4.962,59.905,5.021,56.184,29.176,2.925,57.868,2.984,54.146,4.962,54.943,59.905,5.041,2.925,52.906,57.868,3.004,Sí,2.037,2026-09-04,04/09/2026,5.01,0,Offset alto: 2.04 m. Revisar estación.
AH_2026_2027,2026-09-04,2026-09-04 19:05:33.536908,ENAPU,9038134,2026-09-08,08/09/2026,69.612,4.995,110.4,42.538,108.599,67.575,2.958,108.363,40.501,106.562,4.995,107.999,110.4,55.053,2.958,105.962,108.363,53.016,Sí,2.037,2026-09-04,04/09/2026,5.01,0,Offset alto: 2.04 m. Revisar estación.
AH_2026_2027,2026-09-04,2026-09-04 19:05:33.536908,ENAPU,9038134,2026-09-09,09/09/2026,83.669,5.006,111.174,83.015,109.901,81.632,2.969,109.136,80.978,107.864,5.006,109.477,111.174,109.018,2.969,107.44,109.136,106.981,Sí,2.037,2026-09-04,04/09/2026,5.01,0,Offset alto: 2.04 m. Revisar estación.
AH_2026_2027,2026-09-04,2026-09-04 19:05:33.536908,ENAPU,9038134,2026-09-10,10/09/2026,83.874,5.003,111.309,83.37,110.097,81.837,2.965,109.272,81.333,108.059,5.003,109.692,111.309,109.492,2.965,107.655,109.272,107.455,Sí,2.037,2026-09-04,04/09/2026,5.01,0,Offset alto: 2.04 m. Revisar estación.
AH_2026_2027,2026-09-04,2026-09-04 19:05:33.536908,Flor de Punga,9044756,2026-09-04,04/09/2026,11.492,11.492,11.492,11.492,11.492,11.492,11.492,11.492,11.492,11.492,11.492,11.492,11.492,11.492,11.492,11.492,11.492,11.492,No,,2026-05-14,14/05/2026,22.8,113,Observado muy antiguo para ajuste: 113 días
AH_2026_2027,2026-09-04,2026-09-04 19:05:33.536908,Flor de Punga,9044756,2026-09-05,05/09/2026,11.64,11.64,11.64,11.64,11.64,11.64,11.64,11.64,11.64,11.64,11.64,11.64,11.64,11.64,11.64,11.64,11.64,11.64,No,,2026-05-14,14/05/2026,22.8,113,Observado muy antiguo para ajuste: 113 días
AH_2026_2027,2026-09-04,2026-09-04 19:05:33.536908,Flor de Punga,9044756,2026-09-06,06/09/2026,11.778,11.778,11.778,11.778,11.778,11.778,11.778,11.778,11.778,11.778,11.778,11.778,11.778,11.778,11.778,11.778,11.778,11.778,No,,2026-05-14,14/05/2026,22.8,113,Observado muy antiguo para ajuste: 113 días
AH_2026_2027,2026-09-04,2026-09-04 19:05:33.536908,Flor de Punga,9044756,2026-09-07,07/09/2026,11.799,11.799,11.799,11.799,11.799,11.799,11.799,11.799,11.799,11.799,11.799,11.799,11.799,11.799,11.799,11.799,11.799,11.799,No,,2026-05-14,14/05/2026,22.8,113,Observado muy antiguo para ajuste: 113 días
AH_2026_2027,2026-09-04,2026-09-04 19:05:33.536908,Flor de Punga,9044756,2026-09-08,08/09/2026,11.784,11.784,11.784,11.784,11.784,11.784,11.784,11.784,11.784,11.784,11.784,11.784,11.784,11.784,11.784,11.784,11.784,11.784,No,,2026-05-14,14/05/2026,22.8,113,Observado muy antiguo para ajuste: 113 días
AH_2026_2027,2026-09-04,2026-09-04 19:05:33.536908,Flor de Punga,9044756,2026-09-09,09/09/2026,11.761,11.761,11.762,11.761,11.761,11.761,11.761,11.762,11.761,11.761,11.761,11.762,11.761,11.761,11.761,11.762,11.761,11.761,No,,2026-05-14,14/05/2026,22.8,113,Observado muy antiguo para ajuste: 113 días
AH_2026_2027,2026-09-04,2026-09-04 19:05:33.536908,Flor de Punga,9044756,2026-09-10,10/09/2026,11.748,11.745,11.751,11.746,11.75,11.748,11.745,11.751,11.746,11.75,11.75,11.751,11.746,11.745,11.75,11.751,11.746,11.745,No,,2026-05-14,14/05/2026,22.8,113,Observado muy antiguo para ajuste: 113 días
AH_2026_2027,2026-09-04,2026-09-04 19:05:33.536908,Genaro Herrera,9042214,2026-09-04,04/09/2026,7.4,7.4,7.4,7.4,7.4,8.349,8.349,8.349,8.349,8.349,7.4,7.4,7.4,7.4,8.349,8.349,8.349,8.349,Sí,-0.949,2026-09-04,04/09/2026,7.4,0,Ajuste aplicado
AH_2026_2027,2026-09-04,2026-09-04 19:05:33.536908,Genaro Herrera,9042214,2026-09-05,05/09/2026,7.45,7.45,7.45,7.45,7.45,8.399,8.399,8.399,8.399,8.399,7.45,7.45,7.45,7.45,8.399,8.399,8.399,8.399,Sí,-0.949,2026-09-04,04/09/2026,7.4,0,Ajuste aplicado
AH_2026_2027,2026-09-04,2026-09-04 19:05:33.536908,Genaro Herrera,9042214,2026-09-06,06/09/2026,7.511,7.511,7.511,7.511,7.511,8.459,8.459,8.459,8.459,8.459,7.511,7.511,7.511,7.511,8.459,8.459,8.459,8.459,Sí,-0.949,2026-09-04,04/09/2026,7.4,0,Ajuste aplicado
AH_2026_2027,2026-09-04,2026-09-04 19:05:33.536908,Genaro Herrera,9042214,2026-09-07,07/09/2026,7.521,7.521,7.522,7.521,7.521,8.47,8.469,8.47,8.47,8.47,7.522,7.521,7.521,7.521,8.47,8.47,8.47,8.469,Sí,-0.949,2026-09-04,04/09/2026,7.4,0,Ajuste aplicado
AH_2026_2027,2026-09-04,2026-09-04 19:05:33.536908,Genaro Herrera,9042214,2026-09-08,08/09/2026,7.54,7.539,7.541,7.54,7.54,8.489,8.488,8.489,8.488,8.489,7.541,7.54,7.54,7.539,8.489,8.489,8.488,8.488,Sí,-0.949,2026-09-04,04/09/2026,7.4,0,Ajuste aplicado
AH_2026_2027,2026-09-04,2026-09-04 19:05:33.536908,Genaro Herrera,9042214,2026-09-09,09/09/2026,7.541,7.541,7.542,7.541,7.542,8.49,8.49,8.491,8.49,8.49,7.542,7.541,7.541,7.541,8.491,8.49,8.49,8.49,Sí,-0.949,2026-09-04,04/09/2026,7.4,0,Ajuste aplicado
AH_2026_2027,2026-09-04,2026-09-04 19:05:33.536908,Genaro Herrera,9042214,2026-09-10,10/09/2026,7.536,7.536,7.537,7.536,7.536,8.485,8.485,8.485,8.485,8.485,7.537,7.536,7.536,7.536,8.485,8.485,8.485,8.485,Sí,-0.949,2026-09-04,04/09/2026,7.4,0,Ajuste aplicado
AH_2026_2027,2026-09-04,2026-09-04 19:05:33.536908,Lagunas,9043597,2026-09-04,04/09/2026,4.03,4.03,4.03,4.03,4.03,5.562,5.562,5.562,5.562,5.562,4.03,4.03,4.03,4.03,5.562,5.562,5.562,5.562,Sí,-1.532,2026-09-04,04/09/2026,4.03,0,Offset alto: -1.53 m. Revisar estación.
AH_2026_2027,2026-09-04,2026-09-04 19:05:33.536908,Lagunas,9043597,2026-09-05,05/09/2026,3.952,3.952,3.952,3.952,3.952,5.485,5.485,5.485,5.485,5.485,3.952,3.952,3.952,3.952,5.485,5.485,5.485,5.485,Sí,-1.532,2026-09-04,04/09/2026,4.03,0,Offset alto: -1.53 m. Revisar estación.
AH_2026_2027,2026-09-04,2026-09-04 19:05:33.536908,Lagunas,9043597,2026-09-06,06/09/2026,3.816,3.816,3.816,3.816,3.816,5.348,5.348,5.348,5.348,5.348,3.816,3.816,3.816,3.816,5.348,5.348,5.348,5.348,Sí,-1.532,2026-09-04,04/09/2026,4.03,0,Offset alto: -1.53 m. Revisar estación.
AH_2026_2027,2026-09-04,2026-09-04 19:05:33.536908,Lagunas,9043597,2026-09-07,07/09/2026,3.579,3.579,3.579,3.579,3.579,5.112,5.112,5.112,5.112,5.112,3.579,3.579,3.579,3.579,5.112,5.112,5.112,5.112,Sí,-1.532,2026-09-04,04/09/2026,4.03,0,Offset alto: -1.53 m. Revisar estación.
AH_2026_2027,2026-09-04,2026-09-04 19:05:33.536908,Lagunas,9043597,2026-09-08,08/09/2026,3.356,3.356,3.356,3.356,3.356,4.889,4.889,4.889,4.889,4.889,3.356,3.356,3.356,3.356,4.889,4.889,4.889,4.889,Sí,-1.532,2026-09-04,04/09/2026,4.03,0,Offset alto: -1.53 m. Revisar estación.
AH_2026_2027,2026-09-04,2026-09-04 19:05:33.536908,Lagunas,9043597,2026-09-09,09/09/2026,3.149,3.148,3.15,3.149,3.149,4.681,4.68,4.682,4.681,4.682,3.149,3.15,3.149,3.148,4.681,4.682,4.682,4.68,Sí,-1.532,2026-09-04,04/09/2026,4.03,0,Offset alto: -1.53 m. Revisar estación.
AH_2026_2027,2026-09-04,2026-09-04 19:05:33.536908,Lagunas,9043597,2026-09-10,10/09/2026,3.057,3.054,3.06,3.055,3.059,4.589,4.586,4.592,4.587,4.592,3.055,3.059,3.06,3.054,4.588,4.591,4.592,4.586,Sí,-1.532,2026-09-04,04/09/2026,4.03,0,Offset alto: -1.53 m. Revisar estación.
AH_2026_2027,2026-09-04,2026-09-04 19:05:33.536908,Nauta,9040454,2026-09-04,04/09/2026,6.59,6.59,6.59,6.59,6.59,5.407,5.407,5.407,5.407,5.407,6.59,6.59,6.59,6.59,5.407,5.407,5.407,5.407,Sí,1.183,2026-09-04,04/09/2026,6.59,0,Ajuste aplicado
AH_2026_2027,2026-09-04,2026-09-04 19:05:33.536908,Nauta,9040454,2026-09-05,05/09/2026,6.615,6.615,6.615,6.615,6.615,5.432,5.432,5.432,5.432,5.432,6.615,6.615,6.615,6.615,5.432,5.432,5.432,5.432,Sí,1.183,2026-09-04,04/09/2026,6.59,0,Ajuste aplicado
AH_2026_2027,2026-09-04,2026-09-04 19:05:33.536908,Nauta,9040454,2026-09-06,06/09/2026,6.638,6.638,6.638,6.638,6.638,5.454,5.454,5.455,5.454,5.455,6.638,6.638,6.638,6.638,5.455,5.455,5.454,5.454,Sí,1.183,2026-09-04,04/09/2026,6.59,0,Ajuste aplicado
AH_2026_2027,2026-09-04,2026-09-04 19:05:33.536908,Nauta,9040454,2026-09-07,07/09/2026,6.642,6.641,6.643,6.642,6.643,5.459,5.458,5.46,5.459,5.46,6.643,6.643,6.641,6.642,5.46,5.459,5.458,5.459,Sí,1.183,2026-09-04,04/09/2026,6.59,0,Ajuste aplicado
AH_2026_2027,2026-09-04,2026-09-04 19:05:33.536908,Nauta,9040454,2026-09-08,08/09/2026,6.628,6.628,6.629,6.628,6.629,5.445,5.444,5.446,5.445,5.445,6.629,6.628,6.628,6.628,5.446,5.445,5.444,5.445,Sí,1.183,2026-09-04,04/09/2026,6.59,0,Ajuste aplicado
AH_2026_2027,2026-09-04,2026-09-04 19:05:33.536908,Nauta,9040454,2026-09-09,09/09/2026,6.563,6.562,6.563,6.563,6.563,5.38,5.379,5.38,5.379,5.38,6.563,6.563,6.562,6.563,5.38,5.38,5.379,5.38,Sí,1.183,2026-09-04,04/09/2026,6.59,0,Ajuste aplicado
AH_2026_2027,2026-09-04,2026-09-04 19:05:33.536908,Nauta,9040454,2026-09-10,10/09/2026,6.509,6.508,6.509,6.509,6.509,5.326,5.325,5.326,5.325,5.326,6.509,6.509,6.508,6.509,5.326,5.326,5.325,5.326,Sí,1.183,2026-09-04,04/09/2026,6.59,0,Ajuste aplicado
AH_2026_2027,2026-09-04,2026-09-04 19:05:33.536908,Puerto Almendra,9037610,2026-09-04,04/09/2026,2.72,2.72,2.72,2.72,2.72,2.37,2.37,2.37,2.37,2.37,2.72,2.72,2.72,2.72,2.37,2.37,2.37,2.37,Sí,0.35,2026-09-04,04/09/2026,2.72,0,Ajuste aplicado
AH_2026_2027,2026-09-04,2026-09-04 19:05:33.536908,Puerto Almendra,9037610,2026-09-05,05/09/2026,2.852,2.848,2.858,2.849,2.854,2.502,2.498,2.508,2.499,2.504,2.853,2.858,2.849,2.848,2.503,2.508,2.5,2.498,Sí,0.35,2026-09-04,04/09/2026,2.72,0,Ajuste aplicado
AH_2026_2027,2026-09-04,2026-09-04 19:05:33.536908,Puerto Almendra,9037610,2026-09-06,06/09/2026,2.83,2.795,2.873,2.798,2.857,2.48,2.445,2.523,2.448,2.507,2.852,2.873,2.799,2.795,2.502,2.523,2.449,2.445,Sí,0.35,2026-09-04,04/09/2026,2.72,0,Ajuste aplicado
AH_2026_2027,2026-09-04,2026-09-04 19:05:33.536908,Puerto Almendra,9037610,2026-09-07,07/09/2026,2.733,2.683,2.844,2.685,2.752,2.383,2.333,2.494,2.335,2.402,2.721,2.844,2.686,2.683,2.371,2.494,2.336,2.333,Sí,0.35,2026-09-04,04/09/2026,2.72,0,Ajuste aplicado
AH_2026_2027,2026-09-04,2026-09-04 19:05:33.536908,Puerto Almendra,9037610,2026-09-08,08/09/2026,2.583,2.063,2.859,2.531,2.756,2.233,1.713,2.509,2.181,2.406,2.721,2.859,2.687,2.063,2.371,2.509,2.337,1.713,Sí,0.35,2026-09-04,04/09/2026,2.72,0,Ajuste aplicado
AH_2026_2027,2026-09-04,2026-09-04 19:05:33.536908,Puerto Almendra,9037610,2026-09-09,09/09/2026,2.831,1.868,3.169,2.816,3.159,2.481,1.518,2.82,2.466,2.809,3.155,3.132,3.169,1.868,2.805,2.782,2.82,1.518,Sí,0.35,2026-09-04,04/09/2026,2.72,0,Ajuste aplicado
AH_2026_2027,2026-09-04,2026-09-04 19:05:33.536908,Puerto Almendra,9037610,2026-09-10,10/09/2026,3.084,1.764,3.587,3.021,3.556,2.735,1.415,3.237,2.671,3.207,3.587,3.44,3.546,1.764,3.237,3.09,3.196,1.415,Sí,0.35,2026-09-04,04/09/2026,2.72,0,Ajuste aplicado
AH_2026_2027,2026-09-04,2026-09-04 19:05:33.536908,Requena,9043425,2026-09-04,04/09/2026,5.95,5.95,5.95,5.95,5.95,5.884,5.883,5.884,5.884,5.884,5.95,5.95,5.95,5.95,5.884,5.884,5.884,5.883,Sí,0.066,2026-09-04,04/09/2026,5.95,0,Ajuste aplicado
AH_2026_2027,2026-09-04,2026-09-04 19:05:33.536908,Requena,9043425,2026-09-05,05/09/2026,5.864,5.864,5.864,5.864,5.864,5.797,5.797,5.797,5.797,5.797,5.864,5.864,5.864,5.864,5.797,5.797,5.797,5.797,Sí,0.066,2026-09-04,04/09/2026,5.95,0,Ajuste aplicado
AH_2026_2027,2026-09-04,2026-09-04 19:05:33.536908,Requena,9043425,2026-09-06,06/09/2026,5.796,5.795,5.798,5.796,5.797,5.73,5.729,5.731,5.729,5.73,5.798,5.797,5.796,5.795,5.731,5.73,5.729,5.729,Sí,0.066,2026-09-04,04/09/2026,5.95,0,Ajuste aplicado
AH_2026_2027,2026-09-04,2026-09-04 19:05:33.536908,Requena,9043425,2026-09-07,07/09/2026,5.708,5.7,5.714,5.707,5.712,5.642,5.634,5.648,5.64,5.645,5.714,5.711,5.709,5.7,5.648,5.644,5.642,5.634,Sí,0.066,2026-09-04,04/09/2026,5.95,0,Ajuste aplicado
AH_2026_2027,2026-09-04,2026-09-04 19:05:33.536908,Requena,9043425,2026-09-08,08/09/2026,5.636,5.627,5.648,5.63,5.642,5.57,5.56,5.582,5.564,5.575,5.648,5.64,5.631,5.627,5.582,5.573,5.565,5.56,Sí,0.066,2026-09-04,04/09/2026,5.95,0,Ajuste aplicado
AH_2026_2027,2026-09-04,2026-09-04 19:05:33.536908,Requena,9043425,2026-09-09,09/09/2026,5.619,5.618,5.62,5.618,5.62,5.553,5.552,5.554,5.552,5.553,5.62,5.619,5.618,5.618,5.554,5.553,5.552,5.552,Sí,0.066,2026-09-04,04/09/2026,5.95,0,Ajuste aplicado
AH_2026_2027,2026-09-04,2026-09-04 19:05:33.536908,Requena,9043425,2026-09-10,10/09/2026,5.593,5.583,5.607,5.585,5.599,5.526,5.516,5.541,5.518,5.532,5.607,5.596,5.583,5.585,5.541,5.529,5.516,5.519,Sí,0.066,2026-09-04,04/09/2026,5.95,0,Ajuste aplicado
AH_2026_2027,2026-09-04,2026-09-04 19:05:33.536908,San Lorenzo,9042153,2026-09-04,04/09/2026,9.746,9.746,9.746,9.746,9.746,9.746,9.746,9.746,9.746,9.746,9.746,9.746,9.746,9.746,9.746,9.746,9.746,9.746,No,,2025-09-30,30/09/2025,7.19,339,Observado muy antiguo para ajuste: 339 días
AH_2026_2027,2026-09-04,2026-09-04 19:05:33.536908,San Lorenzo,9042153,2026-09-05,05/09/2026,9.742,9.742,9.742,9.742,9.742,9.742,9.742,9.742,9.742,9.742,9.742,9.742,9.742,9.742,9.742,9.742,9.742,9.742,No,,2025-09-30,30/09/2025,7.19,339,Observado muy antiguo para ajuste: 339 días
AH_2026_2027,2026-09-04,2026-09-04 19:05:33.536908,San Lorenzo,9042153,2026-09-06,06/09/2026,9.744,9.744,9.744,9.744,9.744,9.744,9.744,9.744,9.744,9.744,9.744,9.744,9.744,9.744,9.744,9.744,9.744,9.744,No,,2025-09-30,30/09/2025,7.19,339,Observado muy antiguo para ajuste: 339 días
AH_2026_2027,2026-09-04,2026-09-04 19:05:33.536908,San Lorenzo,9042153,2026-09-07,07/09/2026,9.75,9.749,9.753,9.749,9.751,9.75,9.749,9.753,9.749,9.751,9.751,9.753,9.749,9.749,9.751,9.753,9.749,9.749,No,,2025-09-30,30/09/2025,7.19,339,Observado muy antiguo para ajuste: 339 días
AH_2026_2027,2026-09-04,2026-09-04 19:05:33.536908,San Lorenzo,9042153,2026-09-08,08/09/2026,9.757,9.748,9.77,9.75,9.761,9.757,9.748,9.77,9.75,9.761,9.758,9.77,9.751,9.748,9.758,9.77,9.751,9.748,No,,2025-09-30,30/09/2025,7.19,339,Observado muy antiguo para ajuste: 339 días
AH_2026_2027,2026-09-04,2026-09-04 19:05:33.536908,San Lorenzo,9042153,2026-09-09,09/09/2026,9.752,9.737,9.771,9.743,9.758,9.752,9.737,9.771,9.743,9.758,9.754,9.771,9.745,9.737,9.754,9.771,9.745,9.737,No,,2025-09-30,30/09/2025,7.19,339,Observado muy antiguo para ajuste: 339 días
AH_2026_2027,2026-09-04,2026-09-04 19:05:33.536908,San Lorenzo,9042153,2026-09-10,10/09/2026,9.737,9.703,9.769,9.728,9.748,9.737,9.703,9.769,9.728,9.748,9.74,9.769,9.737,9.703,9.74,9.769,9.737,9.703,No,,2025-09-30,30/09/2025,7.19,339,Observado muy antiguo para ajuste: 339 días
AH_2026_2027,2026-09-04,2026-09-04 19:05:33.536908,San Regis,9040439,2026-09-04,04/09/2026,5.56,5.56,5.56,5.56,5.56,5.64,5.64,5.64,5.64,5.64,5.56,5.56,5.56,5.56,5.64,5.64,5.64,5.64,Sí,-0.08,2026-09-04,04/09/2026,5.56,0,Ajuste aplicado
AH_2026_2027,2026-09-04,2026-09-04 19:05:33.536908,San Regis,9040439,2026-09-05,05/09/2026,5.582,5.582,5.582,5.582,5.582,5.662,5.662,5.662,5.662,5.662,5.582,5.582,5.582,5.582,5.662,5.662,5.662,5.662,Sí,-0.08,2026-09-04,04/09/2026,5.56,0,Ajuste aplicado
AH_2026_2027,2026-09-04,2026-09-04 19:05:33.536908,San Regis,9040439,2026-09-06,06/09/2026,5.61,5.61,5.61,5.61,5.61,5.69,5.689,5.69,5.69,5.69,5.61,5.61,5.61,5.61,5.69,5.69,5.69,5.689,Sí,-0.08,2026-09-04,04/09/2026,5.56,0,Ajuste aplicado
AH_2026_2027,2026-09-04,2026-09-04 19:05:33.536908,San Regis,9040439,2026-09-07,07/09/2026,5.578,5.578,5.578,5.578,5.578,5.658,5.658,5.658,5.658,5.658,5.578,5.578,5.578,5.578,5.658,5.658,5.658,5.658,Sí,-0.08,2026-09-04,04/09/2026,5.56,0,Ajuste aplicado
AH_2026_2027,2026-09-04,2026-09-04 19:05:33.536908,San Regis,9040439,2026-09-08,08/09/2026,5.523,5.523,5.523,5.523,5.523,5.603,5.603,5.603,5.603,5.603,5.523,5.523,5.523,5.523,5.603,5.603,5.603,5.603,Sí,-0.08,2026-09-04,04/09/2026,5.56,0,Ajuste aplicado
AH_2026_2027,2026-09-04,2026-09-04 19:05:33.536908,San Regis,9040439,2026-09-09,09/09/2026,5.487,5.487,5.487,5.487,5.487,5.567,5.566,5.567,5.567,5.567,5.487,5.487,5.487,5.487,5.567,5.567,5.567,5.566,Sí,-0.08,2026-09-04,04/09/2026,5.56,0,Ajuste aplicado
AH_2026_2027,2026-09-04,2026-09-04 19:05:33.536908,San Regis,9040439,2026-09-10,10/09/2026,5.427,5.427,5.428,5.427,5.428,5.507,5.507,5.508,5.507,5.508,5.427,5.428,5.428,5.427,5.507,5.508,5.508,5.507,Sí,-0.08,2026-09-04,04/09/2026,5.56,0,Ajuste aplicado
AH_2026_2027,2026-09-04,2026-09-04 19:05:33.536908,Santa Clotilde,9032282,2026-09-04,04/09/2026,8.46,8.46,8.46,8.46,8.46,6.981,6.981,6.981,6.981,6.981,8.46,8.46,8.46,8.46,6.981,6.981,6.981,6.981,Sí,1.479,2026-09-04,04/09/2026,8.46,0,Ajuste aplicado
AH_2026_2027,2026-09-04,2026-09-04 19:05:33.536908,Santa Clotilde,9032282,2026-09-05,05/09/2026,8.385,8.385,8.385,8.385,8.385,6.906,6.906,6.906,6.906,6.906,8.385,8.385,8.385,8.385,6.906,6.906,6.906,6.906,Sí,1.479,2026-09-04,04/09/2026,8.46,0,Ajuste aplicado
AH_2026_2027,2026-09-04,2026-09-04 19:05:33.536908,Santa Clotilde,9032282,2026-09-06,06/09/2026,8.338,8.338,8.338,8.338,8.338,6.859,6.859,6.859,6.859,6.859,8.338,8.338,8.338,8.338,6.859,6.859,6.859,6.859,Sí,1.479,2026-09-04,04/09/2026,8.46,0,Ajuste aplicado
AH_2026_2027,2026-09-04,2026-09-04 19:05:33.536908,Santa Clotilde,9032282,2026-09-07,07/09/2026,8.288,8.288,8.288,8.288,8.288,6.809,6.809,6.809,6.809,6.809,8.288,8.288,8.288,8.288,6.809,6.809,6.809,6.809,Sí,1.479,2026-09-04,04/09/2026,8.46,0,Ajuste aplicado
AH_2026_2027,2026-09-04,2026-09-04 19:05:33.536908,Santa Clotilde,9032282,2026-09-08,08/09/2026,8.237,8.237,8.237,8.237,8.237,6.758,6.758,6.758,6.758,6.758,8.237,8.237,8.237,8.237,6.758,6.758,6.758,6.758,Sí,1.479,2026-09-04,04/09/2026,8.46,0,Ajuste aplicado
AH_2026_2027,2026-09-04,2026-09-04 19:05:33.536908,Santa Clotilde,9032282,2026-09-09,09/09/2026,8.222,8.222,8.223,8.222,8.222,6.743,6.743,6.744,6.743,6.743,8.222,8.223,8.222,8.222,6.743,6.744,6.743,6.743,Sí,1.479,2026-09-04,04/09/2026,8.46,0,Ajuste aplicado
AH_2026_2027,2026-09-04,2026-09-04 19:05:33.536908,Santa Clotilde,9032282,2026-09-10,10/09/2026,8.197,8.195,8.199,8.196,8.197,6.718,6.716,6.72,6.717,6.718,8.197,8.199,8.195,8.196,6.718,6.72,6.716,6.717,Sí,1.479,2026-09-04,04/09/2026,8.46,0,Ajuste aplicado
AH_2026_2027,2026-09-04,2026-09-04 19:05:33.536908,Santa María de Nanay,9037738,2026-09-04,04/09/2026,4.06,4.046,4.096,4.047,4.062,3.963,3.949,3.999,3.95,3.965,4.051,4.096,4.047,4.046,3.954,3.999,3.95,3.949,Sí,0.097,2026-09-04,04/09/2026,4.06,0,Ajuste aplicado
AH_2026_2027,2026-09-04,2026-09-04 19:05:33.536908,Santa María de Nanay,9037738,2026-09-05,05/09/2026,3.878,3.714,4.051,3.731,4.019,3.781,3.617,3.954,3.634,3.922,4.009,4.051,3.736,3.714,3.912,3.954,3.639,3.617,Sí,0.097,2026-09-04,04/09/2026,4.06,0,Ajuste aplicado
AH_2026_2027,2026-09-04,2026-09-04 19:05:33.536908,Santa María de Nanay,9037738,2026-09-06,06/09/2026,3.574,3.365,4.012,3.365,3.667,3.477,3.268,3.915,3.268,3.57,3.552,4.012,3.365,3.365,3.455,3.915,3.268,3.268,Sí,0.097,2026-09-04,04/09/2026,4.06,0,Ajuste aplicado
AH_2026_2027,2026-09-04,2026-09-04 19:05:33.536908,Santa María de Nanay,9037738,2026-09-07,07/09/2026,3.637,2.896,4.144,3.333,4.058,3.54,2.799,4.047,3.236,3.961,4.029,4.144,3.478,2.896,3.932,4.047,3.381,2.799,Sí,0.097,2026-09-04,04/09/2026,4.06,0,Ajuste aplicado
AH_2026_2027,2026-09-04,2026-09-04 19:05:33.536908,Santa María de Nanay,9037738,2026-09-08,08/09/2026,4.027,2.446,4.68,3.913,4.605,3.93,2.349,4.583,3.816,4.508,4.58,4.402,4.68,2.446,4.483,4.305,4.583,2.349,Sí,0.097,2026-09-04,04/09/2026,4.06,0,Ajuste aplicado
AH_2026_2027,2026-09-04,2026-09-04 19:05:33.536908,Santa María de Nanay,9037738,2026-09-09,09/09/2026,4.31,2.39,5.08,4.18,5.015,4.213,2.293,4.982,4.083,4.918,4.994,4.777,5.08,2.39,4.897,4.68,4.982,2.293,Sí,0.097,2026-09-04,04/09/2026,4.06,0,Ajuste aplicado
AH_2026_2027,2026-09-04,2026-09-04 19:05:33.536908,Santa María de Nanay,9037738,2026-09-10,10/09/2026,4.324,2.357,5.022,4.276,5.007,4.227,2.26,4.925,4.179,4.91,5.022,4.916,5.003,2.357,4.925,4.819,4.906,2.26,Sí,0.097,2026-09-04,04/09/2026,4.06,0,Ajuste aplicado
AH_2026_2027,2026-09-04,2026-09-04 19:05:33.536908,Santa Rosa,9039635,2026-09-04,04/09/2026,4.09,4.09,4.09,4.09,4.09,3.299,3.299,3.299,3.299,3.299,4.09,4.09,4.09,4.09,3.299,3.299,3.299,3.299,Sí,0.791,2026-09-04,04/09/2026,4.09,0,Ajuste aplicado
AH_2026_2027,2026-09-04,2026-09-04 19:05:33.536908,Santa Rosa,9039635,2026-09-05,05/09/2026,4.057,4.057,4.057,4.057,4.057,3.266,3.266,3.266,3.266,3.266,4.057,4.057,4.057,4.057,3.266,3.266,3.266,3.266,Sí,0.791,2026-09-04,04/09/2026,4.09,0,Ajuste aplicado
AH_2026_2027,2026-09-04,2026-09-04 19:05:33.536908,Santa Rosa,9039635,2026-09-06,06/09/2026,4.036,4.036,4.036,4.036,4.036,3.245,3.245,3.245,3.245,3.245,4.036,4.036,4.036,4.036,3.245,3.245,3.245,3.245,Sí,0.791,2026-09-04,04/09/2026,4.09,0,Ajuste aplicado
AH_2026_2027,2026-09-04,2026-09-04 19:05:33.536908,Santa Rosa,9039635,2026-09-07,07/09/2026,4.017,4.016,4.017,4.016,4.017,3.226,3.225,3.226,3.225,3.226,4.017,4.017,4.016,4.016,3.226,3.226,3.225,3.225,Sí,0.791,2026-09-04,04/09/2026,4.09,0,Ajuste aplicado
AH_2026_2027,2026-09-04,2026-09-04 19:05:33.536908,Santa Rosa,9039635,2026-09-08,08/09/2026,3.991,3.991,3.992,3.991,3.991,3.2,3.2,3.201,3.2,3.2,3.991,3.992,3.991,3.991,3.2,3.201,3.2,3.2,Sí,0.791,2026-09-04,04/09/2026,4.09,0,Ajuste aplicado
AH_2026_2027,2026-09-04,2026-09-04 19:05:33.536908,Santa Rosa,9039635,2026-09-09,09/09/2026,3.986,3.981,3.991,3.984,3.987,3.195,3.19,3.2,3.193,3.196,3.986,3.986,3.981,3.991,3.194,3.195,3.19,3.2,Sí,0.791,2026-09-04,04/09/2026,4.09,0,Ajuste aplicado
AH_2026_2027,2026-09-04,2026-09-04 19:05:33.536908,Santa Rosa,9039635,2026-09-10,10/09/2026,3.983,3.969,4.001,3.977,3.988,3.192,3.178,3.21,3.186,3.197,3.98,3.984,3.969,4.001,3.189,3.193,3.178,3.21,Sí,0.791,2026-09-04,04/09/2026,4.09,0,Ajuste aplicado
AH_2026_2027,2026-09-04,2026-09-04 19:05:33.536908,Tamshiyacu,9038269,2026-09-04,04/09/2026,2.89,2.89,2.89,2.89,2.89,2.358,2.358,2.358,2.358,2.358,2.89,2.89,2.89,2.89,2.358,2.358,2.358,2.358,Sí,0.532,2026-09-04,04/09/2026,2.89,0,Ajuste aplicado
AH_2026_2027,2026-09-04,2026-09-04 19:05:33.536908,Tamshiyacu,9038269,2026-09-05,05/09/2026,2.893,2.893,2.893,2.893,2.893,2.361,2.361,2.361,2.361,2.361,2.893,2.893,2.893,2.893,2.361,2.361,2.361,2.361,Sí,0.532,2026-09-04,04/09/2026,2.89,0,Ajuste aplicado
AH_2026_2027,2026-09-04,2026-09-04 19:05:33.536908,Tamshiyacu,9038269,2026-09-06,06/09/2026,2.914,2.913,2.914,2.913,2.914,2.381,2.381,2.381,2.381,2.381,2.914,2.914,2.913,2.913,2.381,2.381,2.381,2.381,Sí,0.532,2026-09-04,04/09/2026,2.89,0,Ajuste aplicado
AH_2026_2027,2026-09-04,2026-09-04 19:05:33.536908,Tamshiyacu,9038269,2026-09-07,07/09/2026,2.926,2.92,2.932,2.92,2.932,2.394,2.388,2.4,2.388,2.4,2.932,2.932,2.92,2.92,2.4,2.4,2.388,2.388,Sí,0.532,2026-09-04,04/09/2026,2.89,0,Ajuste aplicado
AH_2026_2027,2026-09-04,2026-09-04 19:05:33.536908,Tamshiyacu,9038269,2026-09-08,08/09/2026,2.955,2.952,2.959,2.953,2.957,2.423,2.42,2.427,2.421,2.425,2.959,2.957,2.952,2.953,2.427,2.424,2.42,2.421,Sí,0.532,2026-09-04,04/09/2026,2.89,0,Ajuste aplicado
AH_2026_2027,2026-09-04,2026-09-04 19:05:33.536908,Tamshiyacu,9038269,2026-09-09,09/09/2026,2.968,2.967,2.969,2.967,2.968,2.435,2.435,2.436,2.435,2.436,2.969,2.968,2.967,2.968,2.436,2.435,2.435,2.435,Sí,0.532,2026-09-04,04/09/2026,2.89,0,Ajuste aplicado
AH_2026_2027,2026-09-04,2026-09-04 19:05:33.536908,Tamshiyacu,9038269,2026-09-10,10/09/2026,2.953,2.951,2.954,2.952,2.953,2.42,2.419,2.422,2.42,2.42,2.954,2.952,2.951,2.952,2.422,2.42,2.419,2.42,Sí,0.532,2026-09-04,04/09/2026,2.89,0,Ajuste aplicado
AH_2026_2027,2026-09-04,2026-09-04 19:05:33.536908,Timicurillo,9036459,2026-09-04,04/09/2026,7.83,7.83,7.83,7.83,7.83,5.372,5.372,5.372,5.372,5.372,7.83,7.83,7.83,7.83,5.372,5.372,5.372,5.372,Sí,2.458,2026-09-01,01/09/2026,7.83,3,Offset alto: 2.46 m. Revisar estación.
AH_2026_2027,2026-09-04,2026-09-04 19:05:33.536908,Timicurillo,9036459,2026-09-05,05/09/2026,7.869,7.869,7.869,7.869,7.869,5.411,5.411,5.411,5.411,5.411,7.869,7.869,7.869,7.869,5.411,5.411,5.411,5.411,Sí,2.458,2026-09-01,01/09/2026,7.83,3,Offset alto: 2.46 m. Revisar estación.
AH_2026_2027,2026-09-04,2026-09-04 19:05:33.536908,Timicurillo,9036459,2026-09-06,06/09/2026,7.89,7.888,7.893,7.888,7.891,5.432,5.43,5.435,5.431,5.433,7.89,7.893,7.889,7.888,5.432,5.435,5.431,5.43,Sí,2.458,2026-09-01,01/09/2026,7.83,3,Offset alto: 2.46 m. Revisar estación.
AH_2026_2027,2026-09-04,2026-09-04 19:05:33.536908,Timicurillo,9036459,2026-09-07,07/09/2026,7.947,7.932,7.972,7.934,7.955,5.489,5.474,5.515,5.477,5.497,7.949,7.972,7.935,7.932,5.492,5.515,5.478,5.474,Sí,2.458,2026-09-01,01/09/2026,7.83,3,Offset alto: 2.46 m. Revisar estación.
AH_2026_2027,2026-09-04,2026-09-04 19:05:33.536908,Timicurillo,9036459,2026-09-08,08/09/2026,8.047,7.999,8.125,8.006,8.072,5.589,5.541,5.668,5.549,5.615,8.055,8.125,8.009,7.999,5.597,5.668,5.551,5.541,Sí,2.458,2026-09-01,01/09/2026,7.83,3,Offset alto: 2.46 m. Revisar estación.
AH_2026_2027,2026-09-04,2026-09-04 19:05:33.536908,Timicurillo,9036459,2026-09-09,09/09/2026,8.177,8.134,8.199,8.173,8.19,5.719,5.676,5.742,5.715,5.732,8.187,8.199,8.186,8.134,5.729,5.742,5.728,5.676,Sí,2.458,2026-09-01,01/09/2026,7.83,3,Offset alto: 2.46 m. Revisar estación.
AH_2026_2027,2026-09-04,2026-09-04 19:05:33.536908,Timicurillo,9036459,2026-09-10,10/09/2026,8.248,8.168,8.276,8.246,8.276,5.79,5.71,5.819,5.788,5.818,8.276,8.272,8.276,8.168,5.818,5.814,5.819,5.71,Sí,2.458,2026-09-01,01/09/2026,7.83,3,Offset alto: 2.46 m. Revisar estación.
AH_2026_2027,2026-09-05,2026-09-05 18:25:25.797602,Angamos,9043370,2026-09-05,05/09/2026,0.67,0.67,0.67,0.67,0.67,7.487,7.487,7.487,7.487,7.487,0.67,0.67,0.67,0.67,7.487,7.487,7.487,7.487,Sí,-6.817,2026-09-05,05/09/2026,0.67,0,Offset alto: -6.82 m. Revisar estación.
AH_2026_2027,2026-09-05,2026-09-05 18:25:25.797602,Angamos,9043370,2026-09-06,06/09/2026,0.658,0.657,0.658,0.658,0.658,7.475,7.475,7.475,7.475,7.475,0.658,0.658,0.658,0.657,7.475,7.475,7.475,7.475,Sí,-6.817,2026-09-05,05/09/2026,0.67,0,Offset alto: -6.82 m. Revisar estación.
AH_2026_2027,2026-09-05,2026-09-05 18:25:25.797602,Angamos,9043370,2026-09-07,07/09/2026,0.648,0.647,0.649,0.648,0.649,7.466,7.465,7.466,7.465,7.466,0.649,0.649,0.648,0.647,7.466,7.466,7.466,7.465,Sí,-6.817,2026-09-05,05/09/2026,0.67,0,Offset alto: -6.82 m. Revisar estación.
AH_2026_2027,2026-09-05,2026-09-05 18:25:25.797602,Angamos,9043370,2026-09-08,08/09/2026,0.645,0.642,0.648,0.644,0.648,7.463,7.459,7.465,7.461,7.465,0.648,0.648,0.644,0.642,7.465,7.465,7.462,7.459,Sí,-6.817,2026-09-05,05/09/2026,0.67,0,Offset alto: -6.82 m. Revisar estación.
AH_2026_2027,2026-09-05,2026-09-05 18:25:25.797602,Angamos,9043370,2026-09-09,09/09/2026,0.642,0.626,0.651,0.638,0.651,7.46,7.444,7.468,7.455,7.468,0.651,0.651,0.642,0.626,7.468,7.468,7.459,7.444,Sí,-6.817,2026-09-05,05/09/2026,0.67,0,Offset alto: -6.82 m. Revisar estación.
AH_2026_2027,2026-09-05,2026-09-05 18:25:25.797602,Angamos,9043370,2026-09-10,10/09/2026,0.638,0.622,0.649,0.631,0.649,7.456,7.44,7.466,7.448,7.466,0.649,0.649,0.634,0.622,7.466,7.466,7.451,7.44,Sí,-6.817,2026-09-05,05/09/2026,0.67,0,Offset alto: -6.82 m. Revisar estación.
AH_2026_2027,2026-09-05,2026-09-05 18:25:25.797602,Angamos,9043370,2026-09-11,11/09/2026,0.632,0.621,0.642,0.622,0.642,7.449,7.439,7.459,7.44,7.459,0.642,0.642,0.623,0.621,7.459,7.459,7.44,7.439,Sí,-6.817,2026-09-05,05/09/2026,0.67,0,Offset alto: -6.82 m. Revisar estación.
AH_2026_2027,2026-09-05,2026-09-05 18:25:25.797602,Bellavista,9036028,2026-09-05,05/09/2026,5.19,5.19,5.19,5.19,5.19,5.339,5.339,5.339,5.339,5.339,5.19,5.19,5.19,5.19,5.339,5.339,5.339,5.339,Sí,-0.149,2026-09-05,05/09/2026,5.19,0,Ajuste aplicado
AH_2026_2027,2026-09-05,2026-09-05 18:25:25.797602,Bellavista,9036028,2026-09-06,06/09/2026,5.131,5.131,5.131,5.131,5.131,5.279,5.279,5.279,5.279,5.279,5.131,5.131,5.131,5.131,5.279,5.279,5.279,5.279,Sí,-0.149,2026-09-05,05/09/2026,5.19,0,Ajuste aplicado
AH_2026_2027,2026-09-05,2026-09-05 18:25:25.797602,Bellavista,9036028,2026-09-07,07/09/2026,5.105,5.105,5.105,5.105,5.105,5.254,5.254,5.254,5.254,5.254,5.105,5.105,5.105,5.105,5.254,5.254,5.254,5.254,Sí,-0.149,2026-09-05,05/09/2026,5.19,0,Ajuste aplicado
AH_2026_2027,2026-09-05,2026-09-05 18:25:25.797602,Bellavista,9036028,2026-09-08,08/09/2026,5.078,5.077,5.079,5.078,5.078,5.227,5.226,5.227,5.227,5.227,5.078,5.078,5.077,5.079,5.227,5.227,5.226,5.227,Sí,-0.149,2026-09-05,05/09/2026,5.19,0,Ajuste aplicado
AH_2026_2027,2026-09-05,2026-09-05 18:25:25.797602,Bellavista,9036028,2026-09-09,09/09/2026,5.014,5.003,5.029,5.009,5.016,5.162,5.152,5.177,5.158,5.165,5.011,5.011,5.003,5.029,5.16,5.16,5.152,5.177,Sí,-0.149,2026-09-05,05/09/2026,5.19,0,Ajuste aplicado
AH_2026_2027,2026-09-05,2026-09-05 18:25:25.797602,Bellavista,9036028,2026-09-10,10/09/2026,4.977,4.967,4.988,4.973,4.981,5.126,5.116,5.137,5.122,5.13,4.979,4.976,4.967,4.988,5.127,5.125,5.116,5.137,Sí,-0.149,2026-09-05,05/09/2026,5.19,0,Ajuste aplicado
AH_2026_2027,2026-09-05,2026-09-05 18:25:25.797602,Bellavista,9036028,2026-09-11,11/09/2026,4.951,4.927,4.96,4.948,4.96,5.099,5.076,5.109,5.097,5.109,4.96,4.955,4.927,4.96,5.108,5.104,5.076,5.109,Sí,-0.149,2026-09-05,05/09/2026,5.19,0,Ajuste aplicado
AH_2026_2027,2026-09-05,2026-09-05 18:25:25.797602,Borja,9040208,2026-09-05,05/09/2026,3.8,3.8,3.8,3.8,3.8,4.479,4.479,4.479,4.479,4.479,3.8,3.8,3.8,3.8,4.479,4.479,4.479,4.479,Sí,-0.679,2026-09-05,05/09/2026,3.8,0,Ajuste aplicado
AH_2026_2027,2026-09-05,2026-09-05 18:25:25.797602,Borja,9040208,2026-09-06,06/09/2026,3.862,3.851,3.869,3.859,3.868,4.541,4.53,4.548,4.538,4.547,3.867,3.869,3.862,3.851,4.546,4.548,4.541,4.53,Sí,-0.679,2026-09-05,05/09/2026,3.8,0,Ajuste aplicado
AH_2026_2027,2026-09-05,2026-09-05 18:25:25.797602,Borja,9040208,2026-09-07,07/09/2026,3.891,3.851,3.928,3.881,3.904,4.57,4.53,4.607,4.56,4.583,3.896,3.928,3.891,3.851,4.575,4.607,4.57,4.53,Sí,-0.679,2026-09-05,05/09/2026,3.8,0,Ajuste aplicado
AH_2026_2027,2026-09-05,2026-09-05 18:25:25.797602,Borja,9040208,2026-09-08,08/09/2026,3.916,3.801,3.983,3.904,3.951,4.595,4.48,4.662,4.583,4.63,3.938,3.983,3.941,3.801,4.617,4.662,4.62,4.48,Sí,-0.679,2026-09-05,05/09/2026,3.8,0,Ajuste aplicado
AH_2026_2027,2026-09-05,2026-09-05 18:25:25.797602,Borja,9040208,2026-09-09,09/09/2026,3.935,3.771,4.036,3.906,3.996,4.614,4.45,4.715,4.585,4.676,3.951,4.036,3.983,3.771,4.63,4.715,4.662,4.45,Sí,-0.679,2026-09-05,05/09/2026,3.8,0,Ajuste aplicado
AH_2026_2027,2026-09-05,2026-09-05 18:25:25.797602,Borja,9040208,2026-09-10,10/09/2026,3.944,3.719,4.065,3.908,4.031,4.623,4.398,4.744,4.587,4.71,3.97,4.065,4.02,3.719,4.649,4.744,4.699,4.398,Sí,-0.679,2026-09-05,05/09/2026,3.8,0,Ajuste aplicado
AH_2026_2027,2026-09-05,2026-09-05 18:25:25.797602,Borja,9040208,2026-09-11,11/09/2026,3.933,3.665,4.058,3.894,4.043,4.612,4.344,4.737,4.573,4.722,3.97,4.058,4.037,3.665,4.649,4.737,4.716,4.344,Sí,-0.679,2026-09-05,05/09/2026,3.8,0,Ajuste aplicado
AH_2026_2027,2026-09-05,2026-09-05 18:25:25.797602,Contamana,9053555,2026-09-05,05/09/2026,5.47,5.47,5.47,5.47,5.47,12.862,12.862,12.862,12.862,12.862,5.47,5.47,5.47,5.47,12.862,12.862,12.862,12.862,Sí,-7.392,2026-09-05,05/09/2026,5.47,0,Offset alto: -7.39 m. Revisar estación.
AH_2026_2027,2026-09-05,2026-09-05 18:25:25.797602,Contamana,9053555,2026-09-06,06/09/2026,5.477,5.477,5.477,5.477,5.477,12.87,12.87,12.87,12.87,12.87,5.477,5.477,5.477,5.477,12.87,12.87,12.87,12.87,Sí,-7.392,2026-09-05,05/09/2026,5.47,0,Offset alto: -7.39 m. Revisar estación.
AH_2026_2027,2026-09-05,2026-09-05 18:25:25.797602,Contamana,9053555,2026-09-07,07/09/2026,5.478,5.478,5.478,5.478,5.478,12.871,12.871,12.871,12.871,12.871,5.478,5.478,5.478,5.478,12.871,12.871,12.871,12.871,Sí,-7.392,2026-09-05,05/09/2026,5.47,0,Offset alto: -7.39 m. Revisar estación.
AH_2026_2027,2026-09-05,2026-09-05 18:25:25.797602,Contamana,9053555,2026-09-08,08/09/2026,5.475,5.475,5.475,5.475,5.475,12.868,12.868,12.868,12.868,12.868,5.475,5.475,5.475,5.475,12.868,12.868,12.868,12.868,Sí,-7.392,2026-09-05,05/09/2026,5.47,0,Offset alto: -7.39 m. Revisar estación.
AH_2026_2027,2026-09-05,2026-09-05 18:25:25.797602,Contamana,9053555,2026-09-09,09/09/2026,5.452,5.452,5.452,5.452,5.452,12.845,12.844,12.845,12.845,12.845,5.452,5.452,5.452,5.452,12.845,12.845,12.845,12.844,Sí,-7.392,2026-09-05,05/09/2026,5.47,0,Offset alto: -7.39 m. Revisar estación.
AH_2026_2027,2026-09-05,2026-09-05 18:25:25.797602,Contamana,9053555,2026-09-10,10/09/2026,5.416,5.411,5.419,5.415,5.418,12.808,12.803,12.812,12.808,12.81,5.417,5.417,5.419,5.411,12.809,12.809,12.812,12.803,Sí,-7.392,2026-09-05,05/09/2026,5.47,0,Offset alto: -7.39 m. Revisar estación.
AH_2026_2027,2026-09-05,2026-09-05 18:25:25.797602,Contamana,9053555,2026-09-11,11/09/2026,5.233,5.231,5.234,5.232,5.233,12.625,12.624,12.626,12.625,12.626,5.233,5.232,5.234,5.231,12.625,12.625,12.626,12.624,Sí,-7.392,2026-09-05,05/09/2026,5.47,0,Offset alto: -7.39 m. Revisar estación.
AH_2026_2027,2026-09-05,2026-09-05 18:25:25.797602,ENAPU,9038134,2026-09-05,05/09/2026,4.84,4.829,4.87,4.829,4.841,2.981,2.97,3.011,2.97,2.982,4.831,4.87,4.83,4.829,2.972,3.011,2.97,2.97,Sí,1.859,2026-09-05,05/09/2026,4.84,0,Offset alto: 1.86 m. Revisar estación.
AH_2026_2027,2026-09-05,2026-09-05 18:25:25.797602,ENAPU,9038134,2026-09-06,06/09/2026,5.165,4.814,6.17,4.821,5.181,3.305,2.954,4.31,2.962,3.322,4.852,6.17,4.824,4.814,2.992,4.31,2.965,2.954,Sí,1.859,2026-09-05,05/09/2026,4.84,0,Offset alto: 1.86 m. Revisar estación.
AH_2026_2027,2026-09-05,2026-09-05 18:25:25.797602,ENAPU,9038134,2026-09-07,07/09/2026,69.557,4.838,110.734,42.432,108.454,67.698,2.978,108.875,40.572,106.595,54.963,107.694,4.838,110.734,53.104,105.835,2.978,108.875,Sí,1.859,2026-09-05,05/09/2026,4.84,0,Offset alto: 1.86 m. Revisar estación.
AH_2026_2027,2026-09-05,2026-09-05 18:25:25.797602,ENAPU,9038134,2026-09-08,08/09/2026,84.439,6.046,112.611,83.608,110.381,82.58,4.187,110.752,81.748,108.522,109.461,109.637,6.046,112.611,107.602,107.778,4.187,110.752,Sí,1.859,2026-09-05,05/09/2026,4.84,0,Offset alto: 1.86 m. Revisar estación.
AH_2026_2027,2026-09-05,2026-09-05 18:25:25.797602,ENAPU,9038134,2026-09-09,09/09/2026,97.12,55.297,113.302,96.262,110.799,95.261,53.438,111.443,94.403,108.94,109.917,109.965,55.297,113.302,108.057,108.106,53.438,111.443,Sí,1.859,2026-09-05,05/09/2026,4.84,0,Offset alto: 1.86 m. Revisar estación.
AH_2026_2027,2026-09-05,2026-09-05 18:25:25.797602,ENAPU,9038134,2026-09-10,10/09/2026,98.3,59.701,113.419,97.443,110.897,96.441,57.841,111.56,95.584,109.038,110.024,110.056,59.701,113.419,108.164,108.197,57.841,111.56,Sí,1.859,2026-09-05,05/09/2026,4.84,0,Offset alto: 1.86 m. Revisar estación.
AH_2026_2027,2026-09-05,2026-09-05 18:25:25.797602,ENAPU,9038134,2026-09-11,11/09/2026,98.276,59.805,113.419,97.372,110.843,96.417,57.946,111.56,95.513,108.984,109.895,109.984,59.805,113.419,108.035,108.125,57.946,111.56,Sí,1.859,2026-09-05,05/09/2026,4.84,0,Offset alto: 1.86 m. Revisar estación.
AH_2026_2027,2026-09-05,2026-09-05 18:25:25.797602,Flor de Punga,9044756,2026-09-05,05/09/2026,11.641,11.641,11.641,11.641,11.641,11.641,11.641,11.641,11.641,11.641,11.641,11.641,11.641,11.641,11.641,11.641,11.641,11.641,No,,2026-05-14,14/05/2026,22.8,114,Observado muy antiguo para ajuste: 114 días
AH_2026_2027,2026-09-05,2026-09-05 18:25:25.797602,Flor de Punga,9044756,2026-09-06,06/09/2026,11.779,11.779,11.779,11.779,11.779,11.779,11.779,11.779,11.779,11.779,11.779,11.779,11.779,11.779,11.779,11.779,11.779,11.779,No,,2026-05-14,14/05/2026,22.8,114,Observado muy antiguo para ajuste: 114 días
AH_2026_2027,2026-09-05,2026-09-05 18:25:25.797602,Flor de Punga,9044756,2026-09-07,07/09/2026,11.8,11.8,11.8,11.8,11.8,11.8,11.8,11.8,11.8,11.8,11.8,11.8,11.8,11.8,11.8,11.8,11.8,11.8,No,,2026-05-14,14/05/2026,22.8,114,Observado muy antiguo para ajuste: 114 días
AH_2026_2027,2026-09-05,2026-09-05 18:25:25.797602,Flor de Punga,9044756,2026-09-08,08/09/2026,11.785,11.785,11.786,11.785,11.785,11.785,11.785,11.786,11.785,11.785,11.785,11.785,11.785,11.786,11.785,11.785,11.785,11.786,No,,2026-05-14,14/05/2026,22.8,114,Observado muy antiguo para ajuste: 114 días
AH_2026_2027,2026-09-05,2026-09-05 18:25:25.797602,Flor de Punga,9044756,2026-09-09,09/09/2026,11.763,11.762,11.766,11.763,11.764,11.763,11.762,11.766,11.763,11.764,11.763,11.763,11.762,11.766,11.763,11.763,11.762,11.766,No,,2026-05-14,14/05/2026,22.8,114,Observado muy antiguo para ajuste: 114 días
AH_2026_2027,2026-09-05,2026-09-05 18:25:25.797602,Flor de Punga,9044756,2026-09-10,10/09/2026,11.752,11.744,11.757,11.751,11.754,11.752,11.744,11.757,11.751,11.754,11.753,11.753,11.744,11.757,11.753,11.753,11.744,11.757,No,,2026-05-14,14/05/2026,22.8,114,Observado muy antiguo para ajuste: 114 días
AH_2026_2027,2026-09-05,2026-09-05 18:25:25.797602,Flor de Punga,9044756,2026-09-11,11/09/2026,11.777,11.775,11.781,11.776,11.777,11.777,11.775,11.781,11.776,11.777,11.776,11.776,11.775,11.781,11.776,11.776,11.775,11.781,No,,2026-05-14,14/05/2026,22.8,114,Observado muy antiguo para ajuste: 114 días
AH_2026_2027,2026-09-05,2026-09-05 18:25:25.797602,Genaro Herrera,9042214,2026-09-05,05/09/2026,7.22,7.22,7.22,7.22,7.22,8.396,8.396,8.396,8.396,8.396,7.22,7.22,7.22,7.22,8.396,8.396,8.396,8.396,Sí,-1.176,2026-09-05,05/09/2026,7.22,0,Ajuste aplicado
AH_2026_2027,2026-09-05,2026-09-05 18:25:25.797602,Genaro Herrera,9042214,2026-09-06,06/09/2026,7.283,7.283,7.283,7.283,7.283,8.459,8.459,8.459,8.459,8.459,7.283,7.283,7.283,7.283,8.459,8.459,8.459,8.459,Sí,-1.176,2026-09-05,05/09/2026,7.22,0,Ajuste aplicado
AH_2026_2027,2026-09-05,2026-09-05 18:25:25.797602,Genaro Herrera,9042214,2026-09-07,07/09/2026,7.293,7.293,7.293,7.293,7.293,8.469,8.469,8.47,8.469,8.469,7.293,7.293,7.293,7.293,8.469,8.47,8.469,8.469,Sí,-1.176,2026-09-05,05/09/2026,7.22,0,Ajuste aplicado
AH_2026_2027,2026-09-05,2026-09-05 18:25:25.797602,Genaro Herrera,9042214,2026-09-08,08/09/2026,7.312,7.312,7.312,7.312,7.312,8.489,8.488,8.489,8.489,8.489,7.312,7.312,7.312,7.312,8.489,8.489,8.488,8.489,Sí,-1.176,2026-09-05,05/09/2026,7.22,0,Ajuste aplicado
AH_2026_2027,2026-09-05,2026-09-05 18:25:25.797602,Genaro Herrera,9042214,2026-09-09,09/09/2026,7.314,7.314,7.314,7.314,7.314,8.49,8.49,8.49,8.49,8.49,7.314,7.314,7.314,7.314,8.49,8.49,8.49,8.49,Sí,-1.176,2026-09-05,05/09/2026,7.22,0,Ajuste aplicado
AH_2026_2027,2026-09-05,2026-09-05 18:25:25.797602,Genaro Herrera,9042214,2026-09-10,10/09/2026,7.309,7.309,7.309,7.309,7.309,8.485,8.485,8.486,8.485,8.485,7.309,7.309,7.309,7.309,8.485,8.485,8.485,8.486,Sí,-1.176,2026-09-05,05/09/2026,7.22,0,Ajuste aplicado
AH_2026_2027,2026-09-05,2026-09-05 18:25:25.797602,Genaro Herrera,9042214,2026-09-11,11/09/2026,7.301,7.3,7.302,7.3,7.301,8.477,8.476,8.478,8.477,8.477,7.301,7.301,7.3,7.302,8.477,8.477,8.476,8.478,Sí,-1.176,2026-09-05,05/09/2026,7.22,0,Ajuste aplicado
AH_2026_2027,2026-09-05,2026-09-05 18:25:25.797602,Lagunas,9043597,2026-09-05,05/09/2026,3.9,3.9,3.9,3.9,3.9,5.48,5.48,5.48,5.48,5.48,3.9,3.9,3.9,3.9,5.48,5.48,5.48,5.48,Sí,-1.58,2026-09-05,05/09/2026,3.9,0,Offset alto: -1.58 m. Revisar estación.
AH_2026_2027,2026-09-05,2026-09-05 18:25:25.797602,Lagunas,9043597,2026-09-06,06/09/2026,3.763,3.763,3.763,3.763,3.763,5.343,5.343,5.343,5.343,5.343,3.763,3.763,3.763,3.763,5.343,5.343,5.343,5.343,Sí,-1.58,2026-09-05,05/09/2026,3.9,0,Offset alto: -1.58 m. Revisar estación.
AH_2026_2027,2026-09-05,2026-09-05 18:25:25.797602,Lagunas,9043597,2026-09-07,07/09/2026,3.528,3.528,3.528,3.528,3.528,5.109,5.108,5.109,5.109,5.109,3.528,3.528,3.528,3.528,5.109,5.109,5.109,5.108,Sí,-1.58,2026-09-05,05/09/2026,3.9,0,Offset alto: -1.58 m. Revisar estación.
AH_2026_2027,2026-09-05,2026-09-05 18:25:25.797602,Lagunas,9043597,2026-09-08,08/09/2026,3.308,3.308,3.308,3.308,3.308,4.888,4.888,4.888,4.888,4.888,3.308,3.308,3.308,3.308,4.888,4.888,4.888,4.888,Sí,-1.58,2026-09-05,05/09/2026,3.9,0,Offset alto: -1.58 m. Revisar estación.
AH_2026_2027,2026-09-05,2026-09-05 18:25:25.797602,Lagunas,9043597,2026-09-09,09/09/2026,3.099,3.099,3.1,3.099,3.1,4.68,4.68,4.68,4.68,4.68,3.099,3.1,3.099,3.099,4.68,4.68,4.68,4.68,Sí,-1.58,2026-09-05,05/09/2026,3.9,0,Offset alto: -1.58 m. Revisar estación.
AH_2026_2027,2026-09-05,2026-09-05 18:25:25.797602,Lagunas,9043597,2026-09-10,10/09/2026,3.008,3.007,3.009,3.008,3.009,4.588,4.587,4.589,4.588,4.589,3.009,3.009,3.009,3.007,4.589,4.589,4.589,4.587,Sí,-1.58,2026-09-05,05/09/2026,3.9,0,Offset alto: -1.58 m. Revisar estación.
AH_2026_2027,2026-09-05,2026-09-05 18:25:25.797602,Lagunas,9043597,2026-09-11,11/09/2026,2.958,2.954,2.961,2.958,2.96,4.539,4.534,4.541,4.538,4.54,2.959,2.96,2.961,2.954,4.539,4.54,4.541,4.534,Sí,-1.58,2026-09-05,05/09/2026,3.9,0,Offset alto: -1.58 m. Revisar estación.
AH_2026_2027,2026-09-05,2026-09-05 18:25:25.797602,Nauta,9040454,2026-09-05,05/09/2026,6.48,6.48,6.48,6.48,6.48,5.436,5.436,5.436,5.436,5.436,6.48,6.48,6.48,6.48,5.436,5.436,5.436,5.436,Sí,1.044,2026-09-05,05/09/2026,6.48,0,Ajuste aplicado
AH_2026_2027,2026-09-05,2026-09-05 18:25:25.797602,Nauta,9040454,2026-09-06,06/09/2026,6.507,6.507,6.507,6.507,6.507,5.464,5.464,5.464,5.464,5.464,6.507,6.507,6.507,6.507,5.464,5.464,5.464,5.464,Sí,1.044,2026-09-05,05/09/2026,6.48,0,Ajuste aplicado
AH_2026_2027,2026-09-05,2026-09-05 18:25:25.797602,Nauta,9040454,2026-09-07,07/09/2026,6.513,6.511,6.516,6.511,6.513,5.469,5.468,5.472,5.468,5.469,6.511,6.512,6.511,6.516,5.468,5.468,5.468,5.472,Sí,1.044,2026-09-05,05/09/2026,6.48,0,Ajuste aplicado
AH_2026_2027,2026-09-05,2026-09-05 18:25:25.797602,Nauta,9040454,2026-09-08,08/09/2026,6.5,6.497,6.506,6.498,6.5,5.456,5.454,5.462,5.454,5.456,6.498,6.498,6.497,6.506,5.454,5.454,5.454,5.462,Sí,1.044,2026-09-05,05/09/2026,6.48,0,Ajuste aplicado
AH_2026_2027,2026-09-05,2026-09-05 18:25:25.797602,Nauta,9040454,2026-09-09,09/09/2026,6.428,6.425,6.434,6.426,6.428,5.384,5.382,5.39,5.382,5.384,6.426,6.426,6.425,6.434,5.382,5.382,5.382,5.39,Sí,1.044,2026-09-05,05/09/2026,6.48,0,Ajuste aplicado
AH_2026_2027,2026-09-05,2026-09-05 18:25:25.797602,Nauta,9040454,2026-09-10,10/09/2026,6.373,6.371,6.376,6.371,6.373,5.329,5.328,5.332,5.328,5.329,6.372,6.372,6.371,6.376,5.328,5.328,5.328,5.332,Sí,1.044,2026-09-05,05/09/2026,6.48,0,Ajuste aplicado
AH_2026_2027,2026-09-05,2026-09-05 18:25:25.797602,Nauta,9040454,2026-09-11,11/09/2026,6.296,6.295,6.297,6.295,6.296,5.252,5.251,5.253,5.251,5.252,6.295,6.295,6.295,6.297,5.251,5.252,5.251,5.253,Sí,1.044,2026-09-05,05/09/2026,6.48,0,Ajuste aplicado
AH_2026_2027,2026-09-05,2026-09-05 18:25:25.797602,Puerto Almendra,9037610,2026-09-05,05/09/2026,2.7,2.7,2.7,2.7,2.7,2.509,2.509,2.51,2.509,2.509,2.7,2.7,2.7,2.7,2.509,2.51,2.509,2.509,Sí,0.191,2026-09-05,05/09/2026,2.7,0,Ajuste aplicado
AH_2026_2027,2026-09-05,2026-09-05 18:25:25.797602,Puerto Almendra,9037610,2026-09-06,06/09/2026,2.732,2.722,2.75,2.723,2.736,2.541,2.532,2.559,2.533,2.545,2.731,2.75,2.724,2.722,2.541,2.559,2.533,2.532,Sí,0.191,2026-09-05,05/09/2026,2.7,0,Ajuste aplicado
AH_2026_2027,2026-09-05,2026-09-05 18:25:25.797602,Puerto Almendra,9037610,2026-09-07,07/09/2026,2.795,2.739,2.861,2.748,2.839,2.605,2.548,2.67,2.557,2.648,2.831,2.861,2.739,2.751,2.641,2.67,2.548,2.56,Sí,0.191,2026-09-05,05/09/2026,2.7,0,Ajuste aplicado
AH_2026_2027,2026-09-05,2026-09-05 18:25:25.797602,Puerto Almendra,9037610,2026-09-08,08/09/2026,2.871,2.72,2.987,2.82,2.939,2.68,2.529,2.796,2.63,2.748,2.923,2.987,2.72,2.854,2.732,2.796,2.529,2.663,Sí,0.191,2026-09-05,05/09/2026,2.7,0,Ajuste aplicado
AH_2026_2027,2026-09-05,2026-09-05 18:25:25.797602,Puerto Almendra,9037610,2026-09-09,09/09/2026,2.972,2.655,3.1,2.942,3.098,2.782,2.465,2.909,2.751,2.907,3.037,3.1,2.655,3.097,2.846,2.909,2.465,2.907,Sí,0.191,2026-09-05,05/09/2026,2.7,0,Ajuste aplicado
AH_2026_2027,2026-09-05,2026-09-05 18:25:25.797602,Puerto Almendra,9037610,2026-09-10,10/09/2026,3.164,2.564,3.691,3.008,3.357,2.973,2.373,3.5,2.817,3.166,3.156,3.246,2.564,3.691,2.965,3.055,2.373,3.5,Sí,0.191,2026-09-05,05/09/2026,2.7,0,Ajuste aplicado
AH_2026_2027,2026-09-05,2026-09-05 18:25:25.797602,Puerto Almendra,9037610,2026-09-11,11/09/2026,3.425,2.529,4.545,3.109,3.63,3.235,2.339,4.354,2.918,3.44,3.302,3.325,2.529,4.545,3.112,3.135,2.339,4.354,Sí,0.191,2026-09-05,05/09/2026,2.7,0,Ajuste aplicado
AH_2026_2027,2026-09-05,2026-09-05 18:25:25.797602,Requena,9043425,2026-09-05,05/09/2026,5.76,5.76,5.76,5.76,5.76,5.786,5.786,5.786,5.786,5.786,5.76,5.76,5.76,5.76,5.786,5.786,5.786,5.786,Sí,-0.026,2026-09-05,05/09/2026,5.76,0,Ajuste aplicado
AH_2026_2027,2026-09-05,2026-09-05 18:25:25.797602,Requena,9043425,2026-09-06,06/09/2026,5.706,5.706,5.706,5.706,5.706,5.732,5.732,5.732,5.732,5.732,5.706,5.706,5.706,5.706,5.732,5.732,5.732,5.732,Sí,-0.026,2026-09-05,05/09/2026,5.76,0,Ajuste aplicado
AH_2026_2027,2026-09-05,2026-09-05 18:25:25.797602,Requena,9043425,2026-09-07,07/09/2026,5.619,5.618,5.62,5.618,5.62,5.645,5.645,5.646,5.645,5.646,5.62,5.62,5.618,5.618,5.646,5.646,5.645,5.645,Sí,-0.026,2026-09-05,05/09/2026,5.76,0,Ajuste aplicado
AH_2026_2027,2026-09-05,2026-09-05 18:25:25.797602,Requena,9043425,2026-09-08,08/09/2026,5.544,5.541,5.546,5.544,5.545,5.57,5.567,5.572,5.57,5.572,5.546,5.545,5.541,5.545,5.572,5.571,5.567,5.571,Sí,-0.026,2026-09-05,05/09/2026,5.76,0,Ajuste aplicado
AH_2026_2027,2026-09-05,2026-09-05 18:25:25.797602,Requena,9043425,2026-09-09,09/09/2026,5.527,5.526,5.528,5.527,5.527,5.553,5.553,5.554,5.553,5.553,5.528,5.527,5.526,5.527,5.554,5.553,5.553,5.553,Sí,-0.026,2026-09-05,05/09/2026,5.76,0,Ajuste aplicado
AH_2026_2027,2026-09-05,2026-09-05 18:25:25.797602,Requena,9043425,2026-09-10,10/09/2026,5.507,5.494,5.523,5.495,5.518,5.533,5.52,5.549,5.522,5.544,5.523,5.517,5.494,5.496,5.549,5.543,5.52,5.522,Sí,-0.026,2026-09-05,05/09/2026,5.76,0,Ajuste aplicado
AH_2026_2027,2026-09-05,2026-09-05 18:25:25.797602,Requena,9043425,2026-09-11,11/09/2026,5.457,5.426,5.494,5.428,5.484,5.483,5.452,5.52,5.454,5.51,5.494,5.481,5.426,5.428,5.52,5.507,5.452,5.454,Sí,-0.026,2026-09-05,05/09/2026,5.76,0,Ajuste aplicado
AH_2026_2027,2026-09-05,2026-09-05 18:25:25.797602,San Lorenzo,9042153,2026-09-05,05/09/2026,9.741,9.741,9.741,9.741,9.741,9.741,9.741,9.741,9.741,9.741,9.741,9.741,9.741,9.741,9.741,9.741,9.741,9.741,No,,2025-09-30,30/09/2025,7.19,340,Observado muy antiguo para ajuste: 340 días
AH_2026_2027,2026-09-05,2026-09-05 18:25:25.797602,San Lorenzo,9042153,2026-09-06,06/09/2026,9.743,9.743,9.743,9.743,9.743,9.743,9.743,9.743,9.743,9.743,9.743,9.743,9.743,9.743,9.743,9.743,9.743,9.743,No,,2025-09-30,30/09/2025,7.19,340,Observado muy antiguo para ajuste: 340 días
AH_2026_2027,2026-09-05,2026-09-05 18:25:25.797602,San Lorenzo,9042153,2026-09-07,07/09/2026,9.757,9.756,9.757,9.757,9.757,9.757,9.756,9.757,9.757,9.757,9.757,9.757,9.757,9.756,9.757,9.757,9.757,9.756,No,,2025-09-30,30/09/2025,7.19,340,Observado muy antiguo para ajuste: 340 días
AH_2026_2027,2026-09-05,2026-09-05 18:25:25.797602,San Lorenzo,9042153,2026-09-08,08/09/2026,9.79,9.775,9.807,9.782,9.796,9.79,9.775,9.807,9.782,9.796,9.793,9.807,9.784,9.775,9.793,9.807,9.784,9.775,No,,2025-09-30,30/09/2025,7.19,340,Observado muy antiguo para ajuste: 340 días
AH_2026_2027,2026-09-05,2026-09-05 18:25:25.797602,San Lorenzo,9042153,2026-09-09,09/09/2026,9.825,9.791,9.839,9.822,9.839,9.825,9.791,9.839,9.822,9.839,9.839,9.839,9.833,9.791,9.839,9.839,9.833,9.791,No,,2025-09-30,30/09/2025,7.19,340,Observado muy antiguo para ajuste: 340 días
AH_2026_2027,2026-09-05,2026-09-05 18:25:25.797602,San Lorenzo,9042153,2026-09-10,10/09/2026,9.835,9.764,9.884,9.821,9.86,9.835,9.764,9.884,9.821,9.86,9.852,9.884,9.839,9.764,9.852,9.884,9.839,9.764,No,,2025-09-30,30/09/2025,7.19,340,Observado muy antiguo para ajuste: 340 días
AH_2026_2027,2026-09-05,2026-09-05 18:25:25.797602,San Lorenzo,9042153,2026-09-11,11/09/2026,9.846,9.735,9.898,9.839,9.883,9.846,9.735,9.898,9.839,9.883,9.874,9.898,9.878,9.735,9.874,9.898,9.878,9.735,No,,2025-09-30,30/09/2025,7.19,340,Observado muy antiguo para ajuste: 340 días
AH_2026_2027,2026-09-05,2026-09-05 18:25:25.797602,San Regis,9040439,2026-09-05,05/09/2026,5.36,5.36,5.36,5.36,5.36,5.662,5.662,5.662,5.662,5.662,5.36,5.36,5.36,5.36,5.662,5.662,5.662,5.662,Sí,-0.302,2026-09-05,05/09/2026,5.36,0,Ajuste aplicado
AH_2026_2027,2026-09-05,2026-09-05 18:25:25.797602,San Regis,9040439,2026-09-06,06/09/2026,5.387,5.387,5.387,5.387,5.387,5.689,5.689,5.689,5.689,5.689,5.387,5.387,5.387,5.387,5.689,5.689,5.689,5.689,Sí,-0.302,2026-09-05,05/09/2026,5.36,0,Ajuste aplicado
AH_2026_2027,2026-09-05,2026-09-05 18:25:25.797602,San Regis,9040439,2026-09-07,07/09/2026,5.356,5.356,5.356,5.356,5.356,5.658,5.658,5.658,5.658,5.658,5.356,5.356,5.356,5.356,5.658,5.658,5.658,5.658,Sí,-0.302,2026-09-05,05/09/2026,5.36,0,Ajuste aplicado
AH_2026_2027,2026-09-05,2026-09-05 18:25:25.797602,San Regis,9040439,2026-09-08,08/09/2026,5.299,5.299,5.299,5.299,5.299,5.601,5.601,5.601,5.601,5.601,5.299,5.299,5.299,5.299,5.601,5.601,5.601,5.601,Sí,-0.302,2026-09-05,05/09/2026,5.36,0,Ajuste aplicado
AH_2026_2027,2026-09-05,2026-09-05 18:25:25.797602,San Regis,9040439,2026-09-09,09/09/2026,5.262,5.262,5.262,5.262,5.262,5.564,5.564,5.565,5.564,5.565,5.262,5.262,5.262,5.262,5.565,5.565,5.564,5.565,Sí,-0.302,2026-09-05,05/09/2026,5.36,0,Ajuste aplicado
AH_2026_2027,2026-09-05,2026-09-05 18:25:25.797602,San Regis,9040439,2026-09-10,10/09/2026,5.204,5.204,5.204,5.204,5.204,5.506,5.506,5.506,5.506,5.506,5.204,5.204,5.204,5.204,5.506,5.506,5.506,5.506,Sí,-0.302,2026-09-05,05/09/2026,5.36,0,Ajuste aplicado
AH_2026_2027,2026-09-05,2026-09-05 18:25:25.797602,San Regis,9040439,2026-09-11,11/09/2026,5.137,5.134,5.139,5.136,5.138,5.439,5.436,5.441,5.438,5.44,5.138,5.137,5.134,5.139,5.44,5.439,5.436,5.441,Sí,-0.302,2026-09-05,05/09/2026,5.36,0,Ajuste aplicado
AH_2026_2027,2026-09-05,2026-09-05 18:25:25.797602,Santa Clotilde,9032282,2026-09-05,05/09/2026,8.25,8.25,8.25,8.25,8.25,6.91,6.91,6.91,6.91,6.91,8.25,8.25,8.25,8.25,6.91,6.91,6.91,6.91,Sí,1.34,2026-09-05,05/09/2026,8.25,0,Ajuste aplicado
AH_2026_2027,2026-09-05,2026-09-05 18:25:25.797602,Santa Clotilde,9032282,2026-09-06,06/09/2026,8.199,8.199,8.199,8.199,8.199,6.859,6.859,6.859,6.859,6.859,8.199,8.199,8.199,8.199,6.859,6.859,6.859,6.859,Sí,1.34,2026-09-05,05/09/2026,8.25,0,Ajuste aplicado
AH_2026_2027,2026-09-05,2026-09-05 18:25:25.797602,Santa Clotilde,9032282,2026-09-07,07/09/2026,8.151,8.15,8.152,8.15,8.151,6.811,6.81,6.811,6.81,6.811,8.152,8.151,8.15,8.15,6.811,6.811,6.81,6.81,Sí,1.34,2026-09-05,05/09/2026,8.25,0,Ajuste aplicado
AH_2026_2027,2026-09-05,2026-09-05 18:25:25.797602,Santa Clotilde,9032282,2026-09-08,08/09/2026,8.1,8.099,8.103,8.099,8.101,6.76,6.759,6.763,6.759,6.761,8.103,8.1,8.099,8.099,6.763,6.76,6.759,6.759,Sí,1.34,2026-09-05,05/09/2026,8.25,0,Ajuste aplicado
AH_2026_2027,2026-09-05,2026-09-05 18:25:25.797602,Santa Clotilde,9032282,2026-09-09,09/09/2026,8.088,8.085,8.093,8.086,8.091,6.748,6.745,6.753,6.746,6.751,8.093,8.09,8.085,8.086,6.753,6.75,6.745,6.746,Sí,1.34,2026-09-05,05/09/2026,8.25,0,Ajuste aplicado
AH_2026_2027,2026-09-05,2026-09-05 18:25:25.797602,Santa Clotilde,9032282,2026-09-10,10/09/2026,8.074,8.059,8.089,8.062,8.085,6.734,6.719,6.749,6.722,6.745,8.089,8.084,8.059,8.064,6.749,6.744,6.719,6.723,Sí,1.34,2026-09-05,05/09/2026,8.25,0,Ajuste aplicado
AH_2026_2027,2026-09-05,2026-09-05 18:25:25.797602,Santa Clotilde,9032282,2026-09-11,11/09/2026,8.064,8.045,8.085,8.054,8.072,6.724,6.705,6.745,6.714,6.732,8.085,8.068,8.045,8.057,6.745,6.728,6.705,6.717,Sí,1.34,2026-09-05,05/09/2026,8.25,0,Ajuste aplicado
AH_2026_2027,2026-09-05,2026-09-05 18:25:25.797602,Santa María de Nanay,9037738,2026-09-05,05/09/2026,4.02,4.012,4.031,4.015,4.023,3.941,3.933,3.953,3.937,3.945,4.021,4.031,4.017,4.012,3.942,3.953,3.938,3.933,Sí,0.079,2026-09-05,05/09/2026,4.02,0,Ajuste aplicado
AH_2026_2027,2026-09-05,2026-09-05 18:25:25.797602,Santa María de Nanay,9037738,2026-09-06,06/09/2026,3.966,3.785,4.141,3.828,4.108,3.887,3.706,4.062,3.749,4.029,4.097,4.141,3.842,3.785,4.018,4.062,3.763,3.706,Sí,0.079,2026-09-05,05/09/2026,4.02,0,Ajuste aplicado
AH_2026_2027,2026-09-05,2026-09-05 18:25:25.797602,Santa María de Nanay,9037738,2026-09-07,07/09/2026,4.098,3.672,4.32,3.991,4.306,4.019,3.593,4.241,3.912,4.227,4.302,4.32,3.672,4.097,4.223,4.241,3.593,4.018,Sí,0.079,2026-09-05,05/09/2026,4.02,0,Ajuste aplicado
AH_2026_2027,2026-09-05,2026-09-05 18:25:25.797602,Santa María de Nanay,9037738,2026-09-08,08/09/2026,4.303,3.539,4.665,4.221,4.585,4.224,3.461,4.586,4.142,4.506,4.448,4.559,3.539,4.665,4.369,4.48,3.461,4.586,Sí,0.079,2026-09-05,05/09/2026,4.02,0,Ajuste aplicado
AH_2026_2027,2026-09-05,2026-09-05 18:25:25.797602,Santa María de Nanay,9037738,2026-09-09,09/09/2026,4.448,3.486,5.278,4.192,4.769,4.369,3.408,5.199,4.113,4.691,4.427,4.6,3.486,5.278,4.348,4.521,3.408,5.199,Sí,0.079,2026-09-05,05/09/2026,4.02,0,Ajuste aplicado
AH_2026_2027,2026-09-05,2026-09-05 18:25:25.797602,Santa María de Nanay,9037738,2026-09-10,10/09/2026,4.568,3.492,5.867,4.122,4.903,4.489,3.413,5.788,4.043,4.824,4.332,4.581,3.492,5.867,4.253,4.503,3.413,5.788,Sí,0.079,2026-09-05,05/09/2026,4.02,0,Ajuste aplicado
AH_2026_2027,2026-09-05,2026-09-05 18:25:25.797602,Santa María de Nanay,9037738,2026-09-11,11/09/2026,4.347,3.476,5.33,4.035,4.602,4.268,3.398,5.251,3.956,4.523,4.221,4.359,3.476,5.33,4.143,4.281,3.398,5.251,Sí,0.079,2026-09-05,05/09/2026,4.02,0,Ajuste aplicado
AH_2026_2027,2026-09-05,2026-09-05 18:25:25.797602,Santa Rosa,9039635,2026-09-05,05/09/2026,4.02,4.02,4.02,4.02,4.02,3.27,3.27,3.27,3.27,3.27,4.02,4.02,4.02,4.02,3.27,3.27,3.27,3.27,Sí,0.75,2026-09-05,05/09/2026,4.02,0,Ajuste aplicado
AH_2026_2027,2026-09-05,2026-09-05 18:25:25.797602,Santa Rosa,9039635,2026-09-06,06/09/2026,3.999,3.999,3.999,3.999,3.999,3.249,3.249,3.249,3.249,3.249,3.999,3.999,3.999,3.999,3.249,3.249,3.249,3.249,Sí,0.75,2026-09-05,05/09/2026,4.02,0,Ajuste aplicado
AH_2026_2027,2026-09-05,2026-09-05 18:25:25.797602,Santa Rosa,9039635,2026-09-07,07/09/2026,3.995,3.995,3.995,3.995,3.995,3.245,3.245,3.245,3.245,3.245,3.995,3.995,3.995,3.995,3.245,3.245,3.245,3.245,Sí,0.75,2026-09-05,05/09/2026,4.02,0,Ajuste aplicado
AH_2026_2027,2026-09-05,2026-09-05 18:25:25.797602,Santa Rosa,9039635,2026-09-08,08/09/2026,3.997,3.995,3.998,3.995,3.998,3.246,3.245,3.247,3.245,3.247,3.998,3.998,3.995,3.995,3.247,3.247,3.245,3.245,Sí,0.75,2026-09-05,05/09/2026,4.02,0,Ajuste aplicado
AH_2026_2027,2026-09-05,2026-09-05 18:25:25.797602,Santa Rosa,9039635,2026-09-09,09/09/2026,4.009,3.997,4.027,3.998,4.018,3.259,3.246,3.276,3.248,3.268,4.027,4.015,3.997,3.999,3.276,3.265,3.246,3.249,Sí,0.75,2026-09-05,05/09/2026,4.02,0,Ajuste aplicado
AH_2026_2027,2026-09-05,2026-09-05 18:25:25.797602,Santa Rosa,9039635,2026-09-10,10/09/2026,4.025,3.999,4.049,4.016,4.034,3.275,3.248,3.299,3.266,3.284,4.049,4.029,3.999,4.022,3.299,3.279,3.248,3.272,Sí,0.75,2026-09-05,05/09/2026,4.02,0,Ajuste aplicado
AH_2026_2027,2026-09-05,2026-09-05 18:25:25.797602,Santa Rosa,9039635,2026-09-11,11/09/2026,4.03,3.997,4.049,4.021,4.046,3.28,3.246,3.299,3.271,3.296,4.046,4.029,3.997,4.049,3.295,3.279,3.246,3.299,Sí,0.75,2026-09-05,05/09/2026,4.02,0,Ajuste aplicado
AH_2026_2027,2026-09-05,2026-09-05 18:25:25.797602,Tamshiyacu,9038269,2026-09-05,05/09/2026,2.69,2.69,2.69,2.69,2.69,2.368,2.368,2.368,2.368,2.368,2.69,2.69,2.69,2.69,2.368,2.368,2.368,2.368,Sí,0.322,2026-09-05,05/09/2026,2.69,0,Ajuste aplicado
AH_2026_2027,2026-09-05,2026-09-05 18:25:25.797602,Tamshiyacu,9038269,2026-09-06,06/09/2026,2.707,2.707,2.707,2.707,2.707,2.385,2.385,2.385,2.385,2.385,2.707,2.707,2.707,2.707,2.385,2.385,2.385,2.385,Sí,0.322,2026-09-05,05/09/2026,2.69,0,Ajuste aplicado
AH_2026_2027,2026-09-05,2026-09-05 18:25:25.797602,Tamshiyacu,9038269,2026-09-07,07/09/2026,2.727,2.711,2.733,2.727,2.733,2.405,2.389,2.411,2.405,2.411,2.733,2.733,2.711,2.732,2.411,2.411,2.389,2.41,Sí,0.322,2026-09-05,05/09/2026,2.69,0,Ajuste aplicado
AH_2026_2027,2026-09-05,2026-09-05 18:25:25.797602,Tamshiyacu,9038269,2026-09-08,08/09/2026,2.757,2.755,2.758,2.757,2.758,2.435,2.434,2.436,2.435,2.436,2.758,2.758,2.755,2.758,2.436,2.436,2.434,2.436,Sí,0.322,2026-09-05,05/09/2026,2.69,0,Ajuste aplicado
AH_2026_2027,2026-09-05,2026-09-05 18:25:25.797602,Tamshiyacu,9038269,2026-09-09,09/09/2026,2.763,2.759,2.772,2.76,2.763,2.441,2.437,2.45,2.438,2.441,2.76,2.76,2.759,2.772,2.438,2.438,2.437,2.45,Sí,0.322,2026-09-05,05/09/2026,2.69,0,Ajuste aplicado
AH_2026_2027,2026-09-05,2026-09-05 18:25:25.797602,Tamshiyacu,9038269,2026-09-10,10/09/2026,2.754,2.749,2.758,2.753,2.756,2.432,2.427,2.436,2.431,2.434,2.755,2.755,2.749,2.758,2.433,2.433,2.427,2.436,Sí,0.322,2026-09-05,05/09/2026,2.69,0,Ajuste aplicado
AH_2026_2027,2026-09-05,2026-09-05 18:25:25.797602,Tamshiyacu,9038269,2026-09-11,11/09/2026,2.71,2.71,2.711,2.71,2.71,2.388,2.388,2.389,2.388,2.388,2.71,2.71,2.71,2.711,2.388,2.388,2.388,2.389,Sí,0.322,2026-09-05,05/09/2026,2.69,0,Ajuste aplicado
AH_2026_2027,2026-09-05,2026-09-05 18:25:25.797602,Timicurillo,9036459,2026-09-05,05/09/2026,7.83,7.83,7.83,7.83,7.83,5.412,5.412,5.413,5.412,5.413,7.83,7.83,7.83,7.83,5.413,5.413,5.412,5.412,Sí,2.418,2026-09-01,01/09/2026,7.83,4,Offset alto: 2.42 m. Revisar estación.
AH_2026_2027,2026-09-05,2026-09-05 18:25:25.797602,Timicurillo,9036459,2026-09-06,06/09/2026,7.854,7.853,7.855,7.853,7.855,5.437,5.436,5.438,5.436,5.437,7.855,7.855,7.853,7.853,5.437,5.438,5.436,5.436,Sí,2.418,2026-09-01,01/09/2026,7.83,4,Offset alto: 2.42 m. Revisar estación.
AH_2026_2027,2026-09-05,2026-09-05 18:25:25.797602,Timicurillo,9036459,2026-09-07,07/09/2026,7.943,7.938,7.951,7.939,7.947,5.526,5.52,5.534,5.521,5.529,7.945,7.951,7.938,7.939,5.528,5.534,5.52,5.522,Sí,2.418,2026-09-01,01/09/2026,7.83,4,Offset alto: 2.42 m. Revisar estación.
AH_2026_2027,2026-09-05,2026-09-05 18:25:25.797602,Timicurillo,9036459,2026-09-08,08/09/2026,8.129,8.099,8.14,8.129,8.139,5.712,5.681,5.722,5.711,5.722,8.139,8.139,8.099,8.14,5.721,5.722,5.681,5.722,Sí,2.418,2026-09-01,01/09/2026,7.83,4,Offset alto: 2.42 m. Revisar estación.
AH_2026_2027,2026-09-05,2026-09-05 18:25:25.797602,Timicurillo,9036459,2026-09-09,09/09/2026,8.207,8.147,8.236,8.204,8.227,5.79,5.73,5.818,5.786,5.809,8.223,8.224,8.147,8.236,5.805,5.806,5.73,5.818,Sí,2.418,2026-09-01,01/09/2026,7.83,4,Offset alto: 2.42 m. Revisar estación.
AH_2026_2027,2026-09-05,2026-09-05 18:25:25.797602,Timicurillo,9036459,2026-09-10,10/09/2026,8.271,8.177,8.428,8.222,8.289,5.854,5.759,6.011,5.805,5.871,8.237,8.242,8.177,8.428,5.82,5.825,5.759,6.011,Sí,2.418,2026-09-01,01/09/2026,7.83,4,Offset alto: 2.42 m. Revisar estación.
AH_2026_2027,2026-09-05,2026-09-05 18:25:25.797602,Timicurillo,9036459,2026-09-11,11/09/2026,8.364,8.15,8.813,8.22,8.391,5.946,5.732,6.396,5.802,5.973,8.243,8.25,8.15,8.813,5.826,5.832,5.732,6.396,Sí,2.418,2026-09-01,01/09/2026,7.83,4,Offset alto: 2.42 m. Revisar estación.
AH_2026_2027,2026-09-06,2026-09-06 18:22:50.835640,Angamos,9043370,2026-09-06,06/09/2026,0.67,0.67,0.67,0.67,0.67,7.474,7.473,7.474,7.473,7.474,0.67,0.67,0.67,0.67,7.474,7.474,7.473,7.473,Sí,-6.804,2026-09-05,05/09/2026,0.67,1,Offset alto: -6.80 m. Revisar estación.
AH_2026_2027,2026-09-06,2026-09-06 18:22:50.835640,Angamos,9043370,2026-09-07,07/09/2026,0.669,0.66,0.681,0.661,0.675,7.472,7.464,7.485,7.464,7.479,0.681,0.673,0.661,0.66,7.485,7.477,7.464,7.464,Sí,-6.804,2026-09-05,05/09/2026,0.67,1,Offset alto: -6.80 m. Revisar estación.
AH_2026_2027,2026-09-06,2026-09-06 18:22:50.835640,Angamos,9043370,2026-09-08,08/09/2026,1.024,0.655,1.617,0.659,1.277,7.827,7.459,8.421,7.462,8.08,1.617,1.163,0.66,0.655,8.421,7.967,7.463,7.459,Sí,-6.804,2026-09-05,05/09/2026,0.67,1,Offset alto: -6.80 m. Revisar estación.
AH_2026_2027,2026-09-06,2026-09-06 18:22:50.835640,Angamos,9043370,2026-09-09,09/09/2026,1.852,0.655,3.384,0.659,2.877,8.655,7.459,10.188,7.462,9.681,3.384,2.708,0.66,0.655,10.188,9.512,7.463,7.459,Sí,-6.804,2026-09-05,05/09/2026,0.67,1,Offset alto: -6.80 m. Revisar estación.
AH_2026_2027,2026-09-06,2026-09-06 18:22:50.835640,Angamos,9043370,2026-09-10,10/09/2026,2.065,0.655,3.626,0.659,3.396,8.869,7.458,10.43,7.462,10.2,3.626,3.319,0.66,0.655,10.43,10.123,7.463,7.458,Sí,-6.804,2026-09-05,05/09/2026,0.67,1,Offset alto: -6.80 m. Revisar estación.
AH_2026_2027,2026-09-06,2026-09-06 18:22:50.835640,Angamos,9043370,2026-09-11,11/09/2026,2.124,0.641,3.626,0.652,3.587,8.928,7.444,10.43,7.455,10.39,3.626,3.574,0.655,0.641,10.43,10.377,7.459,7.444,Sí,-6.804,2026-09-05,05/09/2026,0.67,1,Offset alto: -6.80 m. Revisar estación.
AH_2026_2027,2026-09-06,2026-09-06 18:22:50.835640,Angamos,9043370,2026-09-12,12/09/2026,2.056,0.636,3.626,0.637,3.401,8.86,7.439,10.43,7.44,10.205,3.626,3.326,0.637,0.636,10.43,10.13,7.441,7.439,Sí,-6.804,2026-09-05,05/09/2026,0.67,1,Offset alto: -6.80 m. Revisar estación.
AH_2026_2027,2026-09-06,2026-09-06 18:22:50.835640,Bellavista,9036028,2026-09-06,06/09/2026,5.19,5.19,5.19,5.19,5.19,5.279,5.279,5.279,5.279,5.279,5.19,5.19,5.19,5.19,5.279,5.279,5.279,5.279,Sí,-0.089,2026-09-05,05/09/2026,5.19,1,Ajuste aplicado
AH_2026_2027,2026-09-06,2026-09-06 18:22:50.835640,Bellavista,9036028,2026-09-07,07/09/2026,5.162,5.162,5.162,5.162,5.162,5.252,5.252,5.252,5.252,5.252,5.162,5.162,5.162,5.162,5.252,5.252,5.252,5.252,Sí,-0.089,2026-09-05,05/09/2026,5.19,1,Ajuste aplicado
AH_2026_2027,2026-09-06,2026-09-06 18:22:50.835640,Bellavista,9036028,2026-09-08,08/09/2026,5.135,5.135,5.135,5.135,5.135,5.225,5.225,5.225,5.225,5.225,5.135,5.135,5.135,5.135,5.225,5.225,5.225,5.225,Sí,-0.089,2026-09-05,05/09/2026,5.19,1,Ajuste aplicado
AH_2026_2027,2026-09-06,2026-09-06 18:22:50.835640,Bellavista,9036028,2026-09-09,09/09/2026,5.066,5.065,5.068,5.065,5.066,5.155,5.155,5.157,5.155,5.155,5.065,5.066,5.065,5.068,5.155,5.155,5.155,5.157,Sí,-0.089,2026-09-05,05/09/2026,5.19,1,Ajuste aplicado
AH_2026_2027,2026-09-06,2026-09-06 18:22:50.835640,Bellavista,9036028,2026-09-10,10/09/2026,5.032,5.029,5.037,5.031,5.033,5.121,5.118,5.126,5.12,5.122,5.031,5.031,5.029,5.037,5.12,5.12,5.118,5.126,Sí,-0.089,2026-09-05,05/09/2026,5.19,1,Ajuste aplicado
AH_2026_2027,2026-09-06,2026-09-06 18:22:50.835640,Bellavista,9036028,2026-09-11,11/09/2026,5.0,4.992,5.016,4.995,5.001,5.089,5.081,5.105,5.084,5.09,4.996,4.995,4.992,5.016,5.085,5.085,5.081,5.105,Sí,-0.089,2026-09-05,05/09/2026,5.19,1,Ajuste aplicado
AH_2026_2027,2026-09-06,2026-09-06 18:22:50.835640,Bellavista,9036028,2026-09-12,12/09/2026,4.975,4.968,4.985,4.97,4.978,5.064,5.057,5.075,5.06,5.067,4.975,4.971,4.968,4.985,5.064,5.06,5.057,5.075,Sí,-0.089,2026-09-05,05/09/2026,5.19,1,Ajuste aplicado
AH_2026_2027,2026-09-06,2026-09-06 18:22:50.835640,Borja,9040208,2026-09-06,06/09/2026,3.8,3.8,3.8,3.8,3.8,4.547,4.546,4.547,4.547,4.547,3.8,3.8,3.8,3.8,4.547,4.547,4.547,4.546,Sí,-0.747,2026-09-05,05/09/2026,3.8,1,Ajuste aplicado
AH_2026_2027,2026-09-06,2026-09-06 18:22:50.835640,Borja,9040208,2026-09-07,07/09/2026,3.826,3.822,3.828,3.824,3.828,4.573,4.568,4.575,4.571,4.575,3.828,3.828,3.825,3.822,4.575,4.575,4.572,4.568,Sí,-0.747,2026-09-05,05/09/2026,3.8,1,Ajuste aplicado
AH_2026_2027,2026-09-06,2026-09-06 18:22:50.835640,Borja,9040208,2026-09-08,08/09/2026,3.859,3.827,3.884,3.839,3.884,4.606,4.573,4.631,4.585,4.63,3.884,3.883,3.843,3.827,4.631,4.63,4.589,4.573,Sí,-0.747,2026-09-05,05/09/2026,3.8,1,Ajuste aplicado
AH_2026_2027,2026-09-06,2026-09-06 18:22:50.835640,Borja,9040208,2026-09-09,09/09/2026,3.916,3.847,3.98,3.874,3.96,4.662,4.593,4.727,4.621,4.706,3.98,3.953,3.847,3.883,4.727,4.7,4.593,4.63,Sí,-0.747,2026-09-05,05/09/2026,3.8,1,Ajuste aplicado
AH_2026_2027,2026-09-06,2026-09-06 18:22:50.835640,Borja,9040208,2026-09-10,10/09/2026,3.971,3.825,4.063,3.942,4.028,4.718,4.572,4.809,4.688,4.774,4.063,4.016,3.825,3.981,4.809,4.763,4.572,4.727,Sí,-0.747,2026-09-05,05/09/2026,3.8,1,Ajuste aplicado
AH_2026_2027,2026-09-06,2026-09-06 18:22:50.835640,Borja,9040208,2026-09-11,11/09/2026,3.988,3.784,4.115,3.965,4.051,4.735,4.53,4.862,4.712,4.797,4.115,4.029,3.784,4.026,4.862,4.776,4.53,4.772,Sí,-0.747,2026-09-05,05/09/2026,3.8,1,Ajuste aplicado
AH_2026_2027,2026-09-06,2026-09-06 18:22:50.835640,Borja,9040208,2026-09-12,12/09/2026,3.933,3.705,4.031,3.925,4.007,4.68,4.451,4.778,4.671,4.754,4.031,3.998,3.705,3.999,4.778,4.744,4.451,4.746,Sí,-0.747,2026-09-05,05/09/2026,3.8,1,Ajuste aplicado
AH_2026_2027,2026-09-06,2026-09-06 18:22:50.835640,Contamana,9053555,2026-09-06,06/09/2026,5.47,5.47,5.47,5.47,5.47,12.87,12.87,12.87,12.87,12.87,5.47,5.47,5.47,5.47,12.87,12.87,12.87,12.87,Sí,-7.4,2026-09-05,05/09/2026,5.47,1,Offset alto: -7.40 m. Revisar estación.
AH_2026_2027,2026-09-06,2026-09-06 18:22:50.835640,Contamana,9053555,2026-09-07,07/09/2026,5.471,5.471,5.471,5.471,5.471,12.871,12.871,12.871,12.871,12.871,5.471,5.471,5.471,5.471,12.871,12.871,12.871,12.871,Sí,-7.4,2026-09-05,05/09/2026,5.47,1,Offset alto: -7.40 m. Revisar estación.
AH_2026_2027,2026-09-06,2026-09-06 18:22:50.835640,Contamana,9053555,2026-09-08,08/09/2026,5.468,5.468,5.468,5.468,5.468,12.868,12.868,12.868,12.868,12.868,5.468,5.468,5.468,5.468,12.868,12.868,12.868,12.868,Sí,-7.4,2026-09-05,05/09/2026,5.47,1,Offset alto: -7.40 m. Revisar estación.
AH_2026_2027,2026-09-06,2026-09-06 18:22:50.835640,Contamana,9053555,2026-09-09,09/09/2026,5.444,5.444,5.444,5.444,5.444,12.844,12.844,12.844,12.844,12.844,5.444,5.444,5.444,5.444,12.844,12.844,12.844,12.844,Sí,-7.4,2026-09-05,05/09/2026,5.47,1,Offset alto: -7.40 m. Revisar estación.
AH_2026_2027,2026-09-06,2026-09-06 18:22:50.835640,Contamana,9053555,2026-09-10,10/09/2026,5.398,5.394,5.408,5.395,5.398,12.798,12.794,12.808,12.794,12.798,5.394,5.395,5.395,5.408,12.794,12.794,12.795,12.808,Sí,-7.4,2026-09-05,05/09/2026,5.47,1,Offset alto: -7.40 m. Revisar estación.
AH_2026_2027,2026-09-06,2026-09-06 18:22:50.835640,Contamana,9053555,2026-09-11,11/09/2026,5.251,5.203,5.384,5.204,5.254,12.651,12.603,12.784,12.604,12.654,5.203,5.205,5.211,5.384,12.603,12.604,12.611,12.784,Sí,-7.4,2026-09-05,05/09/2026,5.47,1,Offset alto: -7.40 m. Revisar estación.
AH_2026_2027,2026-09-06,2026-09-06 18:22:50.835640,Contamana,9053555,2026-09-12,12/09/2026,5.026,4.912,5.355,4.913,5.032,12.426,12.312,12.754,12.312,12.432,4.912,4.913,4.925,5.355,12.312,12.313,12.324,12.754,Sí,-7.4,2026-09-05,05/09/2026,5.47,1,Offset alto: -7.40 m. Revisar estación.
AH_2026_2027,2026-09-06,2026-09-06 18:22:50.835640,ENAPU,9038134,2026-09-06,06/09/2026,4.84,-21.861,82.476,-21.857,6.069,29.672,2.97,107.307,2.975,30.901,82.476,-19.399,-21.855,-21.861,107.307,5.432,2.977,2.97,Sí,-24.832,2026-09-05,05/09/2026,4.84,1,Offset alto: -24.83 m. Revisar estación.
AH_2026_2027,2026-09-06,2026-09-06 18:22:50.835640,ENAPU,9038134,2026-09-07,07/09/2026,31.062,-21.859,84.36,-21.288,83.224,55.894,2.972,109.192,3.543,108.055,84.36,82.845,-21.098,-21.859,109.192,107.677,3.733,2.972,Sí,-24.832,2026-09-05,05/09/2026,4.84,1,Offset alto: -24.83 m. Revisar estación.
AH_2026_2027,2026-09-06,2026-09-06 18:22:50.835640,ENAPU,9038134,2026-09-08,08/09/2026,70.079,28.41,85.121,69.473,83.997,94.91,53.242,109.952,94.305,108.829,85.121,83.623,28.41,83.161,109.952,108.454,53.242,107.993,Sí,-24.832,2026-09-05,05/09/2026,4.84,1,Offset alto: -24.83 m. Revisar estación.
AH_2026_2027,2026-09-06,2026-09-06 18:22:50.835640,ENAPU,9038134,2026-09-09,09/09/2026,84.045,81.654,85.363,83.486,85.14,108.876,106.486,110.195,108.318,109.972,85.363,84.097,81.654,85.066,110.195,108.928,106.486,109.897,Sí,-24.832,2026-09-05,05/09/2026,4.84,1,Offset alto: -24.83 m. Revisar estación.
AH_2026_2027,2026-09-06,2026-09-06 18:22:50.835640,ENAPU,9038134,2026-09-10,10/09/2026,84.309,82.205,85.586,83.638,85.393,109.14,107.036,110.418,108.469,110.225,85.329,84.115,82.205,85.586,110.16,108.947,107.036,110.418,Sí,-24.832,2026-09-05,05/09/2026,4.84,1,Offset alto: -24.83 m. Revisar estación.
AH_2026_2027,2026-09-06,2026-09-06 18:22:50.835640,ENAPU,9038134,2026-09-11,11/09/2026,84.245,82.124,85.73,83.54,85.269,109.077,106.955,110.562,108.372,110.101,85.116,84.012,82.124,85.73,109.947,108.844,106.955,110.562,Sí,-24.832,2026-09-05,05/09/2026,4.84,1,Offset alto: -24.83 m. Revisar estación.
AH_2026_2027,2026-09-06,2026-09-06 18:22:50.835640,ENAPU,9038134,2026-09-12,12/09/2026,83.995,81.717,85.678,83.254,85.033,108.827,106.549,110.51,108.086,109.865,84.818,83.767,81.717,85.678,109.65,108.598,106.549,110.51,Sí,-24.832,2026-09-05,05/09/2026,4.84,1,Offset alto: -24.83 m. Revisar estación.
AH_2026_2027,2026-09-06,2026-09-06 18:22:50.835640,Flor de Punga,9044756,2026-09-06,06/09/2026,11.78,11.78,11.78,11.78,11.78,11.78,11.78,11.78,11.78,11.78,11.78,11.78,11.78,11.78,11.78,11.78,11.78,11.78,No,,2026-05-14,14/05/2026,22.8,115,Observado muy antiguo para ajuste: 115 días
AH_2026_2027,2026-09-06,2026-09-06 18:22:50.835640,Flor de Punga,9044756,2026-09-07,07/09/2026,11.802,11.801,11.802,11.801,11.802,11.802,11.801,11.802,11.801,11.802,11.802,11.802,11.801,11.801,11.802,11.802,11.801,11.801,No,,2026-05-14,14/05/2026,22.8,115,Observado muy antiguo para ajuste: 115 días
AH_2026_2027,2026-09-06,2026-09-06 18:22:50.835640,Flor de Punga,9044756,2026-09-08,08/09/2026,11.788,11.786,11.791,11.786,11.789,11.788,11.786,11.791,11.786,11.789,11.791,11.788,11.786,11.786,11.791,11.788,11.786,11.786,No,,2026-05-14,14/05/2026,22.8,115,Observado muy antiguo para ajuste: 115 días
AH_2026_2027,2026-09-06,2026-09-06 18:22:50.835640,Flor de Punga,9044756,2026-09-09,09/09/2026,11.77,11.764,11.777,11.765,11.773,11.77,11.764,11.777,11.765,11.773,11.777,11.771,11.764,11.766,11.777,11.771,11.764,11.766,No,,2026-05-14,14/05/2026,22.8,115,Observado muy antiguo para ajuste: 115 días
AH_2026_2027,2026-09-06,2026-09-06 18:22:50.835640,Flor de Punga,9044756,2026-09-10,10/09/2026,11.764,11.754,11.779,11.756,11.77,11.764,11.754,11.779,11.756,11.77,11.779,11.767,11.754,11.757,11.779,11.767,11.754,11.757,No,,2026-05-14,14/05/2026,22.8,115,Observado muy antiguo para ajuste: 115 días
AH_2026_2027,2026-09-06,2026-09-06 18:22:50.835640,Flor de Punga,9044756,2026-09-11,11/09/2026,11.789,11.777,11.814,11.778,11.795,11.789,11.777,11.814,11.778,11.795,11.814,11.788,11.777,11.779,11.814,11.788,11.777,11.779,No,,2026-05-14,14/05/2026,22.8,115,Observado muy antiguo para ajuste: 115 días
AH_2026_2027,2026-09-06,2026-09-06 18:22:50.835640,Flor de Punga,9044756,2026-09-12,12/09/2026,11.841,11.836,11.851,11.836,11.844,11.841,11.836,11.851,11.836,11.844,11.851,11.842,11.836,11.836,11.851,11.842,11.836,11.836,No,,2026-05-14,14/05/2026,22.8,115,Observado muy antiguo para ajuste: 115 días
AH_2026_2027,2026-09-06,2026-09-06 18:22:50.835640,Genaro Herrera,9042214,2026-09-06,06/09/2026,7.22,7.22,7.22,7.22,7.22,8.459,8.459,8.459,8.459,8.459,7.22,7.22,7.22,7.22,8.459,8.459,8.459,8.459,Sí,-1.239,2026-09-05,05/09/2026,7.22,1,Ajuste aplicado
AH_2026_2027,2026-09-06,2026-09-06 18:22:50.835640,Genaro Herrera,9042214,2026-09-07,07/09/2026,7.23,7.23,7.23,7.23,7.23,8.47,8.47,8.47,8.47,8.47,7.23,7.23,7.23,7.23,8.47,8.47,8.47,8.47,Sí,-1.239,2026-09-05,05/09/2026,7.22,1,Ajuste aplicado
AH_2026_2027,2026-09-06,2026-09-06 18:22:50.835640,Genaro Herrera,9042214,2026-09-08,08/09/2026,7.25,7.249,7.25,7.249,7.25,8.489,8.489,8.489,8.489,8.489,7.25,7.25,7.25,7.249,8.489,8.489,8.489,8.489,Sí,-1.239,2026-09-05,05/09/2026,7.22,1,Ajuste aplicado
AH_2026_2027,2026-09-06,2026-09-06 18:22:50.835640,Genaro Herrera,9042214,2026-09-09,09/09/2026,7.252,7.251,7.255,7.251,7.252,8.491,8.49,8.494,8.49,8.492,7.255,7.251,7.251,7.251,8.494,8.491,8.49,8.49,Sí,-1.239,2026-09-05,05/09/2026,7.22,1,Ajuste aplicado
AH_2026_2027,2026-09-06,2026-09-06 18:22:50.835640,Genaro Herrera,9042214,2026-09-10,10/09/2026,7.251,7.246,7.263,7.246,7.252,8.49,8.485,8.502,8.485,8.492,7.263,7.249,7.246,7.246,8.502,8.488,8.485,8.485,Sí,-1.239,2026-09-05,05/09/2026,7.22,1,Ajuste aplicado
AH_2026_2027,2026-09-06,2026-09-06 18:22:50.835640,Genaro Herrera,9042214,2026-09-11,11/09/2026,7.246,7.238,7.263,7.238,7.25,8.486,8.477,8.503,8.478,8.489,7.263,7.245,7.238,7.238,8.503,8.485,8.477,8.478,Sí,-1.239,2026-09-05,05/09/2026,7.22,1,Ajuste aplicado
AH_2026_2027,2026-09-06,2026-09-06 18:22:50.835640,Genaro Herrera,9042214,2026-09-12,12/09/2026,7.246,7.236,7.264,7.237,7.25,8.485,8.476,8.503,8.476,8.49,7.264,7.246,7.236,7.237,8.503,8.485,8.476,8.476,Sí,-1.239,2026-09-05,05/09/2026,7.22,1,Ajuste aplicado
AH_2026_2027,2026-09-06,2026-09-06 18:22:50.835640,Lagunas,9043597,2026-09-06,06/09/2026,3.9,3.9,3.9,3.9,3.9,5.341,5.341,5.341,5.341,5.341,3.9,3.9,3.9,3.9,5.341,5.341,5.341,5.341,Sí,-1.441,2026-09-05,05/09/2026,3.9,1,Ajuste aplicado
AH_2026_2027,2026-09-06,2026-09-06 18:22:50.835640,Lagunas,9043597,2026-09-07,07/09/2026,3.667,3.667,3.667,3.667,3.667,5.107,5.107,5.107,5.107,5.107,3.667,3.667,3.667,3.667,5.107,5.107,5.107,5.107,Sí,-1.441,2026-09-05,05/09/2026,3.9,1,Ajuste aplicado
AH_2026_2027,2026-09-06,2026-09-06 18:22:50.835640,Lagunas,9043597,2026-09-08,08/09/2026,3.447,3.447,3.447,3.447,3.447,4.888,4.888,4.888,4.888,4.888,3.447,3.447,3.447,3.447,4.888,4.888,4.888,4.888,Sí,-1.441,2026-09-05,05/09/2026,3.9,1,Ajuste aplicado
AH_2026_2027,2026-09-06,2026-09-06 18:22:50.835640,Lagunas,9043597,2026-09-09,09/09/2026,3.238,3.238,3.238,3.238,3.238,4.679,4.679,4.679,4.679,4.679,3.238,3.238,3.238,3.238,4.679,4.679,4.679,4.679,Sí,-1.441,2026-09-05,05/09/2026,3.9,1,Ajuste aplicado
AH_2026_2027,2026-09-06,2026-09-06 18:22:50.835640,Lagunas,9043597,2026-09-10,10/09/2026,3.145,3.143,3.146,3.145,3.146,4.586,4.584,4.587,4.586,4.587,3.146,3.146,3.146,3.143,4.587,4.587,4.587,4.584,Sí,-1.441,2026-09-05,05/09/2026,3.9,1,Ajuste aplicado
AH_2026_2027,2026-09-06,2026-09-06 18:22:50.835640,Lagunas,9043597,2026-09-11,11/09/2026,3.094,3.088,3.097,3.093,3.097,4.535,4.529,4.538,4.534,4.538,3.097,3.097,3.095,3.088,4.538,4.538,4.535,4.529,Sí,-1.441,2026-09-05,05/09/2026,3.9,1,Ajuste aplicado
AH_2026_2027,2026-09-06,2026-09-06 18:22:50.835640,Lagunas,9043597,2026-09-12,12/09/2026,3.032,3.022,3.043,3.027,3.035,4.472,4.463,4.484,4.468,4.476,3.043,3.029,3.032,3.022,4.484,4.47,4.473,4.463,Sí,-1.441,2026-09-05,05/09/2026,3.9,1,Ajuste aplicado
AH_2026_2027,2026-09-06,2026-09-06 18:22:50.835640,Nauta,9040454,2026-09-06,06/09/2026,6.48,6.48,6.48,6.48,6.48,5.465,5.464,5.465,5.464,5.465,6.48,6.48,6.48,6.48,5.465,5.465,5.464,5.464,Sí,1.015,2026-09-05,05/09/2026,6.48,1,Ajuste aplicado
AH_2026_2027,2026-09-06,2026-09-06 18:22:50.835640,Nauta,9040454,2026-09-07,07/09/2026,6.488,6.484,6.496,6.484,6.49,5.473,5.468,5.481,5.469,5.475,6.496,6.488,6.484,6.484,5.481,5.472,5.469,5.468,Sí,1.015,2026-09-05,05/09/2026,6.48,1,Ajuste aplicado
AH_2026_2027,2026-09-06,2026-09-06 18:22:50.835640,Nauta,9040454,2026-09-08,08/09/2026,6.474,6.47,6.478,6.47,6.477,5.459,5.455,5.463,5.455,5.462,6.478,6.477,6.47,6.47,5.463,5.462,5.455,5.455,Sí,1.015,2026-09-05,05/09/2026,6.48,1,Ajuste aplicado
AH_2026_2027,2026-09-06,2026-09-06 18:22:50.835640,Nauta,9040454,2026-09-09,09/09/2026,6.397,6.395,6.401,6.395,6.397,5.382,5.38,5.386,5.38,5.382,6.401,6.396,6.395,6.395,5.386,5.381,5.38,5.38,Sí,1.015,2026-09-05,05/09/2026,6.48,1,Ajuste aplicado
AH_2026_2027,2026-09-06,2026-09-06 18:22:50.835640,Nauta,9040454,2026-09-10,10/09/2026,6.342,6.341,6.343,6.341,6.342,5.326,5.326,5.328,5.326,5.327,6.343,6.342,6.341,6.341,5.328,5.326,5.326,5.326,Sí,1.015,2026-09-05,05/09/2026,6.48,1,Ajuste aplicado
AH_2026_2027,2026-09-06,2026-09-06 18:22:50.835640,Nauta,9040454,2026-09-11,11/09/2026,6.264,6.264,6.265,6.264,6.264,5.249,5.248,5.25,5.249,5.249,6.265,6.264,6.264,6.264,5.25,5.249,5.248,5.249,Sí,1.015,2026-09-05,05/09/2026,6.48,1,Ajuste aplicado
AH_2026_2027,2026-09-06,2026-09-06 18:22:50.835640,Nauta,9040454,2026-09-12,12/09/2026,6.194,6.194,6.194,6.194,6.194,5.179,5.178,5.179,5.178,5.179,6.194,6.194,6.194,6.194,5.179,5.178,5.178,5.179,Sí,1.015,2026-09-05,05/09/2026,6.48,1,Ajuste aplicado
AH_2026_2027,2026-09-06,2026-09-06 18:22:50.835640,Puerto Almendra,9037610,2026-09-06,06/09/2026,2.7,2.695,2.71,2.695,2.702,2.549,2.544,2.559,2.544,2.551,2.71,2.7,2.695,2.695,2.559,2.549,2.544,2.544,Sí,0.151,2026-09-05,05/09/2026,2.7,1,Ajuste aplicado
AH_2026_2027,2026-09-06,2026-09-06 18:22:50.835640,Puerto Almendra,9037610,2026-09-07,07/09/2026,2.798,2.778,2.822,2.779,2.816,2.647,2.627,2.67,2.628,2.665,2.822,2.814,2.78,2.778,2.67,2.663,2.629,2.627,Sí,0.151,2026-09-05,05/09/2026,2.7,1,Ajuste aplicado
AH_2026_2027,2026-09-06,2026-09-06 18:22:50.835640,Puerto Almendra,9037610,2026-09-08,08/09/2026,2.879,2.809,2.957,2.844,2.911,2.728,2.658,2.805,2.693,2.76,2.957,2.896,2.856,2.809,2.805,2.745,2.705,2.658,Sí,0.151,2026-09-05,05/09/2026,2.7,1,Ajuste aplicado
AH_2026_2027,2026-09-06,2026-09-06 18:22:50.835640,Puerto Almendra,9037610,2026-09-09,09/09/2026,3.016,2.924,3.135,2.95,3.07,2.865,2.773,2.984,2.799,2.918,3.135,3.048,2.924,2.959,2.984,2.896,2.773,2.807,Sí,0.151,2026-09-05,05/09/2026,2.7,1,Ajuste aplicado
AH_2026_2027,2026-09-06,2026-09-06 18:22:50.835640,Puerto Almendra,9037610,2026-09-10,10/09/2026,3.409,3.065,4.001,3.176,3.518,3.258,2.914,3.85,3.024,3.367,3.357,3.213,3.065,4.001,3.206,3.061,2.914,3.85,Sí,0.151,2026-09-05,05/09/2026,2.7,1,Ajuste aplicado
AH_2026_2027,2026-09-06,2026-09-06 18:22:50.835640,Puerto Almendra,9037610,2026-09-11,11/09/2026,4.265,3.226,7.117,3.252,4.372,4.114,3.075,6.966,3.101,4.22,3.457,3.26,3.226,7.117,3.305,3.109,3.075,6.966,Sí,0.151,2026-09-05,05/09/2026,2.7,1,Ajuste aplicado
AH_2026_2027,2026-09-06,2026-09-06 18:22:50.835640,Puerto Almendra,9037610,2026-09-12,12/09/2026,4.226,3.124,7.316,3.164,4.294,4.075,2.973,7.164,3.013,4.143,3.286,3.124,3.178,7.316,3.135,2.973,3.026,7.164,Sí,0.151,2026-09-05,05/09/2026,2.7,1,Ajuste aplicado
AH_2026_2027,2026-09-06,2026-09-06 18:22:50.835640,Requena,9043425,2026-09-06,06/09/2026,5.76,5.76,5.76,5.76,5.76,5.717,5.717,5.717,5.717,5.717,5.76,5.76,5.76,5.76,5.717,5.717,5.717,5.717,Sí,0.043,2026-09-05,05/09/2026,5.76,1,Ajuste aplicado
AH_2026_2027,2026-09-06,2026-09-06 18:22:50.835640,Requena,9043425,2026-09-07,07/09/2026,5.676,5.671,5.683,5.673,5.678,5.633,5.628,5.641,5.631,5.635,5.683,5.676,5.674,5.671,5.641,5.633,5.632,5.628,Sí,0.043,2026-09-05,05/09/2026,5.76,1,Ajuste aplicado
AH_2026_2027,2026-09-06,2026-09-06 18:22:50.835640,Requena,9043425,2026-09-08,08/09/2026,5.718,5.602,6.02,5.602,5.74,5.675,5.56,5.977,5.56,5.697,6.02,5.647,5.603,5.602,5.977,5.604,5.56,5.56,Sí,0.043,2026-09-05,05/09/2026,5.76,1,Ajuste aplicado
AH_2026_2027,2026-09-06,2026-09-06 18:22:50.835640,Requena,9043425,2026-09-09,09/09/2026,5.952,5.593,6.946,5.594,5.994,5.91,5.551,6.903,5.551,5.951,6.946,5.676,5.593,5.594,6.903,5.633,5.551,5.551,Sí,0.043,2026-09-05,05/09/2026,5.76,1,Ajuste aplicado
AH_2026_2027,2026-09-06,2026-09-06 18:22:50.835640,Requena,9043425,2026-09-10,10/09/2026,6.018,5.556,7.209,5.562,6.109,5.975,5.514,7.167,5.52,6.066,7.209,5.742,5.556,5.564,7.167,5.699,5.514,5.522,Sí,0.043,2026-09-05,05/09/2026,5.76,1,Ajuste aplicado
AH_2026_2027,2026-09-06,2026-09-06 18:22:50.835640,Requena,9043425,2026-09-11,11/09/2026,6.0,5.501,7.205,5.516,6.13,5.957,5.458,7.162,5.473,6.088,7.205,5.772,5.501,5.52,7.162,5.729,5.458,5.478,Sí,0.043,2026-09-05,05/09/2026,5.76,1,Ajuste aplicado
AH_2026_2027,2026-09-06,2026-09-06 18:22:50.835640,Requena,9043425,2026-09-12,12/09/2026,5.917,5.458,6.989,5.467,6.062,5.875,5.415,6.946,5.424,6.019,6.989,5.753,5.458,5.47,6.946,5.71,5.415,5.427,Sí,0.043,2026-09-05,05/09/2026,5.76,1,Ajuste aplicado
AH_2026_2027,2026-09-06,2026-09-06 18:22:50.835640,San Lorenzo,9042153,2026-09-06,06/09/2026,9.744,9.744,9.744,9.744,9.744,9.744,9.744,9.744,9.744,9.744,9.744,9.744,9.744,9.744,9.744,9.744,9.744,9.744,No,,2025-09-30,30/09/2025,7.19,341,Observado muy antiguo para ajuste: 341 días
AH_2026_2027,2026-09-06,2026-09-06 18:22:50.835640,San Lorenzo,9042153,2026-09-07,07/09/2026,9.757,9.757,9.757,9.757,9.757,9.757,9.757,9.757,9.757,9.757,9.757,9.757,9.757,9.757,9.757,9.757,9.757,9.757,No,,2025-09-30,30/09/2025,7.19,341,Observado muy antiguo para ajuste: 341 días
AH_2026_2027,2026-09-06,2026-09-06 18:22:50.835640,San Lorenzo,9042153,2026-09-08,08/09/2026,9.793,9.792,9.794,9.793,9.794,9.793,9.792,9.794,9.793,9.794,9.793,9.794,9.794,9.792,9.793,9.794,9.794,9.792,No,,2025-09-30,30/09/2025,7.19,341,Observado muy antiguo para ajuste: 341 días
AH_2026_2027,2026-09-06,2026-09-06 18:22:50.835640,San Lorenzo,9042153,2026-09-09,09/09/2026,9.838,9.838,9.838,9.838,9.838,9.838,9.838,9.838,9.838,9.838,9.838,9.838,9.838,9.838,9.838,9.838,9.838,9.838,No,,2025-09-30,30/09/2025,7.19,341,Observado muy antiguo para ajuste: 341 días
AH_2026_2027,2026-09-06,2026-09-06 18:22:50.835640,San Lorenzo,9042153,2026-09-10,10/09/2026,9.847,9.839,9.856,9.839,9.856,9.847,9.839,9.856,9.839,9.856,9.856,9.855,9.839,9.839,9.856,9.855,9.839,9.839,No,,2025-09-30,30/09/2025,7.19,341,Observado muy antiguo para ajuste: 341 días
AH_2026_2027,2026-09-06,2026-09-06 18:22:50.835640,San Lorenzo,9042153,2026-09-11,11/09/2026,9.868,9.839,9.896,9.847,9.891,9.868,9.839,9.896,9.847,9.891,9.896,9.889,9.839,9.849,9.896,9.889,9.839,9.849,No,,2025-09-30,30/09/2025,7.19,341,Observado muy antiguo para ajuste: 341 días
AH_2026_2027,2026-09-06,2026-09-06 18:22:50.835640,San Lorenzo,9042153,2026-09-12,12/09/2026,9.899,9.838,9.946,9.877,9.928,9.899,9.838,9.946,9.877,9.928,9.946,9.922,9.838,9.89,9.946,9.922,9.838,9.89,No,,2025-09-30,30/09/2025,7.19,341,Observado muy antiguo para ajuste: 341 días
AH_2026_2027,2026-09-06,2026-09-06 18:22:50.835640,San Regis,9040439,2026-09-06,06/09/2026,5.36,5.36,5.36,5.36,5.36,5.69,5.69,5.69,5.69,5.69,5.36,5.36,5.36,5.36,5.69,5.69,5.69,5.69,Sí,-0.33,2026-09-05,05/09/2026,5.36,1,Ajuste aplicado
AH_2026_2027,2026-09-06,2026-09-06 18:22:50.835640,San Regis,9040439,2026-09-07,07/09/2026,5.324,5.324,5.324,5.324,5.324,5.654,5.654,5.654,5.654,5.654,5.324,5.324,5.324,5.324,5.654,5.654,5.654,5.654,Sí,-0.33,2026-09-05,05/09/2026,5.36,1,Ajuste aplicado
AH_2026_2027,2026-09-06,2026-09-06 18:22:50.835640,San Regis,9040439,2026-09-08,08/09/2026,5.27,5.27,5.27,5.27,5.27,5.6,5.6,5.6,5.6,5.6,5.27,5.27,5.27,5.27,5.6,5.6,5.6,5.6,Sí,-0.33,2026-09-05,05/09/2026,5.36,1,Ajuste aplicado
AH_2026_2027,2026-09-06,2026-09-06 18:22:50.835640,San Regis,9040439,2026-09-09,09/09/2026,5.233,5.233,5.233,5.233,5.233,5.563,5.563,5.563,5.563,5.563,5.233,5.233,5.233,5.233,5.563,5.563,5.563,5.563,Sí,-0.33,2026-09-05,05/09/2026,5.36,1,Ajuste aplicado
AH_2026_2027,2026-09-06,2026-09-06 18:22:50.835640,San Regis,9040439,2026-09-10,10/09/2026,5.175,5.175,5.175,5.175,5.175,5.505,5.505,5.505,5.505,5.505,5.175,5.175,5.175,5.175,5.505,5.505,5.505,5.505,Sí,-0.33,2026-09-05,05/09/2026,5.36,1,Ajuste aplicado
AH_2026_2027,2026-09-06,2026-09-06 18:22:50.835640,San Regis,9040439,2026-09-11,11/09/2026,5.106,5.104,5.11,5.104,5.107,5.436,5.434,5.44,5.434,5.437,5.104,5.104,5.106,5.11,5.434,5.434,5.436,5.44,Sí,-0.33,2026-09-05,05/09/2026,5.36,1,Ajuste aplicado
AH_2026_2027,2026-09-06,2026-09-06 18:22:50.835640,San Regis,9040439,2026-09-12,12/09/2026,5.045,5.044,5.047,5.044,5.045,5.375,5.374,5.377,5.374,5.375,5.045,5.044,5.044,5.047,5.374,5.374,5.374,5.377,Sí,-0.33,2026-09-05,05/09/2026,5.36,1,Ajuste aplicado
AH_2026_2027,2026-09-06,2026-09-06 18:22:50.835640,Santa Clotilde,9032282,2026-09-06,06/09/2026,8.25,8.25,8.25,8.25,8.25,6.859,6.859,6.859,6.859,6.859,8.25,8.25,8.25,8.25,6.859,6.859,6.859,6.859,Sí,1.391,2026-09-05,05/09/2026,8.25,1,Ajuste aplicado
AH_2026_2027,2026-09-06,2026-09-06 18:22:50.835640,Santa Clotilde,9032282,2026-09-07,07/09/2026,8.201,8.2,8.201,8.201,8.201,6.809,6.809,6.809,6.809,6.809,8.201,8.201,8.2,8.201,6.809,6.809,6.809,6.809,Sí,1.391,2026-09-05,05/09/2026,8.25,1,Ajuste aplicado
AH_2026_2027,2026-09-06,2026-09-06 18:22:50.835640,Santa Clotilde,9032282,2026-09-08,08/09/2026,8.15,8.149,8.15,8.149,8.15,6.758,6.758,6.758,6.758,6.758,8.15,8.15,8.149,8.149,6.758,6.758,6.758,6.758,Sí,1.391,2026-09-05,05/09/2026,8.25,1,Ajuste aplicado
AH_2026_2027,2026-09-06,2026-09-06 18:22:50.835640,Santa Clotilde,9032282,2026-09-09,09/09/2026,8.136,8.135,8.137,8.135,8.136,6.745,6.744,6.746,6.744,6.745,8.137,8.136,8.135,8.135,6.746,6.744,6.744,6.744,Sí,1.391,2026-09-05,05/09/2026,8.25,1,Ajuste aplicado
AH_2026_2027,2026-09-06,2026-09-06 18:22:50.835640,Santa Clotilde,9032282,2026-09-10,10/09/2026,8.113,8.109,8.118,8.111,8.114,6.722,6.718,6.726,6.719,6.723,8.118,8.113,8.111,8.109,6.726,6.722,6.72,6.718,Sí,1.391,2026-09-05,05/09/2026,8.25,1,Ajuste aplicado
AH_2026_2027,2026-09-06,2026-09-06 18:22:50.835640,Santa Clotilde,9032282,2026-09-11,11/09/2026,8.102,8.094,8.111,8.096,8.108,6.711,6.703,6.72,6.705,6.717,8.111,8.107,8.097,8.094,6.72,6.716,6.706,6.703,Sí,1.391,2026-09-05,05/09/2026,8.25,1,Ajuste aplicado
AH_2026_2027,2026-09-06,2026-09-06 18:22:50.835640,Santa Clotilde,9032282,2026-09-12,12/09/2026,8.1,8.091,8.109,8.093,8.106,6.708,6.7,6.717,6.702,6.714,8.109,8.105,8.094,8.091,6.717,6.713,6.703,6.7,Sí,1.391,2026-09-05,05/09/2026,8.25,1,Ajuste aplicado
AH_2026_2027,2026-09-06,2026-09-06 18:22:50.835640,Santa María de Nanay,9037738,2026-09-06,06/09/2026,4.02,4.003,4.035,4.016,4.025,3.94,3.923,3.955,3.936,3.945,4.022,4.035,4.021,4.003,3.942,3.955,3.941,3.923,Sí,0.08,2026-09-05,05/09/2026,4.02,1,Ajuste aplicado
AH_2026_2027,2026-09-06,2026-09-06 18:22:50.835640,Santa María de Nanay,9037738,2026-09-07,07/09/2026,4.094,3.772,4.26,4.035,4.231,4.014,3.692,4.18,3.955,4.151,4.26,4.221,4.123,3.772,4.18,4.142,4.043,3.692,Sí,0.08,2026-09-05,05/09/2026,4.02,1,Ajuste aplicado
AH_2026_2027,2026-09-06,2026-09-06 18:22:50.835640,Santa María de Nanay,9037738,2026-09-08,08/09/2026,4.396,4.247,4.638,4.265,4.48,4.316,4.167,4.558,4.185,4.4,4.638,4.427,4.247,4.271,4.558,4.347,4.167,4.191,Sí,0.08,2026-09-05,05/09/2026,4.02,1,Ajuste aplicado
AH_2026_2027,2026-09-06,2026-09-06 18:22:50.835640,Santa María de Nanay,9037738,2026-09-09,09/09/2026,4.911,4.511,5.597,4.622,5.057,4.831,4.431,5.517,4.542,4.977,4.877,4.659,4.511,5.597,4.797,4.579,4.431,5.517,Sí,0.08,2026-09-05,05/09/2026,4.02,1,Ajuste aplicado
AH_2026_2027,2026-09-06,2026-09-06 18:22:50.835640,Santa María de Nanay,9037738,2026-09-10,10/09/2026,5.36,4.661,7.158,4.71,5.461,5.28,4.581,7.078,4.63,5.381,4.896,4.661,4.726,7.158,4.816,4.581,4.646,7.078,Sí,0.08,2026-09-05,05/09/2026,4.02,1,Ajuste aplicado
AH_2026_2027,2026-09-06,2026-09-06 18:22:50.835640,Santa María de Nanay,9037738,2026-09-11,11/09/2026,5.207,4.387,7.168,4.555,5.289,5.127,4.307,7.088,4.475,5.209,4.662,4.387,4.612,7.168,4.582,4.307,4.532,7.088,Sí,0.08,2026-09-05,05/09/2026,4.02,1,Ajuste aplicado
AH_2026_2027,2026-09-06,2026-09-06 18:22:50.835640,Santa María de Nanay,9037738,2026-09-12,12/09/2026,4.653,4.126,5.98,4.202,4.704,4.573,4.047,5.901,4.122,4.624,4.228,4.126,4.278,5.98,4.148,4.047,4.199,5.901,Sí,0.08,2026-09-05,05/09/2026,4.02,1,Ajuste aplicado
AH_2026_2027,2026-09-06,2026-09-06 18:22:50.835640,Santa Rosa,9039635,2026-09-06,06/09/2026,4.02,4.02,4.02,4.02,4.02,3.248,3.248,3.248,3.248,3.248,4.02,4.02,4.02,4.02,3.248,3.248,3.248,3.248,Sí,0.772,2026-09-05,05/09/2026,4.02,1,Ajuste aplicado
AH_2026_2027,2026-09-06,2026-09-06 18:22:50.835640,Santa Rosa,9039635,2026-09-07,07/09/2026,4.016,4.016,4.016,4.016,4.016,3.244,3.244,3.244,3.244,3.244,4.016,4.016,4.016,4.016,3.244,3.244,3.244,3.244,Sí,0.772,2026-09-05,05/09/2026,4.02,1,Ajuste aplicado
AH_2026_2027,2026-09-06,2026-09-06 18:22:50.835640,Santa Rosa,9039635,2026-09-08,08/09/2026,4.016,4.016,4.016,4.016,4.016,3.244,3.244,3.245,3.244,3.245,4.016,4.016,4.016,4.016,3.245,3.245,3.244,3.244,Sí,0.772,2026-09-05,05/09/2026,4.02,1,Ajuste aplicado
AH_2026_2027,2026-09-06,2026-09-06 18:22:50.835640,Santa Rosa,9039635,2026-09-09,09/09/2026,4.02,4.018,4.023,4.019,4.022,3.249,3.246,3.252,3.247,3.251,4.022,4.023,4.019,4.018,3.25,3.252,3.247,3.246,Sí,0.772,2026-09-05,05/09/2026,4.02,1,Ajuste aplicado
AH_2026_2027,2026-09-06,2026-09-06 18:22:50.835640,Santa Rosa,9039635,2026-09-10,10/09/2026,4.031,4.023,4.034,4.028,4.034,3.259,3.252,3.263,3.257,3.263,4.034,4.034,4.03,4.023,3.263,3.263,3.259,3.252,Sí,0.772,2026-09-05,05/09/2026,4.02,1,Ajuste aplicado
AH_2026_2027,2026-09-06,2026-09-06 18:22:50.835640,Santa Rosa,9039635,2026-09-11,11/09/2026,4.029,4.023,4.035,4.023,4.034,3.257,3.251,3.263,3.252,3.263,4.034,4.035,4.023,4.023,3.263,3.263,3.252,3.251,Sí,0.772,2026-09-05,05/09/2026,4.02,1,Ajuste aplicado
AH_2026_2027,2026-09-06,2026-09-06 18:22:50.835640,Santa Rosa,9039635,2026-09-12,12/09/2026,4.021,4.016,4.027,4.018,4.024,3.25,3.244,3.256,3.246,3.253,4.023,4.027,4.016,4.019,3.252,3.256,3.244,3.247,Sí,0.772,2026-09-05,05/09/2026,4.02,1,Ajuste aplicado
AH_2026_2027,2026-09-06,2026-09-06 18:22:50.835640,Tamshiyacu,9038269,2026-09-06,06/09/2026,2.69,2.69,2.69,2.69,2.69,2.386,2.385,2.386,2.385,2.386,2.69,2.69,2.69,2.69,2.386,2.386,2.385,2.385,Sí,0.304,2026-09-05,05/09/2026,2.69,1,Ajuste aplicado
AH_2026_2027,2026-09-06,2026-09-06 18:22:50.835640,Tamshiyacu,9038269,2026-09-07,07/09/2026,2.711,2.694,2.72,2.71,2.717,2.407,2.39,2.415,2.405,2.412,2.72,2.716,2.715,2.694,2.415,2.411,2.411,2.39,Sí,0.304,2026-09-05,05/09/2026,2.69,1,Ajuste aplicado
AH_2026_2027,2026-09-06,2026-09-06 18:22:50.835640,Tamshiyacu,9038269,2026-09-08,08/09/2026,2.741,2.739,2.742,2.74,2.741,2.436,2.435,2.437,2.435,2.437,2.742,2.741,2.74,2.739,2.437,2.436,2.435,2.435,Sí,0.304,2026-09-05,05/09/2026,2.69,1,Ajuste aplicado
AH_2026_2027,2026-09-06,2026-09-06 18:22:50.835640,Tamshiyacu,9038269,2026-09-09,09/09/2026,2.746,2.742,2.755,2.742,2.747,2.441,2.438,2.45,2.438,2.442,2.755,2.744,2.742,2.742,2.45,2.44,2.438,2.438,Sí,0.304,2026-09-05,05/09/2026,2.69,1,Ajuste aplicado
AH_2026_2027,2026-09-06,2026-09-06 18:22:50.835640,Tamshiyacu,9038269,2026-09-10,10/09/2026,2.74,2.738,2.742,2.739,2.741,2.435,2.434,2.437,2.434,2.436,2.742,2.741,2.738,2.739,2.437,2.436,2.434,2.434,Sí,0.304,2026-09-05,05/09/2026,2.69,1,Ajuste aplicado
AH_2026_2027,2026-09-06,2026-09-06 18:22:50.835640,Tamshiyacu,9038269,2026-09-11,11/09/2026,2.693,2.693,2.694,2.693,2.693,2.388,2.388,2.389,2.388,2.389,2.694,2.693,2.693,2.693,2.389,2.388,2.388,2.388,Sí,0.304,2026-09-05,05/09/2026,2.69,1,Ajuste aplicado
AH_2026_2027,2026-09-06,2026-09-06 18:22:50.835640,Tamshiyacu,9038269,2026-09-12,12/09/2026,2.654,2.651,2.66,2.652,2.654,2.349,2.347,2.356,2.347,2.35,2.66,2.652,2.651,2.652,2.356,2.348,2.347,2.348,Sí,0.304,2026-09-05,05/09/2026,2.69,1,Ajuste aplicado
AH_2026_2027,2026-09-06,2026-09-06 18:22:50.835640,Timicurillo,9036459,2026-09-06,06/09/2026,7.83,7.83,7.83,7.83,7.83,5.438,5.438,5.439,5.438,5.438,7.83,7.83,7.83,7.83,5.439,5.438,5.438,5.438,Sí,2.392,2026-09-01,01/09/2026,7.83,5,Offset alto: 2.39 m. Revisar estación.
AH_2026_2027,2026-09-06,2026-09-06 18:22:50.835640,Timicurillo,9036459,2026-09-07,07/09/2026,7.925,7.92,7.934,7.92,7.929,5.534,5.528,5.542,5.529,5.537,7.934,7.927,7.921,7.92,5.542,5.535,5.529,5.528,Sí,2.392,2026-09-01,01/09/2026,7.83,5,Offset alto: 2.39 m. Revisar estación.
AH_2026_2027,2026-09-06,2026-09-06 18:22:50.835640,Timicurillo,9036459,2026-09-08,08/09/2026,8.108,8.096,8.12,8.102,8.115,5.717,5.704,5.728,5.711,5.723,8.12,8.113,8.104,8.096,5.728,5.722,5.713,5.704,Sí,2.392,2026-09-01,01/09/2026,7.83,5,Offset alto: 2.39 m. Revisar estación.
AH_2026_2027,2026-09-06,2026-09-06 18:22:50.835640,Timicurillo,9036459,2026-09-09,09/09/2026,8.183,8.166,8.203,8.167,8.199,5.792,5.774,5.811,5.776,5.807,8.203,8.198,8.166,8.168,5.811,5.806,5.774,5.776,Sí,2.392,2026-09-01,01/09/2026,7.83,5,Offset alto: 2.39 m. Revisar estación.
AH_2026_2027,2026-09-06,2026-09-06 18:22:50.835640,Timicurillo,9036459,2026-09-10,10/09/2026,8.224,8.201,8.248,8.214,8.233,5.832,5.81,5.856,5.823,5.841,8.248,8.218,8.201,8.228,5.856,5.827,5.81,5.836,Sí,2.392,2026-09-01,01/09/2026,7.83,5,Offset alto: 2.39 m. Revisar estación.
AH_2026_2027,2026-09-06,2026-09-06 18:22:50.835640,Timicurillo,9036459,2026-09-11,11/09/2026,8.41,8.213,8.884,8.226,8.456,6.018,5.821,6.493,5.835,6.064,8.313,8.231,8.213,8.884,5.921,5.839,5.821,6.493,Sí,2.392,2026-09-01,01/09/2026,7.83,5,Offset alto: 2.39 m. Revisar estación.
AH_2026_2027,2026-09-06,2026-09-06 18:22:50.835640,Timicurillo,9036459,2026-09-12,12/09/2026,8.48,8.201,9.272,8.207,8.496,6.088,5.809,6.881,5.815,6.104,8.237,8.209,8.201,9.272,5.845,5.817,5.809,6.881,Sí,2.392,2026-09-01,01/09/2026,7.83,5,Offset alto: 2.39 m. Revisar estación.
AH_2026_2027,2026-09-07,2026-09-08 19:31:42.756753,Angamos,9043370,2026-09-07,07/09/2026,0.585,0.585,0.585,0.585,0.585,7.46,7.46,7.46,7.46,7.46,0.585,0.585,0.585,0.585,7.46,7.46,7.46,7.46,Sí,-6.875,2026-09-07,07/09/2026,0.585,0,Offset alto: -6.87 m. Revisar estación.
AH_2026_2027,2026-09-07,2026-09-08 19:31:42.756753,Angamos,9043370,2026-09-08,08/09/2026,0.585,0.584,0.585,0.585,0.585,7.46,7.459,7.46,7.46,7.46,0.585,0.585,0.584,0.585,7.46,7.46,7.459,7.46,Sí,-6.875,2026-09-07,07/09/2026,0.585,0,Offset alto: -6.87 m. Revisar estación.
AH_2026_2027,2026-09-07,2026-09-08 19:31:42.756753,Angamos,9043370,2026-09-09,09/09/2026,0.584,0.58,0.586,0.584,0.585,7.459,7.455,7.461,7.459,7.46,0.586,0.585,0.58,0.585,7.461,7.46,7.455,7.46,Sí,-6.875,2026-09-07,07/09/2026,0.585,0,Offset alto: -6.87 m. Revisar estación.
AH_2026_2027,2026-09-07,2026-09-08 19:31:42.756753,Angamos,9043370,2026-09-10,10/09/2026,0.585,0.575,0.595,0.582,0.587,7.46,7.45,7.47,7.457,7.462,0.585,0.585,0.575,0.595,7.46,7.46,7.45,7.47,Sí,-6.875,2026-09-07,07/09/2026,0.585,0,Offset alto: -6.87 m. Revisar estación.
AH_2026_2027,2026-09-07,2026-09-08 19:31:42.756753,Angamos,9043370,2026-09-11,11/09/2026,0.579,0.564,0.592,0.575,0.583,7.454,7.439,7.467,7.45,7.458,0.58,0.578,0.564,0.592,7.455,7.453,7.439,7.467,Sí,-6.875,2026-09-07,07/09/2026,0.585,0,Offset alto: -6.87 m. Revisar estación.
AH_2026_2027,2026-09-07,2026-09-08 19:31:42.756753,Angamos,9043370,2026-09-12,12/09/2026,0.567,0.56,0.577,0.563,0.569,7.442,7.435,7.452,7.438,7.444,0.566,0.564,0.56,0.577,7.441,7.439,7.435,7.452,Sí,-6.875,2026-09-07,07/09/2026,0.585,0,Offset alto: -6.87 m. Revisar estación.
AH_2026_2027,2026-09-07,2026-09-08 19:31:42.756753,Angamos,9043370,2026-09-13,13/09/2026,0.561,0.554,0.564,0.561,0.564,7.436,7.429,7.439,7.436,7.438,0.563,0.563,0.554,0.564,7.438,7.438,7.429,7.439,Sí,-6.875,2026-09-07,07/09/2026,0.585,0,Offset alto: -6.87 m. Revisar estación.
AH_2026_2027,2026-09-07,2026-09-08 19:31:42.756753,Bellavista,9036028,2026-09-07,07/09/2026,5.245,5.245,5.245,5.245,5.245,5.25,5.25,5.25,5.25,5.25,5.245,5.245,5.245,5.245,5.25,5.25,5.25,5.25,Sí,-0.005,2026-09-07,07/09/2026,5.245,0,Ajuste aplicado
AH_2026_2027,2026-09-07,2026-09-08 19:31:42.756753,Bellavista,9036028,2026-09-08,08/09/2026,5.221,5.221,5.222,5.221,5.221,5.226,5.226,5.227,5.226,5.226,5.221,5.221,5.221,5.222,5.226,5.226,5.226,5.227,Sí,-0.005,2026-09-07,07/09/2026,5.245,0,Ajuste aplicado
AH_2026_2027,2026-09-07,2026-09-08 19:31:42.756753,Bellavista,9036028,2026-09-09,09/09/2026,5.153,5.152,5.155,5.152,5.153,5.158,5.157,5.16,5.157,5.158,5.152,5.152,5.152,5.155,5.157,5.157,5.157,5.16,Sí,-0.005,2026-09-07,07/09/2026,5.245,0,Ajuste aplicado
AH_2026_2027,2026-09-07,2026-09-08 19:31:42.756753,Bellavista,9036028,2026-09-10,10/09/2026,5.117,5.116,5.119,5.117,5.118,5.122,5.121,5.124,5.122,5.123,5.117,5.116,5.117,5.119,5.122,5.121,5.122,5.124,Sí,-0.005,2026-09-07,07/09/2026,5.245,0,Ajuste aplicado
AH_2026_2027,2026-09-07,2026-09-08 19:31:42.756753,Bellavista,9036028,2026-09-11,11/09/2026,5.085,5.081,5.094,5.081,5.086,5.09,5.086,5.099,5.086,5.091,5.083,5.081,5.081,5.094,5.088,5.086,5.086,5.099,Sí,-0.005,2026-09-07,07/09/2026,5.245,0,Ajuste aplicado
AH_2026_2027,2026-09-07,2026-09-08 19:31:42.756753,Bellavista,9036028,2026-09-12,12/09/2026,5.059,5.056,5.063,5.058,5.06,5.064,5.061,5.068,5.062,5.065,5.06,5.058,5.056,5.063,5.065,5.063,5.061,5.068,Sí,-0.005,2026-09-07,07/09/2026,5.245,0,Ajuste aplicado
AH_2026_2027,2026-09-07,2026-09-08 19:31:42.756753,Bellavista,9036028,2026-09-13,13/09/2026,5.044,5.041,5.046,5.043,5.046,5.049,5.046,5.051,5.048,5.051,5.046,5.044,5.041,5.046,5.051,5.049,5.046,5.051,Sí,-0.005,2026-09-07,07/09/2026,5.245,0,Ajuste aplicado
AH_2026_2027,2026-09-07,2026-09-08 19:31:42.756753,Borja,9040208,2026-09-07,07/09/2026,4.1,4.1,4.1,4.1,4.1,4.568,4.568,4.568,4.568,4.568,4.1,4.1,4.1,4.1,4.568,4.568,4.568,4.568,Sí,-0.468,2026-09-07,07/09/2026,4.1,0,Ajuste aplicado
AH_2026_2027,2026-09-07,2026-09-08 19:31:42.756753,Borja,9040208,2026-09-08,08/09/2026,4.101,4.099,4.104,4.099,4.103,4.569,4.567,4.572,4.567,4.571,4.103,4.104,4.099,4.099,4.571,4.572,4.567,4.567,Sí,-0.468,2026-09-07,07/09/2026,4.1,0,Ajuste aplicado
AH_2026_2027,2026-09-07,2026-09-08 19:31:42.756753,Borja,9040208,2026-09-09,09/09/2026,4.093,4.068,4.123,4.075,4.108,4.561,4.536,4.591,4.543,4.576,4.103,4.123,4.068,4.077,4.571,4.591,4.536,4.545,Sí,-0.468,2026-09-07,07/09/2026,4.1,0,Ajuste aplicado
AH_2026_2027,2026-09-07,2026-09-08 19:31:42.756753,Borja,9040208,2026-09-10,10/09/2026,4.083,4.003,4.162,4.035,4.131,4.551,4.471,4.63,4.503,4.599,4.12,4.162,4.003,4.045,4.588,4.63,4.471,4.513,Sí,-0.468,2026-09-07,07/09/2026,4.1,0,Ajuste aplicado
AH_2026_2027,2026-09-07,2026-09-08 19:31:42.756753,Borja,9040208,2026-09-11,11/09/2026,4.053,3.916,4.181,3.988,4.123,4.521,4.384,4.649,4.456,4.591,4.104,4.181,3.916,4.011,4.572,4.649,4.384,4.479,Sí,-0.468,2026-09-07,07/09/2026,4.1,0,Ajuste aplicado
AH_2026_2027,2026-09-07,2026-09-08 19:31:42.756753,Borja,9040208,2026-09-12,12/09/2026,4.02,3.859,4.159,3.963,4.087,4.487,4.327,4.627,4.431,4.555,4.062,4.159,3.859,3.998,4.53,4.627,4.327,4.466,Sí,-0.468,2026-09-07,07/09/2026,4.1,0,Ajuste aplicado
AH_2026_2027,2026-09-07,2026-09-08 19:31:42.756753,Borja,9040208,2026-09-13,13/09/2026,3.952,3.79,4.099,3.89,4.021,4.42,4.258,4.567,4.358,4.489,3.995,4.099,3.79,3.923,4.463,4.567,4.258,4.391,Sí,-0.468,2026-09-07,07/09/2026,4.1,0,Ajuste aplicado
AH_2026_2027,2026-09-07,2026-09-08 19:31:42.756753,Contamana,9053555,2026-09-07,07/09/2026,5.415,5.415,5.415,5.415,5.415,12.87,12.87,12.87,12.87,12.87,5.415,5.415,5.415,5.415,12.87,12.87,12.87,12.87,Sí,-7.455,2026-09-07,07/09/2026,5.415,0,Offset alto: -7.45 m. Revisar estación.
AH_2026_2027,2026-09-07,2026-09-08 19:31:42.756753,Contamana,9053555,2026-09-08,08/09/2026,5.409,5.409,5.409,5.409,5.409,12.864,12.864,12.864,12.864,12.864,5.409,5.409,5.409,5.409,12.864,12.864,12.864,12.864,Sí,-7.455,2026-09-07,07/09/2026,5.415,0,Offset alto: -7.45 m. Revisar estación.
AH_2026_2027,2026-09-07,2026-09-08 19:31:42.756753,Contamana,9053555,2026-09-09,09/09/2026,5.388,5.388,5.388,5.388,5.388,12.843,12.843,12.843,12.843,12.843,5.388,5.388,5.388,5.388,12.843,12.843,12.843,12.843,Sí,-7.455,2026-09-07,07/09/2026,5.415,0,Offset alto: -7.45 m. Revisar estación.
AH_2026_2027,2026-09-07,2026-09-08 19:31:42.756753,Contamana,9053555,2026-09-10,10/09/2026,5.325,5.325,5.325,5.325,5.325,12.78,12.78,12.78,12.78,12.78,5.325,5.325,5.325,5.325,12.78,12.78,12.78,12.78,Sí,-7.455,2026-09-07,07/09/2026,5.415,0,Offset alto: -7.45 m. Revisar estación.
AH_2026_2027,2026-09-07,2026-09-08 19:31:42.756753,Contamana,9053555,2026-09-11,11/09/2026,5.145,5.138,5.164,5.139,5.146,12.6,12.593,12.619,12.593,12.601,5.139,5.138,5.14,5.164,12.593,12.593,12.595,12.619,Sí,-7.455,2026-09-07,07/09/2026,5.415,0,Offset alto: -7.45 m. Revisar estación.
AH_2026_2027,2026-09-07,2026-09-08 19:31:42.756753,Contamana,9053555,2026-09-12,12/09/2026,4.858,4.844,4.899,4.844,4.858,12.313,12.299,12.354,12.299,12.313,4.844,4.844,4.845,4.899,12.299,12.299,12.3,12.354,Sí,-7.455,2026-09-07,07/09/2026,5.415,0,Offset alto: -7.45 m. Revisar estación.
AH_2026_2027,2026-09-07,2026-09-08 19:31:42.756753,Contamana,9053555,2026-09-13,13/09/2026,4.607,4.591,4.621,4.604,4.612,12.062,12.046,12.076,12.059,12.067,4.608,4.609,4.591,4.621,12.063,12.064,12.046,12.076,Sí,-7.455,2026-09-07,07/09/2026,5.415,0,Offset alto: -7.45 m. Revisar estación.
AH_2026_2027,2026-09-07,2026-09-08 19:31:42.756753,ENAPU,9038134,2026-09-07,07/09/2026,4.49,-20.264,29.247,-20.109,29.088,28.524,3.77,53.281,3.925,53.122,29.035,-20.057,-20.264,29.247,53.069,3.977,3.77,53.281,Sí,-24.034,2026-09-07,07/09/2026,4.49,0,Offset alto: -24.03 m. Revisar estación.
AH_2026_2027,2026-09-07,2026-09-08 19:31:42.756753,ENAPU,9038134,2026-09-08,08/09/2026,58.445,32.882,83.904,33.169,83.772,82.479,56.916,107.938,57.204,107.806,83.728,33.265,32.882,83.904,107.763,57.299,56.916,107.938,Sí,-24.034,2026-09-07,07/09/2026,4.49,0,Offset alto: -24.03 m. Revisar estación.
AH_2026_2027,2026-09-07,2026-09-08 19:31:42.756753,ENAPU,9038134,2026-09-09,09/09/2026,83.853,83.163,84.722,83.246,84.37,107.887,107.197,108.756,107.281,108.404,84.252,83.163,83.274,84.722,108.286,107.197,107.308,108.756,Sí,-24.034,2026-09-07,07/09/2026,4.49,0,Offset alto: -24.03 m. Revisar estación.
AH_2026_2027,2026-09-07,2026-09-08 19:31:42.756753,ENAPU,9038134,2026-09-10,10/09/2026,84.074,83.434,84.93,83.528,84.512,108.108,107.468,108.964,107.563,108.547,84.373,83.434,83.56,84.93,108.407,107.468,107.594,108.964,Sí,-24.034,2026-09-07,07/09/2026,4.49,0,Offset alto: -24.03 m. Revisar estación.
AH_2026_2027,2026-09-07,2026-09-08 19:31:42.756753,ENAPU,9038134,2026-09-11,11/09/2026,84.038,83.491,84.873,83.515,84.417,108.072,107.525,108.907,107.549,108.451,84.265,83.491,83.523,84.873,108.3,107.525,107.557,108.907,Sí,-24.034,2026-09-07,07/09/2026,4.49,0,Offset alto: -24.03 m. Revisar estación.
AH_2026_2027,2026-09-07,2026-09-08 19:31:42.756753,ENAPU,9038134,2026-09-12,12/09/2026,83.916,83.486,84.693,83.493,84.165,107.95,107.52,108.727,107.527,108.199,83.989,83.495,83.486,84.693,108.024,107.53,107.52,108.727,Sí,-24.034,2026-09-07,07/09/2026,4.49,0,Offset alto: -24.03 m. Revisar estación.
AH_2026_2027,2026-09-07,2026-09-08 19:31:42.756753,ENAPU,9038134,2026-09-13,13/09/2026,83.834,83.511,84.336,83.615,83.964,107.868,107.545,108.37,107.649,107.998,83.839,83.649,83.511,84.336,107.874,107.684,107.545,108.37,Sí,-24.034,2026-09-07,07/09/2026,4.49,0,Offset alto: -24.03 m. Revisar estación.
AH_2026_2027,2026-09-07,2026-09-08 19:31:42.756753,Flor de Punga,9044756,2026-09-07,07/09/2026,11.802,11.802,11.802,11.802,11.802,11.802,11.802,11.802,11.802,11.802,11.802,11.802,11.802,11.802,11.802,11.802,11.802,11.802,No,,2026-05-14,14/05/2026,22.8,116,Observado muy antiguo para ajuste: 116 días
AH_2026_2027,2026-09-07,2026-09-08 19:31:42.756753,Flor de Punga,9044756,2026-09-08,08/09/2026,11.783,11.783,11.784,11.783,11.784,11.783,11.783,11.784,11.783,11.784,11.784,11.784,11.783,11.783,11.784,11.784,11.783,11.783,No,,2026-05-14,14/05/2026,22.8,116,Observado muy antiguo para ajuste: 116 días
AH_2026_2027,2026-09-07,2026-09-08 19:31:42.756753,Flor de Punga,9044756,2026-09-09,09/09/2026,11.747,11.747,11.748,11.747,11.747,11.747,11.747,11.748,11.747,11.747,11.747,11.747,11.747,11.748,11.747,11.747,11.747,11.748,No,,2026-05-14,14/05/2026,22.8,116,Observado muy antiguo para ajuste: 116 días
AH_2026_2027,2026-09-07,2026-09-08 19:31:42.756753,Flor de Punga,9044756,2026-09-10,10/09/2026,11.737,11.735,11.738,11.736,11.737,11.737,11.735,11.738,11.736,11.737,11.737,11.737,11.735,11.738,11.737,11.737,11.735,11.738,No,,2026-05-14,14/05/2026,22.8,116,Observado muy antiguo para ajuste: 116 días
AH_2026_2027,2026-09-07,2026-09-08 19:31:42.756753,Flor de Punga,9044756,2026-09-11,11/09/2026,11.763,11.762,11.764,11.763,11.763,11.763,11.762,11.764,11.763,11.763,11.763,11.763,11.762,11.764,11.763,11.763,11.762,11.764,No,,2026-05-14,14/05/2026,22.8,116,Observado muy antiguo para ajuste: 116 días
AH_2026_2027,2026-09-07,2026-09-08 19:31:42.756753,Flor de Punga,9044756,2026-09-12,12/09/2026,11.837,11.836,11.837,11.836,11.837,11.837,11.836,11.837,11.836,11.837,11.836,11.837,11.836,11.837,11.836,11.837,11.836,11.837,No,,2026-05-14,14/05/2026,22.8,116,Observado muy antiguo para ajuste: 116 días
AH_2026_2027,2026-09-07,2026-09-08 19:31:42.756753,Flor de Punga,9044756,2026-09-13,13/09/2026,11.859,11.859,11.859,11.859,11.859,11.859,11.859,11.859,11.859,11.859,11.859,11.859,11.859,11.859,11.859,11.859,11.859,11.859,No,,2026-05-14,14/05/2026,22.8,116,Observado muy antiguo para ajuste: 116 días
AH_2026_2027,2026-09-07,2026-09-08 19:31:42.756753,Genaro Herrera,9042214,2026-09-07,07/09/2026,6.655,6.655,6.655,6.655,6.655,8.468,8.468,8.468,8.468,8.468,6.655,6.655,6.655,6.655,8.468,8.468,8.468,8.468,Sí,-1.813,2026-09-07,07/09/2026,6.655,0,Offset alto: -1.81 m. Revisar estación.
AH_2026_2027,2026-09-07,2026-09-08 19:31:42.756753,Genaro Herrera,9042214,2026-09-08,08/09/2026,6.674,6.674,6.675,6.674,6.674,8.488,8.488,8.488,8.488,8.488,6.675,6.674,6.674,6.674,8.488,8.488,8.488,8.488,Sí,-1.813,2026-09-07,07/09/2026,6.655,0,Offset alto: -1.81 m. Revisar estación.
AH_2026_2027,2026-09-07,2026-09-08 19:31:42.756753,Genaro Herrera,9042214,2026-09-09,09/09/2026,6.676,6.676,6.676,6.676,6.676,8.489,8.489,8.489,8.489,8.489,6.676,6.676,6.676,6.676,8.489,8.489,8.489,8.489,Sí,-1.813,2026-09-07,07/09/2026,6.655,0,Offset alto: -1.81 m. Revisar estación.
AH_2026_2027,2026-09-07,2026-09-08 19:31:42.756753,Genaro Herrera,9042214,2026-09-10,10/09/2026,6.67,6.67,6.671,6.67,6.67,8.484,8.484,8.484,8.484,8.484,6.671,6.67,6.67,6.67,8.484,8.484,8.484,8.484,Sí,-1.813,2026-09-07,07/09/2026,6.655,0,Offset alto: -1.81 m. Revisar estación.
AH_2026_2027,2026-09-07,2026-09-08 19:31:42.756753,Genaro Herrera,9042214,2026-09-11,11/09/2026,6.662,6.662,6.662,6.662,6.662,8.475,8.475,8.475,8.475,8.475,6.662,6.662,6.662,6.662,8.475,8.475,8.475,8.475,Sí,-1.813,2026-09-07,07/09/2026,6.655,0,Offset alto: -1.81 m. Revisar estación.
AH_2026_2027,2026-09-07,2026-09-08 19:31:42.756753,Genaro Herrera,9042214,2026-09-12,12/09/2026,6.66,6.66,6.66,6.66,6.66,8.474,8.473,8.474,8.474,8.474,6.66,6.66,6.66,6.66,8.474,8.474,8.473,8.474,Sí,-1.813,2026-09-07,07/09/2026,6.655,0,Offset alto: -1.81 m. Revisar estación.
AH_2026_2027,2026-09-07,2026-09-08 19:31:42.756753,Genaro Herrera,9042214,2026-09-13,13/09/2026,6.669,6.669,6.669,6.669,6.669,8.482,8.482,8.482,8.482,8.482,6.669,6.669,6.669,6.669,8.482,8.482,8.482,8.482,Sí,-1.813,2026-09-07,07/09/2026,6.655,0,Offset alto: -1.81 m. Revisar estación.
AH_2026_2027,2026-09-07,2026-09-08 19:31:42.756753,Lagunas,9043597,2026-09-07,07/09/2026,3.848,3.847,3.848,3.847,3.848,5.099,5.099,5.099,5.099,5.099,3.848,3.848,3.847,3.847,5.099,5.099,5.099,5.099,Sí,-1.251,2026-09-07,07/09/2026,3.848,0,Ajuste aplicado
AH_2026_2027,2026-09-07,2026-09-08 19:31:42.756753,Lagunas,9043597,2026-09-08,08/09/2026,3.623,3.623,3.623,3.623,3.623,4.874,4.874,4.874,4.874,4.874,3.623,3.623,3.623,3.623,4.874,4.874,4.874,4.874,Sí,-1.251,2026-09-07,07/09/2026,3.848,0,Ajuste aplicado
AH_2026_2027,2026-09-07,2026-09-08 19:31:42.756753,Lagunas,9043597,2026-09-09,09/09/2026,3.423,3.423,3.423,3.423,3.423,4.674,4.674,4.674,4.674,4.674,3.423,3.423,3.423,3.423,4.674,4.674,4.674,4.674,Sí,-1.251,2026-09-07,07/09/2026,3.848,0,Ajuste aplicado
AH_2026_2027,2026-09-07,2026-09-08 19:31:42.756753,Lagunas,9043597,2026-09-10,10/09/2026,3.322,3.321,3.322,3.321,3.322,4.573,4.573,4.574,4.573,4.574,3.322,3.322,3.321,3.321,4.574,4.574,4.573,4.573,Sí,-1.251,2026-09-07,07/09/2026,3.848,0,Ajuste aplicado
AH_2026_2027,2026-09-07,2026-09-08 19:31:42.756753,Lagunas,9043597,2026-09-11,11/09/2026,3.242,3.242,3.243,3.242,3.243,4.494,4.493,4.495,4.493,4.494,3.243,3.243,3.242,3.242,4.495,4.494,4.493,4.493,Sí,-1.251,2026-09-07,07/09/2026,3.848,0,Ajuste aplicado
AH_2026_2027,2026-09-07,2026-09-08 19:31:42.756753,Lagunas,9043597,2026-09-12,12/09/2026,3.182,3.176,3.19,3.176,3.186,4.433,4.427,4.441,4.427,4.438,3.19,3.185,3.176,3.176,4.441,4.437,4.427,4.427,Sí,-1.251,2026-09-07,07/09/2026,3.848,0,Ajuste aplicado
AH_2026_2027,2026-09-07,2026-09-08 19:31:42.756753,Lagunas,9043597,2026-09-13,13/09/2026,3.167,3.141,3.195,3.151,3.181,4.418,4.392,4.447,4.402,4.433,3.195,3.176,3.154,3.141,4.447,4.428,4.406,4.392,Sí,-1.251,2026-09-07,07/09/2026,3.848,0,Ajuste aplicado
AH_2026_2027,2026-09-07,2026-09-08 19:31:42.756753,Nauta,9040454,2026-09-07,07/09/2026,6.172,6.172,6.173,6.172,6.173,5.494,5.494,5.495,5.494,5.495,6.173,6.173,6.172,6.172,5.495,5.494,5.494,5.494,Sí,0.678,2026-09-07,07/09/2026,6.172,0,Ajuste aplicado
AH_2026_2027,2026-09-07,2026-09-08 19:31:42.756753,Nauta,9040454,2026-09-08,08/09/2026,6.154,6.153,6.154,6.154,6.154,5.476,5.475,5.476,5.475,5.476,6.154,6.154,6.153,6.154,5.476,5.476,5.475,5.476,Sí,0.678,2026-09-07,07/09/2026,6.172,0,Ajuste aplicado
AH_2026_2027,2026-09-07,2026-09-08 19:31:42.756753,Nauta,9040454,2026-09-09,09/09/2026,6.073,6.072,6.073,6.072,6.073,5.394,5.394,5.395,5.394,5.395,6.073,6.072,6.072,6.073,5.395,5.394,5.394,5.395,Sí,0.678,2026-09-07,07/09/2026,6.172,0,Ajuste aplicado
AH_2026_2027,2026-09-07,2026-09-08 19:31:42.756753,Nauta,9040454,2026-09-10,10/09/2026,6.021,6.02,6.021,6.02,6.021,5.343,5.342,5.343,5.342,5.343,6.021,6.021,6.02,6.021,5.343,5.342,5.342,5.343,Sí,0.678,2026-09-07,07/09/2026,6.172,0,Ajuste aplicado
AH_2026_2027,2026-09-07,2026-09-08 19:31:42.756753,Nauta,9040454,2026-09-11,11/09/2026,5.94,5.94,5.94,5.94,5.94,5.262,5.262,5.262,5.262,5.262,5.94,5.94,5.94,5.94,5.262,5.262,5.262,5.262,Sí,0.678,2026-09-07,07/09/2026,6.172,0,Ajuste aplicado
AH_2026_2027,2026-09-07,2026-09-08 19:31:42.756753,Nauta,9040454,2026-09-12,12/09/2026,5.885,5.885,5.886,5.885,5.885,5.207,5.207,5.207,5.207,5.207,5.885,5.886,5.885,5.885,5.207,5.207,5.207,5.207,Sí,0.678,2026-09-07,07/09/2026,6.172,0,Ajuste aplicado
AH_2026_2027,2026-09-07,2026-09-08 19:31:42.756753,Nauta,9040454,2026-09-13,13/09/2026,5.792,5.791,5.794,5.792,5.793,5.114,5.113,5.115,5.113,5.115,5.793,5.794,5.791,5.792,5.115,5.115,5.113,5.114,Sí,0.678,2026-09-07,07/09/2026,6.172,0,Ajuste aplicado
AH_2026_2027,2026-09-07,2026-09-08 19:31:42.756753,Puerto Almendra,9037610,2026-09-07,07/09/2026,2.605,2.601,2.609,2.601,2.608,2.614,2.61,2.618,2.61,2.617,2.608,2.601,2.601,2.609,2.617,2.61,2.61,2.618,Sí,-0.009,2026-09-07,07/09/2026,2.605,0,Ajuste aplicado
AH_2026_2027,2026-09-07,2026-09-08 19:31:42.756753,Puerto Almendra,9037610,2026-09-08,08/09/2026,2.691,2.673,2.715,2.678,2.703,2.7,2.681,2.723,2.686,2.712,2.715,2.699,2.673,2.679,2.723,2.708,2.681,2.688,Sí,-0.009,2026-09-07,07/09/2026,2.605,0,Ajuste aplicado
AH_2026_2027,2026-09-07,2026-09-08 19:31:42.756753,Puerto Almendra,9037610,2026-09-09,09/09/2026,2.787,2.717,2.887,2.729,2.83,2.796,2.726,2.896,2.737,2.839,2.887,2.811,2.717,2.732,2.896,2.82,2.726,2.741,Sí,-0.009,2026-09-07,07/09/2026,2.605,0,Ajuste aplicado
AH_2026_2027,2026-09-07,2026-09-08 19:31:42.756753,Puerto Almendra,9037610,2026-09-10,10/09/2026,2.905,2.814,3.03,2.834,2.959,2.914,2.822,3.038,2.842,2.968,3.03,2.936,2.814,2.84,3.038,2.945,2.822,2.849,Sí,-0.009,2026-09-07,07/09/2026,2.605,0,Ajuste aplicado
AH_2026_2027,2026-09-07,2026-09-08 19:31:42.756753,Puerto Almendra,9037610,2026-09-11,11/09/2026,3.008,2.886,3.052,3.006,3.05,3.017,2.895,3.06,3.015,3.058,3.046,3.049,2.886,3.052,3.054,3.058,2.895,3.06,Sí,-0.009,2026-09-07,07/09/2026,2.605,0,Ajuste aplicado
AH_2026_2027,2026-09-07,2026-09-08 19:31:42.756753,Puerto Almendra,9037610,2026-09-12,12/09/2026,2.978,2.811,3.107,2.913,3.063,2.987,2.82,3.115,2.922,3.071,2.948,3.048,2.811,3.107,2.956,3.057,2.82,3.115,Sí,-0.009,2026-09-07,07/09/2026,2.605,0,Ajuste aplicado
AH_2026_2027,2026-09-07,2026-09-08 19:31:42.756753,Puerto Almendra,9037610,2026-09-13,13/09/2026,2.797,2.642,2.893,2.736,2.888,2.806,2.651,2.902,2.745,2.897,2.768,2.893,2.642,2.886,2.776,2.902,2.651,2.895,Sí,-0.009,2026-09-07,07/09/2026,2.605,0,Ajuste aplicado
AH_2026_2027,2026-09-07,2026-09-08 19:31:42.756753,Requena,9043425,2026-09-07,07/09/2026,5.283,5.28,5.284,5.281,5.284,5.608,5.606,5.61,5.607,5.609,5.284,5.284,5.28,5.282,5.61,5.609,5.606,5.607,Sí,-0.325,2026-09-07,07/09/2026,5.283,0,Ajuste aplicado
AH_2026_2027,2026-09-07,2026-09-08 19:31:42.756753,Requena,9043425,2026-09-08,08/09/2026,5.23,5.23,5.23,5.23,5.23,5.555,5.555,5.556,5.555,5.556,5.23,5.23,5.23,5.23,5.556,5.556,5.555,5.555,Sí,-0.325,2026-09-07,07/09/2026,5.283,0,Ajuste aplicado
AH_2026_2027,2026-09-07,2026-09-08 19:31:42.756753,Requena,9043425,2026-09-09,09/09/2026,5.215,5.215,5.215,5.215,5.215,5.54,5.54,5.54,5.54,5.54,5.215,5.215,5.215,5.215,5.54,5.54,5.54,5.54,Sí,-0.325,2026-09-07,07/09/2026,5.283,0,Ajuste aplicado
AH_2026_2027,2026-09-07,2026-09-08 19:31:42.756753,Requena,9043425,2026-09-10,10/09/2026,5.163,5.163,5.163,5.163,5.163,5.489,5.489,5.489,5.489,5.489,5.163,5.163,5.163,5.163,5.489,5.489,5.489,5.489,Sí,-0.325,2026-09-07,07/09/2026,5.283,0,Ajuste aplicado
AH_2026_2027,2026-09-07,2026-09-08 19:31:42.756753,Requena,9043425,2026-09-11,11/09/2026,5.113,5.113,5.114,5.113,5.113,5.439,5.438,5.439,5.439,5.439,5.113,5.113,5.113,5.114,5.438,5.439,5.439,5.439,Sí,-0.325,2026-09-07,07/09/2026,5.283,0,Ajuste aplicado
AH_2026_2027,2026-09-07,2026-09-08 19:31:42.756753,Requena,9043425,2026-09-12,12/09/2026,5.058,5.056,5.061,5.057,5.059,5.384,5.382,5.386,5.383,5.385,5.056,5.058,5.059,5.061,5.382,5.383,5.384,5.386,Sí,-0.325,2026-09-07,07/09/2026,5.283,0,Ajuste aplicado
AH_2026_2027,2026-09-07,2026-09-08 19:31:42.756753,Requena,9043425,2026-09-13,13/09/2026,5.018,5.017,5.018,5.018,5.018,5.343,5.343,5.343,5.343,5.343,5.018,5.017,5.018,5.018,5.343,5.343,5.343,5.343,Sí,-0.325,2026-09-07,07/09/2026,5.283,0,Ajuste aplicado
AH_2026_2027,2026-09-07,2026-09-08 19:31:42.756753,San Lorenzo,9042153,2026-09-07,07/09/2026,9.757,9.757,9.757,9.757,9.757,9.757,9.757,9.757,9.757,9.757,9.757,9.757,9.757,9.757,9.757,9.757,9.757,9.757,No,,2025-09-30,30/09/2025,7.19,342,Observado muy antiguo para ajuste: 342 días
AH_2026_2027,2026-09-07,2026-09-08 19:31:42.756753,San Lorenzo,9042153,2026-09-08,08/09/2026,9.794,9.794,9.794,9.794,9.794,9.794,9.794,9.794,9.794,9.794,9.794,9.794,9.794,9.794,9.794,9.794,9.794,9.794,No,,2025-09-30,30/09/2025,7.19,342,Observado muy antiguo para ajuste: 342 días
AH_2026_2027,2026-09-07,2026-09-08 19:31:42.756753,San Lorenzo,9042153,2026-09-09,09/09/2026,9.838,9.838,9.838,9.838,9.838,9.838,9.838,9.838,9.838,9.838,9.838,9.838,9.838,9.838,9.838,9.838,9.838,9.838,No,,2025-09-30,30/09/2025,7.19,342,Observado muy antiguo para ajuste: 342 días
AH_2026_2027,2026-09-07,2026-09-08 19:31:42.756753,San Lorenzo,9042153,2026-09-10,10/09/2026,9.839,9.838,9.839,9.838,9.839,9.839,9.838,9.839,9.838,9.839,9.839,9.839,9.838,9.838,9.839,9.839,9.838,9.838,No,,2025-09-30,30/09/2025,7.19,342,Observado muy antiguo para ajuste: 342 días
AH_2026_2027,2026-09-07,2026-09-08 19:31:42.756753,San Lorenzo,9042153,2026-09-11,11/09/2026,9.83,9.82,9.839,9.821,9.839,9.83,9.82,9.839,9.821,9.839,9.839,9.839,9.82,9.821,9.839,9.839,9.82,9.821,No,,2025-09-30,30/09/2025,7.19,342,Observado muy antiguo para ajuste: 342 días
AH_2026_2027,2026-09-07,2026-09-08 19:31:42.756753,San Lorenzo,9042153,2026-09-12,12/09/2026,9.799,9.75,9.851,9.756,9.842,9.799,9.75,9.851,9.756,9.842,9.838,9.851,9.75,9.758,9.838,9.851,9.75,9.758,No,,2025-09-30,30/09/2025,7.19,342,Observado muy antiguo para ajuste: 342 días
AH_2026_2027,2026-09-07,2026-09-08 19:31:42.756753,San Lorenzo,9042153,2026-09-13,13/09/2026,9.787,9.703,9.873,9.728,9.847,9.787,9.703,9.873,9.728,9.847,9.838,9.873,9.703,9.736,9.838,9.873,9.703,9.736,No,,2025-09-30,30/09/2025,7.19,342,Observado muy antiguo para ajuste: 342 días
AH_2026_2027,2026-09-07,2026-09-08 19:31:42.756753,San Regis,9040439,2026-09-07,07/09/2026,4.91,4.91,4.91,4.91,4.91,5.648,5.648,5.648,5.648,5.648,4.91,4.91,4.91,4.91,5.648,5.648,5.648,5.648,Sí,-0.738,2026-09-07,07/09/2026,4.91,0,Ajuste aplicado
AH_2026_2027,2026-09-07,2026-09-08 19:31:42.756753,San Regis,9040439,2026-09-08,08/09/2026,4.861,4.861,4.861,4.861,4.861,5.599,5.599,5.599,5.599,5.599,4.861,4.861,4.861,4.861,5.599,5.599,5.599,5.599,Sí,-0.738,2026-09-07,07/09/2026,4.91,0,Ajuste aplicado
AH_2026_2027,2026-09-07,2026-09-08 19:31:42.756753,San Regis,9040439,2026-09-09,09/09/2026,4.82,4.82,4.82,4.82,4.82,5.559,5.558,5.559,5.559,5.559,4.82,4.82,4.82,4.82,5.559,5.559,5.558,5.559,Sí,-0.738,2026-09-07,07/09/2026,4.91,0,Ajuste aplicado
AH_2026_2027,2026-09-07,2026-09-08 19:31:42.756753,San Regis,9040439,2026-09-10,10/09/2026,4.761,4.761,4.761,4.761,4.761,5.5,5.499,5.5,5.499,5.5,4.761,4.761,4.761,4.761,5.5,5.5,5.499,5.499,Sí,-0.738,2026-09-07,07/09/2026,4.91,0,Ajuste aplicado
AH_2026_2027,2026-09-07,2026-09-08 19:31:42.756753,San Regis,9040439,2026-09-11,11/09/2026,4.691,4.69,4.692,4.69,4.692,5.43,5.429,5.431,5.429,5.43,4.692,4.692,4.69,4.69,5.43,5.431,5.429,5.429,Sí,-0.738,2026-09-07,07/09/2026,4.91,0,Ajuste aplicado
AH_2026_2027,2026-09-07,2026-09-08 19:31:42.756753,San Regis,9040439,2026-09-12,12/09/2026,4.63,4.63,4.63,4.63,4.63,5.368,5.368,5.368,5.368,5.368,4.63,4.63,4.63,4.63,5.368,5.368,5.368,5.368,Sí,-0.738,2026-09-07,07/09/2026,4.91,0,Ajuste aplicado
AH_2026_2027,2026-09-07,2026-09-08 19:31:42.756753,San Regis,9040439,2026-09-13,13/09/2026,4.607,4.607,4.607,4.607,4.607,5.345,5.345,5.345,5.345,5.345,4.607,4.607,4.607,4.607,5.345,5.345,5.345,5.345,Sí,-0.738,2026-09-07,07/09/2026,4.91,0,Ajuste aplicado
AH_2026_2027,2026-09-07,2026-09-08 19:31:42.756753,Santa Clotilde,9032282,2026-09-07,07/09/2026,7.788,7.787,7.788,7.787,7.788,6.816,6.816,6.816,6.816,6.816,7.788,7.788,7.788,7.787,6.816,6.816,6.816,6.816,Sí,0.971,2026-09-07,07/09/2026,7.788,0,Ajuste aplicado
AH_2026_2027,2026-09-07,2026-09-08 19:31:42.756753,Santa Clotilde,9032282,2026-09-08,08/09/2026,7.739,7.739,7.74,7.739,7.739,6.768,6.768,6.768,6.768,6.768,7.74,7.739,7.739,7.739,6.768,6.768,6.768,6.768,Sí,0.971,2026-09-07,07/09/2026,7.788,0,Ajuste aplicado
AH_2026_2027,2026-09-07,2026-09-08 19:31:42.756753,Santa Clotilde,9032282,2026-09-09,09/09/2026,7.72,7.72,7.72,7.72,7.72,6.749,6.749,6.749,6.749,6.749,7.72,7.72,7.72,7.72,6.749,6.749,6.749,6.749,Sí,0.971,2026-09-07,07/09/2026,7.788,0,Ajuste aplicado
AH_2026_2027,2026-09-07,2026-09-08 19:31:42.756753,Santa Clotilde,9032282,2026-09-10,10/09/2026,7.7,7.697,7.706,7.697,7.701,6.729,6.726,6.735,6.726,6.73,7.706,7.699,7.697,7.697,6.735,6.728,6.726,6.726,Sí,0.971,2026-09-07,07/09/2026,7.788,0,Ajuste aplicado
AH_2026_2027,2026-09-07,2026-09-08 19:31:42.756753,Santa Clotilde,9032282,2026-09-11,11/09/2026,7.694,7.688,7.703,7.69,7.698,6.723,6.717,6.731,6.718,6.726,7.703,7.696,7.688,7.69,6.731,6.725,6.717,6.719,Sí,0.971,2026-09-07,07/09/2026,7.788,0,Ajuste aplicado
AH_2026_2027,2026-09-07,2026-09-08 19:31:42.756753,Santa Clotilde,9032282,2026-09-12,12/09/2026,7.695,7.685,7.708,7.688,7.7,6.723,6.714,6.736,6.717,6.728,7.708,7.697,7.685,7.689,6.736,6.726,6.714,6.718,Sí,0.971,2026-09-07,07/09/2026,7.788,0,Ajuste aplicado
AH_2026_2027,2026-09-07,2026-09-08 19:31:42.756753,Santa Clotilde,9032282,2026-09-13,13/09/2026,7.695,7.683,7.71,7.687,7.701,6.724,6.712,6.739,6.716,6.729,7.71,7.698,7.683,7.689,6.739,6.726,6.712,6.717,Sí,0.971,2026-09-07,07/09/2026,7.788,0,Ajuste aplicado
AH_2026_2027,2026-09-07,2026-09-08 19:31:42.756753,Santa María de Nanay,9037738,2026-09-07,07/09/2026,4.14,4.058,4.21,4.107,4.179,4.054,3.972,4.123,4.02,4.093,4.21,4.169,4.123,4.058,4.123,4.083,4.036,3.972,Sí,0.086,2026-09-07,07/09/2026,4.14,0,Ajuste aplicado
AH_2026_2027,2026-09-07,2026-09-08 19:31:42.756753,Santa María de Nanay,9037738,2026-09-08,08/09/2026,4.266,4.16,4.413,4.165,4.348,4.18,4.074,4.326,4.079,4.261,4.413,4.326,4.16,4.166,4.326,4.24,4.074,4.08,Sí,0.086,2026-09-07,07/09/2026,4.14,0,Ajuste aplicado
AH_2026_2027,2026-09-07,2026-09-08 19:31:42.756753,Santa María de Nanay,9037738,2026-09-09,09/09/2026,4.355,4.196,4.547,4.216,4.476,4.268,4.11,4.461,4.13,4.39,4.547,4.452,4.222,4.196,4.461,4.366,4.136,4.11,Sí,0.086,2026-09-07,07/09/2026,4.14,0,Ajuste aplicado
AH_2026_2027,2026-09-07,2026-09-08 19:31:42.756753,Santa María de Nanay,9037738,2026-09-10,10/09/2026,4.425,4.18,4.619,4.288,4.589,4.339,4.093,4.532,4.201,4.503,4.58,4.619,4.323,4.18,4.493,4.532,4.237,4.093,Sí,0.086,2026-09-07,07/09/2026,4.14,0,Ajuste aplicado
AH_2026_2027,2026-09-07,2026-09-08 19:31:42.756753,Santa María de Nanay,9037738,2026-09-11,11/09/2026,4.378,4.071,4.665,4.22,4.545,4.292,3.984,4.579,4.134,4.459,4.506,4.665,4.27,4.071,4.419,4.579,4.184,3.984,Sí,0.086,2026-09-07,07/09/2026,4.14,0,Ajuste aplicado
AH_2026_2027,2026-09-07,2026-09-08 19:31:42.756753,Santa María de Nanay,9037738,2026-09-12,12/09/2026,4.019,3.319,4.455,3.855,4.314,3.932,3.233,4.369,3.769,4.227,4.266,4.455,4.034,3.319,4.18,4.369,3.948,3.233,Sí,0.086,2026-09-07,07/09/2026,4.14,0,Ajuste aplicado
AH_2026_2027,2026-09-07,2026-09-08 19:31:42.756753,Santa María de Nanay,9037738,2026-09-13,13/09/2026,3.55,2.437,4.303,3.204,4.077,3.464,2.35,4.217,3.118,3.99,4.001,4.303,3.46,2.437,3.915,4.217,3.373,2.35,Sí,0.086,2026-09-07,07/09/2026,4.14,0,Ajuste aplicado
AH_2026_2027,2026-09-07,2026-09-08 19:31:42.756753,Santa Rosa,9039635,2026-09-07,07/09/2026,3.822,3.822,3.822,3.822,3.822,3.252,3.252,3.252,3.252,3.252,3.822,3.822,3.822,3.822,3.252,3.252,3.252,3.252,Sí,0.571,2026-09-07,07/09/2026,3.822,0,Ajuste aplicado
AH_2026_2027,2026-09-07,2026-09-08 19:31:42.756753,Santa Rosa,9039635,2026-09-08,08/09/2026,3.851,3.851,3.851,3.851,3.851,3.28,3.28,3.28,3.28,3.28,3.851,3.851,3.851,3.851,3.28,3.28,3.28,3.28,Sí,0.571,2026-09-07,07/09/2026,3.822,0,Ajuste aplicado
AH_2026_2027,2026-09-07,2026-09-08 19:31:42.756753,Santa Rosa,9039635,2026-09-09,09/09/2026,3.873,3.871,3.874,3.873,3.874,3.302,3.3,3.303,3.302,3.303,3.871,3.874,3.874,3.874,3.3,3.303,3.303,3.303,Sí,0.571,2026-09-07,07/09/2026,3.822,0,Ajuste aplicado
AH_2026_2027,2026-09-07,2026-09-08 19:31:42.756753,Santa Rosa,9039635,2026-09-10,10/09/2026,3.931,3.926,3.934,3.93,3.934,3.36,3.356,3.363,3.36,3.363,3.926,3.932,3.934,3.934,3.356,3.361,3.363,3.363,Sí,0.571,2026-09-07,07/09/2026,3.822,0,Ajuste aplicado
AH_2026_2027,2026-09-07,2026-09-08 19:31:42.756753,Santa Rosa,9039635,2026-09-11,11/09/2026,3.904,3.874,3.934,3.896,3.911,3.333,3.303,3.363,3.325,3.34,3.874,3.904,3.904,3.934,3.303,3.333,3.333,3.363,Sí,0.571,2026-09-07,07/09/2026,3.822,0,Ajuste aplicado
AH_2026_2027,2026-09-07,2026-09-08 19:31:42.756753,Santa Rosa,9039635,2026-09-12,12/09/2026,3.875,3.856,3.921,3.86,3.877,3.304,3.285,3.35,3.29,3.306,3.856,3.862,3.862,3.921,3.285,3.291,3.291,3.35,Sí,0.571,2026-09-07,07/09/2026,3.822,0,Ajuste aplicado
AH_2026_2027,2026-09-07,2026-09-08 19:31:42.756753,Santa Rosa,9039635,2026-09-13,13/09/2026,3.872,3.851,3.936,3.851,3.872,3.301,3.28,3.365,3.28,3.301,3.851,3.851,3.851,3.936,3.28,3.28,3.28,3.365,Sí,0.571,2026-09-07,07/09/2026,3.822,0,Ajuste aplicado
AH_2026_2027,2026-09-07,2026-09-08 19:31:42.756753,Tamshiyacu,9038269,2026-09-07,07/09/2026,2.302,2.301,2.304,2.302,2.303,2.411,2.41,2.413,2.41,2.412,2.304,2.303,2.301,2.302,2.413,2.412,2.41,2.41,Sí,-0.109,2026-09-07,07/09/2026,2.302,0,Ajuste aplicado
AH_2026_2027,2026-09-07,2026-09-08 19:31:42.756753,Tamshiyacu,9038269,2026-09-08,08/09/2026,2.328,2.328,2.329,2.328,2.328,2.437,2.437,2.437,2.437,2.437,2.329,2.328,2.328,2.328,2.437,2.437,2.437,2.437,Sí,-0.109,2026-09-07,07/09/2026,2.302,0,Ajuste aplicado
AH_2026_2027,2026-09-07,2026-09-08 19:31:42.756753,Tamshiyacu,9038269,2026-09-09,09/09/2026,2.331,2.33,2.331,2.331,2.331,2.439,2.439,2.44,2.439,2.44,2.331,2.331,2.33,2.331,2.44,2.439,2.439,2.439,Sí,-0.109,2026-09-07,07/09/2026,2.302,0,Ajuste aplicado
AH_2026_2027,2026-09-07,2026-09-08 19:31:42.756753,Tamshiyacu,9038269,2026-09-10,10/09/2026,2.328,2.327,2.328,2.328,2.328,2.436,2.436,2.437,2.436,2.437,2.328,2.328,2.327,2.328,2.437,2.437,2.436,2.437,Sí,-0.109,2026-09-07,07/09/2026,2.302,0,Ajuste aplicado
AH_2026_2027,2026-09-07,2026-09-08 19:31:42.756753,Tamshiyacu,9038269,2026-09-11,11/09/2026,2.281,2.28,2.281,2.281,2.281,2.389,2.389,2.389,2.389,2.389,2.281,2.281,2.28,2.281,2.389,2.389,2.389,2.389,Sí,-0.109,2026-09-07,07/09/2026,2.302,0,Ajuste aplicado
AH_2026_2027,2026-09-07,2026-09-08 19:31:42.756753,Tamshiyacu,9038269,2026-09-12,12/09/2026,2.238,2.237,2.238,2.238,2.238,2.347,2.346,2.347,2.346,2.347,2.238,2.238,2.237,2.238,2.347,2.347,2.346,2.347,Sí,-0.109,2026-09-07,07/09/2026,2.302,0,Ajuste aplicado
AH_2026_2027,2026-09-07,2026-09-08 19:31:42.756753,Tamshiyacu,9038269,2026-09-13,13/09/2026,2.181,2.181,2.181,2.181,2.181,2.29,2.289,2.29,2.29,2.29,2.181,2.181,2.181,2.181,2.29,2.29,2.289,2.29,Sí,-0.109,2026-09-07,07/09/2026,2.302,0,Ajuste aplicado
AH_2026_2027,2026-09-07,2026-09-08 19:31:42.756753,Timicurillo,9036459,2026-09-07,07/09/2026,7.83,7.829,7.833,7.829,7.83,5.535,5.534,5.539,5.534,5.535,7.829,7.829,7.829,7.833,5.534,5.534,5.534,5.539,Sí,2.295,2026-09-01,01/09/2026,7.83,6,Offset alto: 2.29 m. Revisar estación.
AH_2026_2027,2026-09-07,2026-09-08 19:31:42.756753,Timicurillo,9036459,2026-09-08,08/09/2026,8.015,8.013,8.017,8.014,8.016,5.72,5.718,5.722,5.719,5.721,8.016,8.015,8.013,8.017,5.721,5.72,5.718,5.722,Sí,2.295,2026-09-01,01/09/2026,7.83,6,Offset alto: 2.29 m. Revisar estación.
AH_2026_2027,2026-09-07,2026-09-08 19:31:42.756753,Timicurillo,9036459,2026-09-09,09/09/2026,8.09,8.073,8.101,8.083,8.101,5.795,5.778,5.806,5.788,5.806,8.101,8.087,8.073,8.101,5.806,5.792,5.778,5.806,Sí,2.295,2026-09-01,01/09/2026,7.83,6,Offset alto: 2.29 m. Revisar estación.
AH_2026_2027,2026-09-07,2026-09-08 19:31:42.756753,Timicurillo,9036459,2026-09-10,10/09/2026,8.114,8.104,8.122,8.112,8.118,5.82,5.81,5.828,5.817,5.823,8.122,8.114,8.104,8.117,5.828,5.82,5.81,5.822,Sí,2.295,2026-09-01,01/09/2026,7.83,6,Offset alto: 2.29 m. Revisar estación.
AH_2026_2027,2026-09-07,2026-09-08 19:31:42.756753,Timicurillo,9036459,2026-09-11,11/09/2026,8.12,8.109,8.128,8.117,8.125,5.825,5.814,5.834,5.822,5.83,8.128,8.12,8.109,8.123,5.834,5.825,5.814,5.829,Sí,2.295,2026-09-01,01/09/2026,7.83,6,Offset alto: 2.29 m. Revisar estación.
AH_2026_2027,2026-09-07,2026-09-08 19:31:42.756753,Timicurillo,9036459,2026-09-12,12/09/2026,8.105,8.092,8.118,8.102,8.109,5.811,5.797,5.823,5.807,5.814,8.106,8.105,8.092,8.118,5.811,5.81,5.797,5.823,Sí,2.295,2026-09-01,01/09/2026,7.83,6,Offset alto: 2.29 m. Revisar estación.
AH_2026_2027,2026-09-07,2026-09-08 19:31:42.756753,Timicurillo,9036459,2026-09-13,13/09/2026,7.992,7.873,8.061,7.98,8.03,5.697,5.579,5.766,5.685,5.735,8.016,8.019,7.873,8.061,5.721,5.725,5.579,5.766,Sí,2.295,2026-09-01,01/09/2026,7.83,6,Offset alto: 2.29 m. Revisar estación.
AH_2026_2027,2026-09-09,2026-09-09 21:25:28.382132,Angamos,9043370,2026-09-09,09/09/2026,0.63,0.63,0.63,0.63,0.63,7.451,7.451,7.451,7.451,7.451,0.63,0.63,0.63,0.63,7.451,7.451,7.451,7.451,Sí,-6.821,2026-09-08,08/09/2026,0.63,1,Offset alto: -6.82 m. Revisar estación.
AH_2026_2027,2026-09-09,2026-09-09 21:25:28.382132,Angamos,9043370,2026-09-10,10/09/2026,0.628,0.628,0.628,0.628,0.628,7.448,7.448,7.449,7.448,7.448,0.628,0.628,0.628,0.628,7.449,7.448,7.448,7.448,Sí,-6.821,2026-09-08,08/09/2026,0.63,1,Offset alto: -6.82 m. Revisar estación.
AH_2026_2027,2026-09-09,2026-09-09 21:25:28.382132,Angamos,9043370,2026-09-11,11/09/2026,0.619,0.619,0.619,0.619,0.619,7.44,7.44,7.44,7.44,7.44,0.619,0.619,0.619,0.619,7.44,7.44,7.44,7.44,Sí,-6.821,2026-09-08,08/09/2026,0.63,1,Offset alto: -6.82 m. Revisar estación.
AH_2026_2027,2026-09-09,2026-09-09 21:25:28.382132,Angamos,9043370,2026-09-12,12/09/2026,0.617,0.616,0.617,0.617,0.617,7.438,7.437,7.438,7.437,7.438,0.617,0.617,0.617,0.616,7.438,7.438,7.437,7.437,Sí,-6.821,2026-09-08,08/09/2026,0.63,1,Offset alto: -6.82 m. Revisar estación.
AH_2026_2027,2026-09-09,2026-09-09 21:25:28.382132,Angamos,9043370,2026-09-13,13/09/2026,0.609,0.608,0.609,0.608,0.609,7.429,7.429,7.43,7.429,7.429,0.609,0.609,0.608,0.608,7.43,7.429,7.429,7.429,Sí,-6.821,2026-09-08,08/09/2026,0.63,1,Offset alto: -6.82 m. Revisar estación.
AH_2026_2027,2026-09-09,2026-09-09 21:25:28.382132,Angamos,9043370,2026-09-14,14/09/2026,0.605,0.597,0.608,0.605,0.608,7.426,7.417,7.429,7.425,7.429,0.608,0.608,0.607,0.597,7.429,7.429,7.428,7.417,Sí,-6.821,2026-09-08,08/09/2026,0.63,1,Offset alto: -6.82 m. Revisar estación.
AH_2026_2027,2026-09-09,2026-09-09 21:25:28.382132,Angamos,9043370,2026-09-15,15/09/2026,0.751,0.605,1.185,0.607,0.752,7.572,7.426,8.006,7.428,7.573,0.608,0.608,0.605,1.185,7.428,7.429,7.426,8.006,Sí,-6.821,2026-09-08,08/09/2026,0.63,1,Offset alto: -6.82 m. Revisar estación.
AH_2026_2027,2026-09-09,2026-09-09 21:25:28.382132,Bellavista,9036028,2026-09-09,09/09/2026,5.06,5.06,5.06,5.06,5.06,5.151,5.151,5.151,5.151,5.151,5.06,5.06,5.06,5.06,5.151,5.151,5.151,5.151,Sí,-0.091,2026-09-08,08/09/2026,5.06,1,Ajuste aplicado
AH_2026_2027,2026-09-09,2026-09-09 21:25:28.382132,Bellavista,9036028,2026-09-10,10/09/2026,5.026,5.026,5.026,5.026,5.026,5.117,5.117,5.117,5.117,5.117,5.026,5.026,5.026,5.026,5.117,5.117,5.117,5.117,Sí,-0.091,2026-09-08,08/09/2026,5.06,1,Ajuste aplicado
AH_2026_2027,2026-09-09,2026-09-09 21:25:28.382132,Bellavista,9036028,2026-09-11,11/09/2026,4.988,4.988,4.988,4.988,4.988,5.079,5.079,5.079,5.079,5.079,4.988,4.988,4.988,4.988,5.079,5.079,5.079,5.079,Sí,-0.091,2026-09-08,08/09/2026,5.06,1,Ajuste aplicado
AH_2026_2027,2026-09-09,2026-09-09 21:25:28.382132,Bellavista,9036028,2026-09-12,12/09/2026,4.964,4.963,4.966,4.964,4.965,5.055,5.054,5.057,5.054,5.056,4.964,4.966,4.965,4.963,5.054,5.057,5.055,5.054,Sí,-0.091,2026-09-08,08/09/2026,5.06,1,Ajuste aplicado
AH_2026_2027,2026-09-09,2026-09-09 21:25:28.382132,Bellavista,9036028,2026-09-13,13/09/2026,4.951,4.951,4.951,4.951,4.951,5.042,5.042,5.042,5.042,5.042,4.951,4.951,4.951,4.951,5.042,5.042,5.042,5.042,Sí,-0.091,2026-09-08,08/09/2026,5.06,1,Ajuste aplicado
AH_2026_2027,2026-09-09,2026-09-09 21:25:28.382132,Bellavista,9036028,2026-09-14,14/09/2026,4.939,4.938,4.939,4.938,4.939,5.029,5.029,5.03,5.029,5.029,4.938,4.939,4.938,4.938,5.029,5.03,5.029,5.029,Sí,-0.091,2026-09-08,08/09/2026,5.06,1,Ajuste aplicado
AH_2026_2027,2026-09-09,2026-09-09 21:25:28.382132,Bellavista,9036028,2026-09-15,15/09/2026,4.932,4.929,4.937,4.929,4.935,5.023,5.019,5.028,5.02,5.026,4.929,4.934,4.929,4.937,5.02,5.025,5.019,5.028,Sí,-0.091,2026-09-08,08/09/2026,5.06,1,Ajuste aplicado
AH_2026_2027,2026-09-09,2026-09-09 21:25:28.382132,Borja,9040208,2026-09-09,09/09/2026,3.75,3.75,3.75,3.75,3.75,4.564,4.564,4.564,4.564,4.564,3.75,3.75,3.75,3.75,4.564,4.564,4.564,4.564,Sí,-0.814,2026-09-08,08/09/2026,3.75,1,Ajuste aplicado
AH_2026_2027,2026-09-09,2026-09-09 21:25:28.382132,Borja,9040208,2026-09-10,10/09/2026,3.73,3.723,3.735,3.727,3.734,4.544,4.537,4.549,4.541,4.548,3.734,3.735,3.729,3.723,4.548,4.549,4.543,4.537,Sí,-0.814,2026-09-08,08/09/2026,3.75,1,Ajuste aplicado
AH_2026_2027,2026-09-09,2026-09-09 21:25:28.382132,Borja,9040208,2026-09-11,11/09/2026,3.672,3.652,3.703,3.658,3.68,4.486,4.466,4.517,4.472,4.494,3.672,3.703,3.66,3.652,4.486,4.517,4.474,4.466,Sí,-0.814,2026-09-08,08/09/2026,3.75,1,Ajuste aplicado
AH_2026_2027,2026-09-09,2026-09-09 21:25:28.382132,Borja,9040208,2026-09-12,12/09/2026,3.604,3.555,3.652,3.577,3.633,4.418,4.368,4.465,4.391,4.447,3.627,3.652,3.584,3.555,4.441,4.465,4.398,4.368,Sí,-0.814,2026-09-08,08/09/2026,3.75,1,Ajuste aplicado
AH_2026_2027,2026-09-09,2026-09-09 21:25:28.382132,Borja,9040208,2026-09-13,13/09/2026,3.516,3.455,3.566,3.505,3.534,4.33,4.269,4.38,4.319,4.348,3.523,3.566,3.522,3.455,4.337,4.38,4.336,4.269,Sí,-0.814,2026-09-08,08/09/2026,3.75,1,Ajuste aplicado
AH_2026_2027,2026-09-09,2026-09-09 21:25:28.382132,Borja,9040208,2026-09-14,14/09/2026,3.469,3.403,3.52,3.431,3.516,4.283,4.217,4.334,4.245,4.33,3.44,3.52,3.514,3.403,4.254,4.334,4.328,4.217,Sí,-0.814,2026-09-08,08/09/2026,3.75,1,Ajuste aplicado
AH_2026_2027,2026-09-09,2026-09-09 21:25:28.382132,Borja,9040208,2026-09-15,15/09/2026,3.455,3.384,3.523,3.396,3.515,4.269,4.198,4.337,4.21,4.329,3.384,3.512,3.523,3.4,4.198,4.326,4.337,4.214,Sí,-0.814,2026-09-08,08/09/2026,3.75,1,Ajuste aplicado
AH_2026_2027,2026-09-09,2026-09-09 21:25:28.382132,Contamana,9053555,2026-09-09,09/09/2026,5.54,5.54,5.54,5.54,5.54,12.841,12.841,12.841,12.841,12.841,5.54,5.54,5.54,5.54,12.841,12.841,12.841,12.841,Sí,-7.301,2026-09-08,08/09/2026,5.54,1,Offset alto: -7.30 m. Revisar estación.
AH_2026_2027,2026-09-09,2026-09-09 21:25:28.382132,Contamana,9053555,2026-09-10,10/09/2026,5.475,5.475,5.475,5.475,5.475,12.776,12.776,12.776,12.776,12.776,5.475,5.475,5.475,5.475,12.776,12.776,12.776,12.776,Sí,-7.301,2026-09-08,08/09/2026,5.54,1,Offset alto: -7.30 m. Revisar estación.
AH_2026_2027,2026-09-09,2026-09-09 21:25:28.382132,Contamana,9053555,2026-09-11,11/09/2026,5.303,5.303,5.303,5.303,5.303,12.604,12.604,12.604,12.604,12.604,5.303,5.303,5.303,5.303,12.604,12.604,12.604,12.604,Sí,-7.301,2026-09-08,08/09/2026,5.54,1,Offset alto: -7.30 m. Revisar estación.
AH_2026_2027,2026-09-09,2026-09-09 21:25:28.382132,Contamana,9053555,2026-09-12,12/09/2026,5.052,5.051,5.053,5.051,5.052,12.352,12.352,12.353,12.352,12.352,5.052,5.051,5.053,5.051,12.352,12.352,12.353,12.352,Sí,-7.301,2026-09-08,08/09/2026,5.54,1,Offset alto: -7.30 m. Revisar estación.
AH_2026_2027,2026-09-09,2026-09-09 21:25:28.382132,Contamana,9053555,2026-09-13,13/09/2026,4.777,4.777,4.777,4.777,4.777,12.078,12.078,12.078,12.078,12.078,4.777,4.777,4.777,4.777,12.078,12.078,12.078,12.078,Sí,-7.301,2026-09-08,08/09/2026,5.54,1,Offset alto: -7.30 m. Revisar estación.
AH_2026_2027,2026-09-09,2026-09-09 21:25:28.382132,Contamana,9053555,2026-09-14,14/09/2026,4.646,4.645,4.647,4.645,4.647,11.946,11.946,11.947,11.946,11.947,4.646,4.645,4.647,4.645,11.947,11.946,11.947,11.946,Sí,-7.301,2026-09-08,08/09/2026,5.54,1,Offset alto: -7.30 m. Revisar estación.
AH_2026_2027,2026-09-09,2026-09-09 21:25:28.382132,Contamana,9053555,2026-09-15,15/09/2026,4.538,4.537,4.538,4.538,4.538,11.838,11.838,11.838,11.838,11.838,4.538,4.537,4.538,4.538,11.838,11.838,11.838,11.838,Sí,-7.301,2026-09-08,08/09/2026,5.54,1,Offset alto: -7.30 m. Revisar estación.
AH_2026_2027,2026-09-09,2026-09-09 21:25:28.382132,ENAPU,9038134,2026-09-09,09/09/2026,4.2,4.199,4.203,4.199,4.2,2.965,2.964,2.968,2.964,2.965,4.199,4.203,4.199,4.199,2.964,2.968,2.965,2.964,Sí,1.235,2026-09-08,08/09/2026,4.2,1,Ajuste aplicado
AH_2026_2027,2026-09-09,2026-09-09 21:25:28.382132,ENAPU,9038134,2026-09-10,10/09/2026,4.188,4.173,4.214,4.174,4.196,2.953,2.938,2.979,2.94,2.962,4.175,4.214,4.19,4.173,2.94,2.979,2.956,2.938,Sí,1.235,2026-09-08,08/09/2026,4.2,1,Ajuste aplicado
AH_2026_2027,2026-09-09,2026-09-09 21:25:28.382132,ENAPU,9038134,2026-09-11,11/09/2026,4.258,4.151,4.53,4.155,4.28,3.024,2.917,3.295,2.92,3.045,4.151,4.53,4.196,4.156,2.917,3.295,2.962,2.921,Sí,1.235,2026-09-08,08/09/2026,4.2,1,Ajuste aplicado
AH_2026_2027,2026-09-09,2026-09-09 21:25:28.382132,ENAPU,9038134,2026-09-12,12/09/2026,4.625,4.171,5.594,4.294,4.699,3.39,2.936,4.359,3.059,3.464,4.171,5.594,4.401,4.335,2.936,4.359,3.166,3.1,Sí,1.235,2026-09-08,08/09/2026,4.2,1,Ajuste aplicado
AH_2026_2027,2026-09-09,2026-09-09 21:25:28.382132,ENAPU,9038134,2026-09-13,13/09/2026,19.065,5.406,58.817,5.589,19.494,17.83,4.171,57.582,4.354,18.259,5.406,58.817,6.386,5.649,4.171,57.582,5.152,4.415,Sí,1.235,2026-09-08,08/09/2026,4.2,1,Ajuste aplicado
AH_2026_2027,2026-09-09,2026-09-09 21:25:28.382132,ENAPU,9038134,2026-09-14,14/09/2026,96.053,58.368,109.186,95.391,108.992,94.819,57.133,107.951,94.156,107.758,58.368,108.928,107.732,109.186,57.133,107.693,106.498,107.951,Sí,1.235,2026-09-08,08/09/2026,4.2,1,Ajuste aplicado
AH_2026_2027,2026-09-09,2026-09-09 21:25:28.382132,ENAPU,9038134,2026-09-15,15/09/2026,109.384,108.327,110.853,108.826,109.735,108.149,107.092,109.619,107.592,108.5,108.327,109.362,108.993,110.853,107.092,108.127,107.758,109.619,Sí,1.235,2026-09-08,08/09/2026,4.2,1,Ajuste aplicado
AH_2026_2027,2026-09-09,2026-09-09 21:25:28.382132,Flor de Punga,9044756,2026-09-09,09/09/2026,11.714,11.714,11.714,11.714,11.714,11.714,11.714,11.714,11.714,11.714,11.714,11.714,11.714,11.714,11.714,11.714,11.714,11.714,No,,2026-05-14,14/05/2026,22.8,118,Observado muy antiguo para ajuste: 118 días
AH_2026_2027,2026-09-09,2026-09-09 21:25:28.382132,Flor de Punga,9044756,2026-09-10,10/09/2026,11.701,11.701,11.701,11.701,11.701,11.701,11.701,11.701,11.701,11.701,11.701,11.701,11.701,11.701,11.701,11.701,11.701,11.701,No,,2026-05-14,14/05/2026,22.8,118,Observado muy antiguo para ajuste: 118 días
AH_2026_2027,2026-09-09,2026-09-09 21:25:28.382132,Flor de Punga,9044756,2026-09-11,11/09/2026,11.73,11.73,11.73,11.73,11.73,11.73,11.73,11.73,11.73,11.73,11.73,11.73,11.73,11.73,11.73,11.73,11.73,11.73,No,,2026-05-14,14/05/2026,22.8,118,Observado muy antiguo para ajuste: 118 días
AH_2026_2027,2026-09-09,2026-09-09 21:25:28.382132,Flor de Punga,9044756,2026-09-12,12/09/2026,11.838,11.838,11.838,11.838,11.838,11.838,11.838,11.838,11.838,11.838,11.838,11.838,11.838,11.838,11.838,11.838,11.838,11.838,No,,2026-05-14,14/05/2026,22.8,118,Observado muy antiguo para ajuste: 118 días
AH_2026_2027,2026-09-09,2026-09-09 21:25:28.382132,Flor de Punga,9044756,2026-09-13,13/09/2026,11.861,11.86,11.861,11.86,11.861,11.861,11.86,11.861,11.86,11.861,11.86,11.861,11.861,11.86,11.86,11.861,11.861,11.86,No,,2026-05-14,14/05/2026,22.8,118,Observado muy antiguo para ajuste: 118 días
AH_2026_2027,2026-09-09,2026-09-09 21:25:28.382132,Flor de Punga,9044756,2026-09-14,14/09/2026,11.898,11.897,11.899,11.897,11.898,11.898,11.897,11.899,11.897,11.898,11.897,11.898,11.899,11.897,11.897,11.898,11.899,11.897,No,,2026-05-14,14/05/2026,22.8,118,Observado muy antiguo para ajuste: 118 días
AH_2026_2027,2026-09-09,2026-09-09 21:25:28.382132,Flor de Punga,9044756,2026-09-15,15/09/2026,11.865,11.864,11.866,11.864,11.865,11.865,11.864,11.866,11.864,11.865,11.864,11.864,11.866,11.864,11.864,11.864,11.866,11.864,No,,2026-05-14,14/05/2026,22.8,118,Observado muy antiguo para ajuste: 118 días
AH_2026_2027,2026-09-09,2026-09-09 21:25:28.382132,Genaro Herrera,9042214,2026-09-09,09/09/2026,6.55,6.55,6.55,6.55,6.55,8.489,8.489,8.489,8.489,8.489,6.55,6.55,6.55,6.55,8.489,8.489,8.489,8.489,Sí,-1.939,2026-09-08,08/09/2026,6.55,1,Offset alto: -1.94 m. Revisar estación.
AH_2026_2027,2026-09-09,2026-09-09 21:25:28.382132,Genaro Herrera,9042214,2026-09-10,10/09/2026,6.541,6.541,6.541,6.541,6.541,8.48,8.48,8.48,8.48,8.48,6.541,6.541,6.541,6.541,8.48,8.48,8.48,8.48,Sí,-1.939,2026-09-08,08/09/2026,6.55,1,Offset alto: -1.94 m. Revisar estación.
AH_2026_2027,2026-09-09,2026-09-09 21:25:28.382132,Genaro Herrera,9042214,2026-09-11,11/09/2026,6.533,6.533,6.533,6.533,6.533,8.471,8.471,8.471,8.471,8.471,6.533,6.533,6.533,6.533,8.471,8.471,8.471,8.471,Sí,-1.939,2026-09-08,08/09/2026,6.55,1,Offset alto: -1.94 m. Revisar estación.
AH_2026_2027,2026-09-09,2026-09-09 21:25:28.382132,Genaro Herrera,9042214,2026-09-12,12/09/2026,6.531,6.531,6.531,6.531,6.531,8.47,8.47,8.47,8.47,8.47,6.531,6.531,6.531,6.531,8.47,8.47,8.47,8.47,Sí,-1.939,2026-09-08,08/09/2026,6.55,1,Offset alto: -1.94 m. Revisar estación.
AH_2026_2027,2026-09-09,2026-09-09 21:25:28.382132,Genaro Herrera,9042214,2026-09-13,13/09/2026,6.54,6.54,6.54,6.54,6.54,8.479,8.478,8.479,8.479,8.479,6.54,6.54,6.54,6.54,8.479,8.479,8.479,8.478,Sí,-1.939,2026-09-08,08/09/2026,6.55,1,Offset alto: -1.94 m. Revisar estación.
AH_2026_2027,2026-09-09,2026-09-09 21:25:28.382132,Genaro Herrera,9042214,2026-09-14,14/09/2026,6.553,6.553,6.553,6.553,6.553,8.492,8.491,8.492,8.491,8.492,6.553,6.553,6.553,6.553,8.491,8.491,8.492,8.491,Sí,-1.939,2026-09-08,08/09/2026,6.55,1,Offset alto: -1.94 m. Revisar estación.
AH_2026_2027,2026-09-09,2026-09-09 21:25:28.382132,Genaro Herrera,9042214,2026-09-15,15/09/2026,6.565,6.565,6.566,6.565,6.565,8.504,8.504,8.505,8.504,8.504,6.565,6.565,6.566,6.565,8.504,8.504,8.505,8.504,Sí,-1.939,2026-09-08,08/09/2026,6.55,1,Offset alto: -1.94 m. Revisar estación.
AH_2026_2027,2026-09-09,2026-09-09 21:25:28.382132,Lagunas,9043597,2026-09-09,09/09/2026,3.78,3.78,3.78,3.78,3.78,4.672,4.672,4.672,4.672,4.672,3.78,3.78,3.78,3.78,4.672,4.672,4.672,4.672,Sí,-0.892,2026-09-08,08/09/2026,3.78,1,Ajuste aplicado
AH_2026_2027,2026-09-09,2026-09-09 21:25:28.382132,Lagunas,9043597,2026-09-10,10/09/2026,3.679,3.679,3.679,3.679,3.679,4.572,4.572,4.572,4.572,4.572,3.679,3.679,3.679,3.679,4.572,4.572,4.572,4.572,Sí,-0.892,2026-09-08,08/09/2026,3.78,1,Ajuste aplicado
AH_2026_2027,2026-09-09,2026-09-09 21:25:28.382132,Lagunas,9043597,2026-09-11,11/09/2026,3.6,3.6,3.6,3.6,3.6,4.493,4.493,4.493,4.493,4.493,3.6,3.6,3.6,3.6,4.493,4.493,4.493,4.493,Sí,-0.892,2026-09-08,08/09/2026,3.78,1,Ajuste aplicado
AH_2026_2027,2026-09-09,2026-09-09 21:25:28.382132,Lagunas,9043597,2026-09-12,12/09/2026,3.534,3.534,3.534,3.534,3.534,4.427,4.427,4.427,4.427,4.427,3.534,3.534,3.534,3.534,4.427,4.427,4.427,4.427,Sí,-0.892,2026-09-08,08/09/2026,3.78,1,Ajuste aplicado
AH_2026_2027,2026-09-09,2026-09-09 21:25:28.382132,Lagunas,9043597,2026-09-13,13/09/2026,3.497,3.496,3.498,3.497,3.498,4.39,4.389,4.391,4.389,4.39,3.497,3.498,3.498,3.496,4.389,4.39,4.391,4.389,Sí,-0.892,2026-09-08,08/09/2026,3.78,1,Ajuste aplicado
AH_2026_2027,2026-09-09,2026-09-09 21:25:28.382132,Lagunas,9043597,2026-09-14,14/09/2026,3.461,3.453,3.468,3.458,3.465,4.353,4.345,4.36,4.351,4.357,3.46,3.464,3.468,3.453,4.352,4.356,4.36,4.345,Sí,-0.892,2026-09-08,08/09/2026,3.78,1,Ajuste aplicado
AH_2026_2027,2026-09-09,2026-09-09 21:25:28.382132,Lagunas,9043597,2026-09-15,15/09/2026,3.469,3.448,3.493,3.459,3.479,4.362,4.34,4.385,4.351,4.371,3.463,3.474,3.493,3.448,4.355,4.366,4.385,4.34,Sí,-0.892,2026-09-08,08/09/2026,3.78,1,Ajuste aplicado
AH_2026_2027,2026-09-09,2026-09-09 21:25:28.382132,Nauta,9040454,2026-09-09,09/09/2026,6.06,6.06,6.06,6.06,6.06,5.387,5.387,5.387,5.387,5.387,6.06,6.06,6.06,6.06,5.387,5.387,5.387,5.387,Sí,0.673,2026-09-08,08/09/2026,6.06,1,Ajuste aplicado
AH_2026_2027,2026-09-09,2026-09-09 21:25:28.382132,Nauta,9040454,2026-09-10,10/09/2026,6.007,6.007,6.007,6.007,6.007,5.334,5.334,5.334,5.334,5.334,6.007,6.007,6.007,6.007,5.334,5.334,5.334,5.334,Sí,0.673,2026-09-08,08/09/2026,6.06,1,Ajuste aplicado
AH_2026_2027,2026-09-09,2026-09-09 21:25:28.382132,Nauta,9040454,2026-09-11,11/09/2026,5.929,5.929,5.929,5.929,5.929,5.256,5.256,5.257,5.256,5.256,5.929,5.929,5.929,5.929,5.256,5.257,5.256,5.256,Sí,0.673,2026-09-08,08/09/2026,6.06,1,Ajuste aplicado
AH_2026_2027,2026-09-09,2026-09-09 21:25:28.382132,Nauta,9040454,2026-09-12,12/09/2026,5.871,5.871,5.871,5.871,5.871,5.198,5.198,5.199,5.198,5.199,5.871,5.871,5.871,5.871,5.198,5.199,5.199,5.198,Sí,0.673,2026-09-08,08/09/2026,6.06,1,Ajuste aplicado
AH_2026_2027,2026-09-09,2026-09-09 21:25:28.382132,Nauta,9040454,2026-09-13,13/09/2026,5.781,5.78,5.783,5.78,5.782,5.108,5.107,5.11,5.108,5.109,5.781,5.781,5.783,5.78,5.108,5.108,5.11,5.107,Sí,0.673,2026-09-08,08/09/2026,6.06,1,Ajuste aplicado
AH_2026_2027,2026-09-09,2026-09-09 21:25:28.382132,Nauta,9040454,2026-09-14,14/09/2026,5.731,5.73,5.732,5.73,5.732,5.058,5.057,5.059,5.057,5.059,5.73,5.73,5.732,5.732,5.057,5.057,5.059,5.059,Sí,0.673,2026-09-08,08/09/2026,6.06,1,Ajuste aplicado
AH_2026_2027,2026-09-09,2026-09-09 21:25:28.382132,Nauta,9040454,2026-09-15,15/09/2026,5.709,5.709,5.71,5.709,5.709,5.036,5.036,5.037,5.036,5.037,5.709,5.709,5.709,5.71,5.036,5.036,5.036,5.037,Sí,0.673,2026-09-08,08/09/2026,6.06,1,Ajuste aplicado
AH_2026_2027,2026-09-09,2026-09-09 21:25:28.382132,Puerto Alegria,9038835,2026-09-09,09/09/2026,9.87,9.87,9.87,9.87,9.87,9.87,9.87,9.87,9.87,9.87,9.87,9.87,9.87,9.87,9.87,9.87,9.87,9.87,No,,2024-02-28,28/02/2024,16.99,924,Observado muy antiguo para ajuste: 924 días
AH_2026_2027,2026-09-09,2026-09-09 21:25:28.382132,Puerto Alegria,9038835,2026-09-10,10/09/2026,9.883,9.883,9.883,9.883,9.883,9.883,9.883,9.883,9.883,9.883,9.883,9.883,9.883,9.883,9.883,9.883,9.883,9.883,No,,2024-02-28,28/02/2024,16.99,924,Observado muy antiguo para ajuste: 924 días
AH_2026_2027,2026-09-09,2026-09-09 21:25:28.382132,Puerto Alegria,9038835,2026-09-11,11/09/2026,9.866,9.865,9.867,9.866,9.866,9.866,9.865,9.867,9.866,9.866,9.866,9.867,9.866,9.865,9.866,9.867,9.866,9.865,No,,2024-02-28,28/02/2024,16.99,924,Observado muy antiguo para ajuste: 924 días
AH_2026_2027,2026-09-09,2026-09-09 21:25:28.382132,Puerto Alegria,9038835,2026-09-12,12/09/2026,9.796,9.794,9.798,9.796,9.797,9.796,9.794,9.798,9.796,9.797,9.797,9.798,9.797,9.794,9.797,9.798,9.797,9.794,No,,2024-02-28,28/02/2024,16.99,924,Observado muy antiguo para ajuste: 924 días
AH_2026_2027,2026-09-09,2026-09-09 21:25:28.382132,Puerto Alegria,9038835,2026-09-13,13/09/2026,9.784,9.781,9.785,9.784,9.785,9.784,9.781,9.785,9.784,9.785,9.785,9.785,9.785,9.781,9.785,9.785,9.785,9.781,No,,2024-02-28,28/02/2024,16.99,924,Observado muy antiguo para ajuste: 924 días
AH_2026_2027,2026-09-09,2026-09-09 21:25:28.382132,Puerto Alegria,9038835,2026-09-14,14/09/2026,9.775,9.765,9.78,9.772,9.78,9.775,9.765,9.78,9.772,9.78,9.775,9.78,9.78,9.765,9.775,9.78,9.78,9.765,No,,2024-02-28,28/02/2024,16.99,924,Observado muy antiguo para ajuste: 924 días
AH_2026_2027,2026-09-09,2026-09-09 21:25:28.382132,Puerto Alegria,9038835,2026-09-15,15/09/2026,9.757,9.742,9.774,9.745,9.768,9.757,9.742,9.774,9.745,9.768,9.742,9.766,9.774,9.746,9.742,9.766,9.774,9.746,No,,2024-02-28,28/02/2024,16.99,924,Observado muy antiguo para ajuste: 924 días
AH_2026_2027,2026-09-09,2026-09-09 21:25:28.382132,Puerto Almendra,9037610,2026-09-09,09/09/2026,2.55,2.55,2.55,2.55,2.55,2.686,2.686,2.686,2.686,2.686,2.55,2.55,2.55,2.55,2.686,2.686,2.686,2.686,Sí,-0.136,2026-09-08,08/09/2026,2.55,1,Ajuste aplicado
AH_2026_2027,2026-09-09,2026-09-09 21:25:28.382132,Puerto Almendra,9037610,2026-09-10,10/09/2026,2.57,2.568,2.573,2.568,2.571,2.706,2.704,2.709,2.704,2.707,2.57,2.573,2.568,2.568,2.706,2.709,2.704,2.704,Sí,-0.136,2026-09-08,08/09/2026,2.55,1,Ajuste aplicado
AH_2026_2027,2026-09-09,2026-09-09 21:25:28.382132,Puerto Almendra,9037610,2026-09-11,11/09/2026,2.579,2.574,2.587,2.574,2.583,2.716,2.71,2.723,2.711,2.719,2.582,2.587,2.575,2.574,2.718,2.723,2.711,2.71,Sí,-0.136,2026-09-08,08/09/2026,2.55,1,Ajuste aplicado
AH_2026_2027,2026-09-09,2026-09-09 21:25:28.382132,Puerto Almendra,9037610,2026-09-12,12/09/2026,2.54,2.493,2.586,2.513,2.568,2.677,2.629,2.722,2.65,2.705,2.563,2.586,2.52,2.493,2.699,2.722,2.656,2.629,Sí,-0.136,2026-09-08,08/09/2026,2.55,1,Ajuste aplicado
AH_2026_2027,2026-09-09,2026-09-09 21:25:28.382132,Puerto Almendra,9037610,2026-09-13,13/09/2026,2.386,2.206,2.572,2.273,2.497,2.523,2.342,2.709,2.409,2.633,2.472,2.572,2.295,2.206,2.608,2.709,2.431,2.342,Sí,-0.136,2026-09-08,08/09/2026,2.55,1,Ajuste aplicado
AH_2026_2027,2026-09-09,2026-09-09 21:25:28.382132,Puerto Almendra,9037610,2026-09-14,14/09/2026,2.184,1.578,2.587,2.032,2.439,2.321,1.714,2.723,2.168,2.575,2.39,2.587,2.183,1.578,2.526,2.723,2.319,1.714,Sí,-0.136,2026-09-08,08/09/2026,2.55,1,Ajuste aplicado
AH_2026_2027,2026-09-09,2026-09-09 21:25:28.382132,Puerto Almendra,9037610,2026-09-15,15/09/2026,2.405,2.203,2.71,2.226,2.531,2.541,2.339,2.846,2.362,2.668,2.472,2.71,2.234,2.203,2.608,2.846,2.37,2.339,Sí,-0.136,2026-09-08,08/09/2026,2.55,1,Ajuste aplicado
AH_2026_2027,2026-09-09,2026-09-09 21:25:28.382132,Requena,9043425,2026-09-09,09/09/2026,5.16,5.16,5.16,5.16,5.16,5.499,5.499,5.499,5.499,5.499,5.16,5.16,5.16,5.16,5.499,5.499,5.499,5.499,Sí,-0.339,2026-09-08,08/09/2026,5.16,1,Ajuste aplicado
AH_2026_2027,2026-09-09,2026-09-09 21:25:28.382132,Requena,9043425,2026-09-10,10/09/2026,5.119,5.119,5.119,5.119,5.119,5.458,5.458,5.458,5.458,5.458,5.119,5.119,5.119,5.119,5.458,5.458,5.458,5.458,Sí,-0.339,2026-09-08,08/09/2026,5.16,1,Ajuste aplicado
AH_2026_2027,2026-09-09,2026-09-09 21:25:28.382132,Requena,9043425,2026-09-11,11/09/2026,5.075,5.075,5.075,5.075,5.075,5.414,5.414,5.414,5.414,5.414,5.075,5.075,5.075,5.075,5.414,5.414,5.414,5.414,Sí,-0.339,2026-09-08,08/09/2026,5.16,1,Ajuste aplicado
AH_2026_2027,2026-09-09,2026-09-09 21:25:28.382132,Requena,9043425,2026-09-12,12/09/2026,5.028,5.027,5.028,5.028,5.028,5.367,5.366,5.367,5.367,5.367,5.028,5.028,5.028,5.027,5.367,5.367,5.367,5.366,Sí,-0.339,2026-09-08,08/09/2026,5.16,1,Ajuste aplicado
AH_2026_2027,2026-09-09,2026-09-09 21:25:28.382132,Requena,9043425,2026-09-13,13/09/2026,4.987,4.986,4.989,4.987,4.987,5.326,5.325,5.327,5.325,5.326,4.987,4.987,4.989,4.986,5.326,5.326,5.327,5.325,Sí,-0.339,2026-09-08,08/09/2026,5.16,1,Ajuste aplicado
AH_2026_2027,2026-09-09,2026-09-09 21:25:28.382132,Requena,9043425,2026-09-14,14/09/2026,4.954,4.954,4.954,4.954,4.954,5.293,5.293,5.293,5.293,5.293,4.954,4.954,4.954,4.954,5.293,5.293,5.293,5.293,Sí,-0.339,2026-09-08,08/09/2026,5.16,1,Ajuste aplicado
AH_2026_2027,2026-09-09,2026-09-09 21:25:28.382132,Requena,9043425,2026-09-15,15/09/2026,4.945,4.943,4.948,4.943,4.945,5.283,5.282,5.286,5.282,5.283,4.943,4.943,4.948,4.944,5.282,5.282,5.286,5.282,Sí,-0.339,2026-09-08,08/09/2026,5.16,1,Ajuste aplicado
AH_2026_2027,2026-09-09,2026-09-09 21:25:28.382132,San Lorenzo,9042153,2026-09-09,09/09/2026,9.838,9.838,9.838,9.838,9.838,9.838,9.838,9.838,9.838,9.838,9.838,9.838,9.838,9.838,9.838,9.838,9.838,9.838,No,,2025-09-30,30/09/2025,7.19,344,Observado muy antiguo para ajuste: 344 días
AH_2026_2027,2026-09-09,2026-09-09 21:25:28.382132,San Lorenzo,9042153,2026-09-10,10/09/2026,9.839,9.839,9.839,9.839,9.839,9.839,9.839,9.839,9.839,9.839,9.839,9.839,9.839,9.839,9.839,9.839,9.839,9.839,No,,2025-09-30,30/09/2025,7.19,344,Observado muy antiguo para ajuste: 344 días
AH_2026_2027,2026-09-09,2026-09-09 21:25:28.382132,San Lorenzo,9042153,2026-09-11,11/09/2026,9.838,9.838,9.838,9.838,9.838,9.838,9.838,9.838,9.838,9.838,9.838,9.838,9.838,9.838,9.838,9.838,9.838,9.838,No,,2025-09-30,30/09/2025,7.19,344,Observado muy antiguo para ajuste: 344 días
AH_2026_2027,2026-09-09,2026-09-09 21:25:28.382132,San Lorenzo,9042153,2026-09-12,12/09/2026,9.807,9.79,9.825,9.793,9.823,9.807,9.79,9.825,9.793,9.823,9.822,9.825,9.793,9.79,9.822,9.825,9.793,9.79,No,,2025-09-30,30/09/2025,7.19,344,Observado muy antiguo para ajuste: 344 días
AH_2026_2027,2026-09-09,2026-09-09 21:25:28.382132,San Lorenzo,9042153,2026-09-13,13/09/2026,9.752,9.738,9.768,9.745,9.76,9.752,9.738,9.768,9.745,9.76,9.757,9.768,9.747,9.738,9.757,9.768,9.747,9.738,No,,2025-09-30,30/09/2025,7.19,344,Observado muy antiguo para ajuste: 344 días
AH_2026_2027,2026-09-09,2026-09-09 21:25:28.382132,San Lorenzo,9042153,2026-09-14,14/09/2026,9.711,9.682,9.734,9.697,9.728,9.711,9.682,9.734,9.697,9.728,9.726,9.734,9.703,9.682,9.726,9.734,9.703,9.682,No,,2025-09-30,30/09/2025,7.19,344,Observado muy antiguo para ajuste: 344 días
AH_2026_2027,2026-09-09,2026-09-09 21:25:28.382132,San Lorenzo,9042153,2026-09-15,15/09/2026,9.652,9.631,9.675,9.645,9.659,9.652,9.631,9.675,9.645,9.659,9.654,9.675,9.649,9.631,9.654,9.675,9.649,9.631,No,,2025-09-30,30/09/2025,7.19,344,Observado muy antiguo para ajuste: 344 días
AH_2026_2027,2026-09-09,2026-09-09 21:25:28.382132,San Regis,9040439,2026-09-09,09/09/2026,4.86,4.86,4.86,4.86,4.86,5.545,5.545,5.545,5.545,5.545,4.86,4.86,4.86,4.86,5.545,5.545,5.545,5.545,Sí,-0.685,2026-09-08,08/09/2026,4.86,1,Ajuste aplicado
AH_2026_2027,2026-09-09,2026-09-09 21:25:28.382132,San Regis,9040439,2026-09-10,10/09/2026,4.802,4.802,4.802,4.802,4.802,5.487,5.487,5.487,5.487,5.487,4.802,4.802,4.802,4.802,5.487,5.487,5.487,5.487,Sí,-0.685,2026-09-08,08/09/2026,4.86,1,Ajuste aplicado
AH_2026_2027,2026-09-09,2026-09-09 21:25:28.382132,San Regis,9040439,2026-09-11,11/09/2026,4.736,4.736,4.736,4.736,4.736,5.421,5.421,5.421,5.421,5.421,4.736,4.736,4.736,4.736,5.421,5.421,5.421,5.421,Sí,-0.685,2026-09-08,08/09/2026,4.86,1,Ajuste aplicado
AH_2026_2027,2026-09-09,2026-09-09 21:25:28.382132,San Regis,9040439,2026-09-12,12/09/2026,4.681,4.681,4.681,4.681,4.681,5.366,5.366,5.366,5.366,5.366,4.681,4.681,4.681,4.681,5.366,5.366,5.366,5.366,Sí,-0.685,2026-09-08,08/09/2026,4.86,1,Ajuste aplicado
AH_2026_2027,2026-09-09,2026-09-09 21:25:28.382132,San Regis,9040439,2026-09-13,13/09/2026,4.652,4.652,4.652,4.652,4.652,5.338,5.338,5.338,5.338,5.338,4.652,4.652,4.652,4.652,5.338,5.338,5.338,5.338,Sí,-0.685,2026-09-08,08/09/2026,4.86,1,Ajuste aplicado
AH_2026_2027,2026-09-09,2026-09-09 21:25:28.382132,San Regis,9040439,2026-09-14,14/09/2026,4.632,4.632,4.632,4.632,4.632,5.317,5.317,5.317,5.317,5.317,4.632,4.632,4.632,4.632,5.317,5.317,5.317,5.317,Sí,-0.685,2026-09-08,08/09/2026,4.86,1,Ajuste aplicado
AH_2026_2027,2026-09-09,2026-09-09 21:25:28.382132,San Regis,9040439,2026-09-15,15/09/2026,4.625,4.625,4.625,4.625,4.625,5.31,5.31,5.31,5.31,5.31,4.625,4.625,4.625,4.625,5.31,5.31,5.31,5.31,Sí,-0.685,2026-09-08,08/09/2026,4.86,1,Ajuste aplicado
AH_2026_2027,2026-09-09,2026-09-09 21:25:28.382132,Santa Clotilde,9032282,2026-09-09,09/09/2026,7.74,7.74,7.74,7.74,7.74,6.748,6.748,6.748,6.748,6.748,7.74,7.74,7.74,7.74,6.748,6.748,6.748,6.748,Sí,0.992,2026-09-08,08/09/2026,7.74,1,Ajuste aplicado
AH_2026_2027,2026-09-09,2026-09-09 21:25:28.382132,Santa Clotilde,9032282,2026-09-10,10/09/2026,7.715,7.715,7.715,7.715,7.715,6.723,6.723,6.723,6.723,6.723,7.715,7.715,7.715,7.715,6.723,6.723,6.723,6.723,Sí,0.992,2026-09-08,08/09/2026,7.74,1,Ajuste aplicado
AH_2026_2027,2026-09-09,2026-09-09 21:25:28.382132,Santa Clotilde,9032282,2026-09-11,11/09/2026,7.703,7.702,7.703,7.702,7.703,6.71,6.71,6.711,6.71,6.71,7.703,7.703,7.702,7.702,6.71,6.711,6.71,6.71,Sí,0.992,2026-09-08,08/09/2026,7.74,1,Ajuste aplicado
AH_2026_2027,2026-09-09,2026-09-09 21:25:28.382132,Santa Clotilde,9032282,2026-09-12,12/09/2026,7.696,7.694,7.698,7.695,7.698,6.704,6.702,6.706,6.702,6.705,7.698,7.698,7.695,7.694,6.705,6.706,6.703,6.702,Sí,0.992,2026-09-08,08/09/2026,7.74,1,Ajuste aplicado
AH_2026_2027,2026-09-09,2026-09-09 21:25:28.382132,Santa Clotilde,9032282,2026-09-13,13/09/2026,7.693,7.693,7.693,7.693,7.693,6.701,6.701,6.701,6.701,6.701,7.693,7.693,7.693,7.693,6.701,6.701,6.701,6.701,Sí,0.992,2026-09-08,08/09/2026,7.74,1,Ajuste aplicado
AH_2026_2027,2026-09-09,2026-09-09 21:25:28.382132,Santa Clotilde,9032282,2026-09-14,14/09/2026,7.692,7.692,7.692,7.692,7.692,6.7,6.7,6.7,6.7,6.7,7.692,7.692,7.692,7.692,6.7,6.7,6.7,6.7,Sí,0.992,2026-09-08,08/09/2026,7.74,1,Ajuste aplicado
AH_2026_2027,2026-09-09,2026-09-09 21:25:28.382132,Santa Clotilde,9032282,2026-09-15,15/09/2026,7.667,7.661,7.672,7.665,7.671,6.675,6.669,6.679,6.672,6.679,7.666,7.672,7.661,7.671,6.673,6.679,6.669,6.679,Sí,0.992,2026-09-08,08/09/2026,7.74,1,Ajuste aplicado
AH_2026_2027,2026-09-09,2026-09-09 21:25:28.382132,Santa María de Nanay,9037738,2026-09-09,09/09/2026,4.08,4.076,4.086,4.076,4.083,3.93,3.925,3.936,3.925,3.933,4.082,4.086,4.076,4.076,3.932,3.936,3.925,3.925,Sí,0.15,2026-09-08,08/09/2026,4.08,1,Ajuste aplicado
AH_2026_2027,2026-09-09,2026-09-09 21:25:28.382132,Santa María de Nanay,9037738,2026-09-10,10/09/2026,4.083,4.05,4.137,4.052,4.104,3.933,3.899,3.987,3.901,3.954,4.093,4.137,4.052,4.05,3.942,3.987,3.902,3.899,Sí,0.15,2026-09-08,08/09/2026,4.08,1,Ajuste aplicado
AH_2026_2027,2026-09-09,2026-09-09 21:25:28.382132,Santa María de Nanay,9037738,2026-09-11,11/09/2026,3.867,3.613,4.154,3.65,4.069,3.717,3.463,4.004,3.499,3.918,4.04,4.154,3.662,3.613,3.89,4.004,3.511,3.463,Sí,0.15,2026-09-08,08/09/2026,4.08,1,Ajuste aplicado
AH_2026_2027,2026-09-09,2026-09-09 21:25:28.382132,Santa María de Nanay,9037738,2026-09-12,12/09/2026,3.631,3.217,4.189,3.368,3.823,3.481,3.067,4.038,3.218,3.673,3.701,4.189,3.418,3.217,3.551,4.038,3.268,3.067,Sí,0.15,2026-09-08,08/09/2026,4.08,1,Ajuste aplicado
AH_2026_2027,2026-09-09,2026-09-09 21:25:28.382132,Santa María de Nanay,9037738,2026-09-13,13/09/2026,3.49,2.564,4.269,3.169,3.886,3.34,2.414,4.119,3.018,3.735,3.758,4.269,3.37,2.564,3.608,4.119,3.22,2.414,Sí,0.15,2026-09-08,08/09/2026,4.08,1,Ajuste aplicado
AH_2026_2027,2026-09-09,2026-09-09 21:25:28.382132,Santa María de Nanay,9037738,2026-09-14,14/09/2026,4.042,3.35,4.446,3.969,4.26,3.892,3.2,4.295,3.819,4.109,4.176,4.446,4.198,3.35,4.025,4.295,4.047,3.2,Sí,0.15,2026-09-08,08/09/2026,4.08,1,Ajuste aplicado
AH_2026_2027,2026-09-09,2026-09-09 21:25:28.382132,Santa María de Nanay,9037738,2026-09-15,15/09/2026,4.521,4.29,4.761,4.425,4.614,4.371,4.14,4.61,4.275,4.463,4.29,4.761,4.47,4.565,4.14,4.61,4.32,4.414,Sí,0.15,2026-09-08,08/09/2026,4.08,1,Ajuste aplicado
AH_2026_2027,2026-09-09,2026-09-09 21:25:28.382132,Santa Rosa,9039635,2026-09-09,09/09/2026,3.72,3.72,3.72,3.72,3.72,3.341,3.341,3.341,3.341,3.341,3.72,3.72,3.72,3.72,3.341,3.341,3.341,3.341,Sí,0.379,2026-09-08,08/09/2026,3.72,1,Ajuste aplicado
AH_2026_2027,2026-09-09,2026-09-09 21:25:28.382132,Santa Rosa,9039635,2026-09-10,10/09/2026,3.752,3.752,3.752,3.752,3.752,3.373,3.373,3.373,3.373,3.373,3.752,3.752,3.752,3.752,3.373,3.373,3.373,3.373,Sí,0.379,2026-09-08,08/09/2026,3.72,1,Ajuste aplicado
AH_2026_2027,2026-09-09,2026-09-09 21:25:28.382132,Santa Rosa,9039635,2026-09-11,11/09/2026,3.752,3.751,3.752,3.752,3.752,3.373,3.373,3.373,3.373,3.373,3.752,3.752,3.752,3.751,3.373,3.373,3.373,3.373,Sí,0.379,2026-09-08,08/09/2026,3.72,1,Ajuste aplicado
AH_2026_2027,2026-09-09,2026-09-09 21:25:28.382132,Santa Rosa,9039635,2026-09-12,12/09/2026,3.698,3.686,3.714,3.687,3.708,3.32,3.308,3.335,3.308,3.329,3.706,3.714,3.687,3.686,3.328,3.335,3.308,3.308,Sí,0.379,2026-09-08,08/09/2026,3.72,1,Ajuste aplicado
AH_2026_2027,2026-09-09,2026-09-09 21:25:28.382132,Santa Rosa,9039635,2026-09-13,13/09/2026,3.665,3.663,3.667,3.664,3.665,3.286,3.285,3.288,3.286,3.286,3.665,3.667,3.665,3.663,3.286,3.288,3.286,3.285,Sí,0.379,2026-09-08,08/09/2026,3.72,1,Ajuste aplicado
AH_2026_2027,2026-09-09,2026-09-09 21:25:28.382132,Santa Rosa,9039635,2026-09-14,14/09/2026,3.646,3.64,3.65,3.645,3.649,3.267,3.261,3.271,3.266,3.27,3.647,3.65,3.649,3.64,3.268,3.271,3.27,3.261,Sí,0.379,2026-09-08,08/09/2026,3.72,1,Ajuste aplicado
AH_2026_2027,2026-09-09,2026-09-09 21:25:28.382132,Santa Rosa,9039635,2026-09-15,15/09/2026,3.631,3.63,3.632,3.63,3.631,3.252,3.251,3.253,3.251,3.252,3.63,3.631,3.632,3.63,3.251,3.252,3.253,3.251,Sí,0.379,2026-09-08,08/09/2026,3.72,1,Ajuste aplicado
AH_2026_2027,2026-09-09,2026-09-09 21:25:28.382132,Tamshiyacu,9038269,2026-09-09,09/09/2026,2.2,2.2,2.2,2.2,2.2,2.44,2.44,2.44,2.44,2.44,2.2,2.2,2.2,2.2,2.44,2.44,2.44,2.44,Sí,-0.24,2026-09-08,08/09/2026,2.2,1,Ajuste aplicado
AH_2026_2027,2026-09-09,2026-09-09 21:25:28.382132,Tamshiyacu,9038269,2026-09-10,10/09/2026,2.191,2.191,2.191,2.191,2.191,2.431,2.43,2.431,2.43,2.431,2.191,2.191,2.191,2.191,2.431,2.431,2.43,2.43,Sí,-0.24,2026-09-08,08/09/2026,2.2,1,Ajuste aplicado
AH_2026_2027,2026-09-09,2026-09-09 21:25:28.382132,Tamshiyacu,9038269,2026-09-11,11/09/2026,2.148,2.148,2.148,2.148,2.148,2.387,2.387,2.387,2.387,2.387,2.148,2.148,2.148,2.148,2.387,2.387,2.387,2.387,Sí,-0.24,2026-09-08,08/09/2026,2.2,1,Ajuste aplicado
AH_2026_2027,2026-09-09,2026-09-09 21:25:28.382132,Tamshiyacu,9038269,2026-09-12,12/09/2026,2.099,2.099,2.099,2.099,2.099,2.339,2.339,2.339,2.339,2.339,2.099,2.099,2.099,2.099,2.339,2.339,2.339,2.339,Sí,-0.24,2026-09-08,08/09/2026,2.2,1,Ajuste aplicado
AH_2026_2027,2026-09-09,2026-09-09 21:25:28.382132,Tamshiyacu,9038269,2026-09-13,13/09/2026,2.049,2.049,2.049,2.049,2.049,2.288,2.288,2.288,2.288,2.288,2.049,2.049,2.049,2.049,2.288,2.288,2.288,2.288,Sí,-0.24,2026-09-08,08/09/2026,2.2,1,Ajuste aplicado
AH_2026_2027,2026-09-09,2026-09-09 21:25:28.382132,Tamshiyacu,9038269,2026-09-14,14/09/2026,2.026,2.026,2.026,2.026,2.026,2.266,2.266,2.266,2.266,2.266,2.026,2.026,2.026,2.026,2.266,2.266,2.266,2.266,Sí,-0.24,2026-09-08,08/09/2026,2.2,1,Ajuste aplicado
AH_2026_2027,2026-09-09,2026-09-09 21:25:28.382132,Tamshiyacu,9038269,2026-09-15,15/09/2026,1.987,1.987,1.989,1.987,1.988,2.227,2.226,2.229,2.226,2.228,1.987,1.987,1.988,1.989,2.226,2.226,2.228,2.229,Sí,-0.24,2026-09-08,08/09/2026,2.2,1,Ajuste aplicado
AH_2026_2027,2026-09-09,2026-09-09 21:25:28.382132,Timicurillo,9036459,2026-09-09,09/09/2026,5.757,5.757,5.757,5.757,5.757,5.757,5.757,5.757,5.757,5.757,5.757,5.757,5.757,5.757,5.757,5.757,5.757,5.757,No,,2026-09-01,01/09/2026,7.83,8,Observado muy antiguo para ajuste: 8 días
AH_2026_2027,2026-09-09,2026-09-09 21:25:28.382132,Timicurillo,9036459,2026-09-10,10/09/2026,5.806,5.806,5.806,5.806,5.806,5.806,5.806,5.806,5.806,5.806,5.806,5.806,5.806,5.806,5.806,5.806,5.806,5.806,No,,2026-09-01,01/09/2026,7.83,8,Observado muy antiguo para ajuste: 8 días
AH_2026_2027,2026-09-09,2026-09-09 21:25:28.382132,Timicurillo,9036459,2026-09-11,11/09/2026,5.802,5.801,5.802,5.801,5.802,5.802,5.801,5.802,5.801,5.802,5.801,5.802,5.801,5.801,5.801,5.802,5.801,5.801,No,,2026-09-01,01/09/2026,7.83,8,Observado muy antiguo para ajuste: 8 días
AH_2026_2027,2026-09-09,2026-09-09 21:25:28.382132,Timicurillo,9036459,2026-09-12,12/09/2026,5.728,5.726,5.73,5.727,5.729,5.728,5.726,5.73,5.727,5.729,5.729,5.73,5.727,5.726,5.729,5.73,5.727,5.726,No,,2026-09-01,01/09/2026,7.83,8,Observado muy antiguo para ajuste: 8 días
AH_2026_2027,2026-09-09,2026-09-09 21:25:28.382132,Timicurillo,9036459,2026-09-13,13/09/2026,5.451,5.414,5.499,5.427,5.471,5.451,5.414,5.499,5.427,5.471,5.461,5.499,5.431,5.414,5.461,5.499,5.431,5.414,No,,2026-09-01,01/09/2026,7.83,8,Observado muy antiguo para ajuste: 8 días
AH_2026_2027,2026-09-09,2026-09-09 21:25:28.382132,Timicurillo,9036459,2026-09-14,14/09/2026,5.114,5.045,5.199,5.061,5.158,5.114,5.045,5.199,5.061,5.158,5.144,5.199,5.067,5.045,5.144,5.199,5.067,5.045,No,,2026-09-01,01/09/2026,7.83,8,Observado muy antiguo para ajuste: 8 días
AH_2026_2027,2026-09-09,2026-09-09 21:25:28.382132,Timicurillo,9036459,2026-09-15,15/09/2026,4.967,4.928,5.025,4.939,4.986,4.967,4.928,5.025,4.939,4.986,4.973,5.025,4.942,4.928,4.973,5.025,4.942,4.928,No,,2026-09-01,01/09/2026,7.83,8,Observado muy antiguo para ajuste: 8 días
AH_2026_2027,2026-09-09,2026-09-09 21:25:28.382132,Yurimaguas,9046779,2026-09-09,09/09/2026,128.104,128.104,128.104,128.104,128.104,128.104,128.104,128.104,128.104,128.104,128.104,128.104,128.104,128.104,128.104,128.104,128.104,128.104,No,,2026-08-31,31/08/2026,130.18,9,Observado muy antiguo para ajuste: 9 días
AH_2026_2027,2026-09-09,2026-09-09 21:25:28.382132,Yurimaguas,9046779,2026-09-10,10/09/2026,128.079,128.079,128.079,128.079,128.079,128.079,128.079,128.079,128.079,128.079,128.079,128.079,128.079,128.079,128.079,128.079,128.079,128.079,No,,2026-08-31,31/08/2026,130.18,9,Observado muy antiguo para ajuste: 9 días
AH_2026_2027,2026-09-09,2026-09-09 21:25:28.382132,Yurimaguas,9046779,2026-09-11,11/09/2026,128.046,128.045,128.046,128.045,128.046,128.046,128.045,128.046,128.045,128.046,128.045,128.046,128.046,128.045,128.045,128.046,128.046,128.045,No,,2026-08-31,31/08/2026,130.18,9,Observado muy antiguo para ajuste: 9 días
AH_2026_2027,2026-09-09,2026-09-09 21:25:28.382132,Yurimaguas,9046779,2026-09-12,12/09/2026,128.038,128.037,128.042,128.037,128.039,128.038,128.037,128.042,128.037,128.039,128.037,128.037,128.042,128.037,128.037,128.037,128.042,128.037,No,,2026-08-31,31/08/2026,130.18,9,Observado muy antiguo para ajuste: 9 días
AH_2026_2027,2026-09-09,2026-09-09 21:25:28.382132,Yurimaguas,9046779,2026-09-13,13/09/2026,128.061,128.048,128.075,128.049,128.072,128.061,128.048,128.075,128.049,128.072,128.05,128.071,128.075,128.048,128.05,128.071,128.075,128.048,No,,2026-08-31,31/08/2026,130.18,9,Observado muy antiguo para ajuste: 9 días
AH_2026_2027,2026-09-09,2026-09-09 21:25:28.382132,Yurimaguas,9046779,2026-09-14,14/09/2026,128.088,128.079,128.104,128.08,128.094,128.088,128.079,128.104,128.08,128.094,128.08,128.091,128.104,128.079,128.08,128.091,128.104,128.079,No,,2026-08-31,31/08/2026,130.18,9,Observado muy antiguo para ajuste: 9 días
AH_2026_2027,2026-09-09,2026-09-09 21:25:28.382132,Yurimaguas,9046779,2026-09-15,15/09/2026,128.122,128.096,128.196,128.098,128.123,128.122,128.096,128.196,128.098,128.123,128.096,128.098,128.196,128.098,128.096,128.098,128.196,128.098,No,,2026-08-31,31/08/2026,130.18,9,Observado muy antiguo para ajuste: 9 días
AH_2026_2027,2026-09-10,2026-09-10 19:13:37.959120,Angamos,9043370,2026-09-10,10/09/2026,1.0,0.999,1.002,0.999,1.0,7.445,7.445,7.447,7.445,7.445,0.999,0.999,0.999,1.002,7.445,7.445,7.445,7.447,Sí,-6.445,2026-09-10,10/09/2026,1.0,0,Offset alto: -6.45 m. Revisar estación.
AH_2026_2027,2026-09-10,2026-09-10 19:13:37.959120,Angamos,9043370,2026-09-11,11/09/2026,0.995,0.994,1.0,0.994,0.995,7.441,7.439,7.445,7.439,7.441,0.994,0.994,0.994,1.0,7.439,7.439,7.439,7.445,Sí,-6.445,2026-09-10,10/09/2026,1.0,0,Offset alto: -6.45 m. Revisar estación.
AH_2026_2027,2026-09-10,2026-09-10 19:13:37.959120,Angamos,9043370,2026-09-12,12/09/2026,0.989,0.987,0.994,0.988,0.989,7.434,7.433,7.439,7.433,7.434,0.988,0.988,0.987,0.994,7.433,7.433,7.433,7.439,Sí,-6.445,2026-09-10,10/09/2026,1.0,0,Offset alto: -6.45 m. Revisar estación.
AH_2026_2027,2026-09-10,2026-09-10 19:13:37.959120,Angamos,9043370,2026-09-13,13/09/2026,0.984,0.983,0.986,0.983,0.984,7.429,7.428,7.431,7.428,7.429,0.983,0.983,0.983,0.986,7.428,7.428,7.428,7.431,Sí,-6.445,2026-09-10,10/09/2026,1.0,0,Offset alto: -6.45 m. Revisar estación.
AH_2026_2027,2026-09-10,2026-09-10 19:13:37.959120,Angamos,9043370,2026-09-14,14/09/2026,0.984,0.982,0.989,0.982,0.984,7.429,7.427,7.434,7.427,7.429,0.982,0.982,0.989,0.982,7.428,7.427,7.434,7.428,Sí,-6.445,2026-09-10,10/09/2026,1.0,0,Offset alto: -6.45 m. Revisar estación.
AH_2026_2027,2026-09-10,2026-09-10 19:13:37.959120,Angamos,9043370,2026-09-15,15/09/2026,0.988,0.962,1.024,0.977,0.994,7.433,7.408,7.47,7.422,7.439,0.983,0.982,1.024,0.962,7.429,7.427,7.47,7.408,Sí,-6.445,2026-09-10,10/09/2026,1.0,0,Offset alto: -6.45 m. Revisar estación.
AH_2026_2027,2026-09-10,2026-09-10 19:13:37.959120,Angamos,9043370,2026-09-16,16/09/2026,1.148,0.983,1.559,0.99,1.185,7.594,7.428,8.004,7.435,7.63,0.992,0.983,1.06,1.559,7.437,7.428,7.506,8.004,Sí,-6.445,2026-09-10,10/09/2026,1.0,0,Offset alto: -6.45 m. Revisar estación.
AH_2026_2027,2026-09-10,2026-09-10 19:13:37.959120,Bellavista,9036028,2026-09-10,10/09/2026,4.9,4.892,4.923,4.892,4.9,5.122,5.114,5.145,5.114,5.122,4.892,4.892,4.892,4.923,5.114,5.114,5.114,5.145,Sí,-0.222,2026-09-10,10/09/2026,4.9,0,Ajuste aplicado
AH_2026_2027,2026-09-10,2026-09-10 19:13:37.959120,Bellavista,9036028,2026-09-11,11/09/2026,4.864,4.854,4.892,4.854,4.864,5.086,5.076,5.114,5.076,5.086,4.854,4.854,4.854,4.892,5.076,5.076,5.076,5.114,Sí,-0.222,2026-09-10,10/09/2026,4.9,0,Ajuste aplicado
AH_2026_2027,2026-09-10,2026-09-10 19:13:37.959120,Bellavista,9036028,2026-09-12,12/09/2026,4.837,4.83,4.854,4.831,4.837,5.059,5.052,5.076,5.053,5.059,4.83,4.831,4.831,4.854,5.052,5.053,5.053,5.076,Sí,-0.222,2026-09-10,10/09/2026,4.9,0,Ajuste aplicado
AH_2026_2027,2026-09-10,2026-09-10 19:13:37.959120,Bellavista,9036028,2026-09-13,13/09/2026,4.821,4.818,4.829,4.818,4.821,5.043,5.04,5.051,5.04,5.043,4.818,4.818,4.818,4.829,5.04,5.04,5.04,5.051,Sí,-0.222,2026-09-10,10/09/2026,4.9,0,Ajuste aplicado
AH_2026_2027,2026-09-10,2026-09-10 19:13:37.959120,Bellavista,9036028,2026-09-14,14/09/2026,4.81,4.807,4.818,4.807,4.81,5.032,5.029,5.04,5.029,5.032,4.808,4.807,4.807,4.818,5.03,5.029,5.029,5.04,Sí,-0.222,2026-09-10,10/09/2026,4.9,0,Ajuste aplicado
AH_2026_2027,2026-09-10,2026-09-10 19:13:37.959120,Bellavista,9036028,2026-09-15,15/09/2026,4.799,4.795,4.806,4.796,4.8,5.021,5.017,5.028,5.018,5.022,4.798,4.796,4.795,4.806,5.02,5.018,5.017,5.028,Sí,-0.222,2026-09-10,10/09/2026,4.9,0,Ajuste aplicado
AH_2026_2027,2026-09-10,2026-09-10 19:13:37.959120,Bellavista,9036028,2026-09-16,16/09/2026,4.795,4.794,4.797,4.795,4.796,5.017,5.016,5.019,5.017,5.018,4.796,4.795,4.794,4.797,5.018,5.017,5.016,5.019,Sí,-0.222,2026-09-10,10/09/2026,4.9,0,Ajuste aplicado
AH_2026_2027,2026-09-10,2026-09-10 19:13:37.959120,Borja,9040208,2026-09-10,10/09/2026,3.85,3.845,3.865,3.845,3.85,4.547,4.542,4.562,4.542,4.547,3.845,3.845,3.845,3.865,4.542,4.542,4.542,4.562,Sí,-0.697,2026-09-10,10/09/2026,3.85,0,Ajuste aplicado
AH_2026_2027,2026-09-10,2026-09-10 19:13:37.959120,Borja,9040208,2026-09-11,11/09/2026,3.793,3.777,3.837,3.778,3.793,4.489,4.473,4.534,4.475,4.49,3.778,3.778,3.777,3.837,4.475,4.475,4.473,4.534,Sí,-0.697,2026-09-10,10/09/2026,3.85,0,Ajuste aplicado
AH_2026_2027,2026-09-10,2026-09-10 19:13:37.959120,Borja,9040208,2026-09-12,12/09/2026,3.72,3.688,3.767,3.706,3.726,4.416,4.385,4.464,4.402,4.422,3.711,3.712,3.688,3.767,4.408,4.408,4.385,4.464,Sí,-0.697,2026-09-10,10/09/2026,3.85,0,Ajuste aplicado
AH_2026_2027,2026-09-10,2026-09-10 19:13:37.959120,Borja,9040208,2026-09-13,13/09/2026,3.641,3.629,3.667,3.633,3.643,4.338,4.326,4.364,4.329,4.34,3.634,3.636,3.629,3.667,4.33,4.332,4.326,4.364,Sí,-0.697,2026-09-10,10/09/2026,3.85,0,Ajuste aplicado
AH_2026_2027,2026-09-10,2026-09-10 19:13:37.959120,Borja,9040208,2026-09-14,14/09/2026,3.574,3.558,3.595,3.568,3.577,4.271,4.255,4.292,4.265,4.274,3.571,3.595,3.558,3.571,4.268,4.292,4.255,4.268,Sí,-0.697,2026-09-10,10/09/2026,3.85,0,Ajuste aplicado
AH_2026_2027,2026-09-10,2026-09-10 19:13:37.959120,Borja,9040208,2026-09-15,15/09/2026,3.548,3.519,3.572,3.538,3.561,4.245,4.216,4.269,4.235,4.258,3.545,3.572,3.558,3.519,4.241,4.269,4.255,4.216,Sí,-0.697,2026-09-10,10/09/2026,3.85,0,Ajuste aplicado
AH_2026_2027,2026-09-10,2026-09-10 19:13:37.959120,Borja,9040208,2026-09-16,16/09/2026,3.571,3.516,3.61,3.543,3.606,4.267,4.213,4.307,4.24,4.303,3.552,3.605,3.61,3.516,4.249,4.302,4.307,4.213,Sí,-0.697,2026-09-10,10/09/2026,3.85,0,Ajuste aplicado
AH_2026_2027,2026-09-10,2026-09-10 19:13:37.959120,Contamana,9053555,2026-09-10,10/09/2026,5.88,5.862,5.935,5.862,5.88,12.785,12.766,12.84,12.766,12.785,5.862,5.862,5.862,5.935,12.766,12.766,12.766,12.84,Sí,-6.905,2026-09-10,10/09/2026,5.88,0,Offset alto: -6.90 m. Revisar estación.
AH_2026_2027,2026-09-10,2026-09-10 19:13:37.959120,Contamana,9053555,2026-09-11,11/09/2026,5.733,5.69,5.862,5.69,5.733,12.638,12.595,12.766,12.595,12.638,5.69,5.69,5.69,5.862,12.595,12.595,12.595,12.766,Sí,-6.905,2026-09-10,10/09/2026,5.88,0,Offset alto: -6.90 m. Revisar estación.
AH_2026_2027,2026-09-10,2026-09-10 19:13:37.959120,Contamana,9053555,2026-09-12,12/09/2026,5.491,5.424,5.691,5.424,5.491,12.395,12.328,12.595,12.328,12.395,5.424,5.424,5.424,5.691,12.328,12.328,12.329,12.595,Sí,-6.905,2026-09-10,10/09/2026,5.88,0,Offset alto: -6.90 m. Revisar estación.
AH_2026_2027,2026-09-10,2026-09-10 19:13:37.959120,Contamana,9053555,2026-09-13,13/09/2026,5.234,5.171,5.423,5.171,5.234,12.139,12.076,12.327,12.076,12.139,5.171,5.171,5.172,5.423,12.076,12.076,12.076,12.327,Sí,-6.905,2026-09-10,10/09/2026,5.88,0,Offset alto: -6.90 m. Revisar estación.
AH_2026_2027,2026-09-10,2026-09-10 19:13:37.959120,Contamana,9053555,2026-09-14,14/09/2026,5.084,5.054,5.171,5.054,5.085,11.988,11.959,12.076,11.959,11.989,5.054,5.054,5.056,5.171,11.959,11.959,11.96,12.076,Sí,-6.905,2026-09-10,10/09/2026,5.88,0,Offset alto: -6.90 m. Revisar estación.
AH_2026_2027,2026-09-10,2026-09-10 19:13:37.959120,Contamana,9053555,2026-09-15,15/09/2026,4.958,4.932,5.037,4.932,4.959,11.863,11.836,11.942,11.837,11.864,4.932,4.932,4.933,5.037,11.837,11.836,11.838,11.942,Sí,-6.905,2026-09-10,10/09/2026,5.88,0,Offset alto: -6.90 m. Revisar estación.
AH_2026_2027,2026-09-10,2026-09-10 19:13:37.959120,Contamana,9053555,2026-09-16,16/09/2026,4.856,4.831,4.931,4.831,4.857,11.761,11.736,11.836,11.736,11.761,4.831,4.831,4.832,4.931,11.736,11.736,11.736,11.836,Sí,-6.905,2026-09-10,10/09/2026,5.88,0,Offset alto: -6.90 m. Revisar estación.
AH_2026_2027,2026-09-10,2026-09-10 19:13:37.959120,ENAPU,9038134,2026-09-10,10/09/2026,4.0,3.988,4.015,3.988,4.01,2.955,2.943,2.97,2.944,2.965,3.988,4.009,3.988,4.015,2.944,2.964,2.943,2.97,Sí,1.045,2026-09-10,10/09/2026,4.0,0,Ajuste aplicado
AH_2026_2027,2026-09-10,2026-09-10 19:13:37.959120,ENAPU,9038134,2026-09-11,11/09/2026,3.982,3.963,4.017,3.964,3.992,2.937,2.918,2.972,2.919,2.947,3.963,4.017,3.964,3.983,2.918,2.972,2.919,2.938,Sí,1.045,2026-09-10,10/09/2026,4.0,0,Ajuste aplicado
AH_2026_2027,2026-09-10,2026-09-10 19:13:37.959120,ENAPU,9038134,2026-09-12,12/09/2026,3.975,3.904,4.058,3.951,3.994,2.93,2.859,3.013,2.906,2.949,3.904,4.058,3.972,3.967,2.859,3.013,2.928,2.922,Sí,1.045,2026-09-10,10/09/2026,4.0,0,Ajuste aplicado
AH_2026_2027,2026-09-10,2026-09-10 19:13:37.959120,ENAPU,9038134,2026-09-13,13/09/2026,30.872,4.199,108.794,4.94,31.179,29.827,3.154,107.749,3.896,30.134,5.188,5.307,108.794,4.199,4.143,4.262,107.749,3.154,Sí,1.045,2026-09-10,10/09/2026,4.0,0,Ajuste aplicado
AH_2026_2027,2026-09-10,2026-09-10 19:13:37.959120,ENAPU,9038134,2026-09-14,14/09/2026,83.009,5.429,110.572,82.008,109.019,81.964,4.384,109.527,80.964,107.974,108.502,107.535,110.572,5.429,107.457,106.49,109.527,4.384,Sí,1.045,2026-09-10,10/09/2026,4.0,0,Ajuste aplicado
AH_2026_2027,2026-09-10,2026-09-10 19:13:37.959120,ENAPU,9038134,2026-09-15,15/09/2026,109.653,108.893,111.311,108.967,109.889,108.608,107.848,110.266,107.922,108.845,109.415,108.893,111.311,108.992,108.371,107.848,110.266,107.947,Sí,1.045,2026-09-10,10/09/2026,4.0,0,Ajuste aplicado
AH_2026_2027,2026-09-10,2026-09-10 19:13:37.959120,ENAPU,9038134,2026-09-16,16/09/2026,110.351,109.371,111.438,109.793,110.856,109.307,108.327,110.393,108.748,109.812,109.933,109.371,111.438,110.663,108.889,108.327,110.393,109.618,Sí,1.045,2026-09-10,10/09/2026,4.0,0,Ajuste aplicado
AH_2026_2027,2026-09-10,2026-09-10 19:13:37.959120,Flor de Punga,9044756,2026-09-10,10/09/2026,11.678,11.67,11.701,11.67,11.678,11.678,11.67,11.701,11.67,11.678,11.67,11.67,11.67,11.701,11.67,11.67,11.67,11.701,No,,2026-05-14,14/05/2026,22.8,119,Observado muy antiguo para ajuste: 119 días
AH_2026_2027,2026-09-10,2026-09-10 19:13:37.959120,Flor de Punga,9044756,2026-09-11,11/09/2026,11.718,11.684,11.73,11.718,11.73,11.718,11.684,11.73,11.718,11.73,11.73,11.73,11.73,11.684,11.73,11.73,11.73,11.684,No,,2026-05-14,14/05/2026,22.8,119,Observado muy antiguo para ajuste: 119 días
AH_2026_2027,2026-09-10,2026-09-10 19:13:37.959120,Flor de Punga,9044756,2026-09-12,12/09/2026,11.812,11.731,11.838,11.812,11.838,11.812,11.731,11.838,11.812,11.838,11.838,11.838,11.838,11.731,11.838,11.838,11.838,11.731,No,,2026-05-14,14/05/2026,22.8,119,Observado muy antiguo para ajuste: 119 días
AH_2026_2027,2026-09-10,2026-09-10 19:13:37.959120,Flor de Punga,9044756,2026-09-13,13/09/2026,11.855,11.839,11.861,11.855,11.861,11.855,11.839,11.861,11.855,11.861,11.861,11.861,11.861,11.839,11.861,11.861,11.861,11.839,No,,2026-05-14,14/05/2026,22.8,119,Observado muy antiguo para ajuste: 119 días
AH_2026_2027,2026-09-10,2026-09-10 19:13:37.959120,Flor de Punga,9044756,2026-09-14,14/09/2026,11.889,11.861,11.898,11.889,11.898,11.889,11.861,11.898,11.889,11.898,11.898,11.898,11.898,11.861,11.898,11.898,11.898,11.861,No,,2026-05-14,14/05/2026,22.8,119,Observado muy antiguo para ajuste: 119 días
AH_2026_2027,2026-09-10,2026-09-10 19:13:37.959120,Flor de Punga,9044756,2026-09-15,15/09/2026,11.873,11.865,11.898,11.865,11.873,11.873,11.865,11.898,11.865,11.873,11.865,11.865,11.865,11.898,11.865,11.865,11.865,11.898,No,,2026-05-14,14/05/2026,22.8,119,Observado muy antiguo para ajuste: 119 días
AH_2026_2027,2026-09-10,2026-09-10 19:13:37.959120,Flor de Punga,9044756,2026-09-16,16/09/2026,11.801,11.779,11.865,11.78,11.801,11.801,11.779,11.865,11.78,11.801,11.78,11.779,11.78,11.865,11.78,11.779,11.78,11.865,No,,2026-05-14,14/05/2026,22.8,119,Observado muy antiguo para ajuste: 119 días
AH_2026_2027,2026-09-10,2026-09-10 19:13:37.959120,Genaro Herrera,9042214,2026-09-10,10/09/2026,6.35,6.347,6.358,6.347,6.35,8.478,8.475,8.486,8.475,8.478,6.347,6.347,6.347,6.358,8.475,8.475,8.475,8.486,Sí,-2.128,2026-09-10,10/09/2026,6.35,0,Offset alto: -2.13 m. Revisar estación.
AH_2026_2027,2026-09-10,2026-09-10 19:13:37.959120,Genaro Herrera,9042214,2026-09-11,11/09/2026,6.341,6.339,6.348,6.339,6.341,8.469,8.466,8.475,8.466,8.469,6.339,6.339,6.339,6.348,8.466,8.466,8.466,8.475,Sí,-2.128,2026-09-10,10/09/2026,6.35,0,Offset alto: -2.13 m. Revisar estación.
AH_2026_2027,2026-09-10,2026-09-10 19:13:37.959120,Genaro Herrera,9042214,2026-09-12,12/09/2026,6.337,6.337,6.339,6.337,6.337,8.465,8.465,8.467,8.465,8.465,6.337,6.337,6.337,6.339,8.465,8.465,8.465,8.467,Sí,-2.128,2026-09-10,10/09/2026,6.35,0,Offset alto: -2.13 m. Revisar estación.
AH_2026_2027,2026-09-10,2026-09-10 19:13:37.959120,Genaro Herrera,9042214,2026-09-13,13/09/2026,6.344,6.337,6.346,6.344,6.346,8.472,8.465,8.474,8.472,8.474,6.346,6.346,6.346,6.337,8.474,8.474,8.474,8.465,Sí,-2.128,2026-09-10,10/09/2026,6.35,0,Offset alto: -2.13 m. Revisar estación.
AH_2026_2027,2026-09-10,2026-09-10 19:13:37.959120,Genaro Herrera,9042214,2026-09-14,14/09/2026,6.359,6.346,6.364,6.359,6.363,8.487,8.474,8.492,8.486,8.491,6.363,6.363,6.364,6.346,8.491,8.491,8.492,8.474,Sí,-2.128,2026-09-10,10/09/2026,6.35,0,Offset alto: -2.13 m. Revisar estación.
AH_2026_2027,2026-09-10,2026-09-10 19:13:37.959120,Genaro Herrera,9042214,2026-09-15,15/09/2026,6.373,6.363,6.377,6.373,6.376,8.501,8.491,8.505,8.5,8.504,6.376,6.376,6.377,6.363,8.504,8.504,8.505,8.491,Sí,-2.128,2026-09-10,10/09/2026,6.35,0,Offset alto: -2.13 m. Revisar estación.
AH_2026_2027,2026-09-10,2026-09-10 19:13:37.959120,Genaro Herrera,9042214,2026-09-16,16/09/2026,6.38,6.376,6.389,6.377,6.38,8.508,8.504,8.517,8.505,8.508,6.377,6.377,6.389,6.376,8.505,8.505,8.517,8.504,Sí,-2.128,2026-09-10,10/09/2026,6.35,0,Offset alto: -2.13 m. Revisar estación.
AH_2026_2027,2026-09-10,2026-09-10 19:13:37.959120,Lagunas,9043597,2026-09-10,10/09/2026,3.73,3.705,3.804,3.705,3.73,4.593,4.568,4.666,4.568,4.593,3.705,3.705,3.705,3.804,4.568,4.568,4.568,4.666,Sí,-0.863,2026-09-10,10/09/2026,3.73,0,Ajuste aplicado
AH_2026_2027,2026-09-10,2026-09-10 19:13:37.959120,Lagunas,9043597,2026-09-11,11/09/2026,3.639,3.617,3.705,3.617,3.639,4.502,4.48,4.568,4.48,4.502,3.617,3.617,3.617,3.705,4.48,4.48,4.48,4.568,Sí,-0.863,2026-09-10,10/09/2026,3.73,0,Ajuste aplicado
AH_2026_2027,2026-09-10,2026-09-10 19:13:37.959120,Lagunas,9043597,2026-09-12,12/09/2026,3.574,3.56,3.617,3.56,3.574,4.437,4.422,4.48,4.422,4.437,3.56,3.56,3.56,3.617,4.422,4.422,4.422,4.48,Sí,-0.863,2026-09-10,10/09/2026,3.73,0,Ajuste aplicado
AH_2026_2027,2026-09-10,2026-09-10 19:13:37.959120,Lagunas,9043597,2026-09-13,13/09/2026,3.529,3.518,3.56,3.518,3.529,4.391,4.381,4.422,4.381,4.391,3.518,3.518,3.518,3.56,4.381,4.381,4.381,4.422,Sí,-0.863,2026-09-10,10/09/2026,3.73,0,Ajuste aplicado
AH_2026_2027,2026-09-10,2026-09-10 19:13:37.959120,Lagunas,9043597,2026-09-14,14/09/2026,3.478,3.465,3.519,3.465,3.478,4.341,4.328,4.381,4.328,4.341,3.465,3.465,3.465,3.519,4.328,4.328,4.328,4.381,Sí,-0.863,2026-09-10,10/09/2026,3.73,0,Ajuste aplicado
AH_2026_2027,2026-09-10,2026-09-10 19:13:37.959120,Lagunas,9043597,2026-09-15,15/09/2026,3.464,3.463,3.466,3.463,3.464,4.327,4.326,4.328,4.326,4.327,3.463,3.463,3.463,3.466,4.326,4.326,4.326,4.328,Sí,-0.863,2026-09-10,10/09/2026,3.73,0,Ajuste aplicado
AH_2026_2027,2026-09-10,2026-09-10 19:13:37.959120,Lagunas,9043597,2026-09-16,16/09/2026,3.467,3.465,3.468,3.467,3.468,4.33,4.328,4.331,4.33,4.331,3.468,3.468,3.468,3.465,4.33,4.331,4.331,4.328,Sí,-0.863,2026-09-10,10/09/2026,3.73,0,Ajuste aplicado
AH_2026_2027,2026-09-10,2026-09-10 19:13:37.959120,Nauta,9040454,2026-09-10,10/09/2026,5.83,5.817,5.869,5.817,5.83,5.359,5.346,5.398,5.346,5.359,5.817,5.817,5.817,5.869,5.346,5.346,5.346,5.398,Sí,0.471,2026-09-10,10/09/2026,5.83,0,Ajuste aplicado
AH_2026_2027,2026-09-10,2026-09-10 19:13:37.959120,Nauta,9040454,2026-09-11,11/09/2026,5.756,5.736,5.817,5.736,5.756,5.285,5.264,5.346,5.264,5.285,5.736,5.736,5.736,5.817,5.264,5.264,5.264,5.346,Sí,0.471,2026-09-10,10/09/2026,5.83,0,Ajuste aplicado
AH_2026_2027,2026-09-10,2026-09-10 19:13:37.959120,Nauta,9040454,2026-09-12,12/09/2026,5.695,5.682,5.735,5.682,5.695,5.224,5.211,5.264,5.211,5.224,5.682,5.682,5.682,5.735,5.211,5.211,5.211,5.264,Sí,0.471,2026-09-10,10/09/2026,5.83,0,Ajuste aplicado
AH_2026_2027,2026-09-10,2026-09-10 19:13:37.959120,Nauta,9040454,2026-09-13,13/09/2026,5.611,5.588,5.682,5.588,5.612,5.14,5.116,5.21,5.116,5.141,5.588,5.588,5.589,5.682,5.116,5.116,5.117,5.21,Sí,0.471,2026-09-10,10/09/2026,5.83,0,Ajuste aplicado
AH_2026_2027,2026-09-10,2026-09-10 19:13:37.959120,Nauta,9040454,2026-09-14,14/09/2026,5.556,5.545,5.587,5.546,5.556,5.085,5.074,5.116,5.074,5.085,5.546,5.545,5.546,5.587,5.074,5.074,5.075,5.116,Sí,0.471,2026-09-10,10/09/2026,5.83,0,Ajuste aplicado
AH_2026_2027,2026-09-10,2026-09-10 19:13:37.959120,Nauta,9040454,2026-09-15,15/09/2026,5.523,5.516,5.546,5.516,5.524,5.052,5.044,5.075,5.044,5.052,5.516,5.516,5.516,5.546,5.044,5.044,5.045,5.075,Sí,0.471,2026-09-10,10/09/2026,5.83,0,Ajuste aplicado
AH_2026_2027,2026-09-10,2026-09-10 19:13:37.959120,Nauta,9040454,2026-09-16,16/09/2026,5.497,5.485,5.517,5.485,5.505,5.026,5.013,5.046,5.014,5.034,5.485,5.485,5.501,5.517,5.013,5.014,5.03,5.046,Sí,0.471,2026-09-10,10/09/2026,5.83,0,Ajuste aplicado
AH_2026_2027,2026-09-10,2026-09-10 19:13:37.959120,Puerto Alegria,9038835,2026-09-10,10/09/2026,10.27,10.268,10.271,10.27,10.271,10.816,10.813,10.816,10.816,10.816,10.271,10.271,10.271,10.268,10.816,10.816,10.816,10.813,Sí,-0.546,2026-09-10,10/09/2026,10.27,0,Ajuste aplicado
AH_2026_2027,2026-09-10,2026-09-10 19:13:37.959120,Puerto Alegria,9038835,2026-09-11,11/09/2026,10.268,10.267,10.271,10.267,10.268,10.814,10.813,10.816,10.813,10.814,10.267,10.267,10.267,10.271,10.813,10.813,10.813,10.816,Sí,-0.546,2026-09-10,10/09/2026,10.27,0,Ajuste aplicado
AH_2026_2027,2026-09-10,2026-09-10 19:13:37.959120,Puerto Alegria,9038835,2026-09-12,12/09/2026,10.266,10.266,10.267,10.266,10.266,10.812,10.811,10.813,10.811,10.812,10.266,10.266,10.266,10.267,10.811,10.811,10.812,10.813,Sí,-0.546,2026-09-10,10/09/2026,10.27,0,Ajuste aplicado
AH_2026_2027,2026-09-10,2026-09-10 19:13:37.959120,Puerto Alegria,9038835,2026-09-13,13/09/2026,10.265,10.265,10.265,10.265,10.265,10.81,10.81,10.811,10.81,10.81,10.265,10.265,10.265,10.265,10.81,10.81,10.81,10.811,Sí,-0.546,2026-09-10,10/09/2026,10.27,0,Ajuste aplicado
AH_2026_2027,2026-09-10,2026-09-10 19:13:37.959120,Puerto Alegria,9038835,2026-09-14,14/09/2026,10.264,10.264,10.264,10.264,10.264,10.81,10.81,10.81,10.81,10.81,10.264,10.264,10.264,10.264,10.81,10.81,10.81,10.81,Sí,-0.546,2026-09-10,10/09/2026,10.27,0,Ajuste aplicado
AH_2026_2027,2026-09-10,2026-09-10 19:13:37.959120,Puerto Alegria,9038835,2026-09-15,15/09/2026,10.264,10.264,10.265,10.264,10.264,10.81,10.809,10.81,10.81,10.81,10.265,10.264,10.264,10.264,10.81,10.81,10.81,10.809,Sí,-0.546,2026-09-10,10/09/2026,10.27,0,Ajuste aplicado
AH_2026_2027,2026-09-10,2026-09-10 19:13:37.959120,Puerto Alegria,9038835,2026-09-16,16/09/2026,10.264,10.263,10.265,10.264,10.265,10.81,10.809,10.81,10.809,10.81,10.265,10.264,10.264,10.263,10.81,10.81,10.81,10.809,Sí,-0.546,2026-09-10,10/09/2026,10.27,0,Ajuste aplicado
AH_2026_2027,2026-09-10,2026-09-10 19:13:37.959120,Puerto Almendra,9037610,2026-09-10,10/09/2026,2.37,2.35,2.377,2.37,2.377,2.691,2.671,2.698,2.691,2.698,2.377,2.377,2.376,2.35,2.698,2.698,2.698,2.671,Sí,-0.321,2026-09-10,10/09/2026,2.37,0,Ajuste aplicado
AH_2026_2027,2026-09-10,2026-09-10 19:13:37.959120,Puerto Almendra,9037610,2026-09-11,11/09/2026,2.39,2.369,2.399,2.388,2.398,2.711,2.69,2.72,2.709,2.719,2.397,2.399,2.394,2.369,2.718,2.72,2.716,2.69,Sí,-0.321,2026-09-10,10/09/2026,2.37,0,Ajuste aplicado
AH_2026_2027,2026-09-10,2026-09-10 19:13:37.959120,Puerto Almendra,9037610,2026-09-12,12/09/2026,2.386,2.38,2.399,2.381,2.389,2.708,2.702,2.72,2.702,2.71,2.385,2.399,2.38,2.381,2.707,2.72,2.702,2.702,Sí,-0.321,2026-09-10,10/09/2026,2.37,0,Ajuste aplicado
AH_2026_2027,2026-09-10,2026-09-10 19:13:37.959120,Puerto Almendra,9037610,2026-09-13,13/09/2026,2.288,2.256,2.34,2.268,2.299,2.61,2.577,2.661,2.589,2.62,2.272,2.34,2.256,2.285,2.594,2.661,2.577,2.606,Sí,-0.321,2026-09-10,10/09/2026,2.37,0,Ajuste aplicado
AH_2026_2027,2026-09-10,2026-09-10 19:13:37.959120,Puerto Almendra,9037610,2026-09-14,14/09/2026,2.146,2.027,2.249,2.103,2.197,2.467,2.348,2.57,2.424,2.518,2.129,2.249,2.18,2.027,2.45,2.57,2.501,2.348,Sí,-0.321,2026-09-10,10/09/2026,2.37,0,Ajuste aplicado
AH_2026_2027,2026-09-10,2026-09-10 19:13:37.959120,Puerto Almendra,9037610,2026-09-15,15/09/2026,2.084,1.396,2.397,1.994,2.36,2.405,1.718,2.718,2.316,2.681,2.348,2.397,2.194,1.396,2.669,2.718,2.515,1.718,Sí,-0.321,2026-09-10,10/09/2026,2.37,0,Ajuste aplicado
AH_2026_2027,2026-09-10,2026-09-10 19:13:37.959120,Puerto Almendra,9037610,2026-09-16,16/09/2026,2.42,2.019,2.726,2.163,2.726,2.741,2.34,3.047,2.484,3.047,2.726,2.726,2.211,2.019,3.047,3.047,2.533,2.34,Sí,-0.321,2026-09-10,10/09/2026,2.37,0,Ajuste aplicado
AH_2026_2027,2026-09-10,2026-09-10 19:13:37.959120,Requena,9043425,2026-09-10,10/09/2026,4.84,4.827,4.879,4.827,4.84,5.449,5.436,5.489,5.436,5.449,4.827,4.827,4.827,4.879,5.436,5.436,5.436,5.489,Sí,-0.609,2026-09-10,10/09/2026,4.84,0,Ajuste aplicado
AH_2026_2027,2026-09-10,2026-09-10 19:13:37.959120,Requena,9043425,2026-09-11,11/09/2026,4.793,4.781,4.83,4.781,4.793,5.403,5.39,5.439,5.39,5.403,4.781,4.781,4.781,4.83,5.39,5.39,5.39,5.439,Sí,-0.609,2026-09-10,10/09/2026,4.84,0,Ajuste aplicado
AH_2026_2027,2026-09-10,2026-09-10 19:13:37.959120,Requena,9043425,2026-09-12,12/09/2026,4.755,4.745,4.785,4.745,4.755,5.364,5.354,5.394,5.355,5.365,4.745,4.745,4.746,4.785,5.355,5.354,5.355,5.394,Sí,-0.609,2026-09-10,10/09/2026,4.84,0,Ajuste aplicado
AH_2026_2027,2026-09-10,2026-09-10 19:13:37.959120,Requena,9043425,2026-09-13,13/09/2026,4.704,4.69,4.747,4.69,4.705,5.314,5.299,5.357,5.299,5.314,4.69,4.69,4.69,4.747,5.299,5.299,5.3,5.357,Sí,-0.609,2026-09-10,10/09/2026,4.84,0,Ajuste aplicado
AH_2026_2027,2026-09-10,2026-09-10 19:13:37.959120,Requena,9043425,2026-09-14,14/09/2026,4.683,4.679,4.69,4.679,4.685,5.292,5.288,5.299,5.288,5.294,4.679,4.679,4.683,4.69,5.288,5.288,5.293,5.299,Sí,-0.609,2026-09-10,10/09/2026,4.84,0,Ajuste aplicado
AH_2026_2027,2026-09-10,2026-09-10 19:13:37.959120,Requena,9043425,2026-09-15,15/09/2026,4.672,4.669,4.679,4.67,4.673,5.282,5.279,5.289,5.279,5.282,4.67,4.669,4.671,4.679,5.279,5.279,5.28,5.289,Sí,-0.609,2026-09-10,10/09/2026,4.84,0,Ajuste aplicado
AH_2026_2027,2026-09-10,2026-09-10 19:13:37.959120,Requena,9043425,2026-09-16,16/09/2026,4.651,4.645,4.67,4.645,4.652,5.261,5.254,5.279,5.254,5.261,4.645,4.645,4.646,4.67,5.254,5.254,5.255,5.279,Sí,-0.609,2026-09-10,10/09/2026,4.84,0,Ajuste aplicado
AH_2026_2027,2026-09-10,2026-09-10 19:13:37.959120,San Lorenzo,9042153,2026-09-10,10/09/2026,9.839,9.838,9.839,9.839,9.839,9.839,9.838,9.839,9.839,9.839,9.839,9.839,9.839,9.838,9.839,9.839,9.839,9.838,No,,2025-09-30,30/09/2025,7.19,345,Observado muy antiguo para ajuste: 345 días
AH_2026_2027,2026-09-10,2026-09-10 19:13:37.959120,San Lorenzo,9042153,2026-09-11,11/09/2026,9.839,9.838,9.839,9.838,9.839,9.839,9.838,9.839,9.838,9.839,9.838,9.838,9.838,9.839,9.838,9.838,9.838,9.839,No,,2025-09-30,30/09/2025,7.19,345,Observado muy antiguo para ajuste: 345 días
AH_2026_2027,2026-09-10,2026-09-10 19:13:37.959120,San Lorenzo,9042153,2026-09-12,12/09/2026,9.806,9.795,9.838,9.796,9.807,9.806,9.795,9.838,9.796,9.807,9.796,9.796,9.795,9.838,9.796,9.796,9.795,9.838,No,,2025-09-30,30/09/2025,7.19,345,Observado muy antiguo para ajuste: 345 días
AH_2026_2027,2026-09-10,2026-09-10 19:13:37.959120,San Lorenzo,9042153,2026-09-13,13/09/2026,9.757,9.746,9.786,9.747,9.757,9.757,9.746,9.786,9.747,9.757,9.747,9.747,9.746,9.786,9.747,9.747,9.746,9.786,No,,2025-09-30,30/09/2025,7.19,345,Observado muy antiguo para ajuste: 345 días
AH_2026_2027,2026-09-10,2026-09-10 19:13:37.959120,San Lorenzo,9042153,2026-09-14,14/09/2026,9.711,9.702,9.736,9.703,9.711,9.711,9.702,9.736,9.703,9.711,9.703,9.703,9.702,9.736,9.703,9.703,9.702,9.736,No,,2025-09-30,30/09/2025,7.19,345,Observado muy antiguo para ajuste: 345 días
AH_2026_2027,2026-09-10,2026-09-10 19:13:37.959120,San Lorenzo,9042153,2026-09-15,15/09/2026,9.656,9.646,9.679,9.648,9.657,9.656,9.646,9.679,9.648,9.657,9.649,9.649,9.646,9.679,9.649,9.649,9.646,9.679,No,,2025-09-30,30/09/2025,7.19,345,Observado muy antiguo para ajuste: 345 días
AH_2026_2027,2026-09-10,2026-09-10 19:13:37.959120,San Lorenzo,9042153,2026-09-16,16/09/2026,9.62,9.611,9.628,9.618,9.623,9.62,9.611,9.628,9.618,9.623,9.62,9.622,9.611,9.628,9.62,9.622,9.611,9.628,No,,2025-09-30,30/09/2025,7.19,345,Observado muy antiguo para ajuste: 345 días
AH_2026_2027,2026-09-10,2026-09-10 19:13:37.959120,San Regis,9040439,2026-09-10,10/09/2026,4.78,4.765,4.824,4.765,4.78,5.492,5.477,5.536,5.477,5.492,4.765,4.765,4.765,4.824,5.477,5.477,5.477,5.536,Sí,-0.712,2026-09-10,10/09/2026,4.78,0,Ajuste aplicado
AH_2026_2027,2026-09-10,2026-09-10 19:13:37.959120,San Regis,9040439,2026-09-11,11/09/2026,4.722,4.708,4.765,4.708,4.722,5.434,5.42,5.477,5.42,5.434,4.708,4.708,4.708,4.765,5.42,5.42,5.42,5.477,Sí,-0.712,2026-09-10,10/09/2026,4.78,0,Ajuste aplicado
AH_2026_2027,2026-09-10,2026-09-10 19:13:37.959120,San Regis,9040439,2026-09-12,12/09/2026,4.666,4.653,4.708,4.653,4.666,5.378,5.364,5.42,5.364,5.378,4.653,4.653,4.653,4.708,5.364,5.364,5.364,5.42,Sí,-0.712,2026-09-10,10/09/2026,4.78,0,Ajuste aplicado
AH_2026_2027,2026-09-10,2026-09-10 19:13:37.959120,San Regis,9040439,2026-09-13,13/09/2026,4.628,4.62,4.653,4.62,4.628,5.34,5.332,5.364,5.332,5.34,4.62,4.62,4.62,4.653,5.332,5.332,5.332,5.364,Sí,-0.712,2026-09-10,10/09/2026,4.78,0,Ajuste aplicado
AH_2026_2027,2026-09-10,2026-09-10 19:13:37.959120,San Regis,9040439,2026-09-14,14/09/2026,4.606,4.601,4.62,4.601,4.606,5.318,5.313,5.332,5.313,5.318,4.601,4.601,4.601,4.62,5.313,5.313,5.313,5.332,Sí,-0.712,2026-09-10,10/09/2026,4.78,0,Ajuste aplicado
AH_2026_2027,2026-09-10,2026-09-10 19:13:37.959120,San Regis,9040439,2026-09-15,15/09/2026,4.599,4.598,4.601,4.598,4.599,5.31,5.309,5.313,5.309,5.31,4.598,4.598,4.598,4.601,5.309,5.309,5.309,5.313,Sí,-0.712,2026-09-10,10/09/2026,4.78,0,Ajuste aplicado
AH_2026_2027,2026-09-10,2026-09-10 19:13:37.959120,San Regis,9040439,2026-09-16,16/09/2026,4.591,4.589,4.598,4.589,4.591,5.303,5.301,5.309,5.301,5.303,4.589,4.589,4.589,4.598,5.301,5.301,5.301,5.309,Sí,-0.712,2026-09-10,10/09/2026,4.78,0,Ajuste aplicado
AH_2026_2027,2026-09-10,2026-09-10 19:13:37.959120,Santa Clotilde,9032282,2026-09-10,10/09/2026,7.46,7.454,7.477,7.454,7.46,6.732,6.726,6.749,6.726,6.732,7.454,7.454,7.454,7.477,6.726,6.726,6.726,6.749,Sí,0.728,2026-09-10,10/09/2026,7.46,0,Ajuste aplicado
AH_2026_2027,2026-09-10,2026-09-10 19:13:37.959120,Santa Clotilde,9032282,2026-09-11,11/09/2026,7.446,7.443,7.454,7.443,7.446,6.718,6.715,6.726,6.715,6.718,7.443,7.443,7.443,7.454,6.715,6.715,6.715,6.726,Sí,0.728,2026-09-10,10/09/2026,7.46,0,Ajuste aplicado
AH_2026_2027,2026-09-10,2026-09-10 19:13:37.959120,Santa Clotilde,9032282,2026-09-12,12/09/2026,7.44,7.439,7.443,7.44,7.441,6.712,6.711,6.715,6.711,6.713,7.44,7.44,7.439,7.443,6.712,6.712,6.711,6.715,Sí,0.728,2026-09-10,10/09/2026,7.46,0,Ajuste aplicado
AH_2026_2027,2026-09-10,2026-09-10 19:13:37.959120,Santa Clotilde,9032282,2026-09-13,13/09/2026,7.434,7.433,7.436,7.433,7.434,6.705,6.704,6.708,6.705,6.706,7.433,7.433,7.433,7.436,6.705,6.705,6.704,6.708,Sí,0.728,2026-09-10,10/09/2026,7.46,0,Ajuste aplicado
AH_2026_2027,2026-09-10,2026-09-10 19:13:37.959120,Santa Clotilde,9032282,2026-09-14,14/09/2026,7.431,7.43,7.433,7.43,7.431,6.703,6.701,6.704,6.702,6.703,7.431,7.431,7.43,7.433,6.702,6.702,6.701,6.704,Sí,0.728,2026-09-10,10/09/2026,7.46,0,Ajuste aplicado
AH_2026_2027,2026-09-10,2026-09-10 19:13:37.959120,Santa Clotilde,9032282,2026-09-15,15/09/2026,7.416,7.408,7.43,7.412,7.417,6.688,6.68,6.702,6.683,6.689,7.413,7.413,7.408,7.43,6.684,6.685,6.68,6.702,Sí,0.728,2026-09-10,10/09/2026,7.46,0,Ajuste aplicado
AH_2026_2027,2026-09-10,2026-09-10 19:13:37.959120,Santa Clotilde,9032282,2026-09-16,16/09/2026,7.382,7.368,7.413,7.372,7.383,6.654,6.64,6.684,6.644,6.655,7.373,7.373,7.368,7.413,6.645,6.645,6.64,6.684,Sí,0.728,2026-09-10,10/09/2026,7.46,0,Ajuste aplicado
AH_2026_2027,2026-09-10,2026-09-10 19:13:37.959120,Santa María de Nanay,9037738,2026-09-10,10/09/2026,3.8,3.769,3.819,3.795,3.811,3.936,3.905,3.955,3.93,3.947,3.808,3.819,3.803,3.769,3.944,3.955,3.939,3.905,Sí,-0.136,2026-09-10,10/09/2026,3.8,0,Ajuste aplicado
AH_2026_2027,2026-09-10,2026-09-10 19:13:37.959120,Santa María de Nanay,9037738,2026-09-11,11/09/2026,3.761,3.704,3.836,3.711,3.803,3.897,3.84,3.972,3.846,3.939,3.792,3.836,3.713,3.704,3.928,3.972,3.849,3.84,Sí,-0.136,2026-09-10,10/09/2026,3.8,0,Ajuste aplicado
AH_2026_2027,2026-09-10,2026-09-10 19:13:37.959120,Santa María de Nanay,9037738,2026-09-12,12/09/2026,3.425,3.334,3.664,3.337,3.438,3.56,3.47,3.799,3.473,3.574,3.363,3.664,3.338,3.334,3.498,3.799,3.474,3.47,Sí,-0.136,2026-09-10,10/09/2026,3.8,0,Ajuste aplicado
AH_2026_2027,2026-09-10,2026-09-10 19:13:37.959120,Santa María de Nanay,9037738,2026-09-13,13/09/2026,3.351,2.933,3.663,3.235,3.519,3.486,3.068,3.799,3.371,3.654,3.336,3.663,3.47,2.933,3.471,3.799,3.606,3.068,Sí,-0.136,2026-09-10,10/09/2026,3.8,0,Ajuste aplicado
AH_2026_2027,2026-09-10,2026-09-10 19:13:37.959120,Santa María de Nanay,9037738,2026-09-14,14/09/2026,3.53,2.286,4.039,3.437,3.989,3.665,2.421,4.175,3.572,4.125,3.973,4.039,3.82,2.286,4.108,4.175,3.956,2.421,Sí,-0.136,2026-09-10,10/09/2026,3.8,0,Ajuste aplicado
AH_2026_2027,2026-09-10,2026-09-10 19:13:37.959120,Santa María de Nanay,9037738,2026-09-15,15/09/2026,3.916,3.071,4.439,3.61,4.382,4.051,3.207,4.574,3.746,4.518,4.363,4.439,3.79,3.071,4.499,4.574,3.925,3.207,Sí,-0.136,2026-09-10,10/09/2026,3.8,0,Ajuste aplicado
AH_2026_2027,2026-09-10,2026-09-10 19:13:37.959120,Santa María de Nanay,9037738,2026-09-16,16/09/2026,4.247,3.342,4.748,4.041,4.655,4.382,3.478,4.884,4.176,4.79,4.624,4.748,3.342,4.274,4.759,4.884,3.478,4.409,Sí,-0.136,2026-09-10,10/09/2026,3.8,0,Ajuste aplicado
AH_2026_2027,2026-09-10,2026-09-10 19:13:37.959120,Santa Rosa,9039635,2026-09-10,10/09/2026,3.41,3.379,3.42,3.41,3.42,3.379,3.349,3.39,3.379,3.39,3.42,3.42,3.42,3.379,3.39,3.39,3.39,3.349,Sí,0.031,2026-09-10,10/09/2026,3.41,0,Ajuste aplicado
AH_2026_2027,2026-09-10,2026-09-10 19:13:37.959120,Santa Rosa,9039635,2026-09-11,11/09/2026,3.42,3.42,3.42,3.42,3.42,3.39,3.39,3.39,3.39,3.39,3.42,3.42,3.42,3.42,3.39,3.39,3.39,3.39,Sí,0.031,2026-09-10,10/09/2026,3.41,0,Ajuste aplicado
AH_2026_2027,2026-09-10,2026-09-10 19:13:37.959120,Santa Rosa,9039635,2026-09-12,12/09/2026,3.386,3.373,3.42,3.373,3.389,3.355,3.342,3.389,3.342,3.358,3.373,3.373,3.379,3.42,3.342,3.342,3.348,3.389,Sí,0.031,2026-09-10,10/09/2026,3.41,0,Ajuste aplicado
AH_2026_2027,2026-09-10,2026-09-10 19:13:37.959120,Santa Rosa,9039635,2026-09-13,13/09/2026,3.337,3.328,3.361,3.328,3.337,3.306,3.298,3.331,3.298,3.306,3.328,3.328,3.328,3.361,3.298,3.298,3.298,3.331,Sí,0.031,2026-09-10,10/09/2026,3.41,0,Ajuste aplicado
AH_2026_2027,2026-09-10,2026-09-10 19:13:37.959120,Santa Rosa,9039635,2026-09-14,14/09/2026,3.317,3.316,3.321,3.316,3.317,3.287,3.285,3.29,3.285,3.287,3.316,3.316,3.316,3.321,3.285,3.285,3.286,3.29,Sí,0.031,2026-09-10,10/09/2026,3.41,0,Ajuste aplicado
AH_2026_2027,2026-09-10,2026-09-10 19:13:37.959120,Santa Rosa,9039635,2026-09-15,15/09/2026,3.311,3.297,3.316,3.31,3.316,3.28,3.267,3.285,3.279,3.285,3.316,3.314,3.315,3.297,3.285,3.283,3.285,3.267,Sí,0.031,2026-09-10,10/09/2026,3.41,0,Ajuste aplicado
AH_2026_2027,2026-09-10,2026-09-10 19:13:37.959120,Santa Rosa,9039635,2026-09-16,16/09/2026,3.309,3.287,3.321,3.307,3.317,3.279,3.256,3.29,3.276,3.287,3.321,3.314,3.316,3.287,3.29,3.283,3.285,3.256,Sí,0.031,2026-09-10,10/09/2026,3.41,0,Ajuste aplicado
AH_2026_2027,2026-09-10,2026-09-10 19:13:37.959120,Tamshiyacu,9038269,2026-09-10,10/09/2026,1.99,1.985,2.004,1.985,1.99,2.424,2.42,2.438,2.42,2.424,1.985,1.985,1.985,2.004,2.42,2.42,2.42,2.438,Sí,-0.434,2026-09-10,10/09/2026,1.99,0,Ajuste aplicado
AH_2026_2027,2026-09-10,2026-09-10 19:13:37.959120,Tamshiyacu,9038269,2026-09-11,11/09/2026,1.96,1.951,1.985,1.951,1.96,2.394,2.386,2.42,2.386,2.394,1.951,1.952,1.951,1.985,2.386,2.386,2.386,2.42,Sí,-0.434,2026-09-10,10/09/2026,1.99,0,Ajuste aplicado
AH_2026_2027,2026-09-10,2026-09-10 19:13:37.959120,Tamshiyacu,9038269,2026-09-12,12/09/2026,1.913,1.9,1.952,1.9,1.913,2.347,2.335,2.386,2.335,2.347,1.9,1.9,1.9,1.952,2.335,2.335,2.335,2.386,Sí,-0.434,2026-09-10,10/09/2026,1.99,0,Ajuste aplicado
AH_2026_2027,2026-09-10,2026-09-10 19:13:37.959120,Tamshiyacu,9038269,2026-09-13,13/09/2026,1.862,1.849,1.9,1.849,1.862,2.296,2.283,2.335,2.283,2.296,1.849,1.849,1.849,1.9,2.283,2.283,2.283,2.335,Sí,-0.434,2026-09-10,10/09/2026,1.99,0,Ajuste aplicado
AH_2026_2027,2026-09-10,2026-09-10 19:13:37.959120,Tamshiyacu,9038269,2026-09-14,14/09/2026,1.833,1.828,1.849,1.828,1.833,2.267,2.262,2.283,2.262,2.267,1.828,1.828,1.828,1.849,2.262,2.262,2.262,2.283,Sí,-0.434,2026-09-10,10/09/2026,1.99,0,Ajuste aplicado
AH_2026_2027,2026-09-10,2026-09-10 19:13:37.959120,Tamshiyacu,9038269,2026-09-15,15/09/2026,1.8,1.79,1.828,1.79,1.801,2.234,2.224,2.262,2.224,2.235,1.79,1.79,1.792,1.828,2.224,2.224,2.226,2.262,Sí,-0.434,2026-09-10,10/09/2026,1.99,0,Ajuste aplicado
AH_2026_2027,2026-09-10,2026-09-10 19:13:37.959120,Tamshiyacu,9038269,2026-09-16,16/09/2026,1.789,1.788,1.792,1.788,1.79,2.224,2.222,2.226,2.223,2.224,1.788,1.788,1.789,1.792,2.223,2.222,2.224,2.226,Sí,-0.434,2026-09-10,10/09/2026,1.99,0,Ajuste aplicado
AH_2026_2027,2026-09-10,2026-09-10 19:13:37.959120,Timicurillo,9036459,2026-09-10,10/09/2026,5.792,5.749,5.806,5.792,5.806,5.792,5.749,5.806,5.792,5.806,5.806,5.806,5.806,5.749,5.806,5.806,5.806,5.749,No,,2026-09-01,01/09/2026,7.83,9,Observado muy antiguo para ajuste: 9 días
AH_2026_2027,2026-09-10,2026-09-10 19:13:37.959120,Timicurillo,9036459,2026-09-11,11/09/2026,5.803,5.802,5.806,5.802,5.803,5.803,5.802,5.806,5.802,5.803,5.802,5.802,5.802,5.806,5.802,5.802,5.802,5.806,No,,2026-09-01,01/09/2026,7.83,9,Observado muy antiguo para ajuste: 9 días
AH_2026_2027,2026-09-10,2026-09-10 19:13:37.959120,Timicurillo,9036459,2026-09-12,12/09/2026,5.747,5.728,5.801,5.728,5.747,5.747,5.728,5.801,5.728,5.747,5.728,5.729,5.728,5.801,5.728,5.729,5.728,5.801,No,,2026-09-01,01/09/2026,7.83,9,Observado muy antiguo para ajuste: 9 días
AH_2026_2027,2026-09-10,2026-09-10 19:13:37.959120,Timicurillo,9036459,2026-09-13,13/09/2026,5.532,5.463,5.725,5.466,5.537,5.532,5.463,5.725,5.466,5.537,5.466,5.474,5.463,5.725,5.466,5.474,5.463,5.725,No,,2026-09-01,01/09/2026,7.83,9,Observado muy antiguo para ajuste: 9 días
AH_2026_2027,2026-09-10,2026-09-10 19:13:37.959120,Timicurillo,9036459,2026-09-14,14/09/2026,5.211,5.125,5.409,5.147,5.22,5.211,5.125,5.409,5.147,5.22,5.125,5.154,5.156,5.409,5.125,5.154,5.156,5.409,No,,2026-09-01,01/09/2026,7.83,9,Observado muy antiguo para ajuste: 9 días
AH_2026_2027,2026-09-10,2026-09-10 19:13:37.959120,Timicurillo,9036459,2026-09-15,15/09/2026,4.991,4.97,5.025,4.976,4.998,4.991,4.97,5.025,4.976,4.998,4.97,4.978,4.989,5.025,4.97,4.978,4.989,5.025,No,,2026-09-01,01/09/2026,7.83,9,Observado muy antiguo para ajuste: 9 días
AH_2026_2027,2026-09-10,2026-09-10 19:13:37.959120,Timicurillo,9036459,2026-09-16,16/09/2026,4.949,4.924,4.965,4.94,4.961,4.949,4.924,4.965,4.94,4.961,4.965,4.959,4.946,4.924,4.965,4.959,4.946,4.924,No,,2026-09-01,01/09/2026,7.83,9,Observado muy antiguo para ajuste: 9 días
AH_2026_2027,2026-09-10,2026-09-10 19:13:37.959120,Yurimaguas,9046779,2026-09-10,10/09/2026,127.26,127.255,127.275,127.255,127.26,128.091,128.085,128.106,128.085,128.091,127.255,127.255,127.255,127.275,128.085,128.085,128.085,128.106,Sí,-0.831,2026-09-10,10/09/2026,127.26,0,Ajuste aplicado
AH_2026_2027,2026-09-10,2026-09-10 19:13:37.959120,Yurimaguas,9046779,2026-09-11,11/09/2026,127.228,127.218,127.255,127.218,127.228,128.058,128.049,128.086,128.049,128.058,127.218,127.218,127.218,127.255,128.049,128.049,128.049,128.086,Sí,-0.831,2026-09-10,10/09/2026,127.26,0,Ajuste aplicado
AH_2026_2027,2026-09-10,2026-09-10 19:13:37.959120,Yurimaguas,9046779,2026-09-12,12/09/2026,127.212,127.209,127.219,127.209,127.212,128.042,128.04,128.049,128.04,128.042,127.209,127.209,127.209,127.219,128.04,128.04,128.04,128.049,Sí,-0.831,2026-09-10,10/09/2026,127.26,0,Ajuste aplicado
AH_2026_2027,2026-09-10,2026-09-10 19:13:37.959120,Yurimaguas,9046779,2026-09-13,13/09/2026,127.216,127.21,127.218,127.216,127.218,128.046,128.04,128.048,128.046,128.048,127.218,127.218,127.218,127.21,128.048,128.048,128.048,128.04,Sí,-0.831,2026-09-10,10/09/2026,127.26,0,Ajuste aplicado
AH_2026_2027,2026-09-10,2026-09-10 19:13:37.959120,Yurimaguas,9046779,2026-09-14,14/09/2026,127.239,127.229,127.243,127.239,127.243,128.07,128.06,128.073,128.07,128.073,127.243,127.243,127.243,127.229,128.073,128.073,128.073,128.06,Sí,-0.831,2026-09-10,10/09/2026,127.26,0,Ajuste aplicado
AH_2026_2027,2026-09-10,2026-09-10 19:13:37.959120,Yurimaguas,9046779,2026-09-15,15/09/2026,127.251,127.244,127.261,127.245,127.254,128.081,128.075,128.092,128.076,128.084,127.244,127.246,127.261,127.251,128.075,128.076,128.092,128.082,Sí,-0.831,2026-09-10,10/09/2026,127.26,0,Ajuste aplicado
AH_2026_2027,2026-09-10,2026-09-10 19:13:37.959120,Yurimaguas,9046779,2026-09-16,16/09/2026,127.27,127.249,127.314,127.249,127.279,128.101,128.08,128.145,128.08,128.11,127.249,127.249,127.314,127.268,128.08,128.08,128.145,128.098,Sí,-0.831,2026-09-10,10/09/2026,127.26,0,Ajuste aplicado
AH_2026_2027,2026-09-11,2026-09-11 19:16:52.960023,Angamos,9043370,2026-09-11,11/09/2026,0.92,0.92,0.92,0.92,0.92,7.438,7.438,7.438,7.438,7.438,0.92,0.92,0.92,0.92,7.438,7.438,7.438,7.438,Sí,-6.518,2026-09-11,11/09/2026,0.92,0,Offset alto: -6.52 m. Revisar estación.
AH_2026_2027,2026-09-11,2026-09-11 19:16:52.960023,Angamos,9043370,2026-09-12,12/09/2026,0.911,0.911,0.911,0.911,0.911,7.43,7.43,7.43,7.43,7.43,0.911,0.911,0.911,0.911,7.43,7.43,7.43,7.43,Sí,-6.518,2026-09-11,11/09/2026,0.92,0,Offset alto: -6.52 m. Revisar estación.
AH_2026_2027,2026-09-11,2026-09-11 19:16:52.960023,Angamos,9043370,2026-09-13,13/09/2026,0.909,0.909,0.91,0.909,0.91,7.428,7.427,7.428,7.427,7.428,0.91,0.91,0.909,0.909,7.428,7.428,7.427,7.427,Sí,-6.518,2026-09-11,11/09/2026,0.92,0,Offset alto: -6.52 m. Revisar estación.
AH_2026_2027,2026-09-11,2026-09-11 19:16:52.960023,Angamos,9043370,2026-09-14,14/09/2026,0.908,0.907,0.909,0.907,0.908,7.426,7.425,7.427,7.426,7.427,0.908,0.909,0.908,0.907,7.427,7.427,7.426,7.425,Sí,-6.518,2026-09-11,11/09/2026,0.92,0,Offset alto: -6.52 m. Revisar estación.
AH_2026_2027,2026-09-11,2026-09-11 19:16:52.960023,Angamos,9043370,2026-09-15,15/09/2026,0.906,0.904,0.909,0.904,0.909,7.425,7.423,7.427,7.423,7.427,0.909,0.909,0.904,0.904,7.427,7.427,7.423,7.423,Sí,-6.518,2026-09-11,11/09/2026,0.92,0,Offset alto: -6.52 m. Revisar estación.
AH_2026_2027,2026-09-11,2026-09-11 19:16:52.960023,Angamos,9043370,2026-09-16,16/09/2026,0.909,0.908,0.911,0.908,0.911,7.428,7.426,7.43,7.426,7.429,0.911,0.91,0.908,0.908,7.43,7.429,7.426,7.426,Sí,-6.518,2026-09-11,11/09/2026,0.92,0,Offset alto: -6.52 m. Revisar estación.
AH_2026_2027,2026-09-11,2026-09-11 19:16:52.960023,Angamos,9043370,2026-09-17,17/09/2026,0.91,0.908,0.911,0.909,0.911,7.428,7.426,7.43,7.427,7.429,0.911,0.911,0.908,0.909,7.43,7.429,7.426,7.428,Sí,-6.518,2026-09-11,11/09/2026,0.92,0,Offset alto: -6.52 m. Revisar estación.
AH_2026_2027,2026-09-11,2026-09-11 19:16:52.960023,Bellavista,9036028,2026-09-11,11/09/2026,4.81,4.81,4.81,4.81,4.81,5.075,5.075,5.075,5.075,5.075,4.81,4.81,4.81,4.81,5.075,5.075,5.075,5.075,Sí,-0.265,2026-09-11,11/09/2026,4.81,0,Ajuste aplicado
AH_2026_2027,2026-09-11,2026-09-11 19:16:52.960023,Bellavista,9036028,2026-09-12,12/09/2026,4.788,4.788,4.789,4.788,4.789,5.053,5.053,5.054,5.053,5.053,4.789,4.789,4.788,4.788,5.053,5.054,5.053,5.053,Sí,-0.265,2026-09-11,11/09/2026,4.81,0,Ajuste aplicado
AH_2026_2027,2026-09-11,2026-09-11 19:16:52.960023,Bellavista,9036028,2026-09-13,13/09/2026,4.772,4.772,4.772,4.772,4.772,5.037,5.037,5.037,5.037,5.037,4.772,4.772,4.772,4.772,5.037,5.037,5.037,5.037,Sí,-0.265,2026-09-11,11/09/2026,4.81,0,Ajuste aplicado
AH_2026_2027,2026-09-11,2026-09-11 19:16:52.960023,Bellavista,9036028,2026-09-14,14/09/2026,4.764,4.764,4.765,4.764,4.765,5.029,5.029,5.03,5.029,5.029,4.764,4.764,4.764,4.765,5.029,5.029,5.029,5.03,Sí,-0.265,2026-09-11,11/09/2026,4.81,0,Ajuste aplicado
AH_2026_2027,2026-09-11,2026-09-11 19:16:52.960023,Bellavista,9036028,2026-09-15,15/09/2026,4.752,4.751,4.753,4.751,4.752,5.017,5.016,5.018,5.016,5.017,4.751,4.752,4.751,4.753,5.016,5.017,5.016,5.018,Sí,-0.265,2026-09-11,11/09/2026,4.81,0,Ajuste aplicado
AH_2026_2027,2026-09-11,2026-09-11 19:16:52.960023,Bellavista,9036028,2026-09-16,16/09/2026,4.75,4.75,4.751,4.75,4.75,5.015,5.015,5.016,5.015,5.015,4.75,4.75,4.75,4.751,5.015,5.015,5.015,5.016,Sí,-0.265,2026-09-11,11/09/2026,4.81,0,Ajuste aplicado
AH_2026_2027,2026-09-11,2026-09-11 19:16:52.960023,Bellavista,9036028,2026-09-17,17/09/2026,4.749,4.749,4.75,4.749,4.749,5.014,5.013,5.014,5.013,5.014,4.749,4.749,4.749,4.75,5.013,5.014,5.013,5.014,Sí,-0.265,2026-09-11,11/09/2026,4.81,0,Ajuste aplicado
AH_2026_2027,2026-09-11,2026-09-11 19:16:52.960023,Borja,9040208,2026-09-11,11/09/2026,4.3,4.299,4.3,4.3,4.3,4.475,4.474,4.475,4.475,4.475,4.3,4.3,4.3,4.299,4.475,4.475,4.475,4.474,Sí,-0.175,2026-09-11,11/09/2026,4.3,0,Ajuste aplicado
AH_2026_2027,2026-09-11,2026-09-11 19:16:52.960023,Borja,9040208,2026-09-12,12/09/2026,4.242,4.231,4.255,4.234,4.249,4.417,4.406,4.43,4.409,4.424,4.235,4.247,4.255,4.231,4.41,4.421,4.43,4.406,Sí,-0.175,2026-09-11,11/09/2026,4.3,0,Ajuste aplicado
AH_2026_2027,2026-09-11,2026-09-11 19:16:52.960023,Borja,9040208,2026-09-13,13/09/2026,4.166,4.153,4.194,4.156,4.169,4.341,4.328,4.369,4.331,4.344,4.157,4.161,4.194,4.153,4.332,4.336,4.369,4.328,Sí,-0.175,2026-09-11,11/09/2026,4.3,0,Ajuste aplicado
AH_2026_2027,2026-09-11,2026-09-11 19:16:52.960023,Borja,9040208,2026-09-14,14/09/2026,4.117,4.069,4.184,4.086,4.139,4.292,4.244,4.359,4.261,4.314,4.092,4.124,4.184,4.069,4.266,4.299,4.359,4.244,Sí,-0.175,2026-09-11,11/09/2026,4.3,0,Ajuste aplicado
AH_2026_2027,2026-09-11,2026-09-11 19:16:52.960023,Borja,9040208,2026-09-15,15/09/2026,4.123,4.074,4.205,4.088,4.143,4.298,4.249,4.38,4.263,4.317,4.093,4.122,4.205,4.074,4.268,4.297,4.38,4.249,Sí,-0.175,2026-09-11,11/09/2026,4.3,0,Ajuste aplicado
AH_2026_2027,2026-09-11,2026-09-11 19:16:52.960023,Borja,9040208,2026-09-16,16/09/2026,4.231,4.184,4.283,4.191,4.267,4.406,4.359,4.458,4.366,4.442,4.262,4.193,4.283,4.184,4.437,4.368,4.458,4.359,Sí,-0.175,2026-09-11,11/09/2026,4.3,0,Ajuste aplicado
AH_2026_2027,2026-09-11,2026-09-11 19:16:52.960023,Borja,9040208,2026-09-17,17/09/2026,4.384,4.303,4.552,4.307,4.418,4.559,4.478,4.727,4.482,4.593,4.552,4.308,4.373,4.303,4.727,4.483,4.548,4.478,Sí,-0.175,2026-09-11,11/09/2026,4.3,0,Ajuste aplicado
AH_2026_2027,2026-09-11,2026-09-11 19:16:52.960023,Contamana,9053555,2026-09-11,11/09/2026,6.24,6.24,6.24,6.24,6.24,12.587,12.587,12.587,12.587,12.587,6.24,6.24,6.24,6.24,12.587,12.587,12.587,12.587,Sí,-6.347,2026-09-11,11/09/2026,6.24,0,Offset alto: -6.35 m. Revisar estación.
AH_2026_2027,2026-09-11,2026-09-11 19:16:52.960023,Contamana,9053555,2026-09-12,12/09/2026,5.963,5.963,5.963,5.963,5.963,12.31,12.31,12.31,12.31,12.31,5.963,5.963,5.963,5.963,12.31,12.31,12.31,12.31,Sí,-6.347,2026-09-11,11/09/2026,6.24,0,Offset alto: -6.35 m. Revisar estación.
AH_2026_2027,2026-09-11,2026-09-11 19:16:52.960023,Contamana,9053555,2026-09-13,13/09/2026,5.727,5.727,5.727,5.727,5.727,12.074,12.074,12.074,12.074,12.074,5.727,5.727,5.727,5.727,12.074,12.074,12.074,12.074,Sí,-6.347,2026-09-11,11/09/2026,6.24,0,Offset alto: -6.35 m. Revisar estación.
AH_2026_2027,2026-09-11,2026-09-11 19:16:52.960023,Contamana,9053555,2026-09-14,14/09/2026,5.608,5.607,5.608,5.607,5.608,11.955,11.954,11.955,11.955,11.955,5.607,5.607,5.608,5.608,11.955,11.954,11.955,11.955,Sí,-6.347,2026-09-11,11/09/2026,6.24,0,Offset alto: -6.35 m. Revisar estación.
AH_2026_2027,2026-09-11,2026-09-11 19:16:52.960023,Contamana,9053555,2026-09-15,15/09/2026,5.489,5.489,5.49,5.489,5.49,11.837,11.836,11.837,11.836,11.837,5.489,5.489,5.49,5.49,11.836,11.836,11.837,11.837,Sí,-6.347,2026-09-11,11/09/2026,6.24,0,Offset alto: -6.35 m. Revisar estación.
AH_2026_2027,2026-09-11,2026-09-11 19:16:52.960023,Contamana,9053555,2026-09-16,16/09/2026,5.389,5.387,5.392,5.387,5.39,11.736,11.734,11.739,11.734,11.737,5.389,5.387,5.392,5.387,11.736,11.734,11.739,11.734,Sí,-6.347,2026-09-11,11/09/2026,6.24,0,Offset alto: -6.35 m. Revisar estación.
AH_2026_2027,2026-09-11,2026-09-11 19:16:52.960023,Contamana,9053555,2026-09-17,17/09/2026,5.347,5.327,5.386,5.332,5.352,11.694,11.674,11.733,11.679,11.699,5.341,5.334,5.386,5.327,11.688,11.681,11.733,11.674,Sí,-6.347,2026-09-11,11/09/2026,6.24,0,Offset alto: -6.35 m. Revisar estación.
AH_2026_2027,2026-09-11,2026-09-11 19:16:52.960023,ENAPU,9038134,2026-09-11,11/09/2026,3.92,3.869,4.033,3.877,3.932,2.995,2.945,3.108,2.952,3.007,3.898,4.033,3.869,3.88,2.973,3.108,2.945,2.955,Sí,0.925,2026-09-11,11/09/2026,3.92,0,Ajuste aplicado
AH_2026_2027,2026-09-11,2026-09-11 19:16:52.960023,ENAPU,9038134,2026-09-12,12/09/2026,4.215,3.897,5.054,3.933,4.236,3.29,2.972,4.129,3.008,3.311,3.964,5.054,3.944,3.897,3.039,4.129,3.02,2.972,Sí,0.925,2026-09-11,11/09/2026,3.92,0,Ajuste aplicado
AH_2026_2027,2026-09-11,2026-09-11 19:16:52.960023,ENAPU,9038134,2026-09-13,13/09/2026,17.361,4.852,54.578,4.929,17.438,16.436,3.927,53.653,4.004,16.513,5.058,54.578,4.954,4.852,4.133,53.653,4.029,3.927,Sí,0.925,2026-09-11,11/09/2026,3.92,0,Ajuste aplicado
AH_2026_2027,2026-09-11,2026-09-11 19:16:52.960023,ENAPU,9038134,2026-09-14,14/09/2026,82.546,54.025,109.113,57.588,108.481,81.621,53.1,108.188,56.663,107.556,58.776,108.27,54.025,109.113,57.851,107.346,53.1,108.188,Sí,0.925,2026-09-11,11/09/2026,3.92,0,Ajuste aplicado
AH_2026_2027,2026-09-11,2026-09-11 19:16:52.960023,ENAPU,9038134,2026-09-15,15/09/2026,108.907,107.409,110.855,108.201,109.389,107.982,106.484,109.93,107.276,108.464,108.465,108.9,107.409,110.855,107.54,107.975,106.484,109.93,Sí,0.925,2026-09-11,11/09/2026,3.92,0,Ajuste aplicado
AH_2026_2027,2026-09-11,2026-09-11 19:16:52.960023,ENAPU,9038134,2026-09-16,16/09/2026,109.507,108.64,111.347,108.717,109.809,108.582,107.715,110.422,107.793,108.884,108.743,109.296,108.64,111.347,107.818,108.371,107.715,110.422,Sí,0.925,2026-09-11,11/09/2026,3.92,0,Ajuste aplicado
AH_2026_2027,2026-09-11,2026-09-11 19:16:52.960023,ENAPU,9038134,2026-09-17,17/09/2026,109.673,108.738,111.491,108.887,110.018,108.748,107.813,110.566,107.962,109.093,108.738,109.528,108.937,111.491,107.813,108.603,108.012,110.566,Sí,0.925,2026-09-11,11/09/2026,3.92,0,Ajuste aplicado
AH_2026_2027,2026-09-11,2026-09-11 19:16:52.960023,Flor de Punga,9044756,2026-09-11,11/09/2026,11.73,11.73,11.73,11.73,11.73,11.73,11.73,11.73,11.73,11.73,11.73,11.73,11.73,11.73,11.73,11.73,11.73,11.73,No,,2026-05-14,14/05/2026,22.8,120,Observado muy antiguo para ajuste: 120 días
AH_2026_2027,2026-09-11,2026-09-11 19:16:52.960023,Flor de Punga,9044756,2026-09-12,12/09/2026,11.839,11.839,11.839,11.839,11.839,11.839,11.839,11.839,11.839,11.839,11.839,11.839,11.839,11.839,11.839,11.839,11.839,11.839,No,,2026-05-14,14/05/2026,22.8,120,Observado muy antiguo para ajuste: 120 días
AH_2026_2027,2026-09-11,2026-09-11 19:16:52.960023,Flor de Punga,9044756,2026-09-13,13/09/2026,11.861,11.861,11.862,11.861,11.861,11.861,11.861,11.862,11.861,11.861,11.861,11.862,11.861,11.861,11.861,11.862,11.861,11.861,No,,2026-05-14,14/05/2026,22.8,120,Observado muy antiguo para ajuste: 120 días
AH_2026_2027,2026-09-11,2026-09-11 19:16:52.960023,Flor de Punga,9044756,2026-09-14,14/09/2026,11.898,11.898,11.898,11.898,11.898,11.898,11.898,11.898,11.898,11.898,11.898,11.898,11.898,11.898,11.898,11.898,11.898,11.898,No,,2026-05-14,14/05/2026,22.8,120,Observado muy antiguo para ajuste: 120 días
AH_2026_2027,2026-09-11,2026-09-11 19:16:52.960023,Flor de Punga,9044756,2026-09-15,15/09/2026,11.865,11.865,11.865,11.865,11.865,11.865,11.865,11.865,11.865,11.865,11.865,11.865,11.865,11.865,11.865,11.865,11.865,11.865,No,,2026-05-14,14/05/2026,22.8,120,Observado muy antiguo para ajuste: 120 días
AH_2026_2027,2026-09-11,2026-09-11 19:16:52.960023,Flor de Punga,9044756,2026-09-16,16/09/2026,11.78,11.779,11.782,11.779,11.781,11.78,11.779,11.782,11.779,11.781,11.78,11.78,11.779,11.782,11.78,11.78,11.779,11.782,No,,2026-05-14,14/05/2026,22.8,120,Observado muy antiguo para ajuste: 120 días
AH_2026_2027,2026-09-11,2026-09-11 19:16:52.960023,Flor de Punga,9044756,2026-09-17,17/09/2026,11.401,11.398,11.405,11.399,11.402,11.401,11.398,11.405,11.399,11.402,11.4,11.399,11.398,11.405,11.4,11.399,11.398,11.405,No,,2026-05-14,14/05/2026,22.8,120,Observado muy antiguo para ajuste: 120 días
AH_2026_2027,2026-09-11,2026-09-11 19:16:52.960023,Genaro Herrera,9042214,2026-09-11,11/09/2026,6.31,6.31,6.31,6.31,6.31,8.464,8.464,8.464,8.464,8.464,6.31,6.31,6.31,6.31,8.464,8.464,8.464,8.464,Sí,-2.154,2026-09-11,11/09/2026,6.31,0,Offset alto: -2.15 m. Revisar estación.
AH_2026_2027,2026-09-11,2026-09-11 19:16:52.960023,Genaro Herrera,9042214,2026-09-12,12/09/2026,6.309,6.309,6.309,6.309,6.309,8.464,8.464,8.464,8.464,8.464,6.309,6.309,6.309,6.309,8.464,8.464,8.464,8.464,Sí,-2.154,2026-09-11,11/09/2026,6.31,0,Offset alto: -2.15 m. Revisar estación.
AH_2026_2027,2026-09-11,2026-09-11 19:16:52.960023,Genaro Herrera,9042214,2026-09-13,13/09/2026,6.315,6.315,6.315,6.315,6.315,8.47,8.47,8.47,8.47,8.47,6.315,6.315,6.315,6.315,8.47,8.47,8.47,8.47,Sí,-2.154,2026-09-11,11/09/2026,6.31,0,Offset alto: -2.15 m. Revisar estación.
AH_2026_2027,2026-09-11,2026-09-11 19:16:52.960023,Genaro Herrera,9042214,2026-09-14,14/09/2026,6.336,6.336,6.336,6.336,6.336,8.49,8.49,8.49,8.49,8.49,6.336,6.336,6.336,6.336,8.49,8.49,8.49,8.49,Sí,-2.154,2026-09-11,11/09/2026,6.31,0,Offset alto: -2.15 m. Revisar estación.
AH_2026_2027,2026-09-11,2026-09-11 19:16:52.960023,Genaro Herrera,9042214,2026-09-15,15/09/2026,6.349,6.349,6.349,6.349,6.349,8.503,8.503,8.504,8.503,8.503,6.349,6.349,6.349,6.349,8.503,8.503,8.503,8.504,Sí,-2.154,2026-09-11,11/09/2026,6.31,0,Offset alto: -2.15 m. Revisar estación.
AH_2026_2027,2026-09-11,2026-09-11 19:16:52.960023,Genaro Herrera,9042214,2026-09-16,16/09/2026,6.35,6.35,6.351,6.35,6.35,8.505,8.505,8.505,8.505,8.505,6.35,6.35,6.35,6.351,8.505,8.505,8.505,8.505,Sí,-2.154,2026-09-11,11/09/2026,6.31,0,Offset alto: -2.15 m. Revisar estación.
AH_2026_2027,2026-09-11,2026-09-11 19:16:52.960023,Genaro Herrera,9042214,2026-09-17,17/09/2026,6.339,6.338,6.34,6.339,6.339,8.493,8.493,8.494,8.493,8.493,6.339,6.339,6.338,6.34,8.493,8.493,8.493,8.494,Sí,-2.154,2026-09-11,11/09/2026,6.31,0,Offset alto: -2.15 m. Revisar estación.
AH_2026_2027,2026-09-11,2026-09-11 19:16:52.960023,Lagunas,9043597,2026-09-11,11/09/2026,3.87,3.87,3.87,3.87,3.87,4.473,4.473,4.473,4.473,4.473,3.87,3.87,3.87,3.87,4.473,4.473,4.473,4.473,Sí,-0.603,2026-09-11,11/09/2026,3.87,0,Ajuste aplicado
AH_2026_2027,2026-09-11,2026-09-11 19:16:52.960023,Lagunas,9043597,2026-09-12,12/09/2026,3.816,3.816,3.816,3.816,3.816,4.419,4.419,4.419,4.419,4.419,3.816,3.816,3.816,3.816,4.419,4.419,4.419,4.419,Sí,-0.603,2026-09-11,11/09/2026,3.87,0,Ajuste aplicado
AH_2026_2027,2026-09-11,2026-09-11 19:16:52.960023,Lagunas,9043597,2026-09-13,13/09/2026,3.747,3.747,3.747,3.747,3.747,4.351,4.351,4.351,4.351,4.351,3.747,3.747,3.747,3.747,4.351,4.351,4.351,4.351,Sí,-0.603,2026-09-11,11/09/2026,3.87,0,Ajuste aplicado
AH_2026_2027,2026-09-11,2026-09-11 19:16:52.960023,Lagunas,9043597,2026-09-14,14/09/2026,3.719,3.719,3.719,3.719,3.719,4.323,4.323,4.323,4.323,4.323,3.719,3.719,3.719,3.719,4.323,4.323,4.323,4.323,Sí,-0.603,2026-09-11,11/09/2026,3.87,0,Ajuste aplicado
AH_2026_2027,2026-09-11,2026-09-11 19:16:52.960023,Lagunas,9043597,2026-09-15,15/09/2026,3.718,3.717,3.718,3.718,3.718,4.321,4.321,4.321,4.321,4.321,3.717,3.718,3.718,3.718,4.321,4.321,4.321,4.321,Sí,-0.603,2026-09-11,11/09/2026,3.87,0,Ajuste aplicado
AH_2026_2027,2026-09-11,2026-09-11 19:16:52.960023,Lagunas,9043597,2026-09-16,16/09/2026,3.723,3.722,3.723,3.722,3.723,4.326,4.326,4.326,4.326,4.326,3.722,3.722,3.723,3.723,4.326,4.326,4.326,4.326,Sí,-0.603,2026-09-11,11/09/2026,3.87,0,Ajuste aplicado
AH_2026_2027,2026-09-11,2026-09-11 19:16:52.960023,Lagunas,9043597,2026-09-17,17/09/2026,3.739,3.724,3.782,3.724,3.74,4.343,4.327,4.386,4.328,4.344,3.724,3.724,3.782,3.726,4.327,4.328,4.386,4.33,Sí,-0.603,2026-09-11,11/09/2026,3.87,0,Ajuste aplicado
AH_2026_2027,2026-09-11,2026-09-11 19:16:52.960023,Nauta,9040454,2026-09-11,11/09/2026,5.71,5.71,5.71,5.71,5.71,5.267,5.267,5.267,5.267,5.267,5.71,5.71,5.71,5.71,5.267,5.267,5.267,5.267,Sí,0.443,2026-09-11,11/09/2026,5.71,0,Ajuste aplicado
AH_2026_2027,2026-09-11,2026-09-11 19:16:52.960023,Nauta,9040454,2026-09-12,12/09/2026,5.658,5.658,5.658,5.658,5.658,5.215,5.215,5.215,5.215,5.215,5.658,5.658,5.658,5.658,5.215,5.215,5.215,5.215,Sí,0.443,2026-09-11,11/09/2026,5.71,0,Ajuste aplicado
AH_2026_2027,2026-09-11,2026-09-11 19:16:52.960023,Nauta,9040454,2026-09-13,13/09/2026,5.562,5.562,5.563,5.562,5.562,5.119,5.119,5.12,5.119,5.119,5.562,5.563,5.562,5.562,5.119,5.12,5.119,5.119,Sí,0.443,2026-09-11,11/09/2026,5.71,0,Ajuste aplicado
AH_2026_2027,2026-09-11,2026-09-11 19:16:52.960023,Nauta,9040454,2026-09-14,14/09/2026,5.521,5.521,5.521,5.521,5.521,5.078,5.078,5.078,5.078,5.078,5.521,5.521,5.521,5.521,5.078,5.078,5.078,5.078,Sí,0.443,2026-09-11,11/09/2026,5.71,0,Ajuste aplicado
AH_2026_2027,2026-09-11,2026-09-11 19:16:52.960023,Nauta,9040454,2026-09-15,15/09/2026,5.492,5.491,5.493,5.492,5.492,5.049,5.048,5.05,5.049,5.049,5.492,5.492,5.491,5.493,5.049,5.049,5.048,5.05,Sí,0.443,2026-09-11,11/09/2026,5.71,0,Ajuste aplicado
AH_2026_2027,2026-09-11,2026-09-11 19:16:52.960023,Nauta,9040454,2026-09-16,16/09/2026,5.466,5.462,5.477,5.462,5.466,5.023,5.019,5.034,5.019,5.023,5.462,5.462,5.462,5.477,5.019,5.019,5.019,5.034,Sí,0.443,2026-09-11,11/09/2026,5.71,0,Ajuste aplicado
AH_2026_2027,2026-09-11,2026-09-11 19:16:52.960023,Nauta,9040454,2026-09-17,17/09/2026,5.431,5.429,5.433,5.429,5.432,4.988,4.986,4.99,4.986,4.989,5.429,5.431,5.429,5.433,4.986,4.988,4.986,4.99,Sí,0.443,2026-09-11,11/09/2026,5.71,0,Ajuste aplicado
AH_2026_2027,2026-09-11,2026-09-11 19:16:52.960023,Puerto Alegria,9038835,2026-09-11,11/09/2026,10.1,10.1,10.1,10.1,10.1,10.811,10.811,10.811,10.811,10.811,10.1,10.1,10.1,10.1,10.811,10.811,10.811,10.811,Sí,-0.711,2026-09-11,11/09/2026,10.1,0,Ajuste aplicado
AH_2026_2027,2026-09-11,2026-09-11 19:16:52.960023,Puerto Alegria,9038835,2026-09-12,12/09/2026,10.099,10.099,10.099,10.099,10.099,10.811,10.811,10.811,10.811,10.811,10.099,10.099,10.099,10.099,10.811,10.811,10.811,10.811,Sí,-0.711,2026-09-11,11/09/2026,10.1,0,Ajuste aplicado
AH_2026_2027,2026-09-11,2026-09-11 19:16:52.960023,Puerto Alegria,9038835,2026-09-13,13/09/2026,10.098,10.098,10.098,10.098,10.098,10.809,10.809,10.81,10.809,10.81,10.098,10.098,10.098,10.098,10.81,10.81,10.81,10.809,Sí,-0.711,2026-09-11,11/09/2026,10.1,0,Ajuste aplicado
AH_2026_2027,2026-09-11,2026-09-11 19:16:52.960023,Puerto Alegria,9038835,2026-09-14,14/09/2026,10.098,10.097,10.098,10.098,10.098,10.809,10.809,10.809,10.809,10.809,10.098,10.098,10.098,10.097,10.809,10.809,10.809,10.809,Sí,-0.711,2026-09-11,11/09/2026,10.1,0,Ajuste aplicado
AH_2026_2027,2026-09-11,2026-09-11 19:16:52.960023,Puerto Alegria,9038835,2026-09-15,15/09/2026,10.098,10.097,10.098,10.098,10.098,10.809,10.809,10.809,10.809,10.809,10.098,10.097,10.098,10.098,10.809,10.809,10.809,10.809,Sí,-0.711,2026-09-11,11/09/2026,10.1,0,Ajuste aplicado
AH_2026_2027,2026-09-11,2026-09-11 19:16:52.960023,Puerto Alegria,9038835,2026-09-16,16/09/2026,10.097,10.097,10.098,10.097,10.097,10.809,10.809,10.809,10.809,10.809,10.097,10.097,10.097,10.098,10.809,10.809,10.809,10.809,Sí,-0.711,2026-09-11,11/09/2026,10.1,0,Ajuste aplicado
AH_2026_2027,2026-09-11,2026-09-11 19:16:52.960023,Puerto Alegria,9038835,2026-09-17,17/09/2026,10.097,10.096,10.1,10.096,10.097,10.809,10.808,10.811,10.808,10.809,10.096,10.096,10.097,10.1,10.808,10.808,10.808,10.811,Sí,-0.711,2026-09-11,11/09/2026,10.1,0,Ajuste aplicado
AH_2026_2027,2026-09-11,2026-09-11 19:16:52.960023,Puerto Almendra,9037610,2026-09-11,11/09/2026,2.3,2.3,2.3,2.3,2.3,2.716,2.716,2.716,2.716,2.716,2.3,2.3,2.3,2.3,2.716,2.716,2.716,2.716,Sí,-0.416,2026-09-11,11/09/2026,2.3,0,Ajuste aplicado
AH_2026_2027,2026-09-11,2026-09-11 19:16:52.960023,Puerto Almendra,9037610,2026-09-12,12/09/2026,2.305,2.305,2.307,2.305,2.305,2.721,2.721,2.723,2.721,2.721,2.305,2.307,2.305,2.305,2.721,2.723,2.721,2.721,Sí,-0.416,2026-09-11,11/09/2026,2.3,0,Ajuste aplicado
AH_2026_2027,2026-09-11,2026-09-11 19:16:52.960023,Puerto Almendra,9037610,2026-09-13,13/09/2026,2.293,2.284,2.306,2.288,2.297,2.709,2.7,2.722,2.704,2.713,2.293,2.306,2.29,2.284,2.71,2.722,2.706,2.7,Sí,-0.416,2026-09-11,11/09/2026,2.3,0,Ajuste aplicado
AH_2026_2027,2026-09-11,2026-09-11 19:16:52.960023,Puerto Almendra,9037610,2026-09-14,14/09/2026,2.22,2.182,2.285,2.195,2.232,2.636,2.598,2.701,2.611,2.648,2.214,2.285,2.2,2.182,2.63,2.701,2.616,2.598,Sí,-0.416,2026-09-11,11/09/2026,2.3,0,Ajuste aplicado
AH_2026_2027,2026-09-11,2026-09-11 19:16:52.960023,Puerto Almendra,9037610,2026-09-15,15/09/2026,2.176,2.025,2.283,2.118,2.254,2.592,2.441,2.699,2.534,2.671,2.149,2.283,2.025,2.245,2.565,2.699,2.441,2.661,Sí,-0.416,2026-09-11,11/09/2026,2.3,0,Ajuste aplicado
AH_2026_2027,2026-09-11,2026-09-11 19:16:52.960023,Puerto Almendra,9037610,2026-09-16,16/09/2026,2.332,2.012,2.637,2.212,2.46,2.748,2.428,3.053,2.629,2.876,2.279,2.401,2.012,2.637,2.695,2.817,2.428,3.053,Sí,-0.416,2026-09-11,11/09/2026,2.3,0,Ajuste aplicado
AH_2026_2027,2026-09-11,2026-09-11 19:16:52.960023,Puerto Almendra,9037610,2026-09-17,17/09/2026,2.675,2.306,3.268,2.434,2.804,3.091,2.723,3.684,2.85,3.22,2.476,2.65,2.306,3.268,2.892,3.066,2.723,3.684,Sí,-0.416,2026-09-11,11/09/2026,2.3,0,Ajuste aplicado
AH_2026_2027,2026-09-11,2026-09-11 19:16:52.960023,Requena,9043425,2026-09-11,11/09/2026,4.78,4.78,4.78,4.78,4.78,5.374,5.374,5.374,5.374,5.374,4.78,4.78,4.78,4.78,5.374,5.374,5.374,5.374,Sí,-0.594,2026-09-11,11/09/2026,4.78,0,Ajuste aplicado
AH_2026_2027,2026-09-11,2026-09-11 19:16:52.960023,Requena,9043425,2026-09-12,12/09/2026,4.75,4.749,4.75,4.75,4.75,5.343,5.343,5.343,5.343,5.343,4.75,4.75,4.75,4.749,5.343,5.343,5.343,5.343,Sí,-0.594,2026-09-11,11/09/2026,4.78,0,Ajuste aplicado
AH_2026_2027,2026-09-11,2026-09-11 19:16:52.960023,Requena,9043425,2026-09-13,13/09/2026,4.701,4.701,4.701,4.701,4.701,5.295,5.295,5.295,5.295,5.295,4.701,4.701,4.701,4.701,5.295,5.295,5.295,5.295,Sí,-0.594,2026-09-11,11/09/2026,4.78,0,Ajuste aplicado
AH_2026_2027,2026-09-11,2026-09-11 19:16:52.960023,Requena,9043425,2026-09-14,14/09/2026,4.691,4.691,4.691,4.691,4.691,5.284,5.284,5.284,5.284,5.284,4.691,4.691,4.691,4.691,5.284,5.284,5.284,5.284,Sí,-0.594,2026-09-11,11/09/2026,4.78,0,Ajuste aplicado
AH_2026_2027,2026-09-11,2026-09-11 19:16:52.960023,Requena,9043425,2026-09-15,15/09/2026,4.676,4.676,4.676,4.676,4.676,5.269,5.269,5.27,5.269,5.27,4.676,4.676,4.676,4.676,5.27,5.27,5.269,5.269,Sí,-0.594,2026-09-11,11/09/2026,4.78,0,Ajuste aplicado
AH_2026_2027,2026-09-11,2026-09-11 19:16:52.960023,Requena,9043425,2026-09-16,16/09/2026,4.651,4.651,4.652,4.651,4.652,5.245,5.245,5.245,5.245,5.245,4.652,4.651,4.651,4.651,5.245,5.245,5.245,5.245,Sí,-0.594,2026-09-11,11/09/2026,4.78,0,Ajuste aplicado
AH_2026_2027,2026-09-11,2026-09-11 19:16:52.960023,Requena,9043425,2026-09-17,17/09/2026,4.642,4.642,4.642,4.642,4.642,5.235,5.235,5.236,5.235,5.236,4.642,4.642,4.642,4.642,5.236,5.236,5.235,5.235,Sí,-0.594,2026-09-11,11/09/2026,4.78,0,Ajuste aplicado
AH_2026_2027,2026-09-11,2026-09-11 19:16:52.960023,San Lorenzo,9042153,2026-09-11,11/09/2026,9.838,9.838,9.838,9.838,9.838,9.838,9.838,9.838,9.838,9.838,9.838,9.838,9.838,9.838,9.838,9.838,9.838,9.838,No,,2025-09-30,30/09/2025,7.19,346,Observado muy antiguo para ajuste: 346 días
AH_2026_2027,2026-09-11,2026-09-11 19:16:52.960023,San Lorenzo,9042153,2026-09-12,12/09/2026,9.797,9.797,9.797,9.797,9.797,9.797,9.797,9.797,9.797,9.797,9.797,9.797,9.797,9.797,9.797,9.797,9.797,9.797,No,,2025-09-30,30/09/2025,7.19,346,Observado muy antiguo para ajuste: 346 días
AH_2026_2027,2026-09-11,2026-09-11 19:16:52.960023,San Lorenzo,9042153,2026-09-13,13/09/2026,9.746,9.746,9.747,9.746,9.747,9.746,9.746,9.747,9.746,9.747,9.746,9.746,9.747,9.746,9.746,9.746,9.747,9.746,No,,2025-09-30,30/09/2025,7.19,346,Observado muy antiguo para ajuste: 346 días
AH_2026_2027,2026-09-11,2026-09-11 19:16:52.960023,San Lorenzo,9042153,2026-09-14,14/09/2026,9.703,9.702,9.704,9.702,9.703,9.703,9.702,9.704,9.702,9.703,9.702,9.703,9.704,9.702,9.702,9.703,9.704,9.702,No,,2025-09-30,30/09/2025,7.19,346,Observado muy antiguo para ajuste: 346 días
AH_2026_2027,2026-09-11,2026-09-11 19:16:52.960023,San Lorenzo,9042153,2026-09-15,15/09/2026,9.652,9.648,9.66,9.649,9.653,9.652,9.648,9.66,9.649,9.653,9.649,9.651,9.66,9.648,9.649,9.651,9.66,9.648,No,,2025-09-30,30/09/2025,7.19,346,Observado muy antiguo para ajuste: 346 días
AH_2026_2027,2026-09-11,2026-09-11 19:16:52.960023,San Lorenzo,9042153,2026-09-16,16/09/2026,9.625,9.612,9.645,9.619,9.628,9.625,9.612,9.645,9.619,9.628,9.621,9.622,9.645,9.612,9.621,9.622,9.645,9.612,No,,2025-09-30,30/09/2025,7.19,346,Observado muy antiguo para ajuste: 346 días
AH_2026_2027,2026-09-11,2026-09-11 19:16:52.960023,San Lorenzo,9042153,2026-09-17,17/09/2026,9.608,9.576,9.643,9.595,9.619,9.608,9.576,9.643,9.595,9.619,9.602,9.611,9.643,9.576,9.602,9.611,9.643,9.576,No,,2025-09-30,30/09/2025,7.19,346,Observado muy antiguo para ajuste: 346 días
AH_2026_2027,2026-09-11,2026-09-11 19:16:52.960023,San Regis,9040439,2026-09-11,11/09/2026,4.8,4.8,4.8,4.8,4.8,5.419,5.419,5.419,5.419,5.419,4.8,4.8,4.8,4.8,5.419,5.419,5.419,5.419,Sí,-0.619,2026-09-11,11/09/2026,4.8,0,Ajuste aplicado
AH_2026_2027,2026-09-11,2026-09-11 19:16:52.960023,San Regis,9040439,2026-09-12,12/09/2026,4.744,4.744,4.744,4.744,4.744,5.363,5.363,5.363,5.363,5.363,4.744,4.744,4.744,4.744,5.363,5.363,5.363,5.363,Sí,-0.619,2026-09-11,11/09/2026,4.8,0,Ajuste aplicado
AH_2026_2027,2026-09-11,2026-09-11 19:16:52.960023,San Regis,9040439,2026-09-13,13/09/2026,4.711,4.711,4.711,4.711,4.711,5.33,5.33,5.33,5.33,5.33,4.711,4.711,4.711,4.711,5.33,5.33,5.33,5.33,Sí,-0.619,2026-09-11,11/09/2026,4.8,0,Ajuste aplicado
AH_2026_2027,2026-09-11,2026-09-11 19:16:52.960023,San Regis,9040439,2026-09-14,14/09/2026,4.691,4.691,4.691,4.691,4.691,5.31,5.31,5.31,5.31,5.31,4.691,4.691,4.691,4.691,5.31,5.31,5.31,5.31,Sí,-0.619,2026-09-11,11/09/2026,4.8,0,Ajuste aplicado
AH_2026_2027,2026-09-11,2026-09-11 19:16:52.960023,San Regis,9040439,2026-09-15,15/09/2026,4.69,4.69,4.69,4.69,4.69,5.309,5.309,5.309,5.309,5.309,4.69,4.69,4.69,4.69,5.309,5.309,5.309,5.309,Sí,-0.619,2026-09-11,11/09/2026,4.8,0,Ajuste aplicado
AH_2026_2027,2026-09-11,2026-09-11 19:16:52.960023,San Regis,9040439,2026-09-16,16/09/2026,4.679,4.679,4.679,4.679,4.679,5.298,5.298,5.298,5.298,5.298,4.679,4.679,4.679,4.679,5.298,5.298,5.298,5.298,Sí,-0.619,2026-09-11,11/09/2026,4.8,0,Ajuste aplicado
AH_2026_2027,2026-09-11,2026-09-11 19:16:52.960023,San Regis,9040439,2026-09-17,17/09/2026,4.65,4.65,4.65,4.65,4.65,5.269,5.269,5.269,5.269,5.269,4.65,4.65,4.65,4.65,5.269,5.269,5.269,5.269,Sí,-0.619,2026-09-11,11/09/2026,4.8,0,Ajuste aplicado
AH_2026_2027,2026-09-11,2026-09-11 19:16:52.960023,Santa Clotilde,9032282,2026-09-11,11/09/2026,7.27,7.27,7.27,7.27,7.27,6.716,6.716,6.716,6.716,6.716,7.27,7.27,7.27,7.27,6.716,6.716,6.716,6.716,Sí,0.554,2026-09-11,11/09/2026,7.27,0,Ajuste aplicado
AH_2026_2027,2026-09-11,2026-09-11 19:16:52.960023,Santa Clotilde,9032282,2026-09-12,12/09/2026,7.268,7.268,7.268,7.268,7.268,6.713,6.713,6.713,6.713,6.713,7.268,7.268,7.268,7.268,6.713,6.713,6.713,6.713,Sí,0.554,2026-09-11,11/09/2026,7.27,0,Ajuste aplicado
AH_2026_2027,2026-09-11,2026-09-11 19:16:52.960023,Santa Clotilde,9032282,2026-09-13,13/09/2026,7.261,7.261,7.261,7.261,7.261,6.707,6.707,6.707,6.707,6.707,7.261,7.261,7.261,7.261,6.707,6.707,6.707,6.707,Sí,0.554,2026-09-11,11/09/2026,7.27,0,Ajuste aplicado
AH_2026_2027,2026-09-11,2026-09-11 19:16:52.960023,Santa Clotilde,9032282,2026-09-14,14/09/2026,7.258,7.258,7.258,7.258,7.258,6.704,6.703,6.704,6.704,6.704,7.258,7.258,7.258,7.258,6.703,6.704,6.704,6.704,Sí,0.554,2026-09-11,11/09/2026,7.27,0,Ajuste aplicado
AH_2026_2027,2026-09-11,2026-09-11 19:16:52.960023,Santa Clotilde,9032282,2026-09-15,15/09/2026,7.239,7.238,7.241,7.239,7.239,6.685,6.684,6.686,6.685,6.685,7.238,7.239,7.239,7.241,6.684,6.685,6.685,6.686,Sí,0.554,2026-09-11,11/09/2026,7.27,0,Ajuste aplicado
AH_2026_2027,2026-09-11,2026-09-11 19:16:52.960023,Santa Clotilde,9032282,2026-09-16,16/09/2026,7.198,7.196,7.202,7.196,7.199,6.643,6.641,6.647,6.641,6.644,7.196,7.198,7.196,7.202,6.641,6.643,6.641,6.647,Sí,0.554,2026-09-11,11/09/2026,7.27,0,Ajuste aplicado
AH_2026_2027,2026-09-11,2026-09-11 19:16:52.960023,Santa Clotilde,9032282,2026-09-17,17/09/2026,7.133,7.124,7.15,7.125,7.138,6.579,6.57,6.595,6.571,6.584,7.125,7.134,7.124,7.15,6.571,6.58,6.57,6.595,Sí,0.554,2026-09-11,11/09/2026,7.27,0,Ajuste aplicado
AH_2026_2027,2026-09-11,2026-09-11 19:16:52.960023,Santa María de Nanay,9037738,2026-09-11,11/09/2026,3.85,3.832,3.87,3.837,3.862,3.972,3.954,3.991,3.959,3.983,3.859,3.87,3.832,3.839,3.98,3.991,3.954,3.96,Sí,-0.122,2026-09-11,11/09/2026,3.85,0,Ajuste aplicado
AH_2026_2027,2026-09-11,2026-09-11 19:16:52.960023,Santa María de Nanay,9037738,2026-09-12,12/09/2026,3.797,3.702,3.902,3.756,3.833,3.918,3.824,4.024,3.877,3.954,3.81,3.902,3.773,3.702,3.931,4.024,3.895,3.824,Sí,-0.122,2026-09-11,11/09/2026,3.85,0,Ajuste aplicado
AH_2026_2027,2026-09-11,2026-09-11 19:16:52.960023,Santa María de Nanay,9037738,2026-09-13,13/09/2026,3.56,3.352,3.893,3.414,3.643,3.682,3.474,4.014,3.536,3.765,3.56,3.893,3.435,3.352,3.682,4.014,3.557,3.474,Sí,-0.122,2026-09-11,11/09/2026,3.85,0,Ajuste aplicado
AH_2026_2027,2026-09-11,2026-09-11 19:16:52.960023,Santa María de Nanay,9037738,2026-09-14,14/09/2026,3.735,3.245,3.986,3.665,3.923,3.856,3.367,4.108,3.787,4.045,3.805,3.986,3.245,3.902,3.927,4.108,3.367,4.024,Sí,-0.122,2026-09-11,11/09/2026,3.85,0,Ajuste aplicado
AH_2026_2027,2026-09-11,2026-09-11 19:16:52.960023,Santa María de Nanay,9037738,2026-09-15,15/09/2026,4.008,3.279,4.53,3.858,4.262,4.13,3.4,4.652,3.98,4.383,4.052,4.172,3.279,4.53,4.173,4.294,3.4,4.652,Sí,-0.122,2026-09-11,11/09/2026,3.85,0,Ajuste aplicado
AH_2026_2027,2026-09-11,2026-09-11 19:16:52.960023,Santa María de Nanay,9037738,2026-09-16,16/09/2026,4.521,4.227,5.063,4.262,4.657,4.643,4.348,5.185,4.383,4.779,4.227,4.522,4.273,5.063,4.348,4.643,4.395,5.185,Sí,-0.122,2026-09-11,11/09/2026,3.85,0,Ajuste aplicado
AH_2026_2027,2026-09-11,2026-09-11 19:16:52.960023,Santa María de Nanay,9037738,2026-09-17,17/09/2026,4.864,4.492,5.446,4.675,4.947,4.985,4.614,5.568,4.797,5.068,4.492,4.736,4.78,5.446,4.614,4.858,4.902,5.568,Sí,-0.122,2026-09-11,11/09/2026,3.85,0,Ajuste aplicado
AH_2026_2027,2026-09-11,2026-09-11 19:16:52.960023,Santa Rosa,9039635,2026-09-11,11/09/2026,3.21,3.21,3.21,3.21,3.21,3.378,3.378,3.378,3.378,3.378,3.21,3.21,3.21,3.21,3.378,3.378,3.378,3.378,Sí,-0.168,2026-09-11,11/09/2026,3.21,0,Ajuste aplicado
AH_2026_2027,2026-09-11,2026-09-11 19:16:52.960023,Santa Rosa,9039635,2026-09-12,12/09/2026,3.182,3.182,3.182,3.182,3.182,3.35,3.35,3.35,3.35,3.35,3.182,3.182,3.182,3.182,3.35,3.35,3.35,3.35,Sí,-0.168,2026-09-11,11/09/2026,3.21,0,Ajuste aplicado
AH_2026_2027,2026-09-11,2026-09-11 19:16:52.960023,Santa Rosa,9039635,2026-09-13,13/09/2026,3.128,3.128,3.128,3.128,3.128,3.297,3.297,3.297,3.297,3.297,3.128,3.128,3.128,3.128,3.297,3.297,3.297,3.297,Sí,-0.168,2026-09-11,11/09/2026,3.21,0,Ajuste aplicado
AH_2026_2027,2026-09-11,2026-09-11 19:16:52.960023,Santa Rosa,9039635,2026-09-14,14/09/2026,3.122,3.119,3.126,3.12,3.122,3.29,3.287,3.295,3.289,3.291,3.126,3.121,3.121,3.119,3.295,3.29,3.289,3.287,Sí,-0.168,2026-09-11,11/09/2026,3.21,0,Ajuste aplicado
AH_2026_2027,2026-09-11,2026-09-11 19:16:52.960023,Santa Rosa,9039635,2026-09-15,15/09/2026,3.118,3.116,3.119,3.118,3.119,3.287,3.285,3.287,3.287,3.287,3.119,3.116,3.119,3.119,3.287,3.285,3.287,3.287,Sí,-0.168,2026-09-11,11/09/2026,3.21,0,Ajuste aplicado
AH_2026_2027,2026-09-11,2026-09-11 19:16:52.960023,Santa Rosa,9039635,2026-09-16,16/09/2026,3.118,3.113,3.126,3.114,3.121,3.287,3.282,3.295,3.282,3.289,3.119,3.113,3.114,3.126,3.287,3.282,3.282,3.295,Sí,-0.168,2026-09-11,11/09/2026,3.21,0,Ajuste aplicado
AH_2026_2027,2026-09-11,2026-09-11 19:16:52.960023,Santa Rosa,9039635,2026-09-17,17/09/2026,3.108,3.094,3.131,3.101,3.112,3.277,3.263,3.3,3.269,3.28,3.105,3.094,3.103,3.131,3.273,3.263,3.271,3.3,Sí,-0.168,2026-09-11,11/09/2026,3.21,0,Ajuste aplicado
AH_2026_2027,2026-09-11,2026-09-11 19:16:52.960023,Tamshiyacu,9038269,2026-09-11,11/09/2026,1.9,1.9,1.9,1.9,1.9,2.384,2.384,2.384,2.384,2.384,1.9,1.9,1.9,1.9,2.384,2.384,2.384,2.384,Sí,-0.484,2026-09-11,11/09/2026,1.9,0,Ajuste aplicado
AH_2026_2027,2026-09-11,2026-09-11 19:16:52.960023,Tamshiyacu,9038269,2026-09-12,12/09/2026,1.849,1.849,1.849,1.849,1.849,2.333,2.333,2.333,2.333,2.333,1.849,1.849,1.849,1.849,2.333,2.333,2.333,2.333,Sí,-0.484,2026-09-11,11/09/2026,1.9,0,Ajuste aplicado
AH_2026_2027,2026-09-11,2026-09-11 19:16:52.960023,Tamshiyacu,9038269,2026-09-13,13/09/2026,1.796,1.796,1.796,1.796,1.796,2.279,2.279,2.279,2.279,2.279,1.796,1.796,1.796,1.796,2.279,2.279,2.279,2.279,Sí,-0.484,2026-09-11,11/09/2026,1.9,0,Ajuste aplicado
AH_2026_2027,2026-09-11,2026-09-11 19:16:52.960023,Tamshiyacu,9038269,2026-09-14,14/09/2026,1.77,1.77,1.77,1.77,1.77,2.253,2.253,2.253,2.253,2.253,1.77,1.77,1.77,1.77,2.253,2.253,2.253,2.253,Sí,-0.484,2026-09-11,11/09/2026,1.9,0,Ajuste aplicado
AH_2026_2027,2026-09-11,2026-09-11 19:16:52.960023,Tamshiyacu,9038269,2026-09-15,15/09/2026,1.738,1.738,1.738,1.738,1.738,2.222,2.222,2.222,2.222,2.222,1.738,1.738,1.738,1.738,2.222,2.222,2.222,2.222,Sí,-0.484,2026-09-11,11/09/2026,1.9,0,Ajuste aplicado
AH_2026_2027,2026-09-11,2026-09-11 19:16:52.960023,Tamshiyacu,9038269,2026-09-16,16/09/2026,1.737,1.736,1.738,1.736,1.737,2.22,2.22,2.221,2.22,2.221,1.736,1.737,1.736,1.738,2.22,2.221,2.22,2.221,Sí,-0.484,2026-09-11,11/09/2026,1.9,0,Ajuste aplicado
AH_2026_2027,2026-09-11,2026-09-11 19:16:52.960023,Tamshiyacu,9038269,2026-09-17,17/09/2026,1.735,1.734,1.737,1.734,1.736,2.219,2.217,2.221,2.218,2.22,1.734,1.736,1.734,1.737,2.218,2.219,2.217,2.221,Sí,-0.484,2026-09-11,11/09/2026,1.9,0,Ajuste aplicado
AH_2026_2027,2026-09-11,2026-09-11 19:16:52.960023,Timicurillo,9036459,2026-09-11,11/09/2026,5.801,5.801,5.801,5.801,5.801,5.801,5.801,5.801,5.801,5.801,5.801,5.801,5.801,5.801,5.801,5.801,5.801,5.801,No,,2026-09-01,01/09/2026,7.83,10,Observado muy antiguo para ajuste: 10 días
AH_2026_2027,2026-09-11,2026-09-11 19:16:52.960023,Timicurillo,9036459,2026-09-12,12/09/2026,5.728,5.728,5.728,5.728,5.728,5.728,5.728,5.728,5.728,5.728,5.728,5.728,5.728,5.728,5.728,5.728,5.728,5.728,No,,2026-09-01,01/09/2026,7.83,10,Observado muy antiguo para ajuste: 10 días
AH_2026_2027,2026-09-11,2026-09-11 19:16:52.960023,Timicurillo,9036459,2026-09-13,13/09/2026,5.488,5.485,5.494,5.485,5.491,5.488,5.485,5.494,5.485,5.491,5.49,5.494,5.485,5.485,5.49,5.494,5.485,5.485,No,,2026-09-01,01/09/2026,7.83,10,Observado muy antiguo para ajuste: 10 días
AH_2026_2027,2026-09-11,2026-09-11 19:16:52.960023,Timicurillo,9036459,2026-09-14,14/09/2026,5.17,5.162,5.189,5.162,5.173,5.17,5.162,5.189,5.162,5.173,5.167,5.189,5.162,5.163,5.167,5.189,5.162,5.163,No,,2026-09-01,01/09/2026,7.83,10,Observado muy antiguo para ajuste: 10 días
AH_2026_2027,2026-09-11,2026-09-11 19:16:52.960023,Timicurillo,9036459,2026-09-15,15/09/2026,4.98,4.968,4.986,4.978,4.986,4.98,4.968,4.986,4.978,4.986,4.982,4.986,4.968,4.986,4.982,4.986,4.968,4.986,No,,2026-09-01,01/09/2026,7.83,10,Observado muy antiguo para ajuste: 10 días
AH_2026_2027,2026-09-11,2026-09-11 19:16:52.960023,Timicurillo,9036459,2026-09-16,16/09/2026,4.933,4.886,4.984,4.91,4.953,4.933,4.886,4.984,4.91,4.953,4.918,4.943,4.886,4.984,4.918,4.943,4.886,4.984,No,,2026-09-01,01/09/2026,7.83,10,Observado muy antiguo para ajuste: 10 días
AH_2026_2027,2026-09-11,2026-09-11 19:16:52.960023,Timicurillo,9036459,2026-09-17,17/09/2026,4.979,4.87,5.173,4.904,5.011,4.979,4.87,5.173,4.904,5.011,4.916,4.957,4.87,5.173,4.916,4.957,4.87,5.173,No,,2026-09-01,01/09/2026,7.83,10,Observado muy antiguo para ajuste: 10 días
AH_2026_2027,2026-09-11,2026-09-11 19:16:52.960023,Yurimaguas,9046779,2026-09-11,11/09/2026,127.34,127.34,127.34,127.34,127.34,128.045,128.045,128.045,128.045,128.045,127.34,127.34,127.34,127.34,128.045,128.045,128.045,128.045,Sí,-0.705,2026-09-11,11/09/2026,127.34,0,Ajuste aplicado
AH_2026_2027,2026-09-11,2026-09-11 19:16:52.960023,Yurimaguas,9046779,2026-09-12,12/09/2026,127.331,127.331,127.331,127.331,127.331,128.037,128.037,128.037,128.037,128.037,127.331,127.331,127.331,127.331,128.037,128.037,128.037,128.037,Sí,-0.705,2026-09-11,11/09/2026,127.34,0,Ajuste aplicado
AH_2026_2027,2026-09-11,2026-09-11 19:16:52.960023,Yurimaguas,9046779,2026-09-13,13/09/2026,127.339,127.339,127.34,127.339,127.34,128.045,128.045,128.045,128.045,128.045,127.339,127.339,127.34,127.339,128.045,128.045,128.045,128.045,Sí,-0.705,2026-09-11,11/09/2026,127.34,0,Ajuste aplicado
AH_2026_2027,2026-09-11,2026-09-11 19:16:52.960023,Yurimaguas,9046779,2026-09-14,14/09/2026,127.366,127.366,127.367,127.366,127.366,128.072,128.072,128.072,128.072,128.072,127.366,127.366,127.367,127.366,128.072,128.072,128.072,128.072,Sí,-0.705,2026-09-11,11/09/2026,127.34,0,Ajuste aplicado
AH_2026_2027,2026-09-11,2026-09-11 19:16:52.960023,Yurimaguas,9046779,2026-09-15,15/09/2026,127.374,127.368,127.39,127.368,127.374,128.079,128.073,128.095,128.074,128.079,127.368,127.368,127.39,127.368,128.073,128.074,128.095,128.074,Sí,-0.705,2026-09-11,11/09/2026,127.34,0,Ajuste aplicado
AH_2026_2027,2026-09-11,2026-09-11 19:16:52.960023,Yurimaguas,9046779,2026-09-16,16/09/2026,127.399,127.367,127.493,127.367,127.401,128.105,128.072,128.198,128.072,128.106,127.367,127.367,127.493,127.37,128.072,128.072,128.198,128.076,Sí,-0.705,2026-09-11,11/09/2026,127.34,0,Ajuste aplicado
AH_2026_2027,2026-09-11,2026-09-11 19:16:52.960023,Yurimaguas,9046779,2026-09-17,17/09/2026,127.502,127.374,127.796,127.387,127.535,128.208,128.08,128.501,128.093,128.24,127.391,127.374,127.796,127.448,128.097,128.08,128.501,128.153,Sí,-0.705,2026-09-11,11/09/2026,127.34,0,Ajuste aplicado
AH_2026_2027,2026-09-12,2026-09-12 18:26:45.322822,Angamos,9043370,2026-09-12,12/09/2026,0.82,0.82,0.82,0.82,0.82,7.429,7.429,7.429,7.429,7.429,0.82,0.82,0.82,0.82,7.429,7.429,7.429,7.429,Sí,-6.609,2026-09-12,12/09/2026,0.82,0,Offset alto: -6.61 m. Revisar estación.
AH_2026_2027,2026-09-12,2026-09-12 18:26:45.322822,Angamos,9043370,2026-09-13,13/09/2026,0.818,0.818,0.818,0.818,0.818,7.427,7.426,7.427,7.426,7.427,0.818,0.818,0.818,0.818,7.427,7.427,7.426,7.426,Sí,-6.609,2026-09-12,12/09/2026,0.82,0,Offset alto: -6.61 m. Revisar estación.
AH_2026_2027,2026-09-12,2026-09-12 18:26:45.322822,Angamos,9043370,2026-09-14,14/09/2026,0.817,0.816,0.817,0.816,0.817,7.426,7.425,7.426,7.425,7.426,0.817,0.817,0.816,0.816,7.426,7.426,7.425,7.425,Sí,-6.609,2026-09-12,12/09/2026,0.82,0,Offset alto: -6.61 m. Revisar estación.
AH_2026_2027,2026-09-12,2026-09-12 18:26:45.322822,Angamos,9043370,2026-09-15,15/09/2026,0.814,0.807,0.818,0.811,0.817,7.423,7.416,7.427,7.42,7.426,0.818,0.817,0.813,0.807,7.427,7.426,7.421,7.416,Sí,-6.609,2026-09-12,12/09/2026,0.82,0,Offset alto: -6.61 m. Revisar estación.
AH_2026_2027,2026-09-12,2026-09-12 18:26:45.322822,Angamos,9043370,2026-09-16,16/09/2026,1.129,0.797,1.796,0.803,1.287,7.738,7.406,8.405,7.412,7.896,1.796,1.117,0.805,0.797,8.405,7.726,7.414,7.406,Sí,-6.609,2026-09-12,12/09/2026,0.82,0,Offset alto: -6.61 m. Revisar estación.
AH_2026_2027,2026-09-12,2026-09-12 18:26:45.322822,Angamos,9043370,2026-09-17,17/09/2026,1.452,0.787,2.874,0.796,1.728,8.061,7.396,9.483,7.405,8.337,2.874,1.346,0.799,0.787,9.483,7.955,7.408,7.396,Sí,-6.609,2026-09-12,12/09/2026,0.82,0,Offset alto: -6.61 m. Revisar estación.
AH_2026_2027,2026-09-12,2026-09-12 18:26:45.322822,Angamos,9043370,2026-09-18,18/09/2026,1.291,0.794,2.374,0.797,1.493,7.9,7.403,8.983,7.406,8.102,2.374,1.199,0.798,0.794,8.983,7.808,7.407,7.403,Sí,-6.609,2026-09-12,12/09/2026,0.82,0,Offset alto: -6.61 m. Revisar estación.
AH_2026_2027,2026-09-12,2026-09-12 18:26:45.322822,Bellavista,9036028,2026-09-12,12/09/2026,4.59,4.59,4.59,4.59,4.59,5.052,5.052,5.052,5.052,5.052,4.59,4.59,4.59,4.59,5.052,5.052,5.052,5.052,Sí,-0.462,2026-09-12,12/09/2026,4.59,0,Ajuste aplicado
AH_2026_2027,2026-09-12,2026-09-12 18:26:45.322822,Bellavista,9036028,2026-09-13,13/09/2026,4.572,4.572,4.572,4.572,4.572,5.033,5.033,5.033,5.033,5.033,4.572,4.572,4.572,4.572,5.033,5.033,5.033,5.033,Sí,-0.462,2026-09-12,12/09/2026,4.59,0,Ajuste aplicado
AH_2026_2027,2026-09-12,2026-09-12 18:26:45.322822,Bellavista,9036028,2026-09-14,14/09/2026,4.567,4.567,4.568,4.567,4.568,5.029,5.028,5.029,5.029,5.029,4.568,4.567,4.567,4.567,5.029,5.029,5.029,5.028,Sí,-0.462,2026-09-12,12/09/2026,4.59,0,Ajuste aplicado
AH_2026_2027,2026-09-12,2026-09-12 18:26:45.322822,Bellavista,9036028,2026-09-15,15/09/2026,4.554,4.553,4.554,4.554,4.554,5.015,5.014,5.016,5.015,5.016,4.554,4.554,4.554,4.553,5.016,5.016,5.016,5.014,Sí,-0.462,2026-09-12,12/09/2026,4.59,0,Ajuste aplicado
AH_2026_2027,2026-09-12,2026-09-12 18:26:45.322822,Bellavista,9036028,2026-09-16,16/09/2026,4.552,4.551,4.554,4.552,4.552,5.014,5.013,5.015,5.013,5.014,4.552,4.552,4.554,4.551,5.014,5.013,5.015,5.013,Sí,-0.462,2026-09-12,12/09/2026,4.59,0,Ajuste aplicado
AH_2026_2027,2026-09-12,2026-09-12 18:26:45.322822,Bellavista,9036028,2026-09-17,17/09/2026,4.551,4.55,4.551,4.55,4.551,5.012,5.012,5.013,5.012,5.012,4.551,4.55,4.551,4.55,5.012,5.012,5.013,5.012,Sí,-0.462,2026-09-12,12/09/2026,4.59,0,Ajuste aplicado
AH_2026_2027,2026-09-12,2026-09-12 18:26:45.322822,Bellavista,9036028,2026-09-18,18/09/2026,4.543,4.54,4.547,4.54,4.545,5.005,5.002,5.009,5.002,5.006,4.544,4.54,4.547,4.54,5.006,5.002,5.009,5.002,Sí,-0.462,2026-09-12,12/09/2026,4.59,0,Ajuste aplicado
AH_2026_2027,2026-09-12,2026-09-12 18:26:45.322822,Borja,9040208,2026-09-12,12/09/2026,4.25,4.244,4.253,4.249,4.253,4.416,4.41,4.419,4.414,4.418,4.253,4.253,4.25,4.244,4.418,4.419,4.416,4.41,Sí,-0.166,2026-09-12,12/09/2026,4.25,0,Ajuste aplicado
AH_2026_2027,2026-09-12,2026-09-12 18:26:45.322822,Borja,9040208,2026-09-13,13/09/2026,4.168,4.162,4.172,4.167,4.171,4.334,4.328,4.338,4.333,4.336,4.17,4.172,4.168,4.162,4.336,4.338,4.334,4.328,Sí,-0.166,2026-09-12,12/09/2026,4.25,0,Ajuste aplicado
AH_2026_2027,2026-09-12,2026-09-12 18:26:45.322822,Borja,9040208,2026-09-14,14/09/2026,4.135,4.066,4.173,4.112,4.173,4.301,4.232,4.339,4.278,4.338,4.173,4.172,4.127,4.066,4.339,4.338,4.293,4.232,Sí,-0.166,2026-09-12,12/09/2026,4.25,0,Ajuste aplicado
AH_2026_2027,2026-09-12,2026-09-12 18:26:45.322822,Borja,9040208,2026-09-15,15/09/2026,4.238,3.994,4.455,4.102,4.387,4.404,4.159,4.62,4.268,4.553,4.455,4.364,4.138,3.994,4.62,4.53,4.304,4.159,Sí,-0.166,2026-09-12,12/09/2026,4.25,0,Ajuste aplicado
AH_2026_2027,2026-09-12,2026-09-12 18:26:45.322822,Borja,9040208,2026-09-16,16/09/2026,4.412,3.93,4.923,4.118,4.69,4.577,4.096,5.089,4.284,4.855,4.923,4.612,4.181,3.93,5.089,4.778,4.346,4.096,Sí,-0.166,2026-09-12,12/09/2026,4.25,0,Ajuste aplicado
AH_2026_2027,2026-09-12,2026-09-12 18:26:45.322822,Borja,9040208,2026-09-17,17/09/2026,4.579,3.92,5.216,4.19,4.979,4.745,4.086,5.382,4.356,5.145,5.216,4.9,4.28,3.92,5.382,5.066,4.446,4.086,Sí,-0.166,2026-09-12,12/09/2026,4.25,0,Ajuste aplicado
AH_2026_2027,2026-09-12,2026-09-12 18:26:45.322822,Borja,9040208,2026-09-18,18/09/2026,4.645,3.906,5.27,4.258,5.089,4.811,4.072,5.436,4.424,5.255,5.27,5.029,4.376,3.906,5.436,5.195,4.541,4.072,Sí,-0.166,2026-09-12,12/09/2026,4.25,0,Ajuste aplicado
AH_2026_2027,2026-09-12,2026-09-12 18:26:45.322822,Contamana,9053555,2026-09-12,12/09/2026,6.6,6.6,6.6,6.6,6.6,12.295,12.295,12.295,12.295,12.295,6.6,6.6,6.6,6.6,12.295,12.295,12.295,12.295,Sí,-5.695,2026-09-12,12/09/2026,6.6,0,Offset alto: -5.69 m. Revisar estación.
AH_2026_2027,2026-09-12,2026-09-12 18:26:45.322822,Contamana,9053555,2026-09-13,13/09/2026,6.376,6.376,6.376,6.376,6.376,12.071,12.071,12.071,12.071,12.071,6.376,6.376,6.376,6.376,12.071,12.071,12.071,12.071,Sí,-5.695,2026-09-12,12/09/2026,6.6,0,Offset alto: -5.69 m. Revisar estación.
AH_2026_2027,2026-09-12,2026-09-12 18:26:45.322822,Contamana,9053555,2026-09-14,14/09/2026,6.254,6.254,6.254,6.254,6.254,11.949,11.949,11.949,11.949,11.949,6.254,6.254,6.254,6.254,11.949,11.949,11.949,11.949,Sí,-5.695,2026-09-12,12/09/2026,6.6,0,Offset alto: -5.69 m. Revisar estación.
AH_2026_2027,2026-09-12,2026-09-12 18:26:45.322822,Contamana,9053555,2026-09-15,15/09/2026,6.141,6.141,6.141,6.141,6.141,11.836,11.835,11.836,11.836,11.836,6.141,6.141,6.141,6.141,11.836,11.836,11.835,11.836,Sí,-5.695,2026-09-12,12/09/2026,6.6,0,Offset alto: -5.69 m. Revisar estación.
AH_2026_2027,2026-09-12,2026-09-12 18:26:45.322822,Contamana,9053555,2026-09-16,16/09/2026,6.04,6.038,6.042,6.039,6.042,11.735,11.732,11.737,11.734,11.737,6.042,6.042,6.04,6.038,11.737,11.737,11.734,11.732,Sí,-5.695,2026-09-12,12/09/2026,6.6,0,Offset alto: -5.69 m. Revisar estación.
AH_2026_2027,2026-09-12,2026-09-12 18:26:45.322822,Contamana,9053555,2026-09-17,17/09/2026,5.989,5.98,5.992,5.989,5.992,11.684,11.675,11.687,11.684,11.687,5.992,5.992,5.992,5.98,11.687,11.687,11.686,11.675,Sí,-5.695,2026-09-12,12/09/2026,6.6,0,Offset alto: -5.69 m. Revisar estación.
AH_2026_2027,2026-09-12,2026-09-12 18:26:45.322822,Contamana,9053555,2026-09-18,18/09/2026,5.983,5.978,5.985,5.983,5.985,11.678,11.673,11.679,11.678,11.679,5.984,5.985,5.985,5.978,11.679,11.679,11.679,11.673,Sí,-5.695,2026-09-12,12/09/2026,6.6,0,Offset alto: -5.69 m. Revisar estación.
AH_2026_2027,2026-09-12,2026-09-12 18:26:45.322822,ENAPU,9038134,2026-09-12,12/09/2026,3.86,3.855,3.873,3.856,3.86,2.98,2.976,2.994,2.976,2.98,3.856,3.873,3.856,3.855,2.976,2.994,2.976,2.976,Sí,0.88,2026-09-12,12/09/2026,3.86,0,Ajuste aplicado
AH_2026_2027,2026-09-12,2026-09-12 18:26:45.322822,ENAPU,9038134,2026-09-13,13/09/2026,4.362,3.856,4.895,3.92,4.791,3.482,2.977,4.015,3.04,3.912,3.941,4.757,4.895,3.856,3.061,3.877,4.015,2.977,Sí,0.88,2026-09-12,12/09/2026,3.86,0,Ajuste aplicado
AH_2026_2027,2026-09-12,2026-09-12 18:26:45.322822,ENAPU,9038134,2026-09-14,14/09/2026,56.114,5.503,107.373,41.855,70.05,55.234,4.623,106.494,40.975,69.17,5.503,57.608,107.373,53.972,4.623,56.729,106.494,53.092,Sí,0.88,2026-09-12,12/09/2026,3.86,0,Ajuste aplicado
AH_2026_2027,2026-09-12,2026-09-12 18:26:45.322822,ENAPU,9038134,2026-09-15,15/09/2026,108.456,107.782,109.258,108.124,108.723,107.576,106.902,108.378,107.244,107.844,107.782,108.238,109.258,108.545,106.902,107.358,108.378,107.666,Sí,0.88,2026-09-12,12/09/2026,3.86,0,Ajuste aplicado
AH_2026_2027,2026-09-12,2026-09-12 18:26:45.322822,ENAPU,9038134,2026-09-16,16/09/2026,109.213,108.457,110.442,108.637,109.552,108.333,107.578,109.563,107.758,108.672,108.457,108.697,110.442,109.255,107.578,107.818,109.563,108.375,Sí,0.88,2026-09-12,12/09/2026,3.86,0,Ajuste aplicado
AH_2026_2027,2026-09-12,2026-09-12 18:26:45.322822,ENAPU,9038134,2026-09-17,17/09/2026,109.659,108.599,111.012,108.799,110.372,108.779,107.719,110.132,107.919,109.492,108.599,108.865,111.012,110.159,107.719,107.985,110.132,109.279,Sí,0.88,2026-09-12,12/09/2026,3.86,0,Ajuste aplicado
AH_2026_2027,2026-09-12,2026-09-12 18:26:45.322822,ENAPU,9038134,2026-09-18,18/09/2026,109.844,108.484,111.146,108.846,110.871,108.964,107.605,110.266,107.966,109.991,108.484,108.966,111.146,110.779,107.605,108.087,110.266,109.9,Sí,0.88,2026-09-12,12/09/2026,3.86,0,Ajuste aplicado
AH_2026_2027,2026-09-12,2026-09-12 18:26:45.322822,Flor de Punga,9044756,2026-09-12,12/09/2026,11.84,11.84,11.84,11.84,11.84,11.84,11.84,11.84,11.84,11.84,11.84,11.84,11.84,11.84,11.84,11.84,11.84,11.84,No,,2026-05-14,14/05/2026,22.8,121,Observado muy antiguo para ajuste: 121 días
AH_2026_2027,2026-09-12,2026-09-12 18:26:45.322822,Flor de Punga,9044756,2026-09-13,13/09/2026,11.862,11.862,11.862,11.862,11.862,11.862,11.862,11.862,11.862,11.862,11.862,11.862,11.862,11.862,11.862,11.862,11.862,11.862,No,,2026-05-14,14/05/2026,22.8,121,Observado muy antiguo para ajuste: 121 días
AH_2026_2027,2026-09-12,2026-09-12 18:26:45.322822,Flor de Punga,9044756,2026-09-14,14/09/2026,11.898,11.898,11.899,11.898,11.898,11.898,11.898,11.899,11.898,11.898,11.899,11.898,11.898,11.898,11.899,11.898,11.898,11.898,No,,2026-05-14,14/05/2026,22.8,121,Observado muy antiguo para ajuste: 121 días
AH_2026_2027,2026-09-12,2026-09-12 18:26:45.322822,Flor de Punga,9044756,2026-09-15,15/09/2026,11.866,11.865,11.866,11.865,11.866,11.866,11.865,11.866,11.865,11.866,11.866,11.866,11.865,11.865,11.866,11.866,11.865,11.865,No,,2026-05-14,14/05/2026,22.8,121,Observado muy antiguo para ajuste: 121 días
AH_2026_2027,2026-09-12,2026-09-12 18:26:45.322822,Flor de Punga,9044756,2026-09-16,16/09/2026,11.78,11.779,11.781,11.779,11.78,11.78,11.779,11.781,11.779,11.78,11.781,11.779,11.779,11.779,11.781,11.779,11.779,11.779,No,,2026-05-14,14/05/2026,22.8,121,Observado muy antiguo para ajuste: 121 días
AH_2026_2027,2026-09-12,2026-09-12 18:26:45.322822,Flor de Punga,9044756,2026-09-17,17/09/2026,11.391,11.391,11.391,11.391,11.391,11.391,11.391,11.391,11.391,11.391,11.391,11.391,11.391,11.391,11.391,11.391,11.391,11.391,No,,2026-05-14,14/05/2026,22.8,121,Observado muy antiguo para ajuste: 121 días
AH_2026_2027,2026-09-12,2026-09-12 18:26:45.322822,Flor de Punga,9044756,2026-09-18,18/09/2026,11.153,11.151,11.155,11.151,11.154,11.153,11.151,11.155,11.151,11.154,11.154,11.151,11.151,11.155,11.154,11.151,11.151,11.155,No,,2026-05-14,14/05/2026,22.8,121,Observado muy antiguo para ajuste: 121 días
AH_2026_2027,2026-09-12,2026-09-12 18:26:45.322822,Genaro Herrera,9042214,2026-09-12,12/09/2026,6.28,6.28,6.28,6.28,6.28,8.463,8.463,8.463,8.463,8.463,6.28,6.28,6.28,6.28,8.463,8.463,8.463,8.463,Sí,-2.183,2026-09-12,12/09/2026,6.28,0,Offset alto: -2.18 m. Revisar estación.
AH_2026_2027,2026-09-12,2026-09-12 18:26:45.322822,Genaro Herrera,9042214,2026-09-13,13/09/2026,6.287,6.287,6.287,6.287,6.287,8.469,8.469,8.469,8.469,8.469,6.287,6.287,6.287,6.287,8.469,8.469,8.469,8.469,Sí,-2.183,2026-09-12,12/09/2026,6.28,0,Offset alto: -2.18 m. Revisar estación.
AH_2026_2027,2026-09-12,2026-09-12 18:26:45.322822,Genaro Herrera,9042214,2026-09-14,14/09/2026,6.307,6.307,6.307,6.307,6.307,8.49,8.49,8.49,8.49,8.49,6.307,6.307,6.307,6.307,8.49,8.49,8.49,8.49,Sí,-2.183,2026-09-12,12/09/2026,6.28,0,Offset alto: -2.18 m. Revisar estación.
AH_2026_2027,2026-09-12,2026-09-12 18:26:45.322822,Genaro Herrera,9042214,2026-09-15,15/09/2026,6.321,6.321,6.321,6.321,6.321,8.503,8.503,8.503,8.503,8.503,6.321,6.321,6.321,6.321,8.503,8.503,8.503,8.503,Sí,-2.183,2026-09-12,12/09/2026,6.28,0,Offset alto: -2.18 m. Revisar estación.
AH_2026_2027,2026-09-12,2026-09-12 18:26:45.322822,Genaro Herrera,9042214,2026-09-16,16/09/2026,6.322,6.322,6.322,6.322,6.322,8.504,8.504,8.505,8.504,8.504,6.322,6.322,6.322,6.322,8.505,8.504,8.504,8.504,Sí,-2.183,2026-09-12,12/09/2026,6.28,0,Offset alto: -2.18 m. Revisar estación.
AH_2026_2027,2026-09-12,2026-09-12 18:26:45.322822,Genaro Herrera,9042214,2026-09-17,17/09/2026,6.312,6.31,6.318,6.31,6.312,8.494,8.492,8.5,8.492,8.495,6.318,6.31,6.31,6.31,8.5,8.493,8.492,8.492,Sí,-2.183,2026-09-12,12/09/2026,6.28,0,Offset alto: -2.18 m. Revisar estación.
AH_2026_2027,2026-09-12,2026-09-12 18:26:45.322822,Genaro Herrera,9042214,2026-09-18,18/09/2026,6.278,6.277,6.278,6.277,6.278,8.46,8.46,8.461,8.46,8.46,6.278,6.277,6.277,6.277,8.461,8.46,8.46,8.46,Sí,-2.183,2026-09-12,12/09/2026,6.28,0,Offset alto: -2.18 m. Revisar estación.
AH_2026_2027,2026-09-12,2026-09-12 18:26:45.322822,Lagunas,9043597,2026-09-12,12/09/2026,3.95,3.95,3.95,3.95,3.95,4.416,4.416,4.416,4.416,4.416,3.95,3.95,3.95,3.95,4.416,4.416,4.416,4.416,Sí,-0.466,2026-09-12,12/09/2026,3.95,0,Ajuste aplicado
AH_2026_2027,2026-09-12,2026-09-12 18:26:45.322822,Lagunas,9043597,2026-09-13,13/09/2026,3.867,3.867,3.867,3.867,3.867,4.333,4.333,4.333,4.333,4.333,3.867,3.867,3.867,3.867,4.333,4.333,4.333,4.333,Sí,-0.466,2026-09-12,12/09/2026,3.95,0,Ajuste aplicado
AH_2026_2027,2026-09-12,2026-09-12 18:26:45.322822,Lagunas,9043597,2026-09-14,14/09/2026,3.851,3.851,3.851,3.851,3.851,4.317,4.317,4.317,4.317,4.317,3.851,3.851,3.851,3.851,4.317,4.317,4.317,4.317,Sí,-0.466,2026-09-12,12/09/2026,3.95,0,Ajuste aplicado
AH_2026_2027,2026-09-12,2026-09-12 18:26:45.322822,Lagunas,9043597,2026-09-15,15/09/2026,3.85,3.849,3.85,3.85,3.85,4.316,4.316,4.316,4.316,4.316,3.85,3.85,3.85,3.849,4.316,4.316,4.316,4.316,Sí,-0.466,2026-09-12,12/09/2026,3.95,0,Ajuste aplicado
AH_2026_2027,2026-09-12,2026-09-12 18:26:45.322822,Lagunas,9043597,2026-09-16,16/09/2026,3.854,3.854,3.855,3.854,3.854,4.32,4.32,4.321,4.32,4.321,3.855,3.854,3.854,3.854,4.321,4.321,4.32,4.32,Sí,-0.466,2026-09-12,12/09/2026,3.95,0,Ajuste aplicado
AH_2026_2027,2026-09-12,2026-09-12 18:26:45.322822,Lagunas,9043597,2026-09-17,17/09/2026,3.858,3.854,3.864,3.856,3.859,4.324,4.321,4.33,4.323,4.325,3.864,3.857,3.857,3.854,4.33,4.323,4.324,4.321,Sí,-0.466,2026-09-12,12/09/2026,3.95,0,Ajuste aplicado
AH_2026_2027,2026-09-12,2026-09-12 18:26:45.322822,Lagunas,9043597,2026-09-18,18/09/2026,3.903,3.845,3.95,3.885,3.927,4.369,4.311,4.416,4.351,4.393,3.95,3.898,3.92,3.845,4.416,4.364,4.386,4.311,Sí,-0.466,2026-09-12,12/09/2026,3.95,0,Ajuste aplicado
AH_2026_2027,2026-09-12,2026-09-12 18:26:45.322822,Nauta,9040454,2026-09-12,12/09/2026,5.61,5.61,5.61,5.61,5.61,5.218,5.218,5.218,5.218,5.218,5.61,5.61,5.61,5.61,5.218,5.218,5.218,5.218,Sí,0.392,2026-09-12,12/09/2026,5.61,0,Ajuste aplicado
AH_2026_2027,2026-09-12,2026-09-12 18:26:45.322822,Nauta,9040454,2026-09-13,13/09/2026,5.514,5.514,5.515,5.514,5.515,5.123,5.122,5.124,5.123,5.123,5.514,5.514,5.515,5.514,5.123,5.123,5.124,5.122,Sí,0.392,2026-09-12,12/09/2026,5.61,0,Ajuste aplicado
AH_2026_2027,2026-09-12,2026-09-12 18:26:45.322822,Nauta,9040454,2026-09-14,14/09/2026,5.475,5.474,5.475,5.474,5.475,5.083,5.082,5.084,5.083,5.083,5.474,5.475,5.475,5.474,5.083,5.083,5.084,5.082,Sí,0.392,2026-09-12,12/09/2026,5.61,0,Ajuste aplicado
AH_2026_2027,2026-09-12,2026-09-12 18:26:45.322822,Nauta,9040454,2026-09-15,15/09/2026,5.446,5.445,5.447,5.445,5.446,5.054,5.053,5.056,5.053,5.054,5.445,5.445,5.447,5.445,5.054,5.054,5.056,5.053,Sí,0.392,2026-09-12,12/09/2026,5.61,0,Ajuste aplicado
AH_2026_2027,2026-09-12,2026-09-12 18:26:45.322822,Nauta,9040454,2026-09-16,16/09/2026,5.42,5.416,5.431,5.416,5.42,5.028,5.024,5.039,5.024,5.028,5.416,5.416,5.431,5.416,5.025,5.025,5.039,5.024,Sí,0.392,2026-09-12,12/09/2026,5.61,0,Ajuste aplicado
AH_2026_2027,2026-09-12,2026-09-12 18:26:45.322822,Nauta,9040454,2026-09-17,17/09/2026,5.382,5.379,5.389,5.38,5.383,4.99,4.987,4.997,4.988,4.991,5.38,5.38,5.389,5.379,4.989,4.988,4.997,4.987,Sí,0.392,2026-09-12,12/09/2026,5.61,0,Ajuste aplicado
AH_2026_2027,2026-09-12,2026-09-12 18:26:45.322822,Nauta,9040454,2026-09-18,18/09/2026,5.348,5.344,5.353,5.345,5.349,4.956,4.952,4.962,4.953,4.958,5.348,5.345,5.353,5.344,4.956,4.954,4.962,4.952,Sí,0.392,2026-09-12,12/09/2026,5.61,0,Ajuste aplicado
AH_2026_2027,2026-09-12,2026-09-12 18:26:45.322822,Puerto Alegria,9038835,2026-09-12,12/09/2026,9.96,9.96,9.96,9.96,9.96,10.81,10.81,10.81,10.81,10.81,9.96,9.96,9.96,9.96,10.81,10.81,10.81,10.81,Sí,-0.85,2026-09-12,12/09/2026,9.96,0,Ajuste aplicado
AH_2026_2027,2026-09-12,2026-09-12 18:26:45.322822,Puerto Alegria,9038835,2026-09-13,13/09/2026,9.96,9.96,9.96,9.96,9.96,10.81,10.81,10.81,10.81,10.81,9.96,9.96,9.96,9.96,10.81,10.81,10.81,10.81,Sí,-0.85,2026-09-12,12/09/2026,9.96,0,Ajuste aplicado
AH_2026_2027,2026-09-12,2026-09-12 18:26:45.322822,Puerto Alegria,9038835,2026-09-14,14/09/2026,9.959,9.959,9.96,9.959,9.96,10.809,10.809,10.81,10.809,10.81,9.96,9.96,9.959,9.959,10.81,10.81,10.81,10.809,Sí,-0.85,2026-09-12,12/09/2026,9.96,0,Ajuste aplicado
AH_2026_2027,2026-09-12,2026-09-12 18:26:45.322822,Puerto Alegria,9038835,2026-09-15,15/09/2026,9.958,9.958,9.959,9.958,9.959,10.809,10.808,10.809,10.808,10.809,9.958,9.959,9.958,9.958,10.808,10.809,10.808,10.808,Sí,-0.85,2026-09-12,12/09/2026,9.96,0,Ajuste aplicado
AH_2026_2027,2026-09-12,2026-09-12 18:26:45.322822,Puerto Alegria,9038835,2026-09-16,16/09/2026,9.958,9.958,9.96,9.958,9.958,10.808,10.808,10.81,10.808,10.808,9.958,9.958,9.958,9.96,10.808,10.808,10.808,10.81,Sí,-0.85,2026-09-12,12/09/2026,9.96,0,Ajuste aplicado
AH_2026_2027,2026-09-12,2026-09-12 18:26:45.322822,Puerto Alegria,9038835,2026-09-17,17/09/2026,9.959,9.957,9.964,9.957,9.959,10.809,10.807,10.814,10.807,10.809,9.957,9.957,9.957,9.964,10.807,10.807,10.807,10.814,Sí,-0.85,2026-09-12,12/09/2026,9.96,0,Ajuste aplicado
AH_2026_2027,2026-09-12,2026-09-12 18:26:45.322822,Puerto Alegria,9038835,2026-09-18,18/09/2026,9.96,9.954,9.974,9.955,9.96,10.81,10.804,10.824,10.805,10.81,9.954,9.955,9.955,9.974,10.804,10.806,10.805,10.824,Sí,-0.85,2026-09-12,12/09/2026,9.96,0,Ajuste aplicado
AH_2026_2027,2026-09-12,2026-09-12 18:26:45.322822,Puerto Almendra,9037610,2026-09-12,12/09/2026,2.3,2.3,2.3,2.3,2.3,2.718,2.718,2.718,2.718,2.718,2.3,2.3,2.3,2.3,2.718,2.718,2.718,2.718,Sí,-0.418,2026-09-12,12/09/2026,2.3,0,Ajuste aplicado
AH_2026_2027,2026-09-12,2026-09-12 18:26:45.322822,Puerto Almendra,9037610,2026-09-13,13/09/2026,2.295,2.294,2.299,2.294,2.295,2.713,2.712,2.717,2.712,2.713,2.294,2.299,2.294,2.294,2.712,2.717,2.712,2.712,Sí,-0.418,2026-09-12,12/09/2026,2.3,0,Ajuste aplicado
AH_2026_2027,2026-09-12,2026-09-12 18:26:45.322822,Puerto Almendra,9037610,2026-09-14,14/09/2026,2.278,2.246,2.303,2.264,2.296,2.696,2.664,2.721,2.682,2.714,2.294,2.303,2.27,2.246,2.712,2.721,2.688,2.664,Sí,-0.418,2026-09-12,12/09/2026,2.3,0,Ajuste aplicado
AH_2026_2027,2026-09-12,2026-09-12 18:26:45.322822,Puerto Almendra,9037610,2026-09-15,15/09/2026,2.269,2.072,2.388,2.207,2.371,2.687,2.49,2.806,2.625,2.789,2.365,2.388,2.253,2.072,2.783,2.806,2.67,2.49,Sí,-0.418,2026-09-12,12/09/2026,2.3,0,Ajuste aplicado
AH_2026_2027,2026-09-12,2026-09-12 18:26:45.322822,Puerto Almendra,9037610,2026-09-16,16/09/2026,2.342,2.011,2.521,2.242,2.519,2.76,2.429,2.939,2.66,2.937,2.519,2.521,2.319,2.011,2.937,2.939,2.737,2.429,Sí,-0.418,2026-09-12,12/09/2026,2.3,0,Ajuste aplicado
AH_2026_2027,2026-09-12,2026-09-12 18:26:45.322822,Puerto Almendra,9037610,2026-09-17,17/09/2026,2.718,2.406,2.929,2.65,2.835,3.136,2.824,3.347,3.068,3.253,2.929,2.804,2.732,2.406,3.347,3.222,3.15,2.824,Sí,-0.418,2026-09-12,12/09/2026,2.3,0,Ajuste aplicado
AH_2026_2027,2026-09-12,2026-09-12 18:26:45.322822,Puerto Almendra,9037610,2026-09-18,18/09/2026,3.122,2.983,3.266,3.044,3.196,3.54,3.401,3.684,3.462,3.614,3.266,3.064,3.173,2.983,3.684,3.482,3.591,3.401,Sí,-0.418,2026-09-12,12/09/2026,2.3,0,Ajuste aplicado
AH_2026_2027,2026-09-12,2026-09-12 18:26:45.322822,Requena,9043425,2026-09-12,12/09/2026,4.77,4.77,4.77,4.77,4.77,5.333,5.333,5.333,5.333,5.333,4.77,4.77,4.77,4.77,5.333,5.333,5.333,5.333,Sí,-0.563,2026-09-12,12/09/2026,4.77,0,Ajuste aplicado
AH_2026_2027,2026-09-12,2026-09-12 18:26:45.322822,Requena,9043425,2026-09-13,13/09/2026,4.728,4.728,4.728,4.728,4.728,5.291,5.291,5.291,5.291,5.291,4.728,4.728,4.728,4.728,5.291,5.291,5.291,5.291,Sí,-0.563,2026-09-12,12/09/2026,4.77,0,Ajuste aplicado
AH_2026_2027,2026-09-12,2026-09-12 18:26:45.322822,Requena,9043425,2026-09-14,14/09/2026,4.718,4.718,4.718,4.718,4.718,5.281,5.281,5.281,5.281,5.281,4.718,4.718,4.718,4.718,5.281,5.281,5.281,5.281,Sí,-0.563,2026-09-12,12/09/2026,4.77,0,Ajuste aplicado
AH_2026_2027,2026-09-12,2026-09-12 18:26:45.322822,Requena,9043425,2026-09-15,15/09/2026,4.697,4.697,4.697,4.697,4.697,5.26,5.26,5.261,5.26,5.261,4.697,4.697,4.697,4.697,5.261,5.26,5.261,5.26,Sí,-0.563,2026-09-12,12/09/2026,4.77,0,Ajuste aplicado
AH_2026_2027,2026-09-12,2026-09-12 18:26:45.322822,Requena,9043425,2026-09-16,16/09/2026,4.681,4.676,4.696,4.676,4.681,5.244,5.239,5.259,5.239,5.244,4.696,4.676,4.676,4.676,5.259,5.239,5.239,5.239,Sí,-0.563,2026-09-12,12/09/2026,4.77,0,Ajuste aplicado
AH_2026_2027,2026-09-12,2026-09-12 18:26:45.322822,Requena,9043425,2026-09-17,17/09/2026,4.68,4.669,4.705,4.67,4.682,5.243,5.233,5.268,5.233,5.246,4.705,4.675,4.67,4.669,5.268,5.238,5.233,5.233,Sí,-0.563,2026-09-12,12/09/2026,4.77,0,Ajuste aplicado
AH_2026_2027,2026-09-12,2026-09-12 18:26:45.322822,Requena,9043425,2026-09-18,18/09/2026,4.672,4.655,4.706,4.657,4.679,5.235,5.218,5.269,5.22,5.242,4.706,4.67,4.657,4.655,5.269,5.233,5.221,5.218,Sí,-0.563,2026-09-12,12/09/2026,4.77,0,Ajuste aplicado
AH_2026_2027,2026-09-12,2026-09-12 18:26:45.322822,San Lorenzo,9042153,2026-09-12,12/09/2026,9.794,9.794,9.794,9.794,9.794,9.794,9.794,9.794,9.794,9.794,9.794,9.794,9.794,9.794,9.794,9.794,9.794,9.794,No,,2025-09-30,30/09/2025,7.19,347,Observado muy antiguo para ajuste: 347 días
AH_2026_2027,2026-09-12,2026-09-12 18:26:45.322822,San Lorenzo,9042153,2026-09-13,13/09/2026,9.745,9.745,9.745,9.745,9.745,9.745,9.745,9.745,9.745,9.745,9.745,9.745,9.745,9.745,9.745,9.745,9.745,9.745,No,,2025-09-30,30/09/2025,7.19,347,Observado muy antiguo para ajuste: 347 días
AH_2026_2027,2026-09-12,2026-09-12 18:26:45.322822,San Lorenzo,9042153,2026-09-14,14/09/2026,9.702,9.702,9.702,9.702,9.702,9.702,9.702,9.702,9.702,9.702,9.702,9.702,9.702,9.702,9.702,9.702,9.702,9.702,No,,2025-09-30,30/09/2025,7.19,347,Observado muy antiguo para ajuste: 347 días
AH_2026_2027,2026-09-12,2026-09-12 18:26:45.322822,San Lorenzo,9042153,2026-09-15,15/09/2026,9.65,9.648,9.652,9.649,9.652,9.65,9.648,9.652,9.649,9.652,9.652,9.652,9.649,9.648,9.652,9.652,9.649,9.648,No,,2025-09-30,30/09/2025,7.19,347,Observado muy antiguo para ajuste: 347 días
AH_2026_2027,2026-09-12,2026-09-12 18:26:45.322822,San Lorenzo,9042153,2026-09-16,16/09/2026,9.629,9.611,9.643,9.618,9.642,9.629,9.611,9.643,9.618,9.642,9.643,9.642,9.621,9.611,9.643,9.642,9.621,9.611,No,,2025-09-30,30/09/2025,7.19,347,Observado muy antiguo para ajuste: 347 días
AH_2026_2027,2026-09-12,2026-09-12 18:26:45.322822,San Lorenzo,9042153,2026-09-17,17/09/2026,9.635,9.561,9.703,9.597,9.675,9.635,9.561,9.703,9.597,9.675,9.703,9.665,9.61,9.561,9.703,9.665,9.61,9.561,No,,2025-09-30,30/09/2025,7.19,347,Observado muy antiguo para ajuste: 347 días
AH_2026_2027,2026-09-12,2026-09-12 18:26:45.322822,San Lorenzo,9042153,2026-09-18,18/09/2026,9.749,9.534,9.984,9.597,9.892,9.749,9.534,9.984,9.597,9.892,9.984,9.861,9.618,9.534,9.984,9.861,9.618,9.534,No,,2025-09-30,30/09/2025,7.19,347,Observado muy antiguo para ajuste: 347 días
AH_2026_2027,2026-09-12,2026-09-12 18:26:45.322822,San Regis,9040439,2026-09-12,12/09/2026,4.79,4.79,4.79,4.79,4.79,5.362,5.362,5.362,5.362,5.362,4.79,4.79,4.79,4.79,5.362,5.362,5.362,5.362,Sí,-0.572,2026-09-12,12/09/2026,4.79,0,Ajuste aplicado
AH_2026_2027,2026-09-12,2026-09-12 18:26:45.322822,San Regis,9040439,2026-09-13,13/09/2026,4.757,4.757,4.757,4.757,4.757,5.329,5.329,5.329,5.329,5.329,4.757,4.757,4.757,4.757,5.329,5.329,5.329,5.329,Sí,-0.572,2026-09-12,12/09/2026,4.79,0,Ajuste aplicado
AH_2026_2027,2026-09-12,2026-09-12 18:26:45.322822,San Regis,9040439,2026-09-14,14/09/2026,4.738,4.738,4.738,4.738,4.738,5.31,5.31,5.31,5.31,5.31,4.738,4.738,4.738,4.738,5.31,5.31,5.31,5.31,Sí,-0.572,2026-09-12,12/09/2026,4.79,0,Ajuste aplicado
AH_2026_2027,2026-09-12,2026-09-12 18:26:45.322822,San Regis,9040439,2026-09-15,15/09/2026,4.737,4.737,4.737,4.737,4.737,5.309,5.308,5.309,5.308,5.309,4.737,4.737,4.737,4.737,5.309,5.309,5.308,5.308,Sí,-0.572,2026-09-12,12/09/2026,4.79,0,Ajuste aplicado
AH_2026_2027,2026-09-12,2026-09-12 18:26:45.322822,San Regis,9040439,2026-09-16,16/09/2026,4.724,4.724,4.724,4.724,4.724,5.295,5.295,5.295,5.295,5.295,4.724,4.724,4.724,4.724,5.295,5.295,5.295,5.295,Sí,-0.572,2026-09-12,12/09/2026,4.79,0,Ajuste aplicado
AH_2026_2027,2026-09-12,2026-09-12 18:26:45.322822,San Regis,9040439,2026-09-17,17/09/2026,4.697,4.697,4.697,4.697,4.697,5.269,5.269,5.269,5.269,5.269,4.697,4.697,4.697,4.697,5.269,5.269,5.269,5.269,Sí,-0.572,2026-09-12,12/09/2026,4.79,0,Ajuste aplicado
AH_2026_2027,2026-09-12,2026-09-12 18:26:45.322822,San Regis,9040439,2026-09-18,18/09/2026,4.678,4.678,4.678,4.678,4.678,5.25,5.25,5.25,5.25,5.25,4.678,4.678,4.678,4.678,5.25,5.25,5.25,5.25,Sí,-0.572,2026-09-12,12/09/2026,4.79,0,Ajuste aplicado
AH_2026_2027,2026-09-12,2026-09-12 18:26:45.322822,Santa Clotilde,9032282,2026-09-12,12/09/2026,7.27,7.27,7.27,7.27,7.27,6.712,6.712,6.712,6.712,6.712,7.27,7.27,7.27,7.27,6.712,6.712,6.712,6.712,Sí,0.558,2026-09-11,11/09/2026,7.27,1,Ajuste aplicado
AH_2026_2027,2026-09-12,2026-09-12 18:26:45.322822,Santa Clotilde,9032282,2026-09-13,13/09/2026,7.263,7.263,7.263,7.263,7.263,6.705,6.705,6.705,6.705,6.705,7.263,7.263,7.263,7.263,6.705,6.705,6.705,6.705,Sí,0.558,2026-09-11,11/09/2026,7.27,1,Ajuste aplicado
AH_2026_2027,2026-09-12,2026-09-12 18:26:45.322822,Santa Clotilde,9032282,2026-09-14,14/09/2026,7.261,7.26,7.261,7.261,7.261,6.703,6.702,6.703,6.703,6.703,7.261,7.261,7.261,7.26,6.703,6.703,6.703,6.702,Sí,0.558,2026-09-11,11/09/2026,7.27,1,Ajuste aplicado
AH_2026_2027,2026-09-12,2026-09-12 18:26:45.322822,Santa Clotilde,9032282,2026-09-15,15/09/2026,7.242,7.24,7.243,7.242,7.243,6.684,6.682,6.685,6.684,6.685,7.243,7.243,7.243,7.24,6.685,6.685,6.685,6.682,Sí,0.558,2026-09-11,11/09/2026,7.27,1,Ajuste aplicado
AH_2026_2027,2026-09-12,2026-09-12 18:26:45.322822,Santa Clotilde,9032282,2026-09-16,16/09/2026,7.201,7.198,7.203,7.2,7.202,6.643,6.64,6.645,6.642,6.644,7.203,7.202,7.2,7.198,6.645,6.644,6.642,6.64,Sí,0.558,2026-09-11,11/09/2026,7.27,1,Ajuste aplicado
AH_2026_2027,2026-09-12,2026-09-12 18:26:45.322822,Santa Clotilde,9032282,2026-09-17,17/09/2026,7.132,7.122,7.143,7.125,7.139,6.574,6.564,6.585,6.567,6.581,7.143,7.138,7.125,7.122,6.585,6.58,6.567,6.564,Sí,0.558,2026-09-11,11/09/2026,7.27,1,Ajuste aplicado
AH_2026_2027,2026-09-12,2026-09-12 18:26:45.322822,Santa Clotilde,9032282,2026-09-18,18/09/2026,7.048,7.046,7.051,7.046,7.05,6.49,6.488,6.493,6.488,6.492,7.051,7.05,7.047,7.046,6.493,6.492,6.488,6.488,Sí,0.558,2026-09-11,11/09/2026,7.27,1,Ajuste aplicado
AH_2026_2027,2026-09-12,2026-09-12 18:26:45.322822,Santa María de Nanay,9037738,2026-09-12,12/09/2026,3.9,3.885,3.92,3.888,3.909,3.922,3.907,3.942,3.91,3.931,3.905,3.92,3.889,3.885,3.927,3.942,3.911,3.907,Sí,-0.022,2026-09-12,12/09/2026,3.9,0,Ajuste aplicado
AH_2026_2027,2026-09-12,2026-09-12 18:26:45.322822,Santa María de Nanay,9037738,2026-09-13,13/09/2026,3.836,3.55,4.016,3.748,3.976,3.858,3.572,4.038,3.771,3.998,3.962,4.016,3.815,3.55,3.984,4.038,3.837,3.572,Sí,-0.022,2026-09-12,12/09/2026,3.9,0,Ajuste aplicado
AH_2026_2027,2026-09-12,2026-09-12 18:26:45.322822,Santa María de Nanay,9037738,2026-09-14,14/09/2026,3.89,3.268,4.157,3.809,4.149,3.912,3.29,4.179,3.831,4.171,4.146,4.157,3.989,3.268,4.168,4.179,4.011,3.29,Sí,-0.022,2026-09-12,12/09/2026,3.9,0,Ajuste aplicado
AH_2026_2027,2026-09-12,2026-09-12 18:26:45.322822,Santa María de Nanay,9037738,2026-09-15,15/09/2026,3.982,3.043,4.374,3.925,4.313,4.004,3.065,4.396,3.947,4.335,4.293,4.374,4.219,3.043,4.315,4.396,4.241,3.065,Sí,-0.022,2026-09-12,12/09/2026,3.9,0,Ajuste aplicado
AH_2026_2027,2026-09-12,2026-09-12 18:26:45.322822,Santa María de Nanay,9037738,2026-09-16,16/09/2026,4.433,3.434,4.986,4.337,4.753,4.455,3.456,5.008,4.359,4.775,4.675,4.638,4.986,3.434,4.697,4.66,5.008,3.456,Sí,-0.022,2026-09-12,12/09/2026,3.9,0,Ajuste aplicado
AH_2026_2027,2026-09-12,2026-09-12 18:26:45.322822,Santa María de Nanay,9037738,2026-09-17,17/09/2026,5.048,4.509,5.83,4.798,5.177,5.07,4.531,5.852,4.82,5.199,4.96,4.895,5.83,4.509,4.982,4.917,5.852,4.531,Sí,-0.022,2026-09-12,12/09/2026,3.9,0,Ajuste aplicado
AH_2026_2027,2026-09-12,2026-09-12 18:26:45.322822,Santa María de Nanay,9037738,2026-09-18,18/09/2026,5.185,4.998,5.61,5.009,5.242,5.207,5.02,5.632,5.031,5.264,5.12,4.998,5.61,5.013,5.142,5.02,5.632,5.035,Sí,-0.022,2026-09-12,12/09/2026,3.9,0,Ajuste aplicado
AH_2026_2027,2026-09-12,2026-09-12 18:26:45.322822,Santa Rosa,9039635,2026-09-12,12/09/2026,3.21,3.21,3.21,3.21,3.21,3.362,3.362,3.362,3.362,3.362,3.21,3.21,3.21,3.21,3.362,3.362,3.362,3.362,Sí,-0.152,2026-09-11,11/09/2026,3.21,1,Ajuste aplicado
AH_2026_2027,2026-09-12,2026-09-12 18:26:45.322822,Santa Rosa,9039635,2026-09-13,13/09/2026,3.193,3.191,3.194,3.193,3.194,3.345,3.343,3.346,3.345,3.346,3.194,3.194,3.194,3.191,3.346,3.346,3.346,3.343,Sí,-0.152,2026-09-11,11/09/2026,3.21,1,Ajuste aplicado
AH_2026_2027,2026-09-12,2026-09-12 18:26:45.322822,Santa Rosa,9039635,2026-09-14,14/09/2026,3.181,3.159,3.188,3.181,3.188,3.333,3.311,3.34,3.333,3.34,3.188,3.188,3.188,3.159,3.34,3.34,3.34,3.311,Sí,-0.152,2026-09-11,11/09/2026,3.21,1,Ajuste aplicado
AH_2026_2027,2026-09-12,2026-09-12 18:26:45.322822,Santa Rosa,9039635,2026-09-15,15/09/2026,3.148,3.143,3.159,3.143,3.149,3.3,3.295,3.311,3.295,3.301,3.146,3.159,3.143,3.143,3.298,3.311,3.295,3.295,Sí,-0.152,2026-09-11,11/09/2026,3.21,1,Ajuste aplicado
AH_2026_2027,2026-09-12,2026-09-12 18:26:45.322822,Santa Rosa,9039635,2026-09-16,16/09/2026,3.141,3.136,3.143,3.14,3.143,3.293,3.288,3.295,3.292,3.295,3.141,3.142,3.136,3.143,3.293,3.294,3.288,3.295,Sí,-0.152,2026-09-11,11/09/2026,3.21,1,Ajuste aplicado
AH_2026_2027,2026-09-12,2026-09-12 18:26:45.322822,Santa Rosa,9039635,2026-09-17,17/09/2026,3.154,3.128,3.228,3.128,3.157,3.306,3.28,3.38,3.28,3.309,3.128,3.134,3.128,3.228,3.28,3.286,3.28,3.38,Sí,-0.152,2026-09-11,11/09/2026,3.21,1,Ajuste aplicado
AH_2026_2027,2026-09-12,2026-09-12 18:26:45.322822,Santa Rosa,9039635,2026-09-18,18/09/2026,3.152,3.099,3.296,3.1,3.159,3.304,3.251,3.448,3.252,3.311,3.099,3.114,3.101,3.296,3.251,3.266,3.253,3.448,Sí,-0.152,2026-09-11,11/09/2026,3.21,1,Ajuste aplicado
AH_2026_2027,2026-09-12,2026-09-12 18:26:45.322822,Tamshiyacu,9038269,2026-09-12,12/09/2026,1.89,1.89,1.89,1.89,1.89,2.331,2.331,2.331,2.331,2.331,1.89,1.89,1.89,1.89,2.331,2.331,2.331,2.331,Sí,-0.441,2026-09-12,12/09/2026,1.89,0,Ajuste aplicado
AH_2026_2027,2026-09-12,2026-09-12 18:26:45.322822,Tamshiyacu,9038269,2026-09-13,13/09/2026,1.836,1.836,1.836,1.836,1.836,2.277,2.277,2.277,2.277,2.277,1.836,1.836,1.836,1.836,2.277,2.277,2.277,2.277,Sí,-0.441,2026-09-12,12/09/2026,1.89,0,Ajuste aplicado
AH_2026_2027,2026-09-12,2026-09-12 18:26:45.322822,Tamshiyacu,9038269,2026-09-14,14/09/2026,1.798,1.798,1.798,1.798,1.798,2.24,2.24,2.24,2.24,2.24,1.798,1.798,1.798,1.798,2.24,2.24,2.24,2.24,Sí,-0.441,2026-09-12,12/09/2026,1.89,0,Ajuste aplicado
AH_2026_2027,2026-09-12,2026-09-12 18:26:45.322822,Tamshiyacu,9038269,2026-09-15,15/09/2026,1.779,1.779,1.78,1.779,1.779,2.221,2.221,2.221,2.221,2.221,1.779,1.779,1.78,1.779,2.221,2.221,2.221,2.221,Sí,-0.441,2026-09-12,12/09/2026,1.89,0,Ajuste aplicado
AH_2026_2027,2026-09-12,2026-09-12 18:26:45.322822,Tamshiyacu,9038269,2026-09-16,16/09/2026,1.777,1.777,1.779,1.777,1.777,2.219,2.218,2.22,2.218,2.219,1.777,1.777,1.779,1.777,2.218,2.218,2.22,2.218,Sí,-0.441,2026-09-12,12/09/2026,1.89,0,Ajuste aplicado
AH_2026_2027,2026-09-12,2026-09-12 18:26:45.322822,Tamshiyacu,9038269,2026-09-17,17/09/2026,1.776,1.775,1.779,1.775,1.776,2.217,2.216,2.22,2.216,2.217,1.776,1.775,1.779,1.775,2.217,2.216,2.22,2.216,Sí,-0.441,2026-09-12,12/09/2026,1.89,0,Ajuste aplicado
AH_2026_2027,2026-09-12,2026-09-12 18:26:45.322822,Tamshiyacu,9038269,2026-09-18,18/09/2026,1.77,1.769,1.775,1.769,1.77,2.211,2.21,2.216,2.21,2.211,1.769,1.769,1.775,1.769,2.21,2.21,2.216,2.21,Sí,-0.441,2026-09-12,12/09/2026,1.89,0,Ajuste aplicado
AH_2026_2027,2026-09-12,2026-09-12 18:26:45.322822,Timicurillo,9036459,2026-09-12,12/09/2026,5.726,5.726,5.726,5.726,5.726,5.726,5.726,5.726,5.726,5.726,5.726,5.726,5.726,5.726,5.726,5.726,5.726,5.726,No,,2026-09-01,01/09/2026,7.83,11,Observado muy antiguo para ajuste: 11 días
AH_2026_2027,2026-09-12,2026-09-12 18:26:45.322822,Timicurillo,9036459,2026-09-13,13/09/2026,5.477,5.476,5.477,5.476,5.477,5.477,5.476,5.477,5.476,5.477,5.476,5.477,5.477,5.476,5.476,5.477,5.477,5.476,No,,2026-09-01,01/09/2026,7.83,11,Observado muy antiguo para ajuste: 11 días
AH_2026_2027,2026-09-12,2026-09-12 18:26:45.322822,Timicurillo,9036459,2026-09-14,14/09/2026,5.152,5.147,5.157,5.15,5.153,5.152,5.147,5.157,5.15,5.153,5.152,5.157,5.152,5.147,5.152,5.157,5.152,5.147,No,,2026-09-01,01/09/2026,7.83,11,Observado muy antiguo para ajuste: 11 días
AH_2026_2027,2026-09-12,2026-09-12 18:26:45.322822,Timicurillo,9036459,2026-09-15,15/09/2026,4.98,4.976,4.983,4.979,4.982,4.98,4.976,4.983,4.979,4.982,4.982,4.983,4.98,4.976,4.982,4.983,4.98,4.976,No,,2026-09-01,01/09/2026,7.83,11,Observado muy antiguo para ajuste: 11 días
AH_2026_2027,2026-09-12,2026-09-12 18:26:45.322822,Timicurillo,9036459,2026-09-16,16/09/2026,4.939,4.892,4.961,4.93,4.961,4.939,4.892,4.961,4.93,4.961,4.961,4.961,4.942,4.892,4.961,4.961,4.942,4.892,No,,2026-09-01,01/09/2026,7.83,11,Observado muy antiguo para ajuste: 11 días
AH_2026_2027,2026-09-12,2026-09-12 18:26:45.322822,Timicurillo,9036459,2026-09-17,17/09/2026,4.952,4.871,4.98,4.951,4.979,4.952,4.871,4.98,4.951,4.979,4.98,4.978,4.977,4.871,4.98,4.978,4.977,4.871,No,,2026-09-01,01/09/2026,7.83,11,Observado muy antiguo para ajuste: 11 días
AH_2026_2027,2026-09-12,2026-09-12 18:26:45.322822,Timicurillo,9036459,2026-09-18,18/09/2026,5.075,4.96,5.179,5.008,5.148,5.075,4.96,5.179,5.008,5.148,5.138,5.025,5.179,4.96,5.138,5.025,5.179,4.96,No,,2026-09-01,01/09/2026,7.83,11,Observado muy antiguo para ajuste: 11 días
AH_2026_2027,2026-09-12,2026-09-12 18:26:45.322822,Yurimaguas,9046779,2026-09-12,12/09/2026,127.34,127.34,127.34,127.34,127.34,128.036,128.036,128.036,128.036,128.036,127.34,127.34,127.34,127.34,128.036,128.036,128.036,128.036,Sí,-0.696,2026-09-11,11/09/2026,127.34,1,Ajuste aplicado
AH_2026_2027,2026-09-12,2026-09-12 18:26:45.322822,Yurimaguas,9046779,2026-09-13,13/09/2026,127.348,127.348,127.348,127.348,127.348,128.044,128.044,128.044,128.044,128.044,127.348,127.348,127.348,127.348,128.044,128.044,128.044,128.044,Sí,-0.696,2026-09-11,11/09/2026,127.34,1,Ajuste aplicado
AH_2026_2027,2026-09-12,2026-09-12 18:26:45.322822,Yurimaguas,9046779,2026-09-14,14/09/2026,127.377,127.377,127.377,127.377,127.377,128.072,128.072,128.072,128.072,128.072,127.377,127.377,127.377,127.377,128.072,128.072,128.072,128.072,Sí,-0.696,2026-09-11,11/09/2026,127.34,1,Ajuste aplicado
AH_2026_2027,2026-09-12,2026-09-12 18:26:45.322822,Yurimaguas,9046779,2026-09-15,15/09/2026,127.38,127.377,127.384,127.379,127.381,128.076,128.073,128.079,128.075,128.077,127.384,127.38,127.38,127.377,128.079,128.075,128.076,128.073,Sí,-0.696,2026-09-11,11/09/2026,127.34,1,Ajuste aplicado
AH_2026_2027,2026-09-12,2026-09-12 18:26:45.322822,Yurimaguas,9046779,2026-09-16,16/09/2026,127.398,127.35,127.446,127.385,127.412,128.094,128.045,128.142,128.081,128.108,127.446,127.397,127.401,127.35,128.142,128.093,128.097,128.045,Sí,-0.696,2026-09-11,11/09/2026,127.34,1,Ajuste aplicado
AH_2026_2027,2026-09-12,2026-09-12 18:26:45.322822,Yurimaguas,9046779,2026-09-17,17/09/2026,127.508,127.34,127.691,127.459,127.551,128.204,128.036,128.386,128.154,128.246,127.691,127.498,127.504,127.34,128.386,128.194,128.2,128.036,Sí,-0.696,2026-09-11,11/09/2026,127.34,1,Ajuste aplicado
AH_2026_2027,2026-09-12,2026-09-12 18:26:45.322822,Yurimaguas,9046779,2026-09-18,18/09/2026,127.799,127.41,128.095,127.702,127.942,128.494,128.106,128.791,128.397,128.638,128.095,127.799,127.891,127.41,128.791,128.495,128.587,128.106,Sí,-0.696,2026-09-11,11/09/2026,127.34,1,Ajuste aplicado
AH_2026_2027,2026-09-13,2026-09-14 14:01:01.930283,Angamos,9043370,2026-09-13,13/09/2026,0.732,0.732,0.734,0.732,0.733,7.426,7.425,7.428,7.425,7.426,0.732,0.732,0.732,0.734,7.425,7.425,7.425,7.428,Sí,-6.693,2026-09-13,13/09/2026,0.732,0,Offset alto: -6.69 m. Revisar estación.
AH_2026_2027,2026-09-13,2026-09-14 14:01:01.930283,Angamos,9043370,2026-09-14,14/09/2026,0.732,0.731,0.732,0.732,0.732,7.425,7.424,7.426,7.425,7.425,0.732,0.732,0.731,0.732,7.426,7.425,7.424,7.425,Sí,-6.693,2026-09-13,13/09/2026,0.732,0,Offset alto: -6.69 m. Revisar estación.
AH_2026_2027,2026-09-13,2026-09-14 14:01:01.930283,Angamos,9043370,2026-09-15,15/09/2026,0.733,0.715,0.747,0.727,0.741,7.426,7.409,7.44,7.42,7.434,0.747,0.739,0.715,0.731,7.44,7.432,7.409,7.424,Sí,-6.693,2026-09-13,13/09/2026,0.732,0,Offset alto: -6.69 m. Revisar estación.
AH_2026_2027,2026-09-13,2026-09-14 14:01:01.930283,Angamos,9043370,2026-09-16,16/09/2026,0.748,0.712,0.795,0.714,0.777,7.441,7.405,7.489,7.407,7.47,0.795,0.771,0.712,0.714,7.489,7.464,7.405,7.408,Sí,-6.693,2026-09-13,13/09/2026,0.732,0,Offset alto: -6.69 m. Revisar estación.
AH_2026_2027,2026-09-13,2026-09-14 14:01:01.930283,Angamos,9043370,2026-09-17,17/09/2026,0.768,0.709,0.858,0.71,0.81,7.461,7.403,7.551,7.403,7.503,0.858,0.794,0.71,0.709,7.551,7.487,7.403,7.403,Sí,-6.693,2026-09-13,13/09/2026,0.732,0,Offset alto: -6.69 m. Revisar estación.
AH_2026_2027,2026-09-13,2026-09-14 14:01:01.930283,Angamos,9043370,2026-09-18,18/09/2026,0.775,0.699,0.901,0.703,0.822,7.469,7.392,7.595,7.397,7.515,0.901,0.795,0.705,0.699,7.595,7.489,7.398,7.392,Sí,-6.693,2026-09-13,13/09/2026,0.732,0,Offset alto: -6.69 m. Revisar estación.
AH_2026_2027,2026-09-13,2026-09-14 14:01:01.930283,Angamos,9043370,2026-09-19,19/09/2026,0.774,0.696,0.901,0.703,0.822,7.468,7.389,7.594,7.397,7.515,0.901,0.795,0.696,0.706,7.594,7.489,7.389,7.399,Sí,-6.693,2026-09-13,13/09/2026,0.732,0,Offset alto: -6.69 m. Revisar estación.
AH_2026_2027,2026-09-13,2026-09-14 14:01:01.930283,Bellavista,9036028,2026-09-13,13/09/2026,4.58,4.575,4.595,4.575,4.58,5.035,5.03,5.05,5.03,5.035,4.575,4.575,4.575,4.595,5.03,5.03,5.03,5.05,Sí,-0.455,2026-09-13,13/09/2026,4.58,0,Ajuste aplicado
AH_2026_2027,2026-09-13,2026-09-14 14:01:01.930283,Bellavista,9036028,2026-09-14,14/09/2026,4.574,4.573,4.575,4.574,4.574,5.029,5.028,5.03,5.029,5.029,4.574,4.574,4.573,4.575,5.029,5.029,5.028,5.03,Sí,-0.455,2026-09-13,13/09/2026,4.58,0,Ajuste aplicado
AH_2026_2027,2026-09-13,2026-09-14 14:01:01.930283,Bellavista,9036028,2026-09-15,15/09/2026,4.564,4.558,4.574,4.558,4.569,5.019,5.013,5.029,5.013,5.024,4.574,4.559,4.558,4.567,5.029,5.014,5.013,5.022,Sí,-0.455,2026-09-13,13/09/2026,4.58,0,Ajuste aplicado
AH_2026_2027,2026-09-13,2026-09-14 14:01:01.930283,Bellavista,9036028,2026-09-16,16/09/2026,4.558,4.555,4.564,4.555,4.558,5.013,5.01,5.019,5.01,5.013,4.564,4.556,4.555,4.557,5.019,5.011,5.01,5.012,Sí,-0.455,2026-09-13,13/09/2026,4.58,0,Ajuste aplicado
AH_2026_2027,2026-09-13,2026-09-14 14:01:01.930283,Bellavista,9036028,2026-09-17,17/09/2026,4.555,4.555,4.555,4.555,4.555,5.01,5.01,5.01,5.01,5.01,4.555,4.555,4.555,4.555,5.01,5.01,5.01,5.01,Sí,-0.455,2026-09-13,13/09/2026,4.58,0,Ajuste aplicado
AH_2026_2027,2026-09-13,2026-09-14 14:01:01.930283,Bellavista,9036028,2026-09-18,18/09/2026,4.549,4.542,4.555,4.543,4.555,5.004,4.997,5.01,4.998,5.01,4.555,4.543,4.542,4.555,5.01,4.998,4.997,5.01,Sí,-0.455,2026-09-13,13/09/2026,4.58,0,Ajuste aplicado
AH_2026_2027,2026-09-13,2026-09-14 14:01:01.930283,Bellavista,9036028,2026-09-19,19/09/2026,4.532,4.521,4.542,4.526,4.537,4.987,4.976,4.997,4.981,4.992,4.536,4.528,4.521,4.542,4.991,4.983,4.976,4.997,Sí,-0.455,2026-09-13,13/09/2026,4.58,0,Ajuste aplicado
AH_2026_2027,2026-09-13,2026-09-14 14:01:01.930283,Borja,9040208,2026-09-13,13/09/2026,3.617,3.597,3.678,3.597,3.618,4.349,4.329,4.409,4.329,4.349,3.598,3.598,3.597,3.678,4.329,4.329,4.329,4.409,Sí,-0.731,2026-09-13,13/09/2026,3.617,0,Ajuste aplicado
AH_2026_2027,2026-09-13,2026-09-14 14:01:01.930283,Borja,9040208,2026-09-14,14/09/2026,3.541,3.522,3.595,3.522,3.543,4.273,4.253,4.327,4.254,4.275,3.522,3.526,3.522,3.595,4.254,4.257,4.253,4.327,Sí,-0.731,2026-09-13,13/09/2026,3.617,0,Ajuste aplicado
AH_2026_2027,2026-09-13,2026-09-14 14:01:01.930283,Borja,9040208,2026-09-15,15/09/2026,3.501,3.497,3.507,3.497,3.506,4.233,4.228,4.238,4.228,4.237,3.497,3.507,3.506,3.497,4.228,4.238,4.237,4.228,Sí,-0.731,2026-09-13,13/09/2026,3.617,0,Ajuste aplicado
AH_2026_2027,2026-09-13,2026-09-14 14:01:01.930283,Borja,9040208,2026-09-16,16/09/2026,3.54,3.427,3.594,3.533,3.575,4.271,4.159,4.325,4.264,4.307,3.569,3.568,3.594,3.427,4.301,4.3,4.325,4.159,Sí,-0.731,2026-09-13,13/09/2026,3.617,0,Ajuste aplicado
AH_2026_2027,2026-09-13,2026-09-14 14:01:01.930283,Borja,9040208,2026-09-17,17/09/2026,3.618,3.361,3.73,3.604,3.703,4.349,4.093,4.462,4.335,4.434,3.73,3.685,3.694,3.361,4.462,4.416,4.425,4.093,Sí,-0.731,2026-09-13,13/09/2026,3.617,0,Ajuste aplicado
AH_2026_2027,2026-09-13,2026-09-14 14:01:01.930283,Borja,9040208,2026-09-18,18/09/2026,3.728,3.349,3.967,3.655,3.871,4.459,4.08,4.698,4.386,4.603,3.967,3.839,3.757,3.349,4.698,4.571,4.488,4.08,Sí,-0.731,2026-09-13,13/09/2026,3.617,0,Ajuste aplicado
AH_2026_2027,2026-09-13,2026-09-14 14:01:01.930283,Borja,9040208,2026-09-19,19/09/2026,3.815,3.338,4.129,3.693,4.02,4.547,4.07,4.86,4.424,4.751,4.129,3.983,3.811,3.338,4.86,4.715,4.543,4.07,Sí,-0.731,2026-09-13,13/09/2026,3.617,0,Ajuste aplicado
AH_2026_2027,2026-09-13,2026-09-14 14:01:01.930283,Contamana,9053555,2026-09-13,13/09/2026,6.72,6.668,6.875,6.668,6.72,12.12,12.069,12.276,12.069,12.12,6.668,6.668,6.668,6.875,12.069,12.069,12.069,12.276,Sí,-5.4,2026-09-13,13/09/2026,6.72,0,Offset alto: -5.40 m. Revisar estación.
AH_2026_2027,2026-09-13,2026-09-14 14:01:01.930283,Contamana,9053555,2026-09-14,14/09/2026,6.575,6.544,6.668,6.544,6.575,11.976,11.945,12.069,11.945,11.976,6.544,6.544,6.544,6.668,11.945,11.945,11.945,12.069,Sí,-5.4,2026-09-13,13/09/2026,6.72,0,Offset alto: -5.40 m. Revisar estación.
AH_2026_2027,2026-09-13,2026-09-14 14:01:01.930283,Contamana,9053555,2026-09-15,15/09/2026,6.461,6.433,6.544,6.433,6.461,11.861,11.833,11.945,11.833,11.861,6.433,6.433,6.433,6.544,11.833,11.833,11.833,11.945,Sí,-5.4,2026-09-13,13/09/2026,6.72,0,Offset alto: -5.40 m. Revisar estación.
AH_2026_2027,2026-09-13,2026-09-14 14:01:01.930283,Contamana,9053555,2026-09-16,16/09/2026,6.361,6.329,6.433,6.338,6.365,11.762,11.73,11.833,11.738,11.765,6.342,6.34,6.329,6.433,11.743,11.741,11.73,11.833,Sí,-5.4,2026-09-13,13/09/2026,6.72,0,Offset alto: -5.40 m. Revisar estación.
AH_2026_2027,2026-09-13,2026-09-14 14:01:01.930283,Contamana,9053555,2026-09-17,17/09/2026,6.33,6.279,6.371,6.315,6.348,11.73,11.679,11.772,11.716,11.748,6.371,6.34,6.279,6.328,11.772,11.741,11.679,11.728,Sí,-5.4,2026-09-13,13/09/2026,6.72,0,Offset alto: -5.40 m. Revisar estación.
AH_2026_2027,2026-09-13,2026-09-14 14:01:01.930283,Contamana,9053555,2026-09-18,18/09/2026,6.313,6.253,6.386,6.266,6.352,11.713,11.653,11.787,11.667,11.752,6.386,6.341,6.253,6.271,11.787,11.741,11.653,11.671,Sí,-5.4,2026-09-13,13/09/2026,6.72,0,Offset alto: -5.40 m. Revisar estación.
AH_2026_2027,2026-09-13,2026-09-14 14:01:01.930283,Contamana,9053555,2026-09-19,19/09/2026,6.298,6.257,6.337,6.267,6.329,11.698,11.658,11.737,11.667,11.73,6.337,6.327,6.257,6.27,11.737,11.727,11.658,11.671,Sí,-5.4,2026-09-13,13/09/2026,6.72,0,Offset alto: -5.40 m. Revisar estación.
AH_2026_2027,2026-09-13,2026-09-14 14:01:01.930283,ENAPU,9038134,2026-09-13,13/09/2026,3.81,-10.229,44.202,-9.891,4.335,17.015,2.976,57.408,3.314,17.54,44.202,-8.954,-9.779,-10.229,57.408,4.251,3.427,2.976,Sí,-13.205,2026-09-13,13/09/2026,3.81,0,Offset alto: -13.21 m. Revisar estación.
AH_2026_2027,2026-09-13,2026-09-14 14:01:01.930283,ENAPU,9038134,2026-09-14,14/09/2026,55.374,-10.229,96.815,27.259,95.569,68.579,2.977,110.021,40.464,108.774,96.815,95.154,39.755,-10.229,110.021,108.359,52.96,2.977,Sí,-13.205,2026-09-13,13/09/2026,3.81,0,Offset alto: -13.21 m. Revisar estación.
AH_2026_2027,2026-09-13,2026-09-14 14:01:01.930283,ENAPU,9038134,2026-09-15,15/09/2026,82.117,39.858,98.153,80.24,97.106,95.323,53.063,111.358,93.446,110.311,98.153,96.757,93.701,39.858,111.358,109.962,106.907,53.063,Sí,-13.205,2026-09-13,13/09/2026,3.81,0,Offset alto: -13.21 m. Revisar estación.
AH_2026_2027,2026-09-13,2026-09-14 14:01:01.930283,ENAPU,9038134,2026-09-16,16/09/2026,96.171,94.447,98.355,94.561,97.552,109.377,107.652,111.56,107.767,110.757,98.355,97.284,94.6,94.447,111.56,110.49,107.805,107.652,Sí,-13.205,2026-09-13,13/09/2026,3.81,0,Offset alto: -13.21 m. Revisar estación.
AH_2026_2027,2026-09-13,2026-09-14 14:01:01.930283,ENAPU,9038134,2026-09-17,17/09/2026,96.513,94.979,98.355,95.121,97.75,109.718,108.185,111.56,108.327,110.955,98.355,97.548,94.979,95.168,111.56,110.753,108.185,108.374,Sí,-13.205,2026-09-13,13/09/2026,3.81,0,Offset alto: -13.21 m. Revisar estación.
AH_2026_2027,2026-09-13,2026-09-14 14:01:01.930283,ENAPU,9038134,2026-09-18,18/09/2026,96.836,95.312,98.355,95.882,97.794,110.042,108.517,111.56,109.088,110.999,98.355,97.607,95.312,96.073,111.56,110.812,108.517,109.278,Sí,-13.205,2026-09-13,13/09/2026,3.81,0,Offset alto: -13.21 m. Revisar estación.
AH_2026_2027,2026-09-13,2026-09-14 14:01:01.930283,ENAPU,9038134,2026-09-19,19/09/2026,96.999,95.404,98.355,96.371,97.748,110.205,108.609,111.56,109.577,110.953,98.355,97.546,95.404,96.694,111.56,110.751,108.609,109.899,Sí,-13.205,2026-09-13,13/09/2026,3.81,0,Offset alto: -13.21 m. Revisar estación.
AH_2026_2027,2026-09-13,2026-09-14 14:01:01.930283,Flor de Punga,9044756,2026-09-13,13/09/2026,11.854,11.827,11.863,11.854,11.863,11.854,11.827,11.863,11.854,11.863,11.863,11.863,11.863,11.827,11.863,11.863,11.863,11.827,No,,2026-05-14,14/05/2026,22.8,122,Observado muy antiguo para ajuste: 122 días
AH_2026_2027,2026-09-13,2026-09-14 14:01:01.930283,Flor de Punga,9044756,2026-09-14,14/09/2026,11.891,11.863,11.903,11.89,11.901,11.891,11.863,11.903,11.89,11.901,11.903,11.901,11.899,11.863,11.903,11.901,11.899,11.863,No,,2026-05-14,14/05/2026,22.8,122,Observado muy antiguo para ajuste: 122 días
AH_2026_2027,2026-09-13,2026-09-14 14:01:01.930283,Flor de Punga,9044756,2026-09-15,15/09/2026,11.879,11.866,11.899,11.869,11.886,11.879,11.866,11.899,11.869,11.886,11.882,11.87,11.866,11.899,11.882,11.87,11.866,11.899,No,,2026-05-14,14/05/2026,22.8,122,Observado muy antiguo para ajuste: 122 días
AH_2026_2027,2026-09-13,2026-09-14 14:01:01.930283,Flor de Punga,9044756,2026-09-16,16/09/2026,11.799,11.763,11.866,11.769,11.812,11.799,11.763,11.866,11.769,11.812,11.794,11.771,11.763,11.866,11.794,11.771,11.763,11.866,No,,2026-05-14,14/05/2026,22.8,122,Observado muy antiguo para ajuste: 122 días
AH_2026_2027,2026-09-13,2026-09-14 14:01:01.930283,Flor de Punga,9044756,2026-09-17,17/09/2026,11.483,11.389,11.763,11.389,11.483,11.483,11.389,11.763,11.389,11.483,11.39,11.389,11.389,11.763,11.39,11.389,11.389,11.763,No,,2026-05-14,14/05/2026,22.8,122,Observado muy antiguo para ajuste: 122 días
AH_2026_2027,2026-09-13,2026-09-14 14:01:01.930283,Flor de Punga,9044756,2026-09-18,18/09/2026,11.201,11.128,11.389,11.135,11.209,11.201,11.128,11.389,11.135,11.209,11.149,11.137,11.128,11.389,11.149,11.137,11.128,11.389,No,,2026-05-14,14/05/2026,22.8,122,Observado muy antiguo para ajuste: 122 días
AH_2026_2027,2026-09-13,2026-09-14 14:01:01.930283,Flor de Punga,9044756,2026-09-19,19/09/2026,11.04,11.008,11.132,11.009,11.041,11.04,11.008,11.132,11.009,11.041,11.01,11.009,11.008,11.132,11.01,11.009,11.008,11.132,No,,2026-05-14,14/05/2026,22.8,122,Observado muy antiguo para ajuste: 122 días
AH_2026_2027,2026-09-13,2026-09-14 14:01:01.930283,Genaro Herrera,9042214,2026-09-13,13/09/2026,6.345,6.34,6.347,6.345,6.347,8.467,8.461,8.468,8.467,8.468,6.347,6.347,6.347,6.34,8.468,8.468,8.468,8.461,Sí,-2.122,2026-09-13,13/09/2026,6.345,0,Offset alto: -2.12 m. Revisar estación.
AH_2026_2027,2026-09-13,2026-09-14 14:01:01.930283,Genaro Herrera,9042214,2026-09-14,14/09/2026,6.363,6.347,6.369,6.363,6.368,8.484,8.468,8.49,8.484,8.49,6.369,6.368,6.368,6.347,8.49,8.49,8.489,8.468,Sí,-2.122,2026-09-13,13/09/2026,6.345,0,Offset alto: -2.12 m. Revisar estación.
AH_2026_2027,2026-09-13,2026-09-14 14:01:01.930283,Genaro Herrera,9042214,2026-09-15,15/09/2026,6.38,6.368,6.389,6.378,6.383,8.501,8.489,8.51,8.499,8.505,6.389,6.382,6.381,6.368,8.51,8.503,8.503,8.489,Sí,-2.122,2026-09-13,13/09/2026,6.345,0,Offset alto: -2.12 m. Revisar estación.
AH_2026_2027,2026-09-13,2026-09-14 14:01:01.930283,Genaro Herrera,9042214,2026-09-16,16/09/2026,6.389,6.381,6.403,6.382,6.394,8.511,8.503,8.524,8.504,8.515,6.403,6.391,6.382,6.381,8.524,8.513,8.504,8.503,Sí,-2.122,2026-09-13,13/09/2026,6.345,0,Offset alto: -2.12 m. Revisar estación.
AH_2026_2027,2026-09-13,2026-09-14 14:01:01.930283,Genaro Herrera,9042214,2026-09-17,17/09/2026,6.378,6.37,6.382,6.377,6.382,8.5,8.492,8.504,8.498,8.504,6.382,6.379,6.37,6.382,8.504,8.501,8.492,8.504,Sí,-2.122,2026-09-13,13/09/2026,6.345,0,Offset alto: -2.12 m. Revisar estación.
AH_2026_2027,2026-09-13,2026-09-14 14:01:01.930283,Genaro Herrera,9042214,2026-09-18,18/09/2026,6.347,6.338,6.37,6.338,6.349,8.468,8.459,8.492,8.46,8.47,6.342,6.338,6.338,6.37,8.463,8.46,8.459,8.492,Sí,-2.122,2026-09-13,13/09/2026,6.345,0,Offset alto: -2.12 m. Revisar estación.
AH_2026_2027,2026-09-13,2026-09-14 14:01:01.930283,Genaro Herrera,9042214,2026-09-19,19/09/2026,6.259,6.227,6.338,6.228,6.268,8.381,8.349,8.459,8.349,8.389,6.245,6.228,6.227,6.338,8.366,8.35,8.349,8.459,Sí,-2.122,2026-09-13,13/09/2026,6.345,0,Offset alto: -2.12 m. Revisar estación.
AH_2026_2027,2026-09-13,2026-09-14 14:01:01.930283,Lagunas,9043597,2026-09-13,13/09/2026,3.985,3.966,4.043,3.966,3.985,4.344,4.324,4.402,4.324,4.344,3.966,3.966,3.966,4.043,4.324,4.324,4.324,4.402,Sí,-0.359,2026-09-13,13/09/2026,3.985,0,Ajuste aplicado
AH_2026_2027,2026-09-13,2026-09-14 14:01:01.930283,Lagunas,9043597,2026-09-14,14/09/2026,3.949,3.943,3.966,3.943,3.949,4.308,4.302,4.324,4.302,4.308,3.943,3.943,3.943,3.966,4.302,4.302,4.302,4.324,Sí,-0.359,2026-09-13,13/09/2026,3.985,0,Ajuste aplicado
AH_2026_2027,2026-09-13,2026-09-14 14:01:01.930283,Lagunas,9043597,2026-09-15,15/09/2026,3.94,3.939,3.943,3.939,3.94,4.299,4.298,4.302,4.298,4.299,3.939,3.939,3.939,3.943,4.298,4.298,4.298,4.302,Sí,-0.359,2026-09-13,13/09/2026,3.985,0,Ajuste aplicado
AH_2026_2027,2026-09-13,2026-09-14 14:01:01.930283,Lagunas,9043597,2026-09-16,16/09/2026,3.947,3.939,3.95,3.947,3.95,4.306,4.298,4.309,4.306,4.309,3.95,3.95,3.95,3.939,4.309,4.309,4.309,4.298,Sí,-0.359,2026-09-13,13/09/2026,3.985,0,Ajuste aplicado
AH_2026_2027,2026-09-13,2026-09-14 14:01:01.930283,Lagunas,9043597,2026-09-17,17/09/2026,3.951,3.95,3.952,3.951,3.952,4.31,4.309,4.311,4.31,4.31,3.952,3.952,3.952,3.95,4.31,4.31,4.311,4.309,Sí,-0.359,2026-09-13,13/09/2026,3.985,0,Ajuste aplicado
AH_2026_2027,2026-09-13,2026-09-14 14:01:01.930283,Lagunas,9043597,2026-09-18,18/09/2026,3.939,3.932,3.951,3.932,3.942,4.297,4.291,4.31,4.291,4.301,3.932,3.932,3.939,3.951,4.291,4.291,4.298,4.31,Sí,-0.359,2026-09-13,13/09/2026,3.985,0,Ajuste aplicado
AH_2026_2027,2026-09-13,2026-09-14 14:01:01.930283,Lagunas,9043597,2026-09-19,19/09/2026,3.933,3.921,3.96,3.921,3.938,4.292,4.28,4.319,4.28,4.297,3.921,3.921,3.96,3.931,4.28,4.28,4.319,4.29,Sí,-0.359,2026-09-13,13/09/2026,3.985,0,Ajuste aplicado
AH_2026_2027,2026-09-13,2026-09-14 14:01:01.930283,Nauta,9040454,2026-09-13,13/09/2026,5.498,5.474,5.565,5.474,5.498,5.157,5.134,5.225,5.134,5.158,5.476,5.475,5.474,5.565,5.136,5.134,5.134,5.225,Sí,0.34,2026-09-13,13/09/2026,5.498,0,Ajuste aplicado
AH_2026_2027,2026-09-13,2026-09-14 14:01:01.930283,Nauta,9040454,2026-09-14,14/09/2026,5.447,5.438,5.474,5.438,5.447,5.107,5.098,5.133,5.098,5.107,5.439,5.438,5.438,5.474,5.098,5.098,5.098,5.133,Sí,0.34,2026-09-13,13/09/2026,5.498,0,Ajuste aplicado
AH_2026_2027,2026-09-13,2026-09-14 14:01:01.930283,Nauta,9040454,2026-09-15,15/09/2026,5.419,5.412,5.438,5.412,5.419,5.079,5.072,5.098,5.072,5.079,5.413,5.412,5.412,5.438,5.073,5.072,5.072,5.098,Sí,0.34,2026-09-13,13/09/2026,5.498,0,Ajuste aplicado
AH_2026_2027,2026-09-13,2026-09-14 14:01:01.930283,Nauta,9040454,2026-09-16,16/09/2026,5.385,5.374,5.412,5.374,5.388,5.045,5.034,5.072,5.034,5.048,5.38,5.374,5.374,5.412,5.04,5.034,5.034,5.072,Sí,0.34,2026-09-13,13/09/2026,5.498,0,Ajuste aplicado
AH_2026_2027,2026-09-13,2026-09-14 14:01:01.930283,Nauta,9040454,2026-09-17,17/09/2026,5.351,5.341,5.374,5.342,5.353,5.01,5.001,5.033,5.002,5.013,5.346,5.342,5.341,5.374,5.006,5.002,5.001,5.033,Sí,0.34,2026-09-13,13/09/2026,5.498,0,Ajuste aplicado
AH_2026_2027,2026-09-13,2026-09-14 14:01:01.930283,Nauta,9040454,2026-09-18,18/09/2026,5.315,5.308,5.335,5.309,5.316,4.975,4.968,4.995,4.968,4.976,5.31,5.309,5.308,5.335,4.97,4.969,4.968,4.995,Sí,0.34,2026-09-13,13/09/2026,5.498,0,Ajuste aplicado
AH_2026_2027,2026-09-13,2026-09-14 14:01:01.930283,Nauta,9040454,2026-09-19,19/09/2026,5.273,5.262,5.303,5.263,5.273,4.933,4.922,4.963,4.922,4.933,5.263,5.263,5.262,5.303,4.923,4.922,4.922,4.963,Sí,0.34,2026-09-13,13/09/2026,5.498,0,Ajuste aplicado
AH_2026_2027,2026-09-13,2026-09-14 14:01:01.930283,Puerto Alegria,9038835,2026-09-13,13/09/2026,9.868,9.865,9.874,9.865,9.868,10.068,10.065,10.074,10.066,10.069,9.866,9.865,9.865,9.874,10.067,10.066,10.065,10.074,Sí,-0.201,2026-09-13,13/09/2026,9.868,0,Ajuste aplicado
AH_2026_2027,2026-09-13,2026-09-14 14:01:01.930283,Puerto Alegria,9038835,2026-09-14,14/09/2026,9.872,9.854,9.891,9.862,9.881,10.072,10.054,10.092,10.062,10.082,9.891,9.878,9.854,9.864,10.092,10.079,10.054,10.065,Sí,-0.201,2026-09-13,13/09/2026,9.868,0,Ajuste aplicado
AH_2026_2027,2026-09-13,2026-09-14 14:01:01.930283,Puerto Alegria,9038835,2026-09-15,15/09/2026,9.905,9.822,9.992,9.834,9.974,10.106,10.022,10.192,10.034,10.175,9.992,9.969,9.822,9.838,10.192,10.169,10.022,10.038,Sí,-0.201,2026-09-13,13/09/2026,9.868,0,Ajuste aplicado
AH_2026_2027,2026-09-13,2026-09-14 14:01:01.930283,Puerto Alegria,9038835,2026-09-16,16/09/2026,9.921,9.808,10.045,9.818,10.02,10.122,10.009,10.245,10.018,10.221,10.045,10.012,9.808,9.821,10.245,10.212,10.009,10.021,Sí,-0.201,2026-09-13,13/09/2026,9.868,0,Ajuste aplicado
AH_2026_2027,2026-09-13,2026-09-14 14:01:01.930283,Puerto Alegria,9038835,2026-09-17,17/09/2026,9.982,9.801,10.172,9.849,10.111,10.183,10.001,10.373,10.049,10.311,10.172,10.09,9.801,9.865,10.373,10.291,10.001,10.065,Sí,-0.201,2026-09-13,13/09/2026,9.868,0,Ajuste aplicado
AH_2026_2027,2026-09-13,2026-09-14 14:01:01.930283,Puerto Alegria,9038835,2026-09-18,18/09/2026,10.057,9.792,10.291,9.928,10.203,10.258,9.993,10.491,10.128,10.404,10.291,10.174,9.792,9.973,10.491,10.375,9.993,10.174,Sí,-0.201,2026-09-13,13/09/2026,9.868,0,Ajuste aplicado
AH_2026_2027,2026-09-13,2026-09-14 14:01:01.930283,Puerto Alegria,9038835,2026-09-19,19/09/2026,10.097,9.743,10.427,9.946,10.259,10.297,9.944,10.628,10.146,10.46,10.427,10.203,9.743,10.013,10.628,10.404,9.944,10.214,Sí,-0.201,2026-09-13,13/09/2026,9.868,0,Ajuste aplicado
AH_2026_2027,2026-09-13,2026-09-14 14:01:01.930283,Puerto Almendra,9037610,2026-09-13,13/09/2026,2.292,2.291,2.295,2.291,2.294,2.705,2.704,2.708,2.704,2.707,2.294,2.291,2.291,2.295,2.707,2.704,2.704,2.708,Sí,-0.413,2026-09-13,13/09/2026,2.292,0,Ajuste aplicado
AH_2026_2027,2026-09-13,2026-09-14 14:01:01.930283,Puerto Almendra,9037610,2026-09-14,14/09/2026,2.306,2.262,2.37,2.283,2.319,2.719,2.675,2.783,2.696,2.732,2.37,2.302,2.262,2.29,2.783,2.715,2.675,2.703,Sí,-0.413,2026-09-13,13/09/2026,2.292,0,Ajuste aplicado
AH_2026_2027,2026-09-13,2026-09-14 14:01:01.930283,Puerto Almendra,9037610,2026-09-15,15/09/2026,2.367,2.231,2.574,2.251,2.448,2.78,2.644,2.987,2.664,2.861,2.574,2.405,2.258,2.231,2.987,2.818,2.671,2.644,Sí,-0.413,2026-09-13,13/09/2026,2.292,0,Ajuste aplicado
AH_2026_2027,2026-09-13,2026-09-14 14:01:01.930283,Puerto Almendra,9037610,2026-09-16,16/09/2026,2.446,2.032,2.833,2.238,2.668,2.859,2.445,3.246,2.651,3.081,2.833,2.613,2.307,2.032,3.246,3.026,2.72,2.445,Sí,-0.413,2026-09-13,13/09/2026,2.292,0,Ajuste aplicado
AH_2026_2027,2026-09-13,2026-09-14 14:01:01.930283,Puerto Almendra,9037610,2026-09-17,17/09/2026,2.626,1.961,3.197,2.296,3.004,3.039,2.374,3.61,2.709,3.417,3.197,2.94,2.407,1.961,3.61,3.353,2.82,2.374,Sí,-0.413,2026-09-13,13/09/2026,2.292,0,Ajuste aplicado
AH_2026_2027,2026-09-13,2026-09-14 14:01:01.930283,Puerto Almendra,9037610,2026-09-18,18/09/2026,3.024,2.405,3.876,2.519,3.411,3.437,2.818,4.289,2.932,3.824,3.876,3.256,2.557,2.405,4.289,3.669,2.97,2.818,Sí,-0.413,2026-09-13,13/09/2026,2.292,0,Ajuste aplicado
AH_2026_2027,2026-09-13,2026-09-14 14:01:01.930283,Puerto Almendra,9037610,2026-09-19,19/09/2026,3.319,2.697,4.106,2.91,3.646,3.732,3.11,4.519,3.323,4.059,4.106,3.492,2.697,2.981,4.519,3.905,3.11,3.394,Sí,-0.413,2026-09-13,13/09/2026,2.292,0,Ajuste aplicado
AH_2026_2027,2026-09-13,2026-09-14 14:01:01.930283,Requena,9043425,2026-09-13,13/09/2026,4.785,4.776,4.801,4.776,4.79,5.296,5.287,5.311,5.287,5.301,4.787,4.776,4.776,4.801,5.298,5.287,5.287,5.311,Sí,-0.511,2026-09-13,13/09/2026,4.785,0,Ajuste aplicado
AH_2026_2027,2026-09-13,2026-09-14 14:01:01.930283,Requena,9043425,2026-09-14,14/09/2026,4.803,4.765,4.902,4.767,4.808,5.313,5.275,5.412,5.278,5.318,4.902,4.768,4.765,4.776,5.412,5.279,5.275,5.287,Sí,-0.511,2026-09-13,13/09/2026,4.785,0,Ajuste aplicado
AH_2026_2027,2026-09-13,2026-09-14 14:01:01.930283,Requena,9043425,2026-09-15,15/09/2026,4.824,4.74,5.029,4.757,4.831,5.335,5.251,5.54,5.268,5.341,5.029,4.763,4.74,4.764,5.54,5.273,5.251,5.275,Sí,-0.511,2026-09-13,13/09/2026,4.785,0,Ajuste aplicado
AH_2026_2027,2026-09-13,2026-09-14 14:01:01.930283,Requena,9043425,2026-09-16,16/09/2026,4.796,4.726,4.978,4.736,4.8,5.307,5.237,5.488,5.247,5.311,4.978,4.741,4.726,4.74,5.488,5.252,5.237,5.25,Sí,-0.511,2026-09-13,13/09/2026,4.785,0,Ajuste aplicado
AH_2026_2027,2026-09-13,2026-09-14 14:01:01.930283,Requena,9043425,2026-09-17,17/09/2026,4.757,4.72,4.854,4.724,4.758,5.267,5.231,5.365,5.235,5.269,4.854,4.726,4.72,4.726,5.365,5.237,5.231,5.236,Sí,-0.511,2026-09-13,13/09/2026,4.785,0,Ajuste aplicado
AH_2026_2027,2026-09-13,2026-09-14 14:01:01.930283,Requena,9043425,2026-09-18,18/09/2026,4.73,4.704,4.775,4.716,4.734,5.24,5.215,5.286,5.226,5.245,4.775,4.72,4.704,4.72,5.286,5.231,5.215,5.23,Sí,-0.511,2026-09-13,13/09/2026,4.785,0,Ajuste aplicado
AH_2026_2027,2026-09-13,2026-09-14 14:01:01.930283,Requena,9043425,2026-09-19,19/09/2026,4.709,4.688,4.738,4.699,4.714,5.22,5.199,5.248,5.21,5.225,4.738,4.707,4.688,4.703,5.248,5.217,5.199,5.214,Sí,-0.511,2026-09-13,13/09/2026,4.785,0,Ajuste aplicado
AH_2026_2027,2026-09-13,2026-09-14 14:01:01.930283,San Lorenzo,9042153,2026-09-13,13/09/2026,9.755,9.743,9.792,9.743,9.755,9.755,9.743,9.792,9.743,9.755,9.743,9.743,9.743,9.792,9.743,9.743,9.743,9.792,No,,2025-09-30,30/09/2025,7.19,348,Observado muy antiguo para ajuste: 348 días
AH_2026_2027,2026-09-13,2026-09-14 14:01:01.930283,San Lorenzo,9042153,2026-09-14,14/09/2026,9.71,9.699,9.743,9.699,9.71,9.71,9.699,9.743,9.699,9.71,9.699,9.699,9.699,9.743,9.699,9.699,9.699,9.743,No,,2025-09-30,30/09/2025,7.19,348,Observado muy antiguo para ajuste: 348 días
AH_2026_2027,2026-09-13,2026-09-14 14:01:01.930283,San Lorenzo,9042153,2026-09-15,15/09/2026,9.661,9.648,9.699,9.648,9.661,9.661,9.648,9.699,9.648,9.661,9.648,9.648,9.648,9.699,9.648,9.648,9.648,9.699,No,,2025-09-30,30/09/2025,7.19,348,Observado muy antiguo para ajuste: 348 días
AH_2026_2027,2026-09-13,2026-09-14 14:01:01.930283,San Lorenzo,9042153,2026-09-16,16/09/2026,9.625,9.617,9.648,9.617,9.625,9.625,9.617,9.648,9.617,9.625,9.618,9.618,9.617,9.648,9.618,9.618,9.617,9.648,No,,2025-09-30,30/09/2025,7.19,348,Observado muy antiguo para ajuste: 348 días
AH_2026_2027,2026-09-13,2026-09-14 14:01:01.930283,San Lorenzo,9042153,2026-09-17,17/09/2026,9.585,9.576,9.611,9.576,9.586,9.585,9.576,9.611,9.576,9.586,9.576,9.577,9.576,9.611,9.576,9.577,9.576,9.611,No,,2025-09-30,30/09/2025,7.19,348,Observado muy antiguo para ajuste: 348 días
AH_2026_2027,2026-09-13,2026-09-14 14:01:01.930283,San Lorenzo,9042153,2026-09-18,18/09/2026,9.573,9.561,9.577,9.572,9.577,9.573,9.561,9.577,9.572,9.577,9.576,9.577,9.577,9.561,9.576,9.577,9.577,9.561,No,,2025-09-30,30/09/2025,7.19,348,Observado muy antiguo para ajuste: 348 días
AH_2026_2027,2026-09-13,2026-09-14 14:01:01.930283,San Lorenzo,9042153,2026-09-19,19/09/2026,9.597,9.531,9.621,9.597,9.62,9.597,9.531,9.621,9.597,9.62,9.621,9.618,9.62,9.531,9.621,9.618,9.62,9.531,No,,2025-09-30,30/09/2025,7.19,348,Observado muy antiguo para ajuste: 348 días
AH_2026_2027,2026-09-13,2026-09-14 14:01:01.930283,San Regis,9040439,2026-09-13,13/09/2026,4.785,4.777,4.81,4.777,4.785,5.336,5.328,5.361,5.328,5.336,4.777,4.777,4.777,4.81,5.328,5.328,5.328,5.361,Sí,-0.551,2026-09-13,13/09/2026,4.785,0,Ajuste aplicado
AH_2026_2027,2026-09-13,2026-09-14 14:01:01.930283,San Regis,9040439,2026-09-14,14/09/2026,4.763,4.758,4.777,4.758,4.763,5.314,5.309,5.328,5.309,5.314,4.758,4.758,4.758,4.777,5.309,5.309,5.309,5.328,Sí,-0.551,2026-09-13,13/09/2026,4.785,0,Ajuste aplicado
AH_2026_2027,2026-09-13,2026-09-14 14:01:01.930283,San Regis,9040439,2026-09-15,15/09/2026,4.757,4.757,4.758,4.757,4.757,5.308,5.308,5.309,5.308,5.308,4.757,4.757,4.757,4.758,5.308,5.308,5.308,5.309,Sí,-0.551,2026-09-13,13/09/2026,4.785,0,Ajuste aplicado
AH_2026_2027,2026-09-13,2026-09-14 14:01:01.930283,San Regis,9040439,2026-09-16,16/09/2026,4.745,4.741,4.757,4.741,4.745,5.296,5.292,5.308,5.292,5.296,4.741,4.741,4.741,4.757,5.292,5.292,5.292,5.308,Sí,-0.551,2026-09-13,13/09/2026,4.785,0,Ajuste aplicado
AH_2026_2027,2026-09-13,2026-09-14 14:01:01.930283,San Regis,9040439,2026-09-17,17/09/2026,4.723,4.717,4.741,4.717,4.723,5.274,5.268,5.292,5.268,5.274,4.717,4.717,4.717,4.741,5.268,5.268,5.268,5.292,Sí,-0.551,2026-09-13,13/09/2026,4.785,0,Ajuste aplicado
AH_2026_2027,2026-09-13,2026-09-14 14:01:01.930283,San Regis,9040439,2026-09-18,18/09/2026,4.703,4.698,4.717,4.698,4.703,5.254,5.249,5.268,5.249,5.254,4.698,4.698,4.698,4.717,5.249,5.249,5.249,5.268,Sí,-0.551,2026-09-13,13/09/2026,4.785,0,Ajuste aplicado
AH_2026_2027,2026-09-13,2026-09-14 14:01:01.930283,San Regis,9040439,2026-09-19,19/09/2026,4.665,4.655,4.698,4.655,4.665,5.216,5.206,5.249,5.206,5.216,4.655,4.655,4.655,4.698,5.206,5.206,5.206,5.249,Sí,-0.551,2026-09-13,13/09/2026,4.785,0,Ajuste aplicado
AH_2026_2027,2026-09-13,2026-09-14 14:01:01.930283,Santa Clotilde,9032282,2026-09-13,13/09/2026,7.005,7.004,7.008,7.004,7.005,6.715,6.714,6.718,6.714,6.715,7.004,7.004,7.004,7.008,6.714,6.714,6.714,6.718,Sí,0.29,2026-09-13,13/09/2026,7.005,0,Ajuste aplicado
AH_2026_2027,2026-09-13,2026-09-14 14:01:01.930283,Santa Clotilde,9032282,2026-09-14,14/09/2026,7.002,7.002,7.004,7.002,7.002,6.713,6.712,6.714,6.712,6.713,7.002,7.002,7.002,7.004,6.712,6.712,6.712,6.714,Sí,0.29,2026-09-13,13/09/2026,7.005,0,Ajuste aplicado
AH_2026_2027,2026-09-13,2026-09-14 14:01:01.930283,Santa Clotilde,9032282,2026-09-15,15/09/2026,6.989,6.985,7.002,6.985,6.989,6.699,6.695,6.712,6.695,6.699,6.985,6.985,6.985,7.002,6.695,6.695,6.695,6.712,Sí,0.29,2026-09-13,13/09/2026,7.005,0,Ajuste aplicado
AH_2026_2027,2026-09-13,2026-09-14 14:01:01.930283,Santa Clotilde,9032282,2026-09-16,16/09/2026,6.95,6.94,6.98,6.94,6.95,6.66,6.65,6.69,6.651,6.661,6.941,6.94,6.94,6.98,6.651,6.65,6.651,6.69,Sí,0.29,2026-09-13,13/09/2026,7.005,0,Ajuste aplicado
AH_2026_2027,2026-09-13,2026-09-14 14:01:01.930283,Santa Clotilde,9032282,2026-09-17,17/09/2026,6.896,6.883,6.934,6.883,6.897,6.606,6.593,6.644,6.593,6.607,6.884,6.883,6.883,6.934,6.594,6.593,6.593,6.644,Sí,0.29,2026-09-13,13/09/2026,7.005,0,Ajuste aplicado
AH_2026_2027,2026-09-13,2026-09-14 14:01:01.930283,Santa Clotilde,9032282,2026-09-18,18/09/2026,6.807,6.787,6.866,6.788,6.808,6.518,6.498,6.576,6.498,6.518,6.788,6.787,6.788,6.866,6.498,6.498,6.499,6.576,Sí,0.29,2026-09-13,13/09/2026,7.005,0,Ajuste aplicado
AH_2026_2027,2026-09-13,2026-09-14 14:01:01.930283,Santa Clotilde,9032282,2026-09-19,19/09/2026,6.766,6.761,6.782,6.761,6.767,6.477,6.472,6.492,6.472,6.477,6.761,6.761,6.761,6.782,6.472,6.472,6.472,6.492,Sí,0.29,2026-09-13,13/09/2026,7.005,0,Ajuste aplicado
AH_2026_2027,2026-09-13,2026-09-14 14:01:01.930283,Santa María de Nanay,9037738,2026-09-13,13/09/2026,3.98,3.844,4.096,3.931,4.038,3.949,3.813,4.065,3.9,4.007,4.096,4.019,3.844,3.96,4.065,3.988,3.813,3.929,Sí,0.031,2026-09-13,13/09/2026,3.98,0,Ajuste aplicado
AH_2026_2027,2026-09-13,2026-09-14 14:01:01.930283,Santa María de Nanay,9037738,2026-09-14,14/09/2026,4.03,3.613,4.34,3.848,4.265,3.999,3.582,4.309,3.817,4.234,4.34,4.24,3.926,3.613,4.309,4.209,3.895,3.582,Sí,0.031,2026-09-13,13/09/2026,3.98,0,Ajuste aplicado
AH_2026_2027,2026-09-13,2026-09-14 14:01:01.930283,Santa María de Nanay,9037738,2026-09-15,15/09/2026,4.153,3.333,4.67,3.894,4.566,4.122,3.302,4.638,3.862,4.534,4.67,4.531,4.08,3.333,4.638,4.5,4.049,3.302,Sí,0.031,2026-09-13,13/09/2026,3.98,0,Ajuste aplicado
AH_2026_2027,2026-09-13,2026-09-14 14:01:01.930283,Santa María de Nanay,9037738,2026-09-16,16/09/2026,4.305,3.098,4.968,3.957,4.925,4.274,3.067,4.936,3.926,4.894,4.968,4.911,4.243,3.098,4.936,4.879,4.212,3.067,Sí,0.031,2026-09-13,13/09/2026,3.98,0,Ajuste aplicado
AH_2026_2027,2026-09-13,2026-09-14 14:01:01.930283,Santa María de Nanay,9037738,2026-09-17,17/09/2026,4.688,3.494,5.628,4.205,5.297,4.656,3.462,5.597,4.173,5.266,5.628,5.187,4.442,3.494,5.597,5.155,4.41,3.462,Sí,0.031,2026-09-13,13/09/2026,3.98,0,Ajuste aplicado
AH_2026_2027,2026-09-13,2026-09-14 14:01:01.930283,Santa María de Nanay,9037738,2026-09-18,18/09/2026,5.068,4.55,5.704,4.636,5.441,5.037,4.519,5.673,4.605,5.41,5.704,5.354,4.665,4.55,5.673,5.322,4.634,4.519,Sí,0.031,2026-09-13,13/09/2026,3.98,0,Ajuste aplicado
AH_2026_2027,2026-09-13,2026-09-14 14:01:01.930283,Santa María de Nanay,9037738,2026-09-19,19/09/2026,5.024,4.716,5.169,4.976,5.154,4.993,4.685,5.137,4.945,5.123,5.169,5.15,4.716,5.063,5.137,5.118,4.685,5.032,Sí,0.031,2026-09-13,13/09/2026,3.98,0,Ajuste aplicado
AH_2026_2027,2026-09-13,2026-09-14 14:01:01.930283,Santa Rosa,9039635,2026-09-13,13/09/2026,2.792,2.788,2.806,2.788,2.793,3.346,3.341,3.359,3.341,3.346,2.788,2.788,2.788,2.806,3.341,3.341,3.341,3.359,Sí,-0.553,2026-09-13,13/09/2026,2.792,0,Ajuste aplicado
AH_2026_2027,2026-09-13,2026-09-14 14:01:01.930283,Santa Rosa,9039635,2026-09-14,14/09/2026,2.784,2.761,2.802,2.781,2.791,3.337,3.314,3.355,3.334,3.344,2.802,2.788,2.761,2.787,3.355,3.341,3.314,3.34,Sí,-0.553,2026-09-13,13/09/2026,2.792,0,Ajuste aplicado
AH_2026_2027,2026-09-13,2026-09-14 14:01:01.930283,Santa Rosa,9039635,2026-09-15,15/09/2026,2.789,2.737,2.853,2.743,2.829,3.342,3.29,3.406,3.296,3.382,2.853,2.821,2.737,2.744,3.406,3.374,3.29,3.297,Sí,-0.553,2026-09-13,13/09/2026,2.792,0,Ajuste aplicado
AH_2026_2027,2026-09-13,2026-09-14 14:01:01.930283,Santa Rosa,9039635,2026-09-16,16/09/2026,2.83,2.736,2.972,2.736,2.9,3.383,3.289,3.525,3.289,3.453,2.972,2.875,2.736,2.736,3.525,3.428,3.289,3.289,Sí,-0.553,2026-09-13,13/09/2026,2.792,0,Ajuste aplicado
AH_2026_2027,2026-09-13,2026-09-14 14:01:01.930283,Santa Rosa,9039635,2026-09-17,17/09/2026,2.871,2.73,3.035,2.735,2.996,3.424,3.283,3.588,3.288,3.549,3.035,2.983,2.73,2.737,3.588,3.536,3.283,3.29,Sí,-0.553,2026-09-13,13/09/2026,2.792,0,Ajuste aplicado
AH_2026_2027,2026-09-13,2026-09-14 14:01:01.930283,Santa Rosa,9039635,2026-09-18,18/09/2026,2.937,2.727,3.154,2.798,3.072,3.49,3.28,3.707,3.351,3.625,3.154,3.045,2.727,2.821,3.707,3.598,3.28,3.374,Sí,-0.553,2026-09-13,13/09/2026,2.792,0,Ajuste aplicado
AH_2026_2027,2026-09-13,2026-09-14 14:01:01.930283,Santa Rosa,9039635,2026-09-19,19/09/2026,3.015,2.707,3.348,2.846,3.172,3.568,3.26,3.901,3.399,3.726,3.348,3.114,2.707,2.892,3.901,3.667,3.26,3.445,Sí,-0.553,2026-09-13,13/09/2026,2.792,0,Ajuste aplicado
AH_2026_2027,2026-09-13,2026-09-14 14:01:01.930283,Tamshiyacu,9038269,2026-09-13,13/09/2026,1.842,1.828,1.886,1.828,1.842,2.287,2.273,2.33,2.273,2.287,1.828,1.828,1.828,1.886,2.273,2.273,2.273,2.33,Sí,-0.444,2026-09-13,13/09/2026,1.842,0,Ajuste aplicado
AH_2026_2027,2026-09-13,2026-09-14 14:01:01.930283,Tamshiyacu,9038269,2026-09-14,14/09/2026,1.798,1.786,1.828,1.786,1.801,2.243,2.231,2.273,2.231,2.246,1.793,1.786,1.786,1.828,2.237,2.231,2.231,2.273,Sí,-0.444,2026-09-13,13/09/2026,1.842,0,Ajuste aplicado
AH_2026_2027,2026-09-13,2026-09-14 14:01:01.930283,Tamshiyacu,9038269,2026-09-15,15/09/2026,1.778,1.774,1.786,1.776,1.779,2.223,2.218,2.231,2.22,2.223,1.777,1.776,1.774,1.786,2.221,2.221,2.218,2.231,Sí,-0.444,2026-09-13,13/09/2026,1.842,0,Ajuste aplicado
AH_2026_2027,2026-09-13,2026-09-14 14:01:01.930283,Tamshiyacu,9038269,2026-09-16,16/09/2026,1.774,1.772,1.776,1.773,1.774,2.218,2.216,2.221,2.218,2.219,1.776,1.774,1.772,1.774,2.221,2.218,2.216,2.218,Sí,-0.444,2026-09-13,13/09/2026,1.842,0,Ajuste aplicado
AH_2026_2027,2026-09-13,2026-09-14 14:01:01.930283,Tamshiyacu,9038269,2026-09-17,17/09/2026,1.773,1.77,1.776,1.771,1.774,2.217,2.214,2.221,2.215,2.218,1.776,1.773,1.77,1.771,2.221,2.217,2.214,2.216,Sí,-0.444,2026-09-13,13/09/2026,1.842,0,Ajuste aplicado
AH_2026_2027,2026-09-13,2026-09-14 14:01:01.930283,Tamshiyacu,9038269,2026-09-18,18/09/2026,1.768,1.765,1.774,1.766,1.77,2.213,2.209,2.218,2.211,2.214,1.774,1.767,1.765,1.768,2.218,2.211,2.209,2.213,Sí,-0.444,2026-09-13,13/09/2026,1.842,0,Ajuste aplicado
AH_2026_2027,2026-09-13,2026-09-14 14:01:01.930283,Tamshiyacu,9038269,2026-09-19,19/09/2026,1.762,1.757,1.765,1.761,1.765,2.207,2.201,2.209,2.206,2.209,1.765,1.763,1.757,1.765,2.209,2.207,2.201,2.209,Sí,-0.444,2026-09-13,13/09/2026,1.842,0,Ajuste aplicado
AH_2026_2027,2026-09-13,2026-09-14 14:01:01.930283,Timicurillo,9036459,2026-09-13,13/09/2026,6.27,6.244,6.349,6.244,6.27,6.35,6.324,6.429,6.324,6.35,6.244,6.244,6.244,6.349,6.324,6.324,6.324,6.429,Sí,-0.08,2026-09-13,13/09/2026,6.27,0,Ajuste aplicado
AH_2026_2027,2026-09-13,2026-09-14 14:01:01.930283,Timicurillo,9036459,2026-09-14,14/09/2026,5.925,5.81,6.244,5.813,5.936,6.005,5.89,6.324,5.893,6.016,5.833,5.815,5.81,6.244,5.913,5.895,5.89,6.324,Sí,-0.08,2026-09-13,13/09/2026,6.27,0,Ajuste aplicado
AH_2026_2027,2026-09-13,2026-09-14 14:01:01.930283,Timicurillo,9036459,2026-09-15,15/09/2026,5.773,5.738,5.807,5.746,5.801,5.853,5.818,5.887,5.826,5.881,5.799,5.748,5.738,5.807,5.879,5.828,5.818,5.887,Sí,-0.08,2026-09-13,13/09/2026,6.27,0,Ajuste aplicado
AH_2026_2027,2026-09-13,2026-09-14 14:01:01.930283,Timicurillo,9036459,2026-09-16,16/09/2026,5.799,5.721,5.992,5.732,5.808,5.879,5.801,6.072,5.812,5.888,5.992,5.746,5.721,5.736,6.072,5.826,5.801,5.816,Sí,-0.08,2026-09-13,13/09/2026,6.27,0,Ajuste aplicado
AH_2026_2027,2026-09-13,2026-09-14 14:01:01.930283,Timicurillo,9036459,2026-09-17,17/09/2026,5.845,5.649,6.245,5.702,5.887,5.926,5.729,6.325,5.782,5.967,6.245,5.768,5.72,5.649,6.325,5.848,5.8,5.729,Sí,-0.08,2026-09-13,13/09/2026,6.27,0,Ajuste aplicado
AH_2026_2027,2026-09-13,2026-09-14 14:01:01.930283,Timicurillo,9036459,2026-09-18,18/09/2026,5.941,5.641,6.363,5.703,6.119,6.021,5.721,6.443,5.783,6.199,6.363,6.037,5.723,5.641,6.443,6.117,5.803,5.721,Sí,-0.08,2026-09-13,13/09/2026,6.27,0,Ajuste aplicado
AH_2026_2027,2026-09-13,2026-09-14 14:01:01.930283,Timicurillo,9036459,2026-09-19,19/09/2026,6.044,5.728,6.476,5.728,6.302,6.124,5.808,6.556,5.808,6.382,6.476,6.244,5.728,5.728,6.556,6.324,5.808,5.808,Sí,-0.08,2026-09-13,13/09/2026,6.27,0,Ajuste aplicado
AH_2026_2027,2026-09-13,2026-09-14 14:01:01.930283,Yurimaguas,9046779,2026-09-13,13/09/2026,127.34,127.333,127.342,127.34,127.342,128.043,128.035,128.045,128.043,128.045,127.342,127.342,127.342,127.333,128.045,128.045,128.045,128.035,Sí,-0.703,2026-09-11,11/09/2026,127.34,2,Ajuste aplicado
AH_2026_2027,2026-09-13,2026-09-14 14:01:01.930283,Yurimaguas,9046779,2026-09-14,14/09/2026,127.363,127.342,127.37,127.363,127.37,128.066,128.045,128.073,128.066,128.073,127.37,127.37,127.37,127.342,128.073,128.073,128.073,128.045,Sí,-0.703,2026-09-11,11/09/2026,127.34,2,Ajuste aplicado
AH_2026_2027,2026-09-13,2026-09-14 14:01:01.930283,Yurimaguas,9046779,2026-09-15,15/09/2026,127.371,127.37,127.371,127.371,127.371,128.073,128.073,128.074,128.073,128.074,127.371,127.371,127.371,127.37,128.074,128.074,128.074,128.073,Sí,-0.703,2026-09-11,11/09/2026,127.34,2,Ajuste aplicado
AH_2026_2027,2026-09-13,2026-09-14 14:01:01.930283,Yurimaguas,9046779,2026-09-16,16/09/2026,127.362,127.353,127.371,127.353,127.37,128.065,128.056,128.073,128.056,128.073,127.353,127.353,127.37,127.371,128.056,128.056,128.073,128.073,Sí,-0.703,2026-09-11,11/09/2026,127.34,2,Ajuste aplicado
AH_2026_2027,2026-09-13,2026-09-14 14:01:01.930283,Yurimaguas,9046779,2026-09-17,17/09/2026,127.349,127.33,127.389,127.331,127.355,128.051,128.033,128.092,128.034,128.058,127.332,127.33,127.389,127.344,128.034,128.033,128.092,128.047,Sí,-0.703,2026-09-11,11/09/2026,127.34,2,Ajuste aplicado
AH_2026_2027,2026-09-13,2026-09-14 14:01:01.930283,Yurimaguas,9046779,2026-09-18,18/09/2026,127.398,127.333,127.506,127.362,127.412,128.1,128.036,128.209,128.064,128.115,127.381,127.371,127.506,127.333,128.084,128.074,128.209,128.036,Sí,-0.703,2026-09-11,11/09/2026,127.34,2,Ajuste aplicado
AH_2026_2027,2026-09-13,2026-09-14 14:01:01.930283,Yurimaguas,9046779,2026-09-19,19/09/2026,127.584,127.405,127.944,127.47,127.609,128.287,128.108,128.647,128.172,128.311,127.497,127.491,127.944,127.405,128.2,128.194,128.647,128.108,Sí,-0.703,2026-09-11,11/09/2026,127.34,2,Ajuste aplicado
AH_2026_2027,2026-09-14,2026-09-14 20:25:38.018943,Angamos,9043370,2026-09-14,14/09/2026,0.68,0.68,0.68,0.68,0.68,7.424,7.424,7.424,7.424,7.424,0.68,0.68,0.68,0.68,7.424,7.424,7.424,7.424,Sí,-6.744,2026-09-14,14/09/2026,0.68,0,Offset alto: -6.74 m. Revisar estación.
AH_2026_2027,2026-09-14,2026-09-14 20:25:38.018943,Angamos,9043370,2026-09-15,15/09/2026,0.677,0.666,0.681,0.677,0.681,7.421,7.41,7.424,7.42,7.424,0.681,0.681,0.666,0.68,7.424,7.424,7.41,7.424,Sí,-6.744,2026-09-14,14/09/2026,0.68,0,Offset alto: -6.74 m. Revisar estación.
AH_2026_2027,2026-09-14,2026-09-14 20:25:38.018943,Angamos,9043370,2026-09-16,16/09/2026,0.678,0.661,0.686,0.676,0.685,7.422,7.405,7.429,7.42,7.429,0.686,0.685,0.661,0.681,7.429,7.428,7.405,7.424,Sí,-6.744,2026-09-14,14/09/2026,0.68,0,Offset alto: -6.74 m. Revisar estación.
AH_2026_2027,2026-09-14,2026-09-14 20:25:38.018943,Angamos,9043370,2026-09-17,17/09/2026,0.679,0.649,0.696,0.673,0.693,7.423,7.393,7.439,7.416,7.436,0.696,0.692,0.649,0.681,7.439,7.436,7.393,7.424,Sí,-6.744,2026-09-14,14/09/2026,0.68,0,Offset alto: -6.74 m. Revisar estación.
AH_2026_2027,2026-09-14,2026-09-14 20:25:38.018943,Angamos,9043370,2026-09-18,18/09/2026,0.676,0.642,0.695,0.67,0.69,7.42,7.385,7.438,7.414,7.434,0.695,0.689,0.642,0.68,7.438,7.433,7.385,7.424,Sí,-6.744,2026-09-14,14/09/2026,0.68,0,Offset alto: -6.74 m. Revisar estación.
AH_2026_2027,2026-09-14,2026-09-14 20:25:38.018943,Angamos,9043370,2026-09-19,19/09/2026,0.671,0.643,0.691,0.659,0.687,7.415,7.387,7.435,7.403,7.431,0.691,0.686,0.643,0.664,7.435,7.43,7.387,7.408,Sí,-6.744,2026-09-14,14/09/2026,0.68,0,Offset alto: -6.74 m. Revisar estación.
AH_2026_2027,2026-09-14,2026-09-14 20:25:38.018943,Angamos,9043370,2026-09-20,20/09/2026,0.669,0.644,0.686,0.658,0.685,7.413,7.388,7.429,7.402,7.429,0.686,0.685,0.644,0.663,7.429,7.429,7.388,7.407,Sí,-6.744,2026-09-14,14/09/2026,0.68,0,Offset alto: -6.74 m. Revisar estación.
AH_2026_2027,2026-09-14,2026-09-14 20:25:38.018943,Bellavista,9036028,2026-09-14,14/09/2026,4.54,4.54,4.54,4.54,4.54,5.028,5.028,5.029,5.028,5.028,4.54,4.54,4.54,4.54,5.028,5.028,5.028,5.029,Sí,-0.488,2026-09-14,14/09/2026,4.54,0,Ajuste aplicado
AH_2026_2027,2026-09-14,2026-09-14 20:25:38.018943,Bellavista,9036028,2026-09-15,15/09/2026,4.524,4.524,4.524,4.524,4.524,5.012,5.012,5.013,5.012,5.012,4.524,4.524,4.524,4.524,5.012,5.012,5.012,5.013,Sí,-0.488,2026-09-14,14/09/2026,4.54,0,Ajuste aplicado
AH_2026_2027,2026-09-14,2026-09-14 20:25:38.018943,Bellavista,9036028,2026-09-16,16/09/2026,4.522,4.522,4.523,4.522,4.522,5.01,5.01,5.011,5.01,5.01,4.522,4.522,4.522,4.523,5.01,5.01,5.01,5.011,Sí,-0.488,2026-09-14,14/09/2026,4.54,0,Ajuste aplicado
AH_2026_2027,2026-09-14,2026-09-14 20:25:38.018943,Bellavista,9036028,2026-09-17,17/09/2026,4.521,4.521,4.521,4.521,4.521,5.01,5.01,5.01,5.01,5.01,4.521,4.521,4.521,4.521,5.01,5.01,5.01,5.01,Sí,-0.488,2026-09-14,14/09/2026,4.54,0,Ajuste aplicado
AH_2026_2027,2026-09-14,2026-09-14 20:25:38.018943,Bellavista,9036028,2026-09-18,18/09/2026,4.511,4.508,4.521,4.508,4.511,5.0,4.996,5.009,4.996,5.0,4.508,4.508,4.508,4.521,4.996,4.997,4.996,5.009,Sí,-0.488,2026-09-14,14/09/2026,4.54,0,Ajuste aplicado
AH_2026_2027,2026-09-14,2026-09-14 20:25:38.018943,Bellavista,9036028,2026-09-19,19/09/2026,4.494,4.491,4.501,4.492,4.494,4.982,4.979,4.989,4.98,4.983,4.492,4.492,4.491,4.501,4.98,4.981,4.979,4.989,Sí,-0.488,2026-09-14,14/09/2026,4.54,0,Ajuste aplicado
AH_2026_2027,2026-09-14,2026-09-14 20:25:38.018943,Bellavista,9036028,2026-09-20,20/09/2026,4.464,4.463,4.465,4.463,4.464,4.952,4.951,4.953,4.951,4.952,4.463,4.463,4.463,4.465,4.951,4.952,4.951,4.953,Sí,-0.488,2026-09-14,14/09/2026,4.54,0,Ajuste aplicado
AH_2026_2027,2026-09-14,2026-09-14 20:25:38.018943,Borja,9040208,2026-09-14,14/09/2026,3.64,3.639,3.642,3.639,3.64,4.257,4.257,4.259,4.257,4.257,3.639,3.639,3.639,3.642,4.257,4.257,4.257,4.259,Sí,-0.617,2026-09-14,14/09/2026,3.64,0,Ajuste aplicado
AH_2026_2027,2026-09-14,2026-09-14 20:25:38.018943,Borja,9040208,2026-09-15,15/09/2026,3.625,3.614,3.639,3.62,3.629,4.242,4.231,4.257,4.237,4.246,3.622,3.625,3.614,3.639,4.239,4.242,4.231,4.257,Sí,-0.617,2026-09-14,14/09/2026,3.64,0,Ajuste aplicado
AH_2026_2027,2026-09-14,2026-09-14 20:25:38.018943,Borja,9040208,2026-09-16,16/09/2026,3.678,3.658,3.707,3.665,3.687,4.295,4.275,4.324,4.282,4.304,3.667,3.68,3.658,3.707,4.284,4.298,4.275,4.324,Sí,-0.617,2026-09-14,14/09/2026,3.64,0,Ajuste aplicado
AH_2026_2027,2026-09-14,2026-09-14 20:25:38.018943,Borja,9040208,2026-09-17,17/09/2026,3.748,3.739,3.753,3.745,3.752,4.365,4.356,4.37,4.362,4.369,3.747,3.753,3.739,3.752,4.364,4.37,4.356,4.369,Sí,-0.617,2026-09-14,14/09/2026,3.64,0,Ajuste aplicado
AH_2026_2027,2026-09-14,2026-09-14 20:25:38.018943,Borja,9040208,2026-09-18,18/09/2026,3.846,3.813,3.881,3.825,3.866,4.463,4.43,4.498,4.442,4.483,3.861,3.881,3.813,3.829,4.478,4.498,4.43,4.447,Sí,-0.617,2026-09-14,14/09/2026,3.64,0,Ajuste aplicado
AH_2026_2027,2026-09-14,2026-09-14 20:25:38.018943,Borja,9040208,2026-09-19,19/09/2026,3.934,3.846,4.031,3.847,4.017,4.551,4.463,4.648,4.464,4.635,4.013,4.031,3.846,3.847,4.63,4.648,4.463,4.464,Sí,-0.617,2026-09-14,14/09/2026,3.64,0,Ajuste aplicado
AH_2026_2027,2026-09-14,2026-09-14 20:25:38.018943,Borja,9040208,2026-09-20,20/09/2026,3.982,3.846,4.126,3.855,4.106,4.599,4.463,4.743,4.472,4.723,4.099,4.126,3.858,3.846,4.716,4.743,4.476,4.463,Sí,-0.617,2026-09-14,14/09/2026,3.64,0,Ajuste aplicado
AH_2026_2027,2026-09-14,2026-09-14 20:25:38.018943,Contamana,9053555,2026-09-14,14/09/2026,6.74,6.74,6.74,6.74,6.74,11.942,11.942,11.942,11.942,11.942,6.74,6.74,6.74,6.74,11.942,11.942,11.942,11.942,Sí,-5.202,2026-09-14,14/09/2026,6.74,0,Offset alto: -5.20 m. Revisar estación.
AH_2026_2027,2026-09-14,2026-09-14 20:25:38.018943,Contamana,9053555,2026-09-15,15/09/2026,6.63,6.63,6.63,6.63,6.63,11.832,11.832,11.832,11.832,11.832,6.63,6.63,6.63,6.63,11.832,11.832,11.832,11.832,Sí,-5.202,2026-09-14,14/09/2026,6.74,0,Offset alto: -5.20 m. Revisar estación.
AH_2026_2027,2026-09-14,2026-09-14 20:25:38.018943,Contamana,9053555,2026-09-16,16/09/2026,6.524,6.523,6.526,6.524,6.524,11.726,11.726,11.728,11.726,11.726,6.524,6.523,6.524,6.526,11.726,11.726,11.726,11.728,Sí,-5.202,2026-09-14,14/09/2026,6.74,0,Offset alto: -5.20 m. Revisar estación.
AH_2026_2027,2026-09-14,2026-09-14 20:25:38.018943,Contamana,9053555,2026-09-17,17/09/2026,6.47,6.468,6.476,6.468,6.47,11.672,11.67,11.678,11.67,11.672,6.468,6.468,6.468,6.476,11.67,11.67,11.67,11.678,Sí,-5.202,2026-09-14,14/09/2026,6.74,0,Offset alto: -5.20 m. Revisar estación.
AH_2026_2027,2026-09-14,2026-09-14 20:25:38.018943,Contamana,9053555,2026-09-18,18/09/2026,6.444,6.436,6.467,6.436,6.444,11.646,11.638,11.669,11.638,11.646,6.437,6.436,6.436,6.467,11.639,11.638,11.638,11.669,Sí,-5.202,2026-09-14,14/09/2026,6.74,0,Offset alto: -5.20 m. Revisar estación.
AH_2026_2027,2026-09-14,2026-09-14 20:25:38.018943,Contamana,9053555,2026-09-19,19/09/2026,6.449,6.436,6.483,6.437,6.449,11.651,11.638,11.685,11.64,11.651,6.438,6.438,6.436,6.483,11.64,11.64,11.638,11.685,Sí,-5.202,2026-09-14,14/09/2026,6.74,0,Offset alto: -5.20 m. Revisar estación.
AH_2026_2027,2026-09-14,2026-09-14 20:25:38.018943,Contamana,9053555,2026-09-20,20/09/2026,6.475,6.465,6.495,6.468,6.476,11.677,11.667,11.697,11.67,11.678,6.47,6.469,6.465,6.495,11.672,11.671,11.667,11.697,Sí,-5.202,2026-09-14,14/09/2026,6.74,0,Offset alto: -5.20 m. Revisar estación.
AH_2026_2027,2026-09-14,2026-09-14 20:25:38.018943,ENAPU,9038134,2026-09-14,14/09/2026,3.84,-20.859,29.415,-20.809,28.052,82.02,57.321,107.594,57.37,106.231,29.415,27.597,-20.793,-20.859,107.594,105.777,57.387,57.321,Sí,-78.18,2026-09-14,14/09/2026,3.84,0,Offset alto: -78.18 m. Revisar estación.
AH_2026_2027,2026-09-14,2026-09-14 20:25:38.018943,ENAPU,9038134,2026-09-15,15/09/2026,29.973,29.519,30.983,29.573,30.095,108.153,107.698,109.163,107.753,108.275,30.983,29.799,29.519,29.592,109.163,107.979,107.698,107.771,Sí,-78.18,2026-09-14,14/09/2026,3.84,0,Offset alto: -78.18 m. Revisar estación.
AH_2026_2027,2026-09-14,2026-09-14 20:25:38.018943,ENAPU,9038134,2026-09-16,16/09/2026,30.545,29.855,31.621,30.061,30.836,108.725,108.034,109.8,108.241,109.016,31.621,30.574,29.855,30.13,109.8,108.754,108.034,108.31,Sí,-78.18,2026-09-14,14/09/2026,3.84,0,Offset alto: -78.18 m. Revisar estación.
AH_2026_2027,2026-09-14,2026-09-14 20:25:38.018943,ENAPU,9038134,2026-09-17,17/09/2026,30.967,30.193,32.013,30.544,31.254,109.147,108.372,110.193,108.724,109.433,32.013,31.0,30.193,30.662,110.193,109.18,108.372,108.841,Sí,-78.18,2026-09-14,14/09/2026,3.84,0,Offset alto: -78.18 m. Revisar estación.
AH_2026_2027,2026-09-14,2026-09-14 20:25:38.018943,ENAPU,9038134,2026-09-18,18/09/2026,31.285,30.58,32.109,31.033,31.478,109.465,108.76,110.289,109.212,109.658,32.109,31.184,30.58,31.268,110.289,109.363,108.76,109.447,Sí,-78.18,2026-09-14,14/09/2026,3.84,0,Offset alto: -78.18 m. Revisar estación.
AH_2026_2027,2026-09-14,2026-09-14 20:25:38.018943,ENAPU,9038134,2026-09-19,19/09/2026,31.494,30.716,32.013,31.12,31.997,109.673,108.896,110.192,109.299,110.176,32.013,31.254,30.716,31.991,110.192,109.434,108.896,110.171,Sí,-78.18,2026-09-14,14/09/2026,3.84,0,Offset alto: -78.18 m. Revisar estación.
AH_2026_2027,2026-09-14,2026-09-14 20:25:38.018943,ENAPU,9038134,2026-09-20,20/09/2026,31.461,30.688,32.23,31.041,31.882,109.64,108.868,110.409,109.221,110.061,31.766,31.159,30.688,32.23,109.945,109.339,108.868,110.409,Sí,-78.18,2026-09-14,14/09/2026,3.84,0,Offset alto: -78.18 m. Revisar estación.
AH_2026_2027,2026-09-14,2026-09-14 20:25:38.018943,Flor de Punga,9044756,2026-09-14,14/09/2026,11.899,11.899,11.899,11.899,11.899,11.899,11.899,11.899,11.899,11.899,11.899,11.899,11.899,11.899,11.899,11.899,11.899,11.899,No,,2026-05-14,14/05/2026,22.8,123,Observado muy antiguo para ajuste: 123 días
AH_2026_2027,2026-09-14,2026-09-14 20:25:38.018943,Flor de Punga,9044756,2026-09-15,15/09/2026,11.861,11.861,11.861,11.861,11.861,11.861,11.861,11.861,11.861,11.861,11.861,11.861,11.861,11.861,11.861,11.861,11.861,11.861,No,,2026-05-14,14/05/2026,22.8,123,Observado muy antiguo para ajuste: 123 días
AH_2026_2027,2026-09-14,2026-09-14 20:25:38.018943,Flor de Punga,9044756,2026-09-16,16/09/2026,11.746,11.746,11.746,11.746,11.746,11.746,11.746,11.746,11.746,11.746,11.746,11.746,11.746,11.746,11.746,11.746,11.746,11.746,No,,2026-05-14,14/05/2026,22.8,123,Observado muy antiguo para ajuste: 123 días
AH_2026_2027,2026-09-14,2026-09-14 20:25:38.018943,Flor de Punga,9044756,2026-09-17,17/09/2026,11.387,11.387,11.387,11.387,11.387,11.387,11.387,11.387,11.387,11.387,11.387,11.387,11.387,11.387,11.387,11.387,11.387,11.387,No,,2026-05-14,14/05/2026,22.8,123,Observado muy antiguo para ajuste: 123 días
AH_2026_2027,2026-09-14,2026-09-14 20:25:38.018943,Flor de Punga,9044756,2026-09-18,18/09/2026,11.104,11.103,11.105,11.104,11.104,11.104,11.103,11.105,11.104,11.104,11.104,11.104,11.103,11.105,11.104,11.104,11.103,11.105,No,,2026-05-14,14/05/2026,22.8,123,Observado muy antiguo para ajuste: 123 días
AH_2026_2027,2026-09-14,2026-09-14 20:25:38.018943,Flor de Punga,9044756,2026-09-19,19/09/2026,11.004,11.004,11.005,11.004,11.005,11.004,11.004,11.005,11.004,11.005,11.004,11.004,11.004,11.005,11.004,11.004,11.004,11.005,No,,2026-05-14,14/05/2026,22.8,123,Observado muy antiguo para ajuste: 123 días
AH_2026_2027,2026-09-14,2026-09-14 20:25:38.018943,Flor de Punga,9044756,2026-09-20,20/09/2026,10.976,10.976,10.977,10.976,10.976,10.976,10.976,10.977,10.976,10.976,10.976,10.976,10.976,10.977,10.976,10.976,10.976,10.977,No,,2026-05-14,14/05/2026,22.8,123,Observado muy antiguo para ajuste: 123 días
AH_2026_2027,2026-09-14,2026-09-14 20:25:38.018943,Genaro Herrera,9042214,2026-09-14,14/09/2026,6.37,6.37,6.37,6.37,6.37,8.489,8.489,8.489,8.489,8.489,6.37,6.37,6.37,6.37,8.489,8.489,8.489,8.489,Sí,-2.119,2026-09-14,14/09/2026,6.37,0,Offset alto: -2.12 m. Revisar estación.
AH_2026_2027,2026-09-14,2026-09-14 20:25:38.018943,Genaro Herrera,9042214,2026-09-15,15/09/2026,6.384,6.384,6.384,6.384,6.384,8.503,8.503,8.503,8.503,8.503,6.384,6.384,6.384,6.384,8.503,8.503,8.503,8.503,Sí,-2.119,2026-09-14,14/09/2026,6.37,0,Offset alto: -2.12 m. Revisar estación.
AH_2026_2027,2026-09-14,2026-09-14 20:25:38.018943,Genaro Herrera,9042214,2026-09-16,16/09/2026,6.385,6.385,6.385,6.385,6.385,8.504,8.504,8.504,8.504,8.504,6.385,6.385,6.385,6.385,8.504,8.504,8.504,8.504,Sí,-2.119,2026-09-14,14/09/2026,6.37,0,Offset alto: -2.12 m. Revisar estación.
AH_2026_2027,2026-09-14,2026-09-14 20:25:38.018943,Genaro Herrera,9042214,2026-09-17,17/09/2026,6.373,6.373,6.373,6.373,6.373,8.492,8.492,8.492,8.492,8.492,6.373,6.373,6.373,6.373,8.492,8.492,8.492,8.492,Sí,-2.119,2026-09-14,14/09/2026,6.37,0,Offset alto: -2.12 m. Revisar estación.
AH_2026_2027,2026-09-14,2026-09-14 20:25:38.018943,Genaro Herrera,9042214,2026-09-18,18/09/2026,6.34,6.34,6.34,6.34,6.34,8.459,8.459,8.459,8.459,8.459,6.34,6.34,6.34,6.34,8.459,8.459,8.459,8.459,Sí,-2.119,2026-09-14,14/09/2026,6.37,0,Offset alto: -2.12 m. Revisar estación.
AH_2026_2027,2026-09-14,2026-09-14 20:25:38.018943,Genaro Herrera,9042214,2026-09-19,19/09/2026,6.229,6.228,6.229,6.229,6.229,8.348,8.347,8.348,8.348,8.348,6.229,6.229,6.228,6.229,8.348,8.348,8.347,8.348,Sí,-2.119,2026-09-14,14/09/2026,6.37,0,Offset alto: -2.12 m. Revisar estación.
AH_2026_2027,2026-09-14,2026-09-14 20:25:38.018943,Genaro Herrera,9042214,2026-09-20,20/09/2026,6.178,6.177,6.179,6.177,6.178,8.296,8.296,8.298,8.296,8.296,6.177,6.177,6.177,6.179,8.296,8.296,8.296,8.298,Sí,-2.119,2026-09-14,14/09/2026,6.37,0,Offset alto: -2.12 m. Revisar estación.
AH_2026_2027,2026-09-14,2026-09-14 20:25:38.018943,Lagunas,9043597,2026-09-14,14/09/2026,3.95,3.95,3.95,3.95,3.95,4.3,4.3,4.3,4.3,4.3,3.95,3.95,3.95,3.95,4.3,4.3,4.3,4.3,Sí,-0.35,2026-09-14,14/09/2026,3.95,0,Ajuste aplicado
AH_2026_2027,2026-09-14,2026-09-14 20:25:38.018943,Lagunas,9043597,2026-09-15,15/09/2026,3.947,3.946,3.95,3.946,3.948,4.297,4.295,4.299,4.296,4.298,3.95,3.948,3.946,3.946,4.299,4.298,4.295,4.296,Sí,-0.35,2026-09-14,14/09/2026,3.95,0,Ajuste aplicado
AH_2026_2027,2026-09-14,2026-09-14 20:25:38.018943,Lagunas,9043597,2026-09-16,16/09/2026,3.961,3.958,3.964,3.958,3.963,4.31,4.307,4.314,4.308,4.313,3.964,3.962,3.958,3.958,4.314,4.312,4.307,4.308,Sí,-0.35,2026-09-14,14/09/2026,3.95,0,Ajuste aplicado
AH_2026_2027,2026-09-14,2026-09-14 20:25:38.018943,Lagunas,9043597,2026-09-17,17/09/2026,3.967,3.963,3.972,3.964,3.971,4.317,4.313,4.322,4.314,4.32,3.972,3.97,3.963,3.964,4.322,4.32,4.313,4.314,Sí,-0.35,2026-09-14,14/09/2026,3.95,0,Ajuste aplicado
AH_2026_2027,2026-09-14,2026-09-14 20:25:38.018943,Lagunas,9043597,2026-09-18,18/09/2026,4.016,3.985,4.036,4.011,4.027,4.366,4.335,4.386,4.361,4.377,4.036,4.02,4.024,3.985,4.386,4.37,4.374,4.335,Sí,-0.35,2026-09-14,14/09/2026,3.95,0,Ajuste aplicado
AH_2026_2027,2026-09-14,2026-09-14 20:25:38.018943,Lagunas,9043597,2026-09-19,19/09/2026,4.147,4.096,4.188,4.114,4.184,4.497,4.446,4.538,4.464,4.534,4.188,4.096,4.183,4.12,4.538,4.446,4.533,4.47,Sí,-0.35,2026-09-14,14/09/2026,3.95,0,Ajuste aplicado
AH_2026_2027,2026-09-14,2026-09-14 20:25:38.018943,Lagunas,9043597,2026-09-20,20/09/2026,4.489,4.362,4.591,4.437,4.552,4.839,4.712,4.941,4.787,4.902,4.591,4.362,4.539,4.463,4.941,4.712,4.888,4.812,Sí,-0.35,2026-09-14,14/09/2026,3.95,0,Ajuste aplicado
AH_2026_2027,2026-09-14,2026-09-14 20:25:38.018943,Nauta,9040454,2026-09-14,14/09/2026,5.44,5.44,5.441,5.44,5.44,5.097,5.097,5.098,5.097,5.097,5.44,5.44,5.44,5.441,5.097,5.097,5.097,5.098,Sí,0.343,2026-09-14,14/09/2026,5.44,0,Ajuste aplicado
AH_2026_2027,2026-09-14,2026-09-14 20:25:38.018943,Nauta,9040454,2026-09-15,15/09/2026,5.411,5.41,5.412,5.41,5.411,5.068,5.068,5.069,5.068,5.068,5.411,5.411,5.41,5.412,5.068,5.068,5.068,5.069,Sí,0.343,2026-09-14,14/09/2026,5.44,0,Ajuste aplicado
AH_2026_2027,2026-09-14,2026-09-14 20:25:38.018943,Nauta,9040454,2026-09-16,16/09/2026,5.38,5.375,5.387,5.378,5.382,5.038,5.032,5.045,5.035,5.04,5.381,5.379,5.375,5.387,5.038,5.036,5.032,5.045,Sí,0.343,2026-09-14,14/09/2026,5.44,0,Ajuste aplicado
AH_2026_2027,2026-09-14,2026-09-14 20:25:38.018943,Nauta,9040454,2026-09-17,17/09/2026,5.342,5.337,5.346,5.341,5.344,5.0,4.994,5.004,4.998,5.002,5.344,5.342,5.337,5.346,5.001,5.0,4.994,5.004,Sí,0.343,2026-09-14,14/09/2026,5.44,0,Ajuste aplicado
AH_2026_2027,2026-09-14,2026-09-14 20:25:38.018943,Nauta,9040454,2026-09-18,18/09/2026,5.309,5.306,5.312,5.308,5.31,4.966,4.964,4.969,4.965,4.967,5.31,5.309,5.306,5.312,4.967,4.966,4.964,4.969,Sí,0.343,2026-09-14,14/09/2026,5.44,0,Ajuste aplicado
AH_2026_2027,2026-09-14,2026-09-14 20:25:38.018943,Nauta,9040454,2026-09-19,19/09/2026,5.264,5.263,5.264,5.264,5.264,4.921,4.921,4.922,4.921,4.921,5.264,5.264,5.263,5.264,4.921,4.921,4.921,4.922,Sí,0.343,2026-09-14,14/09/2026,5.44,0,Ajuste aplicado
AH_2026_2027,2026-09-14,2026-09-14 20:25:38.018943,Nauta,9040454,2026-09-20,20/09/2026,5.166,5.164,5.167,5.165,5.166,4.823,4.822,4.825,4.823,4.824,5.166,5.166,5.164,5.167,4.823,4.823,4.822,4.825,Sí,0.343,2026-09-14,14/09/2026,5.44,0,Ajuste aplicado
AH_2026_2027,2026-09-14,2026-09-14 20:25:38.018943,Puerto Alegria,9038835,2026-09-14,14/09/2026,9.81,9.81,9.81,9.81,9.81,10.063,10.063,10.063,10.063,10.063,9.81,9.81,9.81,9.81,10.063,10.063,10.063,10.063,Sí,-0.253,2026-09-14,14/09/2026,9.81,0,Ajuste aplicado
AH_2026_2027,2026-09-14,2026-09-14 20:25:38.018943,Puerto Alegria,9038835,2026-09-15,15/09/2026,9.818,9.81,9.825,9.816,9.821,10.071,10.063,10.078,10.069,10.074,9.818,9.82,9.825,9.81,10.071,10.073,10.078,10.063,Sí,-0.253,2026-09-14,14/09/2026,9.81,0,Ajuste aplicado
AH_2026_2027,2026-09-14,2026-09-14 20:25:38.018943,Puerto Alegria,9038835,2026-09-16,16/09/2026,9.823,9.807,9.833,9.821,9.828,10.076,10.06,10.086,10.074,10.081,9.825,9.827,9.833,9.807,10.078,10.079,10.086,10.06,Sí,-0.253,2026-09-14,14/09/2026,9.81,0,Ajuste aplicado
AH_2026_2027,2026-09-14,2026-09-14 20:25:38.018943,Puerto Alegria,9038835,2026-09-17,17/09/2026,9.812,9.768,9.834,9.809,9.828,10.065,10.021,10.086,10.062,10.081,9.823,9.826,9.834,9.768,10.076,10.079,10.086,10.021,Sí,-0.253,2026-09-14,14/09/2026,9.81,0,Ajuste aplicado
AH_2026_2027,2026-09-14,2026-09-14 20:25:38.018943,Puerto Alegria,9038835,2026-09-18,18/09/2026,9.779,9.745,9.807,9.764,9.796,10.031,9.998,10.06,10.017,10.049,9.77,9.792,9.807,9.745,10.023,10.045,10.06,9.998,Sí,-0.253,2026-09-14,14/09/2026,9.81,0,Ajuste aplicado
AH_2026_2027,2026-09-14,2026-09-14 20:25:38.018943,Puerto Alegria,9038835,2026-09-19,19/09/2026,9.73,9.714,9.744,9.718,9.742,9.983,9.967,9.996,9.971,9.995,9.714,9.719,9.744,9.742,9.967,9.972,9.996,9.995,Sí,-0.253,2026-09-14,14/09/2026,9.81,0,Ajuste aplicado
AH_2026_2027,2026-09-14,2026-09-14 20:25:38.018943,Puerto Alegria,9038835,2026-09-20,20/09/2026,9.686,9.672,9.713,9.676,9.689,9.939,9.925,9.966,9.929,9.942,9.672,9.678,9.681,9.713,9.925,9.93,9.934,9.966,Sí,-0.253,2026-09-14,14/09/2026,9.81,0,Ajuste aplicado
AH_2026_2027,2026-09-14,2026-09-14 20:25:38.018943,Puerto Almendra,9037610,2026-09-14,14/09/2026,2.28,2.279,2.283,2.279,2.28,2.704,2.703,2.708,2.703,2.705,2.283,2.279,2.279,2.279,2.708,2.703,2.703,2.703,Sí,-0.424,2026-09-14,14/09/2026,2.28,0,Ajuste aplicado
AH_2026_2027,2026-09-14,2026-09-14 20:25:38.018943,Puerto Almendra,9037610,2026-09-15,15/09/2026,2.404,2.373,2.449,2.389,2.41,2.828,2.798,2.874,2.813,2.835,2.449,2.397,2.373,2.394,2.874,2.822,2.798,2.818,Sí,-0.424,2026-09-14,14/09/2026,2.28,0,Ajuste aplicado
AH_2026_2027,2026-09-14,2026-09-14 20:25:38.018943,Puerto Almendra,9037610,2026-09-16,16/09/2026,2.722,2.628,2.819,2.691,2.753,3.147,3.052,3.244,3.116,3.177,2.819,2.731,2.628,2.712,3.244,3.155,3.052,3.137,Sí,-0.424,2026-09-14,14/09/2026,2.28,0,Ajuste aplicado
AH_2026_2027,2026-09-14,2026-09-14 20:25:38.018943,Puerto Almendra,9037610,2026-09-17,17/09/2026,2.994,2.812,3.112,2.937,3.084,3.419,3.236,3.536,3.361,3.508,3.112,3.074,2.812,2.979,3.536,3.499,3.236,3.403,Sí,-0.424,2026-09-14,14/09/2026,2.28,0,Ajuste aplicado
AH_2026_2027,2026-09-14,2026-09-14 20:25:38.018943,Puerto Almendra,9037610,2026-09-18,18/09/2026,3.087,2.766,3.267,2.981,3.263,3.511,3.191,3.691,3.406,3.687,3.267,3.262,2.766,3.053,3.691,3.686,3.191,3.477,Sí,-0.424,2026-09-14,14/09/2026,2.28,0,Ajuste aplicado
AH_2026_2027,2026-09-14,2026-09-14 20:25:38.018943,Puerto Almendra,9037610,2026-09-19,19/09/2026,3.139,2.606,3.523,2.942,3.411,3.564,3.031,3.948,3.366,3.836,3.374,3.523,2.606,3.054,3.798,3.948,3.031,3.478,Sí,-0.424,2026-09-14,14/09/2026,2.28,0,Ajuste aplicado
AH_2026_2027,2026-09-14,2026-09-14 20:25:38.018943,Puerto Almendra,9037610,2026-09-20,20/09/2026,3.072,2.409,3.511,2.889,3.367,3.496,2.833,3.935,3.313,3.791,3.319,3.511,2.409,3.049,3.743,3.935,2.833,3.473,Sí,-0.424,2026-09-14,14/09/2026,2.28,0,Ajuste aplicado
AH_2026_2027,2026-09-14,2026-09-14 20:25:38.018943,Requena,9043425,2026-09-14,14/09/2026,4.85,4.85,4.85,4.85,4.85,5.267,5.267,5.267,5.267,5.267,4.85,4.85,4.85,4.85,5.267,5.267,5.267,5.267,Sí,-0.417,2026-09-14,14/09/2026,4.85,0,Ajuste aplicado
AH_2026_2027,2026-09-14,2026-09-14 20:25:38.018943,Requena,9043425,2026-09-15,15/09/2026,4.826,4.826,4.826,4.826,4.826,5.243,5.243,5.243,5.243,5.243,4.826,4.826,4.826,4.826,5.243,5.243,5.243,5.243,Sí,-0.417,2026-09-14,14/09/2026,4.85,0,Ajuste aplicado
AH_2026_2027,2026-09-14,2026-09-14 20:25:38.018943,Requena,9043425,2026-09-16,16/09/2026,4.817,4.817,4.817,4.817,4.817,5.235,5.235,5.235,5.235,5.235,4.817,4.817,4.817,4.817,5.235,5.235,5.235,5.235,Sí,-0.417,2026-09-14,14/09/2026,4.85,0,Ajuste aplicado
AH_2026_2027,2026-09-14,2026-09-14 20:25:38.018943,Requena,9043425,2026-09-17,17/09/2026,4.808,4.807,4.808,4.808,4.808,5.225,5.225,5.225,5.225,5.225,4.808,4.808,4.807,4.808,5.225,5.225,5.225,5.225,Sí,-0.417,2026-09-14,14/09/2026,4.85,0,Ajuste aplicado
AH_2026_2027,2026-09-14,2026-09-14 20:25:38.018943,Requena,9043425,2026-09-18,18/09/2026,4.794,4.794,4.794,4.794,4.794,5.211,5.211,5.211,5.211,5.211,4.794,4.794,4.794,4.794,5.211,5.211,5.211,5.211,Sí,-0.417,2026-09-14,14/09/2026,4.85,0,Ajuste aplicado
AH_2026_2027,2026-09-14,2026-09-14 20:25:38.018943,Requena,9043425,2026-09-19,19/09/2026,4.779,4.779,4.779,4.779,4.779,5.197,5.196,5.197,5.197,5.197,4.779,4.779,4.779,4.779,5.197,5.197,5.197,5.196,Sí,-0.417,2026-09-14,14/09/2026,4.85,0,Ajuste aplicado
AH_2026_2027,2026-09-14,2026-09-14 20:25:38.018943,Requena,9043425,2026-09-20,20/09/2026,4.771,4.77,4.772,4.771,4.771,5.188,5.188,5.189,5.188,5.189,4.771,4.772,4.771,4.77,5.189,5.189,5.188,5.188,Sí,-0.417,2026-09-14,14/09/2026,4.85,0,Ajuste aplicado
AH_2026_2027,2026-09-14,2026-09-14 20:25:38.018943,San Lorenzo,9042153,2026-09-14,14/09/2026,9.697,9.697,9.697,9.697,9.697,9.697,9.697,9.697,9.697,9.697,9.697,9.697,9.697,9.697,9.697,9.697,9.697,9.697,No,,2025-09-30,30/09/2025,7.19,349,Observado muy antiguo para ajuste: 349 días
AH_2026_2027,2026-09-14,2026-09-14 20:25:38.018943,San Lorenzo,9042153,2026-09-15,15/09/2026,9.648,9.648,9.648,9.648,9.648,9.648,9.648,9.648,9.648,9.648,9.648,9.648,9.648,9.648,9.648,9.648,9.648,9.648,No,,2025-09-30,30/09/2025,7.19,349,Observado muy antiguo para ajuste: 349 días
AH_2026_2027,2026-09-14,2026-09-14 20:25:38.018943,San Lorenzo,9042153,2026-09-16,16/09/2026,9.618,9.617,9.619,9.618,9.618,9.618,9.617,9.619,9.618,9.618,9.618,9.618,9.617,9.619,9.618,9.618,9.617,9.619,No,,2025-09-30,30/09/2025,7.19,349,Observado muy antiguo para ajuste: 349 días
AH_2026_2027,2026-09-14,2026-09-14 20:25:38.018943,San Lorenzo,9042153,2026-09-17,17/09/2026,9.585,9.577,9.597,9.581,9.588,9.585,9.577,9.597,9.581,9.588,9.583,9.585,9.577,9.597,9.583,9.585,9.577,9.597,No,,2025-09-30,30/09/2025,7.19,349,Observado muy antiguo para ajuste: 349 días
AH_2026_2027,2026-09-14,2026-09-14 20:25:38.018943,San Lorenzo,9042153,2026-09-18,18/09/2026,9.585,9.576,9.602,9.577,9.589,9.585,9.576,9.602,9.577,9.589,9.578,9.584,9.576,9.602,9.578,9.584,9.576,9.602,No,,2025-09-30,30/09/2025,7.19,349,Observado muy antiguo para ajuste: 349 días
AH_2026_2027,2026-09-14,2026-09-14 20:25:38.018943,San Lorenzo,9042153,2026-09-19,19/09/2026,9.615,9.608,9.619,9.613,9.618,9.615,9.608,9.619,9.613,9.618,9.614,9.618,9.608,9.619,9.614,9.618,9.608,9.619,No,,2025-09-30,30/09/2025,7.19,349,Observado muy antiguo para ajuste: 349 días
AH_2026_2027,2026-09-14,2026-09-14 20:25:38.018943,San Lorenzo,9042153,2026-09-20,20/09/2026,9.644,9.629,9.655,9.639,9.651,9.644,9.629,9.655,9.639,9.651,9.649,9.655,9.629,9.642,9.649,9.655,9.629,9.642,No,,2025-09-30,30/09/2025,7.19,349,Observado muy antiguo para ajuste: 349 días
AH_2026_2027,2026-09-14,2026-09-14 20:25:38.018943,San Regis,9040439,2026-09-14,14/09/2026,4.85,4.85,4.85,4.85,4.85,5.309,5.309,5.309,5.309,5.309,4.85,4.85,4.85,4.85,5.309,5.309,5.309,5.309,Sí,-0.459,2026-09-14,14/09/2026,4.85,0,Ajuste aplicado
AH_2026_2027,2026-09-14,2026-09-14 20:25:38.018943,San Regis,9040439,2026-09-15,15/09/2026,4.849,4.849,4.849,4.849,4.849,5.308,5.308,5.308,5.308,5.308,4.849,4.849,4.849,4.849,5.308,5.308,5.308,5.308,Sí,-0.459,2026-09-14,14/09/2026,4.85,0,Ajuste aplicado
AH_2026_2027,2026-09-14,2026-09-14 20:25:38.018943,San Regis,9040439,2026-09-16,16/09/2026,4.832,4.832,4.832,4.832,4.832,5.291,5.291,5.291,5.291,5.291,4.832,4.832,4.832,4.832,5.291,5.291,5.291,5.291,Sí,-0.459,2026-09-14,14/09/2026,4.85,0,Ajuste aplicado
AH_2026_2027,2026-09-14,2026-09-14 20:25:38.018943,San Regis,9040439,2026-09-17,17/09/2026,4.809,4.809,4.809,4.809,4.809,5.267,5.267,5.267,5.267,5.267,4.809,4.809,4.809,4.809,5.267,5.267,5.267,5.267,Sí,-0.459,2026-09-14,14/09/2026,4.85,0,Ajuste aplicado
AH_2026_2027,2026-09-14,2026-09-14 20:25:38.018943,San Regis,9040439,2026-09-18,18/09/2026,4.79,4.79,4.79,4.79,4.79,5.249,5.249,5.249,5.249,5.249,4.79,4.79,4.79,4.79,5.249,5.249,5.249,5.249,Sí,-0.459,2026-09-14,14/09/2026,4.85,0,Ajuste aplicado
AH_2026_2027,2026-09-14,2026-09-14 20:25:38.018943,San Regis,9040439,2026-09-19,19/09/2026,4.749,4.748,4.749,4.749,4.749,5.208,5.207,5.208,5.208,5.208,4.749,4.749,4.748,4.749,5.208,5.208,5.207,5.208,Sí,-0.459,2026-09-14,14/09/2026,4.85,0,Ajuste aplicado
AH_2026_2027,2026-09-14,2026-09-14 20:25:38.018943,San Regis,9040439,2026-09-20,20/09/2026,4.692,4.689,4.692,4.692,4.692,5.15,5.148,5.151,5.15,5.151,4.692,4.692,4.689,4.692,5.151,5.151,5.148,5.151,Sí,-0.459,2026-09-14,14/09/2026,4.85,0,Ajuste aplicado
AH_2026_2027,2026-09-14,2026-09-14 20:25:38.018943,Santa Clotilde,9032282,2026-09-14,14/09/2026,7.25,7.25,7.25,7.25,7.25,6.711,6.711,6.711,6.711,6.711,7.25,7.25,7.25,7.25,6.711,6.711,6.711,6.711,Sí,0.539,2026-09-14,14/09/2026,7.25,0,Ajuste aplicado
AH_2026_2027,2026-09-14,2026-09-14 20:25:38.018943,Santa Clotilde,9032282,2026-09-15,15/09/2026,7.232,7.232,7.232,7.232,7.232,6.693,6.693,6.693,6.693,6.693,7.232,7.232,7.232,7.232,6.693,6.693,6.693,6.693,Sí,0.539,2026-09-14,14/09/2026,7.25,0,Ajuste aplicado
AH_2026_2027,2026-09-14,2026-09-14 20:25:38.018943,Santa Clotilde,9032282,2026-09-16,16/09/2026,7.19,7.19,7.19,7.19,7.19,6.651,6.65,6.651,6.65,6.651,7.19,7.19,7.19,7.19,6.651,6.651,6.651,6.65,Sí,0.539,2026-09-14,14/09/2026,7.25,0,Ajuste aplicado
AH_2026_2027,2026-09-14,2026-09-14 20:25:38.018943,Santa Clotilde,9032282,2026-09-17,17/09/2026,7.132,7.13,7.135,7.131,7.133,6.593,6.591,6.595,6.591,6.593,7.131,7.132,7.135,7.13,6.592,6.593,6.595,6.591,Sí,0.539,2026-09-14,14/09/2026,7.25,0,Ajuste aplicado
AH_2026_2027,2026-09-14,2026-09-14 20:25:38.018943,Santa Clotilde,9032282,2026-09-18,18/09/2026,7.036,7.032,7.042,7.032,7.038,6.496,6.493,6.503,6.493,6.499,7.032,7.037,7.042,7.032,6.493,6.497,6.503,6.493,Sí,0.539,2026-09-14,14/09/2026,7.25,0,Ajuste aplicado
AH_2026_2027,2026-09-14,2026-09-14 20:25:38.018943,Santa Clotilde,9032282,2026-09-19,19/09/2026,7.011,7.011,7.011,7.011,7.011,6.471,6.471,6.472,6.471,6.472,7.011,7.011,7.011,7.011,6.471,6.472,6.472,6.471,Sí,0.539,2026-09-14,14/09/2026,7.25,0,Ajuste aplicado
AH_2026_2027,2026-09-14,2026-09-14 20:25:38.018943,Santa Clotilde,9032282,2026-09-20,20/09/2026,6.998,6.997,6.999,6.998,6.999,6.459,6.458,6.46,6.459,6.46,6.999,6.999,6.999,6.997,6.46,6.46,6.459,6.458,Sí,0.539,2026-09-14,14/09/2026,7.25,0,Ajuste aplicado
AH_2026_2027,2026-09-14,2026-09-14 20:25:38.018943,Santa María de Nanay,9037738,2026-09-14,14/09/2026,4.04,3.997,4.072,4.031,4.054,4.124,4.081,4.155,4.115,4.138,4.072,4.049,3.997,4.043,4.155,4.132,4.081,4.126,Sí,-0.084,2026-09-14,14/09/2026,4.04,0,Ajuste aplicado
AH_2026_2027,2026-09-14,2026-09-14 20:25:38.018943,Santa María de Nanay,9037738,2026-09-15,15/09/2026,4.374,4.214,4.451,4.365,4.426,4.458,4.297,4.534,4.448,4.509,4.451,4.417,4.214,4.415,4.534,4.501,4.297,4.499,Sí,-0.084,2026-09-14,14/09/2026,4.04,0,Ajuste aplicado
AH_2026_2027,2026-09-14,2026-09-14 20:25:38.018943,Santa María de Nanay,9037738,2026-09-16,16/09/2026,4.61,4.449,4.723,4.528,4.717,4.694,4.533,4.806,4.611,4.801,4.716,4.723,4.449,4.554,4.799,4.806,4.533,4.637,Sí,-0.084,2026-09-14,14/09/2026,4.04,0,Ajuste aplicado
AH_2026_2027,2026-09-14,2026-09-14 20:25:38.018943,Santa María de Nanay,9037738,2026-09-17,17/09/2026,4.66,4.392,4.894,4.456,4.88,4.743,4.475,4.978,4.54,4.964,4.875,4.894,4.392,4.478,4.959,4.978,4.475,4.561,Sí,-0.084,2026-09-14,14/09/2026,4.04,0,Ajuste aplicado
AH_2026_2027,2026-09-14,2026-09-14 20:25:38.018943,Santa María de Nanay,9037738,2026-09-18,18/09/2026,4.751,4.185,5.113,4.515,5.088,4.834,4.268,5.196,4.599,5.172,5.08,5.113,4.185,4.625,5.164,5.196,4.268,4.709,Sí,-0.084,2026-09-14,14/09/2026,4.04,0,Ajuste aplicado
AH_2026_2027,2026-09-14,2026-09-14 20:25:38.018943,Santa María de Nanay,9037738,2026-09-19,19/09/2026,4.781,4.097,5.12,4.636,5.098,4.864,4.18,5.203,4.719,5.182,5.091,5.12,4.097,4.815,5.175,5.203,4.18,4.899,Sí,-0.084,2026-09-14,14/09/2026,4.04,0,Ajuste aplicado
AH_2026_2027,2026-09-14,2026-09-14 20:25:38.018943,Santa María de Nanay,9037738,2026-09-20,20/09/2026,4.582,3.928,4.887,4.492,4.847,4.666,4.012,4.971,4.575,4.931,4.834,4.887,3.928,4.679,4.917,4.971,4.012,4.763,Sí,-0.084,2026-09-14,14/09/2026,4.04,0,Ajuste aplicado
AH_2026_2027,2026-09-14,2026-09-14 20:25:38.018943,Santa Rosa,9039635,2026-09-14,14/09/2026,2.76,2.76,2.76,2.76,2.76,3.34,3.339,3.34,3.34,3.34,2.76,2.76,2.76,2.76,3.34,3.34,3.34,3.339,Sí,-0.58,2026-09-14,14/09/2026,2.76,0,Ajuste aplicado
AH_2026_2027,2026-09-14,2026-09-14 20:25:38.018943,Santa Rosa,9039635,2026-09-15,15/09/2026,2.765,2.761,2.776,2.761,2.765,3.345,3.341,3.356,3.341,3.345,2.762,2.762,2.776,2.761,3.341,3.342,3.356,3.341,Sí,-0.58,2026-09-14,14/09/2026,2.76,0,Ajuste aplicado
AH_2026_2027,2026-09-14,2026-09-14 20:25:38.018943,Santa Rosa,9039635,2026-09-16,16/09/2026,2.771,2.749,2.78,2.769,2.778,3.35,3.329,3.36,3.349,3.358,2.776,2.778,2.78,2.749,3.356,3.358,3.36,3.329,Sí,-0.58,2026-09-14,14/09/2026,2.76,0,Ajuste aplicado
AH_2026_2027,2026-09-14,2026-09-14 20:25:38.018943,Santa Rosa,9039635,2026-09-17,17/09/2026,2.764,2.716,2.782,2.764,2.78,3.344,3.296,3.362,3.344,3.36,2.78,2.78,2.782,2.716,3.36,3.36,3.362,3.296,Sí,-0.58,2026-09-14,14/09/2026,2.76,0,Ajuste aplicado
AH_2026_2027,2026-09-14,2026-09-14 20:25:38.018943,Santa Rosa,9039635,2026-09-18,18/09/2026,2.747,2.707,2.778,2.735,2.763,3.327,3.287,3.358,3.314,3.343,2.744,2.758,2.778,2.707,3.324,3.338,3.358,3.287,Sí,-0.58,2026-09-14,14/09/2026,2.76,0,Ajuste aplicado
AH_2026_2027,2026-09-14,2026-09-14 20:25:38.018943,Santa Rosa,9039635,2026-09-19,19/09/2026,2.702,2.696,2.708,2.696,2.706,3.281,3.276,3.287,3.276,3.286,2.696,2.706,2.708,2.696,3.276,3.286,3.287,3.276,Sí,-0.58,2026-09-14,14/09/2026,2.76,0,Ajuste aplicado
AH_2026_2027,2026-09-14,2026-09-14 20:25:38.018943,Santa Rosa,9039635,2026-09-20,20/09/2026,2.675,2.665,2.688,2.667,2.682,3.255,3.244,3.268,3.247,3.262,2.665,2.667,2.679,2.688,3.244,3.247,3.259,3.268,Sí,-0.58,2026-09-14,14/09/2026,2.76,0,Ajuste aplicado
AH_2026_2027,2026-09-14,2026-09-14 20:25:38.018943,Tamshiyacu,9038269,2026-09-14,14/09/2026,1.86,1.86,1.86,1.86,1.86,2.229,2.229,2.229,2.229,2.229,1.86,1.86,1.86,1.86,2.229,2.229,2.229,2.229,Sí,-0.369,2026-09-14,14/09/2026,1.86,0,Ajuste aplicado
AH_2026_2027,2026-09-14,2026-09-14 20:25:38.018943,Tamshiyacu,9038269,2026-09-15,15/09/2026,1.848,1.848,1.848,1.848,1.848,2.217,2.217,2.217,2.217,2.217,1.848,1.848,1.848,1.848,2.217,2.217,2.217,2.217,Sí,-0.369,2026-09-14,14/09/2026,1.86,0,Ajuste aplicado
AH_2026_2027,2026-09-14,2026-09-14 20:25:38.018943,Tamshiyacu,9038269,2026-09-16,16/09/2026,1.847,1.846,1.847,1.846,1.847,2.216,2.215,2.216,2.215,2.216,1.847,1.847,1.846,1.847,2.216,2.215,2.215,2.216,Sí,-0.369,2026-09-14,14/09/2026,1.86,0,Ajuste aplicado
AH_2026_2027,2026-09-14,2026-09-14 20:25:38.018943,Tamshiyacu,9038269,2026-09-17,17/09/2026,1.845,1.842,1.847,1.843,1.846,2.213,2.21,2.216,2.212,2.215,1.845,1.844,1.842,1.847,2.214,2.213,2.21,2.216,Sí,-0.369,2026-09-14,14/09/2026,1.86,0,Ajuste aplicado
AH_2026_2027,2026-09-14,2026-09-14 20:25:38.018943,Tamshiyacu,9038269,2026-09-18,18/09/2026,1.84,1.84,1.841,1.84,1.84,2.209,2.209,2.21,2.209,2.209,1.84,1.84,1.84,1.841,2.209,2.209,2.209,2.21,Sí,-0.369,2026-09-14,14/09/2026,1.86,0,Ajuste aplicado
AH_2026_2027,2026-09-14,2026-09-14 20:25:38.018943,Tamshiyacu,9038269,2026-09-19,19/09/2026,1.832,1.829,1.835,1.831,1.832,2.2,2.197,2.204,2.199,2.201,1.831,1.831,1.829,1.835,2.2,2.2,2.197,2.204,Sí,-0.369,2026-09-14,14/09/2026,1.86,0,Ajuste aplicado
AH_2026_2027,2026-09-14,2026-09-14 20:25:38.018943,Tamshiyacu,9038269,2026-09-20,20/09/2026,1.805,1.798,1.814,1.803,1.807,2.174,2.167,2.183,2.172,2.176,1.805,1.805,1.798,1.814,2.173,2.173,2.167,2.183,Sí,-0.369,2026-09-14,14/09/2026,1.86,0,Ajuste aplicado
AH_2026_2027,2026-09-14,2026-09-14 20:25:38.018943,Timicurillo,9036459,2026-09-14,14/09/2026,6.27,6.27,6.271,6.27,6.27,5.879,5.879,5.88,5.879,5.88,6.27,6.27,6.27,6.271,5.879,5.879,5.879,5.88,Sí,0.391,2026-09-13,13/09/2026,6.27,1,Ajuste aplicado
AH_2026_2027,2026-09-14,2026-09-14 20:25:38.018943,Timicurillo,9036459,2026-09-15,15/09/2026,6.208,6.207,6.208,6.207,6.208,5.817,5.816,5.818,5.817,5.818,6.208,6.207,6.207,6.208,5.818,5.817,5.816,5.818,Sí,0.391,2026-09-13,13/09/2026,6.27,1,Ajuste aplicado
AH_2026_2027,2026-09-14,2026-09-14 20:25:38.018943,Timicurillo,9036459,2026-09-16,16/09/2026,6.205,6.201,6.208,6.204,6.207,5.815,5.81,5.818,5.813,5.817,6.208,6.205,6.201,6.207,5.818,5.814,5.81,5.817,Sí,0.391,2026-09-13,13/09/2026,6.27,1,Ajuste aplicado
AH_2026_2027,2026-09-14,2026-09-14 20:25:38.018943,Timicurillo,9036459,2026-09-17,17/09/2026,6.234,6.21,6.253,6.223,6.247,5.843,5.819,5.863,5.832,5.856,6.253,6.227,6.21,6.245,5.863,5.837,5.819,5.854,Sí,0.391,2026-09-13,13/09/2026,6.27,1,Ajuste aplicado
AH_2026_2027,2026-09-14,2026-09-14 20:25:38.018943,Timicurillo,9036459,2026-09-18,18/09/2026,6.365,6.219,6.499,6.333,6.404,5.975,5.829,6.108,5.943,6.013,6.499,6.371,6.219,6.372,6.108,5.981,5.829,5.982,Sí,0.391,2026-09-13,13/09/2026,6.27,1,Ajuste aplicado
AH_2026_2027,2026-09-14,2026-09-14 20:25:38.018943,Timicurillo,9036459,2026-09-19,19/09/2026,6.488,6.208,6.663,6.372,6.656,6.097,5.818,6.273,5.982,6.265,6.663,6.654,6.208,6.427,6.273,6.263,5.818,6.036,Sí,0.391,2026-09-13,13/09/2026,6.27,1,Ajuste aplicado
AH_2026_2027,2026-09-14,2026-09-14 20:25:38.018943,Timicurillo,9036459,2026-09-20,20/09/2026,6.414,6.189,6.601,6.315,6.531,6.023,5.798,6.21,5.924,6.141,6.508,6.601,6.189,6.357,6.117,6.21,5.798,5.967,Sí,0.391,2026-09-13,13/09/2026,6.27,1,Ajuste aplicado
AH_2026_2027,2026-09-14,2026-09-14 20:25:38.018943,Yurimaguas,9046779,2026-09-14,14/09/2026,127.34,127.34,127.34,127.34,127.34,128.074,128.073,128.074,128.073,128.074,127.34,127.34,127.34,127.34,128.074,128.074,128.073,128.073,Sí,-0.734,2026-09-11,11/09/2026,127.34,3,Ajuste aplicado
AH_2026_2027,2026-09-14,2026-09-14 20:25:38.018943,Yurimaguas,9046779,2026-09-15,15/09/2026,127.343,127.343,127.343,127.343,127.343,128.077,128.076,128.077,128.076,128.077,127.343,127.343,127.343,127.343,128.077,128.077,128.076,128.076,Sí,-0.734,2026-09-11,11/09/2026,127.34,3,Ajuste aplicado
AH_2026_2027,2026-09-14,2026-09-14 20:25:38.018943,Yurimaguas,9046779,2026-09-16,16/09/2026,127.362,127.36,127.364,127.36,127.364,128.095,128.093,128.097,128.094,128.097,127.364,127.36,127.364,127.36,128.097,128.094,128.097,128.093,Sí,-0.734,2026-09-11,11/09/2026,127.34,3,Ajuste aplicado
AH_2026_2027,2026-09-14,2026-09-14 20:25:38.018943,Yurimaguas,9046779,2026-09-17,17/09/2026,127.541,127.464,127.607,127.482,127.606,128.275,128.198,128.34,128.216,128.339,127.605,127.464,127.607,127.488,128.339,128.198,128.34,128.222,Sí,-0.734,2026-09-11,11/09/2026,127.34,3,Ajuste aplicado
AH_2026_2027,2026-09-14,2026-09-14 20:25:38.018943,Yurimaguas,9046779,2026-09-18,18/09/2026,128.027,127.862,128.133,127.969,128.113,128.76,128.596,128.866,128.703,128.847,128.133,127.862,128.107,128.005,128.866,128.596,128.84,128.738,Sí,-0.734,2026-09-11,11/09/2026,127.34,3,Ajuste aplicado
AH_2026_2027,2026-09-14,2026-09-14 20:25:38.018943,Yurimaguas,9046779,2026-09-19,19/09/2026,128.514,128.272,128.666,128.485,128.587,129.247,129.005,129.399,129.219,129.32,128.666,128.272,128.557,128.56,129.399,129.005,129.29,129.294,Sí,-0.734,2026-09-11,11/09/2026,127.34,3,Ajuste aplicado
AH_2026_2027,2026-09-14,2026-09-14 20:25:38.018943,Yurimaguas,9046779,2026-09-20,20/09/2026,128.829,128.739,128.957,128.753,128.886,129.563,129.473,129.69,129.486,129.62,128.957,128.758,128.739,128.863,129.69,129.491,129.473,129.596,Sí,-0.734,2026-09-11,11/09/2026,127.34,3,Ajuste aplicado
AH_2026_2027,2026-09-15,2026-09-15 19:49:18.496678,Angamos,9043370,2026-09-15,15/09/2026,0.8,0.796,0.811,0.796,0.8,7.412,7.409,7.423,7.409,7.412,0.796,0.811,0.797,0.796,7.409,7.423,7.409,7.409,Sí,-6.612,2026-09-15,15/09/2026,0.8,0,Offset alto: -6.61 m. Revisar estación.
AH_2026_2027,2026-09-15,2026-09-15 19:49:18.496678,Angamos,9043370,2026-09-16,16/09/2026,0.799,0.795,0.812,0.795,0.799,7.411,7.407,7.424,7.407,7.412,0.795,0.812,0.795,0.795,7.407,7.424,7.407,7.407,Sí,-6.612,2026-09-15,15/09/2026,0.8,0,Offset alto: -6.61 m. Revisar estación.
AH_2026_2027,2026-09-15,2026-09-15 19:49:18.496678,Angamos,9043370,2026-09-17,17/09/2026,0.799,0.792,0.816,0.793,0.799,7.411,7.405,7.428,7.405,7.411,0.793,0.816,0.793,0.792,7.405,7.428,7.406,7.405,Sí,-6.612,2026-09-15,15/09/2026,0.8,0,Offset alto: -6.61 m. Revisar estación.
AH_2026_2027,2026-09-15,2026-09-15 19:49:18.496678,Angamos,9043370,2026-09-18,18/09/2026,0.794,0.777,0.822,0.785,0.797,7.406,7.389,7.435,7.398,7.409,0.789,0.822,0.788,0.777,7.401,7.435,7.401,7.389,Sí,-6.612,2026-09-15,15/09/2026,0.8,0,Offset alto: -6.61 m. Revisar estación.
AH_2026_2027,2026-09-15,2026-09-15 19:49:18.496678,Angamos,9043370,2026-09-19,19/09/2026,0.788,0.759,0.819,0.778,0.796,7.4,7.371,7.432,7.39,7.409,0.788,0.819,0.784,0.759,7.401,7.432,7.396,7.371,Sí,-6.612,2026-09-15,15/09/2026,0.8,0,Offset alto: -6.61 m. Revisar estación.
AH_2026_2027,2026-09-15,2026-09-15 19:49:18.496678,Angamos,9043370,2026-09-20,20/09/2026,0.776,0.723,0.817,0.763,0.794,7.388,7.335,7.43,7.375,7.407,0.787,0.817,0.776,0.723,7.399,7.43,7.389,7.335,Sí,-6.612,2026-09-15,15/09/2026,0.8,0,Offset alto: -6.61 m. Revisar estación.
AH_2026_2027,2026-09-15,2026-09-15 19:49:18.496678,Angamos,9043370,2026-09-21,21/09/2026,0.767,0.713,0.817,0.751,0.785,7.379,7.325,7.429,7.363,7.398,0.775,0.817,0.763,0.713,7.387,7.429,7.376,7.325,Sí,-6.612,2026-09-15,15/09/2026,0.8,0,Offset alto: -6.61 m. Revisar estación.
AH_2026_2027,2026-09-15,2026-09-15 19:49:18.496678,Bellavista,9036028,2026-09-15,15/09/2026,4.58,4.575,4.594,4.575,4.58,5.014,5.01,5.028,5.01,5.014,4.575,4.594,4.575,4.575,5.01,5.028,5.01,5.01,Sí,-0.434,2026-09-15,15/09/2026,4.58,0,Ajuste aplicado
AH_2026_2027,2026-09-15,2026-09-15 19:49:18.496678,Bellavista,9036028,2026-09-16,16/09/2026,4.575,4.575,4.575,4.575,4.575,5.01,5.01,5.01,5.01,5.01,4.575,4.575,4.575,4.575,5.01,5.01,5.01,5.01,Sí,-0.434,2026-09-15,15/09/2026,4.58,0,Ajuste aplicado
AH_2026_2027,2026-09-15,2026-09-15 19:49:18.496678,Bellavista,9036028,2026-09-17,17/09/2026,4.575,4.575,4.575,4.575,4.575,5.009,5.009,5.01,5.009,5.009,4.575,4.575,4.575,4.575,5.009,5.01,5.009,5.009,Sí,-0.434,2026-09-15,15/09/2026,4.58,0,Ajuste aplicado
AH_2026_2027,2026-09-15,2026-09-15 19:49:18.496678,Bellavista,9036028,2026-09-18,18/09/2026,4.563,4.559,4.575,4.559,4.563,4.997,4.993,5.009,4.993,4.998,4.559,4.575,4.559,4.559,4.994,5.009,4.993,4.993,Sí,-0.434,2026-09-15,15/09/2026,4.58,0,Ajuste aplicado
AH_2026_2027,2026-09-15,2026-09-15 19:49:18.496678,Bellavista,9036028,2026-09-19,19/09/2026,4.545,4.538,4.56,4.539,4.547,4.979,4.973,4.994,4.973,4.981,4.542,4.56,4.539,4.538,4.977,4.994,4.973,4.973,Sí,-0.434,2026-09-15,15/09/2026,4.58,0,Ajuste aplicado
AH_2026_2027,2026-09-15,2026-09-15 19:49:18.496678,Bellavista,9036028,2026-09-20,20/09/2026,4.523,4.516,4.544,4.516,4.523,4.957,4.95,4.978,4.95,4.957,4.516,4.544,4.516,4.516,4.95,4.978,4.95,4.95,Sí,-0.434,2026-09-15,15/09/2026,4.58,0,Ajuste aplicado
AH_2026_2027,2026-09-15,2026-09-15 19:49:18.496678,Bellavista,9036028,2026-09-21,21/09/2026,4.501,4.494,4.516,4.496,4.501,4.935,4.928,4.95,4.93,4.936,4.496,4.516,4.494,4.496,4.931,4.95,4.928,4.931,Sí,-0.434,2026-09-15,15/09/2026,4.58,0,Ajuste aplicado
AH_2026_2027,2026-09-15,2026-09-15 19:49:18.496678,Borja,9040208,2026-09-15,15/09/2026,4.02,4.018,4.025,4.018,4.02,4.251,4.248,4.256,4.249,4.251,4.019,4.025,4.019,4.018,4.249,4.256,4.249,4.248,Sí,-0.231,2026-09-15,15/09/2026,4.02,0,Ajuste aplicado
AH_2026_2027,2026-09-15,2026-09-15 19:49:18.496678,Borja,9040208,2026-09-16,16/09/2026,4.054,4.009,4.076,4.045,4.074,4.285,4.24,4.307,4.275,4.305,4.076,4.009,4.074,4.057,4.307,4.24,4.304,4.287,Sí,-0.231,2026-09-15,15/09/2026,4.02,0,Ajuste aplicado
AH_2026_2027,2026-09-15,2026-09-15 19:49:18.496678,Borja,9040208,2026-09-17,17/09/2026,4.099,4.067,4.133,4.069,4.128,4.33,4.298,4.364,4.3,4.359,4.127,4.067,4.133,4.07,4.357,4.298,4.364,4.301,Sí,-0.231,2026-09-15,15/09/2026,4.02,0,Ajuste aplicado
AH_2026_2027,2026-09-15,2026-09-15 19:49:18.496678,Borja,9040208,2026-09-18,18/09/2026,4.146,4.039,4.215,4.114,4.196,4.376,4.269,4.446,4.345,4.427,4.19,4.14,4.215,4.039,4.42,4.37,4.446,4.269,Sí,-0.231,2026-09-15,15/09/2026,4.02,0,Ajuste aplicado
AH_2026_2027,2026-09-15,2026-09-15 19:49:18.496678,Borja,9040208,2026-09-19,19/09/2026,4.19,3.994,4.267,4.174,4.266,4.421,4.225,4.498,4.404,4.497,4.234,4.267,4.266,3.994,4.464,4.498,4.496,4.225,Sí,-0.231,2026-09-15,15/09/2026,4.02,0,Ajuste aplicado
AH_2026_2027,2026-09-15,2026-09-15 19:49:18.496678,Borja,9040208,2026-09-20,20/09/2026,4.248,3.947,4.418,4.217,4.344,4.478,4.177,4.648,4.448,4.574,4.307,4.418,4.319,3.947,4.538,4.648,4.55,4.177,Sí,-0.231,2026-09-15,15/09/2026,4.02,0,Ajuste aplicado
AH_2026_2027,2026-09-15,2026-09-15 19:49:18.496678,Borja,9040208,2026-09-21,21/09/2026,4.272,3.908,4.512,4.227,4.378,4.502,4.139,4.743,4.457,4.608,4.333,4.512,4.333,3.908,4.564,4.743,4.564,4.139,Sí,-0.231,2026-09-15,15/09/2026,4.02,0,Ajuste aplicado
AH_2026_2027,2026-09-15,2026-09-15 19:49:18.496678,Contamana,9053555,2026-09-15,15/09/2026,6.58,6.553,6.662,6.553,6.58,11.857,11.83,11.94,11.83,11.857,6.553,6.662,6.553,6.553,11.83,11.94,11.83,11.83,Sí,-5.277,2026-09-15,15/09/2026,6.58,0,Offset alto: -5.28 m. Revisar estación.
AH_2026_2027,2026-09-15,2026-09-15 19:49:18.496678,Contamana,9053555,2026-09-16,16/09/2026,6.469,6.441,6.553,6.441,6.469,11.746,11.718,11.83,11.718,11.746,6.441,6.553,6.441,6.441,11.718,11.83,11.718,11.718,Sí,-5.277,2026-09-15,15/09/2026,6.58,0,Offset alto: -5.28 m. Revisar estación.
AH_2026_2027,2026-09-15,2026-09-15 19:49:18.496678,Contamana,9053555,2026-09-17,17/09/2026,6.402,6.389,6.442,6.389,6.402,11.68,11.667,11.719,11.667,11.68,6.389,6.442,6.389,6.389,11.667,11.719,11.667,11.667,Sí,-5.277,2026-09-15,15/09/2026,6.58,0,Offset alto: -5.28 m. Revisar estación.
AH_2026_2027,2026-09-15,2026-09-15 19:49:18.496678,Contamana,9053555,2026-09-18,18/09/2026,6.367,6.359,6.389,6.359,6.367,11.644,11.636,11.666,11.637,11.644,6.359,6.389,6.359,6.359,11.637,11.666,11.637,11.636,Sí,-5.277,2026-09-15,15/09/2026,6.58,0,Offset alto: -5.28 m. Revisar estación.
AH_2026_2027,2026-09-15,2026-09-15 19:49:18.496678,Contamana,9053555,2026-09-19,19/09/2026,6.363,6.357,6.366,6.362,6.366,11.641,11.635,11.643,11.64,11.643,6.366,6.357,6.365,6.364,11.643,11.635,11.643,11.641,Sí,-5.277,2026-09-15,15/09/2026,6.58,0,Offset alto: -5.28 m. Revisar estación.
AH_2026_2027,2026-09-15,2026-09-15 19:49:18.496678,Contamana,9053555,2026-09-20,20/09/2026,6.389,6.359,6.402,6.384,6.401,11.666,11.636,11.679,11.662,11.679,6.402,6.359,6.401,6.393,11.679,11.636,11.679,11.67,Sí,-5.277,2026-09-15,15/09/2026,6.58,0,Offset alto: -5.28 m. Revisar estación.
AH_2026_2027,2026-09-15,2026-09-15 19:49:18.496678,Contamana,9053555,2026-09-21,21/09/2026,6.409,6.392,6.42,6.405,6.416,11.686,11.67,11.698,11.682,11.693,6.42,6.392,6.414,6.409,11.698,11.67,11.691,11.686,Sí,-5.277,2026-09-15,15/09/2026,6.58,0,Offset alto: -5.28 m. Revisar estación.
AH_2026_2027,2026-09-15,2026-09-15 19:49:18.496678,ENAPU,9038134,2026-09-15,15/09/2026,3.85,-8.273,40.014,-8.27,3.95,69.61,57.487,105.773,57.49,69.709,-8.273,40.014,-8.072,-8.269,57.487,105.773,57.688,57.491,Sí,-65.76,2026-09-15,15/09/2026,3.85,0,Offset alto: -65.76 m. Revisar estación.
AH_2026_2027,2026-09-15,2026-09-15 19:49:18.496678,ENAPU,9038134,2026-09-16,16/09/2026,16.855,-7.81,42.219,-7.793,41.154,82.615,57.95,107.978,57.967,106.914,-7.81,42.219,40.799,-7.787,57.95,107.978,106.559,57.973,Sí,-65.76,2026-09-15,15/09/2026,3.85,0,Offset alto: -65.76 m. Revisar estación.
AH_2026_2027,2026-09-15,2026-09-15 19:49:18.496678,ENAPU,9038134,2026-09-17,17/09/2026,29.482,-7.99,42.994,28.923,42.021,95.242,57.769,108.754,94.683,107.781,41.697,42.994,41.228,-7.99,107.456,108.754,106.988,57.769,Sí,-65.76,2026-09-15,15/09/2026,3.85,0,Offset alto: -65.76 m. Revisar estación.
AH_2026_2027,2026-09-15,2026-09-15 19:49:18.496678,ENAPU,9038134,2026-09-18,18/09/2026,29.718,-8.521,43.42,28.957,42.748,95.478,57.239,109.179,94.717,108.508,42.524,43.42,41.449,-8.521,108.284,109.179,107.209,57.239,Sí,-65.76,2026-09-15,15/09/2026,3.85,0,Offset alto: -65.76 m. Revisar estación.
AH_2026_2027,2026-09-15,2026-09-15 19:49:18.496678,ENAPU,9038134,2026-09-19,19/09/2026,29.026,-12.166,43.603,28.112,43.246,94.785,53.594,109.363,93.871,109.006,43.127,43.603,41.537,-12.166,108.887,109.363,107.297,53.594,Sí,-65.76,2026-09-15,15/09/2026,3.85,0,Offset alto: -65.76 m. Revisar estación.
AH_2026_2027,2026-09-15,2026-09-15 19:49:18.496678,ENAPU,9038134,2026-09-20,20/09/2026,28.93,-12.644,43.673,27.976,43.298,94.689,53.116,109.433,93.736,109.058,43.173,43.673,41.517,-12.644,108.933,109.433,107.276,53.116,Sí,-65.76,2026-09-15,15/09/2026,3.85,0,Offset alto: -65.76 m. Revisar estación.
AH_2026_2027,2026-09-15,2026-09-15 19:49:18.496678,ENAPU,9038134,2026-09-21,21/09/2026,28.976,-12.195,43.579,28.067,43.168,94.735,53.564,109.339,93.827,108.928,43.031,43.579,41.488,-12.195,108.791,109.339,107.247,53.564,Sí,-65.76,2026-09-15,15/09/2026,3.85,0,Offset alto: -65.76 m. Revisar estación.
AH_2026_2027,2026-09-15,2026-09-15 19:49:18.496678,Flor de Punga,9044756,2026-09-15,15/09/2026,11.856,11.844,11.891,11.844,11.856,11.856,11.844,11.891,11.844,11.856,11.844,11.891,11.844,11.844,11.844,11.891,11.844,11.844,No,,2026-05-14,14/05/2026,22.8,124,Observado muy antiguo para ajuste: 124 días
AH_2026_2027,2026-09-15,2026-09-15 19:49:18.496678,Flor de Punga,9044756,2026-09-16,16/09/2026,11.744,11.71,11.846,11.71,11.744,11.744,11.71,11.846,11.71,11.744,11.71,11.846,11.71,11.71,11.71,11.846,11.71,11.71,No,,2026-05-14,14/05/2026,22.8,124,Observado muy antiguo para ajuste: 124 días
AH_2026_2027,2026-09-15,2026-09-15 19:49:18.496678,Flor de Punga,9044756,2026-09-17,17/09/2026,11.471,11.385,11.73,11.385,11.471,11.471,11.385,11.73,11.385,11.471,11.385,11.73,11.385,11.385,11.385,11.73,11.385,11.385,No,,2026-05-14,14/05/2026,22.8,124,Observado muy antiguo para ajuste: 124 días
AH_2026_2027,2026-09-15,2026-09-15 19:49:18.496678,Flor de Punga,9044756,2026-09-18,18/09/2026,11.167,11.094,11.385,11.094,11.167,11.167,11.094,11.385,11.094,11.167,11.094,11.385,11.094,11.094,11.094,11.385,11.094,11.094,No,,2026-05-14,14/05/2026,22.8,124,Observado muy antiguo para ajuste: 124 días
AH_2026_2027,2026-09-15,2026-09-15 19:49:18.496678,Flor de Punga,9044756,2026-09-19,19/09/2026,11.024,11.0,11.094,11.0,11.024,11.024,11.0,11.094,11.0,11.024,11.0,11.094,11.0,11.0,11.0,11.094,11.0,11.0,No,,2026-05-14,14/05/2026,22.8,124,Observado muy antiguo para ajuste: 124 días
AH_2026_2027,2026-09-15,2026-09-15 19:49:18.496678,Flor de Punga,9044756,2026-09-20,20/09/2026,10.979,10.971,11.001,10.972,10.98,10.979,10.971,11.001,10.972,10.98,10.973,11.001,10.972,10.971,10.973,11.001,10.972,10.971,No,,2026-05-14,14/05/2026,22.8,124,Observado muy antiguo para ajuste: 124 días
AH_2026_2027,2026-09-15,2026-09-15 19:49:18.496678,Flor de Punga,9044756,2026-09-21,21/09/2026,10.523,10.339,10.973,10.369,10.544,10.523,10.339,10.973,10.369,10.544,10.4,10.973,10.379,10.339,10.4,10.973,10.379,10.339,No,,2026-05-14,14/05/2026,22.8,124,Observado muy antiguo para ajuste: 124 días
AH_2026_2027,2026-09-15,2026-09-15 19:49:18.496678,Genaro Herrera,9042214,2026-09-15,15/09/2026,6.47,6.458,6.474,6.47,6.474,8.498,8.486,8.502,8.498,8.502,6.474,6.458,6.474,6.474,8.502,8.486,8.502,8.502,Sí,-2.028,2026-09-15,15/09/2026,6.47,0,Offset alto: -2.03 m. Revisar estación.
AH_2026_2027,2026-09-15,2026-09-15 19:49:18.496678,Genaro Herrera,9042214,2026-09-16,16/09/2026,6.475,6.474,6.475,6.475,6.475,8.503,8.503,8.504,8.503,8.504,6.475,6.474,6.475,6.475,8.504,8.503,8.504,8.504,Sí,-2.028,2026-09-15,15/09/2026,6.47,0,Offset alto: -2.03 m. Revisar estación.
AH_2026_2027,2026-09-15,2026-09-15 19:49:18.496678,Genaro Herrera,9042214,2026-09-17,17/09/2026,6.466,6.462,6.476,6.462,6.466,8.494,8.491,8.504,8.491,8.494,6.462,6.476,6.463,6.462,8.491,8.504,8.491,8.491,Sí,-2.028,2026-09-15,15/09/2026,6.47,0,Offset alto: -2.03 m. Revisar estación.
AH_2026_2027,2026-09-15,2026-09-15 19:49:18.496678,Genaro Herrera,9042214,2026-09-18,18/09/2026,6.438,6.43,6.463,6.43,6.438,8.467,8.458,8.491,8.458,8.467,6.43,6.463,6.43,6.43,8.458,8.491,8.458,8.458,Sí,-2.028,2026-09-15,15/09/2026,6.47,0,Offset alto: -2.03 m. Revisar estación.
AH_2026_2027,2026-09-15,2026-09-15 19:49:18.496678,Genaro Herrera,9042214,2026-09-19,19/09/2026,6.343,6.314,6.43,6.314,6.343,8.371,8.342,8.459,8.342,8.371,6.314,6.43,6.314,6.314,8.342,8.459,8.342,8.342,Sí,-2.028,2026-09-15,15/09/2026,6.47,0,Offset alto: -2.03 m. Revisar estación.
AH_2026_2027,2026-09-15,2026-09-15 19:49:18.496678,Genaro Herrera,9042214,2026-09-20,20/09/2026,6.255,6.23,6.315,6.235,6.257,8.283,8.258,8.343,8.264,8.285,6.237,6.315,6.237,6.23,8.265,8.343,8.265,8.258,Sí,-2.028,2026-09-15,15/09/2026,6.47,0,Offset alto: -2.03 m. Revisar estación.
AH_2026_2027,2026-09-15,2026-09-15 19:49:18.496678,Genaro Herrera,9042214,2026-09-21,21/09/2026,6.077,6.019,6.246,6.02,6.078,8.105,8.047,8.274,8.049,8.106,6.021,6.246,6.021,6.019,8.05,8.274,8.049,8.047,Sí,-2.028,2026-09-15,15/09/2026,6.47,0,Offset alto: -2.03 m. Revisar estación.
AH_2026_2027,2026-09-15,2026-09-15 19:49:18.496678,Lagunas,9043597,2026-09-15,15/09/2026,3.8,3.799,3.802,3.799,3.8,4.287,4.286,4.289,4.286,4.287,3.799,3.802,3.799,3.799,4.286,4.289,4.286,4.286,Sí,-0.487,2026-09-15,15/09/2026,3.8,0,Ajuste aplicado
AH_2026_2027,2026-09-15,2026-09-15 19:49:18.496678,Lagunas,9043597,2026-09-16,16/09/2026,3.81,3.801,3.812,3.81,3.812,4.296,4.288,4.299,4.296,4.299,3.812,3.801,3.812,3.812,4.299,4.288,4.299,4.299,Sí,-0.487,2026-09-15,15/09/2026,3.8,0,Ajuste aplicado
AH_2026_2027,2026-09-15,2026-09-15 19:49:18.496678,Lagunas,9043597,2026-09-17,17/09/2026,3.819,3.818,3.819,3.819,3.819,4.306,4.305,4.306,4.306,4.306,3.819,3.818,3.819,3.819,4.306,4.305,4.306,4.306,Sí,-0.487,2026-09-15,15/09/2026,3.8,0,Ajuste aplicado
AH_2026_2027,2026-09-15,2026-09-15 19:49:18.496678,Lagunas,9043597,2026-09-18,18/09/2026,3.839,3.83,3.842,3.839,3.842,4.326,4.317,4.329,4.326,4.329,3.842,3.83,3.842,3.842,4.329,4.317,4.329,4.329,Sí,-0.487,2026-09-15,15/09/2026,3.8,0,Ajuste aplicado
AH_2026_2027,2026-09-15,2026-09-15 19:49:18.496678,Lagunas,9043597,2026-09-19,19/09/2026,3.923,3.865,3.943,3.923,3.943,4.41,4.352,4.43,4.409,4.43,3.943,3.865,3.943,3.942,4.43,4.352,4.43,4.429,Sí,-0.487,2026-09-15,15/09/2026,3.8,0,Ajuste aplicado
AH_2026_2027,2026-09-15,2026-09-15 19:49:18.496678,Lagunas,9043597,2026-09-20,20/09/2026,4.133,3.956,4.194,4.133,4.193,4.62,4.443,4.68,4.619,4.68,4.194,3.956,4.193,4.191,4.68,4.443,4.68,4.678,Sí,-0.487,2026-09-15,15/09/2026,3.8,0,Ajuste aplicado
AH_2026_2027,2026-09-15,2026-09-15 19:49:18.496678,Lagunas,9043597,2026-09-21,21/09/2026,4.584,4.217,4.712,4.577,4.711,5.071,4.704,5.199,5.064,5.198,4.711,4.217,4.712,4.697,5.197,4.704,5.199,5.184,Sí,-0.487,2026-09-15,15/09/2026,3.8,0,Ajuste aplicado
AH_2026_2027,2026-09-15,2026-09-15 19:49:18.496678,Nauta,9040454,2026-09-15,15/09/2026,5.48,5.474,5.499,5.474,5.48,5.079,5.073,5.099,5.073,5.079,5.474,5.499,5.474,5.474,5.073,5.099,5.073,5.073,Sí,0.401,2026-09-15,15/09/2026,5.48,0,Ajuste aplicado
AH_2026_2027,2026-09-15,2026-09-15 19:49:18.496678,Nauta,9040454,2026-09-16,16/09/2026,5.448,5.44,5.473,5.44,5.449,5.048,5.039,5.073,5.039,5.048,5.44,5.473,5.441,5.44,5.039,5.073,5.04,5.039,Sí,0.401,2026-09-15,15/09/2026,5.48,0,Ajuste aplicado
AH_2026_2027,2026-09-15,2026-09-15 19:49:18.496678,Nauta,9040454,2026-09-17,17/09/2026,5.413,5.4,5.439,5.404,5.414,5.012,5.0,5.038,5.003,5.013,5.406,5.439,5.406,5.4,5.005,5.038,5.005,5.0,Sí,0.401,2026-09-15,15/09/2026,5.48,0,Ajuste aplicado
AH_2026_2027,2026-09-15,2026-09-15 19:49:18.496678,Nauta,9040454,2026-09-18,18/09/2026,5.379,5.37,5.406,5.37,5.379,4.978,4.969,5.005,4.969,4.978,5.37,5.406,5.37,5.37,4.97,5.005,4.969,4.969,Sí,0.401,2026-09-15,15/09/2026,5.48,0,Ajuste aplicado
AH_2026_2027,2026-09-15,2026-09-15 19:49:18.496678,Nauta,9040454,2026-09-19,19/09/2026,5.335,5.323,5.37,5.324,5.335,4.934,4.923,4.97,4.923,4.935,5.324,5.37,5.323,5.324,4.923,4.97,4.923,4.923,Sí,0.401,2026-09-15,15/09/2026,5.48,0,Ajuste aplicado
AH_2026_2027,2026-09-15,2026-09-15 19:49:18.496678,Nauta,9040454,2026-09-20,20/09/2026,5.25,5.225,5.324,5.225,5.25,4.849,4.824,4.923,4.824,4.849,5.225,5.324,5.225,5.225,4.824,4.923,4.824,4.824,Sí,0.401,2026-09-15,15/09/2026,5.48,0,Ajuste aplicado
AH_2026_2027,2026-09-15,2026-09-15 19:49:18.496678,Nauta,9040454,2026-09-21,21/09/2026,5.191,5.18,5.225,5.18,5.191,4.79,4.779,4.824,4.779,4.791,5.18,5.225,5.18,5.18,4.779,4.824,4.779,4.779,Sí,0.401,2026-09-15,15/09/2026,5.48,0,Ajuste aplicado
AH_2026_2027,2026-09-15,2026-09-15 19:49:18.496678,Puerto Alegria,9038835,2026-09-15,15/09/2026,9.78,9.767,9.784,9.78,9.784,10.07,10.057,10.075,10.07,10.075,9.784,9.767,9.784,9.784,10.075,10.057,10.075,10.075,Sí,-0.29,2026-09-15,15/09/2026,9.78,0,Ajuste aplicado
AH_2026_2027,2026-09-15,2026-09-15 19:49:18.496678,Puerto Alegria,9038835,2026-09-16,16/09/2026,9.788,9.782,9.79,9.787,9.79,10.078,10.073,10.081,10.078,10.081,9.79,9.782,9.79,9.789,10.081,10.073,10.081,10.079,Sí,-0.29,2026-09-15,15/09/2026,9.78,0,Ajuste aplicado
AH_2026_2027,2026-09-15,2026-09-15 19:49:18.496678,Puerto Alegria,9038835,2026-09-17,17/09/2026,9.776,9.766,9.788,9.767,9.783,10.066,10.056,10.078,10.058,10.074,9.782,9.788,9.768,9.766,10.072,10.078,10.058,10.056,Sí,-0.29,2026-09-15,15/09/2026,9.78,0,Ajuste aplicado
AH_2026_2027,2026-09-15,2026-09-15 19:49:18.496678,Puerto Alegria,9038835,2026-09-18,18/09/2026,9.731,9.703,9.787,9.71,9.738,10.021,9.993,10.077,10.0,10.028,9.722,9.787,9.712,9.703,10.012,10.077,10.002,9.993,Sí,-0.29,2026-09-15,15/09/2026,9.78,0,Ajuste aplicado
AH_2026_2027,2026-09-15,2026-09-15 19:49:18.496678,Puerto Alegria,9038835,2026-09-19,19/09/2026,9.672,9.641,9.75,9.644,9.678,9.963,9.931,10.04,9.934,9.969,9.655,9.75,9.645,9.641,9.945,10.04,9.936,9.931,Sí,-0.29,2026-09-15,15/09/2026,9.78,0,Ajuste aplicado
AH_2026_2027,2026-09-15,2026-09-15 19:49:18.496678,Puerto Alegria,9038835,2026-09-20,20/09/2026,9.604,9.563,9.671,9.57,9.625,9.895,9.854,9.962,9.861,9.915,9.61,9.671,9.573,9.563,9.9,9.962,9.863,9.854,Sí,-0.29,2026-09-15,15/09/2026,9.78,0,Ajuste aplicado
AH_2026_2027,2026-09-15,2026-09-15 19:49:18.496678,Puerto Alegria,9038835,2026-09-21,21/09/2026,9.531,9.472,9.638,9.487,9.552,9.822,9.763,9.929,9.777,9.842,9.523,9.638,9.491,9.472,9.814,9.929,9.782,9.763,Sí,-0.29,2026-09-15,15/09/2026,9.78,0,Ajuste aplicado
AH_2026_2027,2026-09-15,2026-09-15 19:49:18.496678,Puerto Almendra,9037610,2026-09-15,15/09/2026,2.3,2.235,2.322,2.3,2.322,2.764,2.7,2.786,2.764,2.786,2.322,2.235,2.322,2.322,2.786,2.7,2.786,2.786,Sí,-0.464,2026-09-15,15/09/2026,2.3,0,Ajuste aplicado
AH_2026_2027,2026-09-15,2026-09-15 19:49:18.496678,Puerto Almendra,9037610,2026-09-16,16/09/2026,2.548,2.355,2.614,2.545,2.613,3.012,2.819,3.078,3.01,3.078,2.614,2.355,2.613,2.608,3.078,2.819,3.078,3.073,Sí,-0.464,2026-09-15,15/09/2026,2.3,0,Ajuste aplicado
AH_2026_2027,2026-09-15,2026-09-15 19:49:18.496678,Puerto Almendra,9037610,2026-09-17,17/09/2026,2.904,2.684,3.01,2.874,2.99,3.368,3.149,3.474,3.339,3.455,3.01,2.684,2.984,2.938,3.474,3.149,3.448,3.402,Sí,-0.464,2026-09-15,15/09/2026,2.3,0,Ajuste aplicado
AH_2026_2027,2026-09-15,2026-09-15 19:49:18.496678,Puerto Almendra,9037610,2026-09-18,18/09/2026,3.041,2.94,3.163,3.008,3.064,3.505,3.405,3.627,3.472,3.528,3.163,3.03,3.031,2.94,3.627,3.495,3.495,3.405,Sí,-0.464,2026-09-15,15/09/2026,2.3,0,Ajuste aplicado
AH_2026_2027,2026-09-15,2026-09-15 19:49:18.496678,Puerto Almendra,9037610,2026-09-19,19/09/2026,2.994,2.64,3.272,2.792,3.233,3.458,3.105,3.736,3.257,3.698,3.272,3.22,2.843,2.64,3.736,3.685,3.307,3.105,Sí,-0.464,2026-09-15,15/09/2026,2.3,0,Ajuste aplicado
AH_2026_2027,2026-09-15,2026-09-15 19:49:18.496678,Puerto Almendra,9037610,2026-09-20,20/09/2026,2.895,2.323,3.479,2.502,3.282,3.359,2.787,3.944,2.967,3.746,3.216,3.479,2.562,2.323,3.68,3.944,3.026,2.787,Sí,-0.464,2026-09-15,15/09/2026,2.3,0,Ajuste aplicado
AH_2026_2027,2026-09-15,2026-09-15 19:49:18.496678,Puerto Almendra,9037610,2026-09-21,21/09/2026,2.74,2.187,3.457,2.303,3.096,3.205,2.652,3.921,2.767,3.561,2.976,3.457,2.341,2.187,3.44,3.921,2.806,2.652,Sí,-0.464,2026-09-15,15/09/2026,2.3,0,Ajuste aplicado
AH_2026_2027,2026-09-15,2026-09-15 19:49:18.496678,Requena,9043425,2026-09-15,15/09/2026,4.99,4.985,5.006,4.985,4.99,5.243,5.238,5.259,5.238,5.243,4.985,5.006,4.985,4.985,5.238,5.259,5.238,5.238,Sí,-0.253,2026-09-15,15/09/2026,4.99,0,Ajuste aplicado
AH_2026_2027,2026-09-15,2026-09-15 19:49:18.496678,Requena,9043425,2026-09-16,16/09/2026,4.98,4.979,4.985,4.979,4.98,5.234,5.232,5.239,5.232,5.234,4.979,4.985,4.979,4.979,5.232,5.239,5.232,5.232,Sí,-0.253,2026-09-15,15/09/2026,4.99,0,Ajuste aplicado
AH_2026_2027,2026-09-15,2026-09-15 19:49:18.496678,Requena,9043425,2026-09-17,17/09/2026,4.968,4.964,4.979,4.964,4.968,5.221,5.217,5.233,5.217,5.221,4.964,4.979,4.964,4.964,5.217,5.233,5.217,5.217,Sí,-0.253,2026-09-15,15/09/2026,4.99,0,Ajuste aplicado
AH_2026_2027,2026-09-15,2026-09-15 19:49:18.496678,Requena,9043425,2026-09-18,18/09/2026,4.952,4.947,4.965,4.947,4.952,5.205,5.2,5.218,5.201,5.205,4.947,4.965,4.948,4.947,5.201,5.218,5.201,5.2,Sí,-0.253,2026-09-15,15/09/2026,4.99,0,Ajuste aplicado
AH_2026_2027,2026-09-15,2026-09-15 19:49:18.496678,Requena,9043425,2026-09-19,19/09/2026,4.942,4.939,4.95,4.939,4.942,5.195,5.192,5.204,5.192,5.195,4.939,4.95,4.939,4.939,5.193,5.204,5.193,5.192,Sí,-0.253,2026-09-15,15/09/2026,4.99,0,Ajuste aplicado
AH_2026_2027,2026-09-15,2026-09-15 19:49:18.496678,Requena,9043425,2026-09-20,20/09/2026,4.931,4.927,4.941,4.928,4.932,5.184,5.18,5.194,5.181,5.185,4.929,4.941,4.928,4.927,5.182,5.194,5.182,5.18,Sí,-0.253,2026-09-15,15/09/2026,4.99,0,Ajuste aplicado
AH_2026_2027,2026-09-15,2026-09-15 19:49:18.496678,Requena,9043425,2026-09-21,21/09/2026,4.922,4.918,4.932,4.918,4.922,5.175,5.171,5.185,5.172,5.175,4.919,4.932,4.919,4.918,5.172,5.185,5.172,5.171,Sí,-0.253,2026-09-15,15/09/2026,4.99,0,Ajuste aplicado
AH_2026_2027,2026-09-15,2026-09-15 19:49:18.496678,San Lorenzo,9042153,2026-09-15,15/09/2026,9.66,9.648,9.697,9.648,9.66,9.66,9.648,9.697,9.648,9.66,9.648,9.697,9.648,9.648,9.648,9.697,9.648,9.648,No,,2025-09-30,30/09/2025,7.19,350,Observado muy antiguo para ajuste: 350 días
AH_2026_2027,2026-09-15,2026-09-15 19:49:18.496678,San Lorenzo,9042153,2026-09-16,16/09/2026,9.626,9.618,9.647,9.618,9.626,9.626,9.618,9.647,9.618,9.626,9.618,9.647,9.618,9.618,9.618,9.647,9.618,9.618,No,,2025-09-30,30/09/2025,7.19,350,Observado muy antiguo para ajuste: 350 días
AH_2026_2027,2026-09-15,2026-09-15 19:49:18.496678,San Lorenzo,9042153,2026-09-17,17/09/2026,9.599,9.593,9.617,9.594,9.6,9.599,9.593,9.617,9.594,9.6,9.594,9.617,9.594,9.593,9.594,9.617,9.594,9.593,No,,2025-09-30,30/09/2025,7.19,350,Observado muy antiguo para ajuste: 350 días
AH_2026_2027,2026-09-15,2026-09-15 19:49:18.496678,San Lorenzo,9042153,2026-09-18,18/09/2026,9.592,9.582,9.601,9.585,9.6,9.592,9.582,9.601,9.585,9.6,9.601,9.582,9.6,9.586,9.601,9.582,9.6,9.586,No,,2025-09-30,30/09/2025,7.19,350,Observado muy antiguo para ajuste: 350 días
AH_2026_2027,2026-09-15,2026-09-15 19:49:18.496678,San Lorenzo,9042153,2026-09-19,19/09/2026,9.604,9.581,9.618,9.596,9.617,9.604,9.581,9.618,9.596,9.617,9.618,9.581,9.617,9.601,9.618,9.581,9.617,9.601,No,,2025-09-30,30/09/2025,7.19,350,Observado muy antiguo para ajuste: 350 días
AH_2026_2027,2026-09-15,2026-09-15 19:49:18.496678,San Lorenzo,9042153,2026-09-20,20/09/2026,9.623,9.589,9.643,9.61,9.642,9.623,9.589,9.643,9.61,9.642,9.642,9.617,9.643,9.589,9.642,9.617,9.643,9.589,No,,2025-09-30,30/09/2025,7.19,350,Observado muy antiguo para ajuste: 350 días
AH_2026_2027,2026-09-15,2026-09-15 19:49:18.496678,San Lorenzo,9042153,2026-09-21,21/09/2026,9.634,9.564,9.664,9.632,9.657,9.634,9.564,9.664,9.632,9.657,9.655,9.654,9.664,9.564,9.655,9.654,9.664,9.564,No,,2025-09-30,30/09/2025,7.19,350,Observado muy antiguo para ajuste: 350 días
AH_2026_2027,2026-09-15,2026-09-15 19:49:18.496678,San Regis,9040439,2026-09-15,15/09/2026,4.96,4.959,4.963,4.959,4.96,5.305,5.304,5.308,5.304,5.305,4.959,4.963,4.959,4.959,5.304,5.308,5.304,5.304,Sí,-0.345,2026-09-15,15/09/2026,4.96,0,Ajuste aplicado
AH_2026_2027,2026-09-15,2026-09-15 19:49:18.496678,San Regis,9040439,2026-09-16,16/09/2026,4.948,4.944,4.959,4.944,4.948,5.293,5.289,5.304,5.289,5.293,4.944,4.959,4.944,4.944,5.289,5.304,5.289,5.289,Sí,-0.345,2026-09-15,15/09/2026,4.96,0,Ajuste aplicado
AH_2026_2027,2026-09-15,2026-09-15 19:49:18.496678,San Regis,9040439,2026-09-17,17/09/2026,4.927,4.921,4.944,4.921,4.927,5.272,5.267,5.289,5.267,5.272,4.921,4.944,4.921,4.921,5.267,5.289,5.267,5.267,Sí,-0.345,2026-09-15,15/09/2026,4.96,0,Ajuste aplicado
AH_2026_2027,2026-09-15,2026-09-15 19:49:18.496678,San Regis,9040439,2026-09-18,18/09/2026,4.908,4.903,4.921,4.903,4.908,5.253,5.248,5.267,5.248,5.253,4.903,4.921,4.903,4.903,5.248,5.267,5.248,5.248,Sí,-0.345,2026-09-15,15/09/2026,4.96,0,Ajuste aplicado
AH_2026_2027,2026-09-15,2026-09-15 19:49:18.496678,San Regis,9040439,2026-09-19,19/09/2026,4.869,4.857,4.903,4.858,4.869,5.214,5.203,5.248,5.203,5.214,4.858,4.903,4.858,4.857,5.203,5.248,5.203,5.203,Sí,-0.345,2026-09-15,15/09/2026,4.96,0,Ajuste aplicado
AH_2026_2027,2026-09-15,2026-09-15 19:49:18.496678,San Regis,9040439,2026-09-20,20/09/2026,4.818,4.803,4.858,4.804,4.818,5.163,5.149,5.204,5.149,5.163,4.804,4.858,4.804,4.803,5.149,5.204,5.149,5.149,Sí,-0.345,2026-09-15,15/09/2026,4.96,0,Ajuste aplicado
AH_2026_2027,2026-09-15,2026-09-15 19:49:18.496678,San Regis,9040439,2026-09-21,21/09/2026,4.784,4.777,4.804,4.777,4.784,5.129,5.122,5.149,5.122,5.129,4.778,4.804,4.778,4.777,5.123,5.149,5.123,5.122,Sí,-0.345,2026-09-15,15/09/2026,4.96,0,Ajuste aplicado
AH_2026_2027,2026-09-15,2026-09-15 19:49:18.496678,Santa Clotilde,9032282,2026-09-15,15/09/2026,7.42,7.415,7.434,7.415,7.42,6.701,6.696,6.714,6.696,6.701,7.415,7.434,7.415,7.415,6.696,6.714,6.696,6.696,Sí,0.719,2026-09-15,15/09/2026,7.42,0,Ajuste aplicado
AH_2026_2027,2026-09-15,2026-09-15 19:49:18.496678,Santa Clotilde,9032282,2026-09-16,16/09/2026,7.382,7.371,7.415,7.371,7.382,6.663,6.651,6.696,6.651,6.663,7.371,7.415,7.371,7.371,6.651,6.696,6.651,6.651,Sí,0.719,2026-09-15,15/09/2026,7.42,0,Ajuste aplicado
AH_2026_2027,2026-09-15,2026-09-15 19:49:18.496678,Santa Clotilde,9032282,2026-09-17,17/09/2026,7.329,7.314,7.371,7.315,7.329,6.609,6.595,6.651,6.595,6.61,7.315,7.371,7.315,7.314,6.596,6.651,6.596,6.595,Sí,0.719,2026-09-15,15/09/2026,7.42,0,Ajuste aplicado
AH_2026_2027,2026-09-15,2026-09-15 19:49:18.496678,Santa Clotilde,9032282,2026-09-18,18/09/2026,7.242,7.215,7.314,7.217,7.244,6.523,6.496,6.595,6.497,6.525,7.221,7.314,7.217,7.215,6.501,6.595,6.498,6.496,Sí,0.719,2026-09-15,15/09/2026,7.42,0,Ajuste aplicado
AH_2026_2027,2026-09-15,2026-09-15 19:49:18.496678,Santa Clotilde,9032282,2026-09-19,19/09/2026,7.198,7.191,7.22,7.191,7.198,6.479,6.472,6.501,6.472,6.479,7.191,7.22,7.191,7.191,6.472,6.501,6.472,6.472,Sí,0.719,2026-09-15,15/09/2026,7.42,0,Ajuste aplicado
AH_2026_2027,2026-09-15,2026-09-15 19:49:18.496678,Santa Clotilde,9032282,2026-09-20,20/09/2026,7.182,7.178,7.191,7.179,7.182,6.463,6.459,6.472,6.459,6.463,7.179,7.191,7.178,7.179,6.459,6.472,6.459,6.46,Sí,0.719,2026-09-15,15/09/2026,7.42,0,Ajuste aplicado
AH_2026_2027,2026-09-15,2026-09-15 19:49:18.496678,Santa Clotilde,9032282,2026-09-21,21/09/2026,7.148,7.131,7.179,7.133,7.156,6.429,6.412,6.46,6.414,6.437,7.134,7.179,7.131,7.148,6.415,6.46,6.412,6.429,Sí,0.719,2026-09-15,15/09/2026,7.42,0,Ajuste aplicado
AH_2026_2027,2026-09-15,2026-09-15 19:49:18.496678,Santa María de Nanay,9037738,2026-09-15,15/09/2026,4.16,3.971,4.235,4.145,4.232,4.324,4.135,4.399,4.309,4.396,4.235,3.971,4.231,4.203,4.399,4.135,4.395,4.367,Sí,-0.164,2026-09-15,15/09/2026,4.16,0,Ajuste aplicado
AH_2026_2027,2026-09-15,2026-09-15 19:49:18.496678,Santa María de Nanay,9037738,2026-09-16,16/09/2026,4.513,4.336,4.616,4.471,4.591,4.676,4.5,4.78,4.635,4.755,4.616,4.336,4.583,4.516,4.78,4.5,4.747,4.679,Sí,-0.164,2026-09-15,15/09/2026,4.16,0,Ajuste aplicado
AH_2026_2027,2026-09-15,2026-09-15 19:49:18.496678,Santa María de Nanay,9037738,2026-09-17,17/09/2026,4.646,4.505,4.808,4.601,4.68,4.81,4.669,4.972,4.765,4.844,4.808,4.638,4.634,4.505,4.972,4.802,4.797,4.669,Sí,-0.164,2026-09-15,15/09/2026,4.16,0,Ajuste aplicado
AH_2026_2027,2026-09-15,2026-09-15 19:49:18.496678,Santa María de Nanay,9037738,2026-09-18,18/09/2026,4.62,4.153,5.033,4.398,4.868,4.783,4.317,5.196,4.562,5.032,5.033,4.813,4.48,4.153,5.196,4.977,4.644,4.317,Sí,-0.164,2026-09-15,15/09/2026,4.16,0,Ajuste aplicado
AH_2026_2027,2026-09-15,2026-09-15 19:49:18.496678,Santa María de Nanay,9037738,2026-09-19,19/09/2026,4.536,3.894,5.032,4.169,4.977,4.7,4.058,5.196,4.333,5.141,4.959,5.032,4.26,3.894,5.123,5.196,4.424,4.058,Sí,-0.164,2026-09-15,15/09/2026,4.16,0,Ajuste aplicado
AH_2026_2027,2026-09-15,2026-09-15 19:49:18.496678,Santa María de Nanay,9037738,2026-09-20,20/09/2026,4.275,3.317,5.038,3.874,4.775,4.439,3.48,5.202,4.038,4.939,4.688,5.038,4.06,3.317,4.852,5.202,4.223,3.48,Sí,-0.164,2026-09-15,15/09/2026,4.16,0,Ajuste aplicado
AH_2026_2027,2026-09-15,2026-09-15 19:49:18.496678,Santa María de Nanay,9037738,2026-09-21,21/09/2026,4.03,3.242,4.806,3.712,4.354,4.194,3.406,4.97,3.876,4.518,4.203,4.806,3.869,3.242,4.367,4.97,4.033,3.406,Sí,-0.164,2026-09-15,15/09/2026,4.16,0,Ajuste aplicado
AH_2026_2027,2026-09-15,2026-09-15 19:49:18.496678,Santa Rosa,9039635,2026-09-15,15/09/2026,2.74,2.73,2.743,2.74,2.743,3.339,3.329,3.342,3.339,3.342,2.743,2.73,2.743,2.743,3.342,3.329,3.342,3.342,Sí,-0.599,2026-09-15,15/09/2026,2.74,0,Ajuste aplicado
AH_2026_2027,2026-09-15,2026-09-15 19:49:18.496678,Santa Rosa,9039635,2026-09-16,16/09/2026,2.756,2.743,2.76,2.756,2.76,3.355,3.342,3.359,3.355,3.359,2.76,2.743,2.76,2.76,3.359,3.342,3.359,3.359,Sí,-0.599,2026-09-15,15/09/2026,2.74,0,Ajuste aplicado
AH_2026_2027,2026-09-15,2026-09-15 19:49:18.496678,Santa Rosa,9039635,2026-09-17,17/09/2026,2.759,2.756,2.76,2.757,2.76,3.358,3.355,3.359,3.356,3.359,2.76,2.758,2.76,2.756,3.359,3.357,3.359,3.355,Sí,-0.599,2026-09-15,15/09/2026,2.74,0,Ajuste aplicado
AH_2026_2027,2026-09-15,2026-09-15 19:49:18.496678,Santa Rosa,9039635,2026-09-18,18/09/2026,2.71,2.688,2.76,2.692,2.714,3.309,3.287,3.359,3.291,3.313,2.699,2.76,2.693,2.688,3.298,3.359,3.292,3.287,Sí,-0.599,2026-09-15,15/09/2026,2.74,0,Ajuste aplicado
AH_2026_2027,2026-09-15,2026-09-15 19:49:18.496678,Santa Rosa,9039635,2026-09-19,19/09/2026,2.68,2.658,2.727,2.663,2.683,3.279,3.257,3.326,3.262,3.282,2.668,2.727,2.665,2.658,3.267,3.326,3.264,3.257,Sí,-0.599,2026-09-15,15/09/2026,2.74,0,Ajuste aplicado
AH_2026_2027,2026-09-15,2026-09-15 19:49:18.496678,Santa Rosa,9039635,2026-09-20,20/09/2026,2.64,2.617,2.684,2.622,2.649,3.239,3.216,3.283,3.221,3.248,2.637,2.684,2.624,2.617,3.236,3.283,3.223,3.216,Sí,-0.599,2026-09-15,15/09/2026,2.74,0,Ajuste aplicado
AH_2026_2027,2026-09-15,2026-09-15 19:49:18.496678,Santa Rosa,9039635,2026-09-21,21/09/2026,2.592,2.558,2.646,2.566,2.607,3.191,3.157,3.245,3.165,3.206,2.593,2.646,2.569,2.558,3.192,3.245,3.168,3.157,Sí,-0.599,2026-09-15,15/09/2026,2.74,0,Ajuste aplicado
AH_2026_2027,2026-09-15,2026-09-15 19:49:18.496678,Tamshiyacu,9038269,2026-09-15,15/09/2026,1.9,1.897,1.909,1.897,1.9,2.218,2.215,2.227,2.215,2.218,1.897,1.909,1.897,1.897,2.215,2.227,2.215,2.215,Sí,-0.318,2026-09-15,15/09/2026,1.9,0,Ajuste aplicado
AH_2026_2027,2026-09-15,2026-09-15 19:49:18.496678,Tamshiyacu,9038269,2026-09-16,16/09/2026,1.894,1.893,1.897,1.893,1.894,2.212,2.211,2.215,2.211,2.212,1.893,1.897,1.893,1.893,2.211,2.215,2.211,2.211,Sí,-0.318,2026-09-15,15/09/2026,1.9,0,Ajuste aplicado
AH_2026_2027,2026-09-15,2026-09-15 19:49:18.496678,Tamshiyacu,9038269,2026-09-17,17/09/2026,1.892,1.891,1.894,1.891,1.892,2.21,2.21,2.212,2.21,2.21,1.891,1.894,1.891,1.891,2.21,2.212,2.21,2.21,Sí,-0.318,2026-09-15,15/09/2026,1.9,0,Ajuste aplicado
AH_2026_2027,2026-09-15,2026-09-15 19:49:18.496678,Tamshiyacu,9038269,2026-09-18,18/09/2026,1.891,1.89,1.892,1.89,1.891,2.209,2.208,2.21,2.208,2.209,1.89,1.892,1.89,1.89,2.208,2.21,2.208,2.208,Sí,-0.318,2026-09-15,15/09/2026,1.9,0,Ajuste aplicado
AH_2026_2027,2026-09-15,2026-09-15 19:49:18.496678,Tamshiyacu,9038269,2026-09-19,19/09/2026,1.879,1.876,1.89,1.876,1.879,2.198,2.194,2.208,2.194,2.198,1.876,1.89,1.876,1.876,2.194,2.208,2.194,2.194,Sí,-0.318,2026-09-15,15/09/2026,1.9,0,Ajuste aplicado
AH_2026_2027,2026-09-15,2026-09-15 19:49:18.496678,Tamshiyacu,9038269,2026-09-20,20/09/2026,1.856,1.847,1.877,1.847,1.857,2.174,2.165,2.195,2.165,2.176,1.851,1.877,1.847,1.847,2.169,2.195,2.165,2.165,Sí,-0.318,2026-09-15,15/09/2026,1.9,0,Ajuste aplicado
AH_2026_2027,2026-09-15,2026-09-15 19:49:18.496678,Tamshiyacu,9038269,2026-09-21,21/09/2026,1.829,1.821,1.851,1.821,1.829,2.147,2.139,2.169,2.139,2.147,1.821,1.851,1.821,1.821,2.14,2.169,2.139,2.139,Sí,-0.318,2026-09-15,15/09/2026,1.9,0,Ajuste aplicado
AH_2026_2027,2026-09-15,2026-09-15 19:49:18.496678,Timicurillo,9036459,2026-09-15,15/09/2026,6.27,6.256,6.313,6.256,6.27,5.825,5.811,5.868,5.811,5.825,6.256,6.313,6.256,6.256,5.811,5.868,5.811,5.811,Sí,0.445,2026-09-13,13/09/2026,6.27,2,Ajuste aplicado
AH_2026_2027,2026-09-15,2026-09-15 19:49:18.496678,Timicurillo,9036459,2026-09-16,16/09/2026,6.252,6.251,6.257,6.251,6.253,5.808,5.806,5.812,5.806,5.808,6.251,6.257,6.251,6.251,5.806,5.812,5.806,5.806,Sí,0.445,2026-09-13,13/09/2026,6.27,2,Ajuste aplicado
AH_2026_2027,2026-09-15,2026-09-15 19:49:18.496678,Timicurillo,9036459,2026-09-17,17/09/2026,6.26,6.255,6.263,6.26,6.263,5.816,5.81,5.818,5.815,5.818,6.263,6.255,6.263,6.261,5.818,5.81,5.818,5.817,Sí,0.445,2026-09-13,13/09/2026,6.27,2,Ajuste aplicado
AH_2026_2027,2026-09-15,2026-09-15 19:49:18.496678,Timicurillo,9036459,2026-09-18,18/09/2026,6.307,6.277,6.345,6.292,6.318,5.862,5.832,5.9,5.847,5.873,6.345,6.277,6.309,6.297,5.9,5.832,5.864,5.852,Sí,0.445,2026-09-13,13/09/2026,6.27,2,Ajuste aplicado
AH_2026_2027,2026-09-15,2026-09-15 19:49:18.496678,Timicurillo,9036459,2026-09-19,19/09/2026,6.393,6.275,6.569,6.293,6.464,5.948,5.83,6.124,5.848,6.019,6.569,6.429,6.299,6.275,6.124,5.984,5.854,5.83,Sí,0.445,2026-09-13,13/09/2026,6.27,2,Ajuste aplicado
AH_2026_2027,2026-09-15,2026-09-15 19:49:18.496678,Timicurillo,9036459,2026-09-20,20/09/2026,6.413,6.236,6.713,6.25,6.514,5.968,5.791,6.268,5.805,6.069,6.448,6.713,6.254,6.236,6.003,6.268,5.809,5.791,Sí,0.445,2026-09-13,13/09/2026,6.27,2,Ajuste aplicado
AH_2026_2027,2026-09-15,2026-09-15 19:49:18.496678,Timicurillo,9036459,2026-09-21,21/09/2026,6.225,5.932,6.66,6.015,6.365,5.78,5.487,6.215,5.57,5.92,6.267,6.66,6.042,5.932,5.822,6.215,5.597,5.487,Sí,0.445,2026-09-13,13/09/2026,6.27,2,Ajuste aplicado
AH_2026_2027,2026-09-15,2026-09-15 19:49:18.496678,Yurimaguas,9046779,2026-09-15,15/09/2026,127.3,127.295,127.302,127.3,127.302,128.071,128.066,128.073,128.071,128.073,127.302,127.295,127.302,127.302,128.073,128.066,128.073,128.073,Sí,-0.771,2026-09-15,15/09/2026,127.3,0,Ajuste aplicado
AH_2026_2027,2026-09-15,2026-09-15 19:49:18.496678,Yurimaguas,9046779,2026-09-16,16/09/2026,127.316,127.302,127.32,127.316,127.32,128.087,128.073,128.091,128.087,128.091,127.32,127.302,127.32,127.32,128.091,128.073,128.091,128.091,Sí,-0.771,2026-09-15,15/09/2026,127.3,0,Ajuste aplicado
AH_2026_2027,2026-09-15,2026-09-15 19:49:18.496678,Yurimaguas,9046779,2026-09-17,17/09/2026,127.399,127.321,127.425,127.398,127.425,128.17,128.093,128.196,128.169,128.196,127.425,127.321,127.424,127.424,128.196,128.093,128.196,128.195,Sí,-0.771,2026-09-15,15/09/2026,127.3,0,Ajuste aplicado
AH_2026_2027,2026-09-15,2026-09-15 19:49:18.496678,Yurimaguas,9046779,2026-09-18,18/09/2026,127.723,127.425,127.824,127.721,127.823,128.494,128.196,128.595,128.492,128.594,127.824,127.425,127.823,127.819,128.595,128.196,128.594,128.591,Sí,-0.771,2026-09-15,15/09/2026,127.3,0,Ajuste aplicado
AH_2026_2027,2026-09-15,2026-09-15 19:49:18.496678,Yurimaguas,9046779,2026-09-19,19/09/2026,128.157,127.823,128.29,128.127,128.287,128.928,128.595,129.062,128.898,129.058,128.286,127.823,128.29,128.228,129.057,128.595,129.062,128.999,Sí,-0.771,2026-09-15,15/09/2026,127.3,0,Ajuste aplicado
AH_2026_2027,2026-09-15,2026-09-15 19:49:18.496678,Yurimaguas,9046779,2026-09-20,20/09/2026,128.593,128.231,128.724,128.583,128.72,129.365,129.002,129.495,129.354,129.491,128.719,128.231,128.724,128.7,129.49,129.002,129.495,129.472,Sí,-0.771,2026-09-15,15/09/2026,127.3,0,Ajuste aplicado
AH_2026_2027,2026-09-15,2026-09-15 19:49:18.496678,Yurimaguas,9046779,2026-09-21,21/09/2026,128.862,128.719,128.924,128.852,128.913,129.633,129.49,129.695,129.623,129.684,128.909,128.719,128.924,128.896,129.68,129.49,129.695,129.667,Sí,-0.771,2026-09-15,15/09/2026,127.3,0,Ajuste aplicado
AH_2026_2027,2026-09-16,2026-09-16 19:37:51.635808,Angamos,9043370,2026-09-16,16/09/2026,0.76,0.76,0.76,0.76,0.76,7.405,7.405,7.405,7.405,7.405,0.76,0.76,0.76,0.76,7.405,7.405,7.405,7.405,Sí,-6.645,2026-09-16,16/09/2026,0.76,0,Offset alto: -6.65 m. Revisar estación.
AH_2026_2027,2026-09-16,2026-09-16 19:37:51.635808,Angamos,9043370,2026-09-17,17/09/2026,0.758,0.757,0.758,0.757,0.758,7.403,7.402,7.403,7.402,7.403,0.758,0.758,0.757,0.757,7.403,7.403,7.402,7.402,Sí,-6.645,2026-09-16,16/09/2026,0.76,0,Offset alto: -6.65 m. Revisar estación.
AH_2026_2027,2026-09-16,2026-09-16 19:37:51.635808,Angamos,9043370,2026-09-18,18/09/2026,0.75,0.746,0.753,0.747,0.753,7.395,7.391,7.398,7.392,7.398,0.752,0.753,0.747,0.746,7.398,7.398,7.393,7.391,Sí,-6.645,2026-09-16,16/09/2026,0.76,0,Offset alto: -6.65 m. Revisar estación.
AH_2026_2027,2026-09-16,2026-09-16 19:37:51.635808,Angamos,9043370,2026-09-19,19/09/2026,0.737,0.727,0.746,0.733,0.743,7.383,7.372,7.392,7.378,7.388,0.742,0.746,0.734,0.727,7.387,7.392,7.38,7.372,Sí,-6.645,2026-09-16,16/09/2026,0.76,0,Offset alto: -6.65 m. Revisar estación.
AH_2026_2027,2026-09-16,2026-09-16 19:37:51.635808,Angamos,9043370,2026-09-20,20/09/2026,0.723,0.696,0.74,0.714,0.735,7.368,7.341,7.385,7.359,7.38,0.734,0.74,0.72,0.696,7.379,7.385,7.365,7.341,Sí,-6.645,2026-09-16,16/09/2026,0.76,0,Offset alto: -6.65 m. Revisar estación.
AH_2026_2027,2026-09-16,2026-09-16 19:37:51.635808,Angamos,9043370,2026-09-21,21/09/2026,0.702,0.677,0.729,0.684,0.72,7.347,7.322,7.374,7.329,7.365,0.717,0.729,0.687,0.677,7.362,7.374,7.332,7.322,Sí,-6.645,2026-09-16,16/09/2026,0.76,0,Offset alto: -6.65 m. Revisar estación.
AH_2026_2027,2026-09-16,2026-09-16 19:37:51.635808,Angamos,9043370,2026-09-22,22/09/2026,0.68,0.645,0.715,0.668,0.693,7.325,7.29,7.36,7.313,7.338,0.686,0.715,0.675,0.645,7.331,7.36,7.321,7.29,Sí,-6.645,2026-09-16,16/09/2026,0.76,0,Offset alto: -6.65 m. Revisar estación.
AH_2026_2027,2026-09-16,2026-09-16 19:37:51.635808,Bellavista,9036028,2026-09-16,16/09/2026,4.81,4.81,4.81,4.81,4.81,5.009,5.009,5.009,5.009,5.009,4.81,4.81,4.81,4.81,5.009,5.009,5.009,5.009,Sí,-0.199,2026-09-16,16/09/2026,4.81,0,Ajuste aplicado
AH_2026_2027,2026-09-16,2026-09-16 19:37:51.635808,Bellavista,9036028,2026-09-17,17/09/2026,4.81,4.81,4.81,4.81,4.81,5.009,5.009,5.009,5.009,5.009,4.81,4.81,4.81,4.81,5.009,5.009,5.009,5.009,Sí,-0.199,2026-09-16,16/09/2026,4.81,0,Ajuste aplicado
AH_2026_2027,2026-09-16,2026-09-16 19:37:51.635808,Bellavista,9036028,2026-09-18,18/09/2026,4.792,4.792,4.792,4.792,4.792,4.991,4.991,4.991,4.991,4.991,4.792,4.792,4.792,4.792,4.991,4.991,4.991,4.991,Sí,-0.199,2026-09-16,16/09/2026,4.81,0,Ajuste aplicado
AH_2026_2027,2026-09-16,2026-09-16 19:37:51.635808,Bellavista,9036028,2026-09-19,19/09/2026,4.774,4.772,4.776,4.773,4.776,4.974,4.971,4.975,4.972,4.975,4.776,4.776,4.774,4.772,4.975,4.975,4.973,4.971,Sí,-0.199,2026-09-16,16/09/2026,4.81,0,Ajuste aplicado
AH_2026_2027,2026-09-16,2026-09-16 19:37:51.635808,Bellavista,9036028,2026-09-20,20/09/2026,4.748,4.748,4.749,4.748,4.749,4.948,4.947,4.948,4.947,4.948,4.749,4.749,4.748,4.748,4.948,4.948,4.947,4.947,Sí,-0.199,2026-09-16,16/09/2026,4.81,0,Ajuste aplicado
AH_2026_2027,2026-09-16,2026-09-16 19:37:51.635808,Bellavista,9036028,2026-09-21,21/09/2026,4.73,4.728,4.732,4.729,4.732,4.93,4.927,4.931,4.928,4.931,4.732,4.732,4.728,4.73,4.931,4.931,4.927,4.929,Sí,-0.199,2026-09-16,16/09/2026,4.81,0,Ajuste aplicado
AH_2026_2027,2026-09-16,2026-09-16 19:37:51.635808,Bellavista,9036028,2026-09-22,22/09/2026,4.707,4.705,4.709,4.706,4.709,4.907,4.905,4.908,4.906,4.908,4.709,4.708,4.705,4.707,4.908,4.908,4.905,4.906,Sí,-0.199,2026-09-16,16/09/2026,4.81,0,Ajuste aplicado
AH_2026_2027,2026-09-16,2026-09-16 19:37:51.635808,Borja,9040208,2026-09-16,16/09/2026,4.4,4.397,4.403,4.399,4.401,4.321,4.318,4.324,4.32,4.323,4.4,4.401,4.403,4.397,4.321,4.322,4.324,4.318,Sí,0.079,2026-09-16,16/09/2026,4.4,0,Ajuste aplicado
AH_2026_2027,2026-09-16,2026-09-16 19:37:51.635808,Borja,9040208,2026-09-17,17/09/2026,4.449,4.438,4.458,4.445,4.452,4.37,4.359,4.379,4.367,4.374,4.448,4.451,4.458,4.438,4.369,4.372,4.379,4.359,Sí,0.079,2026-09-16,16/09/2026,4.4,0,Ajuste aplicado
AH_2026_2027,2026-09-16,2026-09-16 19:37:51.635808,Borja,9040208,2026-09-18,18/09/2026,4.512,4.457,4.542,4.501,4.536,4.433,4.378,4.464,4.422,4.457,4.515,4.533,4.542,4.457,4.437,4.455,4.464,4.378,Sí,0.079,2026-09-16,16/09/2026,4.4,0,Ajuste aplicado
AH_2026_2027,2026-09-16,2026-09-16 19:37:51.635808,Borja,9040208,2026-09-19,19/09/2026,4.538,4.458,4.575,4.528,4.568,4.459,4.379,4.497,4.449,4.49,4.551,4.575,4.566,4.458,4.473,4.497,4.488,4.379,Sí,0.079,2026-09-16,16/09/2026,4.4,0,Ajuste aplicado
AH_2026_2027,2026-09-16,2026-09-16 19:37:51.635808,Borja,9040208,2026-09-20,20/09/2026,4.558,4.453,4.649,4.527,4.595,4.479,4.374,4.571,4.448,4.516,4.577,4.649,4.552,4.453,4.498,4.571,4.473,4.374,Sí,0.079,2026-09-16,16/09/2026,4.4,0,Ajuste aplicado
AH_2026_2027,2026-09-16,2026-09-16 19:37:51.635808,Borja,9040208,2026-09-21,21/09/2026,4.548,4.415,4.688,4.484,4.61,4.47,4.337,4.609,4.405,4.531,4.584,4.688,4.507,4.415,4.505,4.609,4.428,4.337,Sí,0.079,2026-09-16,16/09/2026,4.4,0,Ajuste aplicado
AH_2026_2027,2026-09-16,2026-09-16 19:37:51.635808,Borja,9040208,2026-09-22,22/09/2026,4.501,4.35,4.667,4.416,4.578,4.422,4.272,4.588,4.337,4.499,4.548,4.667,4.438,4.35,4.47,4.588,4.359,4.272,Sí,0.079,2026-09-16,16/09/2026,4.4,0,Ajuste aplicado
AH_2026_2027,2026-09-16,2026-09-16 19:37:51.635808,Contamana,9053555,2026-09-16,16/09/2026,6.8,6.8,6.8,6.8,6.8,11.709,11.708,11.709,11.709,11.709,6.8,6.8,6.8,6.8,11.709,11.709,11.709,11.708,Sí,-4.909,2026-09-16,16/09/2026,6.8,0,Offset alto: -4.91 m. Revisar estación.
AH_2026_2027,2026-09-16,2026-09-16 19:37:51.635808,Contamana,9053555,2026-09-17,17/09/2026,6.751,6.751,6.751,6.751,6.751,11.659,11.659,11.659,11.659,11.659,6.751,6.751,6.751,6.751,11.659,11.659,11.659,11.659,Sí,-4.909,2026-09-16,16/09/2026,6.8,0,Offset alto: -4.91 m. Revisar estación.
AH_2026_2027,2026-09-16,2026-09-16 19:37:51.635808,Contamana,9053555,2026-09-18,18/09/2026,6.725,6.724,6.725,6.725,6.725,11.633,11.633,11.633,11.633,11.633,6.725,6.725,6.725,6.724,11.633,11.633,11.633,11.633,Sí,-4.909,2026-09-16,16/09/2026,6.8,0,Offset alto: -4.91 m. Revisar estación.
AH_2026_2027,2026-09-16,2026-09-16 19:37:51.635808,Contamana,9053555,2026-09-19,19/09/2026,6.732,6.731,6.732,6.731,6.732,11.64,11.64,11.64,11.64,11.64,6.732,6.732,6.731,6.731,11.64,11.64,11.64,11.64,Sí,-4.909,2026-09-16,16/09/2026,6.8,0,Offset alto: -4.91 m. Revisar estación.
AH_2026_2027,2026-09-16,2026-09-16 19:37:51.635808,Contamana,9053555,2026-09-20,20/09/2026,6.768,6.763,6.771,6.767,6.77,11.677,11.672,11.679,11.676,11.679,6.77,6.771,6.769,6.763,11.679,11.679,11.677,11.672,Sí,-4.909,2026-09-16,16/09/2026,6.8,0,Offset alto: -4.91 m. Revisar estación.
AH_2026_2027,2026-09-16,2026-09-16 19:37:51.635808,Contamana,9053555,2026-09-21,21/09/2026,6.782,6.78,6.787,6.78,6.783,11.691,11.688,11.695,11.689,11.691,6.781,6.787,6.781,6.78,11.69,11.695,11.689,11.688,Sí,-4.909,2026-09-16,16/09/2026,6.8,0,Offset alto: -4.91 m. Revisar estación.
AH_2026_2027,2026-09-16,2026-09-16 19:37:51.635808,Contamana,9053555,2026-09-22,22/09/2026,6.833,6.827,6.843,6.828,6.836,11.741,11.736,11.751,11.736,11.745,6.834,6.843,6.828,6.827,11.742,11.751,11.736,11.736,Sí,-4.909,2026-09-16,16/09/2026,6.8,0,Offset alto: -4.91 m. Revisar estación.
AH_2026_2027,2026-09-16,2026-09-16 19:37:51.635808,ENAPU,9038134,2026-09-16,16/09/2026,3.93,-8.048,39.85,-8.047,3.937,69.92,57.941,105.84,57.942,69.926,-8.047,39.85,-8.035,-8.048,57.943,105.84,57.955,57.941,Sí,-65.99,2026-09-16,16/09/2026,3.93,0,Offset alto: -65.99 m. Revisar estación.
AH_2026_2027,2026-09-16,2026-09-16 19:37:51.635808,ENAPU,9038134,2026-09-17,17/09/2026,16.484,-8.303,41.192,-8.116,41.125,82.474,57.687,107.182,57.873,107.115,41.103,41.192,-8.054,-8.303,107.092,107.182,57.936,57.687,Sí,-65.99,2026-09-16,16/09/2026,3.93,0,Offset alto: -65.99 m. Revisar estación.
AH_2026_2027,2026-09-16,2026-09-16 19:37:51.635808,ENAPU,9038134,2026-09-18,18/09/2026,28.625,-8.866,41.825,27.615,41.781,94.615,57.124,107.815,93.605,107.771,41.825,41.767,39.776,-8.866,107.815,107.756,105.766,57.124,Sí,-65.99,2026-09-16,16/09/2026,3.93,0,Offset alto: -65.99 m. Revisar estación.
AH_2026_2027,2026-09-16,2026-09-16 19:37:51.635808,ENAPU,9038134,2026-09-19,19/09/2026,28.035,-12.402,42.052,27.274,42.006,94.025,53.587,108.042,93.264,107.995,42.052,41.99,40.499,-12.402,108.042,107.98,106.489,53.587,Sí,-65.99,2026-09-16,16/09/2026,3.93,0,Offset alto: -65.99 m. Revisar estación.
AH_2026_2027,2026-09-16,2026-09-16 19:37:51.635808,ENAPU,9038134,2026-09-20,20/09/2026,28.036,-12.753,42.103,27.353,42.08,94.026,53.236,108.093,93.343,108.07,42.103,42.072,40.722,-12.753,108.093,108.062,106.712,53.236,Sí,-65.99,2026-09-16,16/09/2026,3.93,0,Offset alto: -65.99 m. Revisar estación.
AH_2026_2027,2026-09-16,2026-09-16 19:37:51.635808,ENAPU,9038134,2026-09-21,21/09/2026,28.037,-12.83,42.072,27.51,41.98,94.027,53.16,108.061,93.5,107.97,41.949,42.072,40.957,-12.83,107.939,108.061,106.947,53.16,Sí,-65.99,2026-09-16,16/09/2026,3.93,0,Offset alto: -65.99 m. Revisar estación.
AH_2026_2027,2026-09-16,2026-09-16 19:37:51.635808,ENAPU,9038134,2026-09-22,22/09/2026,27.997,-12.847,42.05,27.536,41.854,93.987,53.143,108.04,93.526,107.844,41.789,42.05,40.997,-12.847,107.778,108.04,106.987,53.143,Sí,-65.99,2026-09-16,16/09/2026,3.93,0,Offset alto: -65.99 m. Revisar estación.
AH_2026_2027,2026-09-16,2026-09-16 19:37:51.635808,Flor de Punga,9044756,2026-09-16,16/09/2026,11.691,11.691,11.691,11.691,11.691,11.691,11.691,11.691,11.691,11.691,11.691,11.691,11.691,11.691,11.691,11.691,11.691,11.691,No,,2026-05-14,14/05/2026,22.8,125,Observado muy antiguo para ajuste: 125 días
AH_2026_2027,2026-09-16,2026-09-16 19:37:51.635808,Flor de Punga,9044756,2026-09-17,17/09/2026,11.383,11.383,11.383,11.383,11.383,11.383,11.383,11.383,11.383,11.383,11.383,11.383,11.383,11.383,11.383,11.383,11.383,11.383,No,,2026-05-14,14/05/2026,22.8,125,Observado muy antiguo para ajuste: 125 días
AH_2026_2027,2026-09-16,2026-09-16 19:37:51.635808,Flor de Punga,9044756,2026-09-18,18/09/2026,11.093,11.093,11.093,11.093,11.093,11.093,11.093,11.093,11.093,11.093,11.093,11.093,11.093,11.093,11.093,11.093,11.093,11.093,No,,2026-05-14,14/05/2026,22.8,125,Observado muy antiguo para ajuste: 125 días
AH_2026_2027,2026-09-16,2026-09-16 19:37:51.635808,Flor de Punga,9044756,2026-09-19,19/09/2026,10.996,10.996,10.996,10.996,10.996,10.996,10.996,10.996,10.996,10.996,10.996,10.996,10.996,10.996,10.996,10.996,10.996,10.996,No,,2026-05-14,14/05/2026,22.8,125,Observado muy antiguo para ajuste: 125 días
AH_2026_2027,2026-09-16,2026-09-16 19:37:51.635808,Flor de Punga,9044756,2026-09-20,20/09/2026,10.968,10.968,10.969,10.968,10.969,10.968,10.968,10.969,10.968,10.969,10.968,10.969,10.968,10.968,10.968,10.969,10.968,10.968,No,,2026-05-14,14/05/2026,22.8,125,Observado muy antiguo para ajuste: 125 días
AH_2026_2027,2026-09-16,2026-09-16 19:37:51.635808,Flor de Punga,9044756,2026-09-21,21/09/2026,10.046,10.027,10.065,10.041,10.051,10.046,10.027,10.065,10.041,10.051,10.047,10.065,10.046,10.027,10.047,10.065,10.046,10.027,No,,2026-05-14,14/05/2026,22.8,125,Observado muy antiguo para ajuste: 125 días
AH_2026_2027,2026-09-16,2026-09-16 19:37:51.635808,Flor de Punga,9044756,2026-09-22,22/09/2026,8.46,8.455,8.467,8.458,8.462,8.46,8.455,8.467,8.458,8.462,8.46,8.467,8.459,8.455,8.46,8.467,8.459,8.455,No,,2026-05-14,14/05/2026,22.8,125,Observado muy antiguo para ajuste: 125 días
AH_2026_2027,2026-09-16,2026-09-16 19:37:51.635808,Genaro Herrera,9042214,2026-09-16,16/09/2026,6.65,6.65,6.65,6.65,6.65,8.503,8.503,8.503,8.503,8.503,6.65,6.65,6.65,6.65,8.503,8.503,8.503,8.503,Sí,-1.853,2026-09-16,16/09/2026,6.65,0,Offset alto: -1.85 m. Revisar estación.
AH_2026_2027,2026-09-16,2026-09-16 19:37:51.635808,Genaro Herrera,9042214,2026-09-17,17/09/2026,6.634,6.634,6.634,6.634,6.634,8.487,8.487,8.487,8.487,8.487,6.634,6.634,6.634,6.634,8.487,8.487,8.487,8.487,Sí,-1.853,2026-09-16,16/09/2026,6.65,0,Offset alto: -1.85 m. Revisar estación.
AH_2026_2027,2026-09-16,2026-09-16 19:37:51.635808,Genaro Herrera,9042214,2026-09-18,18/09/2026,6.605,6.605,6.605,6.605,6.605,8.458,8.458,8.458,8.458,8.458,6.605,6.605,6.605,6.605,8.458,8.458,8.458,8.458,Sí,-1.853,2026-09-16,16/09/2026,6.65,0,Offset alto: -1.85 m. Revisar estación.
AH_2026_2027,2026-09-16,2026-09-16 19:37:51.635808,Genaro Herrera,9042214,2026-09-19,19/09/2026,6.484,6.484,6.484,6.484,6.484,8.337,8.337,8.337,8.337,8.337,6.484,6.484,6.484,6.484,8.337,8.337,8.337,8.337,Sí,-1.853,2026-09-16,16/09/2026,6.65,0,Offset alto: -1.85 m. Revisar estación.
AH_2026_2027,2026-09-16,2026-09-16 19:37:51.635808,Genaro Herrera,9042214,2026-09-20,20/09/2026,6.36,6.358,6.363,6.36,6.361,8.213,8.211,8.216,8.213,8.214,6.361,6.363,6.36,6.358,8.213,8.216,8.213,8.211,Sí,-1.853,2026-09-16,16/09/2026,6.65,0,Offset alto: -1.85 m. Revisar estación.
AH_2026_2027,2026-09-16,2026-09-16 19:37:51.635808,Genaro Herrera,9042214,2026-09-21,21/09/2026,6.175,6.174,6.176,6.174,6.175,8.028,8.027,8.028,8.027,8.028,6.175,6.176,6.175,6.174,8.028,8.028,8.028,8.027,Sí,-1.853,2026-09-16,16/09/2026,6.65,0,Offset alto: -1.85 m. Revisar estación.
AH_2026_2027,2026-09-16,2026-09-16 19:37:51.635808,Genaro Herrera,9042214,2026-09-22,22/09/2026,5.846,5.845,5.847,5.845,5.846,7.699,7.697,7.7,7.698,7.699,5.846,5.847,5.846,5.845,7.698,7.7,7.699,7.697,Sí,-1.853,2026-09-16,16/09/2026,6.65,0,Offset alto: -1.85 m. Revisar estación.
AH_2026_2027,2026-09-16,2026-09-16 19:37:51.635808,Lagunas,9043597,2026-09-16,16/09/2026,3.7,3.7,3.7,3.7,3.7,4.292,4.292,4.292,4.292,4.292,3.7,3.7,3.7,3.7,4.292,4.292,4.292,4.292,Sí,-0.592,2026-09-16,16/09/2026,3.7,0,Ajuste aplicado
AH_2026_2027,2026-09-16,2026-09-16 19:37:51.635808,Lagunas,9043597,2026-09-17,17/09/2026,3.707,3.707,3.707,3.707,3.707,4.298,4.298,4.298,4.298,4.298,3.707,3.707,3.707,3.707,4.298,4.298,4.298,4.298,Sí,-0.592,2026-09-16,16/09/2026,3.7,0,Ajuste aplicado
AH_2026_2027,2026-09-16,2026-09-16 19:37:51.635808,Lagunas,9043597,2026-09-18,18/09/2026,3.734,3.734,3.734,3.734,3.734,4.326,4.326,4.326,4.326,4.326,3.734,3.734,3.734,3.734,4.326,4.326,4.326,4.326,Sí,-0.592,2026-09-16,16/09/2026,3.7,0,Ajuste aplicado
AH_2026_2027,2026-09-16,2026-09-16 19:37:51.635808,Lagunas,9043597,2026-09-19,19/09/2026,3.836,3.836,3.836,3.836,3.836,4.427,4.427,4.427,4.427,4.427,3.836,3.836,3.836,3.836,4.427,4.427,4.427,4.427,Sí,-0.592,2026-09-16,16/09/2026,3.7,0,Ajuste aplicado
AH_2026_2027,2026-09-16,2026-09-16 19:37:51.635808,Lagunas,9043597,2026-09-20,20/09/2026,4.086,4.086,4.086,4.086,4.086,4.678,4.678,4.678,4.678,4.678,4.086,4.086,4.086,4.086,4.678,4.678,4.678,4.678,Sí,-0.592,2026-09-16,16/09/2026,3.7,0,Ajuste aplicado
AH_2026_2027,2026-09-16,2026-09-16 19:37:51.635808,Lagunas,9043597,2026-09-21,21/09/2026,4.591,4.591,4.593,4.591,4.592,5.183,5.182,5.184,5.183,5.183,4.591,4.592,4.593,4.591,5.182,5.183,5.184,5.183,Sí,-0.592,2026-09-16,16/09/2026,3.7,0,Ajuste aplicado
AH_2026_2027,2026-09-16,2026-09-16 19:37:51.635808,Lagunas,9043597,2026-09-22,22/09/2026,4.892,4.887,4.9,4.888,4.893,5.483,5.478,5.492,5.48,5.485,4.887,4.891,4.9,4.889,5.478,5.483,5.492,5.48,Sí,-0.592,2026-09-16,16/09/2026,3.7,0,Ajuste aplicado
AH_2026_2027,2026-09-16,2026-09-16 19:37:51.635808,Nauta,9040454,2026-09-16,16/09/2026,5.54,5.54,5.541,5.54,5.54,5.042,5.041,5.042,5.041,5.042,5.54,5.541,5.54,5.54,5.042,5.042,5.042,5.041,Sí,0.498,2026-09-16,16/09/2026,5.54,0,Ajuste aplicado
AH_2026_2027,2026-09-16,2026-09-16 19:37:51.635808,Nauta,9040454,2026-09-17,17/09/2026,5.506,5.503,5.509,5.504,5.509,5.008,5.005,5.011,5.006,5.011,5.509,5.509,5.505,5.503,5.011,5.011,5.007,5.005,Sí,0.498,2026-09-16,16/09/2026,5.54,0,Ajuste aplicado
AH_2026_2027,2026-09-16,2026-09-16 19:37:51.635808,Nauta,9040454,2026-09-18,18/09/2026,5.469,5.469,5.47,5.469,5.47,4.971,4.97,4.972,4.971,4.972,5.47,5.47,5.469,5.469,4.972,4.972,4.971,4.97,Sí,0.498,2026-09-16,16/09/2026,5.54,0,Ajuste aplicado
AH_2026_2027,2026-09-16,2026-09-16 19:37:51.635808,Nauta,9040454,2026-09-19,19/09/2026,5.423,5.422,5.423,5.422,5.423,4.924,4.924,4.925,4.924,4.925,5.423,5.423,5.422,5.422,4.925,4.925,4.924,4.924,Sí,0.498,2026-09-16,16/09/2026,5.54,0,Ajuste aplicado
AH_2026_2027,2026-09-16,2026-09-16 19:37:51.635808,Nauta,9040454,2026-09-20,20/09/2026,5.323,5.323,5.323,5.323,5.323,4.825,4.825,4.825,4.825,4.825,5.323,5.323,5.323,5.323,4.825,4.825,4.825,4.825,Sí,0.498,2026-09-16,16/09/2026,5.54,0,Ajuste aplicado
AH_2026_2027,2026-09-16,2026-09-16 19:37:51.635808,Nauta,9040454,2026-09-21,21/09/2026,5.281,5.281,5.282,5.281,5.282,4.783,4.783,4.784,4.783,4.784,5.282,5.282,5.281,5.281,4.784,4.784,4.783,4.783,Sí,0.498,2026-09-16,16/09/2026,5.54,0,Ajuste aplicado
AH_2026_2027,2026-09-16,2026-09-16 19:37:51.635808,Nauta,9040454,2026-09-22,22/09/2026,5.22,5.22,5.221,5.22,5.221,4.722,4.721,4.723,4.722,4.723,5.221,5.221,5.22,5.22,4.722,4.723,4.722,4.721,Sí,0.498,2026-09-16,16/09/2026,5.54,0,Ajuste aplicado
AH_2026_2027,2026-09-16,2026-09-16 19:37:51.635808,Puerto Alegria,9038835,2026-09-16,16/09/2026,9.74,9.74,9.74,9.74,9.74,10.078,10.078,10.079,10.078,10.079,9.74,9.74,9.74,9.74,10.078,10.079,10.078,10.078,Sí,-0.338,2026-09-16,16/09/2026,9.74,0,Ajuste aplicado
AH_2026_2027,2026-09-16,2026-09-16 19:37:51.635808,Puerto Alegria,9038835,2026-09-17,17/09/2026,9.721,9.713,9.729,9.713,9.729,10.059,10.051,10.068,10.051,10.067,9.728,9.729,9.713,9.713,10.067,10.068,10.051,10.051,Sí,-0.338,2026-09-16,16/09/2026,9.74,0,Ajuste aplicado
AH_2026_2027,2026-09-16,2026-09-16 19:37:51.635808,Puerto Alegria,9038835,2026-09-18,18/09/2026,9.661,9.651,9.67,9.654,9.669,9.999,9.989,10.008,9.992,10.007,9.668,9.67,9.655,9.651,10.006,10.008,9.994,9.989,Sí,-0.338,2026-09-16,16/09/2026,9.74,0,Ajuste aplicado
AH_2026_2027,2026-09-16,2026-09-16 19:37:51.635808,Puerto Alegria,9038835,2026-09-19,19/09/2026,9.6,9.594,9.606,9.594,9.606,9.938,9.932,9.944,9.932,9.944,9.605,9.606,9.594,9.594,9.944,9.944,9.932,9.932,Sí,-0.338,2026-09-16,16/09/2026,9.74,0,Ajuste aplicado
AH_2026_2027,2026-09-16,2026-09-16 19:37:51.635808,Puerto Alegria,9038835,2026-09-20,20/09/2026,9.535,9.514,9.559,9.518,9.551,9.873,9.852,9.897,9.856,9.889,9.548,9.559,9.514,9.519,9.886,9.897,9.852,9.858,Sí,-0.338,2026-09-16,16/09/2026,9.74,0,Ajuste aplicado
AH_2026_2027,2026-09-16,2026-09-16 19:37:51.635808,Puerto Alegria,9038835,2026-09-21,21/09/2026,9.453,9.437,9.47,9.442,9.464,9.791,9.775,9.808,9.78,9.802,9.462,9.47,9.437,9.443,9.8,9.808,9.775,9.782,Sí,-0.338,2026-09-16,16/09/2026,9.74,0,Ajuste aplicado
AH_2026_2027,2026-09-16,2026-09-16 19:37:51.635808,Puerto Alegria,9038835,2026-09-22,22/09/2026,9.415,9.38,9.45,9.381,9.45,9.753,9.718,9.788,9.719,9.788,9.45,9.45,9.381,9.38,9.788,9.788,9.719,9.718,Sí,-0.338,2026-09-16,16/09/2026,9.74,0,Ajuste aplicado
AH_2026_2027,2026-09-16,2026-09-16 19:37:51.635808,Puerto Almendra,9037610,2026-09-16,16/09/2026,2.38,2.38,2.38,2.38,2.38,3.069,3.069,3.069,3.069,3.069,2.38,2.38,2.38,2.38,3.069,3.069,3.069,3.069,Sí,-0.689,2026-09-16,16/09/2026,2.38,0,Ajuste aplicado
AH_2026_2027,2026-09-16,2026-09-16 19:37:51.635808,Puerto Almendra,9037610,2026-09-17,17/09/2026,2.772,2.756,2.787,2.758,2.785,3.46,3.445,3.476,3.447,3.474,2.785,2.787,2.759,2.756,3.474,3.476,3.447,3.445,Sí,-0.689,2026-09-16,16/09/2026,2.38,0,Ajuste aplicado
AH_2026_2027,2026-09-16,2026-09-16 19:37:51.635808,Puerto Almendra,9037610,2026-09-18,18/09/2026,2.91,2.816,2.995,2.836,2.988,3.599,3.505,3.684,3.525,3.677,2.986,2.995,2.843,2.816,3.675,3.684,3.532,3.505,Sí,-0.689,2026-09-16,16/09/2026,2.38,0,Ajuste aplicado
AH_2026_2027,2026-09-16,2026-09-16 19:37:51.635808,Puerto Almendra,9037610,2026-09-19,19/09/2026,2.996,2.625,3.366,2.691,3.302,3.685,3.314,4.055,3.38,3.991,3.366,3.28,2.713,2.625,4.055,3.969,3.402,3.314,Sí,-0.689,2026-09-16,16/09/2026,2.38,0,Ajuste aplicado
AH_2026_2027,2026-09-16,2026-09-16 19:37:51.635808,Puerto Almendra,9037610,2026-09-20,20/09/2026,3.025,2.313,3.702,2.487,3.579,3.713,3.002,4.391,3.176,4.268,3.702,3.538,2.545,2.313,4.391,4.227,3.233,3.002,Sí,-0.689,2026-09-16,16/09/2026,2.38,0,Ajuste aplicado
AH_2026_2027,2026-09-16,2026-09-16 19:37:51.635808,Puerto Almendra,9037610,2026-09-21,21/09/2026,2.846,2.038,3.569,2.28,3.454,3.535,2.727,4.258,2.969,4.143,3.569,3.416,2.361,2.038,4.258,4.105,3.05,2.727,Sí,-0.689,2026-09-16,16/09/2026,2.38,0,Ajuste aplicado
AH_2026_2027,2026-09-16,2026-09-16 19:37:51.635808,Puerto Almendra,9037610,2026-09-22,22/09/2026,2.434,1.79,2.939,2.019,2.918,3.122,2.479,3.627,2.707,3.607,2.911,2.939,2.095,1.79,3.6,3.627,2.784,2.479,Sí,-0.689,2026-09-16,16/09/2026,2.38,0,Ajuste aplicado
AH_2026_2027,2026-09-16,2026-09-16 19:37:51.635808,Requena,9043425,2026-09-16,16/09/2026,5.14,5.14,5.14,5.14,5.14,5.228,5.228,5.228,5.228,5.228,5.14,5.14,5.14,5.14,5.228,5.228,5.228,5.228,Sí,-0.088,2026-09-16,16/09/2026,5.14,0,Ajuste aplicado
AH_2026_2027,2026-09-16,2026-09-16 19:37:51.635808,Requena,9043425,2026-09-17,17/09/2026,5.124,5.124,5.124,5.124,5.124,5.212,5.212,5.212,5.212,5.212,5.124,5.124,5.124,5.124,5.212,5.212,5.212,5.212,Sí,-0.088,2026-09-16,16/09/2026,5.14,0,Ajuste aplicado
AH_2026_2027,2026-09-16,2026-09-16 19:37:51.635808,Requena,9043425,2026-09-18,18/09/2026,5.109,5.108,5.109,5.109,5.109,5.197,5.197,5.197,5.197,5.197,5.109,5.109,5.109,5.108,5.197,5.197,5.197,5.197,Sí,-0.088,2026-09-16,16/09/2026,5.14,0,Ajuste aplicado
AH_2026_2027,2026-09-16,2026-09-16 19:37:51.635808,Requena,9043425,2026-09-19,19/09/2026,5.1,5.1,5.1,5.1,5.1,5.188,5.188,5.188,5.188,5.188,5.1,5.1,5.1,5.1,5.188,5.188,5.188,5.188,Sí,-0.088,2026-09-16,16/09/2026,5.14,0,Ajuste aplicado
AH_2026_2027,2026-09-16,2026-09-16 19:37:51.635808,Requena,9043425,2026-09-20,20/09/2026,5.089,5.088,5.089,5.089,5.089,5.177,5.176,5.177,5.177,5.177,5.089,5.089,5.089,5.088,5.177,5.177,5.177,5.176,Sí,-0.088,2026-09-16,16/09/2026,5.14,0,Ajuste aplicado
AH_2026_2027,2026-09-16,2026-09-16 19:37:51.635808,Requena,9043425,2026-09-21,21/09/2026,5.081,5.081,5.081,5.081,5.081,5.169,5.169,5.169,5.169,5.169,5.081,5.081,5.081,5.081,5.169,5.169,5.169,5.169,Sí,-0.088,2026-09-16,16/09/2026,5.14,0,Ajuste aplicado
AH_2026_2027,2026-09-16,2026-09-16 19:37:51.635808,Requena,9043425,2026-09-22,22/09/2026,5.075,5.074,5.075,5.075,5.075,5.163,5.162,5.163,5.163,5.163,5.075,5.075,5.075,5.074,5.163,5.163,5.163,5.162,Sí,-0.088,2026-09-16,16/09/2026,5.14,0,Ajuste aplicado
AH_2026_2027,2026-09-16,2026-09-16 19:37:51.635808,San Lorenzo,9042153,2026-09-16,16/09/2026,9.618,9.618,9.618,9.618,9.618,9.618,9.618,9.618,9.618,9.618,9.618,9.618,9.618,9.618,9.618,9.618,9.618,9.618,No,,2025-09-30,30/09/2025,7.19,351,Observado muy antiguo para ajuste: 351 días
AH_2026_2027,2026-09-16,2026-09-16 19:37:51.635808,San Lorenzo,9042153,2026-09-17,17/09/2026,9.594,9.593,9.594,9.593,9.594,9.594,9.593,9.594,9.593,9.594,9.594,9.594,9.593,9.593,9.594,9.594,9.593,9.593,No,,2025-09-30,30/09/2025,7.19,351,Observado muy antiguo para ajuste: 351 días
AH_2026_2027,2026-09-16,2026-09-16 19:37:51.635808,San Lorenzo,9042153,2026-09-18,18/09/2026,9.605,9.604,9.606,9.605,9.606,9.605,9.604,9.606,9.605,9.606,9.606,9.606,9.606,9.604,9.606,9.606,9.606,9.604,No,,2025-09-30,30/09/2025,7.19,351,Observado muy antiguo para ajuste: 351 días
AH_2026_2027,2026-09-16,2026-09-16 19:37:51.635808,San Lorenzo,9042153,2026-09-19,19/09/2026,9.618,9.618,9.619,9.618,9.619,9.618,9.618,9.619,9.618,9.619,9.619,9.619,9.619,9.618,9.619,9.619,9.619,9.618,No,,2025-09-30,30/09/2025,7.19,351,Observado muy antiguo para ajuste: 351 días
AH_2026_2027,2026-09-16,2026-09-16 19:37:51.635808,San Lorenzo,9042153,2026-09-20,20/09/2026,9.644,9.632,9.649,9.643,9.648,9.644,9.632,9.649,9.643,9.648,9.646,9.647,9.649,9.632,9.646,9.647,9.649,9.632,No,,2025-09-30,30/09/2025,7.19,351,Observado muy antiguo para ajuste: 351 días
AH_2026_2027,2026-09-16,2026-09-16 19:37:51.635808,San Lorenzo,9042153,2026-09-21,21/09/2026,9.665,9.641,9.681,9.659,9.677,9.665,9.641,9.681,9.659,9.677,9.664,9.681,9.675,9.641,9.664,9.681,9.675,9.641,No,,2025-09-30,30/09/2025,7.19,351,Observado muy antiguo para ajuste: 351 días
AH_2026_2027,2026-09-16,2026-09-16 19:37:51.635808,San Lorenzo,9042153,2026-09-22,22/09/2026,9.684,9.633,9.732,9.667,9.703,9.684,9.633,9.732,9.667,9.703,9.693,9.732,9.678,9.633,9.693,9.732,9.678,9.633,No,,2025-09-30,30/09/2025,7.19,351,Observado muy antiguo para ajuste: 351 días
AH_2026_2027,2026-09-16,2026-09-16 19:37:51.635808,San Regis,9040439,2026-09-16,16/09/2026,4.96,4.96,4.96,4.96,4.96,5.289,5.289,5.289,5.289,5.289,4.96,4.96,4.96,4.96,5.289,5.289,5.289,5.289,Sí,-0.329,2026-09-16,16/09/2026,4.96,0,Ajuste aplicado
AH_2026_2027,2026-09-16,2026-09-16 19:37:51.635808,San Regis,9040439,2026-09-17,17/09/2026,4.937,4.937,4.937,4.937,4.937,5.266,5.266,5.266,5.266,5.266,4.937,4.937,4.937,4.937,5.266,5.266,5.266,5.266,Sí,-0.329,2026-09-16,16/09/2026,4.96,0,Ajuste aplicado
AH_2026_2027,2026-09-16,2026-09-16 19:37:51.635808,San Regis,9040439,2026-09-18,18/09/2026,4.914,4.914,4.914,4.914,4.914,5.243,5.243,5.243,5.243,5.243,4.914,4.914,4.914,4.914,5.243,5.243,5.243,5.243,Sí,-0.329,2026-09-16,16/09/2026,4.96,0,Ajuste aplicado
AH_2026_2027,2026-09-16,2026-09-16 19:37:51.635808,San Regis,9040439,2026-09-19,19/09/2026,4.87,4.87,4.87,4.87,4.87,5.198,5.198,5.198,5.198,5.198,4.87,4.87,4.87,4.87,5.198,5.198,5.198,5.198,Sí,-0.329,2026-09-16,16/09/2026,4.96,0,Ajuste aplicado
AH_2026_2027,2026-09-16,2026-09-16 19:37:51.635808,San Regis,9040439,2026-09-20,20/09/2026,4.819,4.819,4.819,4.819,4.819,5.148,5.148,5.148,5.148,5.148,4.819,4.819,4.819,4.819,5.148,5.148,5.148,5.148,Sí,-0.329,2026-09-16,16/09/2026,4.96,0,Ajuste aplicado
AH_2026_2027,2026-09-16,2026-09-16 19:37:51.635808,San Regis,9040439,2026-09-21,21/09/2026,4.791,4.791,4.791,4.791,4.791,5.12,5.12,5.12,5.12,5.12,4.791,4.791,4.791,4.791,5.12,5.12,5.12,5.12,Sí,-0.329,2026-09-16,16/09/2026,4.96,0,Ajuste aplicado
AH_2026_2027,2026-09-16,2026-09-16 19:37:51.635808,San Regis,9040439,2026-09-22,22/09/2026,4.744,4.742,4.747,4.743,4.746,5.073,5.07,5.075,5.071,5.075,4.746,4.747,4.743,4.742,5.075,5.075,5.072,5.07,Sí,-0.329,2026-09-16,16/09/2026,4.96,0,Ajuste aplicado
AH_2026_2027,2026-09-16,2026-09-16 19:37:51.635808,Santa Clotilde,9032282,2026-09-16,16/09/2026,7.46,7.46,7.46,7.46,7.46,6.652,6.652,6.652,6.652,6.652,7.46,7.46,7.46,7.46,6.652,6.652,6.652,6.652,Sí,0.808,2026-09-16,16/09/2026,7.46,0,Ajuste aplicado
AH_2026_2027,2026-09-16,2026-09-16 19:37:51.635808,Santa Clotilde,9032282,2026-09-17,17/09/2026,7.406,7.406,7.406,7.406,7.406,6.598,6.598,6.598,6.598,6.598,7.406,7.406,7.406,7.406,6.598,6.598,6.598,6.598,Sí,0.808,2026-09-16,16/09/2026,7.46,0,Ajuste aplicado
AH_2026_2027,2026-09-16,2026-09-16 19:37:51.635808,Santa Clotilde,9032282,2026-09-18,18/09/2026,7.314,7.311,7.317,7.312,7.316,6.506,6.504,6.51,6.504,6.508,7.315,7.317,7.311,7.312,6.507,6.51,6.504,6.504,Sí,0.808,2026-09-16,16/09/2026,7.46,0,Ajuste aplicado
AH_2026_2027,2026-09-16,2026-09-16 19:37:51.635808,Santa Clotilde,9032282,2026-09-19,19/09/2026,7.28,7.28,7.281,7.28,7.28,6.472,6.472,6.473,6.472,6.473,7.28,7.281,7.28,7.28,6.473,6.473,6.472,6.472,Sí,0.808,2026-09-16,16/09/2026,7.46,0,Ajuste aplicado
AH_2026_2027,2026-09-16,2026-09-16 19:37:51.635808,Santa Clotilde,9032282,2026-09-20,20/09/2026,7.267,7.267,7.268,7.267,7.268,6.46,6.459,6.46,6.459,6.46,7.268,7.268,7.267,7.267,6.46,6.46,6.459,6.459,Sí,0.808,2026-09-16,16/09/2026,7.46,0,Ajuste aplicado
AH_2026_2027,2026-09-16,2026-09-16 19:37:51.635808,Santa Clotilde,9032282,2026-09-21,21/09/2026,7.224,7.221,7.23,7.221,7.225,6.416,6.413,6.422,6.414,6.417,7.224,7.23,7.221,7.221,6.416,6.422,6.413,6.414,Sí,0.808,2026-09-16,16/09/2026,7.46,0,Ajuste aplicado
AH_2026_2027,2026-09-16,2026-09-16 19:37:51.635808,Santa Clotilde,9032282,2026-09-22,22/09/2026,7.188,7.187,7.19,7.187,7.189,6.38,6.379,6.382,6.379,6.381,7.189,7.19,7.187,7.187,6.381,6.382,6.379,6.379,Sí,0.808,2026-09-16,16/09/2026,7.46,0,Ajuste aplicado
AH_2026_2027,2026-09-16,2026-09-16 19:37:51.635808,Santa María de Nanay,9037738,2026-09-16,16/09/2026,4.2,4.18,4.224,4.18,4.218,4.763,4.743,4.788,4.743,4.781,4.216,4.224,4.18,4.18,4.779,4.788,4.743,4.743,Sí,-0.563,2026-09-16,16/09/2026,4.2,0,Ajuste aplicado
AH_2026_2027,2026-09-16,2026-09-16 19:37:51.635808,Santa María de Nanay,9037738,2026-09-17,17/09/2026,4.324,4.224,4.407,4.251,4.405,4.888,4.788,4.971,4.814,4.969,4.405,4.407,4.26,4.224,4.968,4.971,4.823,4.788,Sí,-0.563,2026-09-16,16/09/2026,4.2,0,Ajuste aplicado
AH_2026_2027,2026-09-16,2026-09-16 19:37:51.635808,Santa María de Nanay,9037738,2026-09-18,18/09/2026,4.38,4.022,4.653,4.163,4.64,4.943,4.586,5.216,4.726,5.203,4.653,4.636,4.21,4.022,5.216,5.199,4.773,4.586,Sí,-0.563,2026-09-16,16/09/2026,4.2,0,Ajuste aplicado
AH_2026_2027,2026-09-16,2026-09-16 19:37:51.635808,Santa María de Nanay,9037738,2026-09-19,19/09/2026,4.467,3.677,5.075,3.981,5.045,5.031,4.24,5.639,4.544,5.608,5.075,5.034,4.082,3.677,5.639,5.598,4.646,4.24,Sí,-0.563,2026-09-16,16/09/2026,4.2,0,Ajuste aplicado
AH_2026_2027,2026-09-16,2026-09-16 19:37:51.635808,Santa María de Nanay,9037738,2026-09-20,20/09/2026,4.295,3.523,4.913,3.805,4.862,4.858,4.086,5.477,4.368,5.426,4.845,4.913,3.899,3.523,5.408,5.477,4.462,4.086,Sí,-0.563,2026-09-16,16/09/2026,4.2,0,Ajuste aplicado
AH_2026_2027,2026-09-16,2026-09-16 19:37:51.635808,Santa María de Nanay,9037738,2026-09-21,21/09/2026,3.92,3.25,4.464,3.491,4.412,4.483,3.813,5.027,4.055,4.976,4.395,4.464,3.571,3.25,4.958,5.027,4.135,3.813,Sí,-0.563,2026-09-16,16/09/2026,4.2,0,Ajuste aplicado
AH_2026_2027,2026-09-16,2026-09-16 19:37:51.635808,Santa María de Nanay,9037738,2026-09-22,22/09/2026,3.455,2.658,4.316,2.782,4.097,4.019,3.222,4.879,3.345,4.66,4.024,4.316,2.823,2.658,4.587,4.879,3.386,3.222,Sí,-0.563,2026-09-16,16/09/2026,4.2,0,Ajuste aplicado
AH_2026_2027,2026-09-16,2026-09-16 19:37:51.635808,Santa Rosa,9039635,2026-09-16,16/09/2026,2.73,2.73,2.73,2.73,2.73,3.359,3.359,3.359,3.359,3.359,2.73,2.73,2.73,2.73,3.359,3.359,3.359,3.359,Sí,-0.629,2026-09-16,16/09/2026,2.73,0,Ajuste aplicado
AH_2026_2027,2026-09-16,2026-09-16 19:37:51.635808,Santa Rosa,9039635,2026-09-17,17/09/2026,2.725,2.719,2.73,2.72,2.73,3.354,3.348,3.359,3.349,3.359,2.73,2.73,2.719,2.72,3.359,3.359,3.348,3.349,Sí,-0.629,2026-09-16,16/09/2026,2.73,0,Ajuste aplicado
AH_2026_2027,2026-09-16,2026-09-16 19:37:51.635808,Santa Rosa,9039635,2026-09-18,18/09/2026,2.663,2.66,2.667,2.66,2.666,3.292,3.289,3.296,3.289,3.295,2.665,2.667,2.66,2.66,3.294,3.296,3.289,3.289,Sí,-0.629,2026-09-16,16/09/2026,2.73,0,Ajuste aplicado
AH_2026_2027,2026-09-16,2026-09-16 19:37:51.635808,Santa Rosa,9039635,2026-09-19,19/09/2026,2.632,2.627,2.638,2.627,2.636,3.261,3.255,3.267,3.255,3.265,2.636,2.638,2.627,2.627,3.264,3.267,3.255,3.255,Sí,-0.629,2026-09-16,16/09/2026,2.73,0,Ajuste aplicado
AH_2026_2027,2026-09-16,2026-09-16 19:37:51.635808,Santa Rosa,9039635,2026-09-20,20/09/2026,2.598,2.589,2.607,2.589,2.607,3.227,3.218,3.236,3.218,3.236,2.607,2.607,2.589,2.589,3.236,3.236,3.218,3.218,Sí,-0.629,2026-09-16,16/09/2026,2.73,0,Ajuste aplicado
AH_2026_2027,2026-09-16,2026-09-16 19:37:51.635808,Santa Rosa,9039635,2026-09-21,21/09/2026,2.549,2.536,2.562,2.536,2.562,3.178,3.164,3.191,3.165,3.191,2.561,2.562,2.536,2.536,3.19,3.191,3.164,3.165,Sí,-0.629,2026-09-16,16/09/2026,2.73,0,Ajuste aplicado
AH_2026_2027,2026-09-16,2026-09-16 19:37:51.635808,Santa Rosa,9039635,2026-09-22,22/09/2026,2.489,2.441,2.536,2.443,2.536,3.118,3.07,3.164,3.072,3.164,2.536,2.536,2.441,2.444,3.164,3.164,3.07,3.073,Sí,-0.629,2026-09-16,16/09/2026,2.73,0,Ajuste aplicado
AH_2026_2027,2026-09-16,2026-09-16 19:37:51.635808,Tamshiyacu,9038269,2026-09-16,16/09/2026,1.98,1.98,1.98,1.98,1.98,2.21,2.21,2.21,2.21,2.21,1.98,1.98,1.98,1.98,2.21,2.21,2.21,2.21,Sí,-0.23,2026-09-16,16/09/2026,1.98,0,Ajuste aplicado
AH_2026_2027,2026-09-16,2026-09-16 19:37:51.635808,Tamshiyacu,9038269,2026-09-17,17/09/2026,1.979,1.979,1.98,1.979,1.98,2.209,2.209,2.209,2.209,2.209,1.98,1.98,1.979,1.979,2.209,2.209,2.209,2.209,Sí,-0.23,2026-09-16,16/09/2026,1.98,0,Ajuste aplicado
AH_2026_2027,2026-09-16,2026-09-16 19:37:51.635808,Tamshiyacu,9038269,2026-09-18,18/09/2026,1.978,1.978,1.978,1.978,1.978,2.207,2.207,2.207,2.207,2.207,1.978,1.978,1.978,1.978,2.207,2.207,2.207,2.207,Sí,-0.23,2026-09-16,16/09/2026,1.98,0,Ajuste aplicado
AH_2026_2027,2026-09-16,2026-09-16 19:37:51.635808,Tamshiyacu,9038269,2026-09-19,19/09/2026,1.962,1.962,1.962,1.962,1.962,2.192,2.192,2.192,2.192,2.192,1.962,1.962,1.962,1.962,2.192,2.192,2.192,2.192,Sí,-0.23,2026-09-16,16/09/2026,1.98,0,Ajuste aplicado
AH_2026_2027,2026-09-16,2026-09-16 19:37:51.635808,Tamshiyacu,9038269,2026-09-20,20/09/2026,1.933,1.93,1.936,1.93,1.935,2.162,2.16,2.165,2.16,2.165,1.935,1.936,1.93,1.93,2.164,2.165,2.16,2.16,Sí,-0.23,2026-09-16,16/09/2026,1.98,0,Ajuste aplicado
AH_2026_2027,2026-09-16,2026-09-16 19:37:51.635808,Tamshiyacu,9038269,2026-09-21,21/09/2026,1.908,1.908,1.908,1.908,1.908,2.138,2.138,2.138,2.138,2.138,1.908,1.908,1.908,1.908,2.138,2.138,2.138,2.138,Sí,-0.23,2026-09-16,16/09/2026,1.98,0,Ajuste aplicado
AH_2026_2027,2026-09-16,2026-09-16 19:37:51.635808,Tamshiyacu,9038269,2026-09-22,22/09/2026,1.855,1.852,1.859,1.852,1.857,2.084,2.082,2.088,2.082,2.086,1.856,1.859,1.853,1.852,2.085,2.088,2.082,2.082,Sí,-0.23,2026-09-16,16/09/2026,1.98,0,Ajuste aplicado
AH_2026_2027,2026-09-16,2026-09-16 19:37:51.635808,Timicurillo,9036459,2026-09-16,16/09/2026,6.27,6.27,6.27,6.27,6.27,5.805,5.805,5.805,5.805,5.805,6.27,6.27,6.27,6.27,5.805,5.805,5.805,5.805,Sí,0.465,2026-09-13,13/09/2026,6.27,3,Ajuste aplicado
AH_2026_2027,2026-09-16,2026-09-16 19:37:51.635808,Timicurillo,9036459,2026-09-17,17/09/2026,6.283,6.283,6.284,6.283,6.284,5.818,5.818,5.819,5.818,5.818,6.283,6.284,6.283,6.283,5.818,5.819,5.818,5.818,Sí,0.465,2026-09-13,13/09/2026,6.27,3,Ajuste aplicado
AH_2026_2027,2026-09-16,2026-09-16 19:37:51.635808,Timicurillo,9036459,2026-09-18,18/09/2026,6.351,6.332,6.371,6.332,6.368,5.886,5.867,5.906,5.867,5.903,6.367,6.371,6.333,6.332,5.902,5.906,5.867,5.867,Sí,0.465,2026-09-13,13/09/2026,6.27,3,Ajuste aplicado
AH_2026_2027,2026-09-16,2026-09-16 19:37:51.635808,Timicurillo,9036459,2026-09-19,19/09/2026,6.49,6.326,6.667,6.332,6.641,6.024,5.86,6.202,5.866,6.176,6.667,6.632,6.333,6.326,6.202,6.167,5.868,5.86,Sí,0.465,2026-09-13,13/09/2026,6.27,3,Ajuste aplicado
AH_2026_2027,2026-09-16,2026-09-16 19:37:51.635808,Timicurillo,9036459,2026-09-20,20/09/2026,6.502,6.274,6.744,6.28,6.716,6.036,5.808,6.279,5.814,6.251,6.744,6.707,6.282,6.274,6.279,6.242,5.816,5.808,Sí,0.465,2026-09-13,13/09/2026,6.27,3,Ajuste aplicado
AH_2026_2027,2026-09-16,2026-09-16 19:37:51.635808,Timicurillo,9036459,2026-09-21,21/09/2026,6.299,6.033,6.558,6.151,6.449,5.833,5.568,6.092,5.686,5.984,6.558,6.413,6.191,6.033,6.092,5.948,5.726,5.568,Sí,0.465,2026-09-13,13/09/2026,6.27,3,Ajuste aplicado
AH_2026_2027,2026-09-16,2026-09-16 19:37:51.635808,Timicurillo,9036459,2026-09-22,22/09/2026,6.061,5.822,6.275,5.861,6.274,5.596,5.357,5.81,5.396,5.809,6.275,6.274,5.874,5.822,5.81,5.809,5.409,5.357,Sí,0.465,2026-09-13,13/09/2026,6.27,3,Ajuste aplicado
AH_2026_2027,2026-09-16,2026-09-16 19:37:51.635808,Yurimaguas,9046779,2026-09-16,16/09/2026,129.6,129.6,129.6,129.6,129.6,128.092,128.092,128.092,128.092,128.092,129.6,129.6,129.6,129.6,128.092,128.092,128.092,128.092,Sí,1.508,2026-09-16,16/09/2026,129.6,0,Offset alto: 1.51 m. Revisar estación.
AH_2026_2027,2026-09-16,2026-09-16 19:37:51.635808,Yurimaguas,9046779,2026-09-17,17/09/2026,129.704,129.704,129.704,129.704,129.704,128.196,128.196,128.196,128.196,128.196,129.704,129.704,129.704,129.704,128.196,128.196,128.196,128.196,Sí,1.508,2026-09-16,16/09/2026,129.6,0,Offset alto: 1.51 m. Revisar estación.
AH_2026_2027,2026-09-16,2026-09-16 19:37:51.635808,Yurimaguas,9046779,2026-09-18,18/09/2026,130.101,130.101,130.101,130.101,130.101,128.593,128.593,128.593,128.593,128.593,130.101,130.101,130.101,130.101,128.593,128.593,128.593,128.593,Sí,1.508,2026-09-16,16/09/2026,129.6,0,Offset alto: 1.51 m. Revisar estación.
AH_2026_2027,2026-09-16,2026-09-16 19:37:51.635808,Yurimaguas,9046779,2026-09-19,19/09/2026,130.51,130.508,130.514,130.508,130.511,129.002,129.0,129.006,129.0,129.003,130.508,130.51,130.514,130.509,129.0,129.002,129.006,129.0,Sí,1.508,2026-09-16,16/09/2026,129.6,0,Offset alto: 1.51 m. Revisar estación.
AH_2026_2027,2026-09-16,2026-09-16 19:37:51.635808,Yurimaguas,9046779,2026-09-20,20/09/2026,130.969,130.954,130.991,130.961,130.972,129.46,129.446,129.482,129.453,129.464,130.954,130.966,130.991,130.964,129.446,129.458,129.482,129.455,Sí,1.508,2026-09-16,16/09/2026,129.6,0,Offset alto: 1.51 m. Revisar estación.
AH_2026_2027,2026-09-16,2026-09-16 19:37:51.635808,Yurimaguas,9046779,2026-09-21,21/09/2026,131.123,131.101,131.183,131.103,131.124,129.615,129.593,129.675,129.595,129.616,131.101,131.104,131.183,131.104,129.593,129.596,129.675,129.596,Sí,1.508,2026-09-16,16/09/2026,129.6,0,Offset alto: 1.51 m. Revisar estación.
AH_2026_2027,2026-09-16,2026-09-16 19:37:51.635808,Yurimaguas,9046779,2026-09-22,22/09/2026,131.115,131.058,131.191,131.093,131.129,129.607,129.55,129.683,129.585,129.621,131.058,131.105,131.191,131.108,129.55,129.596,129.683,129.6,Sí,1.508,2026-09-16,16/09/2026,129.6,0,Offset alto: 1.51 m. Revisar estación.
AH_2026_2027,2026-09-17,2026-09-17 19:52:30.271483,Angamos,9043370,2026-09-17,17/09/2026,0.7,0.7,0.7,0.7,0.7,7.401,7.401,7.401,7.401,7.401,0.7,0.7,0.7,0.7,7.401,7.401,7.401,7.401,Sí,-6.701,2026-09-17,17/09/2026,0.7,0,Offset alto: -6.70 m. Revisar estación.
AH_2026_2027,2026-09-17,2026-09-17 19:52:30.271483,Angamos,9043370,2026-09-18,18/09/2026,0.695,0.695,0.695,0.695,0.695,7.396,7.395,7.396,7.396,7.396,0.695,0.695,0.695,0.695,7.396,7.396,7.396,7.395,Sí,-6.701,2026-09-17,17/09/2026,0.7,0,Offset alto: -6.70 m. Revisar estación.
AH_2026_2027,2026-09-17,2026-09-17 19:52:30.271483,Angamos,9043370,2026-09-19,19/09/2026,0.687,0.686,0.688,0.686,0.688,7.388,7.386,7.389,7.387,7.388,0.686,0.688,0.687,0.686,7.387,7.389,7.388,7.386,Sí,-6.701,2026-09-17,17/09/2026,0.7,0,Offset alto: -6.70 m. Revisar estación.
AH_2026_2027,2026-09-17,2026-09-17 19:52:30.271483,Angamos,9043370,2026-09-20,20/09/2026,0.676,0.674,0.68,0.674,0.678,7.377,7.374,7.381,7.375,7.379,0.678,0.68,0.674,0.674,7.379,7.381,7.374,7.375,Sí,-6.701,2026-09-17,17/09/2026,0.7,0,Offset alto: -6.70 m. Revisar estación.
AH_2026_2027,2026-09-17,2026-09-17 19:52:30.271483,Angamos,9043370,2026-09-21,21/09/2026,0.659,0.652,0.665,0.655,0.662,7.359,7.352,7.366,7.356,7.363,0.661,0.665,0.656,0.652,7.362,7.366,7.357,7.352,Sí,-6.701,2026-09-17,17/09/2026,0.7,0,Offset alto: -6.70 m. Revisar estación.
AH_2026_2027,2026-09-17,2026-09-17 19:52:30.271483,Angamos,9043370,2026-09-22,22/09/2026,0.624,0.615,0.63,0.621,0.629,7.325,7.315,7.33,7.322,7.33,0.629,0.63,0.623,0.615,7.33,7.33,7.324,7.315,Sí,-6.701,2026-09-17,17/09/2026,0.7,0,Offset alto: -6.70 m. Revisar estación.
AH_2026_2027,2026-09-17,2026-09-17 19:52:30.271483,Angamos,9043370,2026-09-23,23/09/2026,0.59,0.574,0.604,0.584,0.596,7.291,7.275,7.305,7.285,7.297,0.593,0.604,0.588,0.574,7.294,7.305,7.289,7.275,Sí,-6.701,2026-09-17,17/09/2026,0.7,0,Offset alto: -6.70 m. Revisar estación.
AH_2026_2027,2026-09-17,2026-09-17 19:52:30.271483,Bellavista,9036028,2026-09-17,17/09/2026,4.94,4.94,4.94,4.94,4.94,5.009,5.009,5.009,5.009,5.009,4.94,4.94,4.94,4.94,5.009,5.009,5.009,5.009,Sí,-0.069,2026-09-17,17/09/2026,4.94,0,Ajuste aplicado
AH_2026_2027,2026-09-17,2026-09-17 19:52:30.271483,Bellavista,9036028,2026-09-18,18/09/2026,4.92,4.92,4.92,4.92,4.92,4.988,4.988,4.989,4.988,4.988,4.92,4.92,4.92,4.92,4.988,4.989,4.988,4.988,Sí,-0.069,2026-09-17,17/09/2026,4.94,0,Ajuste aplicado
AH_2026_2027,2026-09-17,2026-09-17 19:52:30.271483,Bellavista,9036028,2026-09-19,19/09/2026,4.903,4.902,4.903,4.903,4.903,4.971,4.971,4.972,4.971,4.971,4.902,4.903,4.903,4.903,4.971,4.972,4.971,4.971,Sí,-0.069,2026-09-17,17/09/2026,4.94,0,Ajuste aplicado
AH_2026_2027,2026-09-17,2026-09-17 19:52:30.271483,Bellavista,9036028,2026-09-20,20/09/2026,4.876,4.876,4.876,4.876,4.876,4.944,4.944,4.944,4.944,4.944,4.876,4.876,4.876,4.876,4.944,4.944,4.944,4.944,Sí,-0.069,2026-09-17,17/09/2026,4.94,0,Ajuste aplicado
AH_2026_2027,2026-09-17,2026-09-17 19:52:30.271483,Bellavista,9036028,2026-09-21,21/09/2026,4.86,4.86,4.861,4.86,4.86,4.929,4.929,4.929,4.929,4.929,4.86,4.861,4.86,4.86,4.929,4.929,4.929,4.929,Sí,-0.069,2026-09-17,17/09/2026,4.94,0,Ajuste aplicado
AH_2026_2027,2026-09-17,2026-09-17 19:52:30.271483,Bellavista,9036028,2026-09-22,22/09/2026,4.837,4.837,4.837,4.837,4.837,4.906,4.906,4.906,4.906,4.906,4.837,4.837,4.837,4.837,4.906,4.906,4.906,4.906,Sí,-0.069,2026-09-17,17/09/2026,4.94,0,Ajuste aplicado
AH_2026_2027,2026-09-17,2026-09-17 19:52:30.271483,Bellavista,9036028,2026-09-23,23/09/2026,4.809,4.809,4.809,4.809,4.809,4.878,4.878,4.878,4.878,4.878,4.809,4.809,4.809,4.809,4.878,4.878,4.878,4.878,Sí,-0.069,2026-09-17,17/09/2026,4.94,0,Ajuste aplicado
AH_2026_2027,2026-09-17,2026-09-17 19:52:30.271483,Borja,9040208,2026-09-17,17/09/2026,5.1,5.091,5.105,5.098,5.104,4.392,4.383,4.398,4.39,4.396,5.104,5.105,5.1,5.091,4.396,4.398,4.392,4.383,Sí,0.708,2026-09-17,17/09/2026,5.1,0,Ajuste aplicado
AH_2026_2027,2026-09-17,2026-09-17 19:52:30.271483,Borja,9040208,2026-09-18,18/09/2026,5.206,5.186,5.222,5.193,5.222,4.498,4.478,4.514,4.485,4.514,5.222,5.222,5.195,5.186,4.514,4.514,4.488,4.478,Sí,0.708,2026-09-17,17/09/2026,5.1,0,Ajuste aplicado
AH_2026_2027,2026-09-17,2026-09-17 19:52:30.271483,Borja,9040208,2026-09-19,19/09/2026,5.337,5.317,5.354,5.321,5.354,4.629,4.609,4.647,4.613,4.646,5.353,5.354,5.317,5.322,4.646,4.647,4.609,4.615,Sí,0.708,2026-09-17,17/09/2026,5.1,0,Ajuste aplicado
AH_2026_2027,2026-09-17,2026-09-17 19:52:30.271483,Borja,9040208,2026-09-20,20/09/2026,5.416,5.38,5.432,5.413,5.429,4.708,4.672,4.725,4.706,4.721,5.428,5.432,5.38,5.424,4.72,4.725,4.672,4.717,Sí,0.708,2026-09-17,17/09/2026,5.1,0,Ajuste aplicado
AH_2026_2027,2026-09-17,2026-09-17 19:52:30.271483,Borja,9040208,2026-09-21,21/09/2026,5.416,5.374,5.436,5.412,5.431,4.708,4.666,4.728,4.705,4.723,5.425,5.436,5.374,5.429,4.717,4.728,4.666,4.722,Sí,0.708,2026-09-17,17/09/2026,5.1,0,Ajuste aplicado
AH_2026_2027,2026-09-17,2026-09-17 19:52:30.271483,Borja,9040208,2026-09-22,22/09/2026,5.345,5.304,5.38,5.329,5.363,4.637,4.596,4.672,4.621,4.655,5.338,5.38,5.304,5.358,4.63,4.672,4.596,4.65,Sí,0.708,2026-09-17,17/09/2026,5.1,0,Ajuste aplicado
AH_2026_2027,2026-09-17,2026-09-17 19:52:30.271483,Borja,9040208,2026-09-23,23/09/2026,5.218,5.183,5.257,5.201,5.232,4.51,4.476,4.549,4.494,4.524,5.183,5.257,5.207,5.223,4.476,4.549,4.5,4.516,Sí,0.708,2026-09-17,17/09/2026,5.1,0,Ajuste aplicado
AH_2026_2027,2026-09-17,2026-09-17 19:52:30.271483,Contamana,9053555,2026-09-17,17/09/2026,7.07,7.07,7.07,7.07,7.07,11.651,11.651,11.651,11.651,11.651,7.07,7.07,7.07,7.07,11.651,11.651,11.651,11.651,Sí,-4.581,2026-09-17,17/09/2026,7.07,0,Offset alto: -4.58 m. Revisar estación.
AH_2026_2027,2026-09-17,2026-09-17 19:52:30.271483,Contamana,9053555,2026-09-18,18/09/2026,7.048,7.048,7.048,7.048,7.048,11.629,11.629,11.629,11.629,11.629,7.048,7.048,7.048,7.048,11.629,11.629,11.629,11.629,Sí,-4.581,2026-09-17,17/09/2026,7.07,0,Offset alto: -4.58 m. Revisar estación.
AH_2026_2027,2026-09-17,2026-09-17 19:52:30.271483,Contamana,9053555,2026-09-19,19/09/2026,7.056,7.056,7.056,7.056,7.056,11.637,11.636,11.637,11.636,11.637,7.056,7.056,7.056,7.056,11.637,11.637,11.637,11.636,Sí,-4.581,2026-09-17,17/09/2026,7.07,0,Offset alto: -4.58 m. Revisar estación.
AH_2026_2027,2026-09-17,2026-09-17 19:52:30.271483,Contamana,9053555,2026-09-20,20/09/2026,7.095,7.093,7.097,7.094,7.097,11.676,11.674,11.678,11.675,11.678,7.097,7.097,7.095,7.093,11.678,11.678,11.676,11.674,Sí,-4.581,2026-09-17,17/09/2026,7.07,0,Offset alto: -4.58 m. Revisar estación.
AH_2026_2027,2026-09-17,2026-09-17 19:52:30.271483,Contamana,9053555,2026-09-21,21/09/2026,7.109,7.107,7.111,7.108,7.11,11.69,11.688,11.692,11.689,11.691,7.109,7.111,7.108,7.107,11.69,11.692,11.689,11.688,Sí,-4.581,2026-09-17,17/09/2026,7.07,0,Offset alto: -4.58 m. Revisar estación.
AH_2026_2027,2026-09-17,2026-09-17 19:52:30.271483,Contamana,9053555,2026-09-22,22/09/2026,7.171,7.155,7.191,7.156,7.185,11.752,11.736,11.772,11.736,11.766,7.183,7.191,7.156,7.155,11.764,11.772,11.737,11.736,Sí,-4.581,2026-09-17,17/09/2026,7.07,0,Offset alto: -4.58 m. Revisar estación.
AH_2026_2027,2026-09-17,2026-09-17 19:52:30.271483,Contamana,9053555,2026-09-23,23/09/2026,7.239,7.22,7.25,7.234,7.247,11.82,11.801,11.831,11.815,11.828,7.246,7.25,7.239,7.22,11.827,11.831,11.82,11.801,Sí,-4.581,2026-09-17,17/09/2026,7.07,0,Offset alto: -4.58 m. Revisar estación.
AH_2026_2027,2026-09-17,2026-09-17 19:52:30.271483,ENAPU,9038134,2026-09-17,17/09/2026,4.03,3.828,4.286,3.879,4.154,106.829,106.627,107.085,106.679,106.953,3.828,4.109,3.897,4.286,106.627,106.909,106.696,107.085,Sí,-102.799,2026-09-17,17/09/2026,4.03,0,Offset alto: -102.80 m. Revisar estación.
AH_2026_2027,2026-09-17,2026-09-17 19:52:30.271483,ENAPU,9038134,2026-09-18,18/09/2026,4.593,4.349,4.87,4.459,4.71,107.392,107.148,107.669,107.259,107.509,4.349,4.657,4.496,4.87,107.148,107.456,107.296,107.669,Sí,-102.799,2026-09-17,17/09/2026,4.03,0,Offset alto: -102.80 m. Revisar estación.
AH_2026_2027,2026-09-17,2026-09-17 19:52:30.271483,ENAPU,9038134,2026-09-19,19/09/2026,4.842,4.45,5.043,4.742,5.038,107.642,107.249,107.842,107.542,107.837,4.45,5.037,4.84,5.043,107.249,107.836,107.639,107.842,Sí,-102.799,2026-09-17,17/09/2026,4.03,0,Offset alto: -102.80 m. Revisar estación.
AH_2026_2027,2026-09-17,2026-09-17 19:52:30.271483,ENAPU,9038134,2026-09-20,20/09/2026,4.88,4.344,5.213,4.779,5.081,107.679,107.143,108.013,107.578,107.88,4.344,5.213,4.924,5.037,107.143,108.013,107.723,107.836,Sí,-102.799,2026-09-17,17/09/2026,4.03,0,Offset alto: -102.80 m. Revisar estación.
AH_2026_2027,2026-09-17,2026-09-17 19:52:30.271483,ENAPU,9038134,2026-09-21,21/09/2026,4.698,3.7,5.323,4.58,5.004,107.498,106.499,108.122,107.379,107.803,3.7,5.323,4.873,4.897,106.499,108.122,107.673,107.696,Sí,-102.799,2026-09-17,17/09/2026,4.03,0,Offset alto: -102.80 m. Revisar estación.
AH_2026_2027,2026-09-17,2026-09-17 19:52:30.271483,ENAPU,9038134,2026-09-22,22/09/2026,-7.715,-45.424,5.221,-7.867,4.823,95.084,57.376,108.02,94.932,107.623,-45.424,5.221,4.691,4.651,57.376,108.02,107.49,107.451,Sí,-102.799,2026-09-17,17/09/2026,4.03,0,Offset alto: -102.80 m. Revisar estación.
AH_2026_2027,2026-09-17,2026-09-17 19:52:30.271483,ENAPU,9038134,2026-09-23,23/09/2026,-8.941,-49.664,5.094,-9.143,4.604,93.858,53.135,107.894,93.656,107.403,-49.664,5.094,4.441,4.364,53.135,107.894,107.24,107.163,Sí,-102.799,2026-09-17,17/09/2026,4.03,0,Offset alto: -102.80 m. Revisar estación.
AH_2026_2027,2026-09-17,2026-09-17 19:52:30.271483,Flor de Punga,9044756,2026-09-17,17/09/2026,11.376,11.376,11.376,11.376,11.376,11.376,11.376,11.376,11.376,11.376,11.376,11.376,11.376,11.376,11.376,11.376,11.376,11.376,No,,2026-05-14,14/05/2026,22.8,126,Observado muy antiguo para ajuste: 126 días
AH_2026_2027,2026-09-17,2026-09-17 19:52:30.271483,Flor de Punga,9044756,2026-09-18,18/09/2026,11.092,11.092,11.092,11.092,11.092,11.092,11.092,11.092,11.092,11.092,11.092,11.092,11.092,11.092,11.092,11.092,11.092,11.092,No,,2026-05-14,14/05/2026,22.8,126,Observado muy antiguo para ajuste: 126 días
AH_2026_2027,2026-09-17,2026-09-17 19:52:30.271483,Flor de Punga,9044756,2026-09-19,19/09/2026,10.993,10.993,10.993,10.993,10.993,10.993,10.993,10.993,10.993,10.993,10.993,10.993,10.993,10.993,10.993,10.993,10.993,10.993,No,,2026-05-14,14/05/2026,22.8,126,Observado muy antiguo para ajuste: 126 días
AH_2026_2027,2026-09-17,2026-09-17 19:52:30.271483,Flor de Punga,9044756,2026-09-20,20/09/2026,10.966,10.966,10.966,10.966,10.966,10.966,10.966,10.966,10.966,10.966,10.966,10.966,10.966,10.966,10.966,10.966,10.966,10.966,No,,2026-05-14,14/05/2026,22.8,126,Observado muy antiguo para ajuste: 126 días
AH_2026_2027,2026-09-17,2026-09-17 19:52:30.271483,Flor de Punga,9044756,2026-09-21,21/09/2026,9.748,9.731,9.766,9.736,9.759,9.748,9.731,9.766,9.736,9.759,9.757,9.766,9.738,9.731,9.757,9.766,9.738,9.731,No,,2026-05-14,14/05/2026,22.8,126,Observado muy antiguo para ajuste: 126 días
AH_2026_2027,2026-09-17,2026-09-17 19:52:30.271483,Flor de Punga,9044756,2026-09-22,22/09/2026,8.44,8.436,8.445,8.438,8.443,8.44,8.436,8.445,8.438,8.443,8.443,8.445,8.438,8.436,8.443,8.445,8.438,8.436,No,,2026-05-14,14/05/2026,22.8,126,Observado muy antiguo para ajuste: 126 días
AH_2026_2027,2026-09-17,2026-09-17 19:52:30.271483,Flor de Punga,9044756,2026-09-23,23/09/2026,8.115,8.111,8.119,8.112,8.119,8.115,8.111,8.119,8.112,8.119,8.119,8.119,8.112,8.111,8.119,8.119,8.112,8.111,No,,2026-05-14,14/05/2026,22.8,126,Observado muy antiguo para ajuste: 126 días
AH_2026_2027,2026-09-17,2026-09-17 19:52:30.271483,Genaro Herrera,9042214,2026-09-17,17/09/2026,6.83,6.83,6.83,6.83,6.83,8.484,8.484,8.484,8.484,8.484,6.83,6.83,6.83,6.83,8.484,8.484,8.484,8.484,Sí,-1.654,2026-09-17,17/09/2026,6.83,0,Offset alto: -1.65 m. Revisar estación.
AH_2026_2027,2026-09-17,2026-09-17 19:52:30.271483,Genaro Herrera,9042214,2026-09-18,18/09/2026,6.801,6.801,6.801,6.801,6.801,8.455,8.455,8.455,8.455,8.455,6.801,6.801,6.801,6.801,8.455,8.455,8.455,8.455,Sí,-1.654,2026-09-17,17/09/2026,6.83,0,Offset alto: -1.65 m. Revisar estación.
AH_2026_2027,2026-09-17,2026-09-17 19:52:30.271483,Genaro Herrera,9042214,2026-09-19,19/09/2026,6.681,6.681,6.681,6.681,6.681,8.334,8.334,8.334,8.334,8.334,6.681,6.681,6.681,6.681,8.334,8.334,8.334,8.334,Sí,-1.654,2026-09-17,17/09/2026,6.83,0,Offset alto: -1.65 m. Revisar estación.
AH_2026_2027,2026-09-17,2026-09-17 19:52:30.271483,Genaro Herrera,9042214,2026-09-20,20/09/2026,6.535,6.535,6.536,6.535,6.535,8.189,8.188,8.19,8.188,8.189,6.535,6.535,6.536,6.535,8.189,8.189,8.19,8.188,Sí,-1.654,2026-09-17,17/09/2026,6.83,0,Offset alto: -1.65 m. Revisar estación.
AH_2026_2027,2026-09-17,2026-09-17 19:52:30.271483,Genaro Herrera,9042214,2026-09-21,21/09/2026,6.355,6.354,6.356,6.354,6.355,8.008,8.008,8.009,8.008,8.009,6.355,6.355,6.356,6.354,8.008,8.009,8.009,8.008,Sí,-1.654,2026-09-17,17/09/2026,6.83,0,Offset alto: -1.65 m. Revisar estación.
AH_2026_2027,2026-09-17,2026-09-17 19:52:30.271483,Genaro Herrera,9042214,2026-09-22,22/09/2026,6.036,6.034,6.036,6.035,6.036,7.689,7.688,7.69,7.689,7.69,6.036,6.036,6.036,6.034,7.689,7.69,7.69,7.688,Sí,-1.654,2026-09-17,17/09/2026,6.83,0,Offset alto: -1.65 m. Revisar estación.
AH_2026_2027,2026-09-17,2026-09-17 19:52:30.271483,Genaro Herrera,9042214,2026-09-23,23/09/2026,5.882,5.88,5.884,5.882,5.883,7.536,7.534,7.537,7.535,7.537,5.882,5.884,5.883,5.88,7.536,7.537,7.536,7.534,Sí,-1.654,2026-09-17,17/09/2026,6.83,0,Offset alto: -1.65 m. Revisar estación.
AH_2026_2027,2026-09-17,2026-09-17 19:52:30.271483,Lagunas,9043597,2026-09-17,17/09/2026,3.63,3.63,3.63,3.63,3.63,4.291,4.291,4.291,4.291,4.291,3.63,3.63,3.63,3.63,4.291,4.291,4.291,4.291,Sí,-0.661,2026-09-17,17/09/2026,3.63,0,Ajuste aplicado
AH_2026_2027,2026-09-17,2026-09-17 19:52:30.271483,Lagunas,9043597,2026-09-18,18/09/2026,3.662,3.662,3.662,3.662,3.662,4.323,4.323,4.323,4.323,4.323,3.662,3.662,3.662,3.662,4.323,4.323,4.323,4.323,Sí,-0.661,2026-09-17,17/09/2026,3.63,0,Ajuste aplicado
AH_2026_2027,2026-09-17,2026-09-17 19:52:30.271483,Lagunas,9043597,2026-09-19,19/09/2026,3.765,3.765,3.765,3.765,3.765,4.426,4.426,4.426,4.426,4.426,3.765,3.765,3.765,3.765,4.426,4.426,4.426,4.426,Sí,-0.661,2026-09-17,17/09/2026,3.63,0,Ajuste aplicado
AH_2026_2027,2026-09-17,2026-09-17 19:52:30.271483,Lagunas,9043597,2026-09-20,20/09/2026,4.016,4.016,4.016,4.016,4.016,4.677,4.677,4.677,4.677,4.677,4.016,4.016,4.016,4.016,4.677,4.677,4.677,4.677,Sí,-0.661,2026-09-17,17/09/2026,3.63,0,Ajuste aplicado
AH_2026_2027,2026-09-17,2026-09-17 19:52:30.271483,Lagunas,9043597,2026-09-21,21/09/2026,4.521,4.521,4.521,4.521,4.521,5.182,5.182,5.182,5.182,5.182,4.521,4.521,4.521,4.521,5.182,5.182,5.182,5.182,Sí,-0.661,2026-09-17,17/09/2026,3.63,0,Ajuste aplicado
AH_2026_2027,2026-09-17,2026-09-17 19:52:30.271483,Lagunas,9043597,2026-09-22,22/09/2026,4.826,4.824,4.828,4.825,4.826,5.487,5.485,5.489,5.486,5.487,4.825,4.825,4.828,4.824,5.486,5.486,5.489,5.485,Sí,-0.661,2026-09-17,17/09/2026,3.63,0,Ajuste aplicado
AH_2026_2027,2026-09-17,2026-09-17 19:52:30.271483,Lagunas,9043597,2026-09-23,23/09/2026,4.973,4.965,4.991,4.965,4.974,5.634,5.626,5.652,5.626,5.635,4.965,4.968,4.991,4.965,5.626,5.629,5.652,5.626,Sí,-0.661,2026-09-17,17/09/2026,3.63,0,Ajuste aplicado
AH_2026_2027,2026-09-17,2026-09-17 19:52:30.271483,Nauta,9040454,2026-09-17,17/09/2026,5.49,5.489,5.491,5.489,5.491,5.014,5.013,5.015,5.014,5.015,5.489,5.49,5.491,5.489,5.014,5.015,5.015,5.013,Sí,0.476,2026-09-17,17/09/2026,5.49,0,Ajuste aplicado
AH_2026_2027,2026-09-17,2026-09-17 19:52:30.271483,Nauta,9040454,2026-09-18,18/09/2026,5.449,5.449,5.449,5.449,5.449,4.973,4.973,4.973,4.973,4.973,5.449,5.449,5.449,5.449,4.973,4.973,4.973,4.973,Sí,0.476,2026-09-17,17/09/2026,5.49,0,Ajuste aplicado
AH_2026_2027,2026-09-17,2026-09-17 19:52:30.271483,Nauta,9040454,2026-09-19,19/09/2026,5.402,5.402,5.402,5.402,5.402,4.926,4.926,4.926,4.926,4.926,5.402,5.402,5.402,5.402,4.926,4.926,4.926,4.926,Sí,0.476,2026-09-17,17/09/2026,5.49,0,Ajuste aplicado
AH_2026_2027,2026-09-17,2026-09-17 19:52:30.271483,Nauta,9040454,2026-09-20,20/09/2026,5.302,5.301,5.302,5.302,5.302,4.826,4.826,4.826,4.826,4.826,5.302,5.302,5.302,5.301,4.826,4.826,4.826,4.826,Sí,0.476,2026-09-17,17/09/2026,5.49,0,Ajuste aplicado
AH_2026_2027,2026-09-17,2026-09-17 19:52:30.271483,Nauta,9040454,2026-09-21,21/09/2026,5.263,5.263,5.263,5.263,5.263,4.787,4.787,4.788,4.787,4.788,5.263,5.263,5.263,5.263,4.787,4.787,4.788,4.787,Sí,0.476,2026-09-17,17/09/2026,5.49,0,Ajuste aplicado
AH_2026_2027,2026-09-17,2026-09-17 19:52:30.271483,Nauta,9040454,2026-09-22,22/09/2026,5.201,5.2,5.201,5.201,5.201,4.725,4.725,4.726,4.725,4.725,5.201,5.201,5.201,5.2,4.725,4.725,4.726,4.725,Sí,0.476,2026-09-17,17/09/2026,5.49,0,Ajuste aplicado
AH_2026_2027,2026-09-17,2026-09-17 19:52:30.271483,Nauta,9040454,2026-09-23,23/09/2026,5.143,5.142,5.144,5.142,5.143,4.667,4.666,4.668,4.667,4.668,5.142,5.143,5.144,5.142,4.667,4.668,4.668,4.666,Sí,0.476,2026-09-17,17/09/2026,5.49,0,Ajuste aplicado
AH_2026_2027,2026-09-17,2026-09-17 19:52:30.271483,Puerto Alegria,9038835,2026-09-17,17/09/2026,9.71,9.71,9.71,9.71,9.71,10.048,10.048,10.048,10.048,10.048,9.71,9.71,9.71,9.71,10.048,10.048,10.048,10.048,Sí,-0.338,2026-09-17,17/09/2026,9.71,0,Ajuste aplicado
AH_2026_2027,2026-09-17,2026-09-17 19:52:30.271483,Puerto Alegria,9038835,2026-09-18,18/09/2026,9.658,9.654,9.66,9.658,9.66,9.996,9.992,9.998,9.996,9.997,9.659,9.66,9.654,9.66,9.997,9.998,9.992,9.997,Sí,-0.338,2026-09-17,17/09/2026,9.71,0,Ajuste aplicado
AH_2026_2027,2026-09-17,2026-09-17 19:52:30.271483,Puerto Alegria,9038835,2026-09-19,19/09/2026,9.597,9.596,9.597,9.596,9.597,9.934,9.934,9.935,9.934,9.935,9.597,9.597,9.596,9.596,9.935,9.935,9.934,9.934,Sí,-0.338,2026-09-17,17/09/2026,9.71,0,Ajuste aplicado
AH_2026_2027,2026-09-17,2026-09-17 19:52:30.271483,Puerto Alegria,9038835,2026-09-20,20/09/2026,9.539,9.537,9.542,9.537,9.54,9.877,9.875,9.88,9.875,9.878,9.539,9.542,9.537,9.537,9.877,9.88,9.875,9.875,Sí,-0.338,2026-09-17,17/09/2026,9.71,0,Ajuste aplicado
AH_2026_2027,2026-09-17,2026-09-17 19:52:30.271483,Puerto Alegria,9038835,2026-09-21,21/09/2026,9.455,9.449,9.462,9.451,9.459,9.793,9.787,9.8,9.789,9.797,9.459,9.462,9.449,9.451,9.796,9.8,9.787,9.789,Sí,-0.338,2026-09-17,17/09/2026,9.71,0,Ajuste aplicado
AH_2026_2027,2026-09-17,2026-09-17 19:52:30.271483,Puerto Alegria,9038835,2026-09-22,22/09/2026,9.433,9.404,9.449,9.425,9.446,9.77,9.742,9.786,9.763,9.784,9.446,9.449,9.404,9.432,9.783,9.786,9.742,9.77,Sí,-0.338,2026-09-17,17/09/2026,9.71,0,Ajuste aplicado
AH_2026_2027,2026-09-17,2026-09-17 19:52:30.271483,Puerto Alegria,9038835,2026-09-23,23/09/2026,9.425,9.388,9.448,9.415,9.443,9.763,9.725,9.786,9.753,9.781,9.442,9.448,9.388,9.424,9.779,9.786,9.725,9.762,Sí,-0.338,2026-09-17,17/09/2026,9.71,0,Ajuste aplicado
AH_2026_2027,2026-09-17,2026-09-17 19:52:30.271483,Puerto Almendra,9037610,2026-09-17,17/09/2026,2.71,2.71,2.71,2.71,2.71,3.461,3.46,3.461,3.461,3.461,2.71,2.71,2.71,2.71,3.461,3.461,3.461,3.46,Sí,-0.751,2026-09-17,17/09/2026,2.71,0,Ajuste aplicado
AH_2026_2027,2026-09-17,2026-09-17 19:52:30.271483,Puerto Almendra,9037610,2026-09-18,18/09/2026,2.828,2.804,2.841,2.82,2.841,3.579,3.555,3.592,3.571,3.591,2.841,2.841,2.826,2.804,3.591,3.592,3.576,3.555,Sí,-0.751,2026-09-17,17/09/2026,2.71,0,Ajuste aplicado
AH_2026_2027,2026-09-17,2026-09-17 19:52:30.271483,Puerto Almendra,9037610,2026-09-19,19/09/2026,2.789,2.726,2.837,2.772,2.813,3.54,3.477,3.588,3.523,3.563,2.804,2.837,2.787,2.726,3.555,3.588,3.538,3.477,Sí,-0.751,2026-09-17,17/09/2026,2.71,0,Ajuste aplicado
AH_2026_2027,2026-09-17,2026-09-17 19:52:30.271483,Puerto Almendra,9037610,2026-09-20,20/09/2026,2.635,2.38,2.754,2.611,2.729,3.386,3.131,3.504,3.362,3.48,2.688,2.754,2.72,2.38,3.439,3.504,3.471,3.131,Sí,-0.751,2026-09-17,17/09/2026,2.71,0,Ajuste aplicado
AH_2026_2027,2026-09-17,2026-09-17 19:52:30.271483,Puerto Almendra,9037610,2026-09-21,21/09/2026,2.385,2.04,2.622,2.327,2.498,3.136,2.791,3.373,3.077,3.249,2.422,2.622,2.457,2.04,3.173,3.373,3.207,2.791,Sí,-0.751,2026-09-17,17/09/2026,2.71,0,Ajuste aplicado
AH_2026_2027,2026-09-17,2026-09-17 19:52:30.271483,Puerto Almendra,9037610,2026-09-22,22/09/2026,2.127,1.764,2.457,2.043,2.227,2.878,2.515,3.208,2.793,2.978,2.151,2.457,2.135,1.764,2.902,3.208,2.886,2.515,Sí,-0.751,2026-09-17,17/09/2026,2.71,0,Ajuste aplicado
AH_2026_2027,2026-09-17,2026-09-17 19:52:30.271483,Puerto Almendra,9037610,2026-09-23,23/09/2026,1.904,1.55,2.238,1.793,2.024,2.654,2.301,2.989,2.544,2.775,1.953,2.238,1.874,1.55,2.703,2.989,2.625,2.301,Sí,-0.751,2026-09-17,17/09/2026,2.71,0,Ajuste aplicado
AH_2026_2027,2026-09-17,2026-09-17 19:52:30.271483,Requena,9043425,2026-09-17,17/09/2026,5.29,5.29,5.29,5.29,5.29,5.213,5.212,5.213,5.212,5.213,5.29,5.29,5.29,5.29,5.212,5.212,5.213,5.212,Sí,0.077,2026-09-17,17/09/2026,5.29,0,Ajuste aplicado
AH_2026_2027,2026-09-17,2026-09-17 19:52:30.271483,Requena,9043425,2026-09-18,18/09/2026,5.275,5.275,5.275,5.275,5.275,5.198,5.198,5.198,5.198,5.198,5.275,5.275,5.275,5.275,5.198,5.198,5.198,5.198,Sí,0.077,2026-09-17,17/09/2026,5.29,0,Ajuste aplicado
AH_2026_2027,2026-09-17,2026-09-17 19:52:30.271483,Requena,9043425,2026-09-19,19/09/2026,5.269,5.269,5.269,5.269,5.269,5.192,5.192,5.192,5.192,5.192,5.269,5.269,5.269,5.269,5.192,5.192,5.192,5.192,Sí,0.077,2026-09-17,17/09/2026,5.29,0,Ajuste aplicado
AH_2026_2027,2026-09-17,2026-09-17 19:52:30.271483,Requena,9043425,2026-09-20,20/09/2026,5.259,5.259,5.259,5.259,5.259,5.181,5.181,5.182,5.181,5.181,5.259,5.259,5.259,5.259,5.181,5.181,5.182,5.181,Sí,0.077,2026-09-17,17/09/2026,5.29,0,Ajuste aplicado
AH_2026_2027,2026-09-17,2026-09-17 19:52:30.271483,Requena,9043425,2026-09-21,21/09/2026,5.249,5.249,5.25,5.249,5.249,5.172,5.172,5.172,5.172,5.172,5.249,5.249,5.25,5.249,5.172,5.172,5.172,5.172,Sí,0.077,2026-09-17,17/09/2026,5.29,0,Ajuste aplicado
AH_2026_2027,2026-09-17,2026-09-17 19:52:30.271483,Requena,9043425,2026-09-22,22/09/2026,5.243,5.243,5.243,5.243,5.243,5.166,5.165,5.166,5.166,5.166,5.243,5.243,5.243,5.243,5.166,5.166,5.166,5.165,Sí,0.077,2026-09-17,17/09/2026,5.29,0,Ajuste aplicado
AH_2026_2027,2026-09-17,2026-09-17 19:52:30.271483,Requena,9043425,2026-09-23,23/09/2026,5.237,5.237,5.237,5.237,5.237,5.16,5.16,5.16,5.16,5.16,5.237,5.237,5.237,5.237,5.16,5.16,5.16,5.16,Sí,0.077,2026-09-17,17/09/2026,5.29,0,Ajuste aplicado
AH_2026_2027,2026-09-17,2026-09-17 19:52:30.271483,San Lorenzo,9042153,2026-09-17,17/09/2026,9.59,9.59,9.59,9.59,9.59,9.59,9.59,9.59,9.59,9.59,9.59,9.59,9.59,9.59,9.59,9.59,9.59,9.59,No,,2025-09-30,30/09/2025,7.19,352,Observado muy antiguo para ajuste: 352 días
AH_2026_2027,2026-09-17,2026-09-17 19:52:30.271483,San Lorenzo,9042153,2026-09-18,18/09/2026,9.606,9.605,9.606,9.606,9.606,9.606,9.605,9.606,9.606,9.606,9.606,9.606,9.606,9.605,9.606,9.606,9.606,9.605,No,,2025-09-30,30/09/2025,7.19,352,Observado muy antiguo para ajuste: 352 días
AH_2026_2027,2026-09-17,2026-09-17 19:52:30.271483,San Lorenzo,9042153,2026-09-19,19/09/2026,9.621,9.619,9.622,9.621,9.622,9.621,9.619,9.622,9.621,9.622,9.622,9.622,9.621,9.619,9.622,9.622,9.621,9.619,No,,2025-09-30,30/09/2025,7.19,352,Observado muy antiguo para ajuste: 352 días
AH_2026_2027,2026-09-17,2026-09-17 19:52:30.271483,San Lorenzo,9042153,2026-09-20,20/09/2026,9.66,9.655,9.664,9.657,9.664,9.66,9.655,9.664,9.657,9.664,9.664,9.664,9.658,9.655,9.664,9.664,9.658,9.655,No,,2025-09-30,30/09/2025,7.19,352,Observado muy antiguo para ajuste: 352 días
AH_2026_2027,2026-09-17,2026-09-17 19:52:30.271483,San Lorenzo,9042153,2026-09-21,21/09/2026,9.736,9.731,9.741,9.732,9.74,9.736,9.731,9.741,9.732,9.74,9.74,9.741,9.732,9.731,9.74,9.741,9.732,9.731,No,,2025-09-30,30/09/2025,7.19,352,Observado muy antiguo para ajuste: 352 días
AH_2026_2027,2026-09-17,2026-09-17 19:52:30.271483,San Lorenzo,9042153,2026-09-22,22/09/2026,9.826,9.787,9.846,9.817,9.845,9.826,9.787,9.846,9.817,9.845,9.844,9.846,9.787,9.827,9.844,9.846,9.787,9.827,No,,2025-09-30,30/09/2025,7.19,352,Observado muy antiguo para ajuste: 352 días
AH_2026_2027,2026-09-17,2026-09-17 19:52:30.271483,San Lorenzo,9042153,2026-09-23,23/09/2026,9.871,9.838,9.889,9.865,9.885,9.871,9.838,9.889,9.865,9.885,9.884,9.889,9.838,9.874,9.884,9.889,9.838,9.874,No,,2025-09-30,30/09/2025,7.19,352,Observado muy antiguo para ajuste: 352 días
AH_2026_2027,2026-09-17,2026-09-17 19:52:30.271483,San Regis,9040439,2026-09-17,17/09/2026,4.9,4.9,4.9,4.9,4.9,5.265,5.265,5.265,5.265,5.265,4.9,4.9,4.9,4.9,5.265,5.265,5.265,5.265,Sí,-0.365,2026-09-17,17/09/2026,4.9,0,Ajuste aplicado
AH_2026_2027,2026-09-17,2026-09-17 19:52:30.271483,San Regis,9040439,2026-09-18,18/09/2026,4.872,4.872,4.872,4.872,4.872,5.237,5.237,5.237,5.237,5.237,4.872,4.872,4.872,4.872,5.237,5.237,5.237,5.237,Sí,-0.365,2026-09-17,17/09/2026,4.9,0,Ajuste aplicado
AH_2026_2027,2026-09-17,2026-09-17 19:52:30.271483,San Regis,9040439,2026-09-19,19/09/2026,4.829,4.829,4.829,4.829,4.829,5.194,5.194,5.194,5.194,5.194,4.829,4.829,4.829,4.829,5.194,5.194,5.194,5.194,Sí,-0.365,2026-09-17,17/09/2026,4.9,0,Ajuste aplicado
AH_2026_2027,2026-09-17,2026-09-17 19:52:30.271483,San Regis,9040439,2026-09-20,20/09/2026,4.78,4.78,4.78,4.78,4.78,5.145,5.145,5.145,5.145,5.145,4.78,4.78,4.78,4.78,5.145,5.145,5.145,5.145,Sí,-0.365,2026-09-17,17/09/2026,4.9,0,Ajuste aplicado
AH_2026_2027,2026-09-17,2026-09-17 19:52:30.271483,San Regis,9040439,2026-09-21,21/09/2026,4.753,4.753,4.753,4.753,4.753,5.118,5.118,5.118,5.118,5.118,4.753,4.753,4.753,4.753,5.118,5.118,5.118,5.118,Sí,-0.365,2026-09-17,17/09/2026,4.9,0,Ajuste aplicado
AH_2026_2027,2026-09-17,2026-09-17 19:52:30.271483,San Regis,9040439,2026-09-22,22/09/2026,4.704,4.703,4.704,4.704,4.704,5.069,5.068,5.069,5.069,5.069,4.704,4.704,4.704,4.703,5.069,5.069,5.069,5.068,Sí,-0.365,2026-09-17,17/09/2026,4.9,0,Ajuste aplicado
AH_2026_2027,2026-09-17,2026-09-17 19:52:30.271483,San Regis,9040439,2026-09-23,23/09/2026,4.681,4.681,4.681,4.681,4.681,5.046,5.046,5.046,5.046,5.046,4.681,4.681,4.681,4.681,5.046,5.046,5.046,5.046,Sí,-0.365,2026-09-17,17/09/2026,4.9,0,Ajuste aplicado
AH_2026_2027,2026-09-17,2026-09-17 19:52:30.271483,Santa Clotilde,9032282,2026-09-17,17/09/2026,7.44,7.44,7.44,7.44,7.44,6.599,6.599,6.599,6.599,6.599,7.44,7.44,7.44,7.44,6.599,6.599,6.599,6.599,Sí,0.841,2026-09-17,17/09/2026,7.44,0,Ajuste aplicado
AH_2026_2027,2026-09-17,2026-09-17 19:52:30.271483,Santa Clotilde,9032282,2026-09-18,18/09/2026,7.363,7.36,7.364,7.362,7.364,6.522,6.519,6.523,6.521,6.523,7.363,7.364,7.364,7.36,6.522,6.523,6.523,6.519,Sí,0.841,2026-09-17,17/09/2026,7.44,0,Ajuste aplicado
AH_2026_2027,2026-09-17,2026-09-17 19:52:30.271483,Santa Clotilde,9032282,2026-09-19,19/09/2026,7.316,7.316,7.316,7.316,7.316,6.475,6.475,6.475,6.475,6.475,7.316,7.316,7.316,7.316,6.475,6.475,6.475,6.475,Sí,0.841,2026-09-17,17/09/2026,7.44,0,Ajuste aplicado
AH_2026_2027,2026-09-17,2026-09-17 19:52:30.271483,Santa Clotilde,9032282,2026-09-20,20/09/2026,7.302,7.301,7.303,7.302,7.303,6.461,6.46,6.462,6.461,6.462,7.303,7.303,7.303,7.301,6.462,6.462,6.462,6.46,Sí,0.841,2026-09-17,17/09/2026,7.44,0,Ajuste aplicado
AH_2026_2027,2026-09-17,2026-09-17 19:52:30.271483,Santa Clotilde,9032282,2026-09-21,21/09/2026,7.27,7.258,7.276,7.269,7.274,6.429,6.417,6.435,6.428,6.433,7.272,7.276,7.273,7.258,6.431,6.435,6.432,6.417,Sí,0.841,2026-09-17,17/09/2026,7.44,0,Ajuste aplicado
AH_2026_2027,2026-09-17,2026-09-17 19:52:30.271483,Santa Clotilde,9032282,2026-09-22,22/09/2026,7.227,7.223,7.229,7.226,7.228,6.386,6.382,6.388,6.385,6.387,7.228,7.229,7.228,7.223,6.386,6.388,6.386,6.382,Sí,0.841,2026-09-17,17/09/2026,7.44,0,Ajuste aplicado
AH_2026_2027,2026-09-17,2026-09-17 19:52:30.271483,Santa Clotilde,9032282,2026-09-23,23/09/2026,7.217,7.211,7.22,7.216,7.218,6.375,6.37,6.378,6.375,6.377,7.218,7.22,7.218,7.211,6.377,6.378,6.377,6.37,Sí,0.841,2026-09-17,17/09/2026,7.44,0,Ajuste aplicado
AH_2026_2027,2026-09-17,2026-09-17 19:52:30.271483,Santa María de Nanay,9037738,2026-09-17,17/09/2026,4.3,4.273,4.313,4.295,4.311,4.886,4.859,4.899,4.882,4.898,4.313,4.311,4.303,4.273,4.899,4.897,4.889,4.859,Sí,-0.586,2026-09-17,17/09/2026,4.3,0,Ajuste aplicado
AH_2026_2027,2026-09-17,2026-09-17 19:52:30.271483,Santa María de Nanay,9037738,2026-09-18,18/09/2026,4.275,4.153,4.325,4.27,4.315,4.861,4.739,4.911,4.856,4.901,4.311,4.325,4.309,4.153,4.897,4.911,4.895,4.739,Sí,-0.586,2026-09-17,17/09/2026,4.3,0,Ajuste aplicado
AH_2026_2027,2026-09-17,2026-09-17 19:52:30.271483,Santa María de Nanay,9037738,2026-09-19,19/09/2026,4.117,3.739,4.295,4.075,4.257,4.703,4.326,4.881,4.662,4.843,4.188,4.295,4.244,3.739,4.774,4.881,4.831,4.326,Sí,-0.586,2026-09-17,17/09/2026,4.3,0,Ajuste aplicado
AH_2026_2027,2026-09-17,2026-09-17 19:52:30.271483,Santa María de Nanay,9037738,2026-09-20,20/09/2026,3.875,3.345,4.197,3.784,4.069,4.461,3.931,4.783,4.371,4.655,3.931,4.197,4.026,3.345,4.517,4.783,4.612,3.931,Sí,-0.586,2026-09-17,17/09/2026,4.3,0,Ajuste aplicado
AH_2026_2027,2026-09-17,2026-09-17 19:52:30.271483,Santa María de Nanay,9037738,2026-09-21,21/09/2026,3.412,2.279,4.058,3.305,3.762,3.998,2.866,4.644,3.891,4.348,3.647,4.058,3.663,2.279,4.233,4.644,4.249,2.866,Sí,-0.586,2026-09-17,17/09/2026,4.3,0,Ajuste aplicado
AH_2026_2027,2026-09-17,2026-09-17 19:52:30.271483,Santa María de Nanay,9037738,2026-09-22,22/09/2026,3.12,1.734,3.832,3.022,3.554,3.706,2.32,4.418,3.608,4.14,3.462,3.832,3.451,1.734,4.048,4.418,4.037,2.32,Sí,-0.586,2026-09-17,17/09/2026,4.3,0,Ajuste aplicado
AH_2026_2027,2026-09-17,2026-09-17 19:52:30.271483,Santa María de Nanay,9037738,2026-09-23,23/09/2026,2.695,1.667,3.613,2.429,3.017,3.282,2.253,4.199,3.015,3.603,2.819,3.613,2.683,1.667,3.405,4.199,3.269,2.253,Sí,-0.586,2026-09-17,17/09/2026,4.3,0,Ajuste aplicado
AH_2026_2027,2026-09-17,2026-09-17 19:52:30.271483,Santa Rosa,9039635,2026-09-17,17/09/2026,2.66,2.66,2.661,2.66,2.66,3.353,3.353,3.354,3.353,3.354,2.66,2.66,2.66,2.661,3.353,3.353,3.353,3.354,Sí,-0.693,2026-09-17,17/09/2026,2.66,0,Ajuste aplicado
AH_2026_2027,2026-09-17,2026-09-17 19:52:30.271483,Santa Rosa,9039635,2026-09-18,18/09/2026,2.593,2.593,2.593,2.593,2.593,3.286,3.286,3.286,3.286,3.286,2.593,2.593,2.593,2.593,3.286,3.286,3.286,3.286,Sí,-0.693,2026-09-17,17/09/2026,2.66,0,Ajuste aplicado
AH_2026_2027,2026-09-17,2026-09-17 19:52:30.271483,Santa Rosa,9039635,2026-09-19,19/09/2026,2.564,2.564,2.565,2.564,2.565,3.258,3.257,3.258,3.258,3.258,2.565,2.565,2.564,2.565,3.258,3.258,3.257,3.258,Sí,-0.693,2026-09-17,17/09/2026,2.66,0,Ajuste aplicado
AH_2026_2027,2026-09-17,2026-09-17 19:52:30.271483,Santa Rosa,9039635,2026-09-20,20/09/2026,2.529,2.525,2.536,2.525,2.53,3.222,3.219,3.229,3.219,3.224,2.528,2.536,2.525,2.525,3.222,3.229,3.219,3.219,Sí,-0.693,2026-09-17,17/09/2026,2.66,0,Ajuste aplicado
AH_2026_2027,2026-09-17,2026-09-17 19:52:30.271483,Santa Rosa,9039635,2026-09-21,21/09/2026,2.487,2.484,2.494,2.484,2.488,3.18,3.177,3.187,3.177,3.182,2.486,2.494,2.484,2.484,3.18,3.187,3.177,3.177,Sí,-0.693,2026-09-17,17/09/2026,2.66,0,Ajuste aplicado
AH_2026_2027,2026-09-17,2026-09-17 19:52:30.271483,Santa Rosa,9039635,2026-09-22,22/09/2026,2.442,2.415,2.468,2.424,2.461,3.135,3.108,3.162,3.117,3.154,2.458,2.468,2.415,2.427,3.152,3.162,3.108,3.12,Sí,-0.693,2026-09-17,17/09/2026,2.66,0,Ajuste aplicado
AH_2026_2027,2026-09-17,2026-09-17 19:52:30.271483,Santa Rosa,9039635,2026-09-23,23/09/2026,2.412,2.361,2.454,2.398,2.43,3.105,3.055,3.147,3.092,3.123,2.422,2.454,2.361,2.411,3.115,3.147,3.055,3.104,Sí,-0.693,2026-09-17,17/09/2026,2.66,0,Ajuste aplicado
AH_2026_2027,2026-09-17,2026-09-17 19:52:30.271483,Tamshiyacu,9038269,2026-09-17,17/09/2026,2.04,2.04,2.04,2.04,2.04,2.209,2.209,2.209,2.209,2.209,2.04,2.04,2.04,2.04,2.209,2.209,2.209,2.209,Sí,-0.169,2026-09-17,17/09/2026,2.04,0,Ajuste aplicado
AH_2026_2027,2026-09-17,2026-09-17 19:52:30.271483,Tamshiyacu,9038269,2026-09-18,18/09/2026,2.034,2.034,2.034,2.034,2.034,2.203,2.203,2.203,2.203,2.203,2.034,2.034,2.034,2.034,2.203,2.203,2.203,2.203,Sí,-0.169,2026-09-17,17/09/2026,2.04,0,Ajuste aplicado
AH_2026_2027,2026-09-17,2026-09-17 19:52:30.271483,Tamshiyacu,9038269,2026-09-19,19/09/2026,2.022,2.022,2.022,2.022,2.022,2.19,2.19,2.191,2.19,2.19,2.022,2.022,2.022,2.022,2.19,2.19,2.19,2.191,Sí,-0.169,2026-09-17,17/09/2026,2.04,0,Ajuste aplicado
AH_2026_2027,2026-09-17,2026-09-17 19:52:30.271483,Tamshiyacu,9038269,2026-09-20,20/09/2026,1.991,1.991,1.991,1.991,1.991,2.159,2.159,2.159,2.159,2.159,1.991,1.991,1.991,1.991,2.159,2.159,2.159,2.159,Sí,-0.169,2026-09-17,17/09/2026,2.04,0,Ajuste aplicado
AH_2026_2027,2026-09-17,2026-09-17 19:52:30.271483,Tamshiyacu,9038269,2026-09-21,21/09/2026,1.964,1.964,1.964,1.964,1.964,2.133,2.133,2.133,2.133,2.133,1.964,1.964,1.964,1.964,2.133,2.133,2.133,2.133,Sí,-0.169,2026-09-17,17/09/2026,2.04,0,Ajuste aplicado
AH_2026_2027,2026-09-17,2026-09-17 19:52:30.271483,Tamshiyacu,9038269,2026-09-22,22/09/2026,1.912,1.912,1.913,1.912,1.913,2.081,2.081,2.081,2.081,2.081,1.912,1.913,1.912,1.912,2.081,2.081,2.081,2.081,Sí,-0.169,2026-09-17,17/09/2026,2.04,0,Ajuste aplicado
AH_2026_2027,2026-09-17,2026-09-17 19:52:30.271483,Tamshiyacu,9038269,2026-09-23,23/09/2026,1.864,1.864,1.864,1.864,1.864,2.033,2.032,2.033,2.033,2.033,1.864,1.864,1.864,1.864,2.032,2.033,2.033,2.033,Sí,-0.169,2026-09-17,17/09/2026,2.04,0,Ajuste aplicado
AH_2026_2027,2026-09-17,2026-09-17 19:52:30.271483,Timicurillo,9036459,2026-09-17,17/09/2026,6.27,6.27,6.27,6.27,6.27,5.819,5.819,5.819,5.819,5.819,6.27,6.27,6.27,6.27,5.819,5.819,5.819,5.819,Sí,0.451,2026-09-13,13/09/2026,6.27,4,Ajuste aplicado
AH_2026_2027,2026-09-17,2026-09-17 19:52:30.271483,Timicurillo,9036459,2026-09-18,18/09/2026,6.337,6.326,6.342,6.337,6.341,5.887,5.875,5.891,5.886,5.891,6.341,6.342,6.326,6.341,5.89,5.891,5.875,5.89,Sí,0.451,2026-09-13,13/09/2026,6.27,4,Ajuste aplicado
AH_2026_2027,2026-09-17,2026-09-17 19:52:30.271483,Timicurillo,9036459,2026-09-19,19/09/2026,6.402,6.372,6.428,6.386,6.419,5.951,5.921,5.977,5.935,5.968,6.416,6.428,6.391,6.372,5.965,5.977,5.94,5.921,Sí,0.451,2026-09-13,13/09/2026,6.27,4,Ajuste aplicado
AH_2026_2027,2026-09-17,2026-09-17 19:52:30.271483,Timicurillo,9036459,2026-09-20,20/09/2026,6.297,6.274,6.316,6.292,6.303,5.846,5.824,5.865,5.842,5.853,6.299,6.316,6.298,6.274,5.848,5.865,5.848,5.824,Sí,0.451,2026-09-13,13/09/2026,6.27,4,Ajuste aplicado
AH_2026_2027,2026-09-17,2026-09-17 19:52:30.271483,Timicurillo,9036459,2026-09-21,21/09/2026,6.213,6.093,6.259,6.207,6.254,5.762,5.642,5.809,5.757,5.803,6.245,6.259,6.252,6.093,5.795,5.809,5.802,5.642,Sí,0.451,2026-09-13,13/09/2026,6.27,4,Ajuste aplicado
AH_2026_2027,2026-09-17,2026-09-17 19:52:30.271483,Timicurillo,9036459,2026-09-22,22/09/2026,5.909,5.808,6.0,5.885,5.939,5.459,5.357,5.549,5.435,5.488,5.911,6.0,5.918,5.808,5.461,5.549,5.468,5.357,Sí,0.451,2026-09-13,13/09/2026,6.27,4,Ajuste aplicado
AH_2026_2027,2026-09-17,2026-09-17 19:52:30.271483,Timicurillo,9036459,2026-09-23,23/09/2026,5.59,5.353,5.799,5.532,5.663,5.14,4.903,5.348,5.081,5.212,5.618,5.799,5.591,5.353,5.167,5.348,5.14,4.903,Sí,0.451,2026-09-13,13/09/2026,6.27,4,Ajuste aplicado
AH_2026_2027,2026-09-17,2026-09-17 19:52:30.271483,Yurimaguas,9046779,2026-09-17,17/09/2026,129.5,129.5,129.5,129.5,129.5,128.197,128.197,128.197,128.197,128.197,129.5,129.5,129.5,129.5,128.197,128.197,128.197,128.197,Sí,1.303,2026-09-17,17/09/2026,129.5,0,Ajuste aplicado
AH_2026_2027,2026-09-17,2026-09-17 19:52:30.271483,Yurimaguas,9046779,2026-09-18,18/09/2026,129.897,129.897,129.897,129.897,129.897,128.594,128.594,128.594,128.594,128.594,129.897,129.897,129.897,129.897,128.594,128.594,128.594,128.594,Sí,1.303,2026-09-17,17/09/2026,129.5,0,Ajuste aplicado
AH_2026_2027,2026-09-17,2026-09-17 19:52:30.271483,Yurimaguas,9046779,2026-09-19,19/09/2026,130.311,130.311,130.312,130.311,130.311,129.008,129.008,129.009,129.008,129.008,130.311,130.311,130.312,130.311,129.008,129.008,129.009,129.008,Sí,1.303,2026-09-17,17/09/2026,129.5,0,Ajuste aplicado
AH_2026_2027,2026-09-17,2026-09-17 19:52:30.271483,Yurimaguas,9046779,2026-09-20,20/09/2026,130.779,130.773,130.786,130.777,130.781,129.476,129.469,129.482,129.474,129.478,130.778,130.779,130.786,130.773,129.475,129.476,129.482,129.469,Sí,1.303,2026-09-17,17/09/2026,129.5,0,Ajuste aplicado
AH_2026_2027,2026-09-17,2026-09-17 19:52:30.271483,Yurimaguas,9046779,2026-09-21,21/09/2026,130.915,130.9,130.959,130.9,130.915,129.612,129.597,129.655,129.597,129.612,130.9,130.901,130.959,130.9,129.597,129.597,129.655,129.597,Sí,1.303,2026-09-17,17/09/2026,129.5,0,Ajuste aplicado
AH_2026_2027,2026-09-17,2026-09-17 19:52:30.271483,Yurimaguas,9046779,2026-09-22,22/09/2026,130.941,130.9,130.98,130.902,130.98,129.638,129.597,129.677,129.599,129.677,130.9,130.903,130.98,130.98,129.597,129.6,129.677,129.677,Sí,1.303,2026-09-17,17/09/2026,129.5,0,Ajuste aplicado
AH_2026_2027,2026-09-17,2026-09-17 19:52:30.271483,Yurimaguas,9046779,2026-09-23,23/09/2026,130.888,130.82,130.983,130.843,130.92,129.585,129.517,129.68,129.54,129.617,130.82,130.85,130.899,130.983,129.517,129.547,129.596,129.68,Sí,1.303,2026-09-17,17/09/2026,129.5,0,Ajuste aplicado
AH_2026_2027,2026-09-18,2026-09-18 19:09:10.437360,Angamos,9043370,2026-09-18,18/09/2026,1.0,1.0,1.0,1.0,1.0,7.394,7.394,7.394,7.394,7.394,1.0,1.0,1.0,1.0,7.394,7.394,7.394,7.394,Sí,-6.394,2026-09-18,18/09/2026,1.0,0,Offset alto: -6.39 m. Revisar estación.
AH_2026_2027,2026-09-18,2026-09-18 19:09:10.437360,Angamos,9043370,2026-09-19,19/09/2026,0.999,0.999,0.999,0.999,0.999,7.393,7.393,7.393,7.393,7.393,0.999,0.999,0.999,0.999,7.393,7.393,7.393,7.393,Sí,-6.394,2026-09-18,18/09/2026,1.0,0,Offset alto: -6.39 m. Revisar estación.
AH_2026_2027,2026-09-18,2026-09-18 19:09:10.437360,Angamos,9043370,2026-09-20,20/09/2026,0.993,0.993,0.993,0.993,0.993,7.387,7.387,7.387,7.387,7.387,0.993,0.993,0.993,0.993,7.387,7.387,7.387,7.387,Sí,-6.394,2026-09-18,18/09/2026,1.0,0,Offset alto: -6.39 m. Revisar estación.
AH_2026_2027,2026-09-18,2026-09-18 19:09:10.437360,Angamos,9043370,2026-09-21,21/09/2026,0.975,0.974,0.976,0.975,0.976,7.369,7.368,7.37,7.369,7.37,0.976,0.976,0.975,0.974,7.37,7.37,7.369,7.368,Sí,-6.394,2026-09-18,18/09/2026,1.0,0,Offset alto: -6.39 m. Revisar estación.
AH_2026_2027,2026-09-18,2026-09-18 19:09:10.437360,Angamos,9043370,2026-09-22,22/09/2026,0.941,0.935,0.948,0.935,0.947,7.335,7.329,7.342,7.329,7.341,0.948,0.946,0.935,0.935,7.342,7.34,7.329,7.329,Sí,-6.394,2026-09-18,18/09/2026,1.0,0,Offset alto: -6.39 m. Revisar estación.
AH_2026_2027,2026-09-18,2026-09-18 19:09:10.437360,Angamos,9043370,2026-09-23,23/09/2026,0.913,0.901,0.918,0.911,0.918,7.307,7.295,7.312,7.305,7.312,0.918,0.918,0.915,0.901,7.312,7.312,7.309,7.295,Sí,-6.394,2026-09-18,18/09/2026,1.0,0,Offset alto: -6.39 m. Revisar estación.
AH_2026_2027,2026-09-18,2026-09-18 19:09:10.437360,Angamos,9043370,2026-09-24,24/09/2026,0.873,0.849,0.88,0.872,0.88,7.267,7.243,7.274,7.266,7.274,0.88,0.88,0.88,0.849,7.274,7.274,7.274,7.243,Sí,-6.394,2026-09-18,18/09/2026,1.0,0,Offset alto: -6.39 m. Revisar estación.
AH_2026_2027,2026-09-18,2026-09-18 19:09:10.437360,Bellavista,9036028,2026-09-18,18/09/2026,5.03,5.03,5.03,5.03,5.03,4.989,4.989,4.989,4.989,4.989,5.03,5.03,5.03,5.03,4.989,4.989,4.989,4.989,Sí,0.041,2026-09-18,18/09/2026,5.03,0,Ajuste aplicado
AH_2026_2027,2026-09-18,2026-09-18 19:09:10.437360,Bellavista,9036028,2026-09-19,19/09/2026,5.014,5.014,5.014,5.014,5.014,4.973,4.972,4.973,4.973,4.973,5.014,5.014,5.014,5.014,4.973,4.973,4.973,4.972,Sí,0.041,2026-09-18,18/09/2026,5.03,0,Ajuste aplicado
AH_2026_2027,2026-09-18,2026-09-18 19:09:10.437360,Bellavista,9036028,2026-09-20,20/09/2026,4.99,4.989,4.99,4.989,4.99,4.948,4.948,4.948,4.948,4.948,4.99,4.99,4.99,4.989,4.948,4.948,4.948,4.948,Sí,0.041,2026-09-18,18/09/2026,5.03,0,Ajuste aplicado
AH_2026_2027,2026-09-18,2026-09-18 19:09:10.437360,Bellavista,9036028,2026-09-21,21/09/2026,4.973,4.972,4.973,4.972,4.973,4.931,4.931,4.932,4.931,4.932,4.973,4.973,4.972,4.972,4.932,4.932,4.931,4.931,Sí,0.041,2026-09-18,18/09/2026,5.03,0,Ajuste aplicado
AH_2026_2027,2026-09-18,2026-09-18 19:09:10.437360,Bellavista,9036028,2026-09-22,22/09/2026,4.951,4.949,4.952,4.951,4.952,4.91,4.908,4.911,4.91,4.911,4.951,4.952,4.952,4.949,4.91,4.911,4.911,4.908,Sí,0.041,2026-09-18,18/09/2026,5.03,0,Ajuste aplicado
AH_2026_2027,2026-09-18,2026-09-18 19:09:10.437360,Bellavista,9036028,2026-09-23,23/09/2026,4.921,4.919,4.921,4.92,4.921,4.879,4.878,4.88,4.879,4.88,4.921,4.921,4.921,4.919,4.88,4.88,4.88,4.878,Sí,0.041,2026-09-18,18/09/2026,5.03,0,Ajuste aplicado
AH_2026_2027,2026-09-18,2026-09-18 19:09:10.437360,Bellavista,9036028,2026-09-24,24/09/2026,4.914,4.907,4.917,4.914,4.916,4.873,4.866,4.875,4.873,4.875,4.916,4.916,4.917,4.907,4.875,4.875,4.875,4.866,Sí,0.041,2026-09-18,18/09/2026,5.03,0,Ajuste aplicado
AH_2026_2027,2026-09-18,2026-09-18 19:09:10.437360,Borja,9040208,2026-09-18,18/09/2026,4.75,4.75,4.751,4.75,4.75,4.48,4.48,4.481,4.48,4.48,4.75,4.75,4.751,4.75,4.48,4.48,4.481,4.48,Sí,0.27,2026-09-18,18/09/2026,4.75,0,Ajuste aplicado
AH_2026_2027,2026-09-18,2026-09-18 19:09:10.437360,Borja,9040208,2026-09-19,19/09/2026,4.851,4.841,4.858,4.848,4.856,4.581,4.57,4.588,4.578,4.586,4.841,4.851,4.858,4.855,4.57,4.581,4.588,4.585,Sí,0.27,2026-09-18,18/09/2026,4.75,0,Ajuste aplicado
AH_2026_2027,2026-09-18,2026-09-18 19:09:10.437360,Borja,9040208,2026-09-20,20/09/2026,4.912,4.863,4.971,4.886,4.932,4.641,4.592,4.701,4.616,4.662,4.863,4.894,4.919,4.971,4.592,4.624,4.649,4.701,Sí,0.27,2026-09-18,18/09/2026,4.75,0,Ajuste aplicado
AH_2026_2027,2026-09-18,2026-09-18 19:09:10.437360,Borja,9040208,2026-09-21,21/09/2026,4.932,4.841,5.06,4.879,4.965,4.661,4.571,4.79,4.609,4.695,4.841,4.892,4.933,5.06,4.571,4.622,4.663,4.79,Sí,0.27,2026-09-18,18/09/2026,4.75,0,Ajuste aplicado
AH_2026_2027,2026-09-18,2026-09-18 19:09:10.437360,Borja,9040208,2026-09-22,22/09/2026,4.897,4.749,5.109,4.815,4.947,4.627,4.479,4.839,4.545,4.677,4.749,4.837,4.893,5.109,4.479,4.567,4.623,4.839,Sí,0.27,2026-09-18,18/09/2026,4.75,0,Ajuste aplicado
AH_2026_2027,2026-09-18,2026-09-18 19:09:10.437360,Borja,9040208,2026-09-23,23/09/2026,4.806,4.646,5.041,4.72,4.854,4.536,4.376,4.771,4.45,4.584,4.646,4.745,4.792,5.041,4.376,4.475,4.522,4.771,Sí,0.27,2026-09-18,18/09/2026,4.75,0,Ajuste aplicado
AH_2026_2027,2026-09-18,2026-09-18 19:09:10.437360,Borja,9040208,2026-09-24,24/09/2026,4.71,4.551,4.908,4.632,4.769,4.44,4.281,4.638,4.361,4.498,4.551,4.659,4.722,4.908,4.281,4.388,4.452,4.638,Sí,0.27,2026-09-18,18/09/2026,4.75,0,Ajuste aplicado
AH_2026_2027,2026-09-18,2026-09-18 19:09:10.437360,Contamana,9053555,2026-09-18,18/09/2026,7.14,7.14,7.14,7.14,7.14,11.622,11.622,11.622,11.622,11.622,7.14,7.14,7.14,7.14,11.622,11.622,11.622,11.622,Sí,-4.482,2026-09-18,18/09/2026,7.14,0,Offset alto: -4.48 m. Revisar estación.
AH_2026_2027,2026-09-18,2026-09-18 19:09:10.437360,Contamana,9053555,2026-09-19,19/09/2026,7.151,7.151,7.151,7.151,7.151,11.633,11.633,11.633,11.633,11.633,7.151,7.151,7.151,7.151,11.633,11.633,11.633,11.633,Sí,-4.482,2026-09-18,18/09/2026,7.14,0,Offset alto: -4.48 m. Revisar estación.
AH_2026_2027,2026-09-18,2026-09-18 19:09:10.437360,Contamana,9053555,2026-09-20,20/09/2026,7.192,7.192,7.192,7.192,7.192,11.674,11.674,11.674,11.674,11.674,7.192,7.192,7.192,7.192,11.674,11.674,11.674,11.674,Sí,-4.482,2026-09-18,18/09/2026,7.14,0,Offset alto: -4.48 m. Revisar estación.
AH_2026_2027,2026-09-18,2026-09-18 19:09:10.437360,Contamana,9053555,2026-09-21,21/09/2026,7.207,7.207,7.207,7.207,7.207,11.689,11.689,11.689,11.689,11.689,7.207,7.207,7.207,7.207,11.689,11.689,11.689,11.689,Sí,-4.482,2026-09-18,18/09/2026,7.14,0,Offset alto: -4.48 m. Revisar estación.
AH_2026_2027,2026-09-18,2026-09-18 19:09:10.437360,Contamana,9053555,2026-09-22,22/09/2026,7.254,7.254,7.254,7.254,7.254,11.736,11.736,11.736,11.736,11.736,7.254,7.254,7.254,7.254,11.736,11.736,11.736,11.736,Sí,-4.482,2026-09-18,18/09/2026,7.14,0,Offset alto: -4.48 m. Revisar estación.
AH_2026_2027,2026-09-18,2026-09-18 19:09:10.437360,Contamana,9053555,2026-09-23,23/09/2026,7.334,7.331,7.335,7.333,7.335,11.815,11.812,11.817,11.815,11.817,7.335,7.331,7.335,7.334,11.817,11.812,11.816,11.816,Sí,-4.482,2026-09-18,18/09/2026,7.14,0,Offset alto: -4.48 m. Revisar estación.
AH_2026_2027,2026-09-18,2026-09-18 19:09:10.437360,Contamana,9053555,2026-09-24,24/09/2026,7.378,7.378,7.379,7.378,7.379,11.86,11.859,11.861,11.86,11.86,7.379,7.378,7.378,7.378,11.861,11.859,11.86,11.86,Sí,-4.482,2026-09-18,18/09/2026,7.14,0,Offset alto: -4.48 m. Revisar estación.
AH_2026_2027,2026-09-18,2026-09-18 19:09:10.437360,ENAPU,9038134,2026-09-18,18/09/2026,56.625,56.62,56.638,56.62,56.627,108.143,108.137,108.155,108.137,108.144,56.62,56.62,56.638,56.623,108.137,108.137,108.155,108.141,Sí,-51.518,2026-09-18,18/09/2026,56.625,0,Offset alto: -51.52 m. Revisar estación.
AH_2026_2027,2026-09-18,2026-09-18 19:09:10.437360,ENAPU,9038134,2026-09-19,19/09/2026,57.188,57.174,57.221,57.176,57.191,108.706,108.691,108.739,108.694,108.709,57.174,57.177,57.221,57.182,108.691,108.694,108.739,108.699,Sí,-51.518,2026-09-18,18/09/2026,56.625,0,Offset alto: -51.52 m. Revisar estación.
AH_2026_2027,2026-09-18,2026-09-18 19:09:10.437360,ENAPU,9038134,2026-09-20,20/09/2026,57.252,57.21,57.314,57.233,57.26,108.77,108.728,108.832,108.751,108.778,57.21,57.242,57.314,57.241,108.728,108.76,108.832,108.758,Sí,-51.518,2026-09-18,18/09/2026,56.625,0,Offset alto: -51.52 m. Revisar estación.
AH_2026_2027,2026-09-18,2026-09-18 19:09:10.437360,ENAPU,9038134,2026-09-21,21/09/2026,57.043,56.927,57.125,56.984,57.119,108.561,108.445,108.642,108.502,108.637,56.927,57.118,57.125,57.003,108.445,108.635,108.642,108.521,Sí,-51.518,2026-09-18,18/09/2026,56.625,0,Offset alto: -51.52 m. Revisar estación.
AH_2026_2027,2026-09-18,2026-09-18 19:09:10.437360,ENAPU,9038134,2026-09-22,22/09/2026,56.722,56.613,56.843,56.644,56.794,108.24,108.131,108.361,108.162,108.311,56.613,56.843,56.777,56.654,108.131,108.361,108.295,108.172,Sí,-51.518,2026-09-18,18/09/2026,56.625,0,Offset alto: -51.52 m. Revisar estación.
AH_2026_2027,2026-09-18,2026-09-18 19:09:10.437360,ENAPU,9038134,2026-09-23,23/09/2026,56.458,56.324,56.639,56.348,56.546,107.976,107.842,108.156,107.865,108.064,56.324,56.639,56.515,56.355,107.842,108.156,108.033,107.873,Sí,-51.518,2026-09-18,18/09/2026,56.625,0,Offset alto: -51.52 m. Revisar estación.
AH_2026_2027,2026-09-18,2026-09-18 19:09:10.437360,ENAPU,9038134,2026-09-24,24/09/2026,56.226,55.949,56.541,56.015,56.417,107.743,107.466,108.059,107.533,107.935,55.949,56.541,56.376,56.037,107.466,108.059,107.893,107.555,Sí,-51.518,2026-09-18,18/09/2026,56.625,0,Offset alto: -51.52 m. Revisar estación.
AH_2026_2027,2026-09-18,2026-09-18 19:09:10.437360,Flor de Punga,9044756,2026-09-18,18/09/2026,11.092,11.092,11.092,11.092,11.092,11.092,11.092,11.092,11.092,11.092,11.092,11.092,11.092,11.092,11.092,11.092,11.092,11.092,No,,2026-05-14,14/05/2026,22.8,127,Observado muy antiguo para ajuste: 127 días
AH_2026_2027,2026-09-18,2026-09-18 19:09:10.437360,Flor de Punga,9044756,2026-09-19,19/09/2026,10.99,10.99,10.99,10.99,10.99,10.99,10.99,10.99,10.99,10.99,10.99,10.99,10.99,10.99,10.99,10.99,10.99,10.99,No,,2026-05-14,14/05/2026,22.8,127,Observado muy antiguo para ajuste: 127 días
AH_2026_2027,2026-09-18,2026-09-18 19:09:10.437360,Flor de Punga,9044756,2026-09-20,20/09/2026,10.964,10.964,10.964,10.964,10.964,10.964,10.964,10.964,10.964,10.964,10.964,10.964,10.964,10.964,10.964,10.964,10.964,10.964,No,,2026-05-14,14/05/2026,22.8,127,Observado muy antiguo para ajuste: 127 días
AH_2026_2027,2026-09-18,2026-09-18 19:09:10.437360,Flor de Punga,9044756,2026-09-21,21/09/2026,9.45,9.447,9.454,9.447,9.452,9.45,9.447,9.454,9.447,9.452,9.451,9.454,9.447,9.447,9.451,9.454,9.447,9.447,No,,2026-05-14,14/05/2026,22.8,127,Observado muy antiguo para ajuste: 127 días
AH_2026_2027,2026-09-18,2026-09-18 19:09:10.437360,Flor de Punga,9044756,2026-09-22,22/09/2026,8.422,8.421,8.422,8.421,8.422,8.422,8.421,8.422,8.421,8.422,8.422,8.422,8.421,8.421,8.422,8.422,8.421,8.421,No,,2026-05-14,14/05/2026,22.8,127,Observado muy antiguo para ajuste: 127 días
AH_2026_2027,2026-09-18,2026-09-18 19:09:10.437360,Flor de Punga,9044756,2026-09-23,23/09/2026,8.107,8.106,8.107,8.107,8.107,8.107,8.106,8.107,8.107,8.107,8.107,8.107,8.107,8.106,8.107,8.107,8.107,8.106,No,,2026-05-14,14/05/2026,22.8,127,Observado muy antiguo para ajuste: 127 días
AH_2026_2027,2026-09-18,2026-09-18 19:09:10.437360,Flor de Punga,9044756,2026-09-24,24/09/2026,7.878,7.878,7.878,7.878,7.878,7.878,7.878,7.878,7.878,7.878,7.878,7.878,7.878,7.878,7.878,7.878,7.878,7.878,No,,2026-05-14,14/05/2026,22.8,127,Observado muy antiguo para ajuste: 127 días
AH_2026_2027,2026-09-18,2026-09-18 19:09:10.437360,Genaro Herrera,9042214,2026-09-18,18/09/2026,6.97,6.97,6.97,6.97,6.97,8.451,8.451,8.451,8.451,8.451,6.97,6.97,6.97,6.97,8.451,8.451,8.451,8.451,Sí,-1.481,2026-09-18,18/09/2026,6.97,0,Ajuste aplicado
AH_2026_2027,2026-09-18,2026-09-18 19:09:10.437360,Genaro Herrera,9042214,2026-09-19,19/09/2026,6.85,6.85,6.85,6.85,6.85,8.331,8.331,8.331,8.331,8.331,6.85,6.85,6.85,6.85,8.331,8.331,8.331,8.331,Sí,-1.481,2026-09-18,18/09/2026,6.97,0,Ajuste aplicado
AH_2026_2027,2026-09-18,2026-09-18 19:09:10.437360,Genaro Herrera,9042214,2026-09-20,20/09/2026,6.697,6.697,6.697,6.697,6.697,8.179,8.178,8.179,8.179,8.179,6.697,6.697,6.697,6.697,8.179,8.179,8.179,8.178,Sí,-1.481,2026-09-18,18/09/2026,6.97,0,Ajuste aplicado
AH_2026_2027,2026-09-18,2026-09-18 19:09:10.437360,Genaro Herrera,9042214,2026-09-21,21/09/2026,6.5,6.5,6.5,6.5,6.5,7.982,7.981,7.982,7.981,7.982,6.5,6.5,6.5,6.5,7.982,7.982,7.981,7.981,Sí,-1.481,2026-09-18,18/09/2026,6.97,0,Ajuste aplicado
AH_2026_2027,2026-09-18,2026-09-18 19:09:10.437360,Genaro Herrera,9042214,2026-09-22,22/09/2026,6.199,6.199,6.2,6.199,6.199,7.681,7.68,7.681,7.68,7.681,6.199,6.2,6.199,6.199,7.681,7.681,7.68,7.68,Sí,-1.481,2026-09-18,18/09/2026,6.97,0,Ajuste aplicado
AH_2026_2027,2026-09-18,2026-09-18 19:09:10.437360,Genaro Herrera,9042214,2026-09-23,23/09/2026,6.051,6.05,6.051,6.051,6.051,7.532,7.532,7.533,7.532,7.532,6.051,6.051,6.051,6.05,7.532,7.533,7.532,7.532,Sí,-1.481,2026-09-18,18/09/2026,6.97,0,Ajuste aplicado
AH_2026_2027,2026-09-18,2026-09-18 19:09:10.437360,Genaro Herrera,9042214,2026-09-24,24/09/2026,5.718,5.718,5.719,5.718,5.718,7.199,7.199,7.2,7.199,7.2,5.718,5.718,5.719,5.718,7.199,7.2,7.2,7.199,Sí,-1.481,2026-09-18,18/09/2026,6.97,0,Ajuste aplicado
AH_2026_2027,2026-09-18,2026-09-18 19:09:10.437360,Lagunas,9043597,2026-09-18,18/09/2026,5.25,5.25,5.25,5.25,5.25,4.335,4.335,4.335,4.335,4.335,5.25,5.25,5.25,5.25,4.335,4.335,4.335,4.335,Sí,0.915,2026-09-18,18/09/2026,5.25,0,Ajuste aplicado
AH_2026_2027,2026-09-18,2026-09-18 19:09:10.437360,Lagunas,9043597,2026-09-19,19/09/2026,5.354,5.354,5.354,5.354,5.354,4.439,4.439,4.439,4.439,4.439,5.354,5.354,5.354,5.354,4.439,4.439,4.439,4.439,Sí,0.915,2026-09-18,18/09/2026,5.25,0,Ajuste aplicado
AH_2026_2027,2026-09-18,2026-09-18 19:09:10.437360,Lagunas,9043597,2026-09-20,20/09/2026,5.606,5.606,5.606,5.606,5.606,4.69,4.69,4.691,4.69,4.691,5.606,5.606,5.606,5.606,4.691,4.691,4.69,4.69,Sí,0.915,2026-09-18,18/09/2026,5.25,0,Ajuste aplicado
AH_2026_2027,2026-09-18,2026-09-18 19:09:10.437360,Lagunas,9043597,2026-09-21,21/09/2026,6.107,6.107,6.107,6.107,6.107,5.192,5.192,5.192,5.192,5.192,6.107,6.107,6.107,6.107,5.192,5.192,5.192,5.192,Sí,0.915,2026-09-18,18/09/2026,5.25,0,Ajuste aplicado
AH_2026_2027,2026-09-18,2026-09-18 19:09:10.437360,Lagunas,9043597,2026-09-22,22/09/2026,6.399,6.399,6.399,6.399,6.399,5.484,5.484,5.484,5.484,5.484,6.399,6.399,6.399,6.399,5.484,5.484,5.484,5.484,Sí,0.915,2026-09-18,18/09/2026,5.25,0,Ajuste aplicado
AH_2026_2027,2026-09-18,2026-09-18 19:09:10.437360,Lagunas,9043597,2026-09-23,23/09/2026,6.536,6.535,6.537,6.535,6.537,5.621,5.619,5.622,5.62,5.621,6.535,6.535,6.537,6.537,5.619,5.62,5.621,5.622,Sí,0.915,2026-09-18,18/09/2026,5.25,0,Ajuste aplicado
AH_2026_2027,2026-09-18,2026-09-18 19:09:10.437360,Lagunas,9043597,2026-09-24,24/09/2026,6.577,6.572,6.587,6.573,6.578,5.662,5.657,5.671,5.658,5.663,6.572,6.573,6.575,6.587,5.657,5.658,5.66,5.671,Sí,0.915,2026-09-18,18/09/2026,5.25,0,Ajuste aplicado
AH_2026_2027,2026-09-18,2026-09-18 19:09:10.437360,Nauta,9040454,2026-09-18,18/09/2026,5.49,5.49,5.49,5.49,5.49,4.975,4.975,4.975,4.975,4.975,5.49,5.49,5.49,5.49,4.975,4.975,4.975,4.975,Sí,0.515,2026-09-18,18/09/2026,5.49,0,Ajuste aplicado
AH_2026_2027,2026-09-18,2026-09-18 19:09:10.437360,Nauta,9040454,2026-09-19,19/09/2026,5.443,5.443,5.443,5.443,5.443,4.928,4.928,4.928,4.928,4.928,5.443,5.443,5.443,5.443,4.928,4.928,4.928,4.928,Sí,0.515,2026-09-18,18/09/2026,5.49,0,Ajuste aplicado
AH_2026_2027,2026-09-18,2026-09-18 19:09:10.437360,Nauta,9040454,2026-09-20,20/09/2026,5.342,5.342,5.342,5.342,5.342,4.827,4.827,4.827,4.827,4.827,5.342,5.342,5.342,5.342,4.827,4.827,4.827,4.827,Sí,0.515,2026-09-18,18/09/2026,5.49,0,Ajuste aplicado
AH_2026_2027,2026-09-18,2026-09-18 19:09:10.437360,Nauta,9040454,2026-09-21,21/09/2026,5.307,5.307,5.307,5.307,5.307,4.792,4.792,4.792,4.792,4.792,5.307,5.307,5.307,5.307,4.792,4.792,4.792,4.792,Sí,0.515,2026-09-18,18/09/2026,5.49,0,Ajuste aplicado
AH_2026_2027,2026-09-18,2026-09-18 19:09:10.437360,Nauta,9040454,2026-09-22,22/09/2026,5.244,5.244,5.244,5.244,5.244,4.729,4.729,4.729,4.729,4.729,5.244,5.244,5.244,5.244,4.729,4.729,4.729,4.729,Sí,0.515,2026-09-18,18/09/2026,5.49,0,Ajuste aplicado
AH_2026_2027,2026-09-18,2026-09-18 19:09:10.437360,Nauta,9040454,2026-09-23,23/09/2026,5.188,5.187,5.188,5.188,5.188,4.673,4.673,4.673,4.673,4.673,5.188,5.188,5.188,5.187,4.673,4.673,4.673,4.673,Sí,0.515,2026-09-18,18/09/2026,5.49,0,Ajuste aplicado
AH_2026_2027,2026-09-18,2026-09-18 19:09:10.437360,Nauta,9040454,2026-09-24,24/09/2026,5.135,5.135,5.135,5.135,5.135,4.62,4.62,4.62,4.62,4.62,5.135,5.135,5.135,5.135,4.62,4.62,4.62,4.62,Sí,0.515,2026-09-18,18/09/2026,5.49,0,Ajuste aplicado
AH_2026_2027,2026-09-18,2026-09-18 19:09:10.437360,Puerto Alegria,9038835,2026-09-18,18/09/2026,9.76,9.76,9.76,9.76,9.76,9.994,9.994,9.995,9.994,9.995,9.76,9.76,9.76,9.76,9.995,9.995,9.994,9.994,Sí,-0.234,2026-09-18,18/09/2026,9.76,0,Ajuste aplicado
AH_2026_2027,2026-09-18,2026-09-18 19:09:10.437360,Puerto Alegria,9038835,2026-09-19,19/09/2026,9.701,9.7,9.702,9.7,9.702,9.935,9.934,9.936,9.935,9.936,9.702,9.702,9.7,9.7,9.936,9.936,9.935,9.934,Sí,-0.234,2026-09-18,18/09/2026,9.76,0,Ajuste aplicado
AH_2026_2027,2026-09-18,2026-09-18 19:09:10.437360,Puerto Alegria,9038835,2026-09-20,20/09/2026,9.643,9.639,9.646,9.64,9.645,9.877,9.873,9.881,9.875,9.88,9.645,9.646,9.641,9.639,9.88,9.881,9.875,9.873,Sí,-0.234,2026-09-18,18/09/2026,9.76,0,Ajuste aplicado
AH_2026_2027,2026-09-18,2026-09-18 19:09:10.437360,Puerto Alegria,9038835,2026-09-21,21/09/2026,9.558,9.551,9.567,9.552,9.564,9.793,9.785,9.801,9.787,9.798,9.563,9.567,9.553,9.551,9.797,9.801,9.787,9.785,Sí,-0.234,2026-09-18,18/09/2026,9.76,0,Ajuste aplicado
AH_2026_2027,2026-09-18,2026-09-18 19:09:10.437360,Puerto Alegria,9038835,2026-09-22,22/09/2026,9.533,9.507,9.551,9.521,9.55,9.768,9.741,9.785,9.756,9.784,9.55,9.551,9.526,9.507,9.784,9.785,9.761,9.741,Sí,-0.234,2026-09-18,18/09/2026,9.76,0,Ajuste aplicado
AH_2026_2027,2026-09-18,2026-09-18 19:09:10.437360,Puerto Alegria,9038835,2026-09-23,23/09/2026,9.532,9.502,9.553,9.516,9.551,9.766,9.737,9.787,9.75,9.786,9.551,9.553,9.521,9.502,9.785,9.787,9.755,9.737,Sí,-0.234,2026-09-18,18/09/2026,9.76,0,Ajuste aplicado
AH_2026_2027,2026-09-18,2026-09-18 19:09:10.437360,Puerto Alegria,9038835,2026-09-24,24/09/2026,9.542,9.526,9.561,9.528,9.556,9.777,9.76,9.796,9.762,9.79,9.554,9.561,9.526,9.528,9.788,9.796,9.76,9.763,Sí,-0.234,2026-09-18,18/09/2026,9.76,0,Ajuste aplicado
AH_2026_2027,2026-09-18,2026-09-18 19:09:10.437360,Puerto Almendra,9037610,2026-09-18,18/09/2026,3.07,3.07,3.07,3.07,3.07,3.623,3.623,3.623,3.623,3.623,3.07,3.07,3.07,3.07,3.623,3.623,3.623,3.623,Sí,-0.553,2026-09-18,18/09/2026,3.07,0,Ajuste aplicado
AH_2026_2027,2026-09-18,2026-09-18 19:09:10.437360,Puerto Almendra,9037610,2026-09-19,19/09/2026,3.169,3.166,3.177,3.166,3.169,3.721,3.719,3.729,3.719,3.721,3.166,3.166,3.177,3.166,3.719,3.719,3.729,3.719,Sí,-0.553,2026-09-18,18/09/2026,3.07,0,Ajuste aplicado
AH_2026_2027,2026-09-18,2026-09-18 19:09:10.437360,Puerto Almendra,9037610,2026-09-20,20/09/2026,3.275,3.177,3.413,3.212,3.319,3.828,3.73,3.966,3.764,3.872,3.223,3.288,3.413,3.177,3.776,3.841,3.966,3.73,Sí,-0.553,2026-09-18,18/09/2026,3.07,0,Ajuste aplicado
AH_2026_2027,2026-09-18,2026-09-18 19:09:10.437360,Puerto Almendra,9037610,2026-09-21,21/09/2026,3.118,2.985,3.192,3.095,3.172,3.671,3.538,3.744,3.647,3.724,3.131,3.165,3.192,2.985,3.684,3.717,3.744,3.538,Sí,-0.553,2026-09-18,18/09/2026,3.07,0,Ajuste aplicado
AH_2026_2027,2026-09-18,2026-09-18 19:09:10.437360,Puerto Almendra,9037610,2026-09-22,22/09/2026,2.836,2.562,2.964,2.81,2.936,3.389,3.115,3.516,3.363,3.489,2.893,2.964,2.927,2.562,3.445,3.516,3.48,3.115,Sí,-0.553,2026-09-18,18/09/2026,3.07,0,Ajuste aplicado
AH_2026_2027,2026-09-18,2026-09-18 19:09:10.437360,Puerto Almendra,9037610,2026-09-23,23/09/2026,2.459,2.119,2.671,2.415,2.568,3.012,2.671,3.223,2.967,3.12,2.513,2.671,2.533,2.119,3.066,3.223,3.086,2.671,Sí,-0.553,2026-09-18,18/09/2026,3.07,0,Ajuste aplicado
AH_2026_2027,2026-09-18,2026-09-18 19:09:10.437360,Puerto Almendra,9037610,2026-09-24,24/09/2026,2.044,1.361,2.423,1.964,2.276,2.596,1.913,2.975,2.516,2.828,2.227,2.423,2.165,1.361,2.779,2.975,2.717,1.913,Sí,-0.553,2026-09-18,18/09/2026,3.07,0,Ajuste aplicado
AH_2026_2027,2026-09-18,2026-09-18 19:09:10.437360,Requena,9043425,2026-09-18,18/09/2026,5.48,5.48,5.48,5.48,5.48,5.198,5.198,5.198,5.198,5.198,5.48,5.48,5.48,5.48,5.198,5.198,5.198,5.198,Sí,0.282,2026-09-18,18/09/2026,5.48,0,Ajuste aplicado
AH_2026_2027,2026-09-18,2026-09-18 19:09:10.437360,Requena,9043425,2026-09-19,19/09/2026,5.474,5.474,5.474,5.474,5.474,5.192,5.192,5.192,5.192,5.192,5.474,5.474,5.474,5.474,5.192,5.192,5.192,5.192,Sí,0.282,2026-09-18,18/09/2026,5.48,0,Ajuste aplicado
AH_2026_2027,2026-09-18,2026-09-18 19:09:10.437360,Requena,9043425,2026-09-20,20/09/2026,5.464,5.464,5.464,5.464,5.464,5.182,5.182,5.182,5.182,5.182,5.464,5.464,5.464,5.464,5.182,5.182,5.182,5.182,Sí,0.282,2026-09-18,18/09/2026,5.48,0,Ajuste aplicado
AH_2026_2027,2026-09-18,2026-09-18 19:09:10.437360,Requena,9043425,2026-09-21,21/09/2026,5.454,5.454,5.454,5.454,5.454,5.172,5.172,5.172,5.172,5.172,5.454,5.454,5.454,5.454,5.172,5.172,5.172,5.172,Sí,0.282,2026-09-18,18/09/2026,5.48,0,Ajuste aplicado
AH_2026_2027,2026-09-18,2026-09-18 19:09:10.437360,Requena,9043425,2026-09-22,22/09/2026,5.448,5.448,5.448,5.448,5.448,5.166,5.166,5.166,5.166,5.166,5.448,5.448,5.448,5.448,5.166,5.166,5.166,5.166,Sí,0.282,2026-09-18,18/09/2026,5.48,0,Ajuste aplicado
AH_2026_2027,2026-09-18,2026-09-18 19:09:10.437360,Requena,9043425,2026-09-23,23/09/2026,5.442,5.442,5.442,5.442,5.442,5.16,5.16,5.16,5.16,5.16,5.442,5.442,5.442,5.442,5.16,5.16,5.16,5.16,Sí,0.282,2026-09-18,18/09/2026,5.48,0,Ajuste aplicado
AH_2026_2027,2026-09-18,2026-09-18 19:09:10.437360,Requena,9043425,2026-09-24,24/09/2026,5.438,5.438,5.439,5.438,5.439,5.157,5.157,5.157,5.157,5.157,5.439,5.439,5.438,5.438,5.157,5.157,5.157,5.157,Sí,0.282,2026-09-18,18/09/2026,5.48,0,Ajuste aplicado
AH_2026_2027,2026-09-18,2026-09-18 19:09:10.437360,San Lorenzo,9042153,2026-09-18,18/09/2026,9.606,9.606,9.606,9.606,9.606,9.606,9.606,9.606,9.606,9.606,9.606,9.606,9.606,9.606,9.606,9.606,9.606,9.606,No,,2025-09-30,30/09/2025,7.19,353,Observado muy antiguo para ajuste: 353 días
AH_2026_2027,2026-09-18,2026-09-18 19:09:10.437360,San Lorenzo,9042153,2026-09-19,19/09/2026,9.62,9.62,9.62,9.62,9.62,9.62,9.62,9.62,9.62,9.62,9.62,9.62,9.62,9.62,9.62,9.62,9.62,9.62,No,,2025-09-30,30/09/2025,7.19,353,Observado muy antiguo para ajuste: 353 días
AH_2026_2027,2026-09-18,2026-09-18 19:09:10.437360,San Lorenzo,9042153,2026-09-20,20/09/2026,9.657,9.657,9.657,9.657,9.657,9.657,9.657,9.657,9.657,9.657,9.657,9.657,9.657,9.657,9.657,9.657,9.657,9.657,No,,2025-09-30,30/09/2025,7.19,353,Observado muy antiguo para ajuste: 353 días
AH_2026_2027,2026-09-18,2026-09-18 19:09:10.437360,San Lorenzo,9042153,2026-09-21,21/09/2026,9.72,9.713,9.73,9.715,9.723,9.72,9.713,9.73,9.715,9.723,9.713,9.721,9.73,9.715,9.713,9.721,9.73,9.715,No,,2025-09-30,30/09/2025,7.19,353,Observado muy antiguo para ajuste: 353 días
AH_2026_2027,2026-09-18,2026-09-18 19:09:10.437360,San Lorenzo,9042153,2026-09-22,22/09/2026,9.758,9.741,9.773,9.748,9.769,9.758,9.741,9.773,9.748,9.769,9.741,9.75,9.768,9.773,9.741,9.75,9.768,9.773,No,,2025-09-30,30/09/2025,7.19,353,Observado muy antiguo para ajuste: 353 días
AH_2026_2027,2026-09-18,2026-09-18 19:09:10.437360,San Lorenzo,9042153,2026-09-23,23/09/2026,9.805,9.741,9.889,9.761,9.84,9.805,9.741,9.889,9.761,9.84,9.741,9.768,9.824,9.889,9.741,9.768,9.824,9.889,No,,2025-09-30,30/09/2025,7.19,353,Observado muy antiguo para ajuste: 353 días
AH_2026_2027,2026-09-18,2026-09-18 19:09:10.437360,San Lorenzo,9042153,2026-09-24,24/09/2026,9.788,9.703,9.928,9.732,9.815,9.788,9.703,9.928,9.732,9.815,9.703,9.742,9.777,9.928,9.703,9.742,9.777,9.928,No,,2025-09-30,30/09/2025,7.19,353,Observado muy antiguo para ajuste: 353 días
AH_2026_2027,2026-09-18,2026-09-18 19:09:10.437360,San Regis,9040439,2026-09-18,18/09/2026,4.98,4.98,4.98,4.98,4.98,5.233,5.233,5.233,5.233,5.233,4.98,4.98,4.98,4.98,5.233,5.233,5.233,5.233,Sí,-0.253,2026-09-18,18/09/2026,4.98,0,Ajuste aplicado
AH_2026_2027,2026-09-18,2026-09-18 19:09:10.437360,San Regis,9040439,2026-09-19,19/09/2026,4.937,4.937,4.937,4.937,4.937,5.19,5.19,5.19,5.19,5.19,4.937,4.937,4.937,4.937,5.19,5.19,5.19,5.19,Sí,-0.253,2026-09-18,18/09/2026,4.98,0,Ajuste aplicado
AH_2026_2027,2026-09-18,2026-09-18 19:09:10.437360,San Regis,9040439,2026-09-20,20/09/2026,4.888,4.888,4.888,4.888,4.888,5.14,5.14,5.14,5.14,5.14,4.888,4.888,4.888,4.888,5.14,5.14,5.14,5.14,Sí,-0.253,2026-09-18,18/09/2026,4.98,0,Ajuste aplicado
AH_2026_2027,2026-09-18,2026-09-18 19:09:10.437360,San Regis,9040439,2026-09-21,21/09/2026,4.863,4.863,4.863,4.863,4.863,5.115,5.115,5.115,5.115,5.115,4.863,4.863,4.863,4.863,5.115,5.115,5.115,5.115,Sí,-0.253,2026-09-18,18/09/2026,4.98,0,Ajuste aplicado
AH_2026_2027,2026-09-18,2026-09-18 19:09:10.437360,San Regis,9040439,2026-09-22,22/09/2026,4.814,4.814,4.814,4.814,4.814,5.067,5.067,5.067,5.067,5.067,4.814,4.814,4.814,4.814,5.067,5.067,5.067,5.067,Sí,-0.253,2026-09-18,18/09/2026,4.98,0,Ajuste aplicado
AH_2026_2027,2026-09-18,2026-09-18 19:09:10.437360,San Regis,9040439,2026-09-23,23/09/2026,4.789,4.789,4.789,4.789,4.789,5.042,5.042,5.042,5.042,5.042,4.789,4.789,4.789,4.789,5.042,5.042,5.042,5.042,Sí,-0.253,2026-09-18,18/09/2026,4.98,0,Ajuste aplicado
AH_2026_2027,2026-09-18,2026-09-18 19:09:10.437360,San Regis,9040439,2026-09-24,24/09/2026,4.813,4.813,4.813,4.813,4.813,5.065,5.065,5.065,5.065,5.065,4.813,4.813,4.813,4.813,5.065,5.065,5.065,5.065,Sí,-0.253,2026-09-18,18/09/2026,4.98,0,Ajuste aplicado
AH_2026_2027,2026-09-18,2026-09-18 19:09:10.437360,Santa Clotilde,9032282,2026-09-18,18/09/2026,7.36,7.36,7.36,7.36,7.36,6.537,6.536,6.537,6.536,6.537,7.36,7.36,7.36,7.36,6.537,6.537,6.537,6.536,Sí,0.823,2026-09-18,18/09/2026,7.36,0,Ajuste aplicado
AH_2026_2027,2026-09-18,2026-09-18 19:09:10.437360,Santa Clotilde,9032282,2026-09-19,19/09/2026,7.301,7.301,7.301,7.301,7.301,6.478,6.478,6.478,6.478,6.478,7.301,7.301,7.301,7.301,6.478,6.478,6.478,6.478,Sí,0.823,2026-09-18,18/09/2026,7.36,0,Ajuste aplicado
AH_2026_2027,2026-09-18,2026-09-18 19:09:10.437360,Santa Clotilde,9032282,2026-09-20,20/09/2026,7.287,7.287,7.288,7.287,7.287,6.464,6.463,6.464,6.464,6.464,7.287,7.287,7.288,7.287,6.464,6.464,6.464,6.463,Sí,0.823,2026-09-18,18/09/2026,7.36,0,Ajuste aplicado
AH_2026_2027,2026-09-18,2026-09-18 19:09:10.437360,Santa Clotilde,9032282,2026-09-21,21/09/2026,7.262,7.256,7.266,7.261,7.264,6.439,6.432,6.443,6.438,6.441,7.263,7.263,7.266,7.256,6.44,6.44,6.443,6.432,Sí,0.823,2026-09-18,18/09/2026,7.36,0,Ajuste aplicado
AH_2026_2027,2026-09-18,2026-09-18 19:09:10.437360,Santa Clotilde,9032282,2026-09-22,22/09/2026,7.213,7.211,7.215,7.212,7.214,6.39,6.388,6.392,6.389,6.39,7.213,7.213,7.215,7.211,6.389,6.39,6.392,6.388,Sí,0.823,2026-09-18,18/09/2026,7.36,0,Ajuste aplicado
AH_2026_2027,2026-09-18,2026-09-18 19:09:10.437360,Santa Clotilde,9032282,2026-09-23,23/09/2026,7.203,7.197,7.207,7.202,7.205,6.38,6.374,6.384,6.378,6.382,7.203,7.205,7.207,7.197,6.38,6.381,6.384,6.374,Sí,0.823,2026-09-18,18/09/2026,7.36,0,Ajuste aplicado
AH_2026_2027,2026-09-18,2026-09-18 19:09:10.437360,Santa Clotilde,9032282,2026-09-24,24/09/2026,7.2,7.194,7.204,7.198,7.202,6.376,6.371,6.381,6.375,6.379,7.199,7.201,7.204,7.194,6.376,6.378,6.381,6.371,Sí,0.823,2026-09-18,18/09/2026,7.36,0,Ajuste aplicado
AH_2026_2027,2026-09-18,2026-09-18 19:09:10.437360,Santa María de Nanay,9037738,2026-09-18,18/09/2026,4.72,4.713,4.74,4.713,4.72,4.934,4.927,4.954,4.928,4.934,4.713,4.713,4.74,4.713,4.928,4.928,4.954,4.927,Sí,-0.214,2026-09-18,18/09/2026,4.72,0,Ajuste aplicado
AH_2026_2027,2026-09-18,2026-09-18 19:09:10.437360,Santa María de Nanay,9037738,2026-09-19,19/09/2026,4.706,4.684,4.744,4.692,4.712,4.92,4.898,4.959,4.906,4.926,4.695,4.701,4.744,4.684,4.909,4.915,4.959,4.898,Sí,-0.214,2026-09-18,18/09/2026,4.72,0,Ajuste aplicado
AH_2026_2027,2026-09-18,2026-09-18 19:09:10.437360,Santa María de Nanay,9037738,2026-09-20,20/09/2026,4.601,4.454,4.671,4.581,4.658,4.815,4.668,4.885,4.796,4.872,4.624,4.654,4.671,4.454,4.838,4.868,4.885,4.668,Sí,-0.214,2026-09-18,18/09/2026,4.72,0,Ajuste aplicado
AH_2026_2027,2026-09-18,2026-09-18 19:09:10.437360,Santa María de Nanay,9037738,2026-09-21,21/09/2026,4.338,3.998,4.556,4.278,4.459,4.552,4.213,4.77,4.492,4.673,4.427,4.556,4.371,3.998,4.641,4.77,4.585,4.213,Sí,-0.214,2026-09-18,18/09/2026,4.72,0,Ajuste aplicado
AH_2026_2027,2026-09-18,2026-09-18 19:09:10.437360,Santa María de Nanay,9037738,2026-09-22,22/09/2026,3.872,3.101,4.363,3.749,4.136,4.087,3.315,4.577,3.963,4.35,4.06,4.363,3.965,3.101,4.275,4.577,4.179,3.315,Sí,-0.214,2026-09-18,18/09/2026,4.72,0,Ajuste aplicado
AH_2026_2027,2026-09-18,2026-09-18 19:09:10.437360,Santa María de Nanay,9037738,2026-09-23,23/09/2026,3.373,2.164,4.18,2.988,3.959,3.587,2.378,4.395,3.202,4.173,3.885,4.18,3.263,2.164,4.099,4.395,3.477,2.378,Sí,-0.214,2026-09-18,18/09/2026,4.72,0,Ajuste aplicado
AH_2026_2027,2026-09-18,2026-09-18 19:09:10.437360,Santa María de Nanay,9037738,2026-09-24,24/09/2026,3.187,2.113,4.171,2.502,3.917,3.401,2.327,4.385,2.716,4.131,3.833,4.171,2.631,2.113,4.047,4.385,2.846,2.327,Sí,-0.214,2026-09-18,18/09/2026,4.72,0,Ajuste aplicado
AH_2026_2027,2026-09-18,2026-09-18 19:09:10.437360,Santa Rosa,9039635,2026-09-18,18/09/2026,2.73,2.73,2.73,2.73,2.73,3.283,3.283,3.283,3.283,3.283,2.73,2.73,2.73,2.73,3.283,3.283,3.283,3.283,Sí,-0.553,2026-09-18,18/09/2026,2.73,0,Ajuste aplicado
AH_2026_2027,2026-09-18,2026-09-18 19:09:10.437360,Santa Rosa,9039635,2026-09-19,19/09/2026,2.7,2.7,2.7,2.7,2.7,3.253,3.253,3.254,3.253,3.253,2.7,2.7,2.7,2.7,3.253,3.254,3.253,3.253,Sí,-0.553,2026-09-18,18/09/2026,2.73,0,Ajuste aplicado
AH_2026_2027,2026-09-18,2026-09-18 19:09:10.437360,Santa Rosa,9039635,2026-09-20,20/09/2026,2.675,2.673,2.677,2.673,2.677,3.228,3.226,3.23,3.226,3.23,2.677,2.677,2.673,2.673,3.23,3.23,3.226,3.226,Sí,-0.553,2026-09-18,18/09/2026,2.73,0,Ajuste aplicado
AH_2026_2027,2026-09-18,2026-09-18 19:09:10.437360,Santa Rosa,9039635,2026-09-21,21/09/2026,2.627,2.621,2.632,2.622,2.632,3.18,3.174,3.185,3.175,3.185,2.632,2.632,2.622,2.621,3.185,3.185,3.175,3.174,Sí,-0.553,2026-09-18,18/09/2026,2.73,0,Ajuste aplicado
AH_2026_2027,2026-09-18,2026-09-18 19:09:10.437360,Santa Rosa,9039635,2026-09-22,22/09/2026,2.577,2.549,2.604,2.554,2.601,3.131,3.102,3.157,3.107,3.154,2.6,2.604,2.556,2.549,3.153,3.157,3.109,3.102,Sí,-0.553,2026-09-18,18/09/2026,2.73,0,Ajuste aplicado
AH_2026_2027,2026-09-18,2026-09-18 19:09:10.437360,Santa Rosa,9039635,2026-09-23,23/09/2026,2.545,2.493,2.578,2.524,2.576,3.099,3.047,3.132,3.078,3.13,2.576,2.578,2.535,2.493,3.129,3.132,3.088,3.047,Sí,-0.553,2026-09-18,18/09/2026,2.73,0,Ajuste aplicado
AH_2026_2027,2026-09-18,2026-09-18 19:09:10.437360,Santa Rosa,9039635,2026-09-24,24/09/2026,2.57,2.535,2.606,2.535,2.605,3.123,3.088,3.159,3.088,3.158,2.604,2.606,2.535,2.535,3.157,3.159,3.088,3.088,Sí,-0.553,2026-09-18,18/09/2026,2.73,0,Ajuste aplicado
AH_2026_2027,2026-09-18,2026-09-18 19:09:10.437360,Tamshiyacu,9038269,2026-09-18,18/09/2026,2.1,2.1,2.1,2.1,2.1,2.198,2.198,2.198,2.198,2.198,2.1,2.1,2.1,2.1,2.198,2.198,2.198,2.198,Sí,-0.098,2026-09-18,18/09/2026,2.1,0,Ajuste aplicado
AH_2026_2027,2026-09-18,2026-09-18 19:09:10.437360,Tamshiyacu,9038269,2026-09-19,19/09/2026,2.087,2.087,2.087,2.087,2.087,2.185,2.185,2.185,2.185,2.185,2.087,2.087,2.087,2.087,2.185,2.185,2.185,2.185,Sí,-0.098,2026-09-18,18/09/2026,2.1,0,Ajuste aplicado
AH_2026_2027,2026-09-18,2026-09-18 19:09:10.437360,Tamshiyacu,9038269,2026-09-20,20/09/2026,2.059,2.059,2.059,2.059,2.059,2.158,2.158,2.158,2.158,2.158,2.059,2.059,2.059,2.059,2.158,2.158,2.158,2.158,Sí,-0.098,2026-09-18,18/09/2026,2.1,0,Ajuste aplicado
AH_2026_2027,2026-09-18,2026-09-18 19:09:10.437360,Tamshiyacu,9038269,2026-09-21,21/09/2026,2.03,2.03,2.03,2.03,2.03,2.128,2.128,2.128,2.128,2.128,2.03,2.03,2.03,2.03,2.128,2.128,2.128,2.128,Sí,-0.098,2026-09-18,18/09/2026,2.1,0,Ajuste aplicado
AH_2026_2027,2026-09-18,2026-09-18 19:09:10.437360,Tamshiyacu,9038269,2026-09-22,22/09/2026,1.984,1.983,1.984,1.984,1.984,2.082,2.082,2.082,2.082,2.082,1.984,1.984,1.984,1.983,2.082,2.082,2.082,2.082,Sí,-0.098,2026-09-18,18/09/2026,2.1,0,Ajuste aplicado
AH_2026_2027,2026-09-18,2026-09-18 19:09:10.437360,Tamshiyacu,9038269,2026-09-23,23/09/2026,1.937,1.936,1.937,1.936,1.937,2.035,2.034,2.035,2.035,2.035,1.936,1.937,1.937,1.936,2.035,2.035,2.035,2.034,Sí,-0.098,2026-09-18,18/09/2026,2.1,0,Ajuste aplicado
AH_2026_2027,2026-09-18,2026-09-18 19:09:10.437360,Tamshiyacu,9038269,2026-09-24,24/09/2026,1.891,1.891,1.891,1.891,1.891,1.989,1.989,1.989,1.989,1.989,1.891,1.891,1.891,1.891,1.989,1.989,1.989,1.989,Sí,-0.098,2026-09-18,18/09/2026,2.1,0,Ajuste aplicado
AH_2026_2027,2026-09-18,2026-09-18 19:09:10.437360,Timicurillo,9036459,2026-09-18,18/09/2026,6.27,6.27,6.27,6.27,6.27,5.907,5.907,5.907,5.907,5.907,6.27,6.27,6.27,6.27,5.907,5.907,5.907,5.907,Sí,0.363,2026-09-13,13/09/2026,6.27,5,Ajuste aplicado
AH_2026_2027,2026-09-18,2026-09-18 19:09:10.437360,Timicurillo,9036459,2026-09-19,19/09/2026,6.501,6.5,6.503,6.5,6.501,6.138,6.137,6.14,6.137,6.138,6.5,6.501,6.503,6.5,6.137,6.138,6.14,6.137,Sí,0.363,2026-09-13,13/09/2026,6.27,5,Ajuste aplicado
AH_2026_2027,2026-09-18,2026-09-18 19:09:10.437360,Timicurillo,9036459,2026-09-20,20/09/2026,6.426,6.401,6.496,6.402,6.429,6.063,6.038,6.133,6.039,6.066,6.402,6.407,6.496,6.401,6.039,6.044,6.133,6.038,Sí,0.363,2026-09-13,13/09/2026,6.27,5,Ajuste aplicado
AH_2026_2027,2026-09-18,2026-09-18 19:09:10.437360,Timicurillo,9036459,2026-09-21,21/09/2026,6.219,6.205,6.236,6.212,6.225,5.856,5.842,5.873,5.849,5.862,6.214,6.222,6.236,6.205,5.851,5.859,5.873,5.842,Sí,0.363,2026-09-13,13/09/2026,6.27,5,Ajuste aplicado
AH_2026_2027,2026-09-18,2026-09-18 19:09:10.437360,Timicurillo,9036459,2026-09-22,22/09/2026,6.126,6.07,6.152,6.116,6.15,5.763,5.707,5.789,5.753,5.787,6.132,6.149,6.152,6.07,5.769,5.786,5.789,5.707,Sí,0.363,2026-09-13,13/09/2026,6.27,5,Ajuste aplicado
AH_2026_2027,2026-09-18,2026-09-18 19:09:10.437360,Timicurillo,9036459,2026-09-23,23/09/2026,5.744,5.686,5.78,5.733,5.765,5.381,5.323,5.417,5.37,5.402,5.749,5.78,5.761,5.686,5.386,5.417,5.398,5.323,Sí,0.363,2026-09-13,13/09/2026,6.27,5,Ajuste aplicado
AH_2026_2027,2026-09-18,2026-09-18 19:09:10.437360,Timicurillo,9036459,2026-09-24,24/09/2026,5.242,5.142,5.303,5.231,5.272,4.879,4.779,4.94,4.867,4.909,5.26,5.303,5.262,5.142,4.897,4.94,4.898,4.779,Sí,0.363,2026-09-13,13/09/2026,6.27,5,Ajuste aplicado
AH_2026_2027,2026-09-18,2026-09-18 19:09:10.437360,Yurimaguas,9046779,2026-09-18,18/09/2026,129.59,129.59,129.59,129.59,129.59,128.594,128.594,128.594,128.594,128.594,129.59,129.59,129.59,129.59,128.594,128.594,128.594,128.594,Sí,0.996,2026-09-18,18/09/2026,129.59,0,Ajuste aplicado
AH_2026_2027,2026-09-18,2026-09-18 19:09:10.437360,Yurimaguas,9046779,2026-09-19,19/09/2026,130.011,130.011,130.011,130.011,130.011,129.016,129.016,129.016,129.016,129.016,130.011,130.011,130.011,130.011,129.016,129.016,129.016,129.016,Sí,0.996,2026-09-18,18/09/2026,129.59,0,Ajuste aplicado
AH_2026_2027,2026-09-18,2026-09-18 19:09:10.437360,Yurimaguas,9046779,2026-09-20,20/09/2026,130.474,130.474,130.475,130.474,130.474,129.479,129.478,129.479,129.478,129.479,130.474,130.474,130.474,130.475,129.478,129.478,129.479,129.479,Sí,0.996,2026-09-18,18/09/2026,129.59,0,Ajuste aplicado
AH_2026_2027,2026-09-18,2026-09-18 19:09:10.437360,Yurimaguas,9046779,2026-09-21,21/09/2026,130.592,130.592,130.592,130.592,130.592,129.597,129.597,129.597,129.597,129.597,130.592,130.592,130.592,130.592,129.597,129.597,129.597,129.597,Sí,0.996,2026-09-18,18/09/2026,129.59,0,Ajuste aplicado
AH_2026_2027,2026-09-18,2026-09-18 19:09:10.437360,Yurimaguas,9046779,2026-09-22,22/09/2026,130.592,130.59,130.593,130.591,130.592,129.596,129.595,129.597,129.596,129.597,130.59,130.592,130.592,130.593,129.595,129.596,129.597,129.597,Sí,0.996,2026-09-18,18/09/2026,129.59,0,Ajuste aplicado
AH_2026_2027,2026-09-18,2026-09-18 19:09:10.437360,Yurimaguas,9046779,2026-09-23,23/09/2026,130.503,130.488,130.542,130.489,130.506,129.508,129.492,129.546,129.493,129.511,130.488,130.489,130.494,130.542,129.492,129.494,129.499,129.546,Sí,0.996,2026-09-18,18/09/2026,129.59,0,Ajuste aplicado
AH_2026_2027,2026-09-18,2026-09-18 19:09:10.437360,Yurimaguas,9046779,2026-09-24,24/09/2026,130.409,130.363,130.489,130.369,130.431,129.413,129.367,129.494,129.374,129.436,130.363,130.371,130.412,130.489,129.367,129.376,129.416,129.494,Sí,0.996,2026-09-18,18/09/2026,129.59,0,Ajuste aplicado
AH_2026_2027,2026-09-19,2026-09-19 18:43:31.437144,Angamos,9043370,2026-09-19,19/09/2026,1.21,1.21,1.21,1.21,1.21,7.391,7.391,7.391,7.391,7.391,1.21,1.21,1.21,1.21,7.391,7.391,7.391,7.391,Sí,-6.181,2026-09-19,19/09/2026,1.21,0,Offset alto: -6.18 m. Revisar estación.
AH_2026_2027,2026-09-19,2026-09-19 18:43:31.437144,Angamos,9043370,2026-09-20,20/09/2026,1.209,1.209,1.209,1.209,1.209,7.39,7.39,7.39,7.39,7.39,1.209,1.209,1.209,1.209,7.39,7.39,7.39,7.39,Sí,-6.181,2026-09-19,19/09/2026,1.21,0,Offset alto: -6.18 m. Revisar estación.
AH_2026_2027,2026-09-19,2026-09-19 18:43:31.437144,Angamos,9043370,2026-09-21,21/09/2026,1.202,1.2,1.205,1.201,1.202,7.383,7.381,7.386,7.382,7.383,1.201,1.201,1.2,1.205,7.382,7.382,7.381,7.386,Sí,-6.181,2026-09-19,19/09/2026,1.21,0,Offset alto: -6.18 m. Revisar estación.
AH_2026_2027,2026-09-19,2026-09-19 18:43:31.437144,Angamos,9043370,2026-09-22,22/09/2026,1.181,1.179,1.184,1.18,1.181,7.362,7.36,7.365,7.361,7.362,1.18,1.18,1.179,1.184,7.361,7.361,7.36,7.365,Sí,-6.181,2026-09-19,19/09/2026,1.21,0,Offset alto: -6.18 m. Revisar estación.
AH_2026_2027,2026-09-19,2026-09-19 18:43:31.437144,Angamos,9043370,2026-09-23,23/09/2026,1.146,1.145,1.146,1.146,1.146,7.327,7.326,7.327,7.327,7.327,1.146,1.146,1.145,1.146,7.327,7.327,7.326,7.327,Sí,-6.181,2026-09-19,19/09/2026,1.21,0,Offset alto: -6.18 m. Revisar estación.
AH_2026_2027,2026-09-19,2026-09-19 18:43:31.437144,Angamos,9043370,2026-09-24,24/09/2026,1.107,1.103,1.109,1.106,1.108,7.288,7.284,7.29,7.287,7.289,1.107,1.108,1.103,1.109,7.288,7.289,7.284,7.29,Sí,-6.181,2026-09-19,19/09/2026,1.21,0,Offset alto: -6.18 m. Revisar estación.
AH_2026_2027,2026-09-19,2026-09-19 18:43:31.437144,Angamos,9043370,2026-09-25,25/09/2026,1.047,1.046,1.05,1.047,1.048,7.228,7.227,7.231,7.228,7.228,1.046,1.047,1.047,1.05,7.227,7.228,7.228,7.231,Sí,-6.181,2026-09-19,19/09/2026,1.21,0,Offset alto: -6.18 m. Revisar estación.
AH_2026_2027,2026-09-19,2026-09-19 18:43:31.437144,Bellavista,9036028,2026-09-19,19/09/2026,5.07,5.065,5.084,5.065,5.07,4.977,4.973,4.991,4.973,4.977,5.065,5.065,5.065,5.084,4.973,4.973,4.973,4.991,Sí,0.093,2026-09-19,19/09/2026,5.07,0,Ajuste aplicado
AH_2026_2027,2026-09-19,2026-09-19 18:43:31.437144,Bellavista,9036028,2026-09-20,20/09/2026,5.047,5.041,5.065,5.041,5.047,4.955,4.949,4.973,4.949,4.955,5.041,5.041,5.041,5.065,4.949,4.949,4.949,4.973,Sí,0.093,2026-09-19,19/09/2026,5.07,0,Ajuste aplicado
AH_2026_2027,2026-09-19,2026-09-19 18:43:31.437144,Bellavista,9036028,2026-09-21,21/09/2026,5.029,5.024,5.041,5.025,5.029,4.936,4.932,4.948,4.932,4.936,5.025,5.025,5.024,5.041,4.932,4.932,4.932,4.948,Sí,0.093,2026-09-19,19/09/2026,5.07,0,Ajuste aplicado
AH_2026_2027,2026-09-19,2026-09-19 18:43:31.437144,Bellavista,9036028,2026-09-22,22/09/2026,5.009,5.003,5.024,5.004,5.009,4.916,4.91,4.931,4.911,4.916,5.004,5.004,5.003,5.024,4.911,4.911,4.91,4.931,Sí,0.093,2026-09-19,19/09/2026,5.07,0,Ajuste aplicado
AH_2026_2027,2026-09-19,2026-09-19 18:43:31.437144,Bellavista,9036028,2026-09-23,23/09/2026,4.98,4.972,5.0,4.972,4.981,4.887,4.88,4.908,4.88,4.889,4.973,4.975,4.972,5.0,4.88,4.882,4.88,4.908,Sí,0.093,2026-09-19,19/09/2026,5.07,0,Ajuste aplicado
AH_2026_2027,2026-09-19,2026-09-19 18:43:31.437144,Bellavista,9036028,2026-09-24,24/09/2026,4.969,4.968,4.971,4.968,4.969,4.876,4.875,4.878,4.875,4.876,4.968,4.968,4.968,4.971,4.875,4.876,4.875,4.878,Sí,0.093,2026-09-19,19/09/2026,5.07,0,Ajuste aplicado
AH_2026_2027,2026-09-19,2026-09-19 18:43:31.437144,Bellavista,9036028,2026-09-25,25/09/2026,4.94,4.931,4.96,4.932,4.942,4.847,4.839,4.867,4.84,4.849,4.933,4.936,4.931,4.96,4.84,4.843,4.839,4.867,Sí,0.093,2026-09-19,19/09/2026,5.07,0,Ajuste aplicado
AH_2026_2027,2026-09-19,2026-09-19 18:43:31.437144,Borja,9040208,2026-09-19,19/09/2026,5.08,5.019,5.101,5.08,5.101,4.543,4.481,4.563,4.543,4.563,5.1,5.101,5.1,5.019,4.563,4.563,4.563,4.481,Sí,0.537,2026-09-19,19/09/2026,5.08,0,Ajuste aplicado
AH_2026_2027,2026-09-19,2026-09-19 18:43:31.437144,Borja,9040208,2026-09-20,20/09/2026,5.116,5.106,5.125,5.111,5.122,4.579,4.568,4.588,4.574,4.585,5.113,5.121,5.106,5.125,4.576,4.584,4.568,4.588,Sí,0.537,2026-09-19,19/09/2026,5.08,0,Ajuste aplicado
AH_2026_2027,2026-09-19,2026-09-19 18:43:31.437144,Borja,9040208,2026-09-21,21/09/2026,5.109,5.04,5.249,5.058,5.124,4.572,4.502,4.712,4.521,4.587,5.064,5.082,5.04,5.249,4.527,4.545,4.502,4.712,Sí,0.537,2026-09-19,19/09/2026,5.08,0,Ajuste aplicado
AH_2026_2027,2026-09-19,2026-09-19 18:43:31.437144,Borja,9040208,2026-09-22,22/09/2026,5.068,4.963,5.332,4.974,5.081,4.53,4.426,4.794,4.437,4.544,4.978,4.997,4.963,5.332,4.441,4.46,4.426,4.794,Sí,0.537,2026-09-19,19/09/2026,5.08,0,Ajuste aplicado
AH_2026_2027,2026-09-19,2026-09-19 18:43:31.437144,Borja,9040208,2026-09-23,23/09/2026,4.995,4.862,5.381,4.863,5.001,4.458,4.325,4.844,4.326,4.464,4.864,4.874,4.862,5.381,4.327,4.337,4.325,4.844,Sí,0.537,2026-09-19,19/09/2026,5.08,0,Ajuste aplicado
AH_2026_2027,2026-09-19,2026-09-19 18:43:31.437144,Borja,9040208,2026-09-24,24/09/2026,4.885,4.717,5.309,4.744,4.899,4.348,4.179,4.772,4.207,4.362,4.717,4.763,4.753,5.309,4.179,4.226,4.216,4.772,Sí,0.537,2026-09-19,19/09/2026,5.08,0,Ajuste aplicado
AH_2026_2027,2026-09-19,2026-09-19 18:43:31.437144,Borja,9040208,2026-09-25,25/09/2026,4.772,4.587,5.178,4.618,4.816,4.235,4.05,4.641,4.08,4.279,4.587,4.628,4.695,5.178,4.05,4.091,4.158,4.641,Sí,0.537,2026-09-19,19/09/2026,5.08,0,Ajuste aplicado
AH_2026_2027,2026-09-19,2026-09-19 18:43:31.437144,Contamana,9053555,2026-09-19,19/09/2026,6.99,6.977,6.994,6.99,6.994,11.628,11.615,11.632,11.628,11.632,6.994,6.994,6.994,6.977,11.632,11.632,11.632,11.615,Sí,-4.638,2026-09-19,19/09/2026,6.99,0,Offset alto: -4.64 m. Revisar estación.
AH_2026_2027,2026-09-19,2026-09-19 18:43:31.437144,Contamana,9053555,2026-09-20,20/09/2026,7.025,6.994,7.035,7.025,7.035,11.663,11.632,11.673,11.663,11.673,7.035,7.035,7.035,6.994,11.673,11.673,11.673,11.632,Sí,-4.638,2026-09-19,19/09/2026,6.99,0,Offset alto: -4.64 m. Revisar estación.
AH_2026_2027,2026-09-19,2026-09-19 18:43:31.437144,Contamana,9053555,2026-09-21,21/09/2026,7.047,7.035,7.051,7.047,7.051,11.685,11.673,11.689,11.685,11.689,7.051,7.051,7.051,7.035,11.689,11.689,11.689,11.673,Sí,-4.638,2026-09-19,19/09/2026,6.99,0,Offset alto: -4.64 m. Revisar estación.
AH_2026_2027,2026-09-19,2026-09-19 18:43:31.437144,Contamana,9053555,2026-09-22,22/09/2026,7.09,7.051,7.104,7.09,7.104,11.728,11.688,11.742,11.728,11.742,7.104,7.104,7.104,7.051,11.742,11.742,11.742,11.688,Sí,-4.638,2026-09-19,19/09/2026,6.99,0,Offset alto: -4.64 m. Revisar estación.
AH_2026_2027,2026-09-19,2026-09-19 18:43:31.437144,Contamana,9053555,2026-09-23,23/09/2026,7.162,7.098,7.184,7.162,7.184,11.8,11.736,11.822,11.8,11.822,7.184,7.184,7.184,7.098,11.822,11.822,11.822,11.736,Sí,-4.638,2026-09-19,19/09/2026,6.99,0,Offset alto: -4.64 m. Revisar estación.
AH_2026_2027,2026-09-19,2026-09-19 18:43:31.437144,Contamana,9053555,2026-09-24,24/09/2026,7.234,7.177,7.253,7.234,7.253,11.872,11.815,11.891,11.872,11.891,7.253,7.253,7.253,7.177,11.891,11.891,11.891,11.815,Sí,-4.638,2026-09-19,19/09/2026,6.99,0,Offset alto: -4.64 m. Revisar estación.
AH_2026_2027,2026-09-19,2026-09-19 18:43:31.437144,Contamana,9053555,2026-09-25,25/09/2026,7.311,7.221,7.341,7.311,7.341,11.949,11.859,11.979,11.949,11.979,7.341,7.341,7.341,7.221,11.979,11.979,11.979,11.859,Sí,-4.638,2026-09-19,19/09/2026,6.99,0,Offset alto: -4.64 m. Revisar estación.
AH_2026_2027,2026-09-19,2026-09-19 18:43:31.437144,ENAPU,9038134,2026-09-19,19/09/2026,56.68,56.173,56.854,56.678,56.849,108.645,108.137,108.819,108.642,108.813,56.847,56.854,56.846,56.173,108.811,108.819,108.811,108.137,Sí,-51.965,2026-09-19,19/09/2026,56.68,0,Offset alto: -51.96 m. Revisar estación.
AH_2026_2027,2026-09-19,2026-09-19 18:43:31.437144,ENAPU,9038134,2026-09-20,20/09/2026,56.891,56.734,56.961,56.884,56.942,108.856,108.699,108.926,108.849,108.906,56.935,56.961,56.934,56.734,108.9,108.926,108.899,108.699,Sí,-51.965,2026-09-19,19/09/2026,56.68,0,Offset alto: -51.96 m. Revisar estación.
AH_2026_2027,2026-09-19,2026-09-19 18:43:31.437144,ENAPU,9038134,2026-09-21,21/09/2026,56.836,56.793,56.912,56.812,56.844,108.801,108.758,108.876,108.777,108.808,56.821,56.912,56.819,56.793,108.786,108.876,108.783,108.758,Sí,-51.965,2026-09-19,19/09/2026,56.68,0,Offset alto: -51.96 m. Revisar estación.
AH_2026_2027,2026-09-19,2026-09-19 18:43:31.437144,ENAPU,9038134,2026-09-22,22/09/2026,56.512,56.414,56.666,56.416,56.582,108.477,108.378,108.631,108.38,108.546,56.414,56.666,56.416,56.554,108.378,108.631,108.381,108.518,Sí,-51.965,2026-09-19,19/09/2026,56.68,0,Offset alto: -51.96 m. Revisar estación.
AH_2026_2027,2026-09-19,2026-09-19 18:43:31.437144,ENAPU,9038134,2026-09-23,23/09/2026,56.189,56.034,56.394,56.102,56.251,108.154,107.999,108.358,108.066,108.216,56.034,56.394,56.124,56.204,107.999,108.358,108.089,108.169,Sí,-51.965,2026-09-19,19/09/2026,56.68,0,Offset alto: -51.96 m. Revisar estación.
AH_2026_2027,2026-09-19,2026-09-19 18:43:31.437144,ENAPU,9038134,2026-09-24,24/09/2026,55.932,55.744,56.172,55.861,55.976,107.896,107.709,108.137,107.826,107.941,55.744,56.172,55.911,55.9,107.709,108.137,107.876,107.864,Sí,-51.965,2026-09-19,19/09/2026,56.68,0,Offset alto: -51.96 m. Revisar estación.
AH_2026_2027,2026-09-19,2026-09-19 18:43:31.437144,ENAPU,9038134,2026-09-25,25/09/2026,55.633,55.198,55.999,55.485,55.815,107.598,107.162,107.964,107.45,107.78,55.198,55.999,55.754,55.581,107.162,107.964,107.718,107.546,Sí,-51.965,2026-09-19,19/09/2026,56.68,0,Offset alto: -51.96 m. Revisar estación.
AH_2026_2027,2026-09-19,2026-09-19 18:43:31.437144,Flor de Punga,9044756,2026-09-19,19/09/2026,11.015,10.989,11.091,10.989,11.015,11.015,10.989,11.091,10.989,11.015,10.989,10.989,10.989,11.091,10.989,10.989,10.989,11.091,No,,2026-05-14,14/05/2026,22.8,128,Observado muy antiguo para ajuste: 128 días
AH_2026_2027,2026-09-19,2026-09-19 18:43:31.437144,Flor de Punga,9044756,2026-09-20,20/09/2026,10.968,10.961,10.989,10.961,10.968,10.968,10.961,10.989,10.961,10.968,10.961,10.961,10.961,10.989,10.961,10.961,10.961,10.989,No,,2026-05-14,14/05/2026,22.8,128,Observado muy antiguo para ajuste: 128 días
AH_2026_2027,2026-09-19,2026-09-19 18:43:31.437144,Flor de Punga,9044756,2026-09-21,21/09/2026,9.603,9.149,10.962,9.15,9.603,9.603,9.149,10.962,9.15,9.603,9.15,9.15,9.149,10.962,9.15,9.15,9.149,10.962,No,,2026-05-14,14/05/2026,22.8,128,Observado muy antiguo para ajuste: 128 días
AH_2026_2027,2026-09-19,2026-09-19 18:43:31.437144,Flor de Punga,9044756,2026-09-22,22/09/2026,8.6,8.414,9.16,8.414,8.6,8.6,8.414,9.16,8.414,8.6,8.414,8.414,8.414,9.16,8.414,8.414,8.414,9.16,No,,2026-05-14,14/05/2026,22.8,128,Observado muy antiguo para ajuste: 128 días
AH_2026_2027,2026-09-19,2026-09-19 18:43:31.437144,Flor de Punga,9044756,2026-09-23,23/09/2026,8.18,8.102,8.414,8.102,8.18,8.18,8.102,8.414,8.102,8.18,8.102,8.102,8.102,8.414,8.102,8.102,8.102,8.414,No,,2026-05-14,14/05/2026,22.8,128,Observado muy antiguo para ajuste: 128 días
AH_2026_2027,2026-09-19,2026-09-19 18:43:31.437144,Flor de Punga,9044756,2026-09-24,24/09/2026,7.931,7.875,8.102,7.875,7.932,7.931,7.875,8.102,7.875,7.932,7.875,7.875,7.875,8.102,7.875,7.875,7.875,8.102,No,,2026-05-14,14/05/2026,22.8,128,Observado muy antiguo para ajuste: 128 días
AH_2026_2027,2026-09-19,2026-09-19 18:43:31.437144,Flor de Punga,9044756,2026-09-25,25/09/2026,7.777,7.745,7.875,7.745,7.778,7.777,7.745,7.875,7.745,7.778,7.745,7.745,7.745,7.875,7.745,7.745,7.745,7.875,No,,2026-05-14,14/05/2026,22.8,128,Observado muy antiguo para ajuste: 128 días
AH_2026_2027,2026-09-19,2026-09-19 18:43:31.437144,Genaro Herrera,9042214,2026-09-19,19/09/2026,7.28,7.251,7.368,7.251,7.28,8.357,8.327,8.445,8.327,8.357,7.251,7.251,7.251,7.368,8.327,8.327,8.327,8.445,Sí,-1.077,2026-09-19,19/09/2026,7.28,0,Ajuste aplicado
AH_2026_2027,2026-09-19,2026-09-19 18:43:31.437144,Genaro Herrera,9042214,2026-09-20,20/09/2026,7.128,7.087,7.251,7.087,7.128,8.205,8.164,8.327,8.164,8.205,7.087,7.087,7.087,7.251,8.164,8.164,8.164,8.327,Sí,-1.077,2026-09-19,19/09/2026,7.28,0,Ajuste aplicado
AH_2026_2027,2026-09-19,2026-09-19 18:43:31.437144,Genaro Herrera,9042214,2026-09-21,21/09/2026,6.926,6.872,7.088,6.872,6.926,8.003,7.949,8.165,7.949,8.003,6.872,6.872,6.872,7.088,7.949,7.949,7.949,8.165,Sí,-1.077,2026-09-19,19/09/2026,7.28,0,Ajuste aplicado
AH_2026_2027,2026-09-19,2026-09-19 18:43:31.437144,Genaro Herrera,9042214,2026-09-22,22/09/2026,6.667,6.599,6.872,6.599,6.667,7.744,7.676,7.949,7.676,7.744,6.599,6.599,6.599,6.872,7.676,7.676,7.676,7.949,Sí,-1.077,2026-09-19,19/09/2026,7.28,0,Ajuste aplicado
AH_2026_2027,2026-09-19,2026-09-19 18:43:31.437144,Genaro Herrera,9042214,2026-09-23,23/09/2026,6.482,6.443,6.599,6.443,6.483,7.559,7.519,7.676,7.52,7.559,6.443,6.444,6.444,6.599,7.519,7.521,7.52,7.676,Sí,-1.077,2026-09-19,19/09/2026,7.28,0,Ajuste aplicado
AH_2026_2027,2026-09-19,2026-09-19 18:43:31.437144,Genaro Herrera,9042214,2026-09-24,24/09/2026,6.213,6.137,6.441,6.137,6.213,7.29,7.213,7.518,7.214,7.29,6.137,6.137,6.137,6.441,7.213,7.214,7.214,7.518,Sí,-1.077,2026-09-19,19/09/2026,7.28,0,Ajuste aplicado
AH_2026_2027,2026-09-19,2026-09-19 18:43:31.437144,Genaro Herrera,9042214,2026-09-25,25/09/2026,5.712,5.57,6.137,5.57,5.712,6.789,6.647,7.214,6.647,6.789,5.57,5.57,5.57,6.137,6.647,6.647,6.647,7.214,Sí,-1.077,2026-09-19,19/09/2026,7.28,0,Ajuste aplicado
AH_2026_2027,2026-09-19,2026-09-19 18:43:31.437144,Lagunas,9043597,2026-09-19,19/09/2026,5.3,5.229,5.324,5.3,5.324,4.421,4.351,4.445,4.421,4.445,5.324,5.324,5.324,5.229,4.445,4.445,4.445,4.351,Sí,0.879,2026-09-19,19/09/2026,5.3,0,Ajuste aplicado
AH_2026_2027,2026-09-19,2026-09-19 18:43:31.437144,Lagunas,9043597,2026-09-20,20/09/2026,5.521,5.324,5.587,5.521,5.587,4.643,4.445,4.709,4.643,4.709,5.587,5.587,5.587,5.324,4.709,4.709,4.709,4.445,Sí,0.879,2026-09-19,19/09/2026,5.3,0,Ajuste aplicado
AH_2026_2027,2026-09-19,2026-09-19 18:43:31.437144,Lagunas,9043597,2026-09-21,21/09/2026,5.954,5.587,6.076,5.954,6.076,5.075,4.709,5.198,5.075,5.198,6.076,6.076,6.076,5.587,5.198,5.198,5.198,4.709,Sí,0.879,2026-09-19,19/09/2026,5.3,0,Ajuste aplicado
AH_2026_2027,2026-09-19,2026-09-19 18:43:31.437144,Lagunas,9043597,2026-09-22,22/09/2026,6.29,6.076,6.361,6.29,6.361,5.411,5.198,5.482,5.411,5.482,6.361,6.361,6.361,6.076,5.482,5.482,5.482,5.198,Sí,0.879,2026-09-19,19/09/2026,5.3,0,Ajuste aplicado
AH_2026_2027,2026-09-19,2026-09-19 18:43:31.437144,Lagunas,9043597,2026-09-23,23/09/2026,6.463,6.361,6.497,6.463,6.497,5.585,5.483,5.619,5.585,5.619,6.497,6.497,6.497,6.361,5.619,5.619,5.619,5.483,Sí,0.879,2026-09-19,19/09/2026,5.3,0,Ajuste aplicado
AH_2026_2027,2026-09-19,2026-09-19 18:43:31.437144,Lagunas,9043597,2026-09-24,24/09/2026,6.526,6.498,6.536,6.526,6.536,5.648,5.62,5.657,5.648,5.657,6.536,6.536,6.536,6.498,5.657,5.657,5.657,5.62,Sí,0.879,2026-09-19,19/09/2026,5.3,0,Ajuste aplicado
AH_2026_2027,2026-09-19,2026-09-19 18:43:31.437144,Lagunas,9043597,2026-09-25,25/09/2026,6.472,6.44,6.548,6.44,6.483,5.594,5.562,5.669,5.562,5.604,6.44,6.44,6.461,6.548,5.562,5.562,5.583,5.669,Sí,0.879,2026-09-19,19/09/2026,5.3,0,Ajuste aplicado
AH_2026_2027,2026-09-19,2026-09-19 18:43:31.437144,Nauta,9040454,2026-09-19,19/09/2026,5.6,5.588,5.636,5.588,5.6,4.942,4.93,4.978,4.93,4.942,5.588,5.588,5.588,5.636,4.93,4.93,4.93,4.978,Sí,0.658,2026-09-19,19/09/2026,5.6,0,Ajuste aplicado
AH_2026_2027,2026-09-19,2026-09-19 18:43:31.437144,Nauta,9040454,2026-09-20,20/09/2026,5.512,5.487,5.588,5.487,5.512,4.854,4.829,4.93,4.829,4.854,5.487,5.487,5.487,5.588,4.829,4.829,4.829,4.93,Sí,0.658,2026-09-19,19/09/2026,5.6,0,Ajuste aplicado
AH_2026_2027,2026-09-19,2026-09-19 18:43:31.437144,Nauta,9040454,2026-09-21,21/09/2026,5.462,5.453,5.487,5.453,5.462,4.803,4.795,4.829,4.795,4.803,5.453,5.453,5.453,5.487,4.795,4.795,4.795,4.829,Sí,0.658,2026-09-19,19/09/2026,5.6,0,Ajuste aplicado
AH_2026_2027,2026-09-19,2026-09-19 18:43:31.437144,Nauta,9040454,2026-09-22,22/09/2026,5.406,5.391,5.453,5.391,5.406,4.748,4.732,4.795,4.732,4.748,5.391,5.391,5.391,5.453,4.732,4.732,4.732,4.795,Sí,0.658,2026-09-19,19/09/2026,5.6,0,Ajuste aplicado
AH_2026_2027,2026-09-19,2026-09-19 18:43:31.437144,Nauta,9040454,2026-09-23,23/09/2026,5.349,5.336,5.39,5.336,5.35,4.691,4.677,4.732,4.678,4.691,5.336,5.336,5.336,5.39,4.677,4.678,4.678,4.732,Sí,0.658,2026-09-19,19/09/2026,5.6,0,Ajuste aplicado
AH_2026_2027,2026-09-19,2026-09-19 18:43:31.437144,Nauta,9040454,2026-09-24,24/09/2026,5.292,5.278,5.335,5.278,5.292,4.634,4.62,4.677,4.62,4.634,5.278,5.278,5.278,5.335,4.62,4.62,4.62,4.677,Sí,0.658,2026-09-19,19/09/2026,5.6,0,Ajuste aplicado
AH_2026_2027,2026-09-19,2026-09-19 18:43:31.437144,Nauta,9040454,2026-09-25,25/09/2026,5.322,5.278,5.336,5.321,5.336,4.663,4.62,4.678,4.663,4.678,5.336,5.336,5.336,5.278,4.678,4.678,4.678,4.62,Sí,0.658,2026-09-19,19/09/2026,5.6,0,Ajuste aplicado
AH_2026_2027,2026-09-19,2026-09-19 18:43:31.437144,Puerto Alegria,9038835,2026-09-19,19/09/2026,9.83,9.817,9.868,9.817,9.83,9.946,9.934,9.985,9.934,9.946,9.817,9.817,9.817,9.868,9.934,9.934,9.934,9.985,Sí,-0.116,2026-09-19,19/09/2026,9.83,0,Ajuste aplicado
AH_2026_2027,2026-09-19,2026-09-19 18:43:31.437144,Puerto Alegria,9038835,2026-09-20,20/09/2026,9.772,9.756,9.817,9.757,9.772,9.888,9.873,9.933,9.873,9.888,9.757,9.757,9.756,9.817,9.873,9.873,9.873,9.933,Sí,-0.116,2026-09-19,19/09/2026,9.83,0,Ajuste aplicado
AH_2026_2027,2026-09-19,2026-09-19 18:43:31.437144,Puerto Alegria,9038835,2026-09-21,21/09/2026,9.696,9.673,9.754,9.676,9.697,9.812,9.789,9.87,9.793,9.814,9.678,9.678,9.673,9.754,9.794,9.795,9.789,9.87,Sí,-0.116,2026-09-19,19/09/2026,9.83,0,Ajuste aplicado
AH_2026_2027,2026-09-19,2026-09-19 18:43:31.437144,Puerto Alegria,9038835,2026-09-22,22/09/2026,9.664,9.654,9.669,9.663,9.667,9.78,9.77,9.786,9.779,9.783,9.665,9.666,9.654,9.669,9.782,9.782,9.77,9.786,Sí,-0.116,2026-09-19,19/09/2026,9.83,0,Ajuste aplicado
AH_2026_2027,2026-09-19,2026-09-19 18:43:31.437144,Puerto Alegria,9038835,2026-09-23,23/09/2026,9.652,9.625,9.666,9.644,9.666,9.768,9.742,9.783,9.761,9.782,9.666,9.666,9.651,9.625,9.782,9.783,9.767,9.742,Sí,-0.116,2026-09-19,19/09/2026,9.83,0,Ajuste aplicado
AH_2026_2027,2026-09-19,2026-09-19 18:43:31.437144,Puerto Alegria,9038835,2026-09-24,24/09/2026,9.653,9.622,9.669,9.646,9.667,9.769,9.738,9.785,9.762,9.783,9.666,9.669,9.654,9.622,9.783,9.785,9.77,9.738,Sí,-0.116,2026-09-19,19/09/2026,9.83,0,Ajuste aplicado
AH_2026_2027,2026-09-19,2026-09-19 18:43:31.437144,Puerto Alegria,9038835,2026-09-25,25/09/2026,9.648,9.624,9.666,9.642,9.656,9.764,9.74,9.782,9.759,9.773,9.648,9.666,9.624,9.653,9.765,9.782,9.74,9.769,Sí,-0.116,2026-09-19,19/09/2026,9.83,0,Ajuste aplicado
AH_2026_2027,2026-09-19,2026-09-19 18:43:31.437144,Puerto Almendra,9037610,2026-09-19,19/09/2026,3.67,3.603,3.692,3.67,3.692,3.696,3.629,3.718,3.696,3.718,3.692,3.692,3.692,3.603,3.718,3.718,3.718,3.629,Sí,-0.026,2026-09-19,19/09/2026,3.67,0,Ajuste aplicado
AH_2026_2027,2026-09-19,2026-09-19 18:43:31.437144,Puerto Almendra,9037610,2026-09-20,20/09/2026,3.876,3.686,3.939,3.875,3.939,3.901,3.712,3.965,3.901,3.965,3.939,3.939,3.939,3.686,3.965,3.965,3.964,3.712,Sí,-0.026,2026-09-19,19/09/2026,3.67,0,Ajuste aplicado
AH_2026_2027,2026-09-19,2026-09-19 18:43:31.437144,Puerto Almendra,9037610,2026-09-21,21/09/2026,3.844,3.697,3.925,3.801,3.919,3.87,3.723,3.951,3.827,3.945,3.917,3.925,3.836,3.697,3.942,3.951,3.862,3.723,Sí,-0.026,2026-09-19,19/09/2026,3.67,0,Ajuste aplicado
AH_2026_2027,2026-09-19,2026-09-19 18:43:31.437144,Puerto Almendra,9037610,2026-09-22,22/09/2026,3.514,3.469,3.561,3.501,3.524,3.539,3.495,3.587,3.527,3.55,3.512,3.561,3.469,3.512,3.538,3.587,3.495,3.538,Sí,-0.026,2026-09-19,19/09/2026,3.67,0,Ajuste aplicado
AH_2026_2027,2026-09-19,2026-09-19 18:43:31.437144,Puerto Almendra,9037610,2026-09-23,23/09/2026,3.119,3.001,3.219,3.083,3.164,3.145,3.027,3.245,3.109,3.19,3.146,3.219,3.001,3.11,3.172,3.245,3.027,3.136,Sí,-0.026,2026-09-19,19/09/2026,3.67,0,Ajuste aplicado
AH_2026_2027,2026-09-19,2026-09-19 18:43:31.437144,Puerto Almendra,9037610,2026-09-24,24/09/2026,2.707,2.51,2.888,2.612,2.81,2.733,2.536,2.914,2.638,2.836,2.784,2.888,2.51,2.646,2.81,2.914,2.536,2.672,Sí,-0.026,2026-09-19,19/09/2026,3.67,0,Ajuste aplicado
AH_2026_2027,2026-09-19,2026-09-19 18:43:31.437144,Puerto Almendra,9037610,2026-09-25,25/09/2026,2.225,1.72,2.758,1.857,2.579,2.251,1.746,2.784,1.883,2.605,2.519,2.758,1.72,1.903,2.545,2.784,1.746,1.929,Sí,-0.026,2026-09-19,19/09/2026,3.67,0,Ajuste aplicado
AH_2026_2027,2026-09-19,2026-09-19 18:43:31.437144,Requena,9043425,2026-09-19,19/09/2026,5.51,5.508,5.515,5.508,5.51,5.194,5.192,5.199,5.192,5.194,5.508,5.508,5.508,5.515,5.192,5.192,5.192,5.199,Sí,0.316,2026-09-19,19/09/2026,5.51,0,Ajuste aplicado
AH_2026_2027,2026-09-19,2026-09-19 18:43:31.437144,Requena,9043425,2026-09-20,20/09/2026,5.501,5.498,5.509,5.498,5.501,5.185,5.182,5.192,5.182,5.185,5.498,5.498,5.498,5.509,5.182,5.182,5.182,5.192,Sí,0.316,2026-09-19,19/09/2026,5.51,0,Ajuste aplicado
AH_2026_2027,2026-09-19,2026-09-19 18:43:31.437144,Requena,9043425,2026-09-21,21/09/2026,5.491,5.489,5.499,5.489,5.491,5.175,5.172,5.183,5.172,5.175,5.489,5.489,5.489,5.499,5.172,5.172,5.172,5.183,Sí,0.316,2026-09-19,19/09/2026,5.51,0,Ajuste aplicado
AH_2026_2027,2026-09-19,2026-09-19 18:43:31.437144,Requena,9043425,2026-09-22,22/09/2026,5.484,5.482,5.489,5.482,5.484,5.168,5.166,5.172,5.166,5.168,5.482,5.482,5.482,5.489,5.166,5.166,5.166,5.172,Sí,0.316,2026-09-19,19/09/2026,5.51,0,Ajuste aplicado
AH_2026_2027,2026-09-19,2026-09-19 18:43:31.437144,Requena,9043425,2026-09-23,23/09/2026,5.478,5.476,5.482,5.476,5.478,5.161,5.16,5.166,5.16,5.161,5.476,5.476,5.476,5.482,5.16,5.16,5.16,5.166,Sí,0.316,2026-09-19,19/09/2026,5.51,0,Ajuste aplicado
AH_2026_2027,2026-09-19,2026-09-19 18:43:31.437144,Requena,9043425,2026-09-24,24/09/2026,5.474,5.473,5.476,5.473,5.474,5.158,5.157,5.16,5.157,5.158,5.473,5.473,5.473,5.476,5.157,5.157,5.157,5.16,Sí,0.316,2026-09-19,19/09/2026,5.51,0,Ajuste aplicado
AH_2026_2027,2026-09-19,2026-09-19 18:43:31.437144,Requena,9043425,2026-09-25,25/09/2026,5.471,5.47,5.473,5.47,5.471,5.154,5.154,5.157,5.154,5.154,5.47,5.47,5.47,5.473,5.154,5.154,5.154,5.157,Sí,0.316,2026-09-19,19/09/2026,5.51,0,Ajuste aplicado
AH_2026_2027,2026-09-19,2026-09-19 18:43:31.437144,San Lorenzo,9042153,2026-09-19,19/09/2026,9.617,9.606,9.621,9.617,9.621,9.617,9.606,9.621,9.617,9.621,9.621,9.621,9.621,9.606,9.621,9.621,9.621,9.606,No,,2025-09-30,30/09/2025,7.19,354,Observado muy antiguo para ajuste: 354 días
AH_2026_2027,2026-09-19,2026-09-19 18:43:31.437144,San Lorenzo,9042153,2026-09-20,20/09/2026,9.648,9.621,9.657,9.648,9.657,9.648,9.621,9.657,9.648,9.657,9.657,9.657,9.657,9.621,9.657,9.657,9.657,9.621,No,,2025-09-30,30/09/2025,7.19,354,Observado muy antiguo para ajuste: 354 días
AH_2026_2027,2026-09-19,2026-09-19 18:43:31.437144,San Lorenzo,9042153,2026-09-21,21/09/2026,9.692,9.657,9.704,9.692,9.704,9.692,9.657,9.704,9.692,9.704,9.704,9.704,9.704,9.657,9.704,9.704,9.704,9.657,No,,2025-09-30,30/09/2025,7.19,354,Observado muy antiguo para ajuste: 354 días
AH_2026_2027,2026-09-19,2026-09-19 18:43:31.437144,San Lorenzo,9042153,2026-09-22,22/09/2026,9.729,9.717,9.733,9.729,9.733,9.729,9.717,9.733,9.729,9.733,9.733,9.733,9.733,9.717,9.733,9.733,9.733,9.717,No,,2025-09-30,30/09/2025,7.19,354,Observado muy antiguo para ajuste: 354 días
AH_2026_2027,2026-09-19,2026-09-19 18:43:31.437144,San Lorenzo,9042153,2026-09-23,23/09/2026,9.737,9.713,9.774,9.726,9.742,9.737,9.713,9.774,9.726,9.742,9.731,9.732,9.713,9.774,9.731,9.732,9.713,9.774,No,,2025-09-30,30/09/2025,7.19,354,Observado muy antiguo para ajuste: 354 días
AH_2026_2027,2026-09-19,2026-09-19 18:43:31.437144,San Lorenzo,9042153,2026-09-24,24/09/2026,9.721,9.658,9.889,9.663,9.726,9.721,9.658,9.889,9.663,9.726,9.664,9.672,9.658,9.889,9.664,9.672,9.658,9.889,No,,2025-09-30,30/09/2025,7.19,354,Observado muy antiguo para ajuste: 354 días
AH_2026_2027,2026-09-19,2026-09-19 18:43:31.437144,San Lorenzo,9042153,2026-09-25,25/09/2026,9.698,9.616,9.929,9.618,9.704,9.698,9.616,9.929,9.618,9.704,9.619,9.629,9.616,9.929,9.619,9.629,9.616,9.929,No,,2025-09-30,30/09/2025,7.19,354,Observado muy antiguo para ajuste: 354 días
AH_2026_2027,2026-09-19,2026-09-19 18:43:31.437144,San Regis,9040439,2026-09-19,19/09/2026,5.28,5.269,5.313,5.269,5.28,5.201,5.19,5.235,5.19,5.201,5.269,5.269,5.269,5.313,5.19,5.19,5.19,5.235,Sí,0.079,2026-09-19,19/09/2026,5.28,0,Ajuste aplicado
AH_2026_2027,2026-09-19,2026-09-19 18:43:31.437144,San Regis,9040439,2026-09-20,20/09/2026,5.232,5.22,5.269,5.22,5.232,5.153,5.141,5.19,5.141,5.153,5.22,5.22,5.22,5.269,5.141,5.141,5.141,5.19,Sí,0.079,2026-09-19,19/09/2026,5.28,0,Ajuste aplicado
AH_2026_2027,2026-09-19,2026-09-19 18:43:31.437144,San Regis,9040439,2026-09-21,21/09/2026,5.201,5.194,5.22,5.194,5.201,5.122,5.116,5.141,5.116,5.122,5.194,5.194,5.194,5.22,5.116,5.116,5.116,5.141,Sí,0.079,2026-09-19,19/09/2026,5.28,0,Ajuste aplicado
AH_2026_2027,2026-09-19,2026-09-19 18:43:31.437144,San Regis,9040439,2026-09-22,22/09/2026,5.158,5.146,5.194,5.146,5.158,5.079,5.067,5.116,5.067,5.079,5.146,5.146,5.146,5.194,5.067,5.067,5.067,5.116,Sí,0.079,2026-09-19,19/09/2026,5.28,0,Ajuste aplicado
AH_2026_2027,2026-09-19,2026-09-19 18:43:31.437144,San Regis,9040439,2026-09-23,23/09/2026,5.127,5.121,5.146,5.121,5.127,5.049,5.042,5.067,5.042,5.049,5.121,5.121,5.121,5.146,5.042,5.042,5.042,5.067,Sí,0.079,2026-09-19,19/09/2026,5.28,0,Ajuste aplicado
AH_2026_2027,2026-09-19,2026-09-19 18:43:31.437144,San Regis,9040439,2026-09-24,24/09/2026,5.139,5.121,5.144,5.139,5.144,5.06,5.042,5.066,5.06,5.066,5.144,5.144,5.144,5.121,5.066,5.066,5.066,5.042,Sí,0.079,2026-09-19,19/09/2026,5.28,0,Ajuste aplicado
AH_2026_2027,2026-09-19,2026-09-19 18:43:31.437144,San Regis,9040439,2026-09-25,25/09/2026,5.185,5.144,5.199,5.185,5.199,5.106,5.066,5.12,5.106,5.12,5.199,5.199,5.199,5.144,5.12,5.12,5.12,5.066,Sí,0.079,2026-09-19,19/09/2026,5.28,0,Ajuste aplicado
AH_2026_2027,2026-09-19,2026-09-19 18:43:31.437144,Santa Clotilde,9032282,2026-09-19,19/09/2026,7.36,7.346,7.401,7.346,7.36,6.489,6.476,6.53,6.476,6.489,7.346,7.346,7.346,7.401,6.476,6.476,6.476,6.53,Sí,0.871,2026-09-18,18/09/2026,7.36,1,Ajuste aplicado
AH_2026_2027,2026-09-19,2026-09-19 18:43:31.437144,Santa Clotilde,9032282,2026-09-20,20/09/2026,7.337,7.333,7.346,7.333,7.337,6.466,6.462,6.475,6.462,6.466,7.333,7.333,7.333,7.346,6.462,6.462,6.462,6.475,Sí,0.871,2026-09-18,18/09/2026,7.36,1,Ajuste aplicado
AH_2026_2027,2026-09-19,2026-09-19 18:43:31.437144,Santa Clotilde,9032282,2026-09-21,21/09/2026,7.314,7.307,7.333,7.308,7.314,6.443,6.436,6.462,6.437,6.444,7.308,7.308,7.307,7.333,6.437,6.437,6.436,6.462,Sí,0.871,2026-09-18,18/09/2026,7.36,1,Ajuste aplicado
AH_2026_2027,2026-09-19,2026-09-19 18:43:31.437144,Santa Clotilde,9032282,2026-09-22,22/09/2026,7.269,7.258,7.3,7.258,7.269,6.398,6.387,6.429,6.388,6.398,7.259,7.259,7.258,7.3,6.388,6.388,6.387,6.429,Sí,0.871,2026-09-18,18/09/2026,7.36,1,Ajuste aplicado
AH_2026_2027,2026-09-19,2026-09-19 18:43:31.437144,Santa Clotilde,9032282,2026-09-23,23/09/2026,7.251,7.248,7.256,7.249,7.251,6.38,6.377,6.385,6.378,6.38,7.249,7.25,7.248,7.256,6.378,6.379,6.377,6.385,Sí,0.871,2026-09-18,18/09/2026,7.36,1,Ajuste aplicado
AH_2026_2027,2026-09-19,2026-09-19 18:43:31.437144,Santa Clotilde,9032282,2026-09-24,24/09/2026,7.245,7.241,7.248,7.243,7.247,6.374,6.37,6.377,6.372,6.376,7.247,7.248,7.241,7.244,6.376,6.377,6.37,6.373,Sí,0.871,2026-09-18,18/09/2026,7.36,1,Ajuste aplicado
AH_2026_2027,2026-09-19,2026-09-19 18:43:31.437144,Santa Clotilde,9032282,2026-09-25,25/09/2026,7.245,7.241,7.249,7.241,7.248,6.374,6.37,6.378,6.37,6.378,7.248,7.249,7.241,7.241,6.377,6.378,6.37,6.37,Sí,0.871,2026-09-18,18/09/2026,7.36,1,Ajuste aplicado
AH_2026_2027,2026-09-19,2026-09-19 18:43:31.437144,Santa María de Nanay,9037738,2026-09-19,19/09/2026,4.94,4.936,4.942,4.939,4.942,4.938,4.933,4.939,4.937,4.939,4.942,4.942,4.94,4.936,4.939,4.939,4.938,4.933,Sí,0.002,2026-09-19,19/09/2026,4.94,0,Ajuste aplicado
AH_2026_2027,2026-09-19,2026-09-19 18:43:31.437144,Santa María de Nanay,9037738,2026-09-20,20/09/2026,4.899,4.892,4.903,4.898,4.902,4.897,4.89,4.9,4.895,4.9,4.899,4.903,4.892,4.902,4.897,4.9,4.89,4.899,Sí,0.002,2026-09-19,19/09/2026,4.94,0,Ajuste aplicado
AH_2026_2027,2026-09-19,2026-09-19 18:43:31.437144,Santa María de Nanay,9037738,2026-09-21,21/09/2026,4.672,4.59,4.746,4.654,4.695,4.67,4.587,4.744,4.651,4.693,4.678,4.746,4.59,4.675,4.675,4.744,4.587,4.673,Sí,0.002,2026-09-19,19/09/2026,4.94,0,Ajuste aplicado
AH_2026_2027,2026-09-19,2026-09-19 18:43:31.437144,Santa María de Nanay,9037738,2026-09-22,22/09/2026,4.253,4.111,4.415,4.19,4.307,4.251,4.109,4.412,4.188,4.304,4.271,4.415,4.111,4.217,4.268,4.412,4.109,4.214,Sí,0.002,2026-09-19,19/09/2026,4.94,0,Ajuste aplicado
AH_2026_2027,2026-09-19,2026-09-19 18:43:31.437144,Santa María de Nanay,9037738,2026-09-23,23/09/2026,3.687,3.207,4.182,3.294,4.074,3.685,3.204,4.179,3.291,4.071,4.038,4.182,3.207,3.323,4.035,4.179,3.204,3.32,Sí,0.002,2026-09-19,19/09/2026,4.94,0,Ajuste aplicado
AH_2026_2027,2026-09-19,2026-09-19 18:43:31.437144,Santa María de Nanay,9037738,2026-09-24,24/09/2026,3.078,2.371,4.106,2.379,3.616,3.075,2.369,4.103,2.377,3.613,3.453,4.106,2.371,2.382,3.45,4.103,2.369,2.379,Sí,0.002,2026-09-19,19/09/2026,4.94,0,Ajuste aplicado
AH_2026_2027,2026-09-19,2026-09-19 18:43:31.437144,Santa María de Nanay,9037738,2026-09-25,25/09/2026,3.032,2.312,4.112,2.326,3.557,3.029,2.309,4.11,2.323,3.555,3.372,4.112,2.312,2.331,3.369,4.11,2.309,2.328,Sí,0.002,2026-09-19,19/09/2026,4.94,0,Ajuste aplicado
AH_2026_2027,2026-09-19,2026-09-19 18:43:31.437144,Santa Rosa,9039635,2026-09-19,19/09/2026,2.79,2.783,2.812,2.783,2.79,3.258,3.251,3.28,3.251,3.258,2.783,2.783,2.783,2.812,3.251,3.251,3.251,3.28,Sí,-0.468,2026-09-19,19/09/2026,2.79,0,Ajuste aplicado
AH_2026_2027,2026-09-19,2026-09-19 18:43:31.437144,Santa Rosa,9039635,2026-09-20,20/09/2026,2.762,2.755,2.783,2.755,2.762,3.23,3.223,3.251,3.223,3.23,2.755,2.755,2.755,2.783,3.223,3.223,3.223,3.251,Sí,-0.468,2026-09-19,19/09/2026,2.79,0,Ajuste aplicado
AH_2026_2027,2026-09-19,2026-09-19 18:43:31.437144,Santa Rosa,9039635,2026-09-21,21/09/2026,2.717,2.705,2.755,2.705,2.717,3.186,3.173,3.223,3.173,3.186,2.705,2.705,2.705,2.755,3.173,3.173,3.173,3.223,Sí,-0.468,2026-09-19,19/09/2026,2.79,0,Ajuste aplicado
AH_2026_2027,2026-09-19,2026-09-19 18:43:31.437144,Santa Rosa,9039635,2026-09-22,22/09/2026,2.66,2.641,2.703,2.645,2.662,3.128,3.109,3.171,3.114,3.131,2.647,2.649,2.641,2.703,3.115,3.117,3.109,3.171,Sí,-0.468,2026-09-19,19/09/2026,2.79,0,Ajuste aplicado
AH_2026_2027,2026-09-19,2026-09-19 18:43:31.437144,Santa Rosa,9039635,2026-09-23,23/09/2026,2.635,2.632,2.639,2.632,2.637,3.103,3.1,3.107,3.101,3.105,2.637,2.639,2.632,2.632,3.105,3.107,3.1,3.101,Sí,-0.468,2026-09-19,19/09/2026,2.79,0,Ajuste aplicado
AH_2026_2027,2026-09-19,2026-09-19 18:43:31.437144,Santa Rosa,9039635,2026-09-24,24/09/2026,2.621,2.566,2.648,2.615,2.641,3.089,3.034,3.116,3.084,3.109,2.639,2.648,2.632,2.566,3.107,3.116,3.1,3.034,Sí,-0.468,2026-09-19,19/09/2026,2.79,0,Ajuste aplicado
AH_2026_2027,2026-09-19,2026-09-19 18:43:31.437144,Santa Rosa,9039635,2026-09-25,25/09/2026,2.624,2.607,2.644,2.607,2.639,3.092,3.075,3.112,3.075,3.107,2.637,2.644,2.607,2.607,3.105,3.112,3.075,3.075,Sí,-0.468,2026-09-19,19/09/2026,2.79,0,Ajuste aplicado
AH_2026_2027,2026-09-19,2026-09-19 18:43:31.437144,Tamshiyacu,9038269,2026-09-19,19/09/2026,2.23,2.226,2.242,2.226,2.23,2.192,2.188,2.204,2.188,2.192,2.226,2.226,2.226,2.242,2.188,2.188,2.188,2.204,Sí,0.038,2026-09-19,19/09/2026,2.23,0,Ajuste aplicado
AH_2026_2027,2026-09-19,2026-09-19 18:43:31.437144,Tamshiyacu,9038269,2026-09-20,20/09/2026,2.204,2.196,2.226,2.196,2.204,2.166,2.158,2.188,2.158,2.166,2.196,2.196,2.196,2.226,2.158,2.158,2.158,2.188,Sí,0.038,2026-09-19,19/09/2026,2.23,0,Ajuste aplicado
AH_2026_2027,2026-09-19,2026-09-19 18:43:31.437144,Tamshiyacu,9038269,2026-09-21,21/09/2026,2.175,2.168,2.196,2.168,2.175,2.137,2.13,2.158,2.13,2.137,2.168,2.168,2.168,2.196,2.13,2.13,2.13,2.158,Sí,0.038,2026-09-19,19/09/2026,2.23,0,Ajuste aplicado
AH_2026_2027,2026-09-19,2026-09-19 18:43:31.437144,Tamshiyacu,9038269,2026-09-22,22/09/2026,2.133,2.121,2.168,2.122,2.133,2.095,2.084,2.13,2.084,2.096,2.122,2.122,2.121,2.168,2.084,2.084,2.084,2.13,Sí,0.038,2026-09-19,19/09/2026,2.23,0,Ajuste aplicado
AH_2026_2027,2026-09-19,2026-09-19 18:43:31.437144,Tamshiyacu,9038269,2026-09-23,23/09/2026,2.085,2.074,2.12,2.074,2.086,2.048,2.036,2.083,2.036,2.048,2.074,2.074,2.074,2.12,2.036,2.036,2.036,2.083,Sí,0.038,2026-09-19,19/09/2026,2.23,0,Ajuste aplicado
AH_2026_2027,2026-09-19,2026-09-19 18:43:31.437144,Tamshiyacu,9038269,2026-09-24,24/09/2026,2.039,2.027,2.073,2.027,2.04,2.002,1.99,2.035,1.99,2.002,2.027,2.029,2.027,2.073,1.99,1.991,1.99,2.035,Sí,0.038,2026-09-19,19/09/2026,2.23,0,Ajuste aplicado
AH_2026_2027,2026-09-19,2026-09-19 18:43:31.437144,Tamshiyacu,9038269,2026-09-25,25/09/2026,2.006,1.999,2.027,1.999,2.006,1.968,1.961,1.99,1.961,1.968,1.999,1.999,1.999,2.027,1.961,1.961,1.961,1.99,Sí,0.038,2026-09-19,19/09/2026,2.23,0,Ajuste aplicado
AH_2026_2027,2026-09-19,2026-09-19 18:43:31.437144,Timicurillo,9036459,2026-09-19,19/09/2026,6.27,6.083,6.333,6.27,6.332,6.083,5.896,6.146,6.083,6.145,6.332,6.333,6.332,6.083,6.145,6.146,6.145,5.896,Sí,0.187,2026-09-13,13/09/2026,6.27,6,Ajuste aplicado
AH_2026_2027,2026-09-19,2026-09-19 18:43:31.437144,Timicurillo,9036459,2026-09-20,20/09/2026,6.324,6.322,6.33,6.322,6.325,6.137,6.135,6.143,6.135,6.138,6.322,6.323,6.322,6.33,6.135,6.136,6.135,6.143,Sí,0.187,2026-09-13,13/09/2026,6.27,6,Ajuste aplicado
AH_2026_2027,2026-09-19,2026-09-19 18:43:31.437144,Timicurillo,9036459,2026-09-21,21/09/2026,6.096,6.051,6.228,6.052,6.097,5.909,5.864,6.041,5.865,5.91,6.052,6.053,6.051,6.228,5.865,5.866,5.864,6.041,Sí,0.187,2026-09-13,13/09/2026,6.27,6,Ajuste aplicado
AH_2026_2027,2026-09-19,2026-09-19 18:43:31.437144,Timicurillo,9036459,2026-09-22,22/09/2026,5.998,5.988,6.025,5.988,6.0,5.811,5.801,5.838,5.801,5.813,5.988,5.992,5.988,6.025,5.802,5.805,5.801,5.838,Sí,0.187,2026-09-13,13/09/2026,6.27,6,Ajuste aplicado
AH_2026_2027,2026-09-19,2026-09-19 18:43:31.437144,Timicurillo,9036459,2026-09-23,23/09/2026,5.67,5.579,5.871,5.597,5.687,5.483,5.392,5.684,5.41,5.5,5.603,5.626,5.579,5.871,5.416,5.439,5.392,5.684,Sí,0.187,2026-09-13,13/09/2026,6.27,6,Ajuste aplicado
AH_2026_2027,2026-09-19,2026-09-19 18:43:31.437144,Timicurillo,9036459,2026-09-24,24/09/2026,5.203,5.073,5.504,5.093,5.227,5.016,4.886,5.317,4.906,5.04,5.1,5.134,5.073,5.504,4.913,4.947,4.886,5.317,Sí,0.187,2026-09-13,13/09/2026,6.27,6,Ajuste aplicado
AH_2026_2027,2026-09-19,2026-09-19 18:43:31.437144,Timicurillo,9036459,2026-09-25,25/09/2026,4.886,4.773,4.963,4.853,4.935,4.699,4.586,4.776,4.666,4.748,4.88,4.926,4.773,4.963,4.693,4.739,4.586,4.776,Sí,0.187,2026-09-13,13/09/2026,6.27,6,Ajuste aplicado
AH_2026_2027,2026-09-19,2026-09-19 18:43:31.437144,Yurimaguas,9046779,2026-09-19,19/09/2026,129.59,129.271,129.696,129.59,129.696,128.913,128.594,129.019,128.913,129.019,129.696,129.696,129.696,129.271,129.019,129.019,129.019,128.594,Sí,0.677,2026-09-18,18/09/2026,129.59,1,Ajuste aplicado
AH_2026_2027,2026-09-19,2026-09-19 18:43:31.437144,Yurimaguas,9046779,2026-09-20,20/09/2026,130.041,129.696,130.156,130.041,130.156,129.364,129.019,129.479,129.364,129.479,130.156,130.156,130.156,129.696,129.479,129.479,129.479,129.019,Sí,0.677,2026-09-18,18/09/2026,129.59,1,Ajuste aplicado
AH_2026_2027,2026-09-19,2026-09-19 18:43:31.437144,Yurimaguas,9046779,2026-09-21,21/09/2026,130.244,130.157,130.274,130.244,130.274,129.567,129.48,129.597,129.567,129.597,130.274,130.274,130.274,130.157,129.597,129.597,129.597,129.48,Sí,0.677,2026-09-18,18/09/2026,129.59,1,Ajuste aplicado
AH_2026_2027,2026-09-19,2026-09-19 18:43:31.437144,Yurimaguas,9046779,2026-09-22,22/09/2026,130.273,130.273,130.274,130.273,130.273,129.596,129.596,129.597,129.596,129.596,130.273,130.273,130.273,130.274,129.596,129.596,129.596,129.597,Sí,0.677,2026-09-18,18/09/2026,129.59,1,Ajuste aplicado
AH_2026_2027,2026-09-19,2026-09-19 18:43:31.437144,Yurimaguas,9046779,2026-09-23,23/09/2026,130.196,130.17,130.274,130.17,130.197,129.519,129.493,129.597,129.493,129.52,130.17,130.17,130.171,130.274,129.493,129.493,129.494,129.597,Sí,0.677,2026-09-18,18/09/2026,129.59,1,Ajuste aplicado
AH_2026_2027,2026-09-19,2026-09-19 18:43:31.437144,Yurimaguas,9046779,2026-09-24,24/09/2026,130.091,130.045,130.224,130.045,130.095,129.414,129.368,129.546,129.368,129.418,130.045,130.045,130.052,130.224,129.368,129.368,129.375,129.546,Sí,0.677,2026-09-18,18/09/2026,129.59,1,Ajuste aplicado
AH_2026_2027,2026-09-19,2026-09-19 18:43:31.437144,Yurimaguas,9046779,2026-09-25,25/09/2026,129.851,129.722,130.171,129.729,129.877,129.174,129.045,129.494,129.052,129.2,129.732,129.722,129.779,130.171,129.055,129.045,129.102,129.494,Sí,0.677,2026-09-18,18/09/2026,129.59,1,Ajuste aplicado
AH_2026_2027,2026-09-20,2026-09-20 18:50:21.712464,Angamos,9043370,2026-09-20,20/09/2026,1.21,1.21,1.21,1.21,1.21,7.389,7.389,7.389,7.389,7.389,1.21,1.21,1.21,1.21,7.389,7.389,7.389,7.389,Sí,-6.179,2026-09-19,19/09/2026,1.21,1,Offset alto: -6.18 m. Revisar estación.
AH_2026_2027,2026-09-20,2026-09-20 18:50:21.712464,Angamos,9043370,2026-09-21,21/09/2026,1.206,1.206,1.206,1.206,1.206,7.386,7.385,7.386,7.385,7.386,1.206,1.206,1.206,1.206,7.386,7.386,7.385,7.385,Sí,-6.179,2026-09-19,19/09/2026,1.21,1,Offset alto: -6.18 m. Revisar estación.
AH_2026_2027,2026-09-20,2026-09-20 18:50:21.712464,Angamos,9043370,2026-09-22,22/09/2026,1.187,1.186,1.188,1.186,1.187,7.366,7.365,7.367,7.365,7.366,1.188,1.187,1.186,1.186,7.367,7.366,7.366,7.365,Sí,-6.179,2026-09-19,19/09/2026,1.21,1,Offset alto: -6.18 m. Revisar estación.
AH_2026_2027,2026-09-20,2026-09-20 18:50:21.712464,Angamos,9043370,2026-09-23,23/09/2026,1.151,1.147,1.156,1.148,1.154,7.33,7.326,7.335,7.328,7.333,1.156,1.153,1.149,1.147,7.335,7.332,7.328,7.326,Sí,-6.179,2026-09-19,19/09/2026,1.21,1,Offset alto: -6.18 m. Revisar estación.
AH_2026_2027,2026-09-20,2026-09-20 18:50:21.712464,Angamos,9043370,2026-09-24,24/09/2026,1.129,1.126,1.133,1.128,1.131,7.308,7.305,7.312,7.307,7.31,1.13,1.129,1.126,1.133,7.309,7.308,7.305,7.312,Sí,-6.179,2026-09-19,19/09/2026,1.21,1,Offset alto: -6.18 m. Revisar estación.
AH_2026_2027,2026-09-20,2026-09-20 18:50:21.712464,Angamos,9043370,2026-09-25,25/09/2026,1.107,1.094,1.146,1.094,1.107,7.287,7.273,7.326,7.273,7.287,1.094,1.094,1.095,1.146,7.273,7.274,7.274,7.326,Sí,-6.179,2026-09-19,19/09/2026,1.21,1,Offset alto: -6.18 m. Revisar estación.
AH_2026_2027,2026-09-20,2026-09-20 18:50:21.712464,Angamos,9043370,2026-09-26,26/09/2026,1.095,1.042,1.246,1.044,1.096,7.274,7.221,7.425,7.223,7.275,1.042,1.045,1.046,1.246,7.221,7.224,7.225,7.425,Sí,-6.179,2026-09-19,19/09/2026,1.21,1,Offset alto: -6.18 m. Revisar estación.
AH_2026_2027,2026-09-20,2026-09-20 18:50:21.712464,Bellavista,9036028,2026-09-20,20/09/2026,5.07,5.07,5.07,5.07,5.07,4.947,4.947,4.947,4.947,4.947,5.07,5.07,5.07,5.07,4.947,4.947,4.947,4.947,Sí,0.123,2026-09-19,19/09/2026,5.07,1,Ajuste aplicado
AH_2026_2027,2026-09-20,2026-09-20 18:50:21.712464,Bellavista,9036028,2026-09-21,21/09/2026,5.055,5.055,5.055,5.055,5.055,4.931,4.931,4.931,4.931,4.931,5.055,5.055,5.055,5.055,4.931,4.931,4.931,4.931,Sí,0.123,2026-09-19,19/09/2026,5.07,1,Ajuste aplicado
AH_2026_2027,2026-09-20,2026-09-20 18:50:21.712464,Bellavista,9036028,2026-09-22,22/09/2026,5.033,5.033,5.033,5.033,5.033,4.91,4.91,4.91,4.91,4.91,5.033,5.033,5.033,5.033,4.91,4.91,4.91,4.91,Sí,0.123,2026-09-19,19/09/2026,5.07,1,Ajuste aplicado
AH_2026_2027,2026-09-20,2026-09-20 18:50:21.712464,Bellavista,9036028,2026-09-23,23/09/2026,5.003,5.003,5.003,5.003,5.003,4.88,4.88,4.88,4.88,4.88,5.003,5.003,5.003,5.003,4.88,4.88,4.88,4.88,Sí,0.123,2026-09-19,19/09/2026,5.07,1,Ajuste aplicado
AH_2026_2027,2026-09-20,2026-09-20 18:50:21.712464,Bellavista,9036028,2026-09-24,24/09/2026,4.999,4.998,4.999,4.998,4.999,4.875,4.875,4.876,4.875,4.876,4.998,4.999,4.998,4.999,4.875,4.876,4.875,4.876,Sí,0.123,2026-09-19,19/09/2026,5.07,1,Ajuste aplicado
AH_2026_2027,2026-09-20,2026-09-20 18:50:21.712464,Bellavista,9036028,2026-09-25,25/09/2026,4.964,4.963,4.965,4.963,4.964,4.841,4.84,4.841,4.84,4.841,4.964,4.964,4.963,4.965,4.841,4.841,4.84,4.841,Sí,0.123,2026-09-19,19/09/2026,5.07,1,Ajuste aplicado
AH_2026_2027,2026-09-20,2026-09-20 18:50:21.712464,Bellavista,9036028,2026-09-26,26/09/2026,4.953,4.953,4.954,4.953,4.953,4.83,4.83,4.831,4.83,4.83,4.953,4.954,4.953,4.953,4.83,4.831,4.83,4.83,Sí,0.123,2026-09-19,19/09/2026,5.07,1,Ajuste aplicado
AH_2026_2027,2026-09-20,2026-09-20 18:50:21.712464,Borja,9040208,2026-09-20,20/09/2026,5.08,5.079,5.081,5.08,5.08,4.576,4.575,4.576,4.575,4.576,5.08,5.081,5.079,5.08,4.576,4.576,4.575,4.575,Sí,0.504,2026-09-19,19/09/2026,5.08,1,Ajuste aplicado
AH_2026_2027,2026-09-20,2026-09-20 18:50:21.712464,Borja,9040208,2026-09-21,21/09/2026,5.03,5.026,5.037,5.026,5.032,4.526,4.522,4.533,4.522,4.528,5.031,5.037,5.026,5.026,4.526,4.533,4.522,4.522,Sí,0.504,2026-09-19,19/09/2026,5.08,1,Ajuste aplicado
AH_2026_2027,2026-09-20,2026-09-20 18:50:21.712464,Borja,9040208,2026-09-22,22/09/2026,4.946,4.93,4.963,4.937,4.956,4.442,4.425,4.459,4.433,4.451,4.953,4.963,4.939,4.93,4.449,4.459,4.435,4.425,Sí,0.504,2026-09-19,19/09/2026,5.08,1,Ajuste aplicado
AH_2026_2027,2026-09-20,2026-09-20 18:50:21.712464,Borja,9040208,2026-09-23,23/09/2026,4.831,4.799,4.853,4.824,4.842,4.327,4.295,4.348,4.32,4.338,4.839,4.853,4.833,4.799,4.335,4.348,4.328,4.295,Sí,0.504,2026-09-19,19/09/2026,5.08,1,Ajuste aplicado
AH_2026_2027,2026-09-20,2026-09-20 18:50:21.712464,Borja,9040208,2026-09-24,24/09/2026,4.721,4.642,4.764,4.706,4.755,4.217,4.138,4.26,4.201,4.251,4.727,4.764,4.752,4.642,4.223,4.26,4.248,4.138,Sí,0.504,2026-09-19,19/09/2026,5.08,1,Ajuste aplicado
AH_2026_2027,2026-09-20,2026-09-20 18:50:21.712464,Borja,9040208,2026-09-25,25/09/2026,4.612,4.494,4.709,4.554,4.68,4.107,3.989,4.204,4.05,4.176,4.574,4.671,4.709,4.494,4.07,4.166,4.204,3.989,Sí,0.504,2026-09-19,19/09/2026,5.08,1,Ajuste aplicado
AH_2026_2027,2026-09-20,2026-09-20 18:50:21.712464,Borja,9040208,2026-09-26,26/09/2026,4.536,4.423,4.675,4.468,4.592,4.032,3.919,4.17,3.963,4.087,4.482,4.564,4.675,4.423,3.978,4.06,4.17,3.919,Sí,0.504,2026-09-19,19/09/2026,5.08,1,Ajuste aplicado
AH_2026_2027,2026-09-20,2026-09-20 18:50:21.712464,Contamana,9053555,2026-09-20,20/09/2026,6.99,6.99,6.99,6.99,6.99,11.673,11.673,11.673,11.673,11.673,6.99,6.99,6.99,6.99,11.673,11.673,11.673,11.673,Sí,-4.683,2026-09-19,19/09/2026,6.99,1,Offset alto: -4.68 m. Revisar estación.
AH_2026_2027,2026-09-20,2026-09-20 18:50:21.712464,Contamana,9053555,2026-09-21,21/09/2026,7.006,7.006,7.006,7.006,7.006,11.689,11.689,11.689,11.689,11.689,7.006,7.006,7.006,7.006,11.689,11.689,11.689,11.689,Sí,-4.683,2026-09-19,19/09/2026,6.99,1,Offset alto: -4.68 m. Revisar estación.
AH_2026_2027,2026-09-20,2026-09-20 18:50:21.712464,Contamana,9053555,2026-09-22,22/09/2026,7.059,7.059,7.059,7.059,7.059,11.742,11.742,11.742,11.742,11.742,7.059,7.059,7.059,7.059,11.742,11.742,11.742,11.742,Sí,-4.683,2026-09-19,19/09/2026,6.99,1,Offset alto: -4.68 m. Revisar estación.
AH_2026_2027,2026-09-20,2026-09-20 18:50:21.712464,Contamana,9053555,2026-09-23,23/09/2026,7.141,7.141,7.141,7.141,7.141,11.824,11.824,11.824,11.824,11.824,7.141,7.141,7.141,7.141,11.824,11.824,11.824,11.824,Sí,-4.683,2026-09-19,19/09/2026,6.99,1,Offset alto: -4.68 m. Revisar estación.
AH_2026_2027,2026-09-20,2026-09-20 18:50:21.712464,Contamana,9053555,2026-09-24,24/09/2026,7.212,7.212,7.212,7.212,7.212,11.895,11.895,11.895,11.895,11.895,7.212,7.212,7.212,7.212,11.895,11.895,11.895,11.895,Sí,-4.683,2026-09-19,19/09/2026,6.99,1,Offset alto: -4.68 m. Revisar estación.
AH_2026_2027,2026-09-20,2026-09-20 18:50:21.712464,Contamana,9053555,2026-09-25,25/09/2026,7.302,7.299,7.305,7.302,7.303,11.985,11.982,11.988,11.985,11.986,7.305,7.302,7.303,7.299,11.988,11.985,11.986,11.982,Sí,-4.683,2026-09-19,19/09/2026,6.99,1,Offset alto: -4.68 m. Revisar estación.
AH_2026_2027,2026-09-20,2026-09-20 18:50:21.712464,Contamana,9053555,2026-09-26,26/09/2026,7.45,7.45,7.45,7.45,7.45,12.133,12.133,12.133,12.133,12.133,7.45,7.45,7.45,7.45,12.133,12.133,12.133,12.133,Sí,-4.683,2026-09-19,19/09/2026,6.99,1,Offset alto: -4.68 m. Revisar estación.
AH_2026_2027,2026-09-20,2026-09-20 18:50:21.712464,ENAPU,9038134,2026-09-20,20/09/2026,56.68,56.678,56.683,56.679,56.681,108.988,108.986,108.991,108.986,108.988,56.68,56.683,56.678,56.679,108.987,108.991,108.986,108.986,Sí,-52.308,2026-09-19,19/09/2026,56.68,1,Offset alto: -52.31 m. Revisar estación.
AH_2026_2027,2026-09-20,2026-09-20 18:50:21.712464,ENAPU,9038134,2026-09-21,21/09/2026,56.599,56.59,56.624,56.59,56.599,108.906,108.898,108.932,108.898,108.907,56.591,56.624,56.59,56.59,108.898,108.932,108.898,108.898,Sí,-52.308,2026-09-19,19/09/2026,56.68,1,Offset alto: -52.31 m. Revisar estación.
AH_2026_2027,2026-09-20,2026-09-20 18:50:21.712464,ENAPU,9038134,2026-09-22,22/09/2026,56.603,56.331,57.092,56.344,56.755,108.911,108.638,109.4,108.652,109.062,57.092,56.642,56.348,56.331,109.4,108.949,108.656,108.638,Sí,-52.308,2026-09-19,19/09/2026,56.68,1,Offset alto: -52.31 m. Revisar estación.
AH_2026_2027,2026-09-20,2026-09-20 18:50:21.712464,ENAPU,9038134,2026-09-23,23/09/2026,56.683,55.889,58.038,55.902,57.184,108.991,108.196,110.346,108.21,109.491,58.038,56.899,55.907,55.889,110.346,109.207,108.214,108.196,Sí,-52.308,2026-09-19,19/09/2026,56.68,1,Offset alto: -52.31 m. Revisar estación.
AH_2026_2027,2026-09-20,2026-09-20 18:50:21.712464,ENAPU,9038134,2026-09-24,24/09/2026,56.692,55.624,58.408,55.627,57.433,109.0,107.931,110.716,107.935,109.741,58.408,57.108,55.624,55.628,110.716,109.416,107.931,107.936,Sí,-52.308,2026-09-19,19/09/2026,56.68,1,Offset alto: -52.31 m. Revisar estación.
AH_2026_2027,2026-09-20,2026-09-20 18:50:21.712464,ENAPU,9038134,2026-09-25,25/09/2026,56.621,55.386,58.499,55.401,57.519,108.928,107.694,110.807,107.708,109.827,58.499,57.192,55.386,55.405,110.807,109.5,107.694,107.713,Sí,-52.308,2026-09-19,19/09/2026,56.68,1,Offset alto: -52.31 m. Revisar estación.
AH_2026_2027,2026-09-20,2026-09-20 18:50:21.712464,ENAPU,9038134,2026-09-26,26/09/2026,56.516,55.109,58.325,55.356,57.474,108.823,107.416,110.633,107.664,109.782,58.325,57.19,55.109,55.439,110.633,109.498,107.416,107.747,Sí,-52.308,2026-09-19,19/09/2026,56.68,1,Offset alto: -52.31 m. Revisar estación.
AH_2026_2027,2026-09-20,2026-09-20 18:50:21.712464,Flor de Punga,9044756,2026-09-20,20/09/2026,10.959,10.959,10.959,10.959,10.959,10.959,10.959,10.959,10.959,10.959,10.959,10.959,10.959,10.959,10.959,10.959,10.959,10.959,No,,2026-05-14,14/05/2026,22.8,129,Observado muy antiguo para ajuste: 129 días
AH_2026_2027,2026-09-20,2026-09-20 18:50:21.712464,Flor de Punga,9044756,2026-09-21,21/09/2026,9.132,9.132,9.132,9.132,9.132,9.132,9.132,9.132,9.132,9.132,9.132,9.132,9.132,9.132,9.132,9.132,9.132,9.132,No,,2026-05-14,14/05/2026,22.8,129,Observado muy antiguo para ajuste: 129 días
AH_2026_2027,2026-09-20,2026-09-20 18:50:21.712464,Flor de Punga,9044756,2026-09-22,22/09/2026,8.412,8.412,8.412,8.412,8.412,8.412,8.412,8.412,8.412,8.412,8.412,8.412,8.412,8.412,8.412,8.412,8.412,8.412,No,,2026-05-14,14/05/2026,22.8,129,Observado muy antiguo para ajuste: 129 días
AH_2026_2027,2026-09-20,2026-09-20 18:50:21.712464,Flor de Punga,9044756,2026-09-23,23/09/2026,8.096,8.096,8.096,8.096,8.096,8.096,8.096,8.096,8.096,8.096,8.096,8.096,8.096,8.096,8.096,8.096,8.096,8.096,No,,2026-05-14,14/05/2026,22.8,129,Observado muy antiguo para ajuste: 129 días
AH_2026_2027,2026-09-20,2026-09-20 18:50:21.712464,Flor de Punga,9044756,2026-09-24,24/09/2026,7.871,7.871,7.871,7.871,7.871,7.871,7.871,7.871,7.871,7.871,7.871,7.871,7.871,7.871,7.871,7.871,7.871,7.871,No,,2026-05-14,14/05/2026,22.8,129,Observado muy antiguo para ajuste: 129 días
AH_2026_2027,2026-09-20,2026-09-20 18:50:21.712464,Flor de Punga,9044756,2026-09-25,25/09/2026,7.736,7.736,7.737,7.736,7.737,7.736,7.736,7.737,7.736,7.737,7.736,7.737,7.737,7.736,7.736,7.737,7.737,7.736,No,,2026-05-14,14/05/2026,22.8,129,Observado muy antiguo para ajuste: 129 días
AH_2026_2027,2026-09-20,2026-09-20 18:50:21.712464,Flor de Punga,9044756,2026-09-26,26/09/2026,7.707,7.707,7.707,7.707,7.707,7.707,7.707,7.707,7.707,7.707,7.707,7.707,7.707,7.707,7.707,7.707,7.707,7.707,No,,2026-05-14,14/05/2026,22.8,129,Observado muy antiguo para ajuste: 129 días
AH_2026_2027,2026-09-20,2026-09-20 18:50:21.712464,Genaro Herrera,9042214,2026-09-20,20/09/2026,7.28,7.28,7.28,7.28,7.28,8.143,8.143,8.143,8.143,8.143,7.28,7.28,7.28,7.28,8.143,8.143,8.143,8.143,Sí,-0.863,2026-09-19,19/09/2026,7.28,1,Ajuste aplicado
AH_2026_2027,2026-09-20,2026-09-20 18:50:21.712464,Genaro Herrera,9042214,2026-09-21,21/09/2026,7.061,7.061,7.061,7.061,7.061,7.924,7.924,7.924,7.924,7.924,7.061,7.061,7.061,7.061,7.924,7.924,7.924,7.924,Sí,-0.863,2026-09-19,19/09/2026,7.28,1,Ajuste aplicado
AH_2026_2027,2026-09-20,2026-09-20 18:50:21.712464,Genaro Herrera,9042214,2026-09-22,22/09/2026,6.809,6.809,6.809,6.809,6.809,7.672,7.672,7.672,7.672,7.672,6.809,6.809,6.809,6.809,7.672,7.672,7.672,7.672,Sí,-0.863,2026-09-19,19/09/2026,7.28,1,Ajuste aplicado
AH_2026_2027,2026-09-20,2026-09-20 18:50:21.712464,Genaro Herrera,9042214,2026-09-23,23/09/2026,6.636,6.635,6.636,6.635,6.636,7.499,7.498,7.499,7.498,7.499,6.635,6.636,6.636,6.636,7.498,7.498,7.498,7.499,Sí,-0.863,2026-09-19,19/09/2026,7.28,1,Ajuste aplicado
AH_2026_2027,2026-09-20,2026-09-20 18:50:21.712464,Genaro Herrera,9042214,2026-09-24,24/09/2026,6.341,6.341,6.342,6.341,6.341,7.204,7.204,7.205,7.204,7.204,6.341,6.341,6.341,6.342,7.204,7.204,7.204,7.205,Sí,-0.863,2026-09-19,19/09/2026,7.28,1,Ajuste aplicado
AH_2026_2027,2026-09-20,2026-09-20 18:50:21.712464,Genaro Herrera,9042214,2026-09-25,25/09/2026,5.779,5.779,5.78,5.779,5.779,6.642,6.642,6.643,6.642,6.642,5.779,5.779,5.779,5.78,6.642,6.642,6.642,6.643,Sí,-0.863,2026-09-19,19/09/2026,7.28,1,Ajuste aplicado
AH_2026_2027,2026-09-20,2026-09-20 18:50:21.712464,Genaro Herrera,9042214,2026-09-26,26/09/2026,5.631,5.631,5.632,5.631,5.632,6.494,6.494,6.494,6.494,6.494,5.631,5.631,5.632,5.632,6.494,6.494,6.494,6.494,Sí,-0.863,2026-09-19,19/09/2026,7.28,1,Ajuste aplicado
AH_2026_2027,2026-09-20,2026-09-20 18:50:21.712464,Lagunas,9043597,2026-09-20,20/09/2026,5.3,5.3,5.3,5.3,5.3,4.712,4.712,4.712,4.712,4.712,5.3,5.3,5.3,5.3,4.712,4.712,4.712,4.712,Sí,0.588,2026-09-19,19/09/2026,5.3,1,Ajuste aplicado
AH_2026_2027,2026-09-20,2026-09-20 18:50:21.712464,Lagunas,9043597,2026-09-21,21/09/2026,5.786,5.786,5.786,5.786,5.786,5.198,5.198,5.198,5.198,5.198,5.786,5.786,5.786,5.786,5.198,5.198,5.198,5.198,Sí,0.588,2026-09-19,19/09/2026,5.3,1,Ajuste aplicado
AH_2026_2027,2026-09-20,2026-09-20 18:50:21.712464,Lagunas,9043597,2026-09-22,22/09/2026,6.071,6.071,6.071,6.071,6.071,5.483,5.483,5.483,5.483,5.483,6.071,6.071,6.071,6.071,5.483,5.483,5.483,5.483,Sí,0.588,2026-09-19,19/09/2026,5.3,1,Ajuste aplicado
AH_2026_2027,2026-09-20,2026-09-20 18:50:21.712464,Lagunas,9043597,2026-09-23,23/09/2026,6.208,6.208,6.208,6.208,6.208,5.619,5.619,5.619,5.619,5.619,6.208,6.208,6.208,6.208,5.619,5.619,5.619,5.619,Sí,0.588,2026-09-19,19/09/2026,5.3,1,Ajuste aplicado
AH_2026_2027,2026-09-20,2026-09-20 18:50:21.712464,Lagunas,9043597,2026-09-24,24/09/2026,6.246,6.246,6.246,6.246,6.246,5.657,5.657,5.657,5.657,5.657,6.246,6.246,6.246,6.246,5.657,5.657,5.657,5.657,Sí,0.588,2026-09-19,19/09/2026,5.3,1,Ajuste aplicado
AH_2026_2027,2026-09-20,2026-09-20 18:50:21.712464,Lagunas,9043597,2026-09-25,25/09/2026,6.167,6.164,6.17,6.167,6.169,5.579,5.575,5.582,5.578,5.581,6.168,6.17,6.167,6.164,5.58,5.582,5.579,5.575,Sí,0.588,2026-09-19,19/09/2026,5.3,1,Ajuste aplicado
AH_2026_2027,2026-09-20,2026-09-20 18:50:21.712464,Lagunas,9043597,2026-09-26,26/09/2026,6.083,6.081,6.084,6.082,6.083,5.494,5.493,5.496,5.494,5.495,6.083,6.084,6.082,6.081,5.495,5.496,5.494,5.493,Sí,0.588,2026-09-19,19/09/2026,5.3,1,Ajuste aplicado
AH_2026_2027,2026-09-20,2026-09-20 18:50:21.712464,Nauta,9040454,2026-09-20,20/09/2026,5.6,5.6,5.6,5.6,5.6,4.827,4.827,4.827,4.827,4.827,5.6,5.6,5.6,5.6,4.827,4.827,4.827,4.827,Sí,0.773,2026-09-19,19/09/2026,5.6,1,Ajuste aplicado
AH_2026_2027,2026-09-20,2026-09-20 18:50:21.712464,Nauta,9040454,2026-09-21,21/09/2026,5.564,5.564,5.564,5.564,5.564,4.792,4.792,4.792,4.792,4.792,5.564,5.564,5.564,5.564,4.792,4.792,4.792,4.792,Sí,0.773,2026-09-19,19/09/2026,5.6,1,Ajuste aplicado
AH_2026_2027,2026-09-20,2026-09-20 18:50:21.712464,Nauta,9040454,2026-09-22,22/09/2026,5.502,5.502,5.502,5.502,5.502,4.729,4.729,4.729,4.729,4.729,5.502,5.502,5.502,5.502,4.729,4.729,4.729,4.729,Sí,0.773,2026-09-19,19/09/2026,5.6,1,Ajuste aplicado
AH_2026_2027,2026-09-20,2026-09-20 18:50:21.712464,Nauta,9040454,2026-09-23,23/09/2026,5.446,5.446,5.448,5.446,5.446,4.674,4.673,4.675,4.673,4.674,5.446,5.446,5.446,5.448,4.673,4.673,4.673,4.675,Sí,0.773,2026-09-19,19/09/2026,5.6,1,Ajuste aplicado
AH_2026_2027,2026-09-20,2026-09-20 18:50:21.712464,Nauta,9040454,2026-09-24,24/09/2026,5.393,5.392,5.395,5.392,5.393,4.62,4.62,4.622,4.62,4.62,5.392,5.392,5.392,5.395,4.62,4.62,4.62,4.622,Sí,0.773,2026-09-19,19/09/2026,5.6,1,Ajuste aplicado
AH_2026_2027,2026-09-20,2026-09-20 18:50:21.712464,Nauta,9040454,2026-09-25,25/09/2026,5.448,5.446,5.451,5.447,5.449,4.676,4.674,4.678,4.675,4.677,5.449,5.448,5.446,5.451,4.676,4.675,4.674,4.678,Sí,0.773,2026-09-19,19/09/2026,5.6,1,Ajuste aplicado
AH_2026_2027,2026-09-20,2026-09-20 18:50:21.712464,Nauta,9040454,2026-09-26,26/09/2026,5.531,5.531,5.531,5.531,5.531,4.758,4.758,4.759,4.758,4.759,5.531,5.531,5.531,5.531,4.759,4.758,4.758,4.759,Sí,0.773,2026-09-19,19/09/2026,5.6,1,Ajuste aplicado
AH_2026_2027,2026-09-20,2026-09-20 18:50:21.712464,Puerto Alegria,9038835,2026-09-20,20/09/2026,9.83,9.83,9.83,9.83,9.83,9.873,9.873,9.873,9.873,9.873,9.83,9.83,9.83,9.83,9.873,9.873,9.873,9.873,Sí,-0.043,2026-09-19,19/09/2026,9.83,1,Ajuste aplicado
AH_2026_2027,2026-09-20,2026-09-20 18:50:21.712464,Puerto Alegria,9038835,2026-09-21,21/09/2026,9.757,9.757,9.758,9.757,9.757,9.8,9.8,9.801,9.8,9.801,9.757,9.758,9.757,9.757,9.801,9.801,9.8,9.8,Sí,-0.043,2026-09-19,19/09/2026,9.83,1,Ajuste aplicado
AH_2026_2027,2026-09-20,2026-09-20 18:50:21.712464,Puerto Alegria,9038835,2026-09-22,22/09/2026,9.743,9.743,9.744,9.743,9.744,9.787,9.786,9.788,9.786,9.787,9.744,9.744,9.743,9.743,9.787,9.788,9.786,9.786,Sí,-0.043,2026-09-19,19/09/2026,9.83,1,Ajuste aplicado
AH_2026_2027,2026-09-20,2026-09-20 18:50:21.712464,Puerto Alegria,9038835,2026-09-23,23/09/2026,9.762,9.76,9.765,9.76,9.764,9.806,9.803,9.808,9.803,9.808,9.764,9.765,9.76,9.76,9.808,9.808,9.803,9.804,Sí,-0.043,2026-09-19,19/09/2026,9.83,1,Ajuste aplicado
AH_2026_2027,2026-09-20,2026-09-20 18:50:21.712464,Puerto Alegria,9038835,2026-09-24,24/09/2026,9.828,9.825,9.831,9.825,9.829,9.871,9.868,9.874,9.869,9.873,9.829,9.831,9.825,9.825,9.872,9.874,9.868,9.869,Sí,-0.043,2026-09-19,19/09/2026,9.83,1,Ajuste aplicado
AH_2026_2027,2026-09-20,2026-09-20 18:50:21.712464,Puerto Alegria,9038835,2026-09-25,25/09/2026,9.829,9.825,9.834,9.826,9.831,9.873,9.869,9.878,9.87,9.875,9.83,9.834,9.825,9.827,9.874,9.878,9.869,9.87,Sí,-0.043,2026-09-19,19/09/2026,9.83,1,Ajuste aplicado
AH_2026_2027,2026-09-20,2026-09-20 18:50:21.712464,Puerto Alegria,9038835,2026-09-26,26/09/2026,9.759,9.753,9.765,9.756,9.761,9.802,9.796,9.808,9.8,9.805,9.76,9.765,9.753,9.757,9.803,9.808,9.796,9.801,Sí,-0.043,2026-09-19,19/09/2026,9.83,1,Ajuste aplicado
AH_2026_2027,2026-09-20,2026-09-20 18:50:21.712464,Puerto Almendra,9037610,2026-09-20,20/09/2026,3.67,3.67,3.67,3.67,3.67,3.972,3.972,3.972,3.972,3.972,3.67,3.67,3.67,3.67,3.972,3.972,3.972,3.972,Sí,-0.302,2026-09-19,19/09/2026,3.67,1,Ajuste aplicado
AH_2026_2027,2026-09-20,2026-09-20 18:50:21.712464,Puerto Almendra,9037610,2026-09-21,21/09/2026,3.674,3.671,3.679,3.671,3.675,3.976,3.973,3.981,3.974,3.978,3.674,3.679,3.671,3.671,3.977,3.981,3.974,3.973,Sí,-0.302,2026-09-19,19/09/2026,3.67,1,Ajuste aplicado
AH_2026_2027,2026-09-20,2026-09-20 18:50:21.712464,Puerto Almendra,9037610,2026-09-22,22/09/2026,3.341,3.322,3.366,3.322,3.356,3.643,3.625,3.668,3.625,3.659,3.353,3.366,3.322,3.322,3.655,3.668,3.625,3.625,Sí,-0.302,2026-09-19,19/09/2026,3.67,1,Ajuste aplicado
AH_2026_2027,2026-09-20,2026-09-20 18:50:21.712464,Puerto Almendra,9037610,2026-09-23,23/09/2026,2.993,2.937,3.048,2.939,3.048,3.295,3.239,3.35,3.241,3.35,3.048,3.048,2.94,2.937,3.35,3.35,3.242,3.239,Sí,-0.302,2026-09-19,19/09/2026,3.67,1,Ajuste aplicado
AH_2026_2027,2026-09-20,2026-09-20 18:50:21.712464,Puerto Almendra,9037610,2026-09-24,24/09/2026,2.574,2.508,2.642,2.511,2.637,2.876,2.81,2.944,2.813,2.939,2.636,2.642,2.508,2.512,2.938,2.944,2.81,2.814,Sí,-0.302,2026-09-19,19/09/2026,3.67,1,Ajuste aplicado
AH_2026_2027,2026-09-20,2026-09-20 18:50:21.712464,Puerto Almendra,9037610,2026-09-25,25/09/2026,2.261,2.069,2.418,2.16,2.381,2.564,2.371,2.72,2.462,2.683,2.369,2.418,2.069,2.191,2.671,2.72,2.371,2.493,Sí,-0.302,2026-09-19,19/09/2026,3.67,1,Ajuste aplicado
AH_2026_2027,2026-09-20,2026-09-20 18:50:21.712464,Puerto Almendra,9037610,2026-09-26,26/09/2026,1.99,1.467,2.365,1.866,2.188,2.292,1.769,2.668,2.168,2.49,2.129,2.365,1.467,1.999,2.431,2.668,1.769,2.301,Sí,-0.302,2026-09-19,19/09/2026,3.67,1,Ajuste aplicado
AH_2026_2027,2026-09-20,2026-09-20 18:50:21.712464,Requena,9043425,2026-09-20,20/09/2026,5.51,5.51,5.51,5.51,5.51,5.178,5.178,5.178,5.178,5.178,5.51,5.51,5.51,5.51,5.178,5.178,5.178,5.178,Sí,0.332,2026-09-19,19/09/2026,5.51,1,Ajuste aplicado
AH_2026_2027,2026-09-20,2026-09-20 18:50:21.712464,Requena,9043425,2026-09-21,21/09/2026,5.502,5.502,5.502,5.502,5.502,5.17,5.17,5.17,5.17,5.17,5.502,5.502,5.502,5.502,5.17,5.17,5.17,5.17,Sí,0.332,2026-09-19,19/09/2026,5.51,1,Ajuste aplicado
AH_2026_2027,2026-09-20,2026-09-20 18:50:21.712464,Requena,9043425,2026-09-22,22/09/2026,5.496,5.496,5.496,5.496,5.496,5.164,5.164,5.164,5.164,5.164,5.496,5.496,5.496,5.496,5.164,5.164,5.164,5.164,Sí,0.332,2026-09-19,19/09/2026,5.51,1,Ajuste aplicado
AH_2026_2027,2026-09-20,2026-09-20 18:50:21.712464,Requena,9043425,2026-09-23,23/09/2026,5.491,5.491,5.491,5.491,5.491,5.159,5.159,5.159,5.159,5.159,5.491,5.491,5.491,5.491,5.159,5.159,5.159,5.159,Sí,0.332,2026-09-19,19/09/2026,5.51,1,Ajuste aplicado
AH_2026_2027,2026-09-20,2026-09-20 18:50:21.712464,Requena,9043425,2026-09-24,24/09/2026,5.488,5.488,5.488,5.488,5.488,5.156,5.156,5.156,5.156,5.156,5.488,5.488,5.488,5.488,5.156,5.156,5.156,5.156,Sí,0.332,2026-09-19,19/09/2026,5.51,1,Ajuste aplicado
AH_2026_2027,2026-09-20,2026-09-20 18:50:21.712464,Requena,9043425,2026-09-25,25/09/2026,5.485,5.485,5.485,5.485,5.485,5.153,5.153,5.153,5.153,5.153,5.485,5.485,5.485,5.485,5.153,5.153,5.153,5.153,Sí,0.332,2026-09-19,19/09/2026,5.51,1,Ajuste aplicado
AH_2026_2027,2026-09-20,2026-09-20 18:50:21.712464,Requena,9043425,2026-09-26,26/09/2026,5.48,5.48,5.48,5.48,5.48,5.148,5.148,5.148,5.148,5.148,5.48,5.48,5.48,5.48,5.148,5.148,5.148,5.148,Sí,0.332,2026-09-19,19/09/2026,5.51,1,Ajuste aplicado
AH_2026_2027,2026-09-20,2026-09-20 18:50:21.712464,San Lorenzo,9042153,2026-09-20,20/09/2026,9.658,9.658,9.658,9.658,9.658,9.658,9.658,9.658,9.658,9.658,9.658,9.658,9.658,9.658,9.658,9.658,9.658,9.658,No,,2025-09-30,30/09/2025,7.19,355,Observado muy antiguo para ajuste: 355 días
AH_2026_2027,2026-09-20,2026-09-20 18:50:21.712464,San Lorenzo,9042153,2026-09-21,21/09/2026,9.704,9.704,9.704,9.704,9.704,9.704,9.704,9.704,9.704,9.704,9.704,9.704,9.704,9.704,9.704,9.704,9.704,9.704,No,,2025-09-30,30/09/2025,7.19,355,Observado muy antiguo para ajuste: 355 días
AH_2026_2027,2026-09-20,2026-09-20 18:50:21.712464,San Lorenzo,9042153,2026-09-22,22/09/2026,9.733,9.733,9.733,9.733,9.733,9.733,9.733,9.733,9.733,9.733,9.733,9.733,9.733,9.733,9.733,9.733,9.733,9.733,No,,2025-09-30,30/09/2025,7.19,355,Observado muy antiguo para ajuste: 355 días
AH_2026_2027,2026-09-20,2026-09-20 18:50:21.712464,San Lorenzo,9042153,2026-09-23,23/09/2026,9.73,9.729,9.732,9.73,9.731,9.73,9.729,9.732,9.73,9.731,9.731,9.732,9.73,9.729,9.731,9.732,9.73,9.729,No,,2025-09-30,30/09/2025,7.19,355,Observado muy antiguo para ajuste: 355 días
AH_2026_2027,2026-09-20,2026-09-20 18:50:21.712464,San Lorenzo,9042153,2026-09-24,24/09/2026,9.666,9.66,9.672,9.663,9.668,9.666,9.66,9.672,9.663,9.668,9.667,9.672,9.664,9.66,9.667,9.672,9.664,9.66,No,,2025-09-30,30/09/2025,7.19,355,Observado muy antiguo para ajuste: 355 días
AH_2026_2027,2026-09-20,2026-09-20 18:50:21.712464,San Lorenzo,9042153,2026-09-25,25/09/2026,9.626,9.614,9.641,9.618,9.632,9.626,9.614,9.641,9.618,9.632,9.628,9.641,9.619,9.614,9.628,9.641,9.619,9.614,No,,2025-09-30,30/09/2025,7.19,355,Observado muy antiguo para ajuste: 355 días
AH_2026_2027,2026-09-20,2026-09-20 18:50:21.712464,San Lorenzo,9042153,2026-09-26,26/09/2026,9.563,9.549,9.577,9.56,9.568,9.563,9.549,9.577,9.56,9.568,9.564,9.577,9.565,9.549,9.564,9.577,9.565,9.549,No,,2025-09-30,30/09/2025,7.19,355,Observado muy antiguo para ajuste: 355 días
AH_2026_2027,2026-09-20,2026-09-20 18:50:21.712464,San Regis,9040439,2026-09-20,20/09/2026,5.28,5.28,5.28,5.28,5.28,5.139,5.139,5.139,5.139,5.139,5.28,5.28,5.28,5.28,5.139,5.139,5.139,5.139,Sí,0.141,2026-09-19,19/09/2026,5.28,1,Ajuste aplicado
AH_2026_2027,2026-09-20,2026-09-20 18:50:21.712464,San Regis,9040439,2026-09-21,21/09/2026,5.254,5.254,5.254,5.254,5.254,5.114,5.114,5.114,5.114,5.114,5.254,5.254,5.254,5.254,5.114,5.114,5.114,5.114,Sí,0.141,2026-09-19,19/09/2026,5.28,1,Ajuste aplicado
AH_2026_2027,2026-09-20,2026-09-20 18:50:21.712464,San Regis,9040439,2026-09-22,22/09/2026,5.207,5.207,5.207,5.207,5.207,5.066,5.066,5.066,5.066,5.066,5.207,5.207,5.207,5.207,5.066,5.066,5.066,5.066,Sí,0.141,2026-09-19,19/09/2026,5.28,1,Ajuste aplicado
AH_2026_2027,2026-09-20,2026-09-20 18:50:21.712464,San Regis,9040439,2026-09-23,23/09/2026,5.18,5.18,5.18,5.18,5.18,5.04,5.04,5.04,5.04,5.04,5.18,5.18,5.18,5.18,5.04,5.04,5.04,5.04,Sí,0.141,2026-09-19,19/09/2026,5.28,1,Ajuste aplicado
AH_2026_2027,2026-09-20,2026-09-20 18:50:21.712464,San Regis,9040439,2026-09-24,24/09/2026,5.204,5.204,5.204,5.204,5.204,5.064,5.064,5.064,5.064,5.064,5.204,5.204,5.204,5.204,5.064,5.064,5.064,5.064,Sí,0.141,2026-09-19,19/09/2026,5.28,1,Ajuste aplicado
AH_2026_2027,2026-09-20,2026-09-20 18:50:21.712464,San Regis,9040439,2026-09-25,25/09/2026,5.259,5.259,5.26,5.259,5.259,5.119,5.118,5.119,5.118,5.119,5.26,5.259,5.259,5.259,5.119,5.119,5.118,5.118,Sí,0.141,2026-09-19,19/09/2026,5.28,1,Ajuste aplicado
AH_2026_2027,2026-09-20,2026-09-20 18:50:21.712464,San Regis,9040439,2026-09-26,26/09/2026,5.345,5.345,5.345,5.345,5.345,5.205,5.205,5.205,5.205,5.205,5.345,5.345,5.345,5.345,5.205,5.205,5.205,5.205,Sí,0.141,2026-09-19,19/09/2026,5.28,1,Ajuste aplicado
AH_2026_2027,2026-09-20,2026-09-20 18:50:21.712464,Santa Clotilde,9032282,2026-09-20,20/09/2026,7.36,7.36,7.36,7.36,7.36,6.461,6.461,6.461,6.461,6.461,7.36,7.36,7.36,7.36,6.461,6.461,6.461,6.461,Sí,0.899,2026-09-18,18/09/2026,7.36,2,Ajuste aplicado
AH_2026_2027,2026-09-20,2026-09-20 18:50:21.712464,Santa Clotilde,9032282,2026-09-21,21/09/2026,7.333,7.333,7.333,7.333,7.333,6.434,6.434,6.434,6.434,6.434,7.333,7.333,7.333,7.333,6.434,6.434,6.434,6.434,Sí,0.899,2026-09-18,18/09/2026,7.36,2,Ajuste aplicado
AH_2026_2027,2026-09-20,2026-09-20 18:50:21.712464,Santa Clotilde,9032282,2026-09-22,22/09/2026,7.284,7.284,7.284,7.284,7.284,6.385,6.385,6.385,6.385,6.385,7.284,7.284,7.284,7.284,6.385,6.385,6.385,6.385,Sí,0.899,2026-09-18,18/09/2026,7.36,2,Ajuste aplicado
AH_2026_2027,2026-09-20,2026-09-20 18:50:21.712464,Santa Clotilde,9032282,2026-09-23,23/09/2026,7.276,7.276,7.276,7.276,7.276,6.377,6.377,6.377,6.377,6.377,7.276,7.276,7.276,7.276,6.377,6.377,6.377,6.377,Sí,0.899,2026-09-18,18/09/2026,7.36,2,Ajuste aplicado
AH_2026_2027,2026-09-20,2026-09-20 18:50:21.712464,Santa Clotilde,9032282,2026-09-24,24/09/2026,7.272,7.271,7.273,7.271,7.273,6.373,6.372,6.374,6.372,6.374,7.273,7.273,7.271,7.271,6.374,6.374,6.372,6.372,Sí,0.899,2026-09-18,18/09/2026,7.36,2,Ajuste aplicado
AH_2026_2027,2026-09-20,2026-09-20 18:50:21.712464,Santa Clotilde,9032282,2026-09-25,25/09/2026,7.273,7.271,7.275,7.272,7.275,6.374,6.372,6.376,6.373,6.376,7.275,7.275,7.272,7.271,6.376,6.376,6.373,6.372,Sí,0.899,2026-09-18,18/09/2026,7.36,2,Ajuste aplicado
AH_2026_2027,2026-09-20,2026-09-20 18:50:21.712464,Santa Clotilde,9032282,2026-09-26,26/09/2026,7.272,7.268,7.275,7.269,7.274,6.373,6.369,6.376,6.37,6.375,7.274,7.275,7.269,7.268,6.375,6.376,6.37,6.369,Sí,0.899,2026-09-18,18/09/2026,7.36,2,Ajuste aplicado
AH_2026_2027,2026-09-20,2026-09-20 18:50:21.712464,Santa María de Nanay,9037738,2026-09-20,20/09/2026,4.94,4.937,4.944,4.937,4.942,4.914,4.911,4.918,4.911,4.917,4.942,4.944,4.937,4.937,4.916,4.918,4.911,4.911,Sí,0.026,2026-09-19,19/09/2026,4.94,1,Ajuste aplicado
AH_2026_2027,2026-09-20,2026-09-20 18:50:21.712464,Santa María de Nanay,9037738,2026-09-21,21/09/2026,4.789,4.773,4.811,4.773,4.803,4.764,4.747,4.786,4.747,4.777,4.8,4.811,4.773,4.773,4.774,4.786,4.747,4.747,Sí,0.026,2026-09-19,19/09/2026,4.94,1,Ajuste aplicado
AH_2026_2027,2026-09-20,2026-09-20 18:50:21.712464,Santa María de Nanay,9037738,2026-09-22,22/09/2026,4.369,4.294,4.461,4.305,4.423,4.343,4.268,4.435,4.28,4.397,4.41,4.461,4.309,4.294,4.385,4.435,4.283,4.268,Sí,0.026,2026-09-19,19/09/2026,4.94,1,Ajuste aplicado
AH_2026_2027,2026-09-20,2026-09-20 18:50:21.712464,Santa María de Nanay,9037738,2026-09-23,23/09/2026,4.028,3.894,4.135,3.968,4.101,4.002,3.868,4.109,3.942,4.075,4.09,4.135,3.894,3.993,4.064,4.109,3.868,3.967,Sí,0.026,2026-09-19,19/09/2026,4.94,1,Ajuste aplicado
AH_2026_2027,2026-09-20,2026-09-20 18:50:21.712464,Santa María de Nanay,9037738,2026-09-24,24/09/2026,3.498,2.954,3.979,3.319,3.708,3.472,2.928,3.954,3.293,3.683,3.618,3.979,2.954,3.441,3.592,3.954,2.928,3.415,Sí,0.026,2026-09-19,19/09/2026,4.94,1,Ajuste aplicado
AH_2026_2027,2026-09-20,2026-09-20 18:50:21.712464,Santa María de Nanay,9037738,2026-09-25,25/09/2026,3.265,2.487,4.061,2.932,3.59,3.24,2.461,4.035,2.906,3.565,3.434,4.061,2.487,3.08,3.408,4.035,2.461,3.055,Sí,0.026,2026-09-19,19/09/2026,4.94,1,Ajuste aplicado
AH_2026_2027,2026-09-20,2026-09-20 18:50:21.712464,Santa María de Nanay,9037738,2026-09-26,26/09/2026,3.336,2.608,4.191,2.991,3.618,3.31,2.583,4.165,2.965,3.592,3.426,4.191,2.608,3.119,3.401,4.165,2.583,3.093,Sí,0.026,2026-09-19,19/09/2026,4.94,1,Ajuste aplicado
AH_2026_2027,2026-09-20,2026-09-20 18:50:21.712464,Santa Rosa,9039635,2026-09-20,20/09/2026,2.79,2.79,2.79,2.79,2.79,3.223,3.223,3.223,3.223,3.223,2.79,2.79,2.79,2.79,3.223,3.223,3.223,3.223,Sí,-0.433,2026-09-19,19/09/2026,2.79,1,Ajuste aplicado
AH_2026_2027,2026-09-20,2026-09-20 18:50:21.712464,Santa Rosa,9039635,2026-09-21,21/09/2026,2.748,2.748,2.748,2.748,2.748,3.18,3.18,3.18,3.18,3.18,2.748,2.748,2.748,2.748,3.18,3.18,3.18,3.18,Sí,-0.433,2026-09-19,19/09/2026,2.79,1,Ajuste aplicado
AH_2026_2027,2026-09-20,2026-09-20 18:50:21.712464,Santa Rosa,9039635,2026-09-22,22/09/2026,2.721,2.72,2.721,2.72,2.721,3.153,3.153,3.154,3.153,3.153,2.72,2.721,2.72,2.72,3.153,3.154,3.153,3.153,Sí,-0.433,2026-09-19,19/09/2026,2.79,1,Ajuste aplicado
AH_2026_2027,2026-09-20,2026-09-20 18:50:21.712464,Santa Rosa,9039635,2026-09-23,23/09/2026,2.725,2.721,2.729,2.721,2.728,3.158,3.154,3.162,3.154,3.161,2.728,2.729,2.721,2.721,3.161,3.162,3.154,3.154,Sí,-0.433,2026-09-19,19/09/2026,2.79,1,Ajuste aplicado
AH_2026_2027,2026-09-20,2026-09-20 18:50:21.712464,Santa Rosa,9039635,2026-09-24,24/09/2026,2.752,2.748,2.758,2.749,2.754,3.185,3.18,3.191,3.181,3.187,2.753,2.758,2.748,2.749,3.186,3.191,3.18,3.182,Sí,-0.433,2026-09-19,19/09/2026,2.79,1,Ajuste aplicado
AH_2026_2027,2026-09-20,2026-09-20 18:50:21.712464,Santa Rosa,9039635,2026-09-25,25/09/2026,2.763,2.759,2.766,2.762,2.765,3.196,3.192,3.199,3.194,3.197,2.764,2.766,2.759,2.762,3.197,3.199,3.192,3.195,Sí,-0.433,2026-09-19,19/09/2026,2.79,1,Ajuste aplicado
AH_2026_2027,2026-09-20,2026-09-20 18:50:21.712464,Santa Rosa,9039635,2026-09-26,26/09/2026,2.751,2.747,2.758,2.747,2.753,3.184,3.18,3.191,3.18,3.186,2.752,2.758,2.747,2.748,3.184,3.191,3.18,3.18,Sí,-0.433,2026-09-19,19/09/2026,2.79,1,Ajuste aplicado
AH_2026_2027,2026-09-20,2026-09-20 18:50:21.712464,Tamshiyacu,9038269,2026-09-20,20/09/2026,2.23,2.23,2.23,2.23,2.23,2.158,2.158,2.158,2.158,2.158,2.23,2.23,2.23,2.23,2.158,2.158,2.158,2.158,Sí,0.072,2026-09-19,19/09/2026,2.23,1,Ajuste aplicado
AH_2026_2027,2026-09-20,2026-09-20 18:50:21.712464,Tamshiyacu,9038269,2026-09-21,21/09/2026,2.202,2.202,2.202,2.202,2.202,2.129,2.129,2.129,2.129,2.129,2.202,2.202,2.202,2.202,2.129,2.129,2.129,2.129,Sí,0.072,2026-09-19,19/09/2026,2.23,1,Ajuste aplicado
AH_2026_2027,2026-09-20,2026-09-20 18:50:21.712464,Tamshiyacu,9038269,2026-09-22,22/09/2026,2.154,2.154,2.154,2.154,2.154,2.082,2.082,2.082,2.082,2.082,2.154,2.154,2.154,2.154,2.082,2.082,2.082,2.082,Sí,0.072,2026-09-19,19/09/2026,2.23,1,Ajuste aplicado
AH_2026_2027,2026-09-20,2026-09-20 18:50:21.712464,Tamshiyacu,9038269,2026-09-23,23/09/2026,2.107,2.107,2.108,2.107,2.108,2.035,2.035,2.036,2.035,2.035,2.107,2.108,2.107,2.107,2.035,2.036,2.035,2.035,Sí,0.072,2026-09-19,19/09/2026,2.23,1,Ajuste aplicado
AH_2026_2027,2026-09-20,2026-09-20 18:50:21.712464,Tamshiyacu,9038269,2026-09-24,24/09/2026,2.063,2.06,2.064,2.062,2.063,1.99,1.988,1.992,1.99,1.991,2.063,2.063,2.06,2.064,1.99,1.991,1.988,1.992,Sí,0.072,2026-09-19,19/09/2026,2.23,1,Ajuste aplicado
AH_2026_2027,2026-09-20,2026-09-20 18:50:21.712464,Tamshiyacu,9038269,2026-09-25,25/09/2026,2.034,2.032,2.038,2.032,2.034,1.961,1.959,1.965,1.959,1.961,2.032,2.033,2.032,2.038,1.959,1.96,1.959,1.965,Sí,0.072,2026-09-19,19/09/2026,2.23,1,Ajuste aplicado
AH_2026_2027,2026-09-20,2026-09-20 18:50:21.712464,Tamshiyacu,9038269,2026-09-26,26/09/2026,2.0,2.0,2.001,2.0,2.0,1.928,1.927,1.928,1.927,1.928,2.0,2.0,2.0,2.001,1.928,1.928,1.927,1.928,Sí,0.072,2026-09-19,19/09/2026,2.23,1,Ajuste aplicado
AH_2026_2027,2026-09-20,2026-09-20 18:50:21.712464,Timicurillo,9036459,2026-09-20,20/09/2026,6.27,6.27,6.27,6.27,6.27,6.114,6.114,6.114,6.114,6.114,6.27,6.27,6.27,6.27,6.114,6.114,6.114,6.114,Sí,0.156,2026-09-13,13/09/2026,6.27,7,Ajuste aplicado
AH_2026_2027,2026-09-20,2026-09-20 18:50:21.712464,Timicurillo,9036459,2026-09-21,21/09/2026,6.031,6.031,6.032,6.031,6.032,5.875,5.875,5.876,5.875,5.875,6.031,6.032,6.031,6.031,5.875,5.876,5.875,5.875,Sí,0.156,2026-09-13,13/09/2026,6.27,7,Ajuste aplicado
AH_2026_2027,2026-09-20,2026-09-20 18:50:21.712464,Timicurillo,9036459,2026-09-22,22/09/2026,5.962,5.962,5.962,5.962,5.962,5.805,5.805,5.806,5.805,5.805,5.962,5.962,5.962,5.962,5.805,5.806,5.805,5.805,Sí,0.156,2026-09-13,13/09/2026,6.27,7,Ajuste aplicado
AH_2026_2027,2026-09-20,2026-09-20 18:50:21.712464,Timicurillo,9036459,2026-09-23,23/09/2026,5.601,5.595,5.607,5.596,5.606,5.445,5.439,5.451,5.439,5.45,5.607,5.606,5.596,5.595,5.451,5.449,5.439,5.439,Sí,0.156,2026-09-13,13/09/2026,6.27,7,Ajuste aplicado
AH_2026_2027,2026-09-20,2026-09-20 18:50:21.712464,Timicurillo,9036459,2026-09-24,24/09/2026,5.143,5.088,5.252,5.092,5.166,4.986,4.932,5.096,4.935,5.009,5.252,5.137,5.088,5.093,5.096,4.981,4.932,4.937,Sí,0.156,2026-09-13,13/09/2026,6.27,7,Ajuste aplicado
AH_2026_2027,2026-09-20,2026-09-20 18:50:21.712464,Timicurillo,9036459,2026-09-25,25/09/2026,4.879,4.843,4.903,4.863,4.9,4.722,4.687,4.746,4.707,4.744,4.903,4.899,4.843,4.87,4.746,4.743,4.687,4.713,Sí,0.156,2026-09-13,13/09/2026,6.27,7,Ajuste aplicado
AH_2026_2027,2026-09-20,2026-09-20 18:50:21.712464,Timicurillo,9036459,2026-09-26,26/09/2026,4.582,4.567,4.588,4.581,4.588,4.426,4.41,4.432,4.424,4.432,4.588,4.588,4.567,4.585,4.432,4.432,4.41,4.429,Sí,0.156,2026-09-13,13/09/2026,6.27,7,Ajuste aplicado
AH_2026_2027,2026-09-20,2026-09-20 18:50:21.712464,Yurimaguas,9046779,2026-09-20,20/09/2026,129.59,129.59,129.59,129.59,129.59,129.479,129.479,129.479,129.479,129.479,129.59,129.59,129.59,129.59,129.479,129.479,129.479,129.479,Sí,0.111,2026-09-18,18/09/2026,129.59,2,Ajuste aplicado
AH_2026_2027,2026-09-20,2026-09-20 18:50:21.712464,Yurimaguas,9046779,2026-09-21,21/09/2026,129.708,129.708,129.708,129.708,129.708,129.597,129.597,129.597,129.597,129.597,129.708,129.708,129.708,129.708,129.597,129.597,129.597,129.597,Sí,0.111,2026-09-18,18/09/2026,129.59,2,Ajuste aplicado
AH_2026_2027,2026-09-20,2026-09-20 18:50:21.712464,Yurimaguas,9046779,2026-09-22,22/09/2026,129.707,129.707,129.707,129.707,129.707,129.596,129.596,129.596,129.596,129.596,129.707,129.707,129.707,129.707,129.596,129.596,129.596,129.596,Sí,0.111,2026-09-18,18/09/2026,129.59,2,Ajuste aplicado
AH_2026_2027,2026-09-20,2026-09-20 18:50:21.712464,Yurimaguas,9046779,2026-09-23,23/09/2026,129.604,129.604,129.604,129.604,129.604,129.493,129.493,129.494,129.493,129.494,129.604,129.604,129.604,129.604,129.493,129.494,129.493,129.493,Sí,0.111,2026-09-18,18/09/2026,129.59,2,Ajuste aplicado
AH_2026_2027,2026-09-20,2026-09-20 18:50:21.712464,Yurimaguas,9046779,2026-09-24,24/09/2026,129.485,129.483,129.488,129.484,129.485,129.374,129.372,129.377,129.373,129.374,129.484,129.488,129.484,129.483,129.374,129.377,129.373,129.372,Sí,0.111,2026-09-18,18/09/2026,129.59,2,Ajuste aplicado
AH_2026_2027,2026-09-20,2026-09-20 18:50:21.712464,Yurimaguas,9046779,2026-09-25,25/09/2026,129.229,129.211,129.248,129.215,129.241,129.118,129.1,129.138,129.105,129.13,129.239,129.248,129.217,129.211,129.128,129.138,129.106,129.1,Sí,0.111,2026-09-18,18/09/2026,129.59,2,Ajuste aplicado
AH_2026_2027,2026-09-20,2026-09-20 18:50:21.712464,Yurimaguas,9046779,2026-09-26,26/09/2026,129.022,129.011,129.04,129.011,129.031,128.912,128.9,128.929,128.901,128.92,129.012,129.04,129.028,129.011,128.901,128.929,128.917,128.9,Sí,0.111,2026-09-18,18/09/2026,129.59,2,Ajuste aplicado
AH_2026_2027,2026-09-21,2026-09-21 20:33:17.391361,Angamos,9043370,2026-09-21,21/09/2026,1.3,1.3,1.3,1.3,1.3,7.387,7.387,7.387,7.387,7.387,1.3,1.3,1.3,1.3,7.387,7.387,7.387,7.387,Sí,-6.087,2026-09-21,21/09/2026,1.3,0,Offset alto: -6.09 m. Revisar estación.
AH_2026_2027,2026-09-21,2026-09-21 20:33:17.391361,Angamos,9043370,2026-09-22,22/09/2026,1.296,1.295,1.296,1.295,1.296,7.382,7.382,7.383,7.382,7.383,1.296,1.296,1.295,1.295,7.383,7.382,7.382,7.382,Sí,-6.087,2026-09-21,21/09/2026,1.3,0,Offset alto: -6.09 m. Revisar estación.
AH_2026_2027,2026-09-21,2026-09-21 20:33:17.391361,Angamos,9043370,2026-09-23,23/09/2026,1.275,1.275,1.276,1.275,1.275,7.362,7.362,7.363,7.362,7.362,1.276,1.275,1.275,1.275,7.363,7.362,7.362,7.362,Sí,-6.087,2026-09-21,21/09/2026,1.3,0,Offset alto: -6.09 m. Revisar estación.
AH_2026_2027,2026-09-21,2026-09-21 20:33:17.391361,Angamos,9043370,2026-09-24,24/09/2026,1.24,1.234,1.244,1.236,1.244,7.327,7.321,7.331,7.323,7.331,1.244,1.244,1.237,1.234,7.331,7.33,7.324,7.321,Sí,-6.087,2026-09-21,21/09/2026,1.3,0,Offset alto: -6.09 m. Revisar estación.
AH_2026_2027,2026-09-21,2026-09-21 20:33:17.391361,Angamos,9043370,2026-09-25,25/09/2026,1.215,1.21,1.223,1.212,1.216,7.302,7.297,7.31,7.299,7.303,1.214,1.213,1.21,1.223,7.301,7.3,7.297,7.31,Sí,-6.087,2026-09-21,21/09/2026,1.3,0,Offset alto: -6.09 m. Revisar estación.
AH_2026_2027,2026-09-21,2026-09-21 20:33:17.391361,Angamos,9043370,2026-09-26,26/09/2026,1.198,1.186,1.233,1.186,1.198,7.285,7.273,7.32,7.273,7.285,1.186,1.186,1.186,1.233,7.273,7.273,7.273,7.32,Sí,-6.087,2026-09-21,21/09/2026,1.3,0,Offset alto: -6.09 m. Revisar estación.
AH_2026_2027,2026-09-21,2026-09-21 20:33:17.391361,Angamos,9043370,2026-09-27,27/09/2026,1.184,1.131,1.337,1.133,1.186,7.271,7.218,7.424,7.22,7.273,1.131,1.134,1.135,1.337,7.218,7.221,7.222,7.424,Sí,-6.087,2026-09-21,21/09/2026,1.3,0,Offset alto: -6.09 m. Revisar estación.
AH_2026_2027,2026-09-21,2026-09-21 20:33:17.391361,Bellavista,9036028,2026-09-21,21/09/2026,5.2,5.2,5.2,5.2,5.2,4.95,4.95,4.95,4.95,4.95,5.2,5.2,5.2,5.2,4.95,4.95,4.95,4.95,Sí,0.25,2026-09-21,21/09/2026,5.2,0,Ajuste aplicado
AH_2026_2027,2026-09-21,2026-09-21 20:33:17.391361,Bellavista,9036028,2026-09-22,22/09/2026,5.182,5.182,5.182,5.182,5.182,4.932,4.932,4.932,4.932,4.932,5.182,5.182,5.182,5.182,4.932,4.932,4.932,4.932,Sí,0.25,2026-09-21,21/09/2026,5.2,0,Ajuste aplicado
AH_2026_2027,2026-09-21,2026-09-21 20:33:17.391361,Bellavista,9036028,2026-09-23,23/09/2026,5.161,5.161,5.161,5.161,5.161,4.911,4.911,4.911,4.911,4.911,5.161,5.161,5.161,5.161,4.911,4.911,4.911,4.911,Sí,0.25,2026-09-21,21/09/2026,5.2,0,Ajuste aplicado
AH_2026_2027,2026-09-21,2026-09-21 20:33:17.391361,Bellavista,9036028,2026-09-24,24/09/2026,5.132,5.13,5.133,5.132,5.133,4.882,4.88,4.883,4.882,4.883,5.133,5.133,5.13,5.133,4.883,4.883,4.88,4.883,Sí,0.25,2026-09-21,21/09/2026,5.2,0,Ajuste aplicado
AH_2026_2027,2026-09-21,2026-09-21 20:33:17.391361,Bellavista,9036028,2026-09-25,25/09/2026,5.126,5.125,5.126,5.125,5.126,4.876,4.875,4.876,4.876,4.876,5.125,5.126,5.125,5.126,4.876,4.876,4.875,4.876,Sí,0.25,2026-09-21,21/09/2026,5.2,0,Ajuste aplicado
AH_2026_2027,2026-09-21,2026-09-21 20:33:17.391361,Bellavista,9036028,2026-09-26,26/09/2026,5.092,5.091,5.093,5.092,5.093,4.842,4.841,4.843,4.842,4.843,5.092,5.093,5.091,5.093,4.842,4.843,4.841,4.843,Sí,0.25,2026-09-21,21/09/2026,5.2,0,Ajuste aplicado
AH_2026_2027,2026-09-21,2026-09-21 20:33:17.391361,Bellavista,9036028,2026-09-27,27/09/2026,5.082,5.08,5.083,5.081,5.083,4.832,4.83,4.833,4.831,4.833,5.081,5.083,5.08,5.083,4.832,4.833,4.83,4.833,Sí,0.25,2026-09-21,21/09/2026,5.2,0,Ajuste aplicado
AH_2026_2027,2026-09-21,2026-09-21 20:33:17.391361,Borja,9040208,2026-09-21,21/09/2026,5.05,5.049,5.051,5.049,5.051,4.581,4.58,4.582,4.58,4.581,5.051,5.051,5.049,5.049,4.581,4.582,4.58,4.58,Sí,0.469,2026-09-21,21/09/2026,5.05,0,Ajuste aplicado
AH_2026_2027,2026-09-21,2026-09-21 20:33:17.391361,Borja,9040208,2026-09-22,22/09/2026,4.998,4.995,5.004,4.995,5.0,4.529,4.525,4.535,4.526,4.531,4.999,5.004,4.995,4.995,4.53,4.535,4.526,4.525,Sí,0.469,2026-09-21,21/09/2026,5.05,0,Ajuste aplicado
AH_2026_2027,2026-09-21,2026-09-21 20:33:17.391361,Borja,9040208,2026-09-23,23/09/2026,4.913,4.896,4.93,4.905,4.922,4.444,4.427,4.461,4.436,4.453,4.92,4.93,4.908,4.896,4.451,4.461,4.439,4.427,Sí,0.469,2026-09-21,21/09/2026,5.05,0,Ajuste aplicado
AH_2026_2027,2026-09-21,2026-09-21 20:33:17.391361,Borja,9040208,2026-09-24,24/09/2026,4.797,4.765,4.819,4.79,4.808,4.328,4.296,4.35,4.321,4.339,4.805,4.819,4.798,4.765,4.336,4.35,4.329,4.296,Sí,0.469,2026-09-21,21/09/2026,5.05,0,Ajuste aplicado
AH_2026_2027,2026-09-21,2026-09-21 20:33:17.391361,Borja,9040208,2026-09-25,25/09/2026,4.687,4.607,4.732,4.671,4.721,4.218,4.138,4.263,4.202,4.252,4.693,4.732,4.717,4.607,4.224,4.263,4.248,4.138,Sí,0.469,2026-09-21,21/09/2026,5.05,0,Ajuste aplicado
AH_2026_2027,2026-09-21,2026-09-21 20:33:17.391361,Borja,9040208,2026-09-26,26/09/2026,4.577,4.459,4.675,4.519,4.647,4.108,3.989,4.206,4.05,4.177,4.539,4.637,4.675,4.459,4.07,4.168,4.206,3.989,Sí,0.469,2026-09-21,21/09/2026,5.05,0,Ajuste aplicado
AH_2026_2027,2026-09-21,2026-09-21 20:33:17.391361,Borja,9040208,2026-09-27,27/09/2026,4.502,4.389,4.641,4.433,4.557,4.032,3.92,4.171,3.964,4.088,4.448,4.529,4.641,4.389,3.979,4.06,4.171,3.92,Sí,0.469,2026-09-21,21/09/2026,5.05,0,Ajuste aplicado
AH_2026_2027,2026-09-21,2026-09-21 20:33:17.391361,Contamana,9053555,2026-09-21,21/09/2026,6.64,6.64,6.64,6.64,6.64,11.67,11.67,11.67,11.67,11.67,6.64,6.64,6.64,6.64,11.67,11.67,11.67,11.67,Sí,-5.03,2026-09-21,21/09/2026,6.64,0,Offset alto: -5.03 m. Revisar estación.
AH_2026_2027,2026-09-21,2026-09-21 20:33:17.391361,Contamana,9053555,2026-09-22,22/09/2026,6.658,6.658,6.658,6.658,6.658,11.688,11.688,11.688,11.688,11.688,6.658,6.658,6.658,6.658,11.688,11.688,11.688,11.688,Sí,-5.03,2026-09-21,21/09/2026,6.64,0,Offset alto: -5.03 m. Revisar estación.
AH_2026_2027,2026-09-21,2026-09-21 20:33:17.391361,Contamana,9053555,2026-09-23,23/09/2026,6.711,6.711,6.711,6.711,6.711,11.741,11.741,11.741,11.741,11.741,6.711,6.711,6.711,6.711,11.741,11.741,11.741,11.741,Sí,-5.03,2026-09-21,21/09/2026,6.64,0,Offset alto: -5.03 m. Revisar estación.
AH_2026_2027,2026-09-21,2026-09-21 20:33:17.391361,Contamana,9053555,2026-09-24,24/09/2026,6.792,6.792,6.792,6.792,6.792,11.823,11.823,11.823,11.823,11.823,6.792,6.792,6.792,6.792,11.823,11.823,11.823,11.823,Sí,-5.03,2026-09-21,21/09/2026,6.64,0,Offset alto: -5.03 m. Revisar estación.
AH_2026_2027,2026-09-21,2026-09-21 20:33:17.391361,Contamana,9053555,2026-09-25,25/09/2026,6.863,6.863,6.863,6.863,6.863,11.893,11.893,11.893,11.893,11.893,6.863,6.863,6.863,6.863,11.893,11.893,11.893,11.893,Sí,-5.03,2026-09-21,21/09/2026,6.64,0,Offset alto: -5.03 m. Revisar estación.
AH_2026_2027,2026-09-21,2026-09-21 20:33:17.391361,Contamana,9053555,2026-09-26,26/09/2026,6.954,6.951,6.957,6.953,6.955,11.985,11.982,11.987,11.984,11.986,6.957,6.954,6.955,6.951,11.987,11.985,11.985,11.982,Sí,-5.03,2026-09-21,21/09/2026,6.64,0,Offset alto: -5.03 m. Revisar estación.
AH_2026_2027,2026-09-21,2026-09-21 20:33:17.391361,Contamana,9053555,2026-09-27,27/09/2026,7.102,7.102,7.102,7.102,7.102,12.132,12.132,12.132,12.132,12.132,7.102,7.102,7.102,7.102,12.132,12.132,12.132,12.132,Sí,-5.03,2026-09-21,21/09/2026,6.64,0,Offset alto: -5.03 m. Revisar estación.
AH_2026_2027,2026-09-21,2026-09-21 20:33:17.391361,ENAPU,9038134,2026-09-21,21/09/2026,4.82,4.818,4.827,4.818,4.82,108.981,108.979,108.988,108.979,108.981,4.818,4.827,4.818,4.818,108.979,108.988,108.979,108.979,Sí,-104.161,2026-09-21,21/09/2026,4.82,0,Offset alto: -104.16 m. Revisar estación.
AH_2026_2027,2026-09-21,2026-09-21 20:33:17.391361,ENAPU,9038134,2026-09-22,22/09/2026,4.743,4.735,4.765,4.735,4.743,108.904,108.896,108.926,108.896,108.904,4.735,4.765,4.735,4.735,108.896,108.926,108.896,108.896,Sí,-104.161,2026-09-21,21/09/2026,4.82,0,Offset alto: -104.16 m. Revisar estación.
AH_2026_2027,2026-09-21,2026-09-21 20:33:17.391361,ENAPU,9038134,2026-09-23,23/09/2026,4.744,4.469,5.238,4.483,4.895,108.905,108.63,109.399,108.644,109.056,5.238,4.781,4.488,4.469,109.399,108.942,108.649,108.63,Sí,-104.161,2026-09-21,21/09/2026,4.82,0,Offset alto: -104.16 m. Revisar estación.
AH_2026_2027,2026-09-21,2026-09-21 20:33:17.391361,ENAPU,9038134,2026-09-24,24/09/2026,4.826,4.031,6.184,4.041,5.328,108.987,108.192,110.345,108.202,109.489,6.184,5.043,4.045,4.031,110.345,109.204,108.206,108.192,Sí,-104.161,2026-09-21,21/09/2026,4.82,0,Offset alto: -104.16 m. Revisar estación.
AH_2026_2027,2026-09-21,2026-09-21 20:33:17.391361,ENAPU,9038134,2026-09-25,25/09/2026,4.833,3.753,6.554,3.767,5.578,108.994,107.914,110.715,107.928,109.739,6.554,5.253,3.753,3.772,110.715,109.414,107.914,107.933,Sí,-104.161,2026-09-21,21/09/2026,4.82,0,Offset alto: -104.16 m. Revisar estación.
AH_2026_2027,2026-09-21,2026-09-21 20:33:17.391361,ENAPU,9038134,2026-09-26,26/09/2026,4.765,3.529,6.646,3.543,5.665,108.926,107.69,110.807,107.704,109.826,6.646,5.338,3.529,3.547,110.807,109.499,107.69,107.708,Sí,-104.161,2026-09-21,21/09/2026,4.82,0,Offset alto: -104.16 m. Revisar estación.
AH_2026_2027,2026-09-21,2026-09-21 20:33:17.391361,ENAPU,9038134,2026-09-27,27/09/2026,4.65,3.219,6.471,3.487,5.62,108.811,107.379,110.632,107.648,109.781,6.471,5.336,3.219,3.577,110.632,109.497,107.379,107.738,Sí,-104.161,2026-09-21,21/09/2026,4.82,0,Offset alto: -104.16 m. Revisar estación.
AH_2026_2027,2026-09-21,2026-09-21 20:33:17.391361,Flor de Punga,9044756,2026-09-21,21/09/2026,10.957,10.957,10.957,10.957,10.957,10.957,10.957,10.957,10.957,10.957,10.957,10.957,10.957,10.957,10.957,10.957,10.957,10.957,No,,2026-05-14,14/05/2026,22.8,130,Observado muy antiguo para ajuste: 130 días
AH_2026_2027,2026-09-21,2026-09-21 20:33:17.391361,Flor de Punga,9044756,2026-09-22,22/09/2026,9.129,9.129,9.129,9.129,9.129,9.129,9.129,9.129,9.129,9.129,9.129,9.129,9.129,9.129,9.129,9.129,9.129,9.129,No,,2026-05-14,14/05/2026,22.8,130,Observado muy antiguo para ajuste: 130 días
AH_2026_2027,2026-09-21,2026-09-21 20:33:17.391361,Flor de Punga,9044756,2026-09-23,23/09/2026,8.41,8.41,8.41,8.41,8.41,8.41,8.41,8.41,8.41,8.41,8.41,8.41,8.41,8.41,8.41,8.41,8.41,8.41,No,,2026-05-14,14/05/2026,22.8,130,Observado muy antiguo para ajuste: 130 días
AH_2026_2027,2026-09-21,2026-09-21 20:33:17.391361,Flor de Punga,9044756,2026-09-24,24/09/2026,8.092,8.092,8.092,8.092,8.092,8.092,8.092,8.092,8.092,8.092,8.092,8.092,8.092,8.092,8.092,8.092,8.092,8.092,No,,2026-05-14,14/05/2026,22.8,130,Observado muy antiguo para ajuste: 130 días
AH_2026_2027,2026-09-21,2026-09-21 20:33:17.391361,Flor de Punga,9044756,2026-09-25,25/09/2026,7.868,7.867,7.868,7.868,7.868,7.868,7.867,7.868,7.868,7.868,7.868,7.868,7.868,7.867,7.868,7.868,7.868,7.867,No,,2026-05-14,14/05/2026,22.8,130,Observado muy antiguo para ajuste: 130 días
AH_2026_2027,2026-09-21,2026-09-21 20:33:17.391361,Flor de Punga,9044756,2026-09-26,26/09/2026,7.729,7.728,7.729,7.729,7.729,7.729,7.728,7.729,7.729,7.729,7.729,7.729,7.729,7.728,7.729,7.729,7.729,7.728,No,,2026-05-14,14/05/2026,22.8,130,Observado muy antiguo para ajuste: 130 días
AH_2026_2027,2026-09-21,2026-09-21 20:33:17.391361,Flor de Punga,9044756,2026-09-27,27/09/2026,7.699,7.699,7.7,7.699,7.699,7.699,7.699,7.7,7.699,7.699,7.699,7.699,7.7,7.699,7.699,7.699,7.7,7.699,No,,2026-05-14,14/05/2026,22.8,130,Observado muy antiguo para ajuste: 130 días
AH_2026_2027,2026-09-21,2026-09-21 20:33:17.391361,Genaro Herrera,9042214,2026-09-21,21/09/2026,7.67,7.67,7.67,7.67,7.67,8.115,8.115,8.115,8.115,8.115,7.67,7.67,7.67,7.67,8.115,8.115,8.115,8.115,Sí,-0.445,2026-09-21,21/09/2026,7.67,0,Ajuste aplicado
AH_2026_2027,2026-09-21,2026-09-21 20:33:17.391361,Genaro Herrera,9042214,2026-09-22,22/09/2026,7.447,7.447,7.447,7.447,7.447,7.892,7.892,7.892,7.892,7.892,7.447,7.447,7.447,7.447,7.892,7.892,7.892,7.892,Sí,-0.445,2026-09-21,21/09/2026,7.67,0,Ajuste aplicado
AH_2026_2027,2026-09-21,2026-09-21 20:33:17.391361,Genaro Herrera,9042214,2026-09-23,23/09/2026,7.224,7.224,7.224,7.224,7.224,7.669,7.669,7.669,7.669,7.669,7.224,7.224,7.224,7.224,7.669,7.669,7.669,7.669,Sí,-0.445,2026-09-21,21/09/2026,7.67,0,Ajuste aplicado
AH_2026_2027,2026-09-21,2026-09-21 20:33:17.391361,Genaro Herrera,9042214,2026-09-24,24/09/2026,7.091,7.091,7.091,7.091,7.091,7.535,7.535,7.536,7.535,7.535,7.091,7.091,7.091,7.091,7.535,7.535,7.535,7.536,Sí,-0.445,2026-09-21,21/09/2026,7.67,0,Ajuste aplicado
AH_2026_2027,2026-09-21,2026-09-21 20:33:17.391361,Genaro Herrera,9042214,2026-09-25,25/09/2026,6.785,6.785,6.785,6.785,6.785,7.23,7.23,7.23,7.23,7.23,6.785,6.785,6.785,6.785,7.23,7.23,7.23,7.23,Sí,-0.445,2026-09-21,21/09/2026,7.67,0,Ajuste aplicado
AH_2026_2027,2026-09-21,2026-09-21 20:33:17.391361,Genaro Herrera,9042214,2026-09-26,26/09/2026,6.21,6.21,6.21,6.21,6.21,6.655,6.655,6.655,6.655,6.655,6.21,6.21,6.21,6.21,6.655,6.655,6.655,6.655,Sí,-0.445,2026-09-21,21/09/2026,7.67,0,Ajuste aplicado
AH_2026_2027,2026-09-21,2026-09-21 20:33:17.391361,Genaro Herrera,9042214,2026-09-27,27/09/2026,6.058,6.057,6.058,6.057,6.058,6.503,6.502,6.503,6.502,6.503,6.057,6.058,6.058,6.058,6.502,6.502,6.503,6.503,Sí,-0.445,2026-09-21,21/09/2026,7.67,0,Ajuste aplicado
AH_2026_2027,2026-09-21,2026-09-21 20:33:17.391361,Lagunas,9043597,2026-09-21,21/09/2026,5.22,5.22,5.22,5.22,5.22,4.74,4.74,4.74,4.74,4.74,5.22,5.22,5.22,5.22,4.74,4.74,4.74,4.74,Sí,0.48,2026-09-21,21/09/2026,5.22,0,Ajuste aplicado
AH_2026_2027,2026-09-21,2026-09-21 20:33:17.391361,Lagunas,9043597,2026-09-22,22/09/2026,5.695,5.695,5.695,5.695,5.695,5.215,5.215,5.215,5.215,5.215,5.695,5.695,5.695,5.695,5.215,5.215,5.215,5.215,Sí,0.48,2026-09-21,21/09/2026,5.22,0,Ajuste aplicado
AH_2026_2027,2026-09-21,2026-09-21 20:33:17.391361,Lagunas,9043597,2026-09-23,23/09/2026,5.96,5.96,5.96,5.96,5.96,5.48,5.48,5.48,5.48,5.48,5.96,5.96,5.96,5.96,5.48,5.48,5.48,5.48,Sí,0.48,2026-09-21,21/09/2026,5.22,0,Ajuste aplicado
AH_2026_2027,2026-09-21,2026-09-21 20:33:17.391361,Lagunas,9043597,2026-09-24,24/09/2026,6.097,6.097,6.097,6.097,6.097,5.618,5.618,5.618,5.618,5.618,6.097,6.097,6.097,6.097,5.618,5.618,5.618,5.618,Sí,0.48,2026-09-21,21/09/2026,5.22,0,Ajuste aplicado
AH_2026_2027,2026-09-21,2026-09-21 20:33:17.391361,Lagunas,9043597,2026-09-25,25/09/2026,6.136,6.136,6.136,6.136,6.136,5.656,5.656,5.656,5.656,5.656,6.136,6.136,6.136,6.136,5.656,5.656,5.656,5.656,Sí,0.48,2026-09-21,21/09/2026,5.22,0,Ajuste aplicado
AH_2026_2027,2026-09-21,2026-09-21 20:33:17.391361,Lagunas,9043597,2026-09-26,26/09/2026,6.052,6.049,6.055,6.052,6.054,5.573,5.569,5.575,5.572,5.574,6.053,6.055,6.052,6.049,5.574,5.575,5.573,5.569,Sí,0.48,2026-09-21,21/09/2026,5.22,0,Ajuste aplicado
AH_2026_2027,2026-09-21,2026-09-21 20:33:17.391361,Lagunas,9043597,2026-09-27,27/09/2026,5.972,5.971,5.974,5.972,5.973,5.492,5.491,5.494,5.492,5.493,5.973,5.974,5.972,5.971,5.493,5.494,5.492,5.491,Sí,0.48,2026-09-21,21/09/2026,5.22,0,Ajuste aplicado
AH_2026_2027,2026-09-21,2026-09-21 20:33:17.391361,Nauta,9040454,2026-09-21,21/09/2026,5.88,5.88,5.88,5.88,5.88,4.838,4.838,4.838,4.838,4.838,5.88,5.88,5.88,5.88,4.838,4.838,4.838,4.838,Sí,1.042,2026-09-21,21/09/2026,5.88,0,Ajuste aplicado
AH_2026_2027,2026-09-21,2026-09-21 20:33:17.391361,Nauta,9040454,2026-09-22,22/09/2026,5.843,5.843,5.843,5.843,5.843,4.801,4.801,4.801,4.801,4.801,5.843,5.843,5.843,5.843,4.801,4.801,4.801,4.801,Sí,1.042,2026-09-21,21/09/2026,5.88,0,Ajuste aplicado
AH_2026_2027,2026-09-21,2026-09-21 20:33:17.391361,Nauta,9040454,2026-09-23,23/09/2026,5.781,5.781,5.781,5.781,5.781,4.739,4.739,4.739,4.739,4.739,5.781,5.781,5.781,5.781,4.739,4.739,4.739,4.739,Sí,1.042,2026-09-21,21/09/2026,5.88,0,Ajuste aplicado
AH_2026_2027,2026-09-21,2026-09-21 20:33:17.391361,Nauta,9040454,2026-09-24,24/09/2026,5.729,5.729,5.731,5.729,5.729,4.688,4.687,4.689,4.687,4.688,5.729,5.729,5.729,5.731,4.687,4.687,4.687,4.689,Sí,1.042,2026-09-21,21/09/2026,5.88,0,Ajuste aplicado
AH_2026_2027,2026-09-21,2026-09-21 20:33:17.391361,Nauta,9040454,2026-09-25,25/09/2026,5.675,5.673,5.68,5.674,5.676,4.634,4.631,4.638,4.632,4.634,5.674,5.674,5.673,5.68,4.633,4.632,4.631,4.638,Sí,1.042,2026-09-21,21/09/2026,5.88,0,Ajuste aplicado
AH_2026_2027,2026-09-21,2026-09-21 20:33:17.391361,Nauta,9040454,2026-09-26,26/09/2026,5.731,5.729,5.733,5.73,5.732,4.69,4.688,4.692,4.689,4.69,5.732,5.731,5.729,5.733,4.69,4.689,4.688,4.692,Sí,1.042,2026-09-21,21/09/2026,5.88,0,Ajuste aplicado
AH_2026_2027,2026-09-21,2026-09-21 20:33:17.391361,Nauta,9040454,2026-09-27,27/09/2026,5.806,5.806,5.806,5.806,5.806,4.764,4.764,4.764,4.764,4.764,5.806,5.806,5.806,5.806,4.764,4.764,4.764,4.764,Sí,1.042,2026-09-21,21/09/2026,5.88,0,Ajuste aplicado
AH_2026_2027,2026-09-21,2026-09-21 20:33:17.391361,Puerto Alegria,9038835,2026-09-21,21/09/2026,10.01,10.01,10.01,10.01,10.01,9.878,9.878,9.878,9.878,9.878,10.01,10.01,10.01,10.01,9.878,9.878,9.878,9.878,Sí,0.132,2026-09-21,21/09/2026,10.01,0,Ajuste aplicado
AH_2026_2027,2026-09-21,2026-09-21 20:33:17.391361,Puerto Alegria,9038835,2026-09-22,22/09/2026,9.937,9.936,9.938,9.936,9.937,9.805,9.804,9.806,9.804,9.805,9.937,9.938,9.936,9.936,9.805,9.806,9.804,9.804,Sí,0.132,2026-09-21,21/09/2026,10.01,0,Ajuste aplicado
AH_2026_2027,2026-09-21,2026-09-21 20:33:17.391361,Puerto Alegria,9038835,2026-09-23,23/09/2026,9.921,9.92,9.923,9.92,9.922,9.789,9.788,9.791,9.788,9.79,9.922,9.923,9.92,9.92,9.79,9.791,9.788,9.788,Sí,0.132,2026-09-21,21/09/2026,10.01,0,Ajuste aplicado
AH_2026_2027,2026-09-21,2026-09-21 20:33:17.391361,Puerto Alegria,9038835,2026-09-24,24/09/2026,9.943,9.94,9.948,9.94,9.946,9.811,9.808,9.816,9.808,9.814,9.945,9.948,9.94,9.94,9.813,9.816,9.808,9.808,Sí,0.132,2026-09-21,21/09/2026,10.01,0,Ajuste aplicado
AH_2026_2027,2026-09-21,2026-09-21 20:33:17.391361,Puerto Alegria,9038835,2026-09-25,25/09/2026,10.007,10.004,10.011,10.005,10.009,9.875,9.872,9.879,9.873,9.877,10.008,10.011,10.004,10.005,9.876,9.879,9.872,9.873,Sí,0.132,2026-09-21,21/09/2026,10.01,0,Ajuste aplicado
AH_2026_2027,2026-09-21,2026-09-21 20:33:17.391361,Puerto Alegria,9038835,2026-09-26,26/09/2026,10.011,10.005,10.023,10.006,10.013,9.879,9.873,9.891,9.874,9.881,10.01,10.023,10.005,10.007,9.878,9.891,9.873,9.875,Sí,0.132,2026-09-21,21/09/2026,10.01,0,Ajuste aplicado
AH_2026_2027,2026-09-21,2026-09-21 20:33:17.391361,Puerto Alegria,9038835,2026-09-27,27/09/2026,9.941,9.931,9.955,9.936,9.944,9.809,9.799,9.823,9.804,9.812,9.94,9.955,9.931,9.937,9.808,9.823,9.799,9.805,Sí,0.132,2026-09-21,21/09/2026,10.01,0,Ajuste aplicado
AH_2026_2027,2026-09-21,2026-09-21 20:33:17.391361,Puerto Almendra,9037610,2026-09-21,21/09/2026,3.78,3.78,3.78,3.78,3.78,3.967,3.967,3.967,3.967,3.967,3.78,3.78,3.78,3.78,3.967,3.967,3.967,3.967,Sí,-0.187,2026-09-21,21/09/2026,3.78,0,Ajuste aplicado
AH_2026_2027,2026-09-21,2026-09-21 20:33:17.391361,Puerto Almendra,9037610,2026-09-22,22/09/2026,3.781,3.781,3.783,3.781,3.782,3.968,3.967,3.969,3.967,3.969,3.782,3.783,3.781,3.781,3.968,3.969,3.967,3.967,Sí,-0.187,2026-09-21,21/09/2026,3.78,0,Ajuste aplicado
AH_2026_2027,2026-09-21,2026-09-21 20:33:17.391361,Puerto Almendra,9037610,2026-09-23,23/09/2026,3.48,3.463,3.499,3.463,3.496,3.667,3.65,3.686,3.65,3.683,3.495,3.499,3.463,3.463,3.682,3.686,3.65,3.65,Sí,-0.187,2026-09-21,21/09/2026,3.78,0,Ajuste aplicado
AH_2026_2027,2026-09-21,2026-09-21 20:33:17.391361,Puerto Almendra,9037610,2026-09-24,24/09/2026,3.114,3.059,3.167,3.061,3.167,3.3,3.245,3.354,3.248,3.353,3.166,3.167,3.062,3.059,3.353,3.354,3.249,3.245,Sí,-0.187,2026-09-21,21/09/2026,3.78,0,Ajuste aplicado
AH_2026_2027,2026-09-21,2026-09-21 20:33:17.391361,Puerto Almendra,9037610,2026-09-25,25/09/2026,2.697,2.63,2.766,2.631,2.762,2.884,2.817,2.953,2.818,2.949,2.761,2.766,2.63,2.632,2.948,2.953,2.817,2.819,Sí,-0.187,2026-09-21,21/09/2026,3.78,0,Ajuste aplicado
AH_2026_2027,2026-09-21,2026-09-21 20:33:17.391361,Puerto Almendra,9037610,2026-09-26,26/09/2026,2.379,2.186,2.535,2.279,2.498,2.566,2.373,2.722,2.466,2.685,2.486,2.535,2.186,2.31,2.673,2.722,2.373,2.497,Sí,-0.187,2026-09-21,21/09/2026,3.78,0,Ajuste aplicado
AH_2026_2027,2026-09-21,2026-09-21 20:33:17.391361,Puerto Almendra,9037610,2026-09-27,27/09/2026,2.109,1.591,2.484,1.984,2.307,2.296,1.777,2.67,2.171,2.493,2.248,2.484,1.591,2.115,2.434,2.67,1.777,2.302,Sí,-0.187,2026-09-21,21/09/2026,3.78,0,Ajuste aplicado
AH_2026_2027,2026-09-21,2026-09-21 20:33:17.391361,Requena,9043425,2026-09-21,21/09/2026,5.84,5.84,5.84,5.84,5.84,5.183,5.183,5.183,5.183,5.183,5.84,5.84,5.84,5.84,5.183,5.183,5.183,5.183,Sí,0.657,2026-09-21,21/09/2026,5.84,0,Ajuste aplicado
AH_2026_2027,2026-09-21,2026-09-21 20:33:17.391361,Requena,9043425,2026-09-22,22/09/2026,5.83,5.83,5.83,5.83,5.83,5.173,5.173,5.173,5.173,5.173,5.83,5.83,5.83,5.83,5.173,5.173,5.173,5.173,Sí,0.657,2026-09-21,21/09/2026,5.84,0,Ajuste aplicado
AH_2026_2027,2026-09-21,2026-09-21 20:33:17.391361,Requena,9043425,2026-09-23,23/09/2026,5.824,5.824,5.824,5.824,5.824,5.167,5.166,5.167,5.166,5.167,5.824,5.824,5.824,5.824,5.167,5.167,5.167,5.166,Sí,0.657,2026-09-21,21/09/2026,5.84,0,Ajuste aplicado
AH_2026_2027,2026-09-21,2026-09-21 20:33:17.391361,Requena,9043425,2026-09-24,24/09/2026,5.818,5.818,5.818,5.818,5.818,5.16,5.16,5.16,5.16,5.16,5.818,5.818,5.818,5.818,5.16,5.16,5.16,5.16,Sí,0.657,2026-09-21,21/09/2026,5.84,0,Ajuste aplicado
AH_2026_2027,2026-09-21,2026-09-21 20:33:17.391361,Requena,9043425,2026-09-25,25/09/2026,5.815,5.815,5.815,5.815,5.815,5.157,5.157,5.157,5.157,5.157,5.815,5.815,5.815,5.815,5.157,5.157,5.157,5.157,Sí,0.657,2026-09-21,21/09/2026,5.84,0,Ajuste aplicado
AH_2026_2027,2026-09-21,2026-09-21 20:33:17.391361,Requena,9043425,2026-09-26,26/09/2026,5.812,5.812,5.812,5.812,5.812,5.154,5.154,5.154,5.154,5.154,5.812,5.812,5.812,5.812,5.154,5.154,5.154,5.154,Sí,0.657,2026-09-21,21/09/2026,5.84,0,Ajuste aplicado
AH_2026_2027,2026-09-21,2026-09-21 20:33:17.391361,Requena,9043425,2026-09-27,27/09/2026,5.807,5.807,5.807,5.807,5.807,5.149,5.149,5.149,5.149,5.149,5.807,5.807,5.807,5.807,5.149,5.149,5.149,5.149,Sí,0.657,2026-09-21,21/09/2026,5.84,0,Ajuste aplicado
AH_2026_2027,2026-09-21,2026-09-21 20:33:17.391361,San Lorenzo,9042153,2026-09-21,21/09/2026,9.657,9.657,9.657,9.657,9.657,9.657,9.657,9.657,9.657,9.657,9.657,9.657,9.657,9.657,9.657,9.657,9.657,9.657,No,,2025-09-30,30/09/2025,7.19,356,Observado muy antiguo para ajuste: 356 días
AH_2026_2027,2026-09-21,2026-09-21 20:33:17.391361,San Lorenzo,9042153,2026-09-22,22/09/2026,9.704,9.704,9.704,9.704,9.704,9.704,9.704,9.704,9.704,9.704,9.704,9.704,9.704,9.704,9.704,9.704,9.704,9.704,No,,2025-09-30,30/09/2025,7.19,356,Observado muy antiguo para ajuste: 356 días
AH_2026_2027,2026-09-21,2026-09-21 20:33:17.391361,San Lorenzo,9042153,2026-09-23,23/09/2026,9.733,9.733,9.733,9.733,9.733,9.733,9.733,9.733,9.733,9.733,9.733,9.733,9.733,9.733,9.733,9.733,9.733,9.733,No,,2025-09-30,30/09/2025,7.19,356,Observado muy antiguo para ajuste: 356 días
AH_2026_2027,2026-09-21,2026-09-21 20:33:17.391361,San Lorenzo,9042153,2026-09-24,24/09/2026,9.731,9.73,9.732,9.73,9.732,9.731,9.73,9.732,9.73,9.732,9.732,9.732,9.73,9.73,9.732,9.732,9.73,9.73,No,,2025-09-30,30/09/2025,7.19,356,Observado muy antiguo para ajuste: 356 días
AH_2026_2027,2026-09-21,2026-09-21 20:33:17.391361,San Lorenzo,9042153,2026-09-25,25/09/2026,9.666,9.661,9.674,9.663,9.669,9.666,9.661,9.674,9.663,9.669,9.667,9.674,9.664,9.661,9.667,9.674,9.664,9.661,No,,2025-09-30,30/09/2025,7.19,356,Observado muy antiguo para ajuste: 356 días
AH_2026_2027,2026-09-21,2026-09-21 20:33:17.391361,San Lorenzo,9042153,2026-09-26,26/09/2026,9.624,9.613,9.641,9.617,9.629,9.624,9.613,9.641,9.617,9.629,9.626,9.641,9.618,9.613,9.626,9.641,9.618,9.613,No,,2025-09-30,30/09/2025,7.19,356,Observado muy antiguo para ajuste: 356 días
AH_2026_2027,2026-09-21,2026-09-21 20:33:17.391361,San Lorenzo,9042153,2026-09-27,27/09/2026,9.563,9.548,9.577,9.559,9.567,9.563,9.548,9.577,9.559,9.567,9.563,9.577,9.564,9.548,9.563,9.577,9.564,9.548,No,,2025-09-30,30/09/2025,7.19,356,Observado muy antiguo para ajuste: 356 días
AH_2026_2027,2026-09-21,2026-09-21 20:33:17.391361,San Regis,9040439,2026-09-21,21/09/2026,5.91,5.91,5.91,5.91,5.91,5.146,5.146,5.146,5.146,5.146,5.91,5.91,5.91,5.91,5.146,5.146,5.146,5.146,Sí,0.764,2026-09-21,21/09/2026,5.91,0,Ajuste aplicado
AH_2026_2027,2026-09-21,2026-09-21 20:33:17.391361,San Regis,9040439,2026-09-22,22/09/2026,5.881,5.881,5.881,5.881,5.881,5.116,5.116,5.116,5.116,5.116,5.881,5.881,5.881,5.881,5.116,5.116,5.116,5.116,Sí,0.764,2026-09-21,21/09/2026,5.91,0,Ajuste aplicado
AH_2026_2027,2026-09-21,2026-09-21 20:33:17.391361,San Regis,9040439,2026-09-23,23/09/2026,5.832,5.832,5.832,5.832,5.832,5.068,5.068,5.068,5.068,5.068,5.832,5.832,5.832,5.832,5.068,5.068,5.068,5.068,Sí,0.764,2026-09-21,21/09/2026,5.91,0,Ajuste aplicado
AH_2026_2027,2026-09-21,2026-09-21 20:33:17.391361,San Regis,9040439,2026-09-24,24/09/2026,5.808,5.808,5.808,5.808,5.808,5.044,5.044,5.044,5.044,5.044,5.808,5.808,5.808,5.808,5.044,5.044,5.044,5.044,Sí,0.764,2026-09-21,21/09/2026,5.91,0,Ajuste aplicado
AH_2026_2027,2026-09-21,2026-09-21 20:33:17.391361,San Regis,9040439,2026-09-25,25/09/2026,5.83,5.83,5.83,5.83,5.83,5.066,5.066,5.066,5.066,5.066,5.83,5.83,5.83,5.83,5.066,5.066,5.066,5.066,Sí,0.764,2026-09-21,21/09/2026,5.91,0,Ajuste aplicado
AH_2026_2027,2026-09-21,2026-09-21 20:33:17.391361,San Regis,9040439,2026-09-26,26/09/2026,5.885,5.885,5.885,5.885,5.885,5.121,5.121,5.121,5.121,5.121,5.885,5.885,5.885,5.885,5.121,5.121,5.121,5.121,Sí,0.764,2026-09-21,21/09/2026,5.91,0,Ajuste aplicado
AH_2026_2027,2026-09-21,2026-09-21 20:33:17.391361,San Regis,9040439,2026-09-27,27/09/2026,5.985,5.985,5.985,5.985,5.985,5.221,5.221,5.221,5.221,5.221,5.985,5.985,5.985,5.985,5.221,5.221,5.221,5.221,Sí,0.764,2026-09-21,21/09/2026,5.91,0,Ajuste aplicado
AH_2026_2027,2026-09-21,2026-09-21 20:33:17.391361,Santa Clotilde,9032282,2026-09-21,21/09/2026,7.75,7.75,7.75,7.75,7.75,6.467,6.467,6.467,6.467,6.467,7.75,7.75,7.75,7.75,6.467,6.467,6.467,6.467,Sí,1.283,2026-09-21,21/09/2026,7.75,0,Ajuste aplicado
AH_2026_2027,2026-09-21,2026-09-21 20:33:17.391361,Santa Clotilde,9032282,2026-09-22,22/09/2026,7.727,7.727,7.727,7.727,7.727,6.444,6.444,6.444,6.444,6.444,7.727,7.727,7.727,7.727,6.444,6.444,6.444,6.444,Sí,1.283,2026-09-21,21/09/2026,7.75,0,Ajuste aplicado
AH_2026_2027,2026-09-21,2026-09-21 20:33:17.391361,Santa Clotilde,9032282,2026-09-23,23/09/2026,7.678,7.677,7.678,7.677,7.678,6.394,6.394,6.395,6.394,6.395,7.678,7.678,7.677,7.677,6.395,6.395,6.394,6.394,Sí,1.283,2026-09-21,21/09/2026,7.75,0,Ajuste aplicado
AH_2026_2027,2026-09-21,2026-09-21 20:33:17.391361,Santa Clotilde,9032282,2026-09-24,24/09/2026,7.671,7.671,7.672,7.671,7.672,6.388,6.388,6.389,6.388,6.389,7.672,7.672,7.671,7.671,6.389,6.389,6.388,6.388,Sí,1.283,2026-09-21,21/09/2026,7.75,0,Ajuste aplicado
AH_2026_2027,2026-09-21,2026-09-21 20:33:17.391361,Santa Clotilde,9032282,2026-09-25,25/09/2026,7.662,7.66,7.664,7.66,7.663,6.379,6.377,6.38,6.377,6.38,7.663,7.664,7.66,7.66,6.38,6.38,6.377,6.377,Sí,1.283,2026-09-21,21/09/2026,7.75,0,Ajuste aplicado
AH_2026_2027,2026-09-21,2026-09-21 20:33:17.391361,Santa Clotilde,9032282,2026-09-26,26/09/2026,7.664,7.66,7.668,7.661,7.667,6.381,6.377,6.385,6.378,6.384,7.667,7.668,7.661,7.66,6.384,6.385,6.378,6.377,Sí,1.283,2026-09-21,21/09/2026,7.75,0,Ajuste aplicado
AH_2026_2027,2026-09-21,2026-09-21 20:33:17.391361,Santa Clotilde,9032282,2026-09-27,27/09/2026,7.662,7.658,7.667,7.659,7.665,6.379,6.375,6.384,6.376,6.382,7.664,7.667,7.659,7.658,6.381,6.384,6.376,6.375,Sí,1.283,2026-09-21,21/09/2026,7.75,0,Ajuste aplicado
AH_2026_2027,2026-09-21,2026-09-21 20:33:17.391361,Santa María de Nanay,9037738,2026-09-21,21/09/2026,5.08,5.078,5.084,5.078,5.081,4.919,4.917,4.924,4.917,4.921,5.08,5.084,5.078,5.078,4.919,4.924,4.917,4.917,Sí,0.161,2026-09-21,21/09/2026,5.08,0,Ajuste aplicado
AH_2026_2027,2026-09-21,2026-09-21 20:33:17.391361,Santa María de Nanay,9037738,2026-09-22,22/09/2026,4.933,4.92,4.954,4.92,4.942,4.772,4.759,4.793,4.759,4.781,4.938,4.954,4.92,4.92,4.777,4.793,4.759,4.759,Sí,0.161,2026-09-21,21/09/2026,5.08,0,Ajuste aplicado
AH_2026_2027,2026-09-21,2026-09-21 20:33:17.391361,Santa María de Nanay,9037738,2026-09-23,23/09/2026,4.513,4.434,4.607,4.451,4.569,4.353,4.273,4.446,4.29,4.408,4.556,4.607,4.456,4.434,4.395,4.446,4.296,4.273,Sí,0.161,2026-09-21,21/09/2026,5.08,0,Ajuste aplicado
AH_2026_2027,2026-09-21,2026-09-21 20:33:17.391361,Santa María de Nanay,9037738,2026-09-24,24/09/2026,4.17,4.043,4.27,4.113,4.239,4.009,3.883,4.11,3.953,4.078,4.228,4.27,4.043,4.136,4.067,4.11,3.883,3.976,Sí,0.161,2026-09-21,21/09/2026,5.08,0,Ajuste aplicado
AH_2026_2027,2026-09-21,2026-09-21 20:33:17.391361,Santa María de Nanay,9037738,2026-09-25,25/09/2026,3.637,3.09,4.124,3.457,3.847,3.477,2.93,3.963,3.297,3.687,3.755,4.124,3.09,3.58,3.595,3.963,2.93,3.419,Sí,0.161,2026-09-21,21/09/2026,5.08,0,Ajuste aplicado
AH_2026_2027,2026-09-21,2026-09-21 20:33:17.391361,Santa María de Nanay,9037738,2026-09-26,26/09/2026,3.404,2.625,4.199,3.07,3.729,3.243,2.464,4.038,2.909,3.568,3.573,4.199,2.625,3.218,3.412,4.038,2.464,3.058,Sí,0.161,2026-09-21,21/09/2026,5.08,0,Ajuste aplicado
AH_2026_2027,2026-09-21,2026-09-21 20:33:17.391361,Santa María de Nanay,9037738,2026-09-27,27/09/2026,3.477,2.747,4.333,3.133,3.757,3.316,2.586,4.172,2.972,3.597,3.565,4.333,2.747,3.262,3.405,4.172,2.586,3.101,Sí,0.161,2026-09-21,21/09/2026,5.08,0,Ajuste aplicado
AH_2026_2027,2026-09-21,2026-09-21 20:33:17.391361,Santa Rosa,9039635,2026-09-21,21/09/2026,3.13,3.13,3.13,3.13,3.13,3.217,3.217,3.217,3.217,3.217,3.13,3.13,3.13,3.13,3.217,3.217,3.217,3.217,Sí,-0.087,2026-09-21,21/09/2026,3.13,0,Ajuste aplicado
AH_2026_2027,2026-09-21,2026-09-21 20:33:17.391361,Santa Rosa,9039635,2026-09-22,22/09/2026,3.089,3.089,3.089,3.089,3.089,3.176,3.176,3.176,3.176,3.176,3.089,3.089,3.089,3.089,3.176,3.176,3.176,3.176,Sí,-0.087,2026-09-21,21/09/2026,3.13,0,Ajuste aplicado
AH_2026_2027,2026-09-21,2026-09-21 20:33:17.391361,Santa Rosa,9039635,2026-09-23,23/09/2026,3.055,3.053,3.059,3.053,3.055,3.141,3.14,3.145,3.14,3.141,3.053,3.059,3.053,3.053,3.14,3.145,3.14,3.14,Sí,-0.087,2026-09-21,21/09/2026,3.13,0,Ajuste aplicado
AH_2026_2027,2026-09-21,2026-09-21 20:33:17.391361,Santa Rosa,9039635,2026-09-24,24/09/2026,3.063,3.059,3.069,3.059,3.068,3.15,3.145,3.155,3.145,3.155,3.068,3.069,3.059,3.059,3.155,3.155,3.145,3.145,Sí,-0.087,2026-09-21,21/09/2026,3.13,0,Ajuste aplicado
AH_2026_2027,2026-09-21,2026-09-21 20:33:17.391361,Santa Rosa,9039635,2026-09-25,25/09/2026,3.094,3.089,3.1,3.09,3.096,3.18,3.176,3.187,3.177,3.183,3.094,3.1,3.089,3.09,3.181,3.187,3.176,3.177,Sí,-0.087,2026-09-21,21/09/2026,3.13,0,Ajuste aplicado
AH_2026_2027,2026-09-21,2026-09-21 20:33:17.391361,Santa Rosa,9039635,2026-09-26,26/09/2026,3.107,3.103,3.11,3.105,3.108,3.193,3.19,3.196,3.192,3.195,3.108,3.11,3.103,3.106,3.195,3.196,3.19,3.193,Sí,-0.087,2026-09-21,21/09/2026,3.13,0,Ajuste aplicado
AH_2026_2027,2026-09-21,2026-09-21 20:33:17.391361,Santa Rosa,9039635,2026-09-27,27/09/2026,3.093,3.089,3.1,3.089,3.095,3.18,3.175,3.187,3.176,3.182,3.093,3.1,3.089,3.089,3.18,3.187,3.175,3.176,Sí,-0.087,2026-09-21,21/09/2026,3.13,0,Ajuste aplicado
AH_2026_2027,2026-09-21,2026-09-21 20:33:17.391361,Tamshiyacu,9038269,2026-09-21,21/09/2026,2.6,2.6,2.6,2.6,2.6,2.16,2.16,2.16,2.16,2.16,2.6,2.6,2.6,2.6,2.16,2.16,2.16,2.16,Sí,0.44,2026-09-21,21/09/2026,2.6,0,Ajuste aplicado
AH_2026_2027,2026-09-21,2026-09-21 20:33:17.391361,Tamshiyacu,9038269,2026-09-22,22/09/2026,2.574,2.574,2.574,2.574,2.574,2.134,2.134,2.134,2.134,2.134,2.574,2.574,2.574,2.574,2.134,2.134,2.134,2.134,Sí,0.44,2026-09-21,21/09/2026,2.6,0,Ajuste aplicado
AH_2026_2027,2026-09-21,2026-09-21 20:33:17.391361,Tamshiyacu,9038269,2026-09-23,23/09/2026,2.528,2.528,2.528,2.528,2.528,2.088,2.087,2.088,2.087,2.088,2.528,2.528,2.528,2.528,2.088,2.088,2.087,2.087,Sí,0.44,2026-09-21,21/09/2026,2.6,0,Ajuste aplicado
AH_2026_2027,2026-09-21,2026-09-21 20:33:17.391361,Tamshiyacu,9038269,2026-09-24,24/09/2026,2.479,2.478,2.479,2.478,2.479,2.038,2.038,2.039,2.038,2.038,2.479,2.479,2.478,2.478,2.038,2.039,2.038,2.038,Sí,0.44,2026-09-21,21/09/2026,2.6,0,Ajuste aplicado
AH_2026_2027,2026-09-21,2026-09-21 20:33:17.391361,Tamshiyacu,9038269,2026-09-25,25/09/2026,2.435,2.431,2.44,2.434,2.437,1.995,1.991,2.0,1.993,1.996,2.434,2.435,2.431,2.44,1.994,1.995,1.991,2.0,Sí,0.44,2026-09-21,21/09/2026,2.6,0,Ajuste aplicado
AH_2026_2027,2026-09-21,2026-09-21 20:33:17.391361,Tamshiyacu,9038269,2026-09-26,26/09/2026,2.404,2.403,2.408,2.403,2.404,1.964,1.962,1.967,1.962,1.964,2.403,2.403,2.403,2.408,1.962,1.963,1.962,1.967,Sí,0.44,2026-09-21,21/09/2026,2.6,0,Ajuste aplicado
AH_2026_2027,2026-09-21,2026-09-21 20:33:17.391361,Tamshiyacu,9038269,2026-09-27,27/09/2026,2.371,2.371,2.372,2.371,2.371,1.931,1.93,1.931,1.931,1.931,2.371,2.371,2.371,2.372,1.931,1.931,1.93,1.931,Sí,0.44,2026-09-21,21/09/2026,2.6,0,Ajuste aplicado
AH_2026_2027,2026-09-21,2026-09-21 20:33:17.391361,Timicurillo,9036459,2026-09-21,21/09/2026,6.093,6.093,6.093,6.093,6.093,6.093,6.093,6.093,6.093,6.093,6.093,6.093,6.093,6.093,6.093,6.093,6.093,6.093,No,,2026-09-13,13/09/2026,6.27,8,Observado muy antiguo para ajuste: 8 días
AH_2026_2027,2026-09-21,2026-09-21 20:33:17.391361,Timicurillo,9036459,2026-09-22,22/09/2026,5.864,5.864,5.864,5.864,5.864,5.864,5.864,5.864,5.864,5.864,5.864,5.864,5.864,5.864,5.864,5.864,5.864,5.864,No,,2026-09-13,13/09/2026,6.27,8,Observado muy antiguo para ajuste: 8 días
AH_2026_2027,2026-09-21,2026-09-21 20:33:17.391361,Timicurillo,9036459,2026-09-23,23/09/2026,5.804,5.804,5.804,5.804,5.804,5.804,5.804,5.804,5.804,5.804,5.804,5.804,5.804,5.804,5.804,5.804,5.804,5.804,No,,2026-09-13,13/09/2026,6.27,8,Observado muy antiguo para ajuste: 8 días
AH_2026_2027,2026-09-21,2026-09-21 20:33:17.391361,Timicurillo,9036459,2026-09-24,24/09/2026,5.435,5.429,5.441,5.43,5.44,5.435,5.429,5.441,5.43,5.44,5.441,5.439,5.43,5.429,5.441,5.439,5.43,5.429,No,,2026-09-13,13/09/2026,6.27,8,Observado muy antiguo para ajuste: 8 días
AH_2026_2027,2026-09-21,2026-09-21 20:33:17.391361,Timicurillo,9036459,2026-09-25,25/09/2026,4.978,4.927,5.077,4.931,5.001,4.978,4.927,5.077,4.931,5.001,5.077,4.975,4.927,4.932,5.077,4.975,4.927,4.932,No,,2026-09-13,13/09/2026,6.27,8,Observado muy antiguo para ajuste: 8 días
AH_2026_2027,2026-09-21,2026-09-21 20:33:17.391361,Timicurillo,9036459,2026-09-26,26/09/2026,4.719,4.681,4.745,4.7,4.743,4.719,4.681,4.745,4.7,4.743,4.745,4.742,4.681,4.707,4.745,4.742,4.681,4.707,No,,2026-09-13,13/09/2026,6.27,8,Observado muy antiguo para ajuste: 8 días
AH_2026_2027,2026-09-21,2026-09-21 20:33:17.391361,Timicurillo,9036459,2026-09-27,27/09/2026,4.424,4.409,4.43,4.423,4.43,4.424,4.409,4.43,4.423,4.43,4.43,4.43,4.409,4.428,4.43,4.43,4.409,4.428,No,,2026-09-13,13/09/2026,6.27,8,Observado muy antiguo para ajuste: 8 días
AH_2026_2027,2026-09-21,2026-09-21 20:33:17.391361,Yurimaguas,9046779,2026-09-21,21/09/2026,129.44,129.44,129.44,129.44,129.44,129.48,129.48,129.48,129.48,129.48,129.44,129.44,129.44,129.44,129.48,129.48,129.48,129.48,Sí,-0.04,2026-09-21,21/09/2026,129.44,0,Ajuste aplicado
AH_2026_2027,2026-09-21,2026-09-21 20:33:17.391361,Yurimaguas,9046779,2026-09-22,22/09/2026,129.556,129.556,129.556,129.556,129.556,129.596,129.596,129.596,129.596,129.596,129.556,129.556,129.556,129.556,129.596,129.596,129.596,129.596,Sí,-0.04,2026-09-21,21/09/2026,129.44,0,Ajuste aplicado
AH_2026_2027,2026-09-21,2026-09-21 20:33:17.391361,Yurimaguas,9046779,2026-09-23,23/09/2026,129.556,129.556,129.556,129.556,129.556,129.596,129.596,129.596,129.596,129.596,129.556,129.556,129.556,129.556,129.596,129.596,129.596,129.596,Sí,-0.04,2026-09-21,21/09/2026,129.44,0,Ajuste aplicado
AH_2026_2027,2026-09-21,2026-09-21 20:33:17.391361,Yurimaguas,9046779,2026-09-24,24/09/2026,129.453,129.453,129.453,129.453,129.453,129.493,129.493,129.494,129.493,129.493,129.453,129.453,129.453,129.453,129.493,129.494,129.493,129.493,Sí,-0.04,2026-09-21,21/09/2026,129.44,0,Ajuste aplicado
AH_2026_2027,2026-09-21,2026-09-21 20:33:17.391361,Yurimaguas,9046779,2026-09-25,25/09/2026,129.336,129.335,129.34,129.335,129.337,129.377,129.375,129.38,129.375,129.377,129.336,129.34,129.335,129.335,129.376,129.38,129.376,129.375,Sí,-0.04,2026-09-21,21/09/2026,129.44,0,Ajuste aplicado
AH_2026_2027,2026-09-21,2026-09-21 20:33:17.391361,Yurimaguas,9046779,2026-09-26,26/09/2026,129.099,129.079,129.118,129.086,129.113,129.139,129.119,129.158,129.126,129.153,129.111,129.118,129.088,129.079,129.151,129.158,129.128,129.119,Sí,-0.04,2026-09-21,21/09/2026,129.44,0,Ajuste aplicado
AH_2026_2027,2026-09-21,2026-09-21 20:33:17.391361,Yurimaguas,9046779,2026-09-27,27/09/2026,128.88,128.867,128.894,128.868,128.891,128.92,128.907,128.934,128.908,128.931,128.869,128.894,128.89,128.867,128.909,128.934,128.93,128.907,Sí,-0.04,2026-09-21,21/09/2026,129.44,0,Ajuste aplicado
AH_2026_2027,2026-09-22,2026-09-22 19:51:57.622638,Angamos,9043370,2026-09-22,22/09/2026,1.36,1.36,1.36,1.36,1.36,7.359,7.359,7.359,7.359,7.359,1.36,1.36,1.36,1.36,7.359,7.359,7.359,7.359,Sí,-5.999,2026-09-22,22/09/2026,1.36,0,Offset alto: -6.00 m. Revisar estación.
AH_2026_2027,2026-09-22,2026-09-22 19:51:57.622638,Angamos,9043370,2026-09-23,23/09/2026,1.336,1.327,1.344,1.331,1.342,7.335,7.326,7.343,7.33,7.341,1.344,1.341,1.332,1.327,7.343,7.34,7.331,7.326,Sí,-5.999,2026-09-22,22/09/2026,1.36,0,Offset alto: -6.00 m. Revisar estación.
AH_2026_2027,2026-09-22,2026-09-22 19:51:57.622638,Angamos,9043370,2026-09-24,24/09/2026,1.324,1.291,1.353,1.305,1.345,7.323,7.29,7.352,7.304,7.344,1.353,1.342,1.31,1.291,7.352,7.341,7.309,7.29,Sí,-5.999,2026-09-22,22/09/2026,1.36,0,Offset alto: -6.00 m. Revisar estación.
AH_2026_2027,2026-09-22,2026-09-22 19:51:57.622638,Angamos,9043370,2026-09-25,25/09/2026,1.303,1.225,1.36,1.263,1.355,7.302,7.223,7.359,7.262,7.354,1.36,1.353,1.276,1.225,7.359,7.352,7.275,7.223,Sí,-5.999,2026-09-22,22/09/2026,1.36,0,Offset alto: -6.00 m. Revisar estación.
AH_2026_2027,2026-09-22,2026-09-22 19:51:57.622638,Angamos,9043370,2026-09-26,26/09/2026,1.282,1.207,1.353,1.221,1.344,7.281,7.206,7.352,7.22,7.342,1.353,1.34,1.226,1.207,7.352,7.339,7.225,7.206,Sí,-5.999,2026-09-22,22/09/2026,1.36,0,Offset alto: -6.00 m. Revisar estación.
AH_2026_2027,2026-09-22,2026-09-22 19:51:57.622638,Angamos,9043370,2026-09-27,27/09/2026,1.261,1.188,1.327,1.206,1.318,7.259,7.187,7.326,7.205,7.317,1.327,1.315,1.212,1.188,7.326,7.314,7.211,7.187,Sí,-5.999,2026-09-22,22/09/2026,1.36,0,Offset alto: -6.00 m. Revisar estación.
AH_2026_2027,2026-09-22,2026-09-22 19:51:57.622638,Angamos,9043370,2026-09-28,28/09/2026,1.245,1.188,1.312,1.188,1.298,7.244,7.186,7.311,7.187,7.297,1.312,1.293,1.188,1.188,7.311,7.292,7.187,7.186,Sí,-5.999,2026-09-22,22/09/2026,1.36,0,Offset alto: -6.00 m. Revisar estación.
AH_2026_2027,2026-09-22,2026-09-22 19:51:57.622638,Bellavista,9036028,2026-09-22,22/09/2026,5.31,5.31,5.31,5.31,5.31,4.911,4.911,4.911,4.911,4.911,5.31,5.31,5.31,5.31,4.911,4.911,4.911,4.911,Sí,0.399,2026-09-22,22/09/2026,5.31,0,Ajuste aplicado
AH_2026_2027,2026-09-22,2026-09-22 19:51:57.622638,Bellavista,9036028,2026-09-23,23/09/2026,5.282,5.282,5.282,5.282,5.282,4.883,4.883,4.883,4.883,4.883,5.282,5.282,5.282,5.282,4.883,4.883,4.883,4.883,Sí,0.399,2026-09-22,22/09/2026,5.31,0,Ajuste aplicado
AH_2026_2027,2026-09-22,2026-09-22 19:51:57.622638,Bellavista,9036028,2026-09-24,24/09/2026,5.275,5.275,5.275,5.275,5.275,4.876,4.876,4.876,4.876,4.876,5.275,5.275,5.275,5.275,4.876,4.876,4.876,4.876,Sí,0.399,2026-09-22,22/09/2026,5.31,0,Ajuste aplicado
AH_2026_2027,2026-09-22,2026-09-22 19:51:57.622638,Bellavista,9036028,2026-09-25,25/09/2026,5.245,5.242,5.247,5.244,5.246,4.846,4.843,4.848,4.845,4.847,5.246,5.247,5.245,5.242,4.847,4.848,4.846,4.843,Sí,0.399,2026-09-22,22/09/2026,5.31,0,Ajuste aplicado
AH_2026_2027,2026-09-22,2026-09-22 19:51:57.622638,Bellavista,9036028,2026-09-26,26/09/2026,5.233,5.232,5.234,5.233,5.234,4.835,4.833,4.836,4.834,4.835,5.234,5.234,5.234,5.232,4.835,4.836,4.835,4.833,Sí,0.399,2026-09-22,22/09/2026,5.31,0,Ajuste aplicado
AH_2026_2027,2026-09-22,2026-09-22 19:51:57.622638,Bellavista,9036028,2026-09-27,27/09/2026,5.231,5.229,5.234,5.229,5.232,4.832,4.831,4.835,4.831,4.833,5.231,5.234,5.229,5.229,4.833,4.835,4.831,4.831,Sí,0.399,2026-09-22,22/09/2026,5.31,0,Ajuste aplicado
AH_2026_2027,2026-09-22,2026-09-22 19:51:57.622638,Bellavista,9036028,2026-09-28,28/09/2026,5.23,5.228,5.234,5.229,5.231,4.832,4.83,4.835,4.83,4.832,5.23,5.234,5.229,5.228,4.832,4.835,4.831,4.83,Sí,0.399,2026-09-22,22/09/2026,5.31,0,Ajuste aplicado
AH_2026_2027,2026-09-22,2026-09-22 19:51:57.622638,Borja,9040208,2026-09-22,22/09/2026,4.15,4.149,4.151,4.15,4.15,4.464,4.464,4.465,4.464,4.465,4.15,4.15,4.151,4.149,4.464,4.464,4.465,4.464,Sí,-0.314,2026-09-22,22/09/2026,4.15,0,Ajuste aplicado
AH_2026_2027,2026-09-22,2026-09-22 19:51:57.622638,Borja,9040208,2026-09-23,23/09/2026,4.088,4.061,4.11,4.08,4.099,4.403,4.375,4.425,4.395,4.413,4.087,4.095,4.11,4.061,4.401,4.41,4.425,4.375,Sí,-0.314,2026-09-22,22/09/2026,4.15,0,Ajuste aplicado
AH_2026_2027,2026-09-22,2026-09-22 19:51:57.622638,Borja,9040208,2026-09-24,24/09/2026,4.038,3.995,4.064,4.026,4.06,4.353,4.31,4.379,4.34,4.374,4.036,4.058,4.064,3.995,4.351,4.373,4.379,4.31,Sí,-0.314,2026-09-22,22/09/2026,4.15,0,Ajuste aplicado
AH_2026_2027,2026-09-22,2026-09-22 19:51:57.622638,Borja,9040208,2026-09-25,25/09/2026,3.989,3.901,4.038,3.97,4.028,4.304,4.216,4.353,4.285,4.342,3.994,4.024,4.038,3.901,4.308,4.339,4.353,4.216,Sí,-0.314,2026-09-22,22/09/2026,4.15,0,Ajuste aplicado
AH_2026_2027,2026-09-22,2026-09-22 19:51:57.622638,Borja,9040208,2026-09-26,26/09/2026,3.927,3.798,4.013,3.881,3.994,4.241,4.113,4.327,4.195,4.309,3.908,3.988,4.013,3.798,4.223,4.303,4.327,4.113,Sí,-0.314,2026-09-22,22/09/2026,4.15,0,Ajuste aplicado
AH_2026_2027,2026-09-22,2026-09-22 19:51:57.622638,Borja,9040208,2026-09-27,27/09/2026,3.872,3.735,4.013,3.799,3.943,4.186,4.049,4.328,4.113,4.257,3.82,3.919,4.013,3.735,4.134,4.234,4.328,4.049,Sí,-0.314,2026-09-22,22/09/2026,4.15,0,Ajuste aplicado
AH_2026_2027,2026-09-22,2026-09-22 19:51:57.622638,Borja,9040208,2026-09-28,28/09/2026,3.838,3.694,4.061,3.725,3.912,4.153,4.009,4.375,4.039,4.226,3.735,3.862,4.061,3.694,4.049,4.177,4.375,4.009,Sí,-0.314,2026-09-22,22/09/2026,4.15,0,Ajuste aplicado
AH_2026_2027,2026-09-22,2026-09-22 19:51:57.622638,Contamana,9053555,2026-09-22,22/09/2026,6.58,6.58,6.58,6.58,6.58,11.741,11.741,11.741,11.741,11.741,6.58,6.58,6.58,6.58,11.741,11.741,11.741,11.741,Sí,-5.161,2026-09-22,22/09/2026,6.58,0,Offset alto: -5.16 m. Revisar estación.
AH_2026_2027,2026-09-22,2026-09-22 19:51:57.622638,Contamana,9053555,2026-09-23,23/09/2026,6.661,6.661,6.661,6.661,6.661,11.822,11.822,11.822,11.822,11.822,6.661,6.661,6.661,6.661,11.822,11.822,11.822,11.822,Sí,-5.161,2026-09-22,22/09/2026,6.58,0,Offset alto: -5.16 m. Revisar estación.
AH_2026_2027,2026-09-22,2026-09-22 19:51:57.622638,Contamana,9053555,2026-09-24,24/09/2026,6.733,6.733,6.733,6.733,6.733,11.894,11.894,11.894,11.894,11.894,6.733,6.733,6.733,6.733,11.894,11.894,11.894,11.894,Sí,-5.161,2026-09-22,22/09/2026,6.58,0,Offset alto: -5.16 m. Revisar estación.
AH_2026_2027,2026-09-22,2026-09-22 19:51:57.622638,Contamana,9053555,2026-09-25,25/09/2026,6.827,6.827,6.827,6.827,6.827,11.988,11.988,11.988,11.988,11.988,6.827,6.827,6.827,6.827,11.988,11.988,11.988,11.988,Sí,-5.161,2026-09-22,22/09/2026,6.58,0,Offset alto: -5.16 m. Revisar estación.
AH_2026_2027,2026-09-22,2026-09-22 19:51:57.622638,Contamana,9053555,2026-09-26,26/09/2026,6.974,6.972,6.975,6.974,6.975,12.135,12.133,12.136,12.135,12.136,6.975,6.975,6.974,6.972,12.136,12.136,12.135,12.133,Sí,-5.161,2026-09-22,22/09/2026,6.58,0,Offset alto: -5.16 m. Revisar estación.
AH_2026_2027,2026-09-22,2026-09-22 19:51:57.622638,Contamana,9053555,2026-09-27,27/09/2026,7.29,7.283,7.295,7.288,7.294,12.451,12.444,12.456,12.448,12.455,7.293,7.295,7.289,7.283,12.454,12.456,12.45,12.444,Sí,-5.161,2026-09-22,22/09/2026,6.58,0,Offset alto: -5.16 m. Revisar estación.
AH_2026_2027,2026-09-22,2026-09-22 19:51:57.622638,Contamana,9053555,2026-09-28,28/09/2026,7.489,7.465,7.518,7.468,7.508,12.65,12.626,12.679,12.629,12.669,7.505,7.518,7.468,7.465,12.666,12.679,12.629,12.626,Sí,-5.161,2026-09-22,22/09/2026,6.58,0,Offset alto: -5.16 m. Revisar estación.
AH_2026_2027,2026-09-22,2026-09-22 19:51:57.622638,ENAPU,9038134,2026-09-22,22/09/2026,4.94,4.887,4.99,4.895,4.987,108.71,108.656,108.759,108.665,108.756,4.99,4.985,4.898,4.887,108.759,108.755,108.668,108.656,Sí,-103.77,2026-09-22,22/09/2026,4.94,0,Offset alto: -103.77 m. Revisar estación.
AH_2026_2027,2026-09-22,2026-09-22 19:51:57.622638,ENAPU,9038134,2026-09-23,23/09/2026,4.702,4.415,4.969,4.474,4.938,108.471,108.185,108.739,108.244,108.708,4.928,4.969,4.494,4.415,108.697,108.739,108.264,108.185,Sí,-103.77,2026-09-22,22/09/2026,4.94,0,Offset alto: -103.77 m. Revisar estación.
AH_2026_2027,2026-09-22,2026-09-22 19:51:57.622638,ENAPU,9038134,2026-09-24,24/09/2026,4.517,4.082,5.028,4.142,4.853,108.287,107.852,108.798,107.912,108.623,4.795,5.028,4.162,4.082,108.565,108.798,107.932,107.852,Sí,-103.77,2026-09-22,22/09/2026,4.94,0,Offset alto: -103.77 m. Revisar estación.
AH_2026_2027,2026-09-22,2026-09-22 19:51:57.622638,ENAPU,9038134,2026-09-25,25/09/2026,4.306,3.742,5.037,3.868,4.659,108.075,107.512,108.807,107.638,108.429,4.533,5.037,3.91,3.742,108.303,108.807,107.68,107.512,Sí,-103.77,2026-09-22,22/09/2026,4.94,0,Offset alto: -103.77 m. Revisar estación.
AH_2026_2027,2026-09-22,2026-09-22 19:51:57.622638,ENAPU,9038134,2026-09-26,26/09/2026,4.063,3.337,5.052,3.463,4.531,107.832,107.106,108.821,107.232,108.3,4.357,5.052,3.505,3.337,108.127,108.821,107.275,107.106,Sí,-103.77,2026-09-22,22/09/2026,4.94,0,Offset alto: -103.77 m. Revisar estación.
AH_2026_2027,2026-09-22,2026-09-22 19:51:57.622638,ENAPU,9038134,2026-09-27,27/09/2026,3.631,1.994,5.157,2.736,4.582,107.401,105.764,108.926,106.506,108.352,4.391,5.157,2.983,1.994,108.16,108.926,106.753,105.764,Sí,-103.77,2026-09-22,22/09/2026,4.94,0,Offset alto: -103.77 m. Revisar estación.
AH_2026_2027,2026-09-22,2026-09-22 19:51:57.622638,ENAPU,9038134,2026-09-28,28/09/2026,-20.841,-47.078,5.364,-46.332,4.666,82.928,56.692,109.133,57.437,108.435,4.433,5.364,-46.084,-47.078,108.203,109.133,57.686,56.692,Sí,-103.77,2026-09-22,22/09/2026,4.94,0,Offset alto: -103.77 m. Revisar estación.
AH_2026_2027,2026-09-22,2026-09-22 19:51:57.622638,Flor de Punga,9044756,2026-09-22,22/09/2026,8.406,8.406,8.406,8.406,8.406,8.406,8.406,8.406,8.406,8.406,8.406,8.406,8.406,8.406,8.406,8.406,8.406,8.406,No,,2026-05-14,14/05/2026,22.8,131,Observado muy antiguo para ajuste: 131 días
AH_2026_2027,2026-09-22,2026-09-22 19:51:57.622638,Flor de Punga,9044756,2026-09-23,23/09/2026,8.084,8.084,8.084,8.084,8.084,8.084,8.084,8.084,8.084,8.084,8.084,8.084,8.084,8.084,8.084,8.084,8.084,8.084,No,,2026-05-14,14/05/2026,22.8,131,Observado muy antiguo para ajuste: 131 días
AH_2026_2027,2026-09-22,2026-09-22 19:51:57.622638,Flor de Punga,9044756,2026-09-24,24/09/2026,7.86,7.858,7.861,7.859,7.861,7.86,7.858,7.861,7.859,7.861,7.86,7.861,7.859,7.858,7.86,7.861,7.859,7.858,No,,2026-05-14,14/05/2026,22.8,131,Observado muy antiguo para ajuste: 131 días
AH_2026_2027,2026-09-22,2026-09-22 19:51:57.622638,Flor de Punga,9044756,2026-09-25,25/09/2026,7.718,7.717,7.718,7.717,7.718,7.718,7.717,7.718,7.717,7.718,7.718,7.718,7.717,7.717,7.718,7.718,7.717,7.717,No,,2026-05-14,14/05/2026,22.8,131,Observado muy antiguo para ajuste: 131 días
AH_2026_2027,2026-09-22,2026-09-22 19:51:57.622638,Flor de Punga,9044756,2026-09-26,26/09/2026,7.695,7.695,7.695,7.695,7.695,7.695,7.695,7.695,7.695,7.695,7.695,7.695,7.695,7.695,7.695,7.695,7.695,7.695,No,,2026-05-14,14/05/2026,22.8,131,Observado muy antiguo para ajuste: 131 días
AH_2026_2027,2026-09-22,2026-09-22 19:51:57.622638,Flor de Punga,9044756,2026-09-27,27/09/2026,7.699,7.699,7.699,7.699,7.699,7.699,7.699,7.699,7.699,7.699,7.699,7.699,7.699,7.699,7.699,7.699,7.699,7.699,No,,2026-05-14,14/05/2026,22.8,131,Observado muy antiguo para ajuste: 131 días
AH_2026_2027,2026-09-22,2026-09-22 19:51:57.622638,Flor de Punga,9044756,2026-09-28,28/09/2026,7.759,7.759,7.759,7.759,7.759,7.759,7.759,7.759,7.759,7.759,7.759,7.759,7.759,7.759,7.759,7.759,7.759,7.759,No,,2026-05-14,14/05/2026,22.8,131,Observado muy antiguo para ajuste: 131 días
AH_2026_2027,2026-09-22,2026-09-22 19:51:57.622638,Genaro Herrera,9042214,2026-09-22,22/09/2026,7.18,7.18,7.18,7.18,7.18,7.665,7.664,7.665,7.664,7.665,7.18,7.18,7.18,7.18,7.665,7.665,7.665,7.664,Sí,-0.485,2026-09-22,22/09/2026,7.18,0,Ajuste aplicado
AH_2026_2027,2026-09-22,2026-09-22 19:51:57.622638,Genaro Herrera,9042214,2026-09-23,23/09/2026,7.038,7.035,7.041,7.036,7.04,7.522,7.519,7.526,7.52,7.525,7.041,7.04,7.036,7.035,7.526,7.524,7.521,7.519,Sí,-0.485,2026-09-22,22/09/2026,7.18,0,Ajuste aplicado
AH_2026_2027,2026-09-22,2026-09-22 19:51:57.622638,Genaro Herrera,9042214,2026-09-24,24/09/2026,6.737,6.737,6.738,6.737,6.738,7.222,7.221,7.222,7.222,7.222,6.738,6.738,6.737,6.737,7.222,7.222,7.222,7.221,Sí,-0.485,2026-09-22,22/09/2026,7.18,0,Ajuste aplicado
AH_2026_2027,2026-09-22,2026-09-22 19:51:57.622638,Genaro Herrera,9042214,2026-09-25,25/09/2026,6.17,6.17,6.17,6.17,6.17,6.655,6.655,6.655,6.655,6.655,6.17,6.17,6.17,6.17,6.655,6.655,6.655,6.655,Sí,-0.485,2026-09-22,22/09/2026,7.18,0,Ajuste aplicado
AH_2026_2027,2026-09-22,2026-09-22 19:51:57.622638,Genaro Herrera,9042214,2026-09-26,26/09/2026,6.023,6.022,6.023,6.022,6.023,6.507,6.506,6.508,6.507,6.508,6.023,6.023,6.022,6.022,6.508,6.508,6.507,6.506,Sí,-0.485,2026-09-22,22/09/2026,7.18,0,Ajuste aplicado
AH_2026_2027,2026-09-22,2026-09-22 19:51:57.622638,Genaro Herrera,9042214,2026-09-27,27/09/2026,5.97,5.97,5.971,5.97,5.971,6.455,6.455,6.455,6.455,6.455,5.971,5.971,5.97,5.97,6.455,6.455,6.455,6.455,Sí,-0.485,2026-09-22,22/09/2026,7.18,0,Ajuste aplicado
AH_2026_2027,2026-09-22,2026-09-22 19:51:57.622638,Genaro Herrera,9042214,2026-09-28,28/09/2026,5.961,5.961,5.961,5.961,5.961,6.446,6.446,6.446,6.446,6.446,5.961,5.961,5.961,5.961,6.446,6.446,6.446,6.446,Sí,-0.485,2026-09-22,22/09/2026,7.18,0,Ajuste aplicado
AH_2026_2027,2026-09-22,2026-09-22 19:51:57.622638,Lagunas,9043597,2026-09-22,22/09/2026,5.5,5.5,5.5,5.5,5.5,5.49,5.49,5.49,5.49,5.49,5.5,5.5,5.5,5.5,5.49,5.49,5.49,5.49,Sí,0.01,2026-09-22,22/09/2026,5.5,0,Ajuste aplicado
AH_2026_2027,2026-09-22,2026-09-22 19:51:57.622638,Lagunas,9043597,2026-09-23,23/09/2026,5.627,5.627,5.627,5.627,5.627,5.617,5.617,5.617,5.617,5.617,5.627,5.627,5.627,5.627,5.617,5.617,5.617,5.617,Sí,0.01,2026-09-22,22/09/2026,5.5,0,Ajuste aplicado
AH_2026_2027,2026-09-22,2026-09-22 19:51:57.622638,Lagunas,9043597,2026-09-24,24/09/2026,5.666,5.666,5.666,5.666,5.666,5.656,5.656,5.656,5.656,5.656,5.666,5.666,5.666,5.666,5.656,5.656,5.656,5.656,Sí,0.01,2026-09-22,22/09/2026,5.5,0,Ajuste aplicado
AH_2026_2027,2026-09-22,2026-09-22 19:51:57.622638,Lagunas,9043597,2026-09-25,25/09/2026,5.58,5.58,5.58,5.58,5.58,5.57,5.57,5.571,5.57,5.57,5.58,5.58,5.58,5.58,5.57,5.57,5.571,5.57,Sí,0.01,2026-09-22,22/09/2026,5.5,0,Ajuste aplicado
AH_2026_2027,2026-09-22,2026-09-22 19:51:57.622638,Lagunas,9043597,2026-09-26,26/09/2026,5.51,5.509,5.51,5.51,5.51,5.5,5.5,5.5,5.5,5.5,5.51,5.51,5.51,5.509,5.5,5.5,5.5,5.5,Sí,0.01,2026-09-22,22/09/2026,5.5,0,Ajuste aplicado
AH_2026_2027,2026-09-22,2026-09-22 19:51:57.622638,Lagunas,9043597,2026-09-27,27/09/2026,5.422,5.421,5.422,5.422,5.422,5.412,5.411,5.413,5.412,5.412,5.422,5.422,5.422,5.421,5.412,5.412,5.413,5.411,Sí,0.01,2026-09-22,22/09/2026,5.5,0,Ajuste aplicado
AH_2026_2027,2026-09-22,2026-09-22 19:51:57.622638,Lagunas,9043597,2026-09-28,28/09/2026,5.245,5.243,5.247,5.245,5.246,5.236,5.233,5.237,5.235,5.236,5.246,5.246,5.247,5.243,5.236,5.236,5.237,5.233,Sí,0.01,2026-09-22,22/09/2026,5.5,0,Ajuste aplicado
AH_2026_2027,2026-09-22,2026-09-22 19:51:57.622638,Nauta,9040454,2026-09-22,22/09/2026,6.07,6.07,6.07,6.07,6.07,4.742,4.742,4.743,4.742,4.743,6.07,6.07,6.07,6.07,4.743,4.742,4.742,4.742,Sí,1.328,2026-09-22,22/09/2026,6.07,0,Ajuste aplicado
AH_2026_2027,2026-09-22,2026-09-22 19:51:57.622638,Nauta,9040454,2026-09-23,23/09/2026,6.019,6.018,6.019,6.018,6.019,4.691,4.691,4.692,4.691,4.692,6.019,6.019,6.018,6.018,4.692,4.692,4.691,4.691,Sí,1.328,2026-09-22,22/09/2026,6.07,0,Ajuste aplicado
AH_2026_2027,2026-09-22,2026-09-22 19:51:57.622638,Nauta,9040454,2026-09-24,24/09/2026,5.965,5.964,5.966,5.964,5.965,4.637,4.636,4.638,4.636,4.638,5.966,5.965,5.964,5.964,4.638,4.638,4.636,4.636,Sí,1.328,2026-09-22,22/09/2026,6.07,0,Ajuste aplicado
AH_2026_2027,2026-09-22,2026-09-22 19:51:57.622638,Nauta,9040454,2026-09-25,25/09/2026,6.019,6.019,6.02,6.019,6.02,4.692,4.691,4.692,4.692,4.692,6.02,6.02,6.019,6.019,4.692,4.692,4.692,4.691,Sí,1.328,2026-09-22,22/09/2026,6.07,0,Ajuste aplicado
AH_2026_2027,2026-09-22,2026-09-22 19:51:57.622638,Nauta,9040454,2026-09-26,26/09/2026,6.094,6.094,6.094,6.094,6.094,4.767,4.766,4.767,4.766,4.767,6.094,6.094,6.094,6.094,4.767,4.767,4.766,4.766,Sí,1.328,2026-09-22,22/09/2026,6.07,0,Ajuste aplicado
AH_2026_2027,2026-09-22,2026-09-22 19:51:57.622638,Nauta,9040454,2026-09-27,27/09/2026,6.216,6.216,6.216,6.216,6.216,4.889,4.888,4.889,4.888,4.889,6.216,6.216,6.216,6.216,4.889,4.889,4.888,4.889,Sí,1.328,2026-09-22,22/09/2026,6.07,0,Ajuste aplicado
AH_2026_2027,2026-09-22,2026-09-22 19:51:57.622638,Nauta,9040454,2026-09-28,28/09/2026,6.345,6.344,6.347,6.344,6.347,5.018,5.016,5.019,5.017,5.019,6.346,6.347,6.344,6.344,5.019,5.019,5.017,5.016,Sí,1.328,2026-09-22,22/09/2026,6.07,0,Ajuste aplicado
AH_2026_2027,2026-09-22,2026-09-22 19:51:57.622638,Puerto Alegria,9038835,2026-09-22,22/09/2026,10.14,10.14,10.14,10.14,10.14,9.79,9.79,9.79,9.79,9.79,10.14,10.14,10.14,10.14,9.79,9.79,9.79,9.79,Sí,0.35,2026-09-22,22/09/2026,10.14,0,Ajuste aplicado
AH_2026_2027,2026-09-22,2026-09-22 19:51:57.622638,Puerto Alegria,9038835,2026-09-23,23/09/2026,10.179,10.178,10.179,10.178,10.179,9.829,9.829,9.83,9.829,9.829,10.179,10.179,10.178,10.178,9.829,9.83,9.829,9.829,Sí,0.35,2026-09-22,22/09/2026,10.14,0,Ajuste aplicado
AH_2026_2027,2026-09-22,2026-09-22 19:51:57.622638,Puerto Alegria,9038835,2026-09-24,24/09/2026,10.23,10.229,10.231,10.229,10.231,9.88,9.879,9.881,9.879,9.881,10.23,10.231,10.229,10.229,9.881,9.881,9.879,9.879,Sí,0.35,2026-09-22,22/09/2026,10.14,0,Ajuste aplicado
AH_2026_2027,2026-09-22,2026-09-22 19:51:57.622638,Puerto Alegria,9038835,2026-09-25,25/09/2026,10.24,10.231,10.251,10.232,10.247,9.89,9.882,9.901,9.882,9.897,10.246,10.251,10.231,10.232,9.896,9.901,9.882,9.883,Sí,0.35,2026-09-22,22/09/2026,10.14,0,Ajuste aplicado
AH_2026_2027,2026-09-22,2026-09-22 19:51:57.622638,Puerto Alegria,9038835,2026-09-26,26/09/2026,10.177,10.163,10.187,10.173,10.183,9.827,9.813,9.837,9.823,9.833,10.181,10.187,10.176,10.163,9.831,9.837,9.827,9.813,Sí,0.35,2026-09-22,22/09/2026,10.14,0,Ajuste aplicado
AH_2026_2027,2026-09-22,2026-09-22 19:51:57.622638,Puerto Alegria,9038835,2026-09-27,27/09/2026,10.092,10.079,10.112,10.086,10.095,9.742,9.729,9.762,9.737,9.745,10.089,10.112,10.089,10.079,9.74,9.762,9.739,9.729,Sí,0.35,2026-09-22,22/09/2026,10.14,0,Ajuste aplicado
AH_2026_2027,2026-09-22,2026-09-22 19:51:57.622638,Puerto Alegria,9038835,2026-09-28,28/09/2026,9.906,9.867,9.946,9.894,9.917,9.556,9.517,9.596,9.545,9.568,9.908,9.946,9.904,9.867,9.558,9.596,9.554,9.517,Sí,0.35,2026-09-22,22/09/2026,10.14,0,Ajuste aplicado
AH_2026_2027,2026-09-22,2026-09-22 19:51:57.622638,Puerto Almendra,9037610,2026-09-22,22/09/2026,3.72,3.72,3.72,3.72,3.72,3.687,3.687,3.687,3.687,3.687,3.72,3.72,3.72,3.72,3.687,3.687,3.687,3.687,Sí,0.033,2026-09-22,22/09/2026,3.72,0,Ajuste aplicado
AH_2026_2027,2026-09-22,2026-09-22 19:51:57.622638,Puerto Almendra,9037610,2026-09-23,23/09/2026,3.437,3.407,3.47,3.413,3.461,3.404,3.374,3.436,3.38,3.427,3.47,3.458,3.415,3.407,3.436,3.424,3.382,3.374,Sí,0.033,2026-09-22,22/09/2026,3.72,0,Ajuste aplicado
AH_2026_2027,2026-09-22,2026-09-22 19:51:57.622638,Puerto Almendra,9037610,2026-09-24,24/09/2026,3.15,3.06,3.239,3.087,3.214,3.117,3.027,3.206,3.054,3.18,3.205,3.239,3.096,3.06,3.172,3.206,3.063,3.027,Sí,0.033,2026-09-22,22/09/2026,3.72,0,Ajuste aplicado
AH_2026_2027,2026-09-22,2026-09-22 19:51:57.622638,Puerto Almendra,9037610,2026-09-25,25/09/2026,2.945,2.707,3.145,2.815,3.094,2.912,2.674,3.112,2.782,3.061,3.077,3.145,2.851,2.707,3.044,3.112,2.818,2.674,Sí,0.033,2026-09-22,22/09/2026,3.72,0,Ajuste aplicado
AH_2026_2027,2026-09-22,2026-09-22 19:51:57.622638,Puerto Almendra,9037610,2026-09-26,26/09/2026,2.817,2.335,3.184,2.604,3.088,2.784,2.302,3.151,2.571,3.055,3.057,3.184,2.694,2.335,3.023,3.151,2.661,2.302,Sí,0.033,2026-09-22,22/09/2026,3.72,0,Ajuste aplicado
AH_2026_2027,2026-09-22,2026-09-22 19:51:57.622638,Puerto Almendra,9037610,2026-09-27,27/09/2026,2.593,1.6,3.286,2.216,3.12,2.56,1.566,3.253,2.183,3.087,3.065,3.286,2.422,1.6,3.032,3.253,2.389,1.566,Sí,0.033,2026-09-22,22/09/2026,3.72,0,Ajuste aplicado
AH_2026_2027,2026-09-22,2026-09-22 19:51:57.622638,Puerto Almendra,9037610,2026-09-28,28/09/2026,2.572,1.488,3.384,2.123,3.156,2.539,1.455,3.351,2.09,3.123,3.08,3.384,2.335,1.488,3.047,3.351,2.302,1.455,Sí,0.033,2026-09-22,22/09/2026,3.72,0,Ajuste aplicado
AH_2026_2027,2026-09-22,2026-09-22 19:51:57.622638,Requena,9043425,2026-09-22,22/09/2026,5.95,5.95,5.95,5.95,5.95,5.163,5.163,5.163,5.163,5.163,5.95,5.95,5.95,5.95,5.163,5.163,5.163,5.163,Sí,0.787,2026-09-22,22/09/2026,5.95,0,Ajuste aplicado
AH_2026_2027,2026-09-22,2026-09-22 19:51:57.622638,Requena,9043425,2026-09-23,23/09/2026,5.945,5.945,5.945,5.945,5.945,5.158,5.158,5.158,5.158,5.158,5.945,5.945,5.945,5.945,5.158,5.158,5.158,5.158,Sí,0.787,2026-09-22,22/09/2026,5.95,0,Ajuste aplicado
AH_2026_2027,2026-09-22,2026-09-22 19:51:57.622638,Requena,9043425,2026-09-24,24/09/2026,5.942,5.942,5.942,5.942,5.942,5.155,5.155,5.155,5.155,5.155,5.942,5.942,5.942,5.942,5.155,5.155,5.155,5.155,Sí,0.787,2026-09-22,22/09/2026,5.95,0,Ajuste aplicado
AH_2026_2027,2026-09-22,2026-09-22 19:51:57.622638,Requena,9043425,2026-09-25,25/09/2026,5.939,5.939,5.939,5.939,5.939,5.152,5.152,5.152,5.152,5.152,5.939,5.939,5.939,5.939,5.152,5.152,5.152,5.152,Sí,0.787,2026-09-22,22/09/2026,5.95,0,Ajuste aplicado
AH_2026_2027,2026-09-22,2026-09-22 19:51:57.622638,Requena,9043425,2026-09-26,26/09/2026,5.936,5.936,5.936,5.936,5.936,5.149,5.149,5.149,5.149,5.149,5.936,5.936,5.936,5.936,5.149,5.149,5.149,5.149,Sí,0.787,2026-09-22,22/09/2026,5.95,0,Ajuste aplicado
AH_2026_2027,2026-09-22,2026-09-22 19:51:57.622638,Requena,9043425,2026-09-27,27/09/2026,5.933,5.933,5.933,5.933,5.933,5.146,5.145,5.146,5.145,5.146,5.933,5.933,5.933,5.933,5.146,5.146,5.146,5.145,Sí,0.787,2026-09-22,22/09/2026,5.95,0,Ajuste aplicado
AH_2026_2027,2026-09-22,2026-09-22 19:51:57.622638,Requena,9043425,2026-09-28,28/09/2026,5.926,5.926,5.926,5.926,5.926,5.139,5.139,5.139,5.139,5.139,5.926,5.926,5.926,5.926,5.139,5.139,5.139,5.139,Sí,0.787,2026-09-22,22/09/2026,5.95,0,Ajuste aplicado
AH_2026_2027,2026-09-22,2026-09-22 19:51:57.622638,San Lorenzo,9042153,2026-09-22,22/09/2026,9.734,9.734,9.734,9.734,9.734,9.734,9.734,9.734,9.734,9.734,9.734,9.734,9.734,9.734,9.734,9.734,9.734,9.734,No,,2025-09-30,30/09/2025,7.19,357,Observado muy antiguo para ajuste: 357 días
AH_2026_2027,2026-09-22,2026-09-22 19:51:57.622638,San Lorenzo,9042153,2026-09-23,23/09/2026,9.732,9.732,9.732,9.732,9.732,9.732,9.732,9.732,9.732,9.732,9.732,9.732,9.732,9.732,9.732,9.732,9.732,9.732,No,,2025-09-30,30/09/2025,7.19,357,Observado muy antiguo para ajuste: 357 días
AH_2026_2027,2026-09-22,2026-09-22 19:51:57.622638,San Lorenzo,9042153,2026-09-24,24/09/2026,9.68,9.679,9.681,9.68,9.681,9.68,9.679,9.681,9.68,9.681,9.68,9.681,9.681,9.679,9.68,9.681,9.681,9.679,No,,2025-09-30,30/09/2025,7.19,357,Observado muy antiguo para ajuste: 357 días
AH_2026_2027,2026-09-22,2026-09-22 19:51:57.622638,San Lorenzo,9042153,2026-09-25,25/09/2026,9.646,9.644,9.647,9.646,9.647,9.646,9.644,9.647,9.646,9.647,9.646,9.647,9.647,9.644,9.646,9.647,9.647,9.644,No,,2025-09-30,30/09/2025,7.19,357,Observado muy antiguo para ajuste: 357 días
AH_2026_2027,2026-09-22,2026-09-22 19:51:57.622638,San Lorenzo,9042153,2026-09-26,26/09/2026,9.618,9.607,9.625,9.615,9.622,9.618,9.607,9.625,9.615,9.622,9.617,9.622,9.625,9.607,9.617,9.622,9.625,9.607,No,,2025-09-30,30/09/2025,7.19,357,Observado muy antiguo para ajuste: 357 días
AH_2026_2027,2026-09-22,2026-09-22 19:51:57.622638,San Lorenzo,9042153,2026-09-27,27/09/2026,9.588,9.553,9.612,9.571,9.61,9.588,9.553,9.612,9.571,9.61,9.577,9.609,9.612,9.553,9.577,9.609,9.612,9.553,No,,2025-09-30,30/09/2025,7.19,357,Observado muy antiguo para ajuste: 357 días
AH_2026_2027,2026-09-22,2026-09-22 19:51:57.622638,San Lorenzo,9042153,2026-09-28,28/09/2026,9.551,9.501,9.577,9.539,9.575,9.551,9.501,9.577,9.539,9.575,9.552,9.575,9.577,9.501,9.552,9.575,9.577,9.501,No,,2025-09-30,30/09/2025,7.19,357,Observado muy antiguo para ajuste: 357 días
AH_2026_2027,2026-09-22,2026-09-22 19:51:57.622638,San Regis,9040439,2026-09-22,22/09/2026,6.1,6.1,6.1,6.1,6.1,5.068,5.068,5.068,5.068,5.068,6.1,6.1,6.1,6.1,5.068,5.068,5.068,5.068,Sí,1.032,2026-09-22,22/09/2026,6.1,0,Ajuste aplicado
AH_2026_2027,2026-09-22,2026-09-22 19:51:57.622638,San Regis,9040439,2026-09-23,23/09/2026,6.076,6.076,6.076,6.076,6.076,5.044,5.044,5.044,5.044,5.044,6.076,6.076,6.076,6.076,5.044,5.044,5.044,5.044,Sí,1.032,2026-09-22,22/09/2026,6.1,0,Ajuste aplicado
AH_2026_2027,2026-09-22,2026-09-22 19:51:57.622638,San Regis,9040439,2026-09-24,24/09/2026,6.099,6.099,6.099,6.099,6.099,5.067,5.067,5.067,5.067,5.067,6.099,6.099,6.099,6.099,5.067,5.067,5.067,5.067,Sí,1.032,2026-09-22,22/09/2026,6.1,0,Ajuste aplicado
AH_2026_2027,2026-09-22,2026-09-22 19:51:57.622638,San Regis,9040439,2026-09-25,25/09/2026,6.156,6.156,6.156,6.156,6.156,5.124,5.124,5.124,5.124,5.124,6.156,6.156,6.156,6.156,5.124,5.124,5.124,5.124,Sí,1.032,2026-09-22,22/09/2026,6.1,0,Ajuste aplicado
AH_2026_2027,2026-09-22,2026-09-22 19:51:57.622638,San Regis,9040439,2026-09-26,26/09/2026,6.26,6.26,6.26,6.26,6.26,5.228,5.228,5.228,5.228,5.228,6.26,6.26,6.26,6.26,5.228,5.228,5.228,5.228,Sí,1.032,2026-09-22,22/09/2026,6.1,0,Ajuste aplicado
AH_2026_2027,2026-09-22,2026-09-22 19:51:57.622638,San Regis,9040439,2026-09-27,27/09/2026,6.307,6.307,6.308,6.307,6.308,5.275,5.275,5.276,5.275,5.276,6.308,6.308,6.307,6.307,5.276,5.276,5.275,5.275,Sí,1.032,2026-09-22,22/09/2026,6.1,0,Ajuste aplicado
AH_2026_2027,2026-09-22,2026-09-22 19:51:57.622638,San Regis,9040439,2026-09-28,28/09/2026,6.342,6.342,6.342,6.342,6.342,5.31,5.31,5.31,5.31,5.31,6.342,6.342,6.342,6.342,5.31,5.31,5.31,5.31,Sí,1.032,2026-09-22,22/09/2026,6.1,0,Ajuste aplicado
AH_2026_2027,2026-09-22,2026-09-22 19:51:57.622638,Santa Clotilde,9032282,2026-09-22,22/09/2026,7.57,7.57,7.57,7.57,7.57,6.397,6.397,6.397,6.397,6.397,7.57,7.57,7.57,7.57,6.397,6.397,6.397,6.397,Sí,1.173,2026-09-22,22/09/2026,7.57,0,Ajuste aplicado
AH_2026_2027,2026-09-22,2026-09-22 19:51:57.622638,Santa Clotilde,9032282,2026-09-23,23/09/2026,7.564,7.564,7.564,7.564,7.564,6.391,6.391,6.391,6.391,6.391,7.564,7.564,7.564,7.564,6.391,6.391,6.391,6.391,Sí,1.173,2026-09-22,22/09/2026,7.57,0,Ajuste aplicado
AH_2026_2027,2026-09-22,2026-09-22 19:51:57.622638,Santa Clotilde,9032282,2026-09-24,24/09/2026,7.561,7.56,7.561,7.561,7.561,6.387,6.386,6.388,6.387,6.387,7.561,7.561,7.561,7.56,6.387,6.388,6.387,6.386,Sí,1.173,2026-09-22,22/09/2026,7.57,0,Ajuste aplicado
AH_2026_2027,2026-09-22,2026-09-22 19:51:57.622638,Santa Clotilde,9032282,2026-09-25,25/09/2026,7.563,7.562,7.564,7.563,7.564,6.39,6.388,6.39,6.389,6.39,7.564,7.564,7.563,7.562,6.39,6.39,6.39,6.388,Sí,1.173,2026-09-22,22/09/2026,7.57,0,Ajuste aplicado
AH_2026_2027,2026-09-22,2026-09-22 19:51:57.622638,Santa Clotilde,9032282,2026-09-26,26/09/2026,7.563,7.562,7.564,7.563,7.564,6.39,6.388,6.391,6.389,6.391,7.564,7.564,7.563,7.562,6.39,6.391,6.39,6.388,Sí,1.173,2026-09-22,22/09/2026,7.57,0,Ajuste aplicado
AH_2026_2027,2026-09-22,2026-09-22 19:51:57.622638,Santa Clotilde,9032282,2026-09-27,27/09/2026,7.554,7.55,7.561,7.55,7.558,6.381,6.376,6.388,6.377,6.384,7.556,7.561,7.55,7.55,6.383,6.388,6.377,6.376,Sí,1.173,2026-09-22,22/09/2026,7.57,0,Ajuste aplicado
AH_2026_2027,2026-09-22,2026-09-22 19:51:57.622638,Santa Clotilde,9032282,2026-09-28,28/09/2026,7.549,7.549,7.549,7.549,7.549,6.375,6.375,6.376,6.375,6.376,7.549,7.549,7.549,7.549,6.375,6.376,6.375,6.375,Sí,1.173,2026-09-22,22/09/2026,7.57,0,Ajuste aplicado
AH_2026_2027,2026-09-22,2026-09-22 19:51:57.622638,Santa María de Nanay,9037738,2026-09-22,22/09/2026,4.76,4.706,4.813,4.715,4.806,4.542,4.488,4.595,4.496,4.587,4.813,4.803,4.717,4.706,4.595,4.584,4.499,4.488,Sí,0.218,2026-09-22,22/09/2026,4.76,0,Ajuste aplicado
AH_2026_2027,2026-09-22,2026-09-22 19:51:57.622638,Santa María de Nanay,9037738,2026-09-23,23/09/2026,4.548,4.352,4.72,4.39,4.718,4.33,4.134,4.501,4.171,4.5,4.718,4.72,4.402,4.352,4.499,4.501,4.183,4.134,Sí,0.218,2026-09-22,22/09/2026,4.76,0,Ajuste aplicado
AH_2026_2027,2026-09-22,2026-09-22 19:51:57.622638,Santa María de Nanay,9037738,2026-09-24,24/09/2026,4.323,3.631,4.765,4.105,4.664,4.104,3.413,4.546,3.887,4.446,4.631,4.765,4.263,3.631,4.412,4.546,4.044,3.413,Sí,0.218,2026-09-22,22/09/2026,4.76,0,Ajuste aplicado
AH_2026_2027,2026-09-22,2026-09-22 19:51:57.622638,Santa María de Nanay,9037738,2026-09-25,25/09/2026,4.133,2.872,4.9,3.739,4.774,3.915,2.654,4.682,3.52,4.556,4.732,4.9,4.028,2.872,4.514,4.682,3.809,2.654,Sí,0.218,2026-09-22,22/09/2026,4.76,0,Ajuste aplicado
AH_2026_2027,2026-09-22,2026-09-22 19:51:57.622638,Santa María de Nanay,9037738,2026-09-26,26/09/2026,4.039,2.539,5.06,3.399,4.918,3.82,2.32,4.842,3.18,4.699,4.87,5.06,3.685,2.539,4.652,4.842,3.467,2.32,Sí,0.218,2026-09-22,22/09/2026,4.76,0,Ajuste aplicado
AH_2026_2027,2026-09-22,2026-09-22 19:51:57.622638,Santa María de Nanay,9037738,2026-09-27,27/09/2026,4.027,2.499,5.115,3.317,4.956,3.808,2.28,4.896,3.099,4.738,4.903,5.115,3.59,2.499,4.685,4.896,3.372,2.28,Sí,0.218,2026-09-22,22/09/2026,4.76,0,Ajuste aplicado
AH_2026_2027,2026-09-22,2026-09-22 19:51:57.622638,Santa María de Nanay,9037738,2026-09-28,28/09/2026,4.003,2.456,5.145,3.202,5.007,3.785,2.238,4.927,2.984,4.788,4.961,5.145,3.451,2.456,4.742,4.927,3.233,2.238,Sí,0.218,2026-09-22,22/09/2026,4.76,0,Ajuste aplicado
AH_2026_2027,2026-09-22,2026-09-22 19:51:57.622638,Santa Rosa,9039635,2026-09-22,22/09/2026,3.26,3.26,3.26,3.26,3.26,3.154,3.154,3.154,3.154,3.154,3.26,3.26,3.26,3.26,3.154,3.154,3.154,3.154,Sí,0.106,2026-09-22,22/09/2026,3.26,0,Ajuste aplicado
AH_2026_2027,2026-09-22,2026-09-22 19:51:57.622638,Santa Rosa,9039635,2026-09-23,23/09/2026,3.266,3.265,3.268,3.265,3.267,3.16,3.159,3.162,3.159,3.161,3.266,3.268,3.265,3.265,3.161,3.162,3.159,3.159,Sí,0.106,2026-09-22,22/09/2026,3.26,0,Ajuste aplicado
AH_2026_2027,2026-09-22,2026-09-22 19:51:57.622638,Santa Rosa,9039635,2026-09-24,24/09/2026,3.289,3.287,3.292,3.287,3.29,3.183,3.181,3.186,3.181,3.185,3.29,3.292,3.287,3.287,3.184,3.186,3.181,3.181,Sí,0.106,2026-09-22,22/09/2026,3.26,0,Ajuste aplicado
AH_2026_2027,2026-09-22,2026-09-22 19:51:57.622638,Santa Rosa,9039635,2026-09-25,25/09/2026,3.303,3.301,3.304,3.302,3.304,3.197,3.196,3.198,3.197,3.198,3.304,3.304,3.301,3.302,3.198,3.198,3.196,3.197,Sí,0.106,2026-09-22,22/09/2026,3.26,0,Ajuste aplicado
AH_2026_2027,2026-09-22,2026-09-22 19:51:57.622638,Santa Rosa,9039635,2026-09-26,26/09/2026,3.295,3.289,3.296,3.295,3.296,3.189,3.184,3.191,3.189,3.191,3.296,3.296,3.289,3.296,3.191,3.191,3.184,3.191,Sí,0.106,2026-09-22,22/09/2026,3.26,0,Ajuste aplicado
AH_2026_2027,2026-09-22,2026-09-22 19:51:57.622638,Santa Rosa,9039635,2026-09-27,27/09/2026,3.225,3.215,3.247,3.215,3.228,3.119,3.109,3.142,3.109,3.123,3.222,3.247,3.215,3.215,3.117,3.142,3.11,3.109,Sí,0.106,2026-09-22,22/09/2026,3.26,0,Ajuste aplicado
AH_2026_2027,2026-09-22,2026-09-22 19:51:57.622638,Santa Rosa,9039635,2026-09-28,28/09/2026,2.993,2.972,3.053,2.972,2.996,2.888,2.866,2.948,2.866,2.89,2.976,3.053,2.972,2.972,2.871,2.948,2.866,2.866,Sí,0.106,2026-09-22,22/09/2026,3.26,0,Ajuste aplicado
AH_2026_2027,2026-09-22,2026-09-22 19:51:57.622638,Tamshiyacu,9038269,2026-09-22,22/09/2026,2.84,2.84,2.84,2.84,2.84,2.088,2.088,2.088,2.088,2.088,2.84,2.84,2.84,2.84,2.088,2.088,2.088,2.088,Sí,0.752,2026-09-22,22/09/2026,2.84,0,Ajuste aplicado
AH_2026_2027,2026-09-22,2026-09-22 19:51:57.622638,Tamshiyacu,9038269,2026-09-23,23/09/2026,2.791,2.79,2.791,2.79,2.791,2.039,2.038,2.039,2.038,2.039,2.791,2.791,2.79,2.79,2.039,2.039,2.038,2.038,Sí,0.752,2026-09-22,22/09/2026,2.84,0,Ajuste aplicado
AH_2026_2027,2026-09-22,2026-09-22 19:51:57.622638,Tamshiyacu,9038269,2026-09-24,24/09/2026,2.747,2.744,2.752,2.744,2.751,1.995,1.992,2.0,1.992,1.999,2.752,2.75,2.744,2.744,2.0,1.998,1.992,1.992,Sí,0.752,2026-09-22,22/09/2026,2.84,0,Ajuste aplicado
AH_2026_2027,2026-09-22,2026-09-22 19:51:57.622638,Tamshiyacu,9038269,2026-09-25,25/09/2026,2.715,2.715,2.716,2.715,2.716,1.963,1.962,1.964,1.963,1.964,2.716,2.716,2.715,2.715,1.964,1.964,1.963,1.962,Sí,0.752,2026-09-22,22/09/2026,2.84,0,Ajuste aplicado
AH_2026_2027,2026-09-22,2026-09-22 19:51:57.622638,Tamshiyacu,9038269,2026-09-26,26/09/2026,2.684,2.683,2.684,2.683,2.684,1.931,1.931,1.932,1.931,1.932,2.684,2.684,2.683,2.683,1.932,1.932,1.931,1.931,Sí,0.752,2026-09-22,22/09/2026,2.84,0,Ajuste aplicado
AH_2026_2027,2026-09-22,2026-09-22 19:51:57.622638,Tamshiyacu,9038269,2026-09-27,27/09/2026,2.684,2.684,2.684,2.684,2.684,1.932,1.932,1.932,1.932,1.932,2.684,2.684,2.684,2.684,1.932,1.932,1.932,1.932,Sí,0.752,2026-09-22,22/09/2026,2.84,0,Ajuste aplicado
AH_2026_2027,2026-09-22,2026-09-22 19:51:57.622638,Tamshiyacu,9038269,2026-09-28,28/09/2026,2.718,2.715,2.72,2.716,2.72,1.966,1.963,1.967,1.964,1.967,2.72,2.72,2.715,2.717,1.967,1.967,1.963,1.965,Sí,0.752,2026-09-22,22/09/2026,2.84,0,Ajuste aplicado
AH_2026_2027,2026-09-22,2026-09-22 19:51:57.622638,Timicurillo,9036459,2026-09-22,22/09/2026,5.803,5.803,5.803,5.803,5.803,5.803,5.803,5.803,5.803,5.803,5.803,5.803,5.803,5.803,5.803,5.803,5.803,5.803,No,,2026-09-13,13/09/2026,6.27,9,Observado muy antiguo para ajuste: 9 días
AH_2026_2027,2026-09-22,2026-09-22 19:51:57.622638,Timicurillo,9036459,2026-09-23,23/09/2026,5.427,5.427,5.428,5.427,5.428,5.427,5.427,5.428,5.427,5.428,5.428,5.428,5.427,5.427,5.428,5.428,5.427,5.427,No,,2026-09-13,13/09/2026,6.27,9,Observado muy antiguo para ajuste: 9 días
AH_2026_2027,2026-09-22,2026-09-22 19:51:57.622638,Timicurillo,9036459,2026-09-24,24/09/2026,5.032,4.962,5.106,4.967,5.096,5.032,4.962,5.106,4.967,5.096,5.093,5.106,4.968,4.962,5.093,5.106,4.968,4.962,No,,2026-09-13,13/09/2026,6.27,9,Observado muy antiguo para ajuste: 9 días
AH_2026_2027,2026-09-22,2026-09-22 19:51:57.622638,Timicurillo,9036459,2026-09-25,25/09/2026,4.757,4.737,4.779,4.742,4.771,4.757,4.737,4.779,4.742,4.771,4.768,4.779,4.744,4.737,4.768,4.779,4.744,4.737,No,,2026-09-13,13/09/2026,6.27,9,Observado muy antiguo para ajuste: 9 días
AH_2026_2027,2026-09-22,2026-09-22 19:51:57.622638,Timicurillo,9036459,2026-09-26,26/09/2026,4.512,4.427,4.612,4.429,4.588,4.512,4.427,4.612,4.429,4.588,4.581,4.612,4.429,4.427,4.581,4.612,4.429,4.427,No,,2026-09-13,13/09/2026,6.27,9,Observado muy antiguo para ajuste: 9 días
AH_2026_2027,2026-09-22,2026-09-22 19:51:57.622638,Timicurillo,9036459,2026-09-27,27/09/2026,4.408,4.349,4.463,4.38,4.437,4.408,4.349,4.463,4.38,4.437,4.428,4.463,4.39,4.349,4.428,4.463,4.39,4.349,No,,2026-09-13,13/09/2026,6.27,9,Observado muy antiguo para ajuste: 9 días
AH_2026_2027,2026-09-22,2026-09-22 19:51:57.622638,Timicurillo,9036459,2026-09-28,28/09/2026,4.397,4.336,4.47,4.348,4.438,4.397,4.336,4.47,4.348,4.438,4.428,4.47,4.352,4.336,4.428,4.47,4.352,4.336,No,,2026-09-13,13/09/2026,6.27,9,Observado muy antiguo para ajuste: 9 días
AH_2026_2027,2026-09-22,2026-09-22 19:51:57.622638,Yurimaguas,9046779,2026-09-22,22/09/2026,129.7,129.7,129.7,129.7,129.7,129.596,129.596,129.596,129.596,129.596,129.7,129.7,129.7,129.7,129.596,129.596,129.596,129.596,Sí,0.104,2026-09-22,22/09/2026,129.7,0,Ajuste aplicado
AH_2026_2027,2026-09-22,2026-09-22 19:51:57.622638,Yurimaguas,9046779,2026-09-23,23/09/2026,129.598,129.598,129.598,129.598,129.598,129.494,129.494,129.494,129.494,129.494,129.598,129.598,129.598,129.598,129.494,129.494,129.494,129.494,Sí,0.104,2026-09-22,22/09/2026,129.7,0,Ajuste aplicado
AH_2026_2027,2026-09-22,2026-09-22 19:51:57.622638,Yurimaguas,9046779,2026-09-24,24/09/2026,129.481,129.48,129.481,129.48,129.481,129.377,129.376,129.377,129.377,129.377,129.48,129.481,129.481,129.48,129.377,129.377,129.377,129.376,Sí,0.104,2026-09-22,22/09/2026,129.7,0,Ajuste aplicado
AH_2026_2027,2026-09-22,2026-09-22 19:51:57.622638,Yurimaguas,9046779,2026-09-25,25/09/2026,129.254,129.235,129.262,129.252,129.261,129.15,129.131,129.158,129.148,129.157,129.258,129.26,129.262,129.235,129.154,129.157,129.158,129.131,Sí,0.104,2026-09-22,22/09/2026,129.7,0,Ajuste aplicado
AH_2026_2027,2026-09-22,2026-09-22 19:51:57.622638,Yurimaguas,9046779,2026-09-26,26/09/2026,129.032,129.012,129.045,129.027,129.042,128.929,128.909,128.941,128.923,128.938,129.032,129.041,129.045,129.012,128.928,128.937,128.941,128.909,Sí,0.104,2026-09-22,22/09/2026,129.7,0,Ajuste aplicado
AH_2026_2027,2026-09-22,2026-09-22 19:51:57.622638,Yurimaguas,9046779,2026-09-27,27/09/2026,128.908,128.868,128.943,128.894,128.924,128.804,128.764,128.839,128.79,128.821,128.903,128.918,128.943,128.868,128.799,128.814,128.839,128.764,Sí,0.104,2026-09-22,22/09/2026,129.7,0,Ajuste aplicado
AH_2026_2027,2026-09-22,2026-09-22 19:51:57.622638,Yurimaguas,9046779,2026-09-28,28/09/2026,128.762,128.64,128.842,128.736,128.81,128.658,128.536,128.738,128.632,128.706,128.768,128.8,128.842,128.64,128.664,128.696,128.738,128.536,Sí,0.104,2026-09-22,22/09/2026,129.7,0,Ajuste aplicado
AH_2026_2027,2026-09-23,2026-09-23 19:46:46.598741,Angamos,9043370,2026-09-23,23/09/2026,1.3,1.3,1.3,1.3,1.3,7.327,7.327,7.327,7.327,7.327,1.3,1.3,1.3,1.3,7.327,7.327,7.327,7.327,Sí,-6.027,2026-09-23,23/09/2026,1.3,0,Offset alto: -6.03 m. Revisar estación.
AH_2026_2027,2026-09-23,2026-09-23 19:46:46.598741,Angamos,9043370,2026-09-24,24/09/2026,1.265,1.265,1.266,1.265,1.266,7.293,7.292,7.293,7.292,7.293,1.266,1.266,1.265,1.265,7.293,7.293,7.292,7.292,Sí,-6.027,2026-09-23,23/09/2026,1.3,0,Offset alto: -6.03 m. Revisar estación.
AH_2026_2027,2026-09-23,2026-09-23 19:46:46.598741,Angamos,9043370,2026-09-25,25/09/2026,1.245,1.245,1.245,1.245,1.245,7.273,7.272,7.273,7.272,7.273,1.245,1.245,1.245,1.245,7.273,7.273,7.273,7.272,Sí,-6.027,2026-09-23,23/09/2026,1.3,0,Offset alto: -6.03 m. Revisar estación.
AH_2026_2027,2026-09-23,2026-09-23 19:46:46.598741,Angamos,9043370,2026-09-26,26/09/2026,1.191,1.191,1.192,1.191,1.192,7.219,7.218,7.22,7.219,7.219,1.192,1.192,1.191,1.191,7.219,7.22,7.219,7.218,Sí,-6.027,2026-09-23,23/09/2026,1.3,0,Offset alto: -6.03 m. Revisar estación.
AH_2026_2027,2026-09-23,2026-09-23 19:46:46.598741,Angamos,9043370,2026-09-27,27/09/2026,1.184,1.175,1.191,1.182,1.187,7.212,7.203,7.218,7.21,7.214,1.185,1.185,1.175,1.191,7.212,7.213,7.203,7.218,Sí,-6.027,2026-09-23,23/09/2026,1.3,0,Offset alto: -6.03 m. Revisar estación.
AH_2026_2027,2026-09-23,2026-09-23 19:46:46.598741,Angamos,9043370,2026-09-28,28/09/2026,1.193,1.155,1.246,1.177,1.2,7.22,7.182,7.274,7.205,7.228,1.185,1.185,1.155,1.246,7.212,7.212,7.182,7.274,Sí,-6.027,2026-09-23,23/09/2026,1.3,0,Offset alto: -6.03 m. Revisar estación.
AH_2026_2027,2026-09-23,2026-09-23 19:46:46.598741,Angamos,9043370,2026-09-29,29/09/2026,1.199,1.151,1.267,1.178,1.21,7.227,7.178,7.295,7.206,7.237,1.188,1.19,1.151,1.267,7.215,7.218,7.178,7.295,Sí,-6.027,2026-09-23,23/09/2026,1.3,0,Offset alto: -6.03 m. Revisar estación.
AH_2026_2027,2026-09-23,2026-09-23 19:46:46.598741,Bellavista,9036028,2026-09-23,23/09/2026,5.18,5.18,5.18,5.18,5.18,4.884,4.884,4.884,4.884,4.884,5.18,5.18,5.18,5.18,4.884,4.884,4.884,4.884,Sí,0.296,2026-09-23,23/09/2026,5.18,0,Ajuste aplicado
AH_2026_2027,2026-09-23,2026-09-23 19:46:46.598741,Bellavista,9036028,2026-09-24,24/09/2026,5.172,5.172,5.172,5.172,5.172,4.876,4.876,4.876,4.876,4.876,5.172,5.172,5.172,5.172,4.876,4.876,4.876,4.876,Sí,0.296,2026-09-23,23/09/2026,5.18,0,Ajuste aplicado
AH_2026_2027,2026-09-23,2026-09-23 19:46:46.598741,Bellavista,9036028,2026-09-25,25/09/2026,5.144,5.144,5.145,5.144,5.144,4.848,4.847,4.848,4.847,4.848,5.144,5.145,5.144,5.144,4.848,4.848,4.848,4.847,Sí,0.296,2026-09-23,23/09/2026,5.18,0,Ajuste aplicado
AH_2026_2027,2026-09-23,2026-09-23 19:46:46.598741,Bellavista,9036028,2026-09-26,26/09/2026,5.132,5.131,5.132,5.131,5.132,4.835,4.835,4.836,4.835,4.836,5.132,5.132,5.131,5.131,4.836,4.836,4.835,4.835,Sí,0.296,2026-09-23,23/09/2026,5.18,0,Ajuste aplicado
AH_2026_2027,2026-09-23,2026-09-23 19:46:46.598741,Bellavista,9036028,2026-09-27,27/09/2026,5.131,5.129,5.131,5.13,5.131,4.834,4.833,4.835,4.834,4.835,5.131,5.131,5.131,5.129,4.835,4.835,4.835,4.833,Sí,0.296,2026-09-23,23/09/2026,5.18,0,Ajuste aplicado
AH_2026_2027,2026-09-23,2026-09-23 19:46:46.598741,Bellavista,9036028,2026-09-28,28/09/2026,5.13,5.127,5.131,5.13,5.131,4.834,4.831,4.835,4.834,4.835,5.131,5.131,5.131,5.127,4.835,4.835,4.835,4.831,Sí,0.296,2026-09-23,23/09/2026,5.18,0,Ajuste aplicado
AH_2026_2027,2026-09-23,2026-09-23 19:46:46.598741,Bellavista,9036028,2026-09-29,29/09/2026,5.129,5.126,5.131,5.128,5.13,4.833,4.83,4.835,4.832,4.834,5.129,5.131,5.129,5.126,4.833,4.835,4.833,4.83,Sí,0.296,2026-09-23,23/09/2026,5.18,0,Ajuste aplicado
AH_2026_2027,2026-09-23,2026-09-23 19:46:46.598741,Borja,9040208,2026-09-23,23/09/2026,3.75,3.748,3.752,3.748,3.752,4.431,4.429,4.434,4.429,4.434,3.752,3.752,3.748,3.748,4.434,4.434,4.429,4.429,Sí,-0.681,2026-09-23,23/09/2026,3.75,0,Ajuste aplicado
AH_2026_2027,2026-09-23,2026-09-23 19:46:46.598741,Borja,9040208,2026-09-24,24/09/2026,3.741,3.72,3.761,3.726,3.756,4.422,4.402,4.443,4.407,4.438,3.754,3.761,3.72,3.728,4.436,4.443,4.402,4.409,Sí,-0.681,2026-09-23,23/09/2026,3.75,0,Ajuste aplicado
AH_2026_2027,2026-09-23,2026-09-23 19:46:46.598741,Borja,9040208,2026-09-25,25/09/2026,3.733,3.689,3.78,3.695,3.769,4.414,4.37,4.462,4.376,4.451,3.766,3.78,3.689,3.696,4.447,4.462,4.37,4.378,Sí,-0.681,2026-09-23,23/09/2026,3.75,0,Ajuste aplicado
AH_2026_2027,2026-09-23,2026-09-23 19:46:46.598741,Borja,9040208,2026-09-26,26/09/2026,3.713,3.656,3.779,3.672,3.751,4.395,4.337,4.46,4.353,4.432,3.741,3.779,3.656,3.677,4.423,4.46,4.337,4.358,Sí,-0.681,2026-09-23,23/09/2026,3.75,0,Ajuste aplicado
AH_2026_2027,2026-09-23,2026-09-23 19:46:46.598741,Borja,9040208,2026-09-27,27/09/2026,3.683,3.645,3.754,3.653,3.697,4.365,4.327,4.436,4.334,4.378,3.678,3.754,3.645,3.655,4.359,4.436,4.327,4.336,Sí,-0.681,2026-09-23,23/09/2026,3.75,0,Ajuste aplicado
AH_2026_2027,2026-09-23,2026-09-23 19:46:46.598741,Borja,9040208,2026-09-28,28/09/2026,3.695,3.645,3.741,3.676,3.714,4.376,4.327,4.423,4.358,4.396,3.645,3.741,3.686,3.705,4.327,4.423,4.368,4.387,Sí,-0.681,2026-09-23,23/09/2026,3.75,0,Ajuste aplicado
AH_2026_2027,2026-09-23,2026-09-23 19:46:46.598741,Borja,9040208,2026-09-29,29/09/2026,3.79,3.637,3.907,3.722,3.875,4.471,4.318,4.589,4.403,4.556,3.637,3.75,3.864,3.907,4.318,4.432,4.546,4.589,Sí,-0.681,2026-09-23,23/09/2026,3.75,0,Ajuste aplicado
AH_2026_2027,2026-09-23,2026-09-23 19:46:46.598741,Contamana,9053555,2026-09-23,23/09/2026,6.7,6.7,6.7,6.7,6.7,11.822,11.822,11.822,11.822,11.822,6.7,6.7,6.7,6.7,11.822,11.822,11.822,11.822,Sí,-5.122,2026-09-23,23/09/2026,6.7,0,Offset alto: -5.12 m. Revisar estación.
AH_2026_2027,2026-09-23,2026-09-23 19:46:46.598741,Contamana,9053555,2026-09-24,24/09/2026,6.772,6.772,6.772,6.772,6.772,11.893,11.893,11.893,11.893,11.893,6.772,6.772,6.772,6.772,11.893,11.893,11.893,11.893,Sí,-5.122,2026-09-23,23/09/2026,6.7,0,Offset alto: -5.12 m. Revisar estación.
AH_2026_2027,2026-09-23,2026-09-23 19:46:46.598741,Contamana,9053555,2026-09-25,25/09/2026,6.866,6.866,6.866,6.866,6.866,11.988,11.988,11.988,11.988,11.988,6.866,6.866,6.866,6.866,11.988,11.988,11.988,11.988,Sí,-5.122,2026-09-23,23/09/2026,6.7,0,Offset alto: -5.12 m. Revisar estación.
AH_2026_2027,2026-09-23,2026-09-23 19:46:46.598741,Contamana,9053555,2026-09-26,26/09/2026,7.027,7.027,7.027,7.027,7.027,12.149,12.148,12.149,12.148,12.149,7.027,7.027,7.027,7.027,12.149,12.148,12.148,12.148,Sí,-5.122,2026-09-23,23/09/2026,6.7,0,Offset alto: -5.12 m. Revisar estación.
AH_2026_2027,2026-09-23,2026-09-23 19:46:46.598741,Contamana,9053555,2026-09-27,27/09/2026,7.397,7.396,7.398,7.397,7.397,12.518,12.518,12.52,12.518,12.519,7.398,7.397,7.396,7.397,12.52,12.518,12.518,12.518,Sí,-5.122,2026-09-23,23/09/2026,6.7,0,Offset alto: -5.12 m. Revisar estación.
AH_2026_2027,2026-09-23,2026-09-23 19:46:46.598741,Contamana,9053555,2026-09-28,28/09/2026,7.582,7.58,7.584,7.581,7.583,12.704,12.702,12.706,12.703,12.704,7.584,7.582,7.58,7.582,12.706,12.704,12.702,12.703,Sí,-5.122,2026-09-23,23/09/2026,6.7,0,Offset alto: -5.12 m. Revisar estación.
AH_2026_2027,2026-09-23,2026-09-23 19:46:46.598741,Contamana,9053555,2026-09-29,29/09/2026,7.66,7.657,7.663,7.658,7.661,12.781,12.779,12.785,12.779,12.783,7.663,7.66,7.657,7.658,12.785,12.782,12.779,12.779,Sí,-5.122,2026-09-23,23/09/2026,6.7,0,Offset alto: -5.12 m. Revisar estación.
AH_2026_2027,2026-09-23,2026-09-23 19:46:46.598741,ENAPU,9038134,2026-09-23,23/09/2026,57.495,57.476,57.532,57.478,57.503,108.224,108.204,108.261,108.207,108.231,57.479,57.532,57.493,57.476,108.208,108.261,108.222,108.204,Sí,-50.729,2026-09-23,23/09/2026,57.495,0,Offset alto: -50.73 m. Revisar estación.
AH_2026_2027,2026-09-23,2026-09-23 19:46:46.598741,ENAPU,9038134,2026-09-24,24/09/2026,57.182,57.141,57.262,57.149,57.195,107.911,107.87,107.99,107.877,107.924,57.151,57.262,57.173,57.141,107.88,107.99,107.902,107.87,Sí,-50.729,2026-09-23,23/09/2026,57.495,0,Offset alto: -50.73 m. Revisar estación.
AH_2026_2027,2026-09-23,2026-09-23 19:46:46.598741,ENAPU,9038134,2026-09-25,25/09/2026,56.899,56.774,57.108,56.791,56.964,107.627,107.502,107.837,107.52,107.693,56.774,57.108,56.916,56.797,107.502,107.837,107.645,107.525,Sí,-50.729,2026-09-23,23/09/2026,57.495,0,Offset alto: -50.73 m. Revisar estación.
AH_2026_2027,2026-09-23,2026-09-23 19:46:46.598741,ENAPU,9038134,2026-09-26,26/09/2026,56.706,56.376,57.116,56.481,56.891,107.435,107.105,107.844,107.21,107.619,56.816,57.116,56.516,56.376,107.544,107.844,107.245,107.105,Sí,-50.729,2026-09-23,23/09/2026,57.495,0,Offset alto: -50.73 m. Revisar estación.
AH_2026_2027,2026-09-23,2026-09-23 19:46:46.598741,ENAPU,9038134,2026-09-27,27/09/2026,56.877,56.159,57.634,56.186,57.548,107.605,106.888,108.362,106.914,108.276,57.634,57.519,56.194,56.159,108.362,108.248,106.923,106.888,Sí,-50.729,2026-09-23,23/09/2026,57.495,0,Offset alto: -50.73 m. Revisar estación.
AH_2026_2027,2026-09-23,2026-09-23 19:46:46.598741,ENAPU,9038134,2026-09-28,28/09/2026,57.239,55.767,58.488,56.342,58.247,107.968,106.495,109.217,107.071,108.976,58.488,58.167,55.767,56.534,109.217,108.896,106.495,107.263,Sí,-50.729,2026-09-23,23/09/2026,57.495,0,Offset alto: -50.73 m. Revisar estación.
AH_2026_2027,2026-09-23,2026-09-23 19:46:46.598741,ENAPU,9038134,2026-09-29,29/09/2026,45.307,7.241,58.758,44.372,58.549,96.036,57.97,109.486,95.1,109.278,58.758,58.48,7.241,56.749,109.486,109.209,57.97,107.477,Sí,-50.729,2026-09-23,23/09/2026,57.495,0,Offset alto: -50.73 m. Revisar estación.
AH_2026_2027,2026-09-23,2026-09-23 19:46:46.598741,Flor de Punga,9044756,2026-09-23,23/09/2026,8.08,8.08,8.08,8.08,8.08,8.08,8.08,8.08,8.08,8.08,8.08,8.08,8.08,8.08,8.08,8.08,8.08,8.08,No,,2026-05-14,14/05/2026,22.8,132,Observado muy antiguo para ajuste: 132 días
AH_2026_2027,2026-09-23,2026-09-23 19:46:46.598741,Flor de Punga,9044756,2026-09-24,24/09/2026,7.854,7.854,7.854,7.854,7.854,7.854,7.854,7.854,7.854,7.854,7.854,7.854,7.854,7.854,7.854,7.854,7.854,7.854,No,,2026-05-14,14/05/2026,22.8,132,Observado muy antiguo para ajuste: 132 días
AH_2026_2027,2026-09-23,2026-09-23 19:46:46.598741,Flor de Punga,9044756,2026-09-25,25/09/2026,7.709,7.709,7.71,7.709,7.71,7.709,7.709,7.71,7.709,7.71,7.709,7.71,7.71,7.709,7.709,7.71,7.71,7.709,No,,2026-05-14,14/05/2026,22.8,132,Observado muy antiguo para ajuste: 132 días
AH_2026_2027,2026-09-23,2026-09-23 19:46:46.598741,Flor de Punga,9044756,2026-09-26,26/09/2026,7.691,7.691,7.691,7.691,7.691,7.691,7.691,7.691,7.691,7.691,7.691,7.691,7.691,7.691,7.691,7.691,7.691,7.691,No,,2026-05-14,14/05/2026,22.8,132,Observado muy antiguo para ajuste: 132 días
AH_2026_2027,2026-09-23,2026-09-23 19:46:46.598741,Flor de Punga,9044756,2026-09-27,27/09/2026,7.695,7.695,7.695,7.695,7.695,7.695,7.695,7.695,7.695,7.695,7.695,7.695,7.695,7.695,7.695,7.695,7.695,7.695,No,,2026-05-14,14/05/2026,22.8,132,Observado muy antiguo para ajuste: 132 días
AH_2026_2027,2026-09-23,2026-09-23 19:46:46.598741,Flor de Punga,9044756,2026-09-28,28/09/2026,7.758,7.758,7.758,7.758,7.758,7.758,7.758,7.758,7.758,7.758,7.758,7.758,7.758,7.758,7.758,7.758,7.758,7.758,No,,2026-05-14,14/05/2026,22.8,132,Observado muy antiguo para ajuste: 132 días
AH_2026_2027,2026-09-23,2026-09-23 19:46:46.598741,Flor de Punga,9044756,2026-09-29,29/09/2026,7.866,7.866,7.866,7.866,7.866,7.866,7.866,7.866,7.866,7.866,7.866,7.866,7.866,7.866,7.866,7.866,7.866,7.866,No,,2026-05-14,14/05/2026,22.8,132,Observado muy antiguo para ajuste: 132 días
AH_2026_2027,2026-09-23,2026-09-23 19:46:46.598741,Genaro Herrera,9042214,2026-09-23,23/09/2026,7.28,7.28,7.28,7.28,7.28,7.499,7.499,7.499,7.499,7.499,7.28,7.28,7.28,7.28,7.499,7.499,7.499,7.499,Sí,-0.219,2026-09-23,23/09/2026,7.28,0,Ajuste aplicado
AH_2026_2027,2026-09-23,2026-09-23 19:46:46.598741,Genaro Herrera,9042214,2026-09-24,24/09/2026,7.009,7.009,7.009,7.009,7.009,7.229,7.229,7.229,7.229,7.229,7.009,7.009,7.009,7.009,7.229,7.229,7.229,7.229,Sí,-0.219,2026-09-23,23/09/2026,7.28,0,Ajuste aplicado
AH_2026_2027,2026-09-23,2026-09-23 19:46:46.598741,Genaro Herrera,9042214,2026-09-25,25/09/2026,6.436,6.436,6.436,6.436,6.436,6.656,6.656,6.656,6.656,6.656,6.436,6.436,6.436,6.436,6.656,6.656,6.656,6.656,Sí,-0.219,2026-09-23,23/09/2026,7.28,0,Ajuste aplicado
AH_2026_2027,2026-09-23,2026-09-23 19:46:46.598741,Genaro Herrera,9042214,2026-09-26,26/09/2026,6.293,6.293,6.293,6.293,6.293,6.513,6.512,6.513,6.513,6.513,6.293,6.293,6.293,6.293,6.512,6.513,6.513,6.513,Sí,-0.219,2026-09-23,23/09/2026,7.28,0,Ajuste aplicado
AH_2026_2027,2026-09-23,2026-09-23 19:46:46.598741,Genaro Herrera,9042214,2026-09-27,27/09/2026,6.237,6.237,6.237,6.237,6.237,6.456,6.456,6.456,6.456,6.456,6.237,6.237,6.237,6.237,6.456,6.456,6.456,6.456,Sí,-0.219,2026-09-23,23/09/2026,7.28,0,Ajuste aplicado
AH_2026_2027,2026-09-23,2026-09-23 19:46:46.598741,Genaro Herrera,9042214,2026-09-28,28/09/2026,6.229,6.229,6.229,6.229,6.229,6.448,6.448,6.448,6.448,6.448,6.229,6.229,6.229,6.229,6.448,6.448,6.448,6.448,Sí,-0.219,2026-09-23,23/09/2026,7.28,0,Ajuste aplicado
AH_2026_2027,2026-09-23,2026-09-23 19:46:46.598741,Genaro Herrera,9042214,2026-09-29,29/09/2026,6.234,6.234,6.235,6.234,6.235,6.454,6.453,6.454,6.454,6.454,6.234,6.235,6.234,6.235,6.453,6.454,6.454,6.454,Sí,-0.219,2026-09-23,23/09/2026,7.28,0,Ajuste aplicado
AH_2026_2027,2026-09-23,2026-09-23 19:46:46.598741,Lagunas,9043597,2026-09-23,23/09/2026,5.35,5.35,5.35,5.35,5.35,5.616,5.616,5.616,5.616,5.616,5.35,5.35,5.35,5.35,5.616,5.616,5.616,5.616,Sí,-0.266,2026-09-23,23/09/2026,5.35,0,Ajuste aplicado
AH_2026_2027,2026-09-23,2026-09-23 19:46:46.598741,Lagunas,9043597,2026-09-24,24/09/2026,5.389,5.389,5.389,5.389,5.389,5.656,5.656,5.656,5.656,5.656,5.389,5.389,5.389,5.389,5.656,5.656,5.656,5.656,Sí,-0.266,2026-09-23,23/09/2026,5.35,0,Ajuste aplicado
AH_2026_2027,2026-09-23,2026-09-23 19:46:46.598741,Lagunas,9043597,2026-09-25,25/09/2026,5.301,5.301,5.301,5.301,5.301,5.567,5.567,5.567,5.567,5.567,5.301,5.301,5.301,5.301,5.567,5.567,5.567,5.567,Sí,-0.266,2026-09-23,23/09/2026,5.35,0,Ajuste aplicado
AH_2026_2027,2026-09-23,2026-09-23 19:46:46.598741,Lagunas,9043597,2026-09-26,26/09/2026,5.224,5.224,5.224,5.224,5.224,5.491,5.49,5.491,5.49,5.491,5.224,5.224,5.224,5.224,5.491,5.491,5.49,5.49,Sí,-0.266,2026-09-23,23/09/2026,5.35,0,Ajuste aplicado
AH_2026_2027,2026-09-23,2026-09-23 19:46:46.598741,Lagunas,9043597,2026-09-27,27/09/2026,5.144,5.144,5.144,5.144,5.144,5.41,5.41,5.41,5.41,5.41,5.144,5.144,5.144,5.144,5.41,5.41,5.41,5.41,Sí,-0.266,2026-09-23,23/09/2026,5.35,0,Ajuste aplicado
AH_2026_2027,2026-09-23,2026-09-23 19:46:46.598741,Lagunas,9043597,2026-09-28,28/09/2026,4.969,4.969,4.969,4.969,4.969,5.236,5.236,5.236,5.236,5.236,4.969,4.969,4.969,4.969,5.236,5.236,5.236,5.236,Sí,-0.266,2026-09-23,23/09/2026,5.35,0,Ajuste aplicado
AH_2026_2027,2026-09-23,2026-09-23 19:46:46.598741,Lagunas,9043597,2026-09-29,29/09/2026,4.784,4.784,4.785,4.784,4.785,5.051,5.05,5.051,5.051,5.051,4.784,4.785,4.785,4.784,5.051,5.051,5.051,5.05,Sí,-0.266,2026-09-23,23/09/2026,5.35,0,Ajuste aplicado
AH_2026_2027,2026-09-23,2026-09-23 19:46:46.598741,Nauta,9040454,2026-09-23,23/09/2026,6.28,6.28,6.28,6.28,6.28,4.695,4.695,4.695,4.695,4.695,6.28,6.28,6.28,6.28,4.695,4.695,4.695,4.695,Sí,1.585,2026-09-23,23/09/2026,6.28,0,Offset alto: 1.59 m. Revisar estación.
AH_2026_2027,2026-09-23,2026-09-23 19:46:46.598741,Nauta,9040454,2026-09-24,24/09/2026,6.227,6.227,6.227,6.227,6.227,4.642,4.642,4.642,4.642,4.642,6.227,6.227,6.227,6.227,4.642,4.642,4.642,4.642,Sí,1.585,2026-09-23,23/09/2026,6.28,0,Offset alto: 1.59 m. Revisar estación.
AH_2026_2027,2026-09-23,2026-09-23 19:46:46.598741,Nauta,9040454,2026-09-25,25/09/2026,6.28,6.28,6.281,6.28,6.28,4.695,4.695,4.695,4.695,4.695,6.28,6.281,6.28,6.28,4.695,4.695,4.695,4.695,Sí,1.585,2026-09-23,23/09/2026,6.28,0,Offset alto: 1.59 m. Revisar estación.
AH_2026_2027,2026-09-23,2026-09-23 19:46:46.598741,Nauta,9040454,2026-09-26,26/09/2026,6.362,6.362,6.362,6.362,6.362,4.777,4.777,4.777,4.777,4.777,6.362,6.362,6.362,6.362,4.777,4.777,4.777,4.777,Sí,1.585,2026-09-23,23/09/2026,6.28,0,Offset alto: 1.59 m. Revisar estación.
AH_2026_2027,2026-09-23,2026-09-23 19:46:46.598741,Nauta,9040454,2026-09-27,27/09/2026,6.482,6.482,6.482,6.482,6.482,4.897,4.897,4.897,4.897,4.897,6.482,6.482,6.482,6.482,4.897,4.897,4.897,4.897,Sí,1.585,2026-09-23,23/09/2026,6.28,0,Offset alto: 1.59 m. Revisar estación.
AH_2026_2027,2026-09-23,2026-09-23 19:46:46.598741,Nauta,9040454,2026-09-28,28/09/2026,6.616,6.615,6.616,6.615,6.616,5.03,5.03,5.031,5.03,5.031,6.616,6.616,6.615,6.615,5.031,5.031,5.03,5.03,Sí,1.585,2026-09-23,23/09/2026,6.28,0,Offset alto: 1.59 m. Revisar estación.
AH_2026_2027,2026-09-23,2026-09-23 19:46:46.598741,Nauta,9040454,2026-09-29,29/09/2026,6.693,6.693,6.694,6.693,6.693,5.108,5.108,5.108,5.108,5.108,6.693,6.694,6.693,6.693,5.108,5.108,5.108,5.108,Sí,1.585,2026-09-23,23/09/2026,6.28,0,Offset alto: 1.59 m. Revisar estación.
AH_2026_2027,2026-09-23,2026-09-23 19:46:46.598741,Puerto Alegria,9038835,2026-09-23,23/09/2026,10.3,10.3,10.3,10.3,10.3,9.844,9.844,9.845,9.844,9.845,10.3,10.3,10.3,10.3,9.845,9.845,9.844,9.844,Sí,0.456,2026-09-23,23/09/2026,10.3,0,Ajuste aplicado
AH_2026_2027,2026-09-23,2026-09-23 19:46:46.598741,Puerto Alegria,9038835,2026-09-24,24/09/2026,10.346,10.346,10.347,10.346,10.347,9.891,9.89,9.892,9.89,9.891,10.347,10.347,10.346,10.346,9.891,9.892,9.891,9.89,Sí,0.456,2026-09-23,23/09/2026,10.3,0,Ajuste aplicado
AH_2026_2027,2026-09-23,2026-09-23 19:46:46.598741,Puerto Alegria,9038835,2026-09-25,25/09/2026,10.365,10.363,10.367,10.363,10.366,9.909,9.907,9.911,9.908,9.911,10.366,10.367,10.363,10.363,9.91,9.911,9.908,9.907,Sí,0.456,2026-09-23,23/09/2026,10.3,0,Ajuste aplicado
AH_2026_2027,2026-09-23,2026-09-23 19:46:46.598741,Puerto Alegria,9038835,2026-09-26,26/09/2026,10.304,10.3,10.308,10.302,10.306,9.848,9.844,9.853,9.846,9.851,10.305,10.308,10.302,10.3,9.85,9.853,9.847,9.844,Sí,0.456,2026-09-23,23/09/2026,10.3,0,Ajuste aplicado
AH_2026_2027,2026-09-23,2026-09-23 19:46:46.598741,Puerto Alegria,9038835,2026-09-27,27/09/2026,10.22,10.196,10.232,10.217,10.229,9.764,9.74,9.776,9.761,9.773,10.224,10.232,10.227,10.196,9.768,9.776,9.772,9.74,Sí,0.456,2026-09-23,23/09/2026,10.3,0,Ajuste aplicado
AH_2026_2027,2026-09-23,2026-09-23 19:46:46.598741,Puerto Alegria,9038835,2026-09-28,28/09/2026,10.103,10.06,10.137,10.095,10.117,9.648,9.604,9.681,9.64,9.661,10.06,10.107,10.137,10.11,9.604,9.651,9.681,9.655,Sí,0.456,2026-09-23,23/09/2026,10.3,0,Ajuste aplicado
AH_2026_2027,2026-09-23,2026-09-23 19:46:46.598741,Puerto Alegria,9038835,2026-09-29,29/09/2026,9.971,9.892,10.088,9.902,10.022,9.516,9.436,9.633,9.446,9.566,9.892,9.905,10.0,10.088,9.436,9.45,9.544,9.633,Sí,0.456,2026-09-23,23/09/2026,10.3,0,Ajuste aplicado
AH_2026_2027,2026-09-23,2026-09-23 19:46:46.598741,Puerto Almendra,9037610,2026-09-23,23/09/2026,3.52,3.52,3.52,3.52,3.52,3.399,3.398,3.399,3.398,3.399,3.52,3.52,3.52,3.52,3.398,3.399,3.398,3.398,Sí,0.121,2026-09-23,23/09/2026,3.52,0,Ajuste aplicado
AH_2026_2027,2026-09-23,2026-09-23 19:46:46.598741,Puerto Almendra,9037610,2026-09-24,24/09/2026,3.221,3.212,3.232,3.215,3.228,3.1,3.09,3.11,3.094,3.106,3.226,3.232,3.212,3.216,3.105,3.11,3.09,3.095,Sí,0.121,2026-09-23,23/09/2026,3.52,0,Ajuste aplicado
AH_2026_2027,2026-09-23,2026-09-23 19:46:46.598741,Puerto Almendra,9037610,2026-09-25,25/09/2026,3.072,3.02,3.152,3.028,3.102,2.951,2.898,3.031,2.907,2.98,3.085,3.152,3.02,3.031,2.963,3.031,2.898,2.91,Sí,0.121,2026-09-23,23/09/2026,3.52,0,Ajuste aplicado
AH_2026_2027,2026-09-23,2026-09-23 19:46:46.598741,Puerto Almendra,9037610,2026-09-26,26/09/2026,3.028,2.918,3.179,2.935,3.1,2.906,2.796,3.057,2.813,2.979,3.074,3.179,2.918,2.941,2.953,3.057,2.796,2.819,Sí,0.121,2026-09-23,23/09/2026,3.52,0,Ajuste aplicado
AH_2026_2027,2026-09-23,2026-09-23 19:46:46.598741,Puerto Almendra,9037610,2026-09-27,27/09/2026,2.97,2.786,3.201,2.791,3.125,2.848,2.664,3.08,2.669,3.004,3.1,3.201,2.786,2.793,2.978,3.08,2.664,2.671,Sí,0.121,2026-09-23,23/09/2026,3.52,0,Ajuste aplicado
AH_2026_2027,2026-09-23,2026-09-23 19:46:46.598741,Puerto Almendra,9037610,2026-09-28,28/09/2026,2.925,2.47,3.292,2.621,3.272,2.803,2.349,3.171,2.499,3.151,3.292,3.266,2.671,2.47,3.171,3.144,2.55,2.349,Sí,0.121,2026-09-23,23/09/2026,3.52,0,Ajuste aplicado
AH_2026_2027,2026-09-23,2026-09-23 19:46:46.598741,Puerto Almendra,9037610,2026-09-29,29/09/2026,2.986,1.906,3.698,2.608,3.55,2.865,1.784,3.576,2.486,3.428,3.698,3.5,2.842,1.906,3.576,3.379,2.72,1.784,Sí,0.121,2026-09-23,23/09/2026,3.52,0,Ajuste aplicado
AH_2026_2027,2026-09-23,2026-09-23 19:46:46.598741,Requena,9043425,2026-09-23,23/09/2026,5.99,5.99,5.99,5.99,5.99,5.158,5.158,5.158,5.158,5.158,5.99,5.99,5.99,5.99,5.158,5.158,5.158,5.158,Sí,0.832,2026-09-23,23/09/2026,5.99,0,Ajuste aplicado
AH_2026_2027,2026-09-23,2026-09-23 19:46:46.598741,Requena,9043425,2026-09-24,24/09/2026,5.987,5.987,5.987,5.987,5.987,5.155,5.155,5.155,5.155,5.155,5.987,5.987,5.987,5.987,5.155,5.155,5.155,5.155,Sí,0.832,2026-09-23,23/09/2026,5.99,0,Ajuste aplicado
AH_2026_2027,2026-09-23,2026-09-23 19:46:46.598741,Requena,9043425,2026-09-25,25/09/2026,5.984,5.984,5.984,5.984,5.984,5.152,5.152,5.152,5.152,5.152,5.984,5.984,5.984,5.984,5.152,5.152,5.152,5.152,Sí,0.832,2026-09-23,23/09/2026,5.99,0,Ajuste aplicado
AH_2026_2027,2026-09-23,2026-09-23 19:46:46.598741,Requena,9043425,2026-09-26,26/09/2026,5.98,5.98,5.98,5.98,5.98,5.149,5.149,5.149,5.149,5.149,5.98,5.98,5.98,5.98,5.149,5.149,5.149,5.149,Sí,0.832,2026-09-23,23/09/2026,5.99,0,Ajuste aplicado
AH_2026_2027,2026-09-23,2026-09-23 19:46:46.598741,Requena,9043425,2026-09-27,27/09/2026,5.977,5.977,5.977,5.977,5.977,5.146,5.146,5.146,5.146,5.146,5.977,5.977,5.977,5.977,5.146,5.146,5.146,5.146,Sí,0.832,2026-09-23,23/09/2026,5.99,0,Ajuste aplicado
AH_2026_2027,2026-09-23,2026-09-23 19:46:46.598741,Requena,9043425,2026-09-28,28/09/2026,5.971,5.971,5.971,5.971,5.971,5.139,5.139,5.139,5.139,5.139,5.971,5.971,5.971,5.971,5.139,5.139,5.139,5.139,Sí,0.832,2026-09-23,23/09/2026,5.99,0,Ajuste aplicado
AH_2026_2027,2026-09-23,2026-09-23 19:46:46.598741,Requena,9043425,2026-09-29,29/09/2026,5.962,5.961,5.963,5.962,5.963,5.131,5.13,5.132,5.13,5.131,5.962,5.963,5.962,5.961,5.131,5.132,5.131,5.13,Sí,0.832,2026-09-23,23/09/2026,5.99,0,Ajuste aplicado
AH_2026_2027,2026-09-23,2026-09-23 19:46:46.598741,San Lorenzo,9042153,2026-09-23,23/09/2026,9.732,9.732,9.732,9.732,9.732,9.732,9.732,9.732,9.732,9.732,9.732,9.732,9.732,9.732,9.732,9.732,9.732,9.732,No,,2025-09-30,30/09/2025,7.19,358,Observado muy antiguo para ajuste: 358 días
AH_2026_2027,2026-09-23,2026-09-23 19:46:46.598741,San Lorenzo,9042153,2026-09-24,24/09/2026,9.679,9.679,9.679,9.679,9.679,9.679,9.679,9.679,9.679,9.679,9.679,9.679,9.679,9.679,9.679,9.679,9.679,9.679,No,,2025-09-30,30/09/2025,7.19,358,Observado muy antiguo para ajuste: 358 días
AH_2026_2027,2026-09-23,2026-09-23 19:46:46.598741,San Lorenzo,9042153,2026-09-25,25/09/2026,9.647,9.647,9.648,9.647,9.648,9.647,9.647,9.648,9.647,9.648,9.648,9.648,9.647,9.647,9.648,9.648,9.647,9.647,No,,2025-09-30,30/09/2025,7.19,358,Observado muy antiguo para ajuste: 358 días
AH_2026_2027,2026-09-23,2026-09-23 19:46:46.598741,San Lorenzo,9042153,2026-09-26,26/09/2026,9.641,9.64,9.643,9.64,9.642,9.641,9.64,9.643,9.64,9.642,9.642,9.643,9.64,9.64,9.642,9.643,9.64,9.64,No,,2025-09-30,30/09/2025,7.19,358,Observado muy antiguo para ajuste: 358 días
AH_2026_2027,2026-09-23,2026-09-23 19:46:46.598741,San Lorenzo,9042153,2026-09-27,27/09/2026,9.63,9.616,9.644,9.618,9.642,9.63,9.616,9.644,9.618,9.642,9.641,9.644,9.616,9.618,9.641,9.644,9.616,9.618,No,,2025-09-30,30/09/2025,7.19,358,Observado muy antiguo para ajuste: 358 días
AH_2026_2027,2026-09-23,2026-09-23 19:46:46.598741,San Lorenzo,9042153,2026-09-28,28/09/2026,9.625,9.607,9.644,9.61,9.639,9.625,9.607,9.644,9.61,9.639,9.638,9.644,9.607,9.612,9.638,9.644,9.607,9.612,No,,2025-09-30,30/09/2025,7.19,358,Observado muy antiguo para ajuste: 358 días
AH_2026_2027,2026-09-23,2026-09-23 19:46:46.598741,San Lorenzo,9042153,2026-09-29,29/09/2026,9.607,9.573,9.64,9.594,9.619,9.607,9.573,9.64,9.594,9.619,9.612,9.64,9.573,9.602,9.612,9.64,9.573,9.602,No,,2025-09-30,30/09/2025,7.19,358,Observado muy antiguo para ajuste: 358 días
AH_2026_2027,2026-09-23,2026-09-23 19:46:46.598741,San Regis,9040439,2026-09-23,23/09/2026,6.3,6.3,6.3,6.3,6.3,5.045,5.045,5.045,5.045,5.045,6.3,6.3,6.3,6.3,5.045,5.045,5.045,5.045,Sí,1.255,2026-09-23,23/09/2026,6.3,0,Ajuste aplicado
AH_2026_2027,2026-09-23,2026-09-23 19:46:46.598741,San Regis,9040439,2026-09-24,24/09/2026,6.322,6.322,6.322,6.322,6.322,5.067,5.067,5.067,5.067,5.067,6.322,6.322,6.322,6.322,5.067,5.067,5.067,5.067,Sí,1.255,2026-09-23,23/09/2026,6.3,0,Ajuste aplicado
AH_2026_2027,2026-09-23,2026-09-23 19:46:46.598741,San Regis,9040439,2026-09-25,25/09/2026,6.382,6.382,6.382,6.382,6.382,5.127,5.127,5.127,5.127,5.127,6.382,6.382,6.382,6.382,5.127,5.127,5.127,5.127,Sí,1.255,2026-09-23,23/09/2026,6.3,0,Ajuste aplicado
AH_2026_2027,2026-09-23,2026-09-23 19:46:46.598741,San Regis,9040439,2026-09-26,26/09/2026,6.484,6.484,6.484,6.484,6.484,5.229,5.229,5.229,5.229,5.229,6.484,6.484,6.484,6.484,5.229,5.229,5.229,5.229,Sí,1.255,2026-09-23,23/09/2026,6.3,0,Ajuste aplicado
AH_2026_2027,2026-09-23,2026-09-23 19:46:46.598741,San Regis,9040439,2026-09-27,27/09/2026,6.533,6.533,6.533,6.533,6.533,5.278,5.278,5.278,5.278,5.278,6.533,6.533,6.533,6.533,5.278,5.278,5.278,5.278,Sí,1.255,2026-09-23,23/09/2026,6.3,0,Ajuste aplicado
AH_2026_2027,2026-09-23,2026-09-23 19:46:46.598741,San Regis,9040439,2026-09-28,28/09/2026,6.568,6.568,6.568,6.568,6.568,5.312,5.312,5.312,5.312,5.312,6.568,6.568,6.568,6.568,5.312,5.312,5.312,5.312,Sí,1.255,2026-09-23,23/09/2026,6.3,0,Ajuste aplicado
AH_2026_2027,2026-09-23,2026-09-23 19:46:46.598741,San Regis,9040439,2026-09-29,29/09/2026,6.563,6.563,6.564,6.563,6.564,5.308,5.308,5.308,5.308,5.308,6.564,6.564,6.564,6.563,5.308,5.308,5.308,5.308,Sí,1.255,2026-09-23,23/09/2026,6.3,0,Ajuste aplicado
AH_2026_2027,2026-09-23,2026-09-23 19:46:46.598741,Santa Clotilde,9032282,2026-09-23,23/09/2026,7.46,7.46,7.46,7.46,7.46,6.392,6.392,6.392,6.392,6.392,7.46,7.46,7.46,7.46,6.392,6.392,6.392,6.392,Sí,1.068,2026-09-23,23/09/2026,7.46,0,Ajuste aplicado
AH_2026_2027,2026-09-23,2026-09-23 19:46:46.598741,Santa Clotilde,9032282,2026-09-24,24/09/2026,7.458,7.458,7.458,7.458,7.458,6.39,6.39,6.39,6.39,6.39,7.458,7.458,7.458,7.458,6.39,6.39,6.39,6.39,Sí,1.068,2026-09-23,23/09/2026,7.46,0,Ajuste aplicado
AH_2026_2027,2026-09-23,2026-09-23 19:46:46.598741,Santa Clotilde,9032282,2026-09-25,25/09/2026,7.46,7.46,7.46,7.46,7.46,6.392,6.392,6.392,6.392,6.392,7.46,7.46,7.46,7.46,6.392,6.392,6.392,6.392,Sí,1.068,2026-09-23,23/09/2026,7.46,0,Ajuste aplicado
AH_2026_2027,2026-09-23,2026-09-23 19:46:46.598741,Santa Clotilde,9032282,2026-09-26,26/09/2026,7.461,7.46,7.461,7.46,7.461,6.393,6.393,6.393,6.393,6.393,7.46,7.461,7.461,7.46,6.393,6.393,6.393,6.393,Sí,1.068,2026-09-23,23/09/2026,7.46,0,Ajuste aplicado
AH_2026_2027,2026-09-23,2026-09-23 19:46:46.598741,Santa Clotilde,9032282,2026-09-27,27/09/2026,7.459,7.458,7.46,7.458,7.459,6.391,6.39,6.392,6.39,6.392,7.458,7.459,7.46,7.458,6.39,6.392,6.392,6.39,Sí,1.068,2026-09-23,23/09/2026,7.46,0,Ajuste aplicado
AH_2026_2027,2026-09-23,2026-09-23 19:46:46.598741,Santa Clotilde,9032282,2026-09-28,28/09/2026,7.444,7.444,7.444,7.444,7.444,6.377,6.376,6.377,6.377,6.377,7.444,7.444,7.444,7.444,6.377,6.377,6.377,6.376,Sí,1.068,2026-09-23,23/09/2026,7.46,0,Ajuste aplicado
AH_2026_2027,2026-09-23,2026-09-23 19:46:46.598741,Santa Clotilde,9032282,2026-09-29,29/09/2026,7.441,7.437,7.443,7.439,7.443,6.373,6.37,6.376,6.371,6.376,7.439,7.443,7.443,7.437,6.372,6.376,6.375,6.37,Sí,1.068,2026-09-23,23/09/2026,7.46,0,Ajuste aplicado
AH_2026_2027,2026-09-23,2026-09-23 19:46:46.598741,Santa María de Nanay,9037738,2026-09-23,23/09/2026,4.42,4.414,4.427,4.417,4.423,4.238,4.232,4.245,4.235,4.241,4.422,4.427,4.414,4.418,4.24,4.245,4.232,4.236,Sí,0.182,2026-09-23,23/09/2026,4.42,0,Ajuste aplicado
AH_2026_2027,2026-09-23,2026-09-23 19:46:46.598741,Santa María de Nanay,9037738,2026-09-24,24/09/2026,4.37,4.292,4.445,4.319,4.421,4.188,4.11,4.263,4.137,4.239,4.413,4.445,4.292,4.329,4.231,4.263,4.11,4.147,Sí,0.182,2026-09-23,23/09/2026,4.42,0,Ajuste aplicado
AH_2026_2027,2026-09-23,2026-09-23 19:46:46.598741,Santa María de Nanay,9037738,2026-09-25,25/09/2026,4.396,4.247,4.598,4.28,4.487,4.215,4.065,4.416,4.098,4.305,4.45,4.598,4.247,4.291,4.268,4.416,4.065,4.109,Sí,0.182,2026-09-23,23/09/2026,4.42,0,Ajuste aplicado
AH_2026_2027,2026-09-23,2026-09-23 19:46:46.598741,Santa María de Nanay,9037738,2026-09-26,26/09/2026,4.427,4.058,4.759,4.172,4.701,4.245,3.876,4.577,3.99,4.519,4.681,4.759,4.21,4.058,4.499,4.577,4.028,3.876,Sí,0.182,2026-09-23,23/09/2026,4.42,0,Ajuste aplicado
AH_2026_2027,2026-09-23,2026-09-23 19:46:46.598741,Santa María de Nanay,9037738,2026-09-27,27/09/2026,4.449,3.427,5.079,4.095,4.999,4.267,3.245,4.898,3.913,4.818,5.079,4.973,4.318,3.427,4.898,4.791,4.136,3.245,Sí,0.182,2026-09-23,23/09/2026,4.42,0,Ajuste aplicado
AH_2026_2027,2026-09-23,2026-09-23 19:46:46.598741,Santa María de Nanay,9037738,2026-09-28,28/09/2026,4.628,2.98,5.55,4.36,5.259,4.446,2.798,5.369,4.178,5.077,5.55,5.161,4.82,2.98,5.369,4.979,4.638,2.798,Sí,0.182,2026-09-23,23/09/2026,4.42,0,Ajuste aplicado
AH_2026_2027,2026-09-23,2026-09-23 19:46:46.598741,Santa María de Nanay,9037738,2026-09-29,29/09/2026,4.75,2.566,5.96,4.465,5.524,4.569,2.384,5.778,4.283,5.342,5.96,5.378,5.098,2.566,5.778,5.196,4.916,2.384,Sí,0.182,2026-09-23,23/09/2026,4.42,0,Ajuste aplicado
AH_2026_2027,2026-09-23,2026-09-23 19:46:46.598741,Santa Rosa,9039635,2026-09-23,23/09/2026,3.47,3.47,3.47,3.47,3.47,3.168,3.168,3.168,3.168,3.168,3.47,3.47,3.47,3.47,3.168,3.168,3.168,3.168,Sí,0.302,2026-09-23,23/09/2026,3.47,0,Ajuste aplicado
AH_2026_2027,2026-09-23,2026-09-23 19:46:46.598741,Santa Rosa,9039635,2026-09-24,24/09/2026,3.493,3.493,3.493,3.493,3.493,3.19,3.19,3.19,3.19,3.19,3.493,3.493,3.493,3.493,3.19,3.19,3.19,3.19,Sí,0.302,2026-09-23,23/09/2026,3.47,0,Ajuste aplicado
AH_2026_2027,2026-09-23,2026-09-23 19:46:46.598741,Santa Rosa,9039635,2026-09-25,25/09/2026,3.504,3.504,3.504,3.504,3.504,3.201,3.201,3.201,3.201,3.201,3.504,3.504,3.504,3.504,3.201,3.201,3.201,3.201,Sí,0.302,2026-09-23,23/09/2026,3.47,0,Ajuste aplicado
AH_2026_2027,2026-09-23,2026-09-23 19:46:46.598741,Santa Rosa,9039635,2026-09-26,26/09/2026,3.495,3.495,3.495,3.495,3.495,3.193,3.193,3.193,3.193,3.193,3.495,3.495,3.495,3.495,3.193,3.193,3.193,3.193,Sí,0.302,2026-09-23,23/09/2026,3.47,0,Ajuste aplicado
AH_2026_2027,2026-09-23,2026-09-23 19:46:46.598741,Santa Rosa,9039635,2026-09-27,27/09/2026,3.448,3.417,3.459,3.448,3.459,3.146,3.115,3.156,3.146,3.156,3.459,3.459,3.459,3.417,3.156,3.156,3.156,3.115,Sí,0.302,2026-09-23,23/09/2026,3.47,0,Ajuste aplicado
AH_2026_2027,2026-09-23,2026-09-23 19:46:46.598741,Santa Rosa,9039635,2026-09-28,28/09/2026,3.282,3.253,3.325,3.256,3.301,2.98,2.951,3.022,2.954,2.999,3.257,3.294,3.325,3.253,2.955,2.991,3.022,2.951,Sí,0.302,2026-09-23,23/09/2026,3.47,0,Ajuste aplicado
AH_2026_2027,2026-09-23,2026-09-23 19:46:46.598741,Santa Rosa,9039635,2026-09-29,29/09/2026,3.127,3.091,3.161,3.112,3.143,2.825,2.789,2.858,2.809,2.841,3.091,3.118,3.138,3.161,2.789,2.816,2.835,2.858,Sí,0.302,2026-09-23,23/09/2026,3.47,0,Ajuste aplicado
AH_2026_2027,2026-09-23,2026-09-23 19:46:46.598741,Tamshiyacu,9038269,2026-09-23,23/09/2026,2.99,2.99,2.99,2.99,2.99,2.039,2.039,2.039,2.039,2.039,2.99,2.99,2.99,2.99,2.039,2.039,2.039,2.039,Sí,0.951,2026-09-23,23/09/2026,2.99,0,Ajuste aplicado
AH_2026_2027,2026-09-23,2026-09-23 19:46:46.598741,Tamshiyacu,9038269,2026-09-24,24/09/2026,2.945,2.943,2.95,2.943,2.945,1.994,1.992,1.999,1.992,1.994,2.943,2.95,2.943,2.943,1.992,1.999,1.992,1.992,Sí,0.951,2026-09-23,23/09/2026,2.99,0,Ajuste aplicado
AH_2026_2027,2026-09-23,2026-09-23 19:46:46.598741,Tamshiyacu,9038269,2026-09-25,25/09/2026,2.914,2.914,2.914,2.914,2.914,1.964,1.964,1.964,1.964,1.964,2.914,2.914,2.914,2.914,1.964,1.964,1.964,1.964,Sí,0.951,2026-09-23,23/09/2026,2.99,0,Ajuste aplicado
AH_2026_2027,2026-09-23,2026-09-23 19:46:46.598741,Tamshiyacu,9038269,2026-09-26,26/09/2026,2.883,2.883,2.883,2.883,2.883,1.932,1.932,1.933,1.932,1.933,2.883,2.883,2.883,2.883,1.932,1.933,1.932,1.932,Sí,0.951,2026-09-23,23/09/2026,2.99,0,Ajuste aplicado
AH_2026_2027,2026-09-23,2026-09-23 19:46:46.598741,Tamshiyacu,9038269,2026-09-27,27/09/2026,2.883,2.883,2.883,2.883,2.883,1.933,1.933,1.933,1.933,1.933,2.883,2.883,2.883,2.883,1.933,1.933,1.933,1.933,Sí,0.951,2026-09-23,23/09/2026,2.99,0,Ajuste aplicado
AH_2026_2027,2026-09-23,2026-09-23 19:46:46.598741,Tamshiyacu,9038269,2026-09-28,28/09/2026,2.917,2.915,2.918,2.917,2.918,1.967,1.964,1.967,1.967,1.967,2.918,2.918,2.915,2.918,1.967,1.967,1.964,1.967,Sí,0.951,2026-09-23,23/09/2026,2.99,0,Ajuste aplicado
AH_2026_2027,2026-09-23,2026-09-23 19:46:46.598741,Tamshiyacu,9038269,2026-09-29,29/09/2026,2.941,2.941,2.941,2.941,2.941,1.991,1.991,1.991,1.991,1.991,2.941,2.941,2.941,2.941,1.991,1.991,1.991,1.991,Sí,0.951,2026-09-23,23/09/2026,2.99,0,Ajuste aplicado
AH_2026_2027,2026-09-23,2026-09-23 19:46:46.598741,Timicurillo,9036459,2026-09-23,23/09/2026,5.418,5.418,5.418,5.418,5.418,5.418,5.418,5.418,5.418,5.418,5.418,5.418,5.418,5.418,5.418,5.418,5.418,5.418,No,,2026-09-13,13/09/2026,6.27,10,Observado muy antiguo para ajuste: 10 días
AH_2026_2027,2026-09-23,2026-09-23 19:46:46.598741,Timicurillo,9036459,2026-09-24,24/09/2026,4.967,4.966,4.969,4.966,4.967,4.967,4.966,4.969,4.966,4.967,4.966,4.969,4.966,4.966,4.966,4.969,4.966,4.966,No,,2026-09-13,13/09/2026,6.27,10,Observado muy antiguo para ajuste: 10 días
AH_2026_2027,2026-09-23,2026-09-23 19:46:46.598741,Timicurillo,9036459,2026-09-25,25/09/2026,4.749,4.747,4.756,4.747,4.75,4.749,4.747,4.756,4.747,4.75,4.748,4.756,4.747,4.747,4.748,4.756,4.747,4.747,No,,2026-09-13,13/09/2026,6.27,10,Observado muy antiguo para ajuste: 10 días
AH_2026_2027,2026-09-23,2026-09-23 19:46:46.598741,Timicurillo,9036459,2026-09-26,26/09/2026,4.485,4.446,4.569,4.449,4.499,4.485,4.446,4.569,4.449,4.499,4.476,4.569,4.446,4.45,4.476,4.569,4.446,4.45,No,,2026-09-13,13/09/2026,6.27,10,Observado muy antiguo para ajuste: 10 días
AH_2026_2027,2026-09-23,2026-09-23 19:46:46.598741,Timicurillo,9036459,2026-09-27,27/09/2026,4.416,4.402,4.428,4.405,4.427,4.416,4.402,4.428,4.405,4.427,4.427,4.428,4.402,4.405,4.427,4.428,4.402,4.405,No,,2026-09-13,13/09/2026,6.27,10,Observado muy antiguo para ajuste: 10 días
AH_2026_2027,2026-09-23,2026-09-23 19:46:46.598741,Timicurillo,9036459,2026-09-28,28/09/2026,4.401,4.373,4.428,4.374,4.427,4.401,4.373,4.428,4.374,4.427,4.427,4.428,4.374,4.373,4.427,4.428,4.374,4.373,No,,2026-09-13,13/09/2026,6.27,10,Observado muy antiguo para ajuste: 10 días
AH_2026_2027,2026-09-23,2026-09-23 19:46:46.598741,Timicurillo,9036459,2026-09-29,29/09/2026,4.481,4.373,4.59,4.389,4.572,4.481,4.373,4.59,4.389,4.572,4.59,4.566,4.394,4.373,4.59,4.566,4.394,4.373,No,,2026-09-13,13/09/2026,6.27,10,Observado muy antiguo para ajuste: 10 días
AH_2026_2027,2026-09-23,2026-09-23 19:46:46.598741,Yurimaguas,9046779,2026-09-23,23/09/2026,129.4,129.4,129.4,129.4,129.4,129.493,129.493,129.493,129.493,129.493,129.4,129.4,129.4,129.4,129.493,129.493,129.493,129.493,Sí,-0.093,2026-09-23,23/09/2026,129.4,0,Ajuste aplicado
AH_2026_2027,2026-09-23,2026-09-23 19:46:46.598741,Yurimaguas,9046779,2026-09-24,24/09/2026,129.283,129.283,129.283,129.283,129.283,129.376,129.376,129.376,129.376,129.376,129.283,129.283,129.283,129.283,129.376,129.376,129.376,129.376,Sí,-0.093,2026-09-23,23/09/2026,129.4,0,Ajuste aplicado
AH_2026_2027,2026-09-23,2026-09-23 19:46:46.598741,Yurimaguas,9046779,2026-09-25,25/09/2026,129.043,129.043,129.044,129.043,129.043,129.136,129.136,129.136,129.136,129.136,129.043,129.044,129.043,129.043,129.136,129.136,129.136,129.136,Sí,-0.093,2026-09-23,23/09/2026,129.4,0,Ajuste aplicado
AH_2026_2027,2026-09-23,2026-09-23 19:46:46.598741,Yurimaguas,9046779,2026-09-26,26/09/2026,128.819,128.819,128.82,128.819,128.819,128.912,128.912,128.912,128.912,128.912,128.819,128.82,128.819,128.819,128.912,128.912,128.912,128.912,Sí,-0.093,2026-09-23,23/09/2026,129.4,0,Ajuste aplicado
AH_2026_2027,2026-09-23,2026-09-23 19:46:46.598741,Yurimaguas,9046779,2026-09-27,27/09/2026,128.689,128.687,128.69,128.688,128.69,128.782,128.78,128.783,128.781,128.782,128.688,128.689,128.69,128.687,128.781,128.782,128.783,128.78,Sí,-0.093,2026-09-23,23/09/2026,129.4,0,Ajuste aplicado
AH_2026_2027,2026-09-23,2026-09-23 19:46:46.598741,Yurimaguas,9046779,2026-09-28,28/09/2026,128.518,128.499,128.569,128.5,128.519,128.61,128.591,128.662,128.593,128.612,128.501,128.502,128.569,128.499,128.593,128.595,128.662,128.591,Sí,-0.093,2026-09-23,23/09/2026,129.4,0,Ajuste aplicado
AH_2026_2027,2026-09-23,2026-09-23 19:46:46.598741,Yurimaguas,9046779,2026-09-29,29/09/2026,128.427,128.398,128.507,128.401,128.429,128.52,128.491,128.6,128.494,128.522,128.402,128.403,128.507,128.398,128.494,128.496,128.6,128.491,Sí,-0.093,2026-09-23,23/09/2026,129.4,0,Ajuste aplicado
AH_2026_2027,2026-09-24,2026-09-24 20:06:10.086852,Angamos,9043370,2026-09-24,24/09/2026,1.09,1.09,1.09,1.09,1.09,7.29,7.29,7.29,7.29,7.29,1.09,1.09,1.09,1.09,7.29,7.29,7.29,7.29,Sí,-6.2,2026-09-24,24/09/2026,1.09,0,Offset alto: -6.20 m. Revisar estación.
AH_2026_2027,2026-09-24,2026-09-24 20:06:10.086852,Angamos,9043370,2026-09-25,25/09/2026,1.073,1.073,1.073,1.073,1.073,7.272,7.272,7.272,7.272,7.272,1.073,1.073,1.073,1.073,7.272,7.272,7.272,7.272,Sí,-6.2,2026-09-24,24/09/2026,1.09,0,Offset alto: -6.20 m. Revisar estación.
AH_2026_2027,2026-09-24,2026-09-24 20:06:10.086852,Angamos,9043370,2026-09-26,26/09/2026,1.019,1.019,1.02,1.019,1.02,7.219,7.218,7.219,7.219,7.219,1.02,1.02,1.019,1.019,7.219,7.219,7.219,7.218,Sí,-6.2,2026-09-24,24/09/2026,1.09,0,Offset alto: -6.20 m. Revisar estación.
AH_2026_2027,2026-09-24,2026-09-24 20:06:10.086852,Angamos,9043370,2026-09-27,27/09/2026,1.005,1.002,1.011,1.002,1.007,7.205,7.202,7.211,7.202,7.207,1.006,1.011,1.002,1.003,7.205,7.211,7.202,7.202,Sí,-6.2,2026-09-24,24/09/2026,1.09,0,Offset alto: -6.20 m. Revisar estación.
AH_2026_2027,2026-09-24,2026-09-24 20:06:10.086852,Angamos,9043370,2026-09-28,28/09/2026,0.982,0.977,0.994,0.978,0.984,7.182,7.176,7.193,7.177,7.183,0.98,0.994,0.977,0.978,7.18,7.193,7.176,7.178,Sí,-6.2,2026-09-24,24/09/2026,1.09,0,Offset alto: -6.20 m. Revisar estación.
AH_2026_2027,2026-09-24,2026-09-24 20:06:10.086852,Angamos,9043370,2026-09-29,29/09/2026,0.967,0.95,0.989,0.95,0.98,7.166,7.15,7.189,7.15,7.18,0.977,0.989,0.95,0.95,7.176,7.189,7.15,7.15,Sí,-6.2,2026-09-24,24/09/2026,1.09,0,Offset alto: -6.20 m. Revisar estación.
AH_2026_2027,2026-09-24,2026-09-24 20:06:10.086852,Angamos,9043370,2026-09-30,30/09/2026,0.965,0.948,0.988,0.948,0.979,7.165,7.148,7.188,7.148,7.179,0.976,0.988,0.948,0.948,7.176,7.188,7.148,7.148,Sí,-6.2,2026-09-24,24/09/2026,1.09,0,Offset alto: -6.20 m. Revisar estación.
AH_2026_2027,2026-09-24,2026-09-24 20:06:10.086852,Bellavista,9036028,2026-09-24,24/09/2026,5.21,5.21,5.21,5.21,5.21,4.876,4.876,4.876,4.876,4.876,5.21,5.21,5.21,5.21,4.876,4.876,4.876,4.876,Sí,0.334,2026-09-24,24/09/2026,5.21,0,Ajuste aplicado
AH_2026_2027,2026-09-24,2026-09-24 20:06:10.086852,Bellavista,9036028,2026-09-25,25/09/2026,5.185,5.185,5.185,5.185,5.185,4.851,4.851,4.852,4.851,4.851,5.185,5.185,5.185,5.185,4.851,4.852,4.851,4.851,Sí,0.334,2026-09-24,24/09/2026,5.21,0,Ajuste aplicado
AH_2026_2027,2026-09-24,2026-09-24 20:06:10.086852,Bellavista,9036028,2026-09-26,26/09/2026,5.173,5.173,5.173,5.173,5.173,4.839,4.839,4.839,4.839,4.839,5.173,5.173,5.173,5.173,4.839,4.839,4.839,4.839,Sí,0.334,2026-09-24,24/09/2026,5.21,0,Ajuste aplicado
AH_2026_2027,2026-09-24,2026-09-24 20:06:10.086852,Bellavista,9036028,2026-09-27,27/09/2026,5.173,5.172,5.173,5.173,5.173,4.839,4.839,4.84,4.839,4.839,5.173,5.173,5.173,5.172,4.839,4.84,4.839,4.839,Sí,0.334,2026-09-24,24/09/2026,5.21,0,Ajuste aplicado
AH_2026_2027,2026-09-24,2026-09-24 20:06:10.086852,Bellavista,9036028,2026-09-28,28/09/2026,5.176,5.173,5.177,5.175,5.177,4.842,4.84,4.844,4.841,4.843,5.177,5.177,5.176,5.173,4.843,4.844,4.842,4.84,Sí,0.334,2026-09-24,24/09/2026,5.21,0,Ajuste aplicado
AH_2026_2027,2026-09-24,2026-09-24 20:06:10.086852,Bellavista,9036028,2026-09-29,29/09/2026,5.177,5.173,5.181,5.176,5.179,4.843,4.84,4.847,4.842,4.845,5.178,5.181,5.177,5.173,4.844,4.847,4.843,4.84,Sí,0.334,2026-09-24,24/09/2026,5.21,0,Ajuste aplicado
AH_2026_2027,2026-09-24,2026-09-24 20:06:10.086852,Bellavista,9036028,2026-09-30,30/09/2026,5.173,5.169,5.177,5.172,5.175,4.839,4.835,4.843,4.838,4.841,5.175,5.177,5.173,5.169,4.841,4.843,4.839,4.835,Sí,0.334,2026-09-24,24/09/2026,5.21,0,Ajuste aplicado
AH_2026_2027,2026-09-24,2026-09-24 20:06:10.086852,Borja,9040208,2026-09-24,24/09/2026,4.4,4.4,4.4,4.4,4.4,4.537,4.537,4.537,4.537,4.537,4.4,4.4,4.4,4.4,4.537,4.537,4.537,4.537,Sí,-0.137,2026-09-24,24/09/2026,4.4,0,Ajuste aplicado
AH_2026_2027,2026-09-24,2026-09-24 20:06:10.086852,Borja,9040208,2026-09-25,25/09/2026,4.582,4.582,4.583,4.582,4.583,4.719,4.719,4.72,4.719,4.72,4.583,4.583,4.582,4.582,4.72,4.72,4.719,4.719,Sí,-0.137,2026-09-24,24/09/2026,4.4,0,Ajuste aplicado
AH_2026_2027,2026-09-24,2026-09-24 20:06:10.086852,Borja,9040208,2026-09-26,26/09/2026,4.706,4.695,4.711,4.704,4.71,4.843,4.832,4.848,4.841,4.847,4.709,4.711,4.707,4.695,4.846,4.848,4.844,4.832,Sí,-0.137,2026-09-24,24/09/2026,4.4,0,Ajuste aplicado
AH_2026_2027,2026-09-24,2026-09-24 20:06:10.086852,Borja,9040208,2026-09-27,27/09/2026,4.781,4.732,4.806,4.77,4.804,4.918,4.869,4.943,4.907,4.941,4.783,4.806,4.804,4.732,4.92,4.943,4.941,4.869,Sí,-0.137,2026-09-24,24/09/2026,4.4,0,Ajuste aplicado
AH_2026_2027,2026-09-24,2026-09-24 20:06:10.086852,Borja,9040208,2026-09-28,28/09/2026,4.769,4.712,4.816,4.732,4.81,4.906,4.849,4.953,4.869,4.947,4.739,4.808,4.816,4.712,4.876,4.945,4.953,4.849,Sí,-0.137,2026-09-24,24/09/2026,4.4,0,Ajuste aplicado
AH_2026_2027,2026-09-24,2026-09-24 20:06:10.086852,Borja,9040208,2026-09-29,29/09/2026,4.765,4.694,4.83,4.721,4.811,4.902,4.831,4.967,4.857,4.948,4.694,4.805,4.83,4.729,4.831,4.942,4.967,4.866,Sí,-0.137,2026-09-24,24/09/2026,4.4,0,Ajuste aplicado
AH_2026_2027,2026-09-24,2026-09-24 20:06:10.086852,Borja,9040208,2026-09-30,30/09/2026,4.77,4.64,4.86,4.747,4.813,4.907,4.777,4.997,4.884,4.95,4.64,4.782,4.86,4.797,4.777,4.919,4.997,4.934,Sí,-0.137,2026-09-24,24/09/2026,4.4,0,Ajuste aplicado
AH_2026_2027,2026-09-24,2026-09-24 20:06:10.086852,Contamana,9053555,2026-09-24,24/09/2026,6.81,6.81,6.81,6.81,6.81,11.893,11.893,11.893,11.893,11.893,6.81,6.81,6.81,6.81,11.893,11.893,11.893,11.893,Sí,-5.083,2026-09-24,24/09/2026,6.81,0,Offset alto: -5.08 m. Revisar estación.
AH_2026_2027,2026-09-24,2026-09-24 20:06:10.086852,Contamana,9053555,2026-09-25,25/09/2026,6.905,6.905,6.905,6.905,6.905,11.988,11.988,11.988,11.988,11.988,6.905,6.905,6.905,6.905,11.988,11.988,11.988,11.988,Sí,-5.083,2026-09-24,24/09/2026,6.81,0,Offset alto: -5.08 m. Revisar estación.
AH_2026_2027,2026-09-24,2026-09-24 20:06:10.086852,Contamana,9053555,2026-09-26,26/09/2026,7.066,7.066,7.066,7.066,7.066,12.149,12.149,12.149,12.149,12.149,7.066,7.066,7.066,7.066,12.149,12.149,12.149,12.149,Sí,-5.083,2026-09-24,24/09/2026,6.81,0,Offset alto: -5.08 m. Revisar estación.
AH_2026_2027,2026-09-24,2026-09-24 20:06:10.086852,Contamana,9053555,2026-09-27,27/09/2026,7.44,7.44,7.441,7.44,7.441,12.523,12.522,12.524,12.523,12.524,7.441,7.441,7.44,7.44,12.524,12.524,12.523,12.522,Sí,-5.083,2026-09-24,24/09/2026,6.81,0,Offset alto: -5.08 m. Revisar estación.
AH_2026_2027,2026-09-24,2026-09-24 20:06:10.086852,Contamana,9053555,2026-09-28,28/09/2026,7.626,7.624,7.628,7.625,7.628,12.709,12.707,12.711,12.707,12.71,7.628,7.628,7.625,7.624,12.71,12.711,12.708,12.707,Sí,-5.083,2026-09-24,24/09/2026,6.81,0,Offset alto: -5.08 m. Revisar estación.
AH_2026_2027,2026-09-24,2026-09-24 20:06:10.086852,Contamana,9053555,2026-09-29,29/09/2026,7.704,7.701,7.706,7.702,7.706,12.787,12.784,12.789,12.785,12.789,7.706,7.706,7.702,7.701,12.789,12.789,12.785,12.784,Sí,-5.083,2026-09-24,24/09/2026,6.81,0,Offset alto: -5.08 m. Revisar estación.
AH_2026_2027,2026-09-24,2026-09-24 20:06:10.086852,Contamana,9053555,2026-09-30,30/09/2026,7.732,7.72,7.743,7.722,7.743,12.815,12.803,12.826,12.805,12.825,7.743,7.743,7.722,7.72,12.825,12.826,12.805,12.803,Sí,-5.083,2026-09-24,24/09/2026,6.81,0,Offset alto: -5.08 m. Revisar estación.
AH_2026_2027,2026-09-24,2026-09-24 20:06:10.086852,ENAPU,9038134,2026-09-24,24/09/2026,57.565,57.563,57.567,57.563,57.567,107.882,107.88,107.885,107.88,107.884,57.563,57.566,57.567,57.563,107.881,107.884,107.885,107.88,Sí,-50.317,2026-09-24,24/09/2026,57.565,0,Offset alto: -50.32 m. Revisar estación.
AH_2026_2027,2026-09-24,2026-09-24 20:06:10.086852,ENAPU,9038134,2026-09-25,25/09/2026,57.229,57.203,57.278,57.208,57.239,107.547,107.521,107.595,107.525,107.556,57.21,57.278,57.226,57.203,107.527,107.595,107.543,107.521,Sí,-50.317,2026-09-24,24/09/2026,57.565,0,Offset alto: -50.32 m. Revisar estación.
AH_2026_2027,2026-09-24,2026-09-24 20:06:10.086852,ENAPU,9038134,2026-09-26,26/09/2026,56.77,56.612,57.037,56.637,56.849,107.088,106.929,107.355,106.955,107.166,56.646,57.037,56.786,56.612,106.963,107.355,107.104,106.929,Sí,-50.317,2026-09-24,24/09/2026,57.565,0,Offset alto: -50.32 m. Revisar estación.
AH_2026_2027,2026-09-24,2026-09-24 20:06:10.086852,ENAPU,9038134,2026-09-27,27/09/2026,43.78,6.981,57.203,43.342,55.905,94.097,57.298,107.52,93.66,106.222,55.472,57.203,55.463,6.981,105.79,107.52,105.78,57.298,Sí,-50.317,2026-09-24,24/09/2026,57.565,0,Offset alto: -50.32 m. Revisar estación.
AH_2026_2027,2026-09-24,2026-09-24 20:06:10.086852,ENAPU,9038134,2026-09-28,28/09/2026,31.051,2.91,57.558,6.124,56.796,81.369,53.227,107.876,56.441,107.113,56.542,57.558,7.195,2.91,106.859,107.876,57.513,53.227,Sí,-50.317,2026-09-24,24/09/2026,57.565,0,Offset alto: -50.32 m. Revisar estación.
AH_2026_2027,2026-09-24,2026-09-24 20:06:10.086852,ENAPU,9038134,2026-09-29,29/09/2026,31.075,2.627,57.881,5.909,57.061,81.392,52.945,108.199,56.227,107.379,56.788,57.881,7.003,2.627,107.105,108.199,57.321,52.945,Sí,-50.317,2026-09-24,24/09/2026,57.565,0,Offset alto: -50.32 m. Revisar estación.
AH_2026_2027,2026-09-24,2026-09-24 20:06:10.086852,ENAPU,9038134,2026-09-30,30/09/2026,30.849,2.646,58.083,5.174,57.009,81.167,52.963,108.401,55.492,107.326,56.65,58.083,6.017,2.646,106.968,108.401,56.335,52.963,Sí,-50.317,2026-09-24,24/09/2026,57.565,0,Offset alto: -50.32 m. Revisar estación.
AH_2026_2027,2026-09-24,2026-09-24 20:06:10.086852,Flor de Punga,9044756,2026-09-24,24/09/2026,7.848,7.848,7.848,7.848,7.848,7.848,7.848,7.848,7.848,7.848,7.848,7.848,7.848,7.848,7.848,7.848,7.848,7.848,No,,2026-05-14,14/05/2026,22.8,133,Observado muy antiguo para ajuste: 133 días
AH_2026_2027,2026-09-24,2026-09-24 20:06:10.086852,Flor de Punga,9044756,2026-09-25,25/09/2026,7.701,7.701,7.701,7.701,7.701,7.701,7.701,7.701,7.701,7.701,7.701,7.701,7.701,7.701,7.701,7.701,7.701,7.701,No,,2026-05-14,14/05/2026,22.8,133,Observado muy antiguo para ajuste: 133 días
AH_2026_2027,2026-09-24,2026-09-24 20:06:10.086852,Flor de Punga,9044756,2026-09-26,26/09/2026,7.688,7.688,7.688,7.688,7.688,7.688,7.688,7.688,7.688,7.688,7.688,7.688,7.688,7.688,7.688,7.688,7.688,7.688,No,,2026-05-14,14/05/2026,22.8,133,Observado muy antiguo para ajuste: 133 días
AH_2026_2027,2026-09-24,2026-09-24 20:06:10.086852,Flor de Punga,9044756,2026-09-27,27/09/2026,7.692,7.692,7.692,7.692,7.692,7.692,7.692,7.692,7.692,7.692,7.692,7.692,7.692,7.692,7.692,7.692,7.692,7.692,No,,2026-05-14,14/05/2026,22.8,133,Observado muy antiguo para ajuste: 133 días
AH_2026_2027,2026-09-24,2026-09-24 20:06:10.086852,Flor de Punga,9044756,2026-09-28,28/09/2026,7.757,7.757,7.757,7.757,7.757,7.757,7.757,7.757,7.757,7.757,7.757,7.757,7.757,7.757,7.757,7.757,7.757,7.757,No,,2026-05-14,14/05/2026,22.8,133,Observado muy antiguo para ajuste: 133 días
AH_2026_2027,2026-09-24,2026-09-24 20:06:10.086852,Flor de Punga,9044756,2026-09-29,29/09/2026,7.862,7.862,7.862,7.862,7.862,7.862,7.862,7.862,7.862,7.862,7.862,7.862,7.862,7.862,7.862,7.862,7.862,7.862,No,,2026-05-14,14/05/2026,22.8,133,Observado muy antiguo para ajuste: 133 días
AH_2026_2027,2026-09-24,2026-09-24 20:06:10.086852,Flor de Punga,9044756,2026-09-30,30/09/2026,7.993,7.993,7.993,7.993,7.993,7.993,7.993,7.993,7.993,7.993,7.993,7.993,7.993,7.993,7.993,7.993,7.993,7.993,No,,2026-05-14,14/05/2026,22.8,133,Observado muy antiguo para ajuste: 133 días
AH_2026_2027,2026-09-24,2026-09-24 20:06:10.086852,Genaro Herrera,9042214,2026-09-24,24/09/2026,7.29,7.29,7.29,7.29,7.29,7.239,7.239,7.239,7.239,7.239,7.29,7.29,7.29,7.29,7.239,7.239,7.239,7.239,Sí,0.051,2026-09-24,24/09/2026,7.29,0,Ajuste aplicado
AH_2026_2027,2026-09-24,2026-09-24 20:06:10.086852,Genaro Herrera,9042214,2026-09-25,25/09/2026,6.708,6.708,6.708,6.708,6.708,6.657,6.657,6.657,6.657,6.657,6.708,6.708,6.708,6.708,6.657,6.657,6.657,6.657,Sí,0.051,2026-09-24,24/09/2026,7.29,0,Ajuste aplicado
AH_2026_2027,2026-09-24,2026-09-24 20:06:10.086852,Genaro Herrera,9042214,2026-09-26,26/09/2026,6.567,6.567,6.567,6.567,6.567,6.516,6.516,6.516,6.516,6.516,6.567,6.567,6.567,6.567,6.516,6.516,6.516,6.516,Sí,0.051,2026-09-24,24/09/2026,7.29,0,Ajuste aplicado
AH_2026_2027,2026-09-24,2026-09-24 20:06:10.086852,Genaro Herrera,9042214,2026-09-27,27/09/2026,6.508,6.508,6.508,6.508,6.508,6.457,6.457,6.457,6.457,6.457,6.508,6.508,6.508,6.508,6.457,6.457,6.457,6.457,Sí,0.051,2026-09-24,24/09/2026,7.29,0,Ajuste aplicado
AH_2026_2027,2026-09-24,2026-09-24 20:06:10.086852,Genaro Herrera,9042214,2026-09-28,28/09/2026,6.501,6.501,6.501,6.501,6.501,6.45,6.45,6.45,6.45,6.45,6.501,6.501,6.501,6.501,6.45,6.45,6.45,6.45,Sí,0.051,2026-09-24,24/09/2026,7.29,0,Ajuste aplicado
AH_2026_2027,2026-09-24,2026-09-24 20:06:10.086852,Genaro Herrera,9042214,2026-09-29,29/09/2026,6.506,6.505,6.506,6.505,6.506,6.455,6.454,6.455,6.454,6.455,6.506,6.506,6.506,6.505,6.455,6.455,6.455,6.454,Sí,0.051,2026-09-24,24/09/2026,7.29,0,Ajuste aplicado
AH_2026_2027,2026-09-24,2026-09-24 20:06:10.086852,Genaro Herrera,9042214,2026-09-30,30/09/2026,6.542,6.541,6.544,6.541,6.542,6.491,6.49,6.493,6.49,6.491,6.542,6.544,6.541,6.541,6.491,6.493,6.49,6.49,Sí,0.051,2026-09-24,24/09/2026,7.29,0,Ajuste aplicado
AH_2026_2027,2026-09-24,2026-09-24 20:06:10.086852,Lagunas,9043597,2026-09-24,24/09/2026,4.95,4.95,4.95,4.95,4.95,5.655,5.655,5.655,5.655,5.655,4.95,4.95,4.95,4.95,5.655,5.655,5.655,5.655,Sí,-0.705,2026-09-24,24/09/2026,4.95,0,Ajuste aplicado
AH_2026_2027,2026-09-24,2026-09-24 20:06:10.086852,Lagunas,9043597,2026-09-25,25/09/2026,4.856,4.856,4.856,4.856,4.856,5.562,5.562,5.562,5.562,5.562,4.856,4.856,4.856,4.856,5.562,5.562,5.562,5.562,Sí,-0.705,2026-09-24,24/09/2026,4.95,0,Ajuste aplicado
AH_2026_2027,2026-09-24,2026-09-24 20:06:10.086852,Lagunas,9043597,2026-09-26,26/09/2026,4.781,4.781,4.781,4.781,4.781,5.486,5.486,5.486,5.486,5.486,4.781,4.781,4.781,4.781,5.486,5.486,5.486,5.486,Sí,-0.705,2026-09-24,24/09/2026,4.95,0,Ajuste aplicado
AH_2026_2027,2026-09-24,2026-09-24 20:06:10.086852,Lagunas,9043597,2026-09-27,27/09/2026,4.702,4.702,4.702,4.702,4.702,5.407,5.407,5.407,5.407,5.407,4.702,4.702,4.702,4.702,5.407,5.407,5.407,5.407,Sí,-0.705,2026-09-24,24/09/2026,4.95,0,Ajuste aplicado
AH_2026_2027,2026-09-24,2026-09-24 20:06:10.086852,Lagunas,9043597,2026-09-28,28/09/2026,4.53,4.53,4.53,4.53,4.53,5.235,5.235,5.235,5.235,5.235,4.53,4.53,4.53,4.53,5.235,5.235,5.235,5.235,Sí,-0.705,2026-09-24,24/09/2026,4.95,0,Ajuste aplicado
AH_2026_2027,2026-09-24,2026-09-24 20:06:10.086852,Lagunas,9043597,2026-09-29,29/09/2026,4.353,4.352,4.353,4.353,4.353,5.058,5.058,5.058,5.058,5.058,4.353,4.353,4.353,4.352,5.058,5.058,5.058,5.058,Sí,-0.705,2026-09-24,24/09/2026,4.95,0,Ajuste aplicado
AH_2026_2027,2026-09-24,2026-09-24 20:06:10.086852,Lagunas,9043597,2026-09-30,30/09/2026,4.189,4.188,4.189,4.189,4.189,4.894,4.894,4.895,4.894,4.895,4.189,4.189,4.189,4.188,4.894,4.895,4.895,4.894,Sí,-0.705,2026-09-24,24/09/2026,4.95,0,Ajuste aplicado
AH_2026_2027,2026-09-24,2026-09-24 20:06:10.086852,Nauta,9040454,2026-09-24,24/09/2026,6.41,6.41,6.41,6.41,6.41,4.646,4.646,4.646,4.646,4.646,6.41,6.41,6.41,6.41,4.646,4.646,4.646,4.646,Sí,1.764,2026-09-24,24/09/2026,6.41,0,Offset alto: 1.76 m. Revisar estación.
AH_2026_2027,2026-09-24,2026-09-24 20:06:10.086852,Nauta,9040454,2026-09-25,25/09/2026,6.464,6.464,6.464,6.464,6.464,4.7,4.7,4.7,4.7,4.7,6.464,6.464,6.464,6.464,4.7,4.7,4.7,4.7,Sí,1.764,2026-09-24,24/09/2026,6.41,0,Offset alto: 1.76 m. Revisar estación.
AH_2026_2027,2026-09-24,2026-09-24 20:06:10.086852,Nauta,9040454,2026-09-26,26/09/2026,6.551,6.551,6.551,6.551,6.551,4.787,4.787,4.788,4.787,4.788,6.551,6.551,6.551,6.551,4.787,4.788,4.787,4.788,Sí,1.764,2026-09-24,24/09/2026,6.41,0,Offset alto: 1.76 m. Revisar estación.
AH_2026_2027,2026-09-24,2026-09-24 20:06:10.086852,Nauta,9040454,2026-09-27,27/09/2026,6.674,6.674,6.675,6.674,6.675,4.911,4.91,4.911,4.91,4.911,6.674,6.675,6.674,6.675,4.911,4.911,4.91,4.911,Sí,1.764,2026-09-24,24/09/2026,6.41,0,Offset alto: 1.76 m. Revisar estación.
AH_2026_2027,2026-09-24,2026-09-24 20:06:10.086852,Nauta,9040454,2026-09-28,28/09/2026,6.799,6.798,6.799,6.799,6.799,5.035,5.035,5.035,5.035,5.035,6.799,6.799,6.798,6.799,5.035,5.035,5.035,5.035,Sí,1.764,2026-09-24,24/09/2026,6.41,0,Offset alto: 1.76 m. Revisar estación.
AH_2026_2027,2026-09-24,2026-09-24 20:06:10.086852,Nauta,9040454,2026-09-29,29/09/2026,6.879,6.879,6.879,6.879,6.879,5.115,5.115,5.115,5.115,5.115,6.879,6.879,6.879,6.879,5.115,5.115,5.115,5.115,Sí,1.764,2026-09-24,24/09/2026,6.41,0,Offset alto: 1.76 m. Revisar estación.
AH_2026_2027,2026-09-24,2026-09-24 20:06:10.086852,Nauta,9040454,2026-09-30,30/09/2026,6.863,6.863,6.863,6.863,6.863,5.099,5.099,5.099,5.099,5.099,6.863,6.863,6.863,6.863,5.099,5.099,5.099,5.099,Sí,1.764,2026-09-24,24/09/2026,6.41,0,Offset alto: 1.76 m. Revisar estación.
AH_2026_2027,2026-09-24,2026-09-24 20:06:10.086852,Puerto Alegria,9038835,2026-09-24,24/09/2026,10.46,10.46,10.46,10.46,10.46,9.904,9.904,9.904,9.904,9.904,10.46,10.46,10.46,10.46,9.904,9.904,9.904,9.904,Sí,0.556,2026-09-24,24/09/2026,10.46,0,Ajuste aplicado
AH_2026_2027,2026-09-24,2026-09-24 20:06:10.086852,Puerto Alegria,9038835,2026-09-25,25/09/2026,10.474,10.473,10.475,10.473,10.474,9.918,9.917,9.919,9.918,9.919,10.474,10.475,10.474,10.473,9.919,9.919,9.918,9.917,Sí,0.556,2026-09-24,24/09/2026,10.46,0,Ajuste aplicado
AH_2026_2027,2026-09-24,2026-09-24 20:06:10.086852,Puerto Alegria,9038835,2026-09-26,26/09/2026,10.416,10.415,10.418,10.415,10.418,9.861,9.859,9.862,9.859,9.862,10.418,10.418,10.415,10.415,9.862,9.862,9.859,9.859,Sí,0.556,2026-09-24,24/09/2026,10.46,0,Ajuste aplicado
AH_2026_2027,2026-09-24,2026-09-24 20:06:10.086852,Puerto Alegria,9038835,2026-09-27,27/09/2026,10.336,10.325,10.341,10.335,10.341,9.781,9.769,9.785,9.779,9.785,10.341,10.341,10.325,10.338,9.785,9.785,9.769,9.782,Sí,0.556,2026-09-24,24/09/2026,10.46,0,Ajuste aplicado
AH_2026_2027,2026-09-24,2026-09-24 20:06:10.086852,Puerto Alegria,9038835,2026-09-28,28/09/2026,10.215,10.156,10.248,10.198,10.244,9.659,9.6,9.693,9.643,9.688,10.242,10.248,10.156,10.212,9.687,9.693,9.6,9.657,Sí,0.556,2026-09-24,24/09/2026,10.46,0,Ajuste aplicado
AH_2026_2027,2026-09-24,2026-09-24 20:06:10.086852,Puerto Alegria,9038835,2026-09-29,29/09/2026,10.018,9.986,10.042,10.0,10.04,9.462,9.43,9.487,9.444,9.485,10.04,10.042,9.986,10.004,9.484,9.487,9.43,9.449,Sí,0.556,2026-09-24,24/09/2026,10.46,0,Ajuste aplicado
AH_2026_2027,2026-09-24,2026-09-24 20:06:10.086852,Puerto Alegria,9038835,2026-09-30,30/09/2026,9.935,9.92,9.949,9.927,9.942,9.379,9.364,9.393,9.371,9.386,9.939,9.949,9.92,9.93,9.384,9.393,9.364,9.374,Sí,0.556,2026-09-24,24/09/2026,10.46,0,Ajuste aplicado
AH_2026_2027,2026-09-24,2026-09-24 20:06:10.086852,Puerto Almendra,9037610,2026-09-24,24/09/2026,3.36,3.36,3.36,3.36,3.36,3.109,3.109,3.109,3.109,3.109,3.36,3.36,3.36,3.36,3.109,3.109,3.109,3.109,Sí,0.251,2026-09-24,24/09/2026,3.36,0,Ajuste aplicado
AH_2026_2027,2026-09-24,2026-09-24 20:06:10.086852,Puerto Almendra,9037610,2026-09-25,25/09/2026,3.301,3.299,3.302,3.3,3.301,3.049,3.048,3.051,3.049,3.05,3.301,3.302,3.301,3.299,3.049,3.051,3.049,3.048,Sí,0.251,2026-09-24,24/09/2026,3.36,0,Ajuste aplicado
AH_2026_2027,2026-09-24,2026-09-24 20:06:10.086852,Puerto Almendra,9037610,2026-09-26,26/09/2026,3.519,3.495,3.556,3.505,3.527,3.268,3.243,3.305,3.253,3.276,3.517,3.556,3.508,3.495,3.266,3.305,3.256,3.243,Sí,0.251,2026-09-24,24/09/2026,3.36,0,Ajuste aplicado
AH_2026_2027,2026-09-24,2026-09-24 20:06:10.086852,Puerto Almendra,9037610,2026-09-27,27/09/2026,3.725,3.666,3.783,3.707,3.744,3.474,3.415,3.531,3.456,3.492,3.731,3.783,3.721,3.666,3.479,3.531,3.469,3.415,Sí,0.251,2026-09-24,24/09/2026,3.36,0,Ajuste aplicado
AH_2026_2027,2026-09-24,2026-09-24 20:06:10.086852,Puerto Almendra,9037610,2026-09-28,28/09/2026,3.661,3.487,3.784,3.607,3.74,3.409,3.236,3.533,3.355,3.489,3.725,3.784,3.647,3.487,3.474,3.533,3.395,3.236,Sí,0.251,2026-09-24,24/09/2026,3.36,0,Ajuste aplicado
AH_2026_2027,2026-09-24,2026-09-24 20:06:10.086852,Puerto Almendra,9037610,2026-09-29,29/09/2026,3.533,3.071,3.764,3.473,3.709,3.282,2.82,3.512,3.222,3.458,3.691,3.764,3.607,3.071,3.44,3.512,3.355,2.82,Sí,0.251,2026-09-24,24/09/2026,3.36,0,Ajuste aplicado
AH_2026_2027,2026-09-24,2026-09-24 20:06:10.086852,Puerto Almendra,9037610,2026-09-30,30/09/2026,3.477,2.602,3.872,3.376,3.817,3.225,2.35,3.621,3.125,3.566,3.799,3.872,3.634,2.602,3.548,3.621,3.383,2.35,Sí,0.251,2026-09-24,24/09/2026,3.36,0,Ajuste aplicado
AH_2026_2027,2026-09-24,2026-09-24 20:06:10.086852,Requena,9043425,2026-09-24,24/09/2026,5.97,5.97,5.97,5.97,5.97,5.155,5.155,5.155,5.155,5.155,5.97,5.97,5.97,5.97,5.155,5.155,5.155,5.155,Sí,0.815,2026-09-24,24/09/2026,5.97,0,Ajuste aplicado
AH_2026_2027,2026-09-24,2026-09-24 20:06:10.086852,Requena,9043425,2026-09-25,25/09/2026,5.967,5.967,5.967,5.967,5.967,5.152,5.152,5.152,5.152,5.152,5.967,5.967,5.967,5.967,5.152,5.152,5.152,5.152,Sí,0.815,2026-09-24,24/09/2026,5.97,0,Ajuste aplicado
AH_2026_2027,2026-09-24,2026-09-24 20:06:10.086852,Requena,9043425,2026-09-26,26/09/2026,5.964,5.963,5.964,5.964,5.964,5.149,5.149,5.149,5.149,5.149,5.964,5.964,5.963,5.964,5.149,5.149,5.149,5.149,Sí,0.815,2026-09-24,24/09/2026,5.97,0,Ajuste aplicado
AH_2026_2027,2026-09-24,2026-09-24 20:06:10.086852,Requena,9043425,2026-09-27,27/09/2026,5.96,5.96,5.96,5.96,5.96,5.146,5.146,5.146,5.146,5.146,5.96,5.96,5.96,5.96,5.146,5.146,5.146,5.146,Sí,0.815,2026-09-24,24/09/2026,5.97,0,Ajuste aplicado
AH_2026_2027,2026-09-24,2026-09-24 20:06:10.086852,Requena,9043425,2026-09-28,28/09/2026,5.954,5.954,5.954,5.954,5.954,5.139,5.139,5.139,5.139,5.139,5.954,5.954,5.954,5.954,5.139,5.139,5.139,5.139,Sí,0.815,2026-09-24,24/09/2026,5.97,0,Ajuste aplicado
AH_2026_2027,2026-09-24,2026-09-24 20:06:10.086852,Requena,9043425,2026-09-29,29/09/2026,5.947,5.947,5.948,5.947,5.948,5.133,5.132,5.133,5.132,5.133,5.947,5.948,5.947,5.947,5.133,5.133,5.132,5.132,Sí,0.815,2026-09-24,24/09/2026,5.97,0,Ajuste aplicado
AH_2026_2027,2026-09-24,2026-09-24 20:06:10.086852,Requena,9043425,2026-09-30,30/09/2026,5.93,5.93,5.93,5.93,5.93,5.116,5.115,5.116,5.116,5.116,5.93,5.93,5.93,5.93,5.116,5.116,5.115,5.116,Sí,0.815,2026-09-24,24/09/2026,5.97,0,Ajuste aplicado
AH_2026_2027,2026-09-24,2026-09-24 20:06:10.086852,San Lorenzo,9042153,2026-09-24,24/09/2026,9.677,9.677,9.677,9.677,9.677,9.677,9.677,9.677,9.677,9.677,9.677,9.677,9.677,9.677,9.677,9.677,9.677,9.677,No,,2025-09-30,30/09/2025,7.19,359,Observado muy antiguo para ajuste: 359 días
AH_2026_2027,2026-09-24,2026-09-24 20:06:10.086852,San Lorenzo,9042153,2026-09-25,25/09/2026,9.651,9.651,9.651,9.651,9.651,9.651,9.651,9.651,9.651,9.651,9.651,9.651,9.651,9.651,9.651,9.651,9.651,9.651,No,,2025-09-30,30/09/2025,7.19,359,Observado muy antiguo para ajuste: 359 días
AH_2026_2027,2026-09-24,2026-09-24 20:06:10.086852,San Lorenzo,9042153,2026-09-26,26/09/2026,9.657,9.657,9.657,9.657,9.657,9.657,9.657,9.657,9.657,9.657,9.657,9.657,9.657,9.657,9.657,9.657,9.657,9.657,No,,2025-09-30,30/09/2025,7.19,359,Observado muy antiguo para ajuste: 359 días
AH_2026_2027,2026-09-24,2026-09-24 20:06:10.086852,San Lorenzo,9042153,2026-09-27,27/09/2026,9.745,9.745,9.746,9.745,9.746,9.745,9.745,9.746,9.745,9.746,9.746,9.746,9.745,9.745,9.746,9.746,9.745,9.745,No,,2025-09-30,30/09/2025,7.19,359,Observado muy antiguo para ajuste: 359 días
AH_2026_2027,2026-09-24,2026-09-24 20:06:10.086852,San Lorenzo,9042153,2026-09-28,28/09/2026,9.891,9.89,9.892,9.891,9.891,9.891,9.89,9.892,9.891,9.891,9.891,9.892,9.891,9.89,9.891,9.892,9.891,9.89,No,,2025-09-30,30/09/2025,7.19,359,Observado muy antiguo para ajuste: 359 días
AH_2026_2027,2026-09-24,2026-09-24 20:06:10.086852,San Lorenzo,9042153,2026-09-29,29/09/2026,9.961,9.939,9.973,9.953,9.972,9.961,9.939,9.973,9.953,9.972,9.958,9.973,9.972,9.939,9.958,9.973,9.972,9.939,No,,2025-09-30,30/09/2025,7.19,359,Observado muy antiguo para ajuste: 359 días
AH_2026_2027,2026-09-24,2026-09-24 20:06:10.086852,San Lorenzo,9042153,2026-09-30,30/09/2026,10.007,9.943,10.052,9.974,10.051,10.007,9.943,10.052,9.974,10.051,9.984,10.051,10.052,9.943,9.984,10.051,10.052,9.943,No,,2025-09-30,30/09/2025,7.19,359,Observado muy antiguo para ajuste: 359 días
AH_2026_2027,2026-09-24,2026-09-24 20:06:10.086852,San Regis,9040439,2026-09-24,24/09/2026,6.36,6.36,6.36,6.36,6.36,5.069,5.069,5.069,5.069,5.069,6.36,6.36,6.36,6.36,5.069,5.069,5.069,5.069,Sí,1.291,2026-09-24,24/09/2026,6.36,0,Ajuste aplicado
AH_2026_2027,2026-09-24,2026-09-24 20:06:10.086852,San Regis,9040439,2026-09-25,25/09/2026,6.421,6.421,6.421,6.421,6.421,5.13,5.13,5.13,5.13,5.13,6.421,6.421,6.421,6.421,5.13,5.13,5.13,5.13,Sí,1.291,2026-09-24,24/09/2026,6.36,0,Ajuste aplicado
AH_2026_2027,2026-09-24,2026-09-24 20:06:10.086852,San Regis,9040439,2026-09-26,26/09/2026,6.52,6.52,6.52,6.52,6.52,5.229,5.229,5.229,5.229,5.229,6.52,6.52,6.52,6.52,5.229,5.229,5.229,5.229,Sí,1.291,2026-09-24,24/09/2026,6.36,0,Ajuste aplicado
AH_2026_2027,2026-09-24,2026-09-24 20:06:10.086852,San Regis,9040439,2026-09-27,27/09/2026,6.57,6.57,6.57,6.57,6.57,5.279,5.279,5.279,5.279,5.279,6.57,6.57,6.57,6.57,5.279,5.279,5.279,5.279,Sí,1.291,2026-09-24,24/09/2026,6.36,0,Ajuste aplicado
AH_2026_2027,2026-09-24,2026-09-24 20:06:10.086852,San Regis,9040439,2026-09-28,28/09/2026,6.606,6.606,6.606,6.606,6.606,5.315,5.315,5.315,5.315,5.315,6.606,6.606,6.606,6.606,5.315,5.315,5.315,5.315,Sí,1.291,2026-09-24,24/09/2026,6.36,0,Ajuste aplicado
AH_2026_2027,2026-09-24,2026-09-24 20:06:10.086852,San Regis,9040439,2026-09-29,29/09/2026,6.6,6.6,6.6,6.6,6.6,5.309,5.309,5.309,5.309,5.309,6.6,6.6,6.6,6.6,5.309,5.309,5.309,5.309,Sí,1.291,2026-09-24,24/09/2026,6.36,0,Ajuste aplicado
AH_2026_2027,2026-09-24,2026-09-24 20:06:10.086852,San Regis,9040439,2026-09-30,30/09/2026,6.558,6.558,6.558,6.558,6.558,5.267,5.267,5.267,5.267,5.267,6.558,6.558,6.558,6.558,5.267,5.267,5.267,5.267,Sí,1.291,2026-09-24,24/09/2026,6.36,0,Ajuste aplicado
AH_2026_2027,2026-09-24,2026-09-24 20:06:10.086852,Santa Clotilde,9032282,2026-09-24,24/09/2026,7.46,7.46,7.46,7.46,7.46,6.389,6.389,6.389,6.389,6.389,7.46,7.46,7.46,7.46,6.389,6.389,6.389,6.389,Sí,1.071,2026-09-23,23/09/2026,7.46,1,Ajuste aplicado
AH_2026_2027,2026-09-24,2026-09-24 20:06:10.086852,Santa Clotilde,9032282,2026-09-25,25/09/2026,7.465,7.465,7.465,7.465,7.465,6.394,6.394,6.394,6.394,6.394,7.465,7.465,7.465,7.465,6.394,6.394,6.394,6.394,Sí,1.071,2026-09-23,23/09/2026,7.46,1,Ajuste aplicado
AH_2026_2027,2026-09-24,2026-09-24 20:06:10.086852,Santa Clotilde,9032282,2026-09-26,26/09/2026,7.467,7.467,7.467,7.467,7.467,6.396,6.396,6.396,6.396,6.396,7.467,7.467,7.467,7.467,6.396,6.396,6.396,6.396,Sí,1.071,2026-09-23,23/09/2026,7.46,1,Ajuste aplicado
AH_2026_2027,2026-09-24,2026-09-24 20:06:10.086852,Santa Clotilde,9032282,2026-09-27,27/09/2026,7.467,7.466,7.467,7.467,7.467,6.396,6.396,6.396,6.396,6.396,7.467,7.467,7.467,7.466,6.396,6.396,6.396,6.396,Sí,1.071,2026-09-23,23/09/2026,7.46,1,Ajuste aplicado
AH_2026_2027,2026-09-24,2026-09-24 20:06:10.086852,Santa Clotilde,9032282,2026-09-28,28/09/2026,7.462,7.46,7.463,7.461,7.463,6.391,6.389,6.393,6.391,6.392,7.463,7.463,7.462,7.46,6.392,6.393,6.391,6.389,Sí,1.071,2026-09-23,23/09/2026,7.46,1,Ajuste aplicado
AH_2026_2027,2026-09-24,2026-09-24 20:06:10.086852,Santa Clotilde,9032282,2026-09-29,29/09/2026,7.446,7.446,7.447,7.446,7.447,6.376,6.376,6.376,6.376,6.376,7.447,7.447,7.446,7.446,6.376,6.376,6.376,6.376,Sí,1.071,2026-09-23,23/09/2026,7.46,1,Ajuste aplicado
AH_2026_2027,2026-09-24,2026-09-24 20:06:10.086852,Santa Clotilde,9032282,2026-09-30,30/09/2026,7.444,7.44,7.446,7.444,7.446,6.374,6.369,6.375,6.373,6.375,7.446,7.446,7.445,7.44,6.375,6.375,6.375,6.369,Sí,1.071,2026-09-23,23/09/2026,7.46,1,Ajuste aplicado
AH_2026_2027,2026-09-24,2026-09-24 20:06:10.086852,Santa María de Nanay,9037738,2026-09-24,24/09/2026,4.34,4.34,4.34,4.34,4.34,4.24,4.24,4.241,4.24,4.24,4.34,4.34,4.34,4.34,4.24,4.241,4.24,4.24,Sí,0.1,2026-09-24,24/09/2026,4.34,0,Ajuste aplicado
AH_2026_2027,2026-09-24,2026-09-24 20:06:10.086852,Santa María de Nanay,9037738,2026-09-25,25/09/2026,4.69,4.659,4.738,4.671,4.702,4.59,4.559,4.638,4.571,4.602,4.69,4.738,4.674,4.659,4.59,4.638,4.575,4.559,Sí,0.1,2026-09-24,24/09/2026,4.34,0,Ajuste aplicado
AH_2026_2027,2026-09-24,2026-09-24 20:06:10.086852,Santa María de Nanay,9037738,2026-09-26,26/09/2026,4.925,4.871,4.999,4.886,4.955,4.825,4.771,4.899,4.786,4.855,4.94,4.999,4.89,4.871,4.841,4.899,4.791,4.771,Sí,0.1,2026-09-24,24/09/2026,4.34,0,Ajuste aplicado
AH_2026_2027,2026-09-24,2026-09-24 20:06:10.086852,Santa María de Nanay,9037738,2026-09-27,27/09/2026,4.896,4.689,5.039,4.808,5.016,4.796,4.589,4.939,4.708,4.916,5.008,5.039,4.847,4.689,4.908,4.939,4.748,4.589,Sí,0.1,2026-09-24,24/09/2026,4.34,0,Ajuste aplicado
AH_2026_2027,2026-09-24,2026-09-24 20:06:10.086852,Santa María de Nanay,9037738,2026-09-28,28/09/2026,4.803,4.231,5.07,4.69,5.069,4.703,4.132,4.97,4.59,4.969,5.069,5.07,4.843,4.231,4.969,4.97,4.743,4.132,Sí,0.1,2026-09-24,24/09/2026,4.34,0,Ajuste aplicado
AH_2026_2027,2026-09-24,2026-09-24 20:06:10.086852,Santa María de Nanay,9037738,2026-09-29,29/09/2026,4.687,3.321,5.226,4.575,5.213,4.587,3.222,5.126,4.475,5.114,5.226,5.209,4.992,3.321,5.126,5.11,4.893,3.222,Sí,0.1,2026-09-24,24/09/2026,4.34,0,Ajuste aplicado
AH_2026_2027,2026-09-24,2026-09-24 20:06:10.086852,Santa María de Nanay,9037738,2026-09-30,30/09/2026,4.59,2.471,5.662,4.308,5.395,4.49,2.372,5.562,4.208,5.295,5.662,5.306,4.92,2.471,5.562,5.206,4.82,2.372,Sí,0.1,2026-09-24,24/09/2026,4.34,0,Ajuste aplicado
AH_2026_2027,2026-09-24,2026-09-24 20:06:10.086852,Santa Rosa,9039635,2026-09-24,24/09/2026,3.66,3.66,3.66,3.66,3.66,3.193,3.193,3.193,3.193,3.193,3.66,3.66,3.66,3.66,3.193,3.193,3.193,3.193,Sí,0.467,2026-09-24,24/09/2026,3.66,0,Ajuste aplicado
AH_2026_2027,2026-09-24,2026-09-24 20:06:10.086852,Santa Rosa,9039635,2026-09-25,25/09/2026,3.678,3.678,3.678,3.678,3.678,3.21,3.21,3.21,3.21,3.21,3.678,3.678,3.678,3.678,3.21,3.21,3.21,3.21,Sí,0.467,2026-09-24,24/09/2026,3.66,0,Ajuste aplicado
AH_2026_2027,2026-09-24,2026-09-24 20:06:10.086852,Santa Rosa,9039635,2026-09-26,26/09/2026,3.663,3.662,3.663,3.662,3.663,3.195,3.195,3.196,3.195,3.196,3.663,3.663,3.662,3.662,3.196,3.196,3.195,3.195,Sí,0.467,2026-09-24,24/09/2026,3.66,0,Ajuste aplicado
AH_2026_2027,2026-09-24,2026-09-24 20:06:10.086852,Santa Rosa,9039635,2026-09-27,27/09/2026,3.632,3.626,3.636,3.629,3.636,3.165,3.159,3.169,3.161,3.169,3.636,3.636,3.626,3.629,3.169,3.169,3.159,3.162,Sí,0.467,2026-09-24,24/09/2026,3.66,0,Ajuste aplicado
AH_2026_2027,2026-09-24,2026-09-24 20:06:10.086852,Santa Rosa,9039635,2026-09-28,28/09/2026,3.476,3.419,3.501,3.471,3.496,3.008,2.951,3.033,3.003,3.028,3.494,3.501,3.419,3.488,3.027,3.033,2.951,3.021,Sí,0.467,2026-09-24,24/09/2026,3.66,0,Ajuste aplicado
AH_2026_2027,2026-09-24,2026-09-24 20:06:10.086852,Santa Rosa,9039635,2026-09-29,29/09/2026,3.271,3.214,3.294,3.267,3.292,2.804,2.746,2.826,2.8,2.824,3.291,3.294,3.214,3.285,2.824,2.826,2.746,2.818,Sí,0.467,2026-09-24,24/09/2026,3.66,0,Ajuste aplicado
AH_2026_2027,2026-09-24,2026-09-24 20:06:10.086852,Santa Rosa,9039635,2026-09-30,30/09/2026,3.064,3.024,3.091,3.054,3.08,2.596,2.556,2.624,2.586,2.613,3.077,3.091,3.024,3.064,2.609,2.624,2.556,2.596,Sí,0.467,2026-09-24,24/09/2026,3.66,0,Ajuste aplicado
AH_2026_2027,2026-09-24,2026-09-24 20:06:10.086852,Tamshiyacu,9038269,2026-09-24,24/09/2026,3.09,3.09,3.09,3.09,3.09,1.995,1.995,1.995,1.995,1.995,3.09,3.09,3.09,3.09,1.995,1.995,1.995,1.995,Sí,1.095,2026-09-24,24/09/2026,3.09,0,Ajuste aplicado
AH_2026_2027,2026-09-24,2026-09-24 20:06:10.086852,Tamshiyacu,9038269,2026-09-25,25/09/2026,3.059,3.059,3.059,3.059,3.059,1.964,1.964,1.964,1.964,1.964,3.059,3.059,3.059,3.059,1.964,1.964,1.964,1.964,Sí,1.095,2026-09-24,24/09/2026,3.09,0,Ajuste aplicado
AH_2026_2027,2026-09-24,2026-09-24 20:06:10.086852,Tamshiyacu,9038269,2026-09-26,26/09/2026,3.028,3.028,3.029,3.028,3.028,1.933,1.933,1.934,1.933,1.933,3.028,3.029,3.028,3.028,1.933,1.934,1.933,1.933,Sí,1.095,2026-09-24,24/09/2026,3.09,0,Ajuste aplicado
AH_2026_2027,2026-09-24,2026-09-24 20:06:10.086852,Tamshiyacu,9038269,2026-09-27,27/09/2026,3.029,3.029,3.029,3.029,3.029,1.934,1.934,1.934,1.934,1.934,3.029,3.029,3.029,3.029,1.934,1.934,1.934,1.934,Sí,1.095,2026-09-24,24/09/2026,3.09,0,Ajuste aplicado
AH_2026_2027,2026-09-24,2026-09-24 20:06:10.086852,Tamshiyacu,9038269,2026-09-28,28/09/2026,3.061,3.06,3.063,3.06,3.061,1.966,1.965,1.968,1.965,1.966,3.061,3.063,3.06,3.06,1.966,1.968,1.965,1.965,Sí,1.095,2026-09-24,24/09/2026,3.09,0,Ajuste aplicado
AH_2026_2027,2026-09-24,2026-09-24 20:06:10.086852,Tamshiyacu,9038269,2026-09-29,29/09/2026,3.086,3.086,3.086,3.086,3.086,1.991,1.991,1.991,1.991,1.991,3.086,3.086,3.086,3.086,1.991,1.991,1.991,1.991,Sí,1.095,2026-09-24,24/09/2026,3.09,0,Ajuste aplicado
AH_2026_2027,2026-09-24,2026-09-24 20:06:10.086852,Tamshiyacu,9038269,2026-09-30,30/09/2026,3.104,3.103,3.106,3.103,3.105,2.009,2.008,2.011,2.008,2.01,3.105,3.106,3.103,3.103,2.01,2.011,2.008,2.008,Sí,1.095,2026-09-24,24/09/2026,3.09,0,Ajuste aplicado
AH_2026_2027,2026-09-24,2026-09-24 20:06:10.086852,Timicurillo,9036459,2026-09-24,24/09/2026,4.961,4.961,4.961,4.961,4.961,4.961,4.961,4.961,4.961,4.961,4.961,4.961,4.961,4.961,4.961,4.961,4.961,4.961,No,,2026-09-13,13/09/2026,6.27,11,Observado muy antiguo para ajuste: 11 días
AH_2026_2027,2026-09-24,2026-09-24 20:06:10.086852,Timicurillo,9036459,2026-09-25,25/09/2026,4.747,4.747,4.747,4.747,4.747,4.747,4.747,4.747,4.747,4.747,4.747,4.747,4.747,4.747,4.747,4.747,4.747,4.747,No,,2026-09-13,13/09/2026,6.27,11,Observado muy antiguo para ajuste: 11 días
AH_2026_2027,2026-09-24,2026-09-24 20:06:10.086852,Timicurillo,9036459,2026-09-26,26/09/2026,4.58,4.577,4.582,4.579,4.581,4.58,4.577,4.582,4.579,4.581,4.58,4.582,4.58,4.577,4.58,4.582,4.58,4.577,No,,2026-09-13,13/09/2026,6.27,11,Observado muy antiguo para ajuste: 11 días
AH_2026_2027,2026-09-24,2026-09-24 20:06:10.086852,Timicurillo,9036459,2026-09-27,27/09/2026,4.496,4.45,4.551,4.476,4.512,4.496,4.45,4.551,4.476,4.512,4.499,4.551,4.485,4.45,4.499,4.551,4.485,4.45,No,,2026-09-13,13/09/2026,6.27,11,Observado muy antiguo para ajuste: 11 días
AH_2026_2027,2026-09-24,2026-09-24 20:06:10.086852,Timicurillo,9036459,2026-09-28,28/09/2026,4.554,4.477,4.6,4.537,4.586,4.554,4.477,4.6,4.537,4.586,4.582,4.6,4.556,4.477,4.582,4.6,4.556,4.477,No,,2026-09-13,13/09/2026,6.27,11,Observado muy antiguo para ajuste: 11 días
AH_2026_2027,2026-09-24,2026-09-24 20:06:10.086852,Timicurillo,9036459,2026-09-29,29/09/2026,4.596,4.448,4.699,4.56,4.654,4.596,4.448,4.699,4.56,4.654,4.639,4.699,4.598,4.448,4.639,4.699,4.598,4.448,No,,2026-09-13,13/09/2026,6.27,11,Observado muy antiguo para ajuste: 11 días
AH_2026_2027,2026-09-24,2026-09-24 20:06:10.086852,Timicurillo,9036459,2026-09-30,30/09/2026,4.67,4.43,4.771,4.658,4.753,4.67,4.43,4.771,4.658,4.753,4.747,4.771,4.734,4.43,4.747,4.771,4.734,4.43,No,,2026-09-13,13/09/2026,6.27,11,Observado muy antiguo para ajuste: 11 días
AH_2026_2027,2026-09-24,2026-09-24 20:06:10.086852,Yurimaguas,9046779,2026-09-24,24/09/2026,128.7,128.7,128.7,128.7,128.7,129.374,129.374,129.374,129.374,129.374,128.7,128.7,128.7,128.7,129.374,129.374,129.374,129.374,Sí,-0.674,2026-09-24,24/09/2026,128.7,0,Ajuste aplicado
AH_2026_2027,2026-09-24,2026-09-24 20:06:10.086852,Yurimaguas,9046779,2026-09-25,25/09/2026,128.452,128.452,128.452,128.452,128.452,129.126,129.126,129.126,129.126,129.126,128.452,128.452,128.452,128.452,129.126,129.126,129.126,129.126,Sí,-0.674,2026-09-24,24/09/2026,128.7,0,Ajuste aplicado
AH_2026_2027,2026-09-24,2026-09-24 20:06:10.086852,Yurimaguas,9046779,2026-09-26,26/09/2026,128.235,128.235,128.235,128.235,128.235,128.909,128.909,128.909,128.909,128.909,128.235,128.235,128.235,128.235,128.909,128.909,128.909,128.909,Sí,-0.674,2026-09-24,24/09/2026,128.7,0,Ajuste aplicado
AH_2026_2027,2026-09-24,2026-09-24 20:06:10.086852,Yurimaguas,9046779,2026-09-27,27/09/2026,128.119,128.119,128.119,128.119,128.119,128.793,128.793,128.793,128.793,128.793,128.119,128.119,128.119,128.119,128.793,128.793,128.793,128.793,Sí,-0.674,2026-09-24,24/09/2026,128.7,0,Ajuste aplicado
AH_2026_2027,2026-09-24,2026-09-24 20:06:10.086852,Yurimaguas,9046779,2026-09-28,28/09/2026,128.009,128.008,128.009,128.009,128.009,128.683,128.682,128.683,128.683,128.683,128.009,128.009,128.009,128.008,128.683,128.683,128.683,128.682,Sí,-0.674,2026-09-24,24/09/2026,128.7,0,Ajuste aplicado
AH_2026_2027,2026-09-24,2026-09-24 20:06:10.086852,Yurimaguas,9046779,2026-09-29,29/09/2026,127.937,127.918,127.988,127.92,127.938,128.611,128.592,128.662,128.594,128.612,127.92,127.921,127.988,127.918,128.594,128.595,128.662,128.592,Sí,-0.674,2026-09-24,24/09/2026,128.7,0,Ajuste aplicado
AH_2026_2027,2026-09-24,2026-09-24 20:06:10.086852,Yurimaguas,9046779,2026-09-30,30/09/2026,127.926,127.848,128.097,127.867,127.938,128.6,128.522,128.771,128.541,128.612,127.874,127.884,128.097,127.848,128.548,128.559,128.771,128.522,Sí,-0.674,2026-09-24,24/09/2026,128.7,0,Ajuste aplicado
AH_2026_2027,2026-09-25,2026-09-25 20:07:10.316201,Angamos,9043370,2026-09-25,25/09/2026,1.08,1.08,1.08,1.08,1.08,7.268,7.268,7.268,7.268,7.268,1.08,1.08,1.08,1.08,7.268,7.268,7.268,7.268,Sí,-6.188,2026-09-25,25/09/2026,1.08,0,Offset alto: -6.19 m. Revisar estación.
AH_2026_2027,2026-09-25,2026-09-25 20:07:10.316201,Angamos,9043370,2026-09-26,26/09/2026,1.029,1.029,1.03,1.029,1.029,7.217,7.217,7.218,7.217,7.218,1.029,1.03,1.029,1.029,7.218,7.218,7.217,7.217,Sí,-6.188,2026-09-25,25/09/2026,1.08,0,Offset alto: -6.19 m. Revisar estación.
AH_2026_2027,2026-09-25,2026-09-25 20:07:10.316201,Angamos,9043370,2026-09-27,27/09/2026,1.019,1.012,1.024,1.017,1.022,7.207,7.2,7.212,7.205,7.21,1.021,1.024,1.019,1.012,7.209,7.212,7.207,7.2,Sí,-6.188,2026-09-25,25/09/2026,1.08,0,Offset alto: -6.19 m. Revisar estación.
AH_2026_2027,2026-09-25,2026-09-25 20:07:10.316201,Angamos,9043370,2026-09-28,28/09/2026,0.997,0.983,1.012,0.988,1.006,7.185,7.171,7.2,7.177,7.194,1.004,1.012,0.99,0.983,7.192,7.2,7.178,7.171,Sí,-6.188,2026-09-25,25/09/2026,1.08,0,Offset alto: -6.19 m. Revisar estación.
AH_2026_2027,2026-09-25,2026-09-25 20:07:10.316201,Angamos,9043370,2026-09-29,29/09/2026,0.985,0.96,1.009,0.976,0.996,7.173,7.148,7.197,7.164,7.184,0.991,1.009,0.981,0.96,7.179,7.197,7.169,7.148,Sí,-6.188,2026-09-25,25/09/2026,1.08,0,Offset alto: -6.19 m. Revisar estación.
AH_2026_2027,2026-09-25,2026-09-25 20:07:10.316201,Angamos,9043370,2026-09-30,30/09/2026,0.975,0.956,0.999,0.96,0.987,7.163,7.144,7.187,7.148,7.175,0.983,0.999,0.961,0.956,7.171,7.187,7.149,7.144,Sí,-6.188,2026-09-25,25/09/2026,1.08,0,Offset alto: -6.19 m. Revisar estación.
AH_2026_2027,2026-09-25,2026-09-25 20:07:10.316201,Angamos,9043370,2026-10-01,01/10/2026,0.965,0.953,0.989,0.957,0.968,7.153,7.141,7.177,7.145,7.156,0.961,0.989,0.959,0.953,7.149,7.177,7.147,7.141,Sí,-6.188,2026-09-25,25/09/2026,1.08,0,Offset alto: -6.19 m. Revisar estación.
AH_2026_2027,2026-09-25,2026-09-25 20:07:10.316201,Bellavista,9036028,2026-09-25,25/09/2026,4.99,4.99,4.99,4.99,4.99,4.852,4.852,4.852,4.852,4.852,4.99,4.99,4.99,4.99,4.852,4.852,4.852,4.852,Sí,0.138,2026-09-25,25/09/2026,4.99,0,Ajuste aplicado
AH_2026_2027,2026-09-25,2026-09-25 20:07:10.316201,Bellavista,9036028,2026-09-26,26/09/2026,4.978,4.978,4.978,4.978,4.978,4.839,4.839,4.839,4.839,4.839,4.978,4.978,4.978,4.978,4.839,4.839,4.839,4.839,Sí,0.138,2026-09-25,25/09/2026,4.99,0,Ajuste aplicado
AH_2026_2027,2026-09-25,2026-09-25 20:07:10.316201,Bellavista,9036028,2026-09-27,27/09/2026,4.978,4.978,4.978,4.978,4.978,4.84,4.839,4.84,4.84,4.84,4.978,4.978,4.978,4.978,4.84,4.84,4.84,4.839,Sí,0.138,2026-09-25,25/09/2026,4.99,0,Ajuste aplicado
AH_2026_2027,2026-09-25,2026-09-25 20:07:10.316201,Bellavista,9036028,2026-09-28,28/09/2026,4.982,4.979,4.983,4.981,4.983,4.843,4.841,4.845,4.843,4.844,4.982,4.983,4.982,4.979,4.844,4.845,4.844,4.841,Sí,0.138,2026-09-25,25/09/2026,4.99,0,Ajuste aplicado
AH_2026_2027,2026-09-25,2026-09-25 20:07:10.316201,Bellavista,9036028,2026-09-29,29/09/2026,4.984,4.978,4.989,4.981,4.988,4.846,4.84,4.85,4.843,4.85,4.989,4.988,4.982,4.978,4.85,4.85,4.844,4.84,Sí,0.138,2026-09-25,25/09/2026,4.99,0,Ajuste aplicado
AH_2026_2027,2026-09-25,2026-09-25 20:07:10.316201,Bellavista,9036028,2026-09-30,30/09/2026,4.98,4.974,4.986,4.977,4.983,4.842,4.836,4.847,4.839,4.845,4.986,4.983,4.978,4.974,4.847,4.844,4.84,4.836,Sí,0.138,2026-09-25,25/09/2026,4.99,0,Ajuste aplicado
AH_2026_2027,2026-09-25,2026-09-25 20:07:10.316201,Bellavista,9036028,2026-10-01,01/10/2026,4.977,4.974,4.98,4.975,4.979,4.839,4.836,4.842,4.836,4.841,4.98,4.979,4.975,4.974,4.842,4.84,4.836,4.836,Sí,0.138,2026-09-25,25/09/2026,4.99,0,Ajuste aplicado
AH_2026_2027,2026-09-25,2026-09-25 20:07:10.316201,Borja,9040208,2026-09-25,25/09/2026,4.6,4.599,4.601,4.599,4.601,4.728,4.727,4.729,4.727,4.729,4.601,4.601,4.599,4.599,4.729,4.729,4.727,4.727,Sí,-0.128,2026-09-25,25/09/2026,4.6,0,Ajuste aplicado
AH_2026_2027,2026-09-25,2026-09-25 20:07:10.316201,Borja,9040208,2026-09-26,26/09/2026,4.782,4.766,4.793,4.776,4.791,4.91,4.894,4.921,4.904,4.919,4.79,4.793,4.779,4.766,4.918,4.921,4.907,4.894,Sí,-0.128,2026-09-25,25/09/2026,4.6,0,Ajuste aplicado
AH_2026_2027,2026-09-25,2026-09-25 20:07:10.316201,Borja,9040208,2026-09-27,27/09/2026,4.908,4.851,4.941,4.887,4.941,5.036,4.979,5.069,5.015,5.069,4.899,4.941,4.941,4.851,5.027,5.069,5.069,4.979,Sí,-0.128,2026-09-25,25/09/2026,4.6,0,Ajuste aplicado
AH_2026_2027,2026-09-25,2026-09-25 20:07:10.316201,Borja,9040208,2026-09-28,28/09/2026,4.919,4.837,4.988,4.884,4.961,5.047,4.965,5.116,5.012,5.089,4.9,4.952,4.988,4.837,5.028,5.08,5.116,4.965,Sí,-0.128,2026-09-25,25/09/2026,4.6,0,Ajuste aplicado
AH_2026_2027,2026-09-25,2026-09-25 20:07:10.316201,Borja,9040208,2026-09-29,29/09/2026,4.912,4.836,5.027,4.838,4.967,5.04,4.964,5.155,4.966,5.095,4.839,4.947,5.027,4.836,4.967,5.075,5.155,4.964,Sí,-0.128,2026-09-25,25/09/2026,4.6,0,Ajuste aplicado
AH_2026_2027,2026-09-25,2026-09-25 20:07:10.316201,Borja,9040208,2026-09-30,30/09/2026,4.895,4.751,5.044,4.856,4.931,5.023,4.879,5.172,4.984,5.059,4.751,4.893,5.044,4.891,4.879,5.021,5.172,5.019,Sí,-0.128,2026-09-25,25/09/2026,4.6,0,Ajuste aplicado
AH_2026_2027,2026-09-25,2026-09-25 20:07:10.316201,Borja,9040208,2026-10-01,01/10/2026,4.544,4.421,4.629,4.506,4.601,4.672,4.549,4.757,4.634,4.729,4.421,4.534,4.629,4.592,4.549,4.662,4.757,4.72,Sí,-0.128,2026-09-25,25/09/2026,4.6,0,Ajuste aplicado
AH_2026_2027,2026-09-25,2026-09-25 20:07:10.316201,Contamana,9053555,2026-09-25,25/09/2026,6.82,6.82,6.82,6.82,6.82,11.987,11.987,11.987,11.987,11.987,6.82,6.82,6.82,6.82,11.987,11.987,11.987,11.987,Sí,-5.167,2026-09-25,25/09/2026,6.82,0,Offset alto: -5.17 m. Revisar estación.
AH_2026_2027,2026-09-25,2026-09-25 20:07:10.316201,Contamana,9053555,2026-09-26,26/09/2026,6.981,6.981,6.981,6.981,6.981,12.148,12.148,12.148,12.148,12.148,6.981,6.981,6.981,6.981,12.148,12.148,12.148,12.148,Sí,-5.167,2026-09-25,25/09/2026,6.82,0,Offset alto: -5.17 m. Revisar estación.
AH_2026_2027,2026-09-25,2026-09-25 20:07:10.316201,Contamana,9053555,2026-09-27,27/09/2026,7.355,7.355,7.355,7.355,7.355,12.522,12.522,12.523,12.522,12.522,7.355,7.355,7.355,7.355,12.523,12.522,12.522,12.522,Sí,-5.167,2026-09-25,25/09/2026,6.82,0,Offset alto: -5.17 m. Revisar estación.
AH_2026_2027,2026-09-25,2026-09-25 20:07:10.316201,Contamana,9053555,2026-09-28,28/09/2026,7.54,7.54,7.54,7.54,7.54,12.708,12.707,12.708,12.707,12.708,7.54,7.54,7.54,7.54,12.708,12.708,12.707,12.707,Sí,-5.167,2026-09-25,25/09/2026,6.82,0,Offset alto: -5.17 m. Revisar estación.
AH_2026_2027,2026-09-25,2026-09-25 20:07:10.316201,Contamana,9053555,2026-09-29,29/09/2026,7.618,7.618,7.619,7.618,7.619,12.786,12.785,12.786,12.786,12.786,7.619,7.618,7.618,7.618,12.786,12.786,12.786,12.785,Sí,-5.167,2026-09-25,25/09/2026,6.82,0,Offset alto: -5.17 m. Revisar estación.
AH_2026_2027,2026-09-25,2026-09-25 20:07:10.316201,Contamana,9053555,2026-09-30,30/09/2026,7.644,7.636,7.654,7.639,7.647,12.811,12.804,12.821,12.806,12.815,7.654,7.639,7.645,7.636,12.821,12.807,12.813,12.804,Sí,-5.167,2026-09-25,25/09/2026,6.82,0,Offset alto: -5.17 m. Revisar estación.
AH_2026_2027,2026-09-25,2026-09-25 20:07:10.316201,Contamana,9053555,2026-10-01,01/10/2026,7.656,7.647,7.659,7.656,7.659,12.823,12.814,12.827,12.823,12.826,7.659,7.659,7.659,7.647,12.826,12.826,12.827,12.814,Sí,-5.167,2026-09-25,25/09/2026,6.82,0,Offset alto: -5.17 m. Revisar estación.
AH_2026_2027,2026-09-25,2026-09-25 20:07:10.316201,ENAPU,9038134,2026-09-25,25/09/2026,5.14,5.131,5.165,5.132,5.14,107.529,107.52,107.554,107.521,107.53,5.132,5.165,5.132,5.131,107.521,107.554,107.521,107.52,Sí,-102.389,2026-09-25,25/09/2026,5.14,0,Offset alto: -102.39 m. Revisar estación.
AH_2026_2027,2026-09-25,2026-09-25 20:07:10.316201,ENAPU,9038134,2026-09-26,26/09/2026,4.686,4.53,4.938,4.543,4.782,107.076,106.919,107.327,106.933,107.171,4.73,4.938,4.548,4.53,107.119,107.327,106.937,106.919,Sí,-102.389,2026-09-25,25/09/2026,5.14,0,Offset alto: -102.39 m. Revisar estación.
AH_2026_2027,2026-09-25,2026-09-25 20:07:10.316201,ENAPU,9038134,2026-09-27,27/09/2026,-20.125,-45.089,5.136,-45.058,4.66,82.264,57.3,107.525,57.331,107.049,4.501,5.136,-45.047,-45.089,106.891,107.525,57.342,57.3,Sí,-102.389,2026-09-25,25/09/2026,5.14,0,Offset alto: -102.39 m. Revisar estación.
AH_2026_2027,2026-09-25,2026-09-25 20:07:10.316201,ENAPU,9038134,2026-09-28,28/09/2026,-22.006,-49.002,5.444,-48.73,4.491,80.383,53.387,107.833,53.659,106.881,4.174,5.444,-49.002,-48.639,106.563,107.833,53.387,53.75,Sí,-102.389,2026-09-25,25/09/2026,5.14,0,Offset alto: -102.39 m. Revisar estación.
AH_2026_2027,2026-09-25,2026-09-25 20:07:10.316201,ENAPU,9038134,2026-09-29,29/09/2026,-33.568,-49.459,5.615,-46.792,-31.991,68.821,52.93,108.005,55.597,70.399,-44.526,5.615,-49.459,-45.904,57.863,108.005,52.93,56.486,Sí,-102.389,2026-09-25,25/09/2026,5.14,0,Offset alto: -102.39 m. Revisar estación.
AH_2026_2027,2026-09-25,2026-09-25 20:07:10.316201,ENAPU,9038134,2026-09-30,30/09/2026,-45.873,-98.565,5.773,-58.722,-32.5,56.516,3.824,108.162,43.667,69.889,-45.441,5.773,-98.565,-45.258,56.948,108.162,3.824,57.132,Sí,-102.389,2026-09-25,25/09/2026,5.14,0,Offset alto: -102.39 m. Revisar estación.
AH_2026_2027,2026-09-25,2026-09-25 20:07:10.316201,ENAPU,9038134,2026-10-01,01/10/2026,-21.387,-48.82,5.885,-46.694,4.002,81.003,53.569,108.274,55.695,106.391,-48.82,5.885,-45.986,3.374,53.569,108.274,56.404,105.763,Sí,-102.389,2026-09-25,25/09/2026,5.14,0,Offset alto: -102.39 m. Revisar estación.
AH_2026_2027,2026-09-25,2026-09-25 20:07:10.316201,Flor de Punga,9044756,2026-09-25,25/09/2026,7.696,7.696,7.696,7.696,7.696,7.696,7.696,7.696,7.696,7.696,7.696,7.696,7.696,7.696,7.696,7.696,7.696,7.696,No,,2026-05-14,14/05/2026,22.8,134,Observado muy antiguo para ajuste: 134 días
AH_2026_2027,2026-09-25,2026-09-25 20:07:10.316201,Flor de Punga,9044756,2026-09-26,26/09/2026,7.684,7.684,7.684,7.684,7.684,7.684,7.684,7.684,7.684,7.684,7.684,7.684,7.684,7.684,7.684,7.684,7.684,7.684,No,,2026-05-14,14/05/2026,22.8,134,Observado muy antiguo para ajuste: 134 días
AH_2026_2027,2026-09-25,2026-09-25 20:07:10.316201,Flor de Punga,9044756,2026-09-27,27/09/2026,7.688,7.688,7.688,7.688,7.688,7.688,7.688,7.688,7.688,7.688,7.688,7.688,7.688,7.688,7.688,7.688,7.688,7.688,No,,2026-05-14,14/05/2026,22.8,134,Observado muy antiguo para ajuste: 134 días
AH_2026_2027,2026-09-25,2026-09-25 20:07:10.316201,Flor de Punga,9044756,2026-09-28,28/09/2026,7.756,7.756,7.756,7.756,7.756,7.756,7.756,7.756,7.756,7.756,7.756,7.756,7.756,7.756,7.756,7.756,7.756,7.756,No,,2026-05-14,14/05/2026,22.8,134,Observado muy antiguo para ajuste: 134 días
AH_2026_2027,2026-09-25,2026-09-25 20:07:10.316201,Flor de Punga,9044756,2026-09-29,29/09/2026,7.863,7.863,7.863,7.863,7.863,7.863,7.863,7.863,7.863,7.863,7.863,7.863,7.863,7.863,7.863,7.863,7.863,7.863,No,,2026-05-14,14/05/2026,22.8,134,Observado muy antiguo para ajuste: 134 días
AH_2026_2027,2026-09-25,2026-09-25 20:07:10.316201,Flor de Punga,9044756,2026-09-30,30/09/2026,7.995,7.994,7.995,7.994,7.995,7.995,7.994,7.995,7.994,7.995,7.994,7.994,7.994,7.995,7.994,7.994,7.994,7.995,No,,2026-05-14,14/05/2026,22.8,134,Observado muy antiguo para ajuste: 134 días
AH_2026_2027,2026-09-25,2026-09-25 20:07:10.316201,Flor de Punga,9044756,2026-10-01,01/10/2026,8.221,8.221,8.222,8.221,8.221,8.221,8.221,8.222,8.221,8.221,8.221,8.221,8.221,8.222,8.221,8.221,8.221,8.222,No,,2026-05-14,14/05/2026,22.8,134,Observado muy antiguo para ajuste: 134 días
AH_2026_2027,2026-09-25,2026-09-25 20:07:10.316201,Genaro Herrera,9042214,2026-09-25,25/09/2026,7.27,7.27,7.27,7.27,7.27,6.661,6.661,6.661,6.661,6.661,7.27,7.27,7.27,7.27,6.661,6.661,6.661,6.661,Sí,0.609,2026-09-25,25/09/2026,7.27,0,Ajuste aplicado
AH_2026_2027,2026-09-25,2026-09-25 20:07:10.316201,Genaro Herrera,9042214,2026-09-26,26/09/2026,7.127,7.127,7.128,7.127,7.128,6.518,6.518,6.518,6.518,6.518,7.128,7.128,7.127,7.127,6.518,6.518,6.518,6.518,Sí,0.609,2026-09-25,25/09/2026,7.27,0,Ajuste aplicado
AH_2026_2027,2026-09-25,2026-09-25 20:07:10.316201,Genaro Herrera,9042214,2026-09-27,27/09/2026,7.077,7.077,7.078,7.077,7.077,6.468,6.468,6.468,6.468,6.468,7.077,7.078,7.077,7.077,6.468,6.468,6.468,6.468,Sí,0.609,2026-09-25,25/09/2026,7.27,0,Ajuste aplicado
AH_2026_2027,2026-09-25,2026-09-25 20:07:10.316201,Genaro Herrera,9042214,2026-09-28,28/09/2026,7.061,7.061,7.062,7.061,7.061,6.452,6.452,6.452,6.452,6.452,7.061,7.062,7.061,7.061,6.452,6.452,6.452,6.452,Sí,0.609,2026-09-25,25/09/2026,7.27,0,Ajuste aplicado
AH_2026_2027,2026-09-25,2026-09-25 20:07:10.316201,Genaro Herrera,9042214,2026-09-29,29/09/2026,7.065,7.065,7.066,7.065,7.065,6.456,6.456,6.457,6.456,6.456,7.065,7.065,7.065,7.066,6.456,6.456,6.456,6.457,Sí,0.609,2026-09-25,25/09/2026,7.27,0,Ajuste aplicado
AH_2026_2027,2026-09-25,2026-09-25 20:07:10.316201,Genaro Herrera,9042214,2026-09-30,30/09/2026,7.103,7.103,7.104,7.103,7.103,6.494,6.493,6.495,6.493,6.494,7.103,7.103,7.103,7.104,6.494,6.494,6.493,6.495,Sí,0.609,2026-09-25,25/09/2026,7.27,0,Ajuste aplicado
AH_2026_2027,2026-09-25,2026-09-25 20:07:10.316201,Genaro Herrera,9042214,2026-10-01,01/10/2026,7.133,7.133,7.134,7.133,7.133,6.524,6.523,6.525,6.524,6.524,7.133,7.133,7.133,7.134,6.524,6.524,6.523,6.525,Sí,0.609,2026-09-25,25/09/2026,7.27,0,Ajuste aplicado
AH_2026_2027,2026-09-25,2026-09-25 20:07:10.316201,Lagunas,9043597,2026-09-25,25/09/2026,4.55,4.55,4.55,4.55,4.55,5.561,5.561,5.561,5.561,5.561,4.55,4.55,4.55,4.55,5.561,5.561,5.561,5.561,Sí,-1.011,2026-09-25,25/09/2026,4.55,0,Ajuste aplicado
AH_2026_2027,2026-09-25,2026-09-25 20:07:10.316201,Lagunas,9043597,2026-09-26,26/09/2026,4.471,4.471,4.471,4.471,4.471,5.482,5.482,5.482,5.482,5.482,4.471,4.471,4.471,4.471,5.482,5.482,5.482,5.482,Sí,-1.011,2026-09-25,25/09/2026,4.55,0,Ajuste aplicado
AH_2026_2027,2026-09-25,2026-09-25 20:07:10.316201,Lagunas,9043597,2026-09-27,27/09/2026,4.392,4.392,4.392,4.392,4.392,5.403,5.403,5.403,5.403,5.403,4.392,4.392,4.392,4.392,5.403,5.403,5.403,5.403,Sí,-1.011,2026-09-25,25/09/2026,4.55,0,Ajuste aplicado
AH_2026_2027,2026-09-25,2026-09-25 20:07:10.316201,Lagunas,9043597,2026-09-28,28/09/2026,4.223,4.223,4.223,4.223,4.223,5.234,5.234,5.234,5.234,5.234,4.223,4.223,4.223,4.223,5.234,5.234,5.234,5.234,Sí,-1.011,2026-09-25,25/09/2026,4.55,0,Ajuste aplicado
AH_2026_2027,2026-09-25,2026-09-25 20:07:10.316201,Lagunas,9043597,2026-09-29,29/09/2026,4.044,4.044,4.044,4.044,4.044,5.055,5.055,5.055,5.055,5.055,4.044,4.044,4.044,4.044,5.055,5.055,5.055,5.055,Sí,-1.011,2026-09-25,25/09/2026,4.55,0,Ajuste aplicado
AH_2026_2027,2026-09-25,2026-09-25 20:07:10.316201,Lagunas,9043597,2026-09-30,30/09/2026,3.891,3.884,3.901,3.886,3.893,4.902,4.895,4.912,4.897,4.904,3.887,3.89,3.901,3.884,4.898,4.901,4.912,4.895,Sí,-1.011,2026-09-25,25/09/2026,4.55,0,Ajuste aplicado
AH_2026_2027,2026-09-25,2026-09-25 20:07:10.316201,Lagunas,9043597,2026-10-01,01/10/2026,3.854,3.845,3.874,3.846,3.855,4.865,4.856,4.885,4.857,4.866,3.846,3.849,3.874,3.845,4.857,4.86,4.885,4.856,Sí,-1.011,2026-09-25,25/09/2026,4.55,0,Ajuste aplicado
AH_2026_2027,2026-09-25,2026-09-25 20:07:10.316201,Nauta,9040454,2026-09-25,25/09/2026,6.37,6.37,6.37,6.37,6.37,4.705,4.704,4.705,4.704,4.705,6.37,6.37,6.37,6.37,4.705,4.705,4.705,4.704,Sí,1.665,2026-09-25,25/09/2026,6.37,0,Offset alto: 1.67 m. Revisar estación.
AH_2026_2027,2026-09-25,2026-09-25 20:07:10.316201,Nauta,9040454,2026-09-26,26/09/2026,6.462,6.462,6.462,6.462,6.462,4.796,4.796,4.796,4.796,4.796,6.462,6.462,6.462,6.462,4.796,4.796,4.796,4.796,Sí,1.665,2026-09-25,25/09/2026,6.37,0,Offset alto: 1.67 m. Revisar estación.
AH_2026_2027,2026-09-25,2026-09-25 20:07:10.316201,Nauta,9040454,2026-09-27,27/09/2026,6.587,6.587,6.587,6.587,6.587,4.922,4.922,4.922,4.922,4.922,6.587,6.587,6.587,6.587,4.922,4.922,4.922,4.922,Sí,1.665,2026-09-25,25/09/2026,6.37,0,Offset alto: 1.67 m. Revisar estación.
AH_2026_2027,2026-09-25,2026-09-25 20:07:10.316201,Nauta,9040454,2026-09-28,28/09/2026,6.704,6.704,6.705,6.704,6.705,5.039,5.039,5.039,5.039,5.039,6.704,6.705,6.704,6.705,5.039,5.039,5.039,5.039,Sí,1.665,2026-09-25,25/09/2026,6.37,0,Offset alto: 1.67 m. Revisar estación.
AH_2026_2027,2026-09-25,2026-09-25 20:07:10.316201,Nauta,9040454,2026-09-29,29/09/2026,6.787,6.787,6.788,6.787,6.788,5.122,5.121,5.123,5.122,5.122,6.787,6.788,6.787,6.788,5.122,5.122,5.121,5.123,Sí,1.665,2026-09-25,25/09/2026,6.37,0,Offset alto: 1.67 m. Revisar estación.
AH_2026_2027,2026-09-25,2026-09-25 20:07:10.316201,Nauta,9040454,2026-09-30,30/09/2026,6.765,6.765,6.765,6.765,6.765,5.1,5.1,5.1,5.1,5.1,6.765,6.765,6.765,6.765,5.1,5.1,5.1,5.1,Sí,1.665,2026-09-25,25/09/2026,6.37,0,Offset alto: 1.67 m. Revisar estación.
AH_2026_2027,2026-09-25,2026-09-25 20:07:10.316201,Nauta,9040454,2026-10-01,01/10/2026,6.66,6.655,6.672,6.656,6.662,4.995,4.989,5.006,4.99,4.996,6.656,6.659,6.655,6.672,4.99,4.993,4.989,5.006,Sí,1.665,2026-09-25,25/09/2026,6.37,0,Offset alto: 1.67 m. Revisar estación.
AH_2026_2027,2026-09-25,2026-09-25 20:07:10.316201,Puerto Alegria,9038835,2026-09-25,25/09/2026,10.57,10.57,10.57,10.57,10.57,9.924,9.924,9.924,9.924,9.924,10.57,10.57,10.57,10.57,9.924,9.924,9.924,9.924,Sí,0.646,2026-09-25,25/09/2026,10.57,0,Ajuste aplicado
AH_2026_2027,2026-09-25,2026-09-25 20:07:10.316201,Puerto Alegria,9038835,2026-09-26,26/09/2026,10.507,10.507,10.508,10.507,10.508,9.861,9.861,9.861,9.861,9.861,10.507,10.508,10.507,10.507,9.861,9.861,9.861,9.861,Sí,0.646,2026-09-25,25/09/2026,10.57,0,Ajuste aplicado
AH_2026_2027,2026-09-25,2026-09-25 20:07:10.316201,Puerto Alegria,9038835,2026-09-27,27/09/2026,10.416,10.415,10.416,10.416,10.416,9.769,9.769,9.77,9.769,9.77,10.416,10.416,10.415,10.416,9.77,9.77,9.769,9.77,Sí,0.646,2026-09-25,25/09/2026,10.57,0,Ajuste aplicado
AH_2026_2027,2026-09-25,2026-09-25 20:07:10.316201,Puerto Alegria,9038835,2026-09-28,28/09/2026,10.246,10.236,10.252,10.244,10.251,9.6,9.59,9.605,9.598,9.604,10.247,10.252,10.236,10.25,9.601,9.605,9.59,9.604,Sí,0.646,2026-09-25,25/09/2026,10.57,0,Ajuste aplicado
AH_2026_2027,2026-09-25,2026-09-25 20:07:10.316201,Puerto Alegria,9038835,2026-09-29,29/09/2026,10.078,10.068,10.09,10.071,10.083,9.431,9.422,9.444,9.424,9.436,10.072,10.08,10.068,10.09,9.425,9.434,9.422,9.444,Sí,0.646,2026-09-25,25/09/2026,10.57,0,Ajuste aplicado
AH_2026_2027,2026-09-25,2026-09-25 20:07:10.316201,Puerto Alegria,9038835,2026-09-30,30/09/2026,10.011,10.001,10.023,10.005,10.016,9.365,9.355,9.376,9.359,9.369,10.007,10.013,10.001,10.023,9.36,9.367,9.355,9.376,Sí,0.646,2026-09-25,25/09/2026,10.57,0,Ajuste aplicado
AH_2026_2027,2026-09-25,2026-09-25 20:07:10.316201,Puerto Alegria,9038835,2026-10-01,01/10/2026,9.961,9.952,9.971,9.954,9.967,9.315,9.306,9.325,9.308,9.321,9.955,9.966,9.952,9.971,9.308,9.319,9.306,9.325,Sí,0.646,2026-09-25,25/09/2026,10.57,0,Ajuste aplicado
AH_2026_2027,2026-09-25,2026-09-25 20:07:10.316201,Puerto Almendra,9037610,2026-09-25,25/09/2026,3.4,3.4,3.4,3.4,3.4,3.053,3.052,3.053,3.053,3.053,3.4,3.4,3.4,3.4,3.053,3.053,3.053,3.052,Sí,0.347,2026-09-25,25/09/2026,3.4,0,Ajuste aplicado
AH_2026_2027,2026-09-25,2026-09-25 20:07:10.316201,Puerto Almendra,9037610,2026-09-26,26/09/2026,3.657,3.632,3.689,3.645,3.667,3.31,3.284,3.342,3.298,3.319,3.659,3.689,3.649,3.632,3.312,3.342,3.302,3.284,Sí,0.347,2026-09-25,25/09/2026,3.4,0,Ajuste aplicado
AH_2026_2027,2026-09-25,2026-09-25 20:07:10.316201,Puerto Almendra,9037610,2026-09-27,27/09/2026,3.887,3.847,3.938,3.871,3.899,3.54,3.5,3.591,3.523,3.551,3.885,3.938,3.878,3.847,3.538,3.591,3.531,3.5,Sí,0.347,2026-09-25,25/09/2026,3.4,0,Ajuste aplicado
AH_2026_2027,2026-09-25,2026-09-25 20:07:10.316201,Puerto Almendra,9037610,2026-09-28,28/09/2026,3.888,3.752,4.034,3.808,3.962,3.54,3.405,3.687,3.461,3.615,3.938,4.034,3.827,3.752,3.59,3.687,3.479,3.405,Sí,0.347,2026-09-25,25/09/2026,3.4,0,Ajuste aplicado
AH_2026_2027,2026-09-25,2026-09-25 20:07:10.316201,Puerto Almendra,9037610,2026-09-29,29/09/2026,3.697,3.449,3.971,3.518,3.862,3.349,3.102,3.623,3.171,3.514,3.825,3.971,3.541,3.449,3.478,3.623,3.194,3.102,Sí,0.347,2026-09-25,25/09/2026,3.4,0,Ajuste aplicado
AH_2026_2027,2026-09-25,2026-09-25 20:07:10.316201,Puerto Almendra,9037610,2026-09-30,30/09/2026,3.542,3.163,3.962,3.217,3.848,3.195,2.815,3.614,2.869,3.501,3.81,3.962,3.235,3.163,3.463,3.614,2.887,2.815,Sí,0.347,2026-09-25,25/09/2026,3.4,0,Ajuste aplicado
AH_2026_2027,2026-09-25,2026-09-25 20:07:10.316201,Puerto Almendra,9037610,2026-10-01,01/10/2026,3.453,2.96,3.975,3.008,3.885,3.106,2.612,3.628,2.66,3.538,3.855,3.975,3.024,2.96,3.508,3.628,2.677,2.612,Sí,0.347,2026-09-25,25/09/2026,3.4,0,Ajuste aplicado
AH_2026_2027,2026-09-25,2026-09-25 20:07:10.316201,Requena,9043425,2026-09-25,25/09/2026,5.93,5.93,5.93,5.93,5.93,5.152,5.152,5.152,5.152,5.152,5.93,5.93,5.93,5.93,5.152,5.152,5.152,5.152,Sí,0.778,2026-09-25,25/09/2026,5.93,0,Ajuste aplicado
AH_2026_2027,2026-09-25,2026-09-25 20:07:10.316201,Requena,9043425,2026-09-26,26/09/2026,5.927,5.927,5.927,5.927,5.927,5.149,5.149,5.149,5.149,5.149,5.927,5.927,5.927,5.927,5.149,5.149,5.149,5.149,Sí,0.778,2026-09-25,25/09/2026,5.93,0,Ajuste aplicado
AH_2026_2027,2026-09-25,2026-09-25 20:07:10.316201,Requena,9043425,2026-09-27,27/09/2026,5.924,5.924,5.924,5.924,5.924,5.146,5.146,5.146,5.146,5.146,5.924,5.924,5.924,5.924,5.146,5.146,5.146,5.146,Sí,0.778,2026-09-25,25/09/2026,5.93,0,Ajuste aplicado
AH_2026_2027,2026-09-25,2026-09-25 20:07:10.316201,Requena,9043425,2026-09-28,28/09/2026,5.917,5.917,5.917,5.917,5.917,5.139,5.139,5.139,5.139,5.139,5.917,5.917,5.917,5.917,5.139,5.139,5.139,5.139,Sí,0.778,2026-09-25,25/09/2026,5.93,0,Ajuste aplicado
AH_2026_2027,2026-09-25,2026-09-25 20:07:10.316201,Requena,9043425,2026-09-29,29/09/2026,5.913,5.912,5.913,5.912,5.913,5.135,5.135,5.135,5.135,5.135,5.913,5.913,5.912,5.912,5.135,5.135,5.135,5.135,Sí,0.778,2026-09-25,25/09/2026,5.93,0,Ajuste aplicado
AH_2026_2027,2026-09-25,2026-09-25 20:07:10.316201,Requena,9043425,2026-09-30,30/09/2026,5.894,5.894,5.894,5.894,5.894,5.116,5.116,5.116,5.116,5.116,5.894,5.894,5.894,5.894,5.116,5.116,5.116,5.116,Sí,0.778,2026-09-25,25/09/2026,5.93,0,Ajuste aplicado
AH_2026_2027,2026-09-25,2026-09-25 20:07:10.316201,Requena,9043425,2026-10-01,01/10/2026,5.887,5.887,5.887,5.887,5.887,5.11,5.109,5.11,5.109,5.11,5.887,5.887,5.887,5.887,5.109,5.11,5.109,5.11,Sí,0.778,2026-09-25,25/09/2026,5.93,0,Ajuste aplicado
AH_2026_2027,2026-09-25,2026-09-25 20:07:10.316201,San Lorenzo,9042153,2026-09-25,25/09/2026,9.651,9.651,9.651,9.651,9.651,9.651,9.651,9.651,9.651,9.651,9.651,9.651,9.651,9.651,9.651,9.651,9.651,9.651,No,,2025-09-30,30/09/2025,7.19,360,Observado muy antiguo para ajuste: 360 días
AH_2026_2027,2026-09-25,2026-09-25 20:07:10.316201,San Lorenzo,9042153,2026-09-26,26/09/2026,9.657,9.657,9.657,9.657,9.657,9.657,9.657,9.657,9.657,9.657,9.657,9.657,9.657,9.657,9.657,9.657,9.657,9.657,No,,2025-09-30,30/09/2025,7.19,360,Observado muy antiguo para ajuste: 360 días
AH_2026_2027,2026-09-25,2026-09-25 20:07:10.316201,San Lorenzo,9042153,2026-09-27,27/09/2026,9.755,9.754,9.756,9.755,9.756,9.755,9.754,9.756,9.755,9.756,9.756,9.756,9.755,9.754,9.756,9.756,9.755,9.754,No,,2025-09-30,30/09/2025,7.19,360,Observado muy antiguo para ajuste: 360 días
AH_2026_2027,2026-09-25,2026-09-25 20:07:10.316201,San Lorenzo,9042153,2026-09-28,28/09/2026,9.902,9.9,9.904,9.901,9.902,9.902,9.9,9.904,9.901,9.902,9.902,9.904,9.901,9.9,9.902,9.904,9.901,9.9,No,,2025-09-30,30/09/2025,7.19,360,Observado muy antiguo para ajuste: 360 días
AH_2026_2027,2026-09-25,2026-09-25 20:07:10.316201,San Lorenzo,9042153,2026-09-29,29/09/2026,10.058,10.051,10.064,10.056,10.061,10.058,10.051,10.064,10.056,10.061,10.058,10.064,10.06,10.051,10.058,10.064,10.06,10.051,No,,2025-09-30,30/09/2025,7.19,360,Observado muy antiguo para ajuste: 360 días
AH_2026_2027,2026-09-25,2026-09-25 20:07:10.316201,San Lorenzo,9042153,2026-09-30,30/09/2026,10.12,10.064,10.163,10.107,10.138,10.12,10.064,10.163,10.107,10.138,10.122,10.13,10.163,10.064,10.122,10.13,10.163,10.064,No,,2025-09-30,30/09/2025,7.19,360,Observado muy antiguo para ajuste: 360 días
AH_2026_2027,2026-09-25,2026-09-25 20:07:10.316201,San Lorenzo,9042153,2026-10-01,01/10/2026,10.136,10.058,10.22,10.096,10.173,10.136,10.058,10.22,10.096,10.173,10.108,10.157,10.22,10.058,10.108,10.157,10.22,10.058,No,,2025-09-30,30/09/2025,7.19,360,Observado muy antiguo para ajuste: 360 días
AH_2026_2027,2026-09-25,2026-09-25 20:07:10.316201,San Regis,9040439,2026-09-25,25/09/2026,6.17,6.17,6.17,6.17,6.17,5.132,5.132,5.132,5.132,5.132,6.17,6.17,6.17,6.17,5.132,5.132,5.132,5.132,Sí,1.038,2026-09-25,25/09/2026,6.17,0,Ajuste aplicado
AH_2026_2027,2026-09-25,2026-09-25 20:07:10.316201,San Regis,9040439,2026-09-26,26/09/2026,6.268,6.268,6.268,6.268,6.268,5.23,5.23,5.23,5.23,5.23,6.268,6.268,6.268,6.268,5.23,5.23,5.23,5.23,Sí,1.038,2026-09-25,25/09/2026,6.17,0,Ajuste aplicado
AH_2026_2027,2026-09-25,2026-09-25 20:07:10.316201,San Regis,9040439,2026-09-27,27/09/2026,6.318,6.318,6.318,6.318,6.318,5.28,5.28,5.28,5.28,5.28,6.318,6.318,6.318,6.318,5.28,5.28,5.28,5.28,Sí,1.038,2026-09-25,25/09/2026,6.17,0,Ajuste aplicado
AH_2026_2027,2026-09-25,2026-09-25 20:07:10.316201,San Regis,9040439,2026-09-28,28/09/2026,6.357,6.357,6.357,6.357,6.357,5.319,5.319,5.319,5.319,5.319,6.357,6.357,6.357,6.357,5.319,5.319,5.319,5.319,Sí,1.038,2026-09-25,25/09/2026,6.17,0,Ajuste aplicado
AH_2026_2027,2026-09-25,2026-09-25 20:07:10.316201,San Regis,9040439,2026-09-29,29/09/2026,6.348,6.348,6.348,6.348,6.348,5.31,5.31,5.31,5.31,5.31,6.348,6.348,6.348,6.348,5.31,5.31,5.31,5.31,Sí,1.038,2026-09-25,25/09/2026,6.17,0,Ajuste aplicado
AH_2026_2027,2026-09-25,2026-09-25 20:07:10.316201,San Regis,9040439,2026-09-30,30/09/2026,6.306,6.306,6.306,6.306,6.306,5.268,5.268,5.268,5.268,5.268,6.306,6.306,6.306,6.306,5.268,5.268,5.268,5.268,Sí,1.038,2026-09-25,25/09/2026,6.17,0,Ajuste aplicado
AH_2026_2027,2026-09-25,2026-09-25 20:07:10.316201,San Regis,9040439,2026-10-01,01/10/2026,6.354,6.354,6.354,6.354,6.354,5.316,5.316,5.316,5.316,5.316,6.354,6.354,6.354,6.354,5.316,5.316,5.316,5.316,Sí,1.038,2026-09-25,25/09/2026,6.17,0,Ajuste aplicado
AH_2026_2027,2026-09-25,2026-09-25 20:07:10.316201,Santa Clotilde,9032282,2026-09-25,25/09/2026,7.28,7.28,7.28,7.28,7.28,6.404,6.404,6.404,6.404,6.404,7.28,7.28,7.28,7.28,6.404,6.404,6.404,6.404,Sí,0.876,2026-09-25,25/09/2026,7.28,0,Ajuste aplicado
AH_2026_2027,2026-09-25,2026-09-25 20:07:10.316201,Santa Clotilde,9032282,2026-09-26,26/09/2026,7.284,7.284,7.284,7.284,7.284,6.408,6.408,6.408,6.408,6.408,7.284,7.284,7.284,7.284,6.408,6.408,6.408,6.408,Sí,0.876,2026-09-25,25/09/2026,7.28,0,Ajuste aplicado
AH_2026_2027,2026-09-25,2026-09-25 20:07:10.316201,Santa Clotilde,9032282,2026-09-27,27/09/2026,7.283,7.283,7.284,7.283,7.283,6.407,6.407,6.408,6.407,6.407,7.283,7.283,7.284,7.283,6.407,6.407,6.408,6.407,Sí,0.876,2026-09-25,25/09/2026,7.28,0,Ajuste aplicado
AH_2026_2027,2026-09-25,2026-09-25 20:07:10.316201,Santa Clotilde,9032282,2026-09-28,28/09/2026,7.278,7.277,7.279,7.278,7.278,6.402,6.401,6.403,6.402,6.402,7.278,7.278,7.279,7.277,6.402,6.402,6.403,6.401,Sí,0.876,2026-09-25,25/09/2026,7.28,0,Ajuste aplicado
AH_2026_2027,2026-09-25,2026-09-25 20:07:10.316201,Santa Clotilde,9032282,2026-09-29,29/09/2026,7.255,7.255,7.255,7.255,7.255,6.379,6.379,6.379,6.379,6.379,7.255,7.255,7.255,7.255,6.379,6.379,6.379,6.379,Sí,0.876,2026-09-25,25/09/2026,7.28,0,Ajuste aplicado
AH_2026_2027,2026-09-25,2026-09-25 20:07:10.316201,Santa Clotilde,9032282,2026-09-30,30/09/2026,7.254,7.253,7.254,7.253,7.254,6.378,6.377,6.378,6.377,6.378,7.254,7.254,7.253,7.253,6.378,6.378,6.377,6.377,Sí,0.876,2026-09-25,25/09/2026,7.28,0,Ajuste aplicado
AH_2026_2027,2026-09-25,2026-09-25 20:07:10.316201,Santa Clotilde,9032282,2026-10-01,01/10/2026,7.254,7.253,7.254,7.254,7.254,6.378,6.377,6.378,6.378,6.378,7.254,7.254,7.254,7.253,6.378,6.378,6.378,6.377,Sí,0.876,2026-09-25,25/09/2026,7.28,0,Ajuste aplicado
AH_2026_2027,2026-09-25,2026-09-25 20:07:10.316201,Santa María de Nanay,9037738,2026-09-25,25/09/2026,4.38,4.356,4.406,4.365,4.394,4.612,4.588,4.638,4.597,4.626,4.39,4.406,4.368,4.356,4.622,4.638,4.601,4.588,Sí,-0.232,2026-09-25,25/09/2026,4.38,0,Ajuste aplicado
AH_2026_2027,2026-09-25,2026-09-25 20:07:10.316201,Santa María de Nanay,9037738,2026-09-26,26/09/2026,4.666,4.612,4.716,4.641,4.694,4.899,4.844,4.948,4.874,4.926,4.687,4.716,4.651,4.612,4.919,4.948,4.884,4.844,Sí,-0.232,2026-09-25,25/09/2026,4.38,0,Ajuste aplicado
AH_2026_2027,2026-09-25,2026-09-25 20:07:10.316201,Santa María de Nanay,9037738,2026-09-27,27/09/2026,4.667,4.553,4.785,4.59,4.741,4.899,4.785,5.017,4.822,4.974,4.727,4.785,4.602,4.553,4.959,5.017,4.834,4.785,Sí,-0.232,2026-09-25,25/09/2026,4.38,0,Ajuste aplicado
AH_2026_2027,2026-09-25,2026-09-25 20:07:10.316201,Santa María de Nanay,9037738,2026-09-28,28/09/2026,4.485,4.255,4.744,4.289,4.666,4.717,4.488,4.976,4.521,4.898,4.64,4.744,4.3,4.255,4.872,4.976,4.532,4.488,Sí,-0.232,2026-09-25,25/09/2026,4.38,0,Ajuste aplicado
AH_2026_2027,2026-09-25,2026-09-25 20:07:10.316201,Santa María de Nanay,9037738,2026-09-29,29/09/2026,4.312,3.945,4.727,3.992,4.608,4.544,4.177,4.959,4.224,4.84,4.568,4.727,4.008,3.945,4.8,4.959,4.24,4.177,Sí,-0.232,2026-09-25,25/09/2026,4.38,0,Ajuste aplicado
AH_2026_2027,2026-09-25,2026-09-25 20:07:10.316201,Santa María de Nanay,9037738,2026-09-30,30/09/2026,4.164,3.402,4.734,3.746,4.678,4.396,3.634,4.967,3.978,4.91,4.659,4.734,3.86,3.402,4.892,4.967,4.092,3.634,Sí,-0.232,2026-09-25,25/09/2026,4.38,0,Ajuste aplicado
AH_2026_2027,2026-09-25,2026-09-25 20:07:10.316201,Santa María de Nanay,9037738,2026-10-01,01/10/2026,4.027,3.143,4.704,3.51,4.647,4.259,3.375,4.937,3.742,4.879,4.627,4.704,3.632,3.143,4.86,4.937,3.865,3.375,Sí,-0.232,2026-09-25,25/09/2026,4.38,0,Ajuste aplicado
AH_2026_2027,2026-09-25,2026-09-25 20:07:10.316201,Santa Rosa,9039635,2026-09-25,25/09/2026,3.76,3.76,3.76,3.76,3.76,3.219,3.219,3.219,3.219,3.219,3.76,3.76,3.76,3.76,3.219,3.219,3.219,3.219,Sí,0.541,2026-09-25,25/09/2026,3.76,0,Ajuste aplicado
AH_2026_2027,2026-09-25,2026-09-25 20:07:10.316201,Santa Rosa,9039635,2026-09-26,26/09/2026,3.738,3.738,3.739,3.738,3.738,3.197,3.197,3.197,3.197,3.197,3.738,3.739,3.738,3.738,3.197,3.197,3.197,3.197,Sí,0.541,2026-09-25,25/09/2026,3.76,0,Ajuste aplicado
AH_2026_2027,2026-09-25,2026-09-25 20:07:10.316201,Santa Rosa,9039635,2026-09-27,27/09/2026,3.703,3.703,3.703,3.703,3.703,3.161,3.161,3.161,3.161,3.161,3.703,3.703,3.703,3.703,3.161,3.161,3.161,3.161,Sí,0.541,2026-09-25,25/09/2026,3.76,0,Ajuste aplicado
AH_2026_2027,2026-09-25,2026-09-25 20:07:10.316201,Santa Rosa,9039635,2026-09-28,28/09/2026,3.495,3.491,3.503,3.493,3.496,2.954,2.95,2.961,2.952,2.955,3.493,3.503,3.491,3.494,2.952,2.961,2.95,2.952,Sí,0.541,2026-09-25,25/09/2026,3.76,0,Ajuste aplicado
AH_2026_2027,2026-09-25,2026-09-25 20:07:10.316201,Santa Rosa,9039635,2026-09-29,29/09/2026,3.3,3.285,3.331,3.287,3.305,2.759,2.744,2.79,2.745,2.764,3.287,3.296,3.285,3.331,2.746,2.755,2.744,2.79,Sí,0.541,2026-09-25,25/09/2026,3.76,0,Ajuste aplicado
AH_2026_2027,2026-09-25,2026-09-25 20:07:10.316201,Santa Rosa,9039635,2026-09-30,30/09/2026,3.104,3.078,3.139,3.09,3.115,2.563,2.537,2.598,2.549,2.574,3.094,3.107,3.078,3.139,2.553,2.566,2.537,2.598,Sí,0.541,2026-09-25,25/09/2026,3.76,0,Ajuste aplicado
AH_2026_2027,2026-09-25,2026-09-25 20:07:10.316201,Santa Rosa,9039635,2026-10-01,01/10/2026,3.793,3.782,3.82,3.784,3.795,3.252,3.241,3.279,3.242,3.254,3.784,3.787,3.782,3.82,3.243,3.246,3.241,3.279,Sí,0.541,2026-09-25,25/09/2026,3.76,0,Ajuste aplicado
AH_2026_2027,2026-09-25,2026-09-25 20:07:10.316201,Tamshiyacu,9038269,2026-09-25,25/09/2026,3.11,3.11,3.11,3.11,3.11,1.965,1.965,1.965,1.965,1.965,3.11,3.11,3.11,3.11,1.965,1.965,1.965,1.965,Sí,1.145,2026-09-25,25/09/2026,3.11,0,Ajuste aplicado
AH_2026_2027,2026-09-25,2026-09-25 20:07:10.316201,Tamshiyacu,9038269,2026-09-26,26/09/2026,3.079,3.079,3.079,3.079,3.079,1.934,1.934,1.934,1.934,1.934,3.079,3.079,3.079,3.079,1.934,1.934,1.934,1.934,Sí,1.145,2026-09-25,25/09/2026,3.11,0,Ajuste aplicado
AH_2026_2027,2026-09-25,2026-09-25 20:07:10.316201,Tamshiyacu,9038269,2026-09-27,27/09/2026,3.08,3.08,3.08,3.08,3.08,1.935,1.935,1.935,1.935,1.935,3.08,3.08,3.08,3.08,1.935,1.935,1.935,1.935,Sí,1.145,2026-09-25,25/09/2026,3.11,0,Ajuste aplicado
AH_2026_2027,2026-09-25,2026-09-25 20:07:10.316201,Tamshiyacu,9038269,2026-09-28,28/09/2026,3.111,3.11,3.113,3.11,3.111,1.966,1.965,1.968,1.965,1.966,3.111,3.113,3.11,3.11,1.966,1.968,1.965,1.965,Sí,1.145,2026-09-25,25/09/2026,3.11,0,Ajuste aplicado
AH_2026_2027,2026-09-25,2026-09-25 20:07:10.316201,Tamshiyacu,9038269,2026-09-29,29/09/2026,3.137,3.136,3.137,3.136,3.137,1.991,1.991,1.992,1.991,1.992,3.137,3.137,3.136,3.137,1.992,1.992,1.991,1.992,Sí,1.145,2026-09-25,25/09/2026,3.11,0,Ajuste aplicado
AH_2026_2027,2026-09-25,2026-09-25 20:07:10.316201,Tamshiyacu,9038269,2026-09-30,30/09/2026,3.156,3.154,3.157,3.155,3.157,2.011,2.009,2.012,2.01,2.012,3.156,3.157,3.154,3.157,2.011,2.012,2.009,2.012,Sí,1.145,2026-09-25,25/09/2026,3.11,0,Ajuste aplicado
AH_2026_2027,2026-09-25,2026-09-25 20:07:10.316201,Tamshiyacu,9038269,2026-10-01,01/10/2026,3.341,3.339,3.343,3.34,3.343,2.196,2.194,2.198,2.195,2.198,3.34,3.343,3.339,3.343,2.195,2.198,2.194,2.198,Sí,1.145,2026-09-25,25/09/2026,3.11,0,Ajuste aplicado
AH_2026_2027,2026-09-25,2026-09-25 20:07:10.316201,Timicurillo,9036459,2026-09-25,25/09/2026,4.746,4.746,4.746,4.746,4.746,4.746,4.746,4.746,4.746,4.746,4.746,4.746,4.746,4.746,4.746,4.746,4.746,4.746,No,,2026-09-13,13/09/2026,6.27,12,Observado muy antiguo para ajuste: 12 días
AH_2026_2027,2026-09-25,2026-09-25 20:07:10.316201,Timicurillo,9036459,2026-09-26,26/09/2026,4.57,4.569,4.574,4.569,4.57,4.57,4.569,4.574,4.569,4.57,4.569,4.574,4.569,4.569,4.569,4.574,4.569,4.569,No,,2026-09-13,13/09/2026,6.27,12,Observado muy antiguo para ajuste: 12 días
AH_2026_2027,2026-09-25,2026-09-25 20:07:10.316201,Timicurillo,9036459,2026-09-27,27/09/2026,4.53,4.506,4.547,4.522,4.54,4.53,4.506,4.547,4.522,4.54,4.538,4.547,4.528,4.506,4.538,4.547,4.528,4.506,No,,2026-09-13,13/09/2026,6.27,12,Observado muy antiguo para ajuste: 12 días
AH_2026_2027,2026-09-25,2026-09-25 20:07:10.316201,Timicurillo,9036459,2026-09-28,28/09/2026,4.617,4.582,4.668,4.592,4.635,4.617,4.582,4.668,4.592,4.635,4.624,4.668,4.595,4.582,4.624,4.668,4.595,4.582,No,,2026-09-13,13/09/2026,6.27,12,Observado muy antiguo para ajuste: 12 días
AH_2026_2027,2026-09-25,2026-09-25 20:07:10.316201,Timicurillo,9036459,2026-09-29,29/09/2026,4.664,4.587,4.745,4.602,4.722,4.664,4.587,4.745,4.602,4.722,4.714,4.745,4.607,4.587,4.714,4.745,4.607,4.587,No,,2026-09-13,13/09/2026,6.27,12,Observado muy antiguo para ajuste: 12 días
AH_2026_2027,2026-09-25,2026-09-25 20:07:10.316201,Timicurillo,9036459,2026-09-30,30/09/2026,4.68,4.587,4.782,4.601,4.755,4.68,4.587,4.782,4.601,4.755,4.746,4.782,4.606,4.587,4.746,4.782,4.606,4.587,No,,2026-09-13,13/09/2026,6.27,12,Observado muy antiguo para ajuste: 12 días
AH_2026_2027,2026-09-25,2026-09-25 20:07:10.316201,Timicurillo,9036459,2026-10-01,01/10/2026,4.713,4.588,4.883,4.595,4.808,4.713,4.588,4.883,4.595,4.808,4.783,4.883,4.597,4.588,4.783,4.883,4.597,4.588,No,,2026-09-13,13/09/2026,6.27,12,Observado muy antiguo para ajuste: 12 días
AH_2026_2027,2026-09-25,2026-09-25 20:07:10.316201,Yurimaguas,9046779,2026-09-25,25/09/2026,128.45,128.45,128.45,128.45,128.45,129.117,129.117,129.117,129.117,129.117,128.45,128.45,128.45,128.45,129.117,129.117,129.117,129.117,Sí,-0.667,2026-09-25,25/09/2026,128.45,0,Ajuste aplicado
AH_2026_2027,2026-09-25,2026-09-25 20:07:10.316201,Yurimaguas,9046779,2026-09-26,26/09/2026,128.239,128.239,128.239,128.239,128.239,128.906,128.906,128.906,128.906,128.906,128.239,128.239,128.239,128.239,128.906,128.906,128.906,128.906,Sí,-0.667,2026-09-25,25/09/2026,128.45,0,Ajuste aplicado
AH_2026_2027,2026-09-25,2026-09-25 20:07:10.316201,Yurimaguas,9046779,2026-09-27,27/09/2026,128.126,128.126,128.126,128.126,128.126,128.793,128.793,128.793,128.793,128.793,128.126,128.126,128.126,128.126,128.793,128.793,128.793,128.793,Sí,-0.667,2026-09-25,25/09/2026,128.45,0,Ajuste aplicado
AH_2026_2027,2026-09-25,2026-09-25 20:07:10.316201,Yurimaguas,9046779,2026-09-28,28/09/2026,128.023,128.022,128.025,128.023,128.024,128.69,128.689,128.691,128.689,128.691,128.023,128.024,128.025,128.022,128.689,128.691,128.691,128.689,Sí,-0.667,2026-09-25,25/09/2026,128.45,0,Ajuste aplicado
AH_2026_2027,2026-09-25,2026-09-25 20:07:10.316201,Yurimaguas,9046779,2026-09-29,29/09/2026,128.015,128.007,128.03,128.009,128.018,128.682,128.674,128.697,128.675,128.685,128.009,128.014,128.03,128.007,128.676,128.681,128.697,128.674,Sí,-0.667,2026-09-25,25/09/2026,128.45,0,Ajuste aplicado
AH_2026_2027,2026-09-25,2026-09-25 20:07:10.316201,Yurimaguas,9046779,2026-09-30,30/09/2026,128.056,128.03,128.122,128.032,128.06,128.723,128.697,128.788,128.699,128.727,128.03,128.039,128.122,128.033,128.697,128.706,128.788,128.699,Sí,-0.667,2026-09-25,25/09/2026,128.45,0,Ajuste aplicado
AH_2026_2027,2026-09-25,2026-09-25 20:07:10.316201,Yurimaguas,9046779,2026-10-01,01/10/2026,128.111,128.07,128.188,128.076,128.13,128.778,128.736,128.854,128.742,128.797,128.07,128.078,128.188,128.111,128.736,128.744,128.854,128.777,Sí,-0.667,2026-09-25,25/09/2026,128.45,0,Ajuste aplicado
