fecha_emision,estacion,id_estacion,fecha_origen,fecha_pronostico,horizonte_dias,dia_adelante,nivel_pronosticado_m,nivel_analogos_m,nivel_hibrido_m,nivel_persistencia_m,nivel_climatologia_m,p10_m,p90_m,modelo,metodo,ventana_analogos_dias,n_analogos,distancia_media,estado,salto_inicial_original_m,correccion_continuidad_m,salto_inicial_final_m,continuidad_estado
2026-10-10,BELLAVISTA,14.0,2026-10-08,2026-10-09,30,1,3.6,3.3049133887290822,3.6,3.6,4.485259833812753,3.3785000000000007,3.8214999999999995,HIBRIDO_ANALOGO_CLIM,ANALOGO_DTW_HIBRIDO_CLIMATOLOGIA,30,10,0.11994619631352632,OK_ANALOGOS_CONTINUIDAD_CORREGIDA,0.16915266618724756,-0.16915266618724756,0.0,CORREGIDO_ANCLA_OBSERVADO
2026-10-10,BELLAVISTA,14.0,2026-10-08,2026-10-10,30,2,3.628991169145865,3.3586057809235688,3.628991169145865,3.6,4.440147333812753,3.248491169145865,4.009491169145864,HIBRIDO_ANALOGO_CLIM,ANALOGO_DTW_HIBRIDO_CLIMATOLOGIA,30,10,0.11994619631352632,OK_ANALOGOS_CONTINUIDAD_CORREGIDA,0.16915266618724756,-0.16915266618724756,0.0,CORREGIDO_ANCLA_OBSERVADO
2026-10-10,BELLAVISTA,14.0,2026-10-08,2026-10-11,30,3,3.687807496996201,3.449723384724017,3.687807496996201,3.6,4.402059833812752,3.242807496996202,4.1328074969962,HIBRIDO_ANALOGO_CLIM,ANALOGO_DTW_HIBRIDO_CLIMATOLOGIA,30,10,0.11994619631352632,OK_ANALOGOS_CONTINUIDAD_CORREGIDA,0.16915266618724756,-0.16915266618724756,0.0,CORREGIDO_ANCLA_OBSERVADO
2026-10-10,BELLAVISTA,14.0,2026-10-08,2026-10-12,30,4,3.7158957308286817,3.4827285298339916,3.7158957308286817,3.6,4.415397333812752,3.2828957308286824,4.148895730828681,HIBRIDO_ANALOGO_CLIM,ANALOGO_DTW_HIBRIDO_CLIMATOLOGIA,30,10,0.11994619631352632,OK_ANALOGOS_CONTINUIDAD_CORREGIDA,0.16915266618724756,-0.16915266618724756,0.0,CORREGIDO_ANCLA_OBSERVADO
2026-10-10,BELLAVISTA,14.0,2026-10-08,2026-10-13,30,5,3.7413069406949364,3.5027601429889974,3.7413069406949364,3.6,4.456947333812753,3.332306940694936,4.150306940694936,HIBRIDO_ANALOGO_CLIM,ANALOGO_DTW_HIBRIDO_CLIMATOLOGIA,30,10,0.11994619631352632,OK_ANALOGOS_CONTINUIDAD_CORREGIDA,0.16915266618724756,-0.16915266618724756,0.0,CORREGIDO_ANCLA_OBSERVADO
2026-10-10,BELLAVISTA,14.0,2026-10-08,2026-10-14,30,6,3.7652341815574837,3.5218964641390613,3.7652341815574837,3.6,4.4952473338127525,3.336234181557483,4.1942341815574835,HIBRIDO_ANALOGO_CLIM,ANALOGO_DTW_HIBRIDO_CLIMATOLOGIA,30,10,0.11994619631352632,OK_ANALOGOS_CONTINUIDAD_CORREGIDA,0.16915266618724756,-0.16915266618724756,0.0,CORREGIDO_ANCLA_OBSERVADO
2026-10-10,BELLAVISTA,14.0,2026-10-08,2026-10-15,30,7,3.8492792101372566,3.6137731689120915,3.8492792101372566,3.6,4.555797333812752,3.365779210137257,4.3327792101372555,HIBRIDO_ANALOGO_CLIM,ANALOGO_DTW_HIBRIDO_CLIMATOLOGIA,30,10,0.11994619631352632,OK_ANALOGOS_CONTINUIDAD_CORREGIDA,0.16915266618724756,-0.16915266618724756,0.0,CORREGIDO_ANCLA_OBSERVADO
2026-10-10,BELLAVISTA,14.0,2026-10-08,2026-10-16,30,8,3.9232461913806564,3.699829143903291,3.9232461913806564,3.6,4.593497333812753,3.370246191380656,4.476246191380657,HIBRIDO_ANALOGO_CLIM,ANALOGO_DTW_HIBRIDO_CLIMATOLOGIA,30,10,0.11994619631352632,OK_ANALOGOS_CONTINUIDAD_CORREGIDA,0.16915266618724756,-0.16915266618724756,0.0,CORREGIDO_ANCLA_OBSERVADO
2026-10-10,BELLAVISTA,14.0,2026-10-08,2026-10-17,30,9,3.968571857222846,3.752996698359544,3.968571857222846,3.6,4.615297333812752,3.337071857222846,4.600071857222845,HIBRIDO_ANALOGO_CLIM,ANALOGO_DTW_HIBRIDO_CLIMATOLOGIA,30,10,0.11994619631352632,OK_ANALOGOS_CONTINUIDAD_CORREGIDA,0.16915266618724756,-0.16915266618724756,0.0,CORREGIDO_ANCLA_OBSERVADO
2026-10-10,BELLAVISTA,14.0,2026-10-08,2026-10-18,30,10,3.993682309586428,3.786606468177653,3.993682309586428,3.6,4.614909833812753,3.4066823095864276,4.580682309586427,HIBRIDO_ANALOGO_CLIM,ANALOGO_DTW_HIBRIDO_CLIMATOLOGIA,30,10,0.11994619631352632,OK_ANALOGOS_CONTINUIDAD_CORREGIDA,0.16915266618724756,-0.16915266618724756,0.0,CORREGIDO_ANCLA_OBSERVADO
2026-10-10,BELLAVISTA,14.0,2026-10-08,2026-10-19,30,11,4.04044286067044,3.8580247029563366,4.04044286067044,3.6,4.587697333812752,3.1684428606704413,4.91244286067044,HIBRIDO_ANALOGO_CLIM,ANALOGO_DTW_HIBRIDO_CLIMATOLOGIA,30,10,0.11994619631352632,OK_ANALOGOS_CONTINUIDAD_CORREGIDA,0.16915266618724756,-0.16915266618724756,0.0,CORREGIDO_ANCLA_OBSERVADO
2026-10-10,BELLAVISTA,14.0,2026-10-08,2026-10-20,30,12,4.08014326180332,3.91473357113351,4.08014326180332,3.6,4.576372333812753,3.02414326180332,5.136143261803321,HIBRIDO_ANALOGO_CLIM,ANALOGO_DTW_HIBRIDO_CLIMATOLOGIA,30,10,0.11994619631352632,OK_ANALOGOS_CONTINUIDAD_CORREGIDA,0.16915266618724756,-0.16915266618724756,0.0,CORREGIDO_ANCLA_OBSERVADO
2026-10-10,BELLAVISTA,14.0,2026-10-08,2026-10-21,30,13,4.216112141395463,4.086508743923034,4.216112141395463,3.6,4.604922333812752,3.136112141395463,5.296112141395463,HIBRIDO_ANALOGO_CLIM,ANALOGO_DTW_HIBRIDO_CLIMATOLOGIA,30,10,0.11994619631352632,OK_ANALOGOS_CONTINUIDAD_CORREGIDA,0.16915266618724756,-0.16915266618724756,0.0,CORREGIDO_ANCLA_OBSERVADO
2026-10-10,BELLAVISTA,14.0,2026-10-08,2026-10-22,30,14,4.4478256535492235,4.3950434267947145,4.4478256535492235,3.6,4.6061723338127525,3.535325653549224,5.360325653549223,HIBRIDO_ANALOGO_CLIM,ANALOGO_DTW_HIBRIDO_CLIMATOLOGIA,30,10,0.11994619631352632,OK_ANALOGOS_CONTINUIDAD_CORREGIDA,0.16915266618724756,-0.16915266618724756,0.0,CORREGIDO_ANCLA_OBSERVADO
2026-10-10,BELLAVISTA,14.0,2026-10-08,2026-10-23,30,15,4.488865486078149,4.456154870166614,4.488865486078149,3.6,4.586997333812752,3.722365486078149,5.25536548607815,HIBRIDO_ANALOGO_CLIM,ANALOGO_DTW_HIBRIDO_CLIMATOLOGIA,30,10,0.11994619631352632,OK_ANALOGOS_CONTINUIDAD_CORREGIDA,0.16915266618724756,-0.16915266618724756,0.0,CORREGIDO_ANCLA_OBSERVADO
2026-10-10,BELLAVISTA,14.0,2026-10-08,2026-10-24,30,16,4.533395294084119,4.515827947507908,4.533395294084119,3.6,4.586097333812752,3.8773952940841183,5.189395294084118,HIBRIDO_ANALOGO_CLIM,ANALOGO_DTW_HIBRIDO_CLIMATOLOGIA,30,10,0.11994619631352632,OK_ANALOGOS_CONTINUIDAD_CORREGIDA,0.16915266618724756,-0.16915266618724756,0.0,CORREGIDO_ANCLA_OBSERVADO
2026-10-10,BELLAVISTA,14.0,2026-10-08,2026-10-25,30,17,4.52018995302879,4.508037492767471,4.52018995302879,3.6,4.556647333812753,3.9296899530287903,5.110689953028791,HIBRIDO_ANALOGO_CLIM,ANALOGO_DTW_HIBRIDO_CLIMATOLOGIA,30,10,0.11994619631352632,OK_ANALOGOS_CONTINUIDAD_CORREGIDA,0.16915266618724756,-0.16915266618724756,0.0,CORREGIDO_ANCLA_OBSERVADO
2026-10-10,BELLAVISTA,14.0,2026-10-08,2026-10-26,30,18,4.569836207713212,4.5806658323467,4.569836207713212,3.6,4.537347333812752,3.803336207713213,5.336336207713213,HIBRIDO_ANALOGO_CLIM,ANALOGO_DTW_HIBRIDO_CLIMATOLOGIA,30,10,0.11994619631352632,OK_ANALOGOS_CONTINUIDAD_CORREGIDA,0.16915266618724756,-0.16915266618724756,0.0,CORREGIDO_ANCLA_OBSERVADO
2026-10-10,BELLAVISTA,14.0,2026-10-08,2026-10-27,30,19,4.39492290927482,4.349864767762176,4.39492290927482,3.6,4.530097333812753,2.9999229092748205,5.78992290927482,HIBRIDO_ANALOGO_CLIM,ANALOGO_DTW_HIBRIDO_CLIMATOLOGIA,30,10,0.11994619631352632,OK_ANALOGOS_CONTINUIDAD_CORREGIDA,0.16915266618724756,-0.16915266618724756,0.0,CORREGIDO_ANCLA_OBSERVADO
2026-10-10,BELLAVISTA,14.0,2026-10-08,2026-10-28,30,20,4.54537727454009,4.550903921449203,4.54537727454009,3.6,4.5287973338127525,3.654877274540091,5.43587727454009,HIBRIDO_ANALOGO_CLIM,ANALOGO_DTW_HIBRIDO_CLIMATOLOGIA,30,10,0.11994619631352632,OK_ANALOGOS_CONTINUIDAD_CORREGIDA,0.16915266618724756,-0.16915266618724756,0.0,CORREGIDO_ANCLA_OBSERVADO
2026-10-10,BELLAVISTA,14.0,2026-10-08,2026-10-29,30,21,4.529337124002113,4.5183587207319,4.529337124002113,3.6,4.562272333812752,3.721837124002114,5.336837124002114,HIBRIDO_ANALOGO_CLIM,ANALOGO_DTW_HIBRIDO_CLIMATOLOGIA,30,10,0.11994619631352632,OK_ANALOGOS_CONTINUIDAD_CORREGIDA,0.16915266618724756,-0.16915266618724756,0.0,CORREGIDO_ANCLA_OBSERVADO
2026-10-10,BELLAVISTA,14.0,2026-10-08,2026-10-30,30,22,4.566033457710898,4.554874665676946,4.566033457710898,3.6,4.599509833812752,3.9325334577108984,5.199533457710897,HIBRIDO_ANALOGO_CLIM,ANALOGO_DTW_HIBRIDO_CLIMATOLOGIA,30,10,0.11994619631352632,OK_ANALOGOS_CONTINUIDAD_CORREGIDA,0.16915266618724756,-0.16915266618724756,0.0,CORREGIDO_ANCLA_OBSERVADO
2026-10-10,BELLAVISTA,14.0,2026-10-08,2026-10-31,30,23,4.6262718289194655,4.630075827288371,4.6262718289194655,3.6,4.614859833812753,4.019271828919466,5.233271828919467,HIBRIDO_ANALOGO_CLIM,ANALOGO_DTW_HIBRIDO_CLIMATOLOGIA,30,10,0.11994619631352632,OK_ANALOGOS_CONTINUIDAD_CORREGIDA,0.16915266618724756,-0.16915266618724756,0.0,CORREGIDO_ANCLA_OBSERVADO
2026-10-10,BELLAVISTA,14.0,2026-10-08,2026-11-01,30,24,4.645880857246526,4.6600993487976226,4.645880857246526,3.6,4.603225382593241,3.9413808572465263,5.3503808572465275,HIBRIDO_ANALOGO_CLIM,ANALOGO_DTW_HIBRIDO_CLIMATOLOGIA,30,10,0.11994619631352632,OK_ANALOGOS_CONTINUIDAD_CORREGIDA,0.16915266618724756,-0.16915266618724756,0.0,CORREGIDO_ANCLA_OBSERVADO
2026-10-10,BELLAVISTA,14.0,2026-10-08,2026-11-02,30,25,4.622053172197813,4.626605524830232,4.622053172197813,3.6,4.608396114300557,3.9720531721978136,5.272053172197813,HIBRIDO_ANALOGO_CLIM,ANALOGO_DTW_HIBRIDO_CLIMATOLOGIA,30,10,0.11994619631352632,OK_ANALOGOS_CONTINUIDAD_CORREGIDA,0.16915266618724756,-0.16915266618724756,0.0,CORREGIDO_ANCLA_OBSERVADO
2026-10-10,BELLAVISTA,14.0,2026-10-08,2026-11-03,30,26,4.601124231868708,4.591135230407685,4.601124231868708,3.6,4.631091236251777,4.082124231868709,5.120124231868708,HIBRIDO_ANALOGO_CLIM,ANALOGO_DTW_HIBRIDO_CLIMATOLOGIA,30,10,0.11994619631352632,OK_ANALOGOS_CONTINUIDAD_CORREGIDA,0.16915266618724756,-0.16915266618724756,0.0,CORREGIDO_ANCLA_OBSERVADO
2026-10-10,BELLAVISTA,14.0,2026-10-08,2026-11-04,30,27,4.574266191458724,4.541328574901691,4.574266191458724,3.6,4.673079041129826,4.024766191458724,5.123766191458724,HIBRIDO_ANALOGO_CLIM,ANALOGO_DTW_HIBRIDO_CLIMATOLOGIA,30,10,0.11994619631352632,OK_ANALOGOS_CONTINUIDAD_CORREGIDA,0.16915266618724756,-0.16915266618724756,0.0,CORREGIDO_ANCLA_OBSERVADO
2026-10-10,BELLAVISTA,14.0,2026-10-08,2026-11-05,30,28,4.585271650311668,4.545823658250331,4.585271650311668,3.6,4.703615626495679,3.966271650311667,5.204271650311668,HIBRIDO_ANALOGO_CLIM,ANALOGO_DTW_HIBRIDO_CLIMATOLOGIA,30,10,0.11994619631352632,OK_ANALOGOS_CONTINUIDAD_CORREGIDA,0.16915266618724756,-0.16915266618724756,0.0,CORREGIDO_ANCLA_OBSERVADO
2026-10-10,BELLAVISTA,14.0,2026-10-08,2026-11-06,30,29,4.6241371795401225,4.5851199736443675,4.6241371795401225,3.6,4.741188797227387,3.911137179540122,5.337137179540122,HIBRIDO_ANALOGO_CLIM,ANALOGO_DTW_HIBRIDO_CLIMATOLOGIA,30,10,0.11994619631352632,OK_ANALOGOS_CONTINUIDAD_CORREGIDA,0.16915266618724756,-0.16915266618724756,0.0,CORREGIDO_ANCLA_OBSERVADO
2026-10-10,BELLAVISTA,14.0,2026-10-08,2026-11-07,30,30,4.660907906127363,4.630692324541178,4.660907906127363,3.6,4.751554650885923,3.969907906127363,5.351907906127364,HIBRIDO_ANALOGO_CLIM,ANALOGO_DTW_HIBRIDO_CLIMATOLOGIA,30,10,0.11994619631352632,OK_ANALOGOS_CONTINUIDAD_CORREGIDA,0.16915266618724756,-0.16915266618724756,0.0,CORREGIDO_ANCLA_OBSERVADO
2026-10-10,BELLAVISTA,14.0,2026-10-08,2026-10-09,60,1,3.6,3.3023004103017954,3.6,3.6,4.493098769094615,3.3335000000000004,3.8665,HIBRIDO_ANALOGO_CLIM,ANALOGO_DTW_HIBRIDO_CLIMATOLOGIA,30,10,0.12584769132422038,OK_ANALOGOS_CONTINUIDAD_CORREGIDA,0.16131373090538448,-0.16131373090538448,0.0,CORREGIDO_ANCLA_OBSERVADO
2026-10-10,BELLAVISTA,14.0,2026-10-08,2026-10-10,60,2,3.530897500944501,3.225201244894463,3.530897500944501,3.6,4.447986269094615,2.415397500944501,4.646397500944502,HIBRIDO_ANALOGO_CLIM,ANALOGO_DTW_HIBRIDO_CLIMATOLOGIA,30,10,0.12584769132422038,OK_ANALOGOS_CONTINUIDAD_CORREGIDA,0.16131373090538448,-0.16131373090538448,0.0,CORREGIDO_ANCLA_OBSERVADO
2026-10-10,BELLAVISTA,14.0,2026-10-08,2026-10-11,60,3,3.5674217023961354,3.286596013496642,3.5674217023961354,3.6,4.409898769094616,2.3504217023961362,4.784421702396136,HIBRIDO_ANALOGO_CLIM,ANALOGO_DTW_HIBRIDO_CLIMATOLOGIA,30,10,0.12584769132422038,OK_ANALOGOS_CONTINUIDAD_CORREGIDA,0.16131373090538448,-0.16131373090538448,0.0,CORREGIDO_ANCLA_OBSERVADO
2026-10-10,BELLAVISTA,14.0,2026-10-08,2026-10-12,60,4,3.5733366489681817,3.2900367755927036,3.5733366489681817,3.6,4.423236269094616,2.364836648968182,4.7818366489681825,HIBRIDO_ANALOGO_CLIM,ANALOGO_DTW_HIBRIDO_CLIMATOLOGIA,30,10,0.12584769132422038,OK_ANALOGOS_CONTINUIDAD_CORREGIDA,0.16131373090538448,-0.16131373090538448,0.0,CORREGIDO_ANCLA_OBSERVADO
2026-10-10,BELLAVISTA,14.0,2026-10-08,2026-10-13,60,5,3.6046684224714967,3.3179624735971234,3.6046684224714967,3.6,4.464786269094615,2.447668422471496,4.761668422471498,HIBRIDO_ANALOGO_CLIM,ANALOGO_DTW_HIBRIDO_CLIMATOLOGIA,30,10,0.12584769132422038,OK_ANALOGOS_CONTINUIDAD_CORREGIDA,0.16131373090538448,-0.16131373090538448,0.0,CORREGIDO_ANCLA_OBSERVADO
2026-10-10,BELLAVISTA,14.0,2026-10-08,2026-10-14,60,6,3.647732096222948,3.3626140385990584,3.647732096222948,3.6,4.503086269094615,2.517732096222947,4.777732096222948,HIBRIDO_ANALOGO_CLIM,ANALOGO_DTW_HIBRIDO_CLIMATOLOGIA,30,10,0.12584769132422038,OK_ANALOGOS_CONTINUIDAD_CORREGIDA,0.16131373090538448,-0.16131373090538448,0.0,CORREGIDO_ANCLA_OBSERVADO
2026-10-10,BELLAVISTA,14.0,2026-10-08,2026-10-15,60,7,3.7481302881305827,3.4762949611425715,3.7481302881305827,3.6,4.563636269094616,2.668630288130583,4.827630288130582,HIBRIDO_ANALOGO_CLIM,ANALOGO_DTW_HIBRIDO_CLIMATOLOGIA,30,10,0.12584769132422038,OK_ANALOGOS_CONTINUIDAD_CORREGIDA,0.16131373090538448,-0.16131373090538448,0.0,CORREGIDO_ANCLA_OBSERVADO
2026-10-10,BELLAVISTA,14.0,2026-10-08,2026-10-16,60,8,3.837207349375285,3.582497709468841,3.837207349375285,3.6,4.601336269094615,2.8292073493752845,4.845207349375286,HIBRIDO_ANALOGO_CLIM,ANALOGO_DTW_HIBRIDO_CLIMATOLOGIA,30,10,0.12584769132422038,OK_ANALOGOS_CONTINUIDAD_CORREGIDA,0.16131373090538448,-0.16131373090538448,0.0,CORREGIDO_ANCLA_OBSERVADO
2026-10-10,BELLAVISTA,14.0,2026-10-08,2026-10-17,60,9,3.8972855259255446,3.6553352782025215,3.8972855259255446,3.6,4.623136269094616,2.938785525925544,4.855785525925544,HIBRIDO_ANALOGO_CLIM,ANALOGO_DTW_HIBRIDO_CLIMATOLOGIA,30,10,0.12584769132422038,OK_ANALOGOS_CONTINUIDAD_CORREGIDA,0.16131373090538448,-0.16131373090538448,0.0,CORREGIDO_ANCLA_OBSERVADO
2026-10-10,BELLAVISTA,14.0,2026-10-08,2026-10-18,60,10,3.9305102132441108,3.6997640279606085,3.9305102132441108,3.6,4.622748769094615,3.1025102132441105,4.7585102132441115,HIBRIDO_ANALOGO_CLIM,ANALOGO_DTW_HIBRIDO_CLIMATOLOGIA,30,10,0.12584769132422038,OK_ANALOGOS_CONTINUIDAD_CORREGIDA,0.16131373090538448,-0.16131373090538448,0.0,CORREGIDO_ANCLA_OBSERVADO
2026-10-10,BELLAVISTA,14.0,2026-10-08,2026-10-19,60,11,3.978399716614469,3.77268753245442,3.978399716614469,3.6,4.595536269094616,2.9633997166144694,4.993399716614469,HIBRIDO_ANALOGO_CLIM,ANALOGO_DTW_HIBRIDO_CLIMATOLOGIA,30,10,0.12584769132422038,OK_ANALOGOS_CONTINUIDAD_CORREGIDA,0.16131373090538448,-0.16131373090538448,0.0,CORREGIDO_ANCLA_OBSERVADO
2026-10-10,BELLAVISTA,14.0,2026-10-08,2026-10-20,60,12,4.009847677471118,3.8183931469299526,4.009847677471118,3.6,4.584211269094615,2.8008476774711184,5.218847677471119,HIBRIDO_ANALOGO_CLIM,ANALOGO_DTW_HIBRIDO_CLIMATOLOGIA,30,10,0.12584769132422038,OK_ANALOGOS_CONTINUIDAD_CORREGIDA,0.16131373090538448,-0.16131373090538448,0.0,CORREGIDO_ANCLA_OBSERVADO
2026-10-10,BELLAVISTA,14.0,2026-10-08,2026-10-21,60,13,4.123928385416011,3.9609840908564764,4.123928385416011,3.6,4.612761269094616,2.824928385416011,5.422928385416011,HIBRIDO_ANALOGO_CLIM,ANALOGO_DTW_HIBRIDO_CLIMATOLOGIA,30,10,0.12584769132422038,OK_ANALOGOS_CONTINUIDAD_CORREGIDA,0.16131373090538448,-0.16131373090538448,0.0,CORREGIDO_ANCLA_OBSERVADO
2026-10-10,BELLAVISTA,14.0,2026-10-08,2026-10-22,60,14,4.34844810654084,4.259927052356247,4.34844810654084,3.6,4.6140112690946165,2.824448106540839,5.872448106540839,HIBRIDO_ANALOGO_CLIM,ANALOGO_DTW_HIBRIDO_CLIMATOLOGIA,30,10,0.12584769132422038,OK_ANALOGOS_CONTINUIDAD_CORREGIDA,0.16131373090538448,-0.16131373090538448,0.0,CORREGIDO_ANCLA_OBSERVADO
2026-10-10,BELLAVISTA,14.0,2026-10-08,2026-10-23,60,15,4.3798256729167235,4.308155474190759,4.3798256729167235,3.6,4.594836269094616,2.868325672916723,5.891325672916723,HIBRIDO_ANALOGO_CLIM,ANALOGO_DTW_HIBRIDO_CLIMATOLOGIA,30,10,0.12584769132422038,OK_ANALOGOS_CONTINUIDAD_CORREGIDA,0.16131373090538448,-0.16131373090538448,0.0,CORREGIDO_ANCLA_OBSERVADO
2026-10-10,BELLAVISTA,14.0,2026-10-08,2026-10-24,60,16,4.4142061046686685,4.354296049860018,4.4142061046686685,3.6,4.593936269094616,2.9702061046686676,5.858206104668669,HIBRIDO_ANALOGO_CLIM,ANALOGO_DTW_HIBRIDO_CLIMATOLOGIA,30,10,0.12584769132422038,OK_ANALOGOS_CONTINUIDAD_CORREGIDA,0.16131373090538448,-0.16131373090538448,0.0,CORREGIDO_ANCLA_OBSERVADO
2026-10-10,BELLAVISTA,14.0,2026-10-08,2026-10-25,60,17,4.374756475688837,4.311513211220245,4.374756475688837,3.6,4.5644862690946155,3.0617564756888376,5.687756475688838,HIBRIDO_ANALOGO_CLIM,ANALOGO_DTW_HIBRIDO_CLIMATOLOGIA,30,10,0.12584769132422038,OK_ANALOGOS_CONTINUIDAD_CORREGIDA,0.16131373090538448,-0.16131373090538448,0.0,CORREGIDO_ANCLA_OBSERVADO
2026-10-10,BELLAVISTA,14.0,2026-10-08,2026-10-26,60,18,4.41616485279444,4.373157714027714,4.41616485279444,3.6,4.545186269094616,3.0271648527944395,5.805164852794439,HIBRIDO_ANALOGO_CLIM,ANALOGO_DTW_HIBRIDO_CLIMATOLOGIA,30,10,0.12584769132422038,OK_ANALOGOS_CONTINUIDAD_CORREGIDA,0.16131373090538448,-0.16131373090538448,0.0,CORREGIDO_ANCLA_OBSERVADO
2026-10-10,BELLAVISTA,14.0,2026-10-08,2026-10-27,60,19,4.225897984480357,4.1218852229422716,4.225897984480357,3.6,4.537936269094615,2.7678979844803573,5.683897984480357,HIBRIDO_ANALOGO_CLIM,ANALOGO_DTW_HIBRIDO_CLIMATOLOGIA,30,10,0.12584769132422038,OK_ANALOGOS_CONTINUIDAD_CORREGIDA,0.16131373090538448,-0.16131373090538448,0.0,CORREGIDO_ANCLA_OBSERVADO
2026-10-10,BELLAVISTA,14.0,2026-10-08,2026-10-28,60,20,4.37542094174519,4.321682499295383,4.37542094174519,3.6,4.5366362690946165,2.978920941745191,5.77192094174519,HIBRIDO_ANALOGO_CLIM,ANALOGO_DTW_HIBRIDO_CLIMATOLOGIA,30,10,0.12584769132422038,OK_ANALOGOS_CONTINUIDAD_CORREGIDA,0.16131373090538448,-0.16131373090538448,0.0,CORREGIDO_ANCLA_OBSERVADO
2026-10-10,BELLAVISTA,14.0,2026-10-08,2026-10-29,60,21,4.3571299264903125,4.28613614562221,4.3571299264903125,3.6,4.570111269094616,3.034629926490312,5.679629926490312,HIBRIDO_ANALOGO_CLIM,ANALOGO_DTW_HIBRIDO_CLIMATOLOGIA,30,10,0.12584769132422038,OK_ANALOGOS_CONTINUIDAD_CORREGIDA,0.16131373090538448,-0.16131373090538448,0.0,CORREGIDO_ANCLA_OBSERVADO
2026-10-10,BELLAVISTA,14.0,2026-10-08,2026-10-30,60,22,4.398812335037558,4.329300190351871,4.398812335037558,3.6,4.6073487690946155,3.0973123350375573,5.700312335037557,HIBRIDO_ANALOGO_CLIM,ANALOGO_DTW_HIBRIDO_CLIMATOLOGIA,30,10,0.12584769132422038,OK_ANALOGOS_CONTINUIDAD_CORREGIDA,0.16131373090538448,-0.16131373090538448,0.0,CORREGIDO_ANCLA_OBSERVADO
2026-10-10,BELLAVISTA,14.0,2026-10-08,2026-10-31,60,23,4.460009372904487,4.405779574174446,4.460009372904487,3.6,4.622698769094615,3.173509372904488,5.746509372904487,HIBRIDO_ANALOGO_CLIM,ANALOGO_DTW_HIBRIDO_CLIMATOLOGIA,30,10,0.12584769132422038,OK_ANALOGOS_CONTINUIDAD_CORREGIDA,0.16131373090538448,-0.16131373090538448,0.0,CORREGIDO_ANCLA_OBSERVADO
2026-10-10,BELLAVISTA,14.0,2026-10-08,2026-11-01,60,24,4.478387455346063,4.434161834503049,4.478387455346063,3.6,4.611064317875103,3.182387455346063,5.774387455346064,HIBRIDO_ANALOGO_CLIM,ANALOGO_DTW_HIBRIDO_CLIMATOLOGIA,30,10,0.12584769132422038,OK_ANALOGOS_CONTINUIDAD_CORREGIDA,0.16131373090538448,-0.16131373090538448,0.0,CORREGIDO_ANCLA_OBSERVADO
2026-10-10,BELLAVISTA,14.0,2026-10-08,2026-11-02,60,25,4.470475335885142,4.421888764652715,4.470475335885142,3.6,4.616235049582421,3.196475335885142,5.7444753358851415,HIBRIDO_ANALOGO_CLIM,ANALOGO_DTW_HIBRIDO_CLIMATOLOGIA,30,10,0.12584769132422038,OK_ANALOGOS_CONTINUIDAD_CORREGIDA,0.16131373090538448,-0.16131373090538448,0.0,CORREGIDO_ANCLA_OBSERVADO
2026-10-10,BELLAVISTA,14.0,2026-10-08,2026-11-03,60,26,4.454118193787348,4.39251420120525,4.454118193787348,3.6,4.638930171533641,3.217618193787348,5.690618193787348,HIBRIDO_ANALOGO_CLIM,ANALOGO_DTW_HIBRIDO_CLIMATOLOGIA,30,10,0.12584769132422038,OK_ANALOGOS_CONTINUIDAD_CORREGIDA,0.16131373090538448,-0.16131373090538448,0.0,CORREGIDO_ANCLA_OBSERVADO
2026-10-10,BELLAVISTA,14.0,2026-10-08,2026-11-04,60,27,4.420321598264657,4.333456138882314,4.420321598264657,3.6,4.680917976411688,3.154321598264657,5.686321598264657,HIBRIDO_ANALOGO_CLIM,ANALOGO_DTW_HIBRIDO_CLIMATOLOGIA,30,10,0.12584769132422038,OK_ANALOGOS_CONTINUIDAD_CORREGIDA,0.16131373090538448,-0.16131373090538448,0.0,CORREGIDO_ANCLA_OBSERVADO
2026-10-10,BELLAVISTA,14.0,2026-10-08,2026-11-05,60,28,4.423267680183653,4.327205386319022,4.423267680183653,3.6,4.711454561777542,3.2017676801836528,5.644767680183653,HIBRIDO_ANALOGO_CLIM,ANALOGO_DTW_HIBRIDO_CLIMATOLOGIA,30,10,0.12584769132422038,OK_ANALOGOS_CONTINUIDAD_CORREGIDA,0.16131373090538448,-0.16131373090538448,0.0,CORREGIDO_ANCLA_OBSERVADO
2026-10-10,BELLAVISTA,14.0,2026-10-08,2026-11-06,60,29,4.463546333802288,4.368385867566634,4.463546333802288,3.6,4.74902773250925,3.2365463338022877,5.690546333802288,HIBRIDO_ANALOGO_CLIM,ANALOGO_DTW_HIBRIDO_CLIMATOLOGIA,30,10,0.12584769132422038,OK_ANALOGOS_CONTINUIDAD_CORREGIDA,0.16131373090538448,-0.16131373090538448,0.0,CORREGIDO_ANCLA_OBSERVADO
2026-10-10,BELLAVISTA,14.0,2026-10-08,2026-11-07,60,30,4.501844390686255,4.415994658859079,4.501844390686255,3.6,4.759393586167786,3.271344390686256,5.732344390686256,HIBRIDO_ANALOGO_CLIM,ANALOGO_DTW_HIBRIDO_CLIMATOLOGIA,30,10,0.12584769132422038,OK_ANALOGOS_CONTINUIDAD_CORREGIDA,0.16131373090538448,-0.16131373090538448,0.0,CORREGIDO_ANCLA_OBSERVADO
2026-10-10,BELLAVISTA,14.0,2026-10-08,2026-11-08,60,31,4.516354283398012,4.425239333049866,4.516354283398012,3.6,4.777942366655591,3.195354283398012,5.837354283398012,HIBRIDO_ANALOGO_CLIM,ANALOGO_DTW_HIBRIDO_CLIMATOLOGIA,30,10,0.12584769132422038,OK_ANALOGOS_CONTINUIDAD_CORREGIDA,0.16131373090538448,-0.16131373090538448,0.0,CORREGIDO_ANCLA_OBSERVADO
2026-10-10,BELLAVISTA,14.0,2026-10-08,2026-11-09,60,32,4.492325041448179,4.385621623856126,4.492325041448179,3.6,4.7857594398263235,3.090325041448179,5.8943250414481785,HIBRIDO_ANALOGO_CLIM,ANALOGO_DTW_HIBRIDO_CLIMATOLOGIA,30,10,0.12584769132422038,OK_ANALOGOS_CONTINUIDAD_CORREGIDA,0.16131373090538448,-0.16131373090538448,0.0,CORREGIDO_ANCLA_OBSERVADO
2026-10-10,BELLAVISTA,14.0,2026-10-08,2026-11-10,60,33,4.466613115780257,4.348129522723255,4.466613115780257,3.6,4.778978952021445,2.9951131157802573,5.938113115780258,HIBRIDO_ANALOGO_CLIM,ANALOGO_DTW_HIBRIDO_CLIMATOLOGIA,30,10,0.12584769132422038,OK_ANALOGOS_CONTINUIDAD_CORREGIDA,0.16131373090538448,-0.16131373090538448,0.0,CORREGIDO_ANCLA_OBSERVADO
2026-10-10,BELLAVISTA,14.0,2026-10-08,2026-11-11,60,34,4.50968417511427,4.393542394340416,4.50968417511427,3.6,4.803454561777542,2.783184175114269,6.2361841751142695,HIBRIDO_ANALOGO_CLIM,ANALOGO_DTW_HIBRIDO_CLIMATOLOGIA,30,10,0.12584769132422038,OK_ANALOGOS_CONTINUIDAD_CORREGIDA,0.16131373090538448,-0.16131373090538448,0.0,CORREGIDO_ANCLA_OBSERVADO
2026-10-10,BELLAVISTA,14.0,2026-10-08,2026-11-12,60,35,4.505549736896638,4.3641879223474,4.505549736896638,3.6,4.848857000801933,2.720549736896638,6.290549736896638,HIBRIDO_ANALOGO_CLIM,ANALOGO_DTW_HIBRIDO_CLIMATOLOGIA,30,10,0.12584769132422038,OK_ANALOGOS_CONTINUIDAD_CORREGIDA,0.16131373090538448,-0.16131373090538448,0.0,CORREGIDO_ANCLA_OBSERVADO
2026-10-10,BELLAVISTA,14.0,2026-10-08,2026-11-13,60,36,4.534082201470012,4.386384290954938,4.534082201470012,3.6,4.878710659338518,2.641082201470011,6.427082201470013,HIBRIDO_ANALOGO_CLIM,ANALOGO_DTW_HIBRIDO_CLIMATOLOGIA,30,10,0.12584769132422038,OK_ANALOGOS_CONTINUIDAD_CORREGIDA,0.16131373090538448,-0.16131373090538448,0.0,CORREGIDO_ANCLA_OBSERVADO
2026-10-10,BELLAVISTA,14.0,2026-10-08,2026-11-14,60,37,4.5063467130149455,4.340635838324127,4.5063467130149455,3.6,4.878076512997055,2.9933467130149465,6.019346713014945,HIBRIDO_ANALOGO_CLIM,ANALOGO_DTW_HIBRIDO_CLIMATOLOGIA,30,10,0.12584769132422038,OK_ANALOGOS_CONTINUIDAD_CORREGIDA,0.16131373090538448,-0.16131373090538448,0.0,CORREGIDO_ANCLA_OBSERVADO
2026-10-10,BELLAVISTA,14.0,2026-10-08,2026-11-15,60,38,4.574851475034258,4.433343560356674,4.574851475034258,3.6,4.880210659338518,3.295851475034257,5.853851475034258,HIBRIDO_ANALOGO_CLIM,ANALOGO_DTW_HIBRIDO_CLIMATOLOGIA,30,10,0.12584769132422038,OK_ANALOGOS_CONTINUIDAD_CORREGIDA,0.16131373090538448,-0.16131373090538448,0.0,CORREGIDO_ANCLA_OBSERVADO
2026-10-10,BELLAVISTA,14.0,2026-10-08,2026-11-16,60,39,4.662937422373886,4.560197462751347,4.662937422373886,3.6,4.87632041543608,3.3974374223738857,5.928437422373886,HIBRIDO_ANALOGO_CLIM,ANALOGO_DTW_HIBRIDO_CLIMATOLOGIA,30,10,0.12584769132422038,OK_ANALOGOS_CONTINUIDAD_CORREGIDA,0.16131373090538448,-0.16131373090538448,0.0,CORREGIDO_ANCLA_OBSERVADO
2026-10-10,BELLAVISTA,14.0,2026-10-08,2026-11-17,60,40,4.715033266713297,4.617907985034831,4.715033266713297,3.6,4.909283830070224,3.3385332667132968,6.091533266713297,HIBRIDO_ANALOGO_CLIM,ANALOGO_DTW_HIBRIDO_CLIMATOLOGIA,30,10,0.12584769132422038,OK_ANALOGOS_CONTINUIDAD_CORREGIDA,0.16131373090538448,-0.16131373090538448,0.0,CORREGIDO_ANCLA_OBSERVADO
2026-10-10,BELLAVISTA,14.0,2026-10-08,2026-11-18,60,41,4.757445486434786,4.6442572321429765,4.757445486434786,3.6,4.9755399276312,3.183445486434786,6.331445486434786,HIBRIDO_ANALOGO_CLIM,ANALOGO_DTW_HIBRIDO_CLIMATOLOGIA,30,10,0.12584769132422038,OK_ANALOGOS_CONTINUIDAD_CORREGIDA,0.16131373090538448,-0.16131373090538448,0.0,CORREGIDO_ANCLA_OBSERVADO
2026-10-10,BELLAVISTA,14.0,2026-10-08,2026-11-19,60,42,4.774443473542592,4.638679529220958,4.774443473542592,3.6,5.026576512997055,3.116943473542591,6.431943473542592,HIBRIDO_ANALOGO_CLIM,ANALOGO_DTW_HIBRIDO_CLIMATOLOGIA,30,10,0.12584769132422038,OK_ANALOGOS_CONTINUIDAD_CORREGIDA,0.16131373090538448,-0.16131373090538448,0.0,CORREGIDO_ANCLA_OBSERVADO
2026-10-10,BELLAVISTA,14.0,2026-10-08,2026-11-20,60,43,4.7791484801700275,4.621095226488034,4.7791484801700275,3.6,5.062174073972665,3.0636484801700266,6.494648480170028,HIBRIDO_ANALOGO_CLIM,ANALOGO_DTW_HIBRIDO_CLIMATOLOGIA,30,10,0.12584769132422038,OK_ANALOGOS_CONTINUIDAD_CORREGIDA,0.16131373090538448,-0.16131373090538448,0.0,CORREGIDO_ANCLA_OBSERVADO
2026-10-10,BELLAVISTA,14.0,2026-10-08,2026-11-21,60,44,4.7879521562372584,4.637537413106747,4.7879521562372584,3.6,5.047759439826322,3.000452156237258,6.575452156237258,HIBRIDO_ANALOGO_CLIM,ANALOGO_DTW_HIBRIDO_CLIMATOLOGIA,30,10,0.12584769132422038,OK_ANALOGOS_CONTINUIDAD_CORREGIDA,0.16131373090538448,-0.16131373090538448,0.0,CORREGIDO_ANCLA_OBSERVADO
2026-10-10,BELLAVISTA,14.0,2026-10-08,2026-11-22,60,45,4.8000576303747575,4.634629227630649,4.8000576303747575,3.6,5.075771634948275,2.9600576303747577,6.640057630374759,HIBRIDO_ANALOGO_CLIM,ANALOGO_DTW_HIBRIDO_CLIMATOLOGIA,30,10,0.12584769132422038,OK_ANALOGOS_CONTINUIDAD_CORREGIDA,0.16131373090538448,-0.16131373090538448,0.0,CORREGIDO_ANCLA_OBSERVADO
2026-10-10,BELLAVISTA,14.0,2026-10-08,2026-11-23,60,46,4.891383038746712,4.761684985867296,4.891383038746712,3.6,5.1000277325092505,3.006883038746712,6.775883038746711,HIBRIDO_ANALOGO_CLIM,ANALOGO_DTW_HIBRIDO_CLIMATOLOGIA,30,10,0.12584769132422038,OK_ANALOGOS_CONTINUIDAD_CORREGIDA,0.16131373090538448,-0.16131373090538448,0.0,CORREGIDO_ANCLA_OBSERVADO
2026-10-10,BELLAVISTA,14.0,2026-10-08,2026-11-24,60,47,4.958149047231116,4.852520338066077,4.958149047231116,3.6,5.122210659338519,3.1161490472311164,6.800149047231116,HIBRIDO_ANALOGO_CLIM,ANALOGO_DTW_HIBRIDO_CLIMATOLOGIA,30,10,0.12584769132422038,OK_ANALOGOS_CONTINUIDAD_CORREGIDA,0.16131373090538448,-0.16131373090538448,0.0,CORREGIDO_ANCLA_OBSERVADO
2026-10-10,BELLAVISTA,14.0,2026-10-08,2026-11-25,60,48,5.005625115182003,4.92571442720774,5.005625115182003,3.6,5.125491147143396,3.2141251151820027,6.797125115182002,HIBRIDO_ANALOGO_CLIM,ANALOGO_DTW_HIBRIDO_CLIMATOLOGIA,30,10,0.12584769132422038,OK_ANALOGOS_CONTINUIDAD_CORREGIDA,0.16131373090538448,-0.16131373090538448,0.0,CORREGIDO_ANCLA_OBSERVADO
2026-10-10,BELLAVISTA,14.0,2026-10-08,2026-11-26,60,49,5.018275501707654,4.9337948312574955,5.018275501707654,3.6,5.140686269094616,3.282275501707654,6.754275501707653,HIBRIDO_ANALOGO_CLIM,ANALOGO_DTW_HIBRIDO_CLIMATOLOGIA,30,10,0.12584769132422038,OK_ANALOGOS_CONTINUIDAD_CORREGIDA,0.16131373090538448,-0.16131373090538448,0.0,CORREGIDO_ANCLA_OBSERVADO
2026-10-10,BELLAVISTA,14.0,2026-10-08,2026-11-27,60,50,5.006302331099285,4.905209274343038,5.006302331099285,3.6,5.14783261055803,3.3083023310992843,6.704302331099283,HIBRIDO_ANALOGO_CLIM,ANALOGO_DTW_HIBRIDO_CLIMATOLOGIA,30,10,0.12584769132422038,OK_ANALOGOS_CONTINUIDAD_CORREGIDA,0.16131373090538448,-0.16131373090538448,0.0,CORREGIDO_ANCLA_OBSERVADO
2026-10-10,BELLAVISTA,14.0,2026-10-08,2026-11-28,60,51,5.0064990625706915,4.906695263050889,5.0064990625706915,3.6,5.14152773250925,3.272499062570692,6.7404990625706915,HIBRIDO_ANALOGO_CLIM,ANALOGO_DTW_HIBRIDO_CLIMATOLOGIA,30,10,0.12584769132422038,OK_ANALOGOS_CONTINUIDAD_CORREGIDA,0.16131373090538448,-0.16131373090538448,0.0,CORREGIDO_ANCLA_OBSERVADO
2026-10-10,BELLAVISTA,14.0,2026-10-08,2026-11-29,60,52,5.00977571191803,4.917585142369795,5.00977571191803,3.6,5.13033261055803,3.32577571191803,6.693775711918031,HIBRIDO_ANALOGO_CLIM,ANALOGO_DTW_HIBRIDO_CLIMATOLOGIA,30,10,0.12584769132422038,OK_ANALOGOS_CONTINUIDAD_CORREGIDA,0.16131373090538448,-0.16131373090538448,0.0,CORREGIDO_ANCLA_OBSERVADO
2026-10-10,BELLAVISTA,14.0,2026-10-08,2026-11-30,60,53,5.033882080817513,4.929522597335115,5.033882080817513,3.6,5.165808220314128,3.441382080817513,6.626382080817512,HIBRIDO_ANALOGO_CLIM,ANALOGO_DTW_HIBRIDO_CLIMATOLOGIA,30,10,0.12584769132422038,OK_ANALOGOS_CONTINUIDAD_CORREGIDA,0.16131373090538448,-0.16131373090538448,0.0,CORREGIDO_ANCLA_OBSERVADO
2026-10-10,BELLAVISTA,14.0,2026-10-08,2026-12-01,60,54,5.048702122419767,4.974495775140344,5.048702122419767,3.6,5.1393987690946155,3.5092021224197674,6.588202122419766,HIBRIDO_ANALOGO_CLIM,ANALOGO_DTW_HIBRIDO_CLIMATOLOGIA,30,10,0.12584769132422038,OK_ANALOGOS_CONTINUIDAD_CORREGIDA,0.16131373090538448,-0.16131373090538448,0.0,CORREGIDO_ANCLA_OBSERVADO
2026-10-10,BELLAVISTA,14.0,2026-10-08,2026-12-02,60,55,5.027192968198532,5.018747946335772,5.027192968198532,3.6,5.037173448581795,3.4636929681985333,6.590692968198534,HIBRIDO_ANALOGO_CLIM,ANALOGO_DTW_HIBRIDO_CLIMATOLOGIA,30,10,0.12584769132422038,OK_ANALOGOS_CONTINUIDAD_CORREGIDA,0.16131373090538448,-0.16131373090538448,0.0,CORREGIDO_ANCLA_OBSERVADO
2026-10-10,BELLAVISTA,14.0,2026-10-08,2026-12-03,60,56,5.0227756591314225,4.992700029259781,5.0227756591314225,3.6,5.057147807556154,3.3787756591314224,6.666775659131423,HIBRIDO_ANALOGO_CLIM,ANALOGO_DTW_HIBRIDO_CLIMATOLOGIA,30,10,0.12584769132422038,OK_ANALOGOS_CONTINUIDAD_CORREGIDA,0.16131373090538448,-0.16131373090538448,0.0,CORREGIDO_ANCLA_OBSERVADO
2026-10-10,BELLAVISTA,14.0,2026-10-08,2026-12-04,60,57,4.987899295621576,4.9413924002082386,4.987899295621576,3.6,5.03930165371,3.2883992956215757,6.687399295621574,HIBRIDO_ANALOGO_CLIM,ANALOGO_DTW_HIBRIDO_CLIMATOLOGIA,30,10,0.12584769132422038,OK_ANALOGOS_CONTINUIDAD_CORREGIDA,0.16131373090538448,-0.16131373090538448,0.0,CORREGIDO_ANCLA_OBSERVADO
2026-10-10,BELLAVISTA,14.0,2026-10-08,2026-12-05,60,58,4.793655390592702,4.607201359504479,4.793655390592702,3.6,4.992968320376667,3.120655390592703,6.4666553905927024,HIBRIDO_ANALOGO_CLIM,ANALOGO_DTW_HIBRIDO_CLIMATOLOGIA,30,10,0.12584769132422038,OK_ANALOGOS_CONTINUIDAD_CORREGIDA,0.16131373090538448,-0.16131373090538448,0.0,CORREGIDO_ANCLA_OBSERVADO
2026-10-10,BELLAVISTA,14.0,2026-10-08,2026-12-06,60,59,4.7049034522793125,4.4532164991511,4.7049034522793125,3.6,4.965122166530513,3.1744034522793125,6.2354034522793125,HIBRIDO_ANALOGO_CLIM,ANALOGO_DTW_HIBRIDO_CLIMATOLOGIA,30,10,0.12584769132422038,OK_ANALOGOS_CONTINUIDAD_CORREGIDA,0.16131373090538448,-0.16131373090538448,0.0,CORREGIDO_ANCLA_OBSERVADO
2026-10-10,BELLAVISTA,14.0,2026-10-08,2026-12-07,60,60,4.699782121614632,4.429903615160288,4.699782121614632,3.6,4.969660628068974,3.2097821216146314,6.189782121614632,HIBRIDO_ANALOGO_CLIM,ANALOGO_DTW_HIBRIDO_CLIMATOLOGIA,30,10,0.12584769132422038,OK_ANALOGOS_CONTINUIDAD_CORREGIDA,0.16131373090538448,-0.16131373090538448,0.0,CORREGIDO_ANCLA_OBSERVADO
2026-10-10,BELLAVISTA,14.0,2026-10-08,2026-10-09,90,1,3.6,3.3053780967162134,3.6,3.6,4.4838657098513615,3.2812,3.9188000000000005,HIBRIDO_ANALOGO_CLIM,ANALOGO_DTW_HIBRIDO_CLIMATOLOGIA,30,10,0.14168133330473673,OK_ANALOGOS_CONTINUIDAD_CORREGIDA,0.17054679014863838,-0.17054679014863838,0.0,CORREGIDO_ANCLA_OBSERVADO
2026-10-10,BELLAVISTA,14.0,2026-10-08,2026-10-10,90,2,3.5192350582499174,3.2127290077161024,3.5192350582499174,3.6,4.438753209851361,2.3542350582499174,4.684235058249918,HIBRIDO_ANALOGO_CLIM,ANALOGO_DTW_HIBRIDO_CLIMATOLOGIA,30,10,0.14168133330473673,OK_ANALOGOS_CONTINUIDAD_CORREGIDA,0.17054679014863838,-0.17054679014863838,0.0,CORREGIDO_ANCLA_OBSERVADO
2026-10-10,BELLAVISTA,14.0,2026-10-08,2026-10-11,90,3,3.5087720690578825,3.2114741887933898,3.5087720690578825,3.6,4.400665709851362,2.2917720690578833,4.725772069057882,HIBRIDO_ANALOGO_CLIM,ANALOGO_DTW_HIBRIDO_CLIMATOLOGIA,30,10,0.14168133330473673,OK_ANALOGOS_CONTINUIDAD_CORREGIDA,0.17054679014863838,-0.17054679014863838,0.0,CORREGIDO_ANCLA_OBSERVADO
2026-10-10,BELLAVISTA,14.0,2026-10-08,2026-10-12,90,4,3.4974836332164814,3.1919771076715215,3.4974836332164814,3.6,4.414003209851362,2.2358836332164813,4.759083633216482,HIBRIDO_ANALOGO_CLIM,ANALOGO_DTW_HIBRIDO_CLIMATOLOGIA,30,10,0.14168133330473673,OK_ANALOGOS_CONTINUIDAD_CORREGIDA,0.17054679014863838,-0.17054679014863838,0.0,CORREGIDO_ANCLA_OBSERVADO
2026-10-10,BELLAVISTA,14.0,2026-10-08,2026-10-13,90,5,3.5145147939458945,3.2008353219774057,3.5145147939458945,3.6,4.455553209851361,2.2166647939458946,4.8123647939458944,HIBRIDO_ANALOGO_CLIM,ANALOGO_DTW_HIBRIDO_CLIMATOLOGIA,30,10,0.14168133330473673,OK_ANALOGOS_CONTINUIDAD_CORREGIDA,0.17054679014863838,-0.17054679014863838,0.0,CORREGIDO_ANCLA_OBSERVADO
2026-10-10,BELLAVISTA,14.0,2026-10-08,2026-10-14,90,6,3.5297910715579888,3.208437025460198,3.5297910715579888,3.6,4.493853209851361,2.2787910715579893,4.780791071557989,HIBRIDO_ANALOGO_CLIM,ANALOGO_DTW_HIBRIDO_CLIMATOLOGIA,30,10,0.14168133330473673,OK_ANALOGOS_CONTINUIDAD_CORREGIDA,0.17054679014863838,-0.17054679014863838,0.0,CORREGIDO_ANCLA_OBSERVADO
2026-10-10,BELLAVISTA,14.0,2026-10-08,2026-10-15,90,7,3.6163205007564705,3.303626264391507,3.6163205007564705,3.6,4.554403209851362,2.3770705007564708,4.855570500756471,HIBRIDO_ANALOGO_CLIM,ANALOGO_DTW_HIBRIDO_CLIMATOLOGIA,30,10,0.14168133330473673,OK_ANALOGOS_CONTINUIDAD_CORREGIDA,0.17054679014863838,-0.17054679014863838,0.0,CORREGIDO_ANCLA_OBSERVADO
2026-10-10,BELLAVISTA,14.0,2026-10-08,2026-10-16,90,8,3.694146866092105,3.3948280848390193,3.694146866092105,3.6,4.592103209851361,2.570046866092105,4.818246866092105,HIBRIDO_ANALOGO_CLIM,ANALOGO_DTW_HIBRIDO_CLIMATOLOGIA,30,10,0.14168133330473673,OK_ANALOGOS_CONTINUIDAD_CORREGIDA,0.17054679014863838,-0.17054679014863838,0.0,CORREGIDO_ANCLA_OBSERVADO
2026-10-10,BELLAVISTA,14.0,2026-10-08,2026-10-17,90,9,3.7598855910008644,3.4752130513840322,3.7598855910008644,3.6,4.613903209851362,2.836035591000864,4.683735591000865,HIBRIDO_ANALOGO_CLIM,ANALOGO_DTW_HIBRIDO_CLIMATOLOGIA,30,10,0.14168133330473673,OK_ANALOGOS_CONTINUIDAD_CORREGIDA,0.17054679014863838,-0.17054679014863838,0.0,CORREGIDO_ANCLA_OBSERVADO
2026-10-10,BELLAVISTA,14.0,2026-10-08,2026-10-18,90,10,3.8206766371493104,3.556396946248627,3.8206766371493104,3.6,4.613515709851361,2.99267663714931,4.648676637149311,HIBRIDO_ANALOGO_CLIM,ANALOGO_DTW_HIBRIDO_CLIMATOLOGIA,30,10,0.14168133330473673,OK_ANALOGOS_CONTINUIDAD_CORREGIDA,0.17054679014863838,-0.17054679014863838,0.0,CORREGIDO_ANCLA_OBSERVADO
2026-10-10,BELLAVISTA,14.0,2026-10-08,2026-10-19,90,11,3.851391650041976,3.6064211301055136,3.851391650041976,3.6,4.586303209851362,2.836391650041976,4.866391650041976,HIBRIDO_ANALOGO_CLIM,ANALOGO_DTW_HIBRIDO_CLIMATOLOGIA,30,10,0.14168133330473673,OK_ANALOGOS_CONTINUIDAD_CORREGIDA,0.17054679014863838,-0.17054679014863838,0.0,CORREGIDO_ANCLA_OBSERVADO
2026-10-10,BELLAVISTA,14.0,2026-10-08,2026-10-20,90,12,3.8725460318507827,3.638401972517257,3.8725460318507827,3.6,4.574978209851361,2.6635460318507826,5.081546031850783,HIBRIDO_ANALOGO_CLIM,ANALOGO_DTW_HIBRIDO_CLIMATOLOGIA,30,10,0.14168133330473673,OK_ANALOGOS_CONTINUIDAD_CORREGIDA,0.17054679014863838,-0.17054679014863838,0.0,CORREGIDO_ANCLA_OBSERVADO
2026-10-10,BELLAVISTA,14.0,2026-10-08,2026-10-21,90,13,3.9514621872273437,3.734106846352671,3.9514621872273437,3.6,4.603528209851362,2.6524621872273437,5.250462187227344,HIBRIDO_ANALOGO_CLIM,ANALOGO_DTW_HIBRIDO_CLIMATOLOGIA,30,10,0.14168133330473673,OK_ANALOGOS_CONTINUIDAD_CORREGIDA,0.17054679014863838,-0.17054679014863838,0.0,CORREGIDO_ANCLA_OBSERVADO
2026-10-10,BELLAVISTA,14.0,2026-10-08,2026-10-22,90,14,4.159516964643728,4.011096549574516,4.159516964643728,3.6,4.6047782098513625,2.635516964643728,5.683516964643728,HIBRIDO_ANALOGO_CLIM,ANALOGO_DTW_HIBRIDO_CLIMATOLOGIA,30,10,0.14168133330473673,OK_ANALOGOS_CONTINUIDAD_CORREGIDA,0.17054679014863838,-0.17054679014863838,0.0,CORREGIDO_ANCLA_OBSERVADO
2026-10-10,BELLAVISTA,14.0,2026-10-08,2026-10-23,90,15,4.194386610768802,4.063981077741282,4.194386610768802,3.6,4.585603209851362,2.714386610768802,5.674386610768803,HIBRIDO_ANALOGO_CLIM,ANALOGO_DTW_HIBRIDO_CLIMATOLOGIA,30,10,0.14168133330473673,OK_ANALOGOS_CONTINUIDAD_CORREGIDA,0.17054679014863838,-0.17054679014863838,0.0,CORREGIDO_ANCLA_OBSERVADO
2026-10-10,BELLAVISTA,14.0,2026-10-08,2026-10-24,90,16,4.2319541234911,4.114371094704346,4.2319541234911,3.6,4.584703209851362,2.8489541234911,5.614954123491101,HIBRIDO_ANALOGO_CLIM,ANALOGO_DTW_HIBRIDO_CLIMATOLOGIA,30,10,0.14168133330473673,OK_ANALOGOS_CONTINUIDAD_CORREGIDA,0.17054679014863838,-0.17054679014863838,0.0,CORREGIDO_ANCLA_OBSERVADO
2026-10-10,BELLAVISTA,14.0,2026-10-08,2026-10-25,90,17,4.2171081302313524,4.104393103691351,4.2171081302313524,3.6,4.555253209851362,2.9481081302313528,5.486108130231353,HIBRIDO_ANALOGO_CLIM,ANALOGO_DTW_HIBRIDO_CLIMATOLOGIA,30,10,0.14168133330473673,OK_ANALOGOS_CONTINUIDAD_CORREGIDA,0.17054679014863838,-0.17054679014863838,0.0,CORREGIDO_ANCLA_OBSERVADO
2026-10-10,BELLAVISTA,14.0,2026-10-08,2026-10-26,90,18,4.24402795211245,4.146719532866145,4.24402795211245,3.6,4.535953209851362,2.9395279521124498,5.548527952112449,HIBRIDO_ANALOGO_CLIM,ANALOGO_DTW_HIBRIDO_CLIMATOLOGIA,30,10,0.14168133330473673,OK_ANALOGOS_CONTINUIDAD_CORREGIDA,0.17054679014863838,-0.17054679014863838,0.0,CORREGIDO_ANCLA_OBSERVADO
2026-10-10,BELLAVISTA,14.0,2026-10-08,2026-10-27,90,19,4.015355672751831,3.8442398270519873,4.015355672751831,3.6,4.528703209851361,2.5798556727518305,5.450855672751832,HIBRIDO_ANALOGO_CLIM,ANALOGO_DTW_HIBRIDO_CLIMATOLOGIA,30,10,0.14168133330473673,OK_ANALOGOS_CONTINUIDAD_CORREGIDA,0.17054679014863838,-0.17054679014863838,0.0,CORREGIDO_ANCLA_OBSERVADO
2026-10-10,BELLAVISTA,14.0,2026-10-08,2026-10-28,90,20,4.175728512339713,4.058503613169162,4.175728512339713,3.6,4.527403209851363,2.779228512339713,5.572228512339713,HIBRIDO_ANALOGO_CLIM,ANALOGO_DTW_HIBRIDO_CLIMATOLOGIA,30,10,0.14168133330473673,OK_ANALOGOS_CONTINUIDAD_CORREGIDA,0.17054679014863838,-0.17054679014863838,0.0,CORREGIDO_ANCLA_OBSERVADO
2026-10-10,BELLAVISTA,14.0,2026-10-08,2026-10-29,90,21,4.228122514140306,4.117203948903287,4.228122514140306,3.6,4.560878209851362,2.9056225141403056,5.550622514140306,HIBRIDO_ANALOGO_CLIM,ANALOGO_DTW_HIBRIDO_CLIMATOLOGIA,30,10,0.14168133330473673,OK_ANALOGOS_CONTINUIDAD_CORREGIDA,0.17054679014863838,-0.17054679014863838,0.0,CORREGIDO_ANCLA_OBSERVADO
2026-10-10,BELLAVISTA,14.0,2026-10-08,2026-10-30,90,22,4.298702926260324,4.198898665063311,4.298702926260324,3.6,4.598115709851362,2.9972029262603233,5.600202926260323,HIBRIDO_ANALOGO_CLIM,ANALOGO_DTW_HIBRIDO_CLIMATOLOGIA,30,10,0.14168133330473673,OK_ANALOGOS_CONTINUIDAD_CORREGIDA,0.17054679014863838,-0.17054679014863838,0.0,CORREGIDO_ANCLA_OBSERVADO
2026-10-10,BELLAVISTA,14.0,2026-10-08,2026-10-31,90,23,4.393844291506996,4.3206371520588736,4.393844291506996,3.6,4.613465709851361,3.1073442915069958,5.680344291506996,HIBRIDO_ANALOGO_CLIM,ANALOGO_DTW_HIBRIDO_CLIMATOLOGIA,30,10,0.14168133330473673,OK_ANALOGOS_CONTINUIDAD_CORREGIDA,0.17054679014863838,-0.17054679014863838,0.0,CORREGIDO_ANCLA_OBSERVADO
2026-10-10,BELLAVISTA,14.0,2026-10-08,2026-11-01,90,24,4.403023991553159,4.336754902526927,4.403023991553159,3.6,4.601831258631849,3.107023991553158,5.699023991553158,HIBRIDO_ANALOGO_CLIM,ANALOGO_DTW_HIBRIDO_CLIMATOLOGIA,30,10,0.14168133330473673,OK_ANALOGOS_CONTINUIDAD_CORREGIDA,0.17054679014863838,-0.17054679014863838,0.0,CORREGIDO_ANCLA_OBSERVADO
2026-10-10,BELLAVISTA,14.0,2026-10-08,2026-11-02,90,25,4.339829891079818,4.250772524660034,4.339829891079818,3.6,4.6070019903391675,3.0658298910798174,5.613829891079817,HIBRIDO_ANALOGO_CLIM,ANALOGO_DTW_HIBRIDO_CLIMATOLOGIA,30,10,0.14168133330473673,OK_ANALOGOS_CONTINUIDAD_CORREGIDA,0.17054679014863838,-0.17054679014863838,0.0,CORREGIDO_ANCLA_OBSERVADO
2026-10-10,BELLAVISTA,14.0,2026-10-08,2026-11-03,90,26,4.2888118197828256,4.175183388946971,4.2888118197828256,3.6,4.629697112290387,3.052311819782825,5.525311819782825,HIBRIDO_ANALOGO_CLIM,ANALOGO_DTW_HIBRIDO_CLIMATOLOGIA,30,10,0.14168133330473673,OK_ANALOGOS_CONTINUIDAD_CORREGIDA,0.17054679014863838,-0.17054679014863838,0.0,CORREGIDO_ANCLA_OBSERVADO
2026-10-10,BELLAVISTA,14.0,2026-10-08,2026-11-04,90,27,4.230664743645997,4.083658019138518,4.230664743645997,3.6,4.6716849171684345,2.9646647436459963,5.496664743645997,HIBRIDO_ANALOGO_CLIM,ANALOGO_DTW_HIBRIDO_CLIMATOLOGIA,30,10,0.14168133330473673,OK_ANALOGOS_CONTINUIDAD_CORREGIDA,0.17054679014863838,-0.17054679014863838,0.0,CORREGIDO_ANCLA_OBSERVADO
2026-10-10,BELLAVISTA,14.0,2026-10-08,2026-11-05,90,28,4.208118318247246,4.043417256818232,4.208118318247246,3.6,4.702221502534288,2.9956183182472467,5.4206183182472465,HIBRIDO_ANALOGO_CLIM,ANALOGO_DTW_HIBRIDO_CLIMATOLOGIA,30,10,0.14168133330473673,OK_ANALOGOS_CONTINUIDAD_CORREGIDA,0.17054679014863838,-0.17054679014863838,0.0,CORREGIDO_ANCLA_OBSERVADO
2026-10-10,BELLAVISTA,14.0,2026-10-08,2026-11-06,90,29,4.224542458979563,4.052791720884086,4.224542458979563,3.6,4.739794673265996,2.9907924589795636,5.458292458979564,HIBRIDO_ANALOGO_CLIM,ANALOGO_DTW_HIBRIDO_CLIMATOLOGIA,30,10,0.14168133330473673,OK_ANALOGOS_CONTINUIDAD_CORREGIDA,0.17054679014863838,-0.17054679014863838,0.0,CORREGIDO_ANCLA_OBSERVADO
2026-10-10,BELLAVISTA,14.0,2026-10-08,2026-11-07,90,30,4.248583193661974,4.081390749241121,4.248583193661974,3.6,4.750160526924532,2.994233193661974,5.502933193661974,HIBRIDO_ANALOGO_CLIM,ANALOGO_DTW_HIBRIDO_CLIMATOLOGIA,30,10,0.14168133330473673,OK_ANALOGOS_CONTINUIDAD_CORREGIDA,0.17054679014863838,-0.17054679014863838,0.0,CORREGIDO_ANCLA_OBSERVADO
2026-10-10,BELLAVISTA,14.0,2026-10-08,2026-11-08,90,31,4.254106525547714,4.074862859954418,4.254106525547714,3.6,4.768709307412337,3.023106525547713,5.485106525547714,HIBRIDO_ANALOGO_CLIM,ANALOGO_DTW_HIBRIDO_CLIMATOLOGIA,30,10,0.14168133330473673,OK_ANALOGOS_CONTINUIDAD_CORREGIDA,0.17054679014863838,-0.17054679014863838,0.0,CORREGIDO_ANCLA_OBSERVADO
2026-10-10,BELLAVISTA,14.0,2026-10-08,2026-11-09,90,32,4.236161729850403,4.039665493220342,4.236161729850403,3.6,4.7765263805830696,2.951161729850403,5.521161729850403,HIBRIDO_ANALOGO_CLIM,ANALOGO_DTW_HIBRIDO_CLIMATOLOGIA,30,10,0.14168133330473673,OK_ANALOGOS_CONTINUIDAD_CORREGIDA,0.17054679014863838,-0.17054679014863838,0.0,CORREGIDO_ANCLA_OBSERVADO
2026-10-10,BELLAVISTA,14.0,2026-10-08,2026-11-10,90,33,4.187071573022836,3.9660571758742535,4.187071573022836,3.6,4.769745892778191,2.802571573022836,5.571571573022837,HIBRIDO_ANALOGO_CLIM,ANALOGO_DTW_HIBRIDO_CLIMATOLOGIA,30,10,0.14168133330473673,OK_ANALOGOS_CONTINUIDAD_CORREGIDA,0.17054679014863838,-0.17054679014863838,0.0,CORREGIDO_ANCLA_OBSERVADO
2026-10-10,BELLAVISTA,14.0,2026-10-08,2026-11-11,90,34,4.199546140183417,3.9644419271609777,4.199546140183417,3.6,4.794221502534288,2.590046140183417,5.8090461401834155,HIBRIDO_ANALOGO_CLIM,ANALOGO_DTW_HIBRIDO_CLIMATOLOGIA,30,10,0.14168133330473673,OK_ANALOGOS_CONTINUIDAD_CORREGIDA,0.17054679014863838,-0.17054679014863838,0.0,CORREGIDO_ANCLA_OBSERVADO
2026-10-10,BELLAVISTA,14.0,2026-10-08,2026-11-12,90,35,4.204142577542372,3.9424737805944807,4.204142577542372,3.6,4.8396239415586795,2.419142577542371,5.989142577542372,HIBRIDO_ANALOGO_CLIM,ANALOGO_DTW_HIBRIDO_CLIMATOLOGIA,30,10,0.14168133330473673,OK_ANALOGOS_CONTINUIDAD_CORREGIDA,0.17054679014863838,-0.17054679014863838,0.0,CORREGIDO_ANCLA_OBSERVADO
2026-10-10,BELLAVISTA,14.0,2026-10-08,2026-11-13,90,36,4.250991945773004,3.985926665349177,4.250991945773004,3.6,4.869477600095264,2.3579919457730028,6.143991945773005,HIBRIDO_ANALOGO_CLIM,ANALOGO_DTW_HIBRIDO_CLIMATOLOGIA,30,10,0.14168133330473673,OK_ANALOGOS_CONTINUIDAD_CORREGIDA,0.17054679014863838,-0.17054679014863838,0.0,CORREGIDO_ANCLA_OBSERVADO
2026-10-10,BELLAVISTA,14.0,2026-10-08,2026-11-14,90,37,4.2313651119875395,3.947188019874869,4.2313651119875395,3.6,4.868843453753801,2.7183651119875405,5.744365111987539,HIBRIDO_ANALOGO_CLIM,ANALOGO_DTW_HIBRIDO_CLIMATOLOGIA,30,10,0.14168133330473673,OK_ANALOGOS_CONTINUIDAD_CORREGIDA,0.17054679014863838,-0.17054679014863838,0.0,CORREGIDO_ANCLA_OBSERVADO
2026-10-10,BELLAVISTA,14.0,2026-10-08,2026-11-15,90,38,4.28532147276224,4.013919852778644,4.28532147276224,3.6,4.870977600095264,3.04782147276224,5.5228214727622404,HIBRIDO_ANALOGO_CLIM,ANALOGO_DTW_HIBRIDO_CLIMATOLOGIA,30,10,0.14168133330473673,OK_ANALOGOS_CONTINUIDAD_CORREGIDA,0.17054679014863838,-0.17054679014863838,0.0,CORREGIDO_ANCLA_OBSERVADO
2026-10-10,BELLAVISTA,14.0,2026-10-08,2026-11-16,90,39,4.357220347601286,4.1117288249461,4.357220347601286,3.6,4.867087356192826,3.1657203476012863,5.548720347601286,HIBRIDO_ANALOGO_CLIM,ANALOGO_DTW_HIBRIDO_CLIMATOLOGIA,30,10,0.14168133330473673,OK_ANALOGOS_CONTINUIDAD_CORREGIDA,0.17054679014863838,-0.17054679014863838,0.0,CORREGIDO_ANCLA_OBSERVADO
2026-10-10,BELLAVISTA,14.0,2026-10-08,2026-11-17,90,40,4.416919888485555,4.175354447314847,4.416919888485555,3.6,4.9000507708269705,3.065419888485555,5.768419888485555,HIBRIDO_ANALOGO_CLIM,ANALOGO_DTW_HIBRIDO_CLIMATOLOGIA,30,10,0.14168133330473673,OK_ANALOGOS_CONTINUIDAD_CORREGIDA,0.17054679014863838,-0.17054679014863838,0.0,CORREGIDO_ANCLA_OBSERVADO
2026-10-10,BELLAVISTA,14.0,2026-10-08,2026-11-18,90,41,4.485395988984768,4.235809330054005,4.485395988984768,3.6,4.966306868387946,2.978895988984768,5.991895988984767,HIBRIDO_ANALOGO_CLIM,ANALOGO_DTW_HIBRIDO_CLIMATOLOGIA,30,10,0.14168133330473673,OK_ANALOGOS_CONTINUIDAD_CORREGIDA,0.17054679014863838,-0.17054679014863838,0.0,CORREGIDO_ANCLA_OBSERVADO
2026-10-10,BELLAVISTA,14.0,2026-10-08,2026-11-19,90,42,4.512988725529953,4.241413102640189,4.512988725529953,3.6,5.017343453753801,2.9229887255299527,6.102988725529952,HIBRIDO_ANALOGO_CLIM,ANALOGO_DTW_HIBRIDO_CLIMATOLOGIA,30,10,0.14168133330473673,OK_ANALOGOS_CONTINUIDAD_CORREGIDA,0.17054679014863838,-0.17054679014863838,0.0,CORREGIDO_ANCLA_OBSERVADO
2026-10-10,BELLAVISTA,14.0,2026-10-08,2026-11-20,90,43,4.508183073341279,4.203967599579075,4.508183073341279,3.6,5.052941014729411,2.8781830733412783,6.138183073341278,HIBRIDO_ANALOGO_CLIM,ANALOGO_DTW_HIBRIDO_CLIMATOLOGIA,30,10,0.14168133330473673,OK_ANALOGOS_CONTINUIDAD_CORREGIDA,0.17054679014863838,-0.17054679014863838,0.0,CORREGIDO_ANCLA_OBSERVADO
2026-10-10,BELLAVISTA,14.0,2026-10-08,2026-11-21,90,44,4.500609876731113,4.189184532395771,4.500609876731113,3.6,5.038526380583068,2.7311098767311126,6.270109876731112,HIBRIDO_ANALOGO_CLIM,ANALOGO_DTW_HIBRIDO_CLIMATOLOGIA,30,10,0.14168133330473673,OK_ANALOGOS_CONTINUIDAD_CORREGIDA,0.17054679014863838,-0.17054679014863838,0.0,CORREGIDO_ANCLA_OBSERVADO
2026-10-10,BELLAVISTA,14.0,2026-10-08,2026-11-22,90,45,4.484676856180439,4.135559824465691,4.484676856180439,3.6,5.066538575705021,2.7931768561804393,6.17617685618044,HIBRIDO_ANALOGO_CLIM,ANALOGO_DTW_HIBRIDO_CLIMATOLOGIA,30,10,0.14168133330473673,OK_ANALOGOS_CONTINUIDAD_CORREGIDA,0.17054679014863838,-0.17054679014863838,0.0,CORREGIDO_ANCLA_OBSERVADO
2026-10-10,BELLAVISTA,14.0,2026-10-08,2026-11-23,90,46,4.575354137511143,4.254945155825691,4.575354137511143,3.6,5.0907946732659966,2.695354137511142,6.455354137511142,HIBRIDO_ANALOGO_CLIM,ANALOGO_DTW_HIBRIDO_CLIMATOLOGIA,30,10,0.14168133330473673,OK_ANALOGOS_CONTINUIDAD_CORREGIDA,0.17054679014863838,-0.17054679014863838,0.0,CORREGIDO_ANCLA_OBSERVADO
2026-10-10,BELLAVISTA,14.0,2026-10-08,2026-11-24,90,47,4.6325434227891,4.323222788085129,4.6325434227891,3.6,5.112977600095265,2.8580434227890996,6.4070434227890996,HIBRIDO_ANALOGO_CLIM,ANALOGO_DTW_HIBRIDO_CLIMATOLOGIA,30,10,0.14168133330473673,OK_ANALOGOS_CONTINUIDAD_CORREGIDA,0.17054679014863838,-0.17054679014863838,0.0,CORREGIDO_ANCLA_OBSERVADO
2026-10-10,BELLAVISTA,14.0,2026-10-08,2026-11-25,90,48,4.6774429047968304,4.384899449394622,4.6774429047968304,3.6,5.1162580879001425,2.83554290479683,6.519342904796831,HIBRIDO_ANALOGO_CLIM,ANALOGO_DTW_HIBRIDO_CLIMATOLOGIA,30,10,0.14168133330473673,OK_ANALOGOS_CONTINUIDAD_CORREGIDA,0.17054679014863838,-0.17054679014863838,0.0,CORREGIDO_ANCLA_OBSERVADO
2026-10-10,BELLAVISTA,14.0,2026-10-08,2026-11-26,90,49,4.7026030846416305,4.406636096820829,4.7026030846416305,3.6,5.131453209851362,2.89690308464163,6.50830308464163,HIBRIDO_ANALOGO_CLIM,ANALOGO_DTW_HIBRIDO_CLIMATOLOGIA,30,10,0.14168133330473673,OK_ANALOGOS_CONTINUIDAD_CORREGIDA,0.17054679014863838,-0.17054679014863838,0.0,CORREGIDO_ANCLA_OBSERVADO
2026-10-10,BELLAVISTA,14.0,2026-10-08,2026-11-27,90,50,4.698360001238012,4.383903179754606,4.698360001238012,3.6,5.138599551314776,2.900360001238011,6.49636000123801,HIBRIDO_ANALOGO_CLIM,ANALOGO_DTW_HIBRIDO_CLIMATOLOGIA,30,10,0.14168133330473673,OK_ANALOGOS_CONTINUIDAD_CORREGIDA,0.17054679014863838,-0.17054679014863838,0.0,CORREGIDO_ANCLA_OBSERVADO
2026-10-10,BELLAVISTA,14.0,2026-10-08,2026-11-28,90,51,4.708572615116385,4.3953867460492795,4.708572615116385,3.6,5.132294673265996,2.8742226151163845,6.542922615116385,HIBRIDO_ANALOGO_CLIM,ANALOGO_DTW_HIBRIDO_CLIMATOLOGIA,30,10,0.14168133330473673,OK_ANALOGOS_CONTINUIDAD_CORREGIDA,0.17054679014863838,-0.17054679014863838,0.0,CORREGIDO_ANCLA_OBSERVADO
2026-10-10,BELLAVISTA,14.0,2026-10-08,2026-11-29,90,52,4.724869729376961,4.421870453777453,4.724869729376961,3.6,5.121099551314776,2.90776972937696,6.5419697293769605,HIBRIDO_ANALOGO_CLIM,ANALOGO_DTW_HIBRIDO_CLIMATOLOGIA,30,10,0.14168133330473673,OK_ANALOGOS_CONTINUIDAD_CORREGIDA,0.17054679014863838,-0.17054679014863838,0.0,CORREGIDO_ANCLA_OBSERVADO
2026-10-10,BELLAVISTA,14.0,2026-10-08,2026-11-30,90,53,4.75224690151842,4.4324051439620025,4.75224690151842,3.6,5.156575161070874,2.946396901518421,6.558096901518422,HIBRIDO_ANALOGO_CLIM,ANALOGO_DTW_HIBRIDO_CLIMATOLOGIA,30,10,0.14168133330473673,OK_ANALOGOS_CONTINUIDAD_CORREGIDA,0.17054679014863838,-0.17054679014863838,0.0,CORREGIDO_ANCLA_OBSERVADO
2026-10-10,BELLAVISTA,14.0,2026-10-08,2026-12-01,90,54,4.776937111530559,4.48793189472263,4.776937111530559,3.6,5.1301657098513616,3.0128371115305588,6.541037111530558,HIBRIDO_ANALOGO_CLIM,ANALOGO_DTW_HIBRIDO_CLIMATOLOGIA,30,10,0.14168133330473673,OK_ANALOGOS_CONTINUIDAD_CORREGIDA,0.17054679014863838,-0.17054679014863838,0.0,CORREGIDO_ANCLA_OBSERVADO
2026-10-10,BELLAVISTA,14.0,2026-10-08,2026-12-02,90,55,4.754782007739607,4.523647992540507,4.754782007739607,3.6,5.027940389338541,3.0517820077396065,6.457782007739606,HIBRIDO_ANALOGO_CLIM,ANALOGO_DTW_HIBRIDO_CLIMATOLOGIA,30,10,0.14168133330473673,OK_ANALOGOS_CONTINUIDAD_CORREGIDA,0.17054679014863838,-0.17054679014863838,0.0,CORREGIDO_ANCLA_OBSERVADO
2026-10-10,BELLAVISTA,14.0,2026-10-08,2026-12-03,90,56,4.767455815571562,4.52205424942289,4.767455815571562,3.6,5.0479147483129,3.0241058155715614,6.510805815571562,HIBRIDO_ANALOGO_CLIM,ANALOGO_DTW_HIBRIDO_CLIMATOLOGIA,30,10,0.14168133330473673,OK_ANALOGOS_CONTINUIDAD_CORREGIDA,0.17054679014863838,-0.17054679014863838,0.0,CORREGIDO_ANCLA_OBSERVADO
2026-10-10,BELLAVISTA,14.0,2026-10-08,2026-12-04,90,57,4.767717155668228,4.530351568183855,4.767717155668228,3.6,5.030068594466746,2.9950171556682283,6.540417155668228,HIBRIDO_ANALOGO_CLIM,ANALOGO_DTW_HIBRIDO_CLIMATOLOGIA,30,10,0.14168133330473673,OK_ANALOGOS_CONTINUIDAD_CORREGIDA,0.17054679014863838,-0.17054679014863838,0.0,CORREGIDO_ANCLA_OBSERVADO
2026-10-10,BELLAVISTA,14.0,2026-10-08,2026-12-05,90,58,4.740357204493806,4.512680957959983,4.740357204493806,3.6,4.983735261133413,2.937507204493807,6.543207204493806,HIBRIDO_ANALOGO_CLIM,ANALOGO_DTW_HIBRIDO_CLIMATOLOGIA,30,10,0.14168133330473673,OK_ANALOGOS_CONTINUIDAD_CORREGIDA,0.17054679014863838,-0.17054679014863838,0.0,CORREGIDO_ANCLA_OBSERVADO
2026-10-10,BELLAVISTA,14.0,2026-10-08,2026-12-06,90,59,4.690321376903842,4.433460785221522,4.690321376903842,3.6,4.955889107287259,3.0242213769038435,6.3564213769038425,HIBRIDO_ANALOGO_CLIM,ANALOGO_DTW_HIBRIDO_CLIMATOLOGIA,30,10,0.14168133330473673,OK_ANALOGOS_CONTINUIDAD_CORREGIDA,0.17054679014863838,-0.17054679014863838,0.0,CORREGIDO_ANCLA_OBSERVADO
2026-10-10,BELLAVISTA,14.0,2026-10-08,2026-12-07,90,60,4.6744042592915545,4.388380949757389,4.6744042592915545,3.6,4.96042756882572,3.0569042592915547,6.291904259291554,HIBRIDO_ANALOGO_CLIM,ANALOGO_DTW_HIBRIDO_CLIMATOLOGIA,30,10,0.14168133330473673,OK_ANALOGOS_CONTINUIDAD_CORREGIDA,0.17054679014863838,-0.17054679014863838,0.0,CORREGIDO_ANCLA_OBSERVADO
2026-10-10,BELLAVISTA,14.0,2026-10-08,2026-12-08,90,61,4.627409111084335,4.296370253645501,4.627409111084335,3.6,4.947594235492387,3.111059111084334,6.143759111084334,HIBRIDO_ANALOGO_CLIM,ANALOGO_DTW_HIBRIDO_CLIMATOLOGIA,30,10,0.14168133330473673,OK_ANALOGOS_CONTINUIDAD_CORREGIDA,0.17054679014863838,-0.17054679014863838,0.0,CORREGIDO_ANCLA_OBSERVADO
2026-10-10,BELLAVISTA,14.0,2026-10-08,2026-12-09,90,62,4.566559968082023,4.1837651587989715,4.566559968082023,3.6,4.92465833805649,3.182559968082023,5.950559968082024,HIBRIDO_ANALOGO_CLIM,ANALOGO_DTW_HIBRIDO_CLIMATOLOGIA,30,10,0.14168133330473673,OK_ANALOGOS_CONTINUIDAD_CORREGIDA,0.17054679014863838,-0.17054679014863838,0.0,CORREGIDO_ANCLA_OBSERVADO
2026-10-10,BELLAVISTA,14.0,2026-10-08,2026-12-10,90,63,4.509442254064721,4.10364269564467,4.509442254064721,3.6,4.876594235492387,3.243092254064721,5.77579225406472,HIBRIDO_ANALOGO_CLIM,ANALOGO_DTW_HIBRIDO_CLIMATOLOGIA,30,10,0.14168133330473673,OK_ANALOGOS_CONTINUIDAD_CORREGIDA,0.17054679014863838,-0.17054679014863838,0.0,CORREGIDO_ANCLA_OBSERVADO
2026-10-10,BELLAVISTA,14.0,2026-10-08,2026-12-11,90,64,4.502935267584467,4.11850450572633,4.502935267584467,3.6,4.8393121842103355,3.217735267584467,5.788135267584467,HIBRIDO_ANALOGO_CLIM,ANALOGO_DTW_HIBRIDO_CLIMATOLOGIA,30,10,0.14168133330473673,OK_ANALOGOS_CONTINUIDAD_CORREGIDA,0.17054679014863838,-0.17054679014863838,0.0,CORREGIDO_ANCLA_OBSERVADO
2026-10-10,BELLAVISTA,14.0,2026-10-08,2026-12-12,90,65,4.505366990216123,4.165568124586596,4.505366990216123,3.6,4.792889107287259,3.1948669902161226,5.815866990216122,HIBRIDO_ANALOGO_CLIM,ANALOGO_DTW_HIBRIDO_CLIMATOLOGIA,30,10,0.14168133330473673,OK_ANALOGOS_CONTINUIDAD_CORREGIDA,0.17054679014863838,-0.17054679014863838,0.0,CORREGIDO_ANCLA_OBSERVADO
2026-10-10,BELLAVISTA,14.0,2026-10-08,2026-12-13,90,66,4.558039317802402,4.3365932788023915,4.558039317802402,3.6,4.739222440620592,3.209689317802401,5.906389317802402,HIBRIDO_ANALOGO_CLIM,ANALOGO_DTW_HIBRIDO_CLIMATOLOGIA,30,10,0.14168133330473673,OK_ANALOGOS_CONTINUIDAD_CORREGIDA,0.17054679014863838,-0.17054679014863838,0.0,CORREGIDO_ANCLA_OBSERVADO
2026-10-10,BELLAVISTA,14.0,2026-10-08,2026-12-14,90,67,4.526683839570955,4.303966198282758,4.526683839570955,3.6,4.702863466261618,3.242333839570956,5.811033839570955,HIBRIDO_ANALOGO_CLIM,ANALOGO_DTW_HIBRIDO_CLIMATOLOGIA,30,10,0.14168133330473673,OK_ANALOGOS_CONTINUIDAD_CORREGIDA,0.17054679014863838,-0.17054679014863838,0.0,CORREGIDO_ANCLA_OBSERVADO
2026-10-10,BELLAVISTA,14.0,2026-10-08,2026-12-15,90,68,4.501974982176389,4.251094183461385,4.501974982176389,3.6,4.693825004723156,3.307874982176388,5.696074982176389,HIBRIDO_ANALOGO_CLIM,ANALOGO_DTW_HIBRIDO_CLIMATOLOGIA,30,10,0.14168133330473673,OK_ANALOGOS_CONTINUIDAD_CORREGIDA,0.17054679014863838,-0.17054679014863838,0.0,CORREGIDO_ANCLA_OBSERVADO
2026-10-10,BELLAVISTA,14.0,2026-10-08,2026-12-16,90,69,4.485866629839135,4.217537576640089,4.485866629839135,3.6,4.684196799594952,3.3670166298391346,5.604716629839135,HIBRIDO_ANALOGO_CLIM,ANALOGO_DTW_HIBRIDO_CLIMATOLOGIA,30,10,0.14168133330473673,OK_ANALOGOS_CONTINUIDAD_CORREGIDA,0.17054679014863838,-0.17054679014863838,0.0,CORREGIDO_ANCLA_OBSERVADO
2026-10-10,BELLAVISTA,14.0,2026-10-08,2026-12-17,90,70,4.439487381523723,4.151601888531694,4.439487381523723,3.6,4.645119876518029,3.4058873815237227,5.473087381523722,HIBRIDO_ANALOGO_CLIM,ANALOGO_DTW_HIBRIDO_CLIMATOLOGIA,30,10,0.14168133330473673,OK_ANALOGOS_CONTINUIDAD_CORREGIDA,0.17054679014863838,-0.17054679014863838,0.0,CORREGIDO_ANCLA_OBSERVADO
2026-10-10,BELLAVISTA,14.0,2026-10-08,2026-12-18,90,71,4.422860106896524,4.104284072316748,4.422860106896524,3.6,4.642722440620592,3.4177601068965227,5.427960106896522,HIBRIDO_ANALOGO_CLIM,ANALOGO_DTW_HIBRIDO_CLIMATOLOGIA,30,10,0.14168133330473673,OK_ANALOGOS_CONTINUIDAD_CORREGIDA,0.17054679014863838,-0.17054679014863838,0.0,CORREGIDO_ANCLA_OBSERVADO
2026-10-10,BELLAVISTA,14.0,2026-10-08,2026-12-19,90,72,4.448225582490462,4.09334567991065,4.448225582490462,3.6,4.684812184210337,3.4275255824904614,5.468925582490462,HIBRIDO_ANALOGO_CLIM,ANALOGO_DTW_HIBRIDO_CLIMATOLOGIA,30,10,0.14168133330473673,OK_ANALOGOS_CONTINUIDAD_CORREGIDA,0.17054679014863838,-0.17054679014863838,0.0,CORREGIDO_ANCLA_OBSERVADO
2026-10-10,BELLAVISTA,14.0,2026-10-08,2026-12-20,90,73,4.477612024461843,4.1370128128939445,4.477612024461843,3.6,4.696901927800079,3.3530120244618433,5.602212024461844,HIBRIDO_ANALOGO_CLIM,ANALOGO_DTW_HIBRIDO_CLIMATOLOGIA,30,10,0.14168133330473673,OK_ANALOGOS_CONTINUIDAD_CORREGIDA,0.17054679014863838,-0.17054679014863838,0.0,CORREGIDO_ANCLA_OBSERVADO
2026-10-10,BELLAVISTA,14.0,2026-10-08,2026-12-21,90,74,4.519279249185251,4.17251110510365,4.519279249185251,3.6,4.734837825235976,3.1464292491852506,5.892129249185251,HIBRIDO_ANALOGO_CLIM,ANALOGO_DTW_HIBRIDO_CLIMATOLOGIA,30,10,0.14168133330473673,OK_ANALOGOS_CONTINUIDAD_CORREGIDA,0.17054679014863838,-0.17054679014863838,0.0,CORREGIDO_ANCLA_OBSERVADO
2026-10-10,BELLAVISTA,14.0,2026-10-08,2026-12-22,90,75,4.558338018168008,4.220410989294043,4.558338018168008,3.6,4.761094235492388,2.9667380181680083,6.149938018168008,HIBRIDO_ANALOGO_CLIM,ANALOGO_DTW_HIBRIDO_CLIMATOLOGIA,30,10,0.14168133330473673,OK_ANALOGOS_CONTINUIDAD_CORREGIDA,0.17054679014863838,-0.17054679014863838,0.0,CORREGIDO_ANCLA_OBSERVADO
2026-10-10,BELLAVISTA,14.0,2026-10-08,2026-12-23,90,76,4.543813089334005,4.212798335713119,4.543813089334005,3.6,4.735453209851361,3.105263089334006,5.982363089334006,HIBRIDO_ANALOGO_CLIM,ANALOGO_DTW_HIBRIDO_CLIMATOLOGIA,30,10,0.14168133330473673,OK_ANALOGOS_CONTINUIDAD_CORREGIDA,0.17054679014863838,-0.17054679014863838,0.0,CORREGIDO_ANCLA_OBSERVADO
2026-10-10,BELLAVISTA,14.0,2026-10-08,2026-12-24,90,77,4.533656662662272,4.201226709645674,4.533656662662272,3.6,4.719299363697516,3.2354066626622724,5.831906662662272,HIBRIDO_ANALOGO_CLIM,ANALOGO_DTW_HIBRIDO_CLIMATOLOGIA,30,10,0.14168133330473673,OK_ANALOGOS_CONTINUIDAD_CORREGIDA,0.17054679014863838,-0.17054679014863838,0.0,CORREGIDO_ANCLA_OBSERVADO
2026-10-10,BELLAVISTA,14.0,2026-10-08,2026-12-25,90,78,4.549500586688632,4.217207619862613,4.549500586688632,3.6,4.728427568825721,3.3936505866886324,5.705350586688631,HIBRIDO_ANALOGO_CLIM,ANALOGO_DTW_HIBRIDO_CLIMATOLOGIA,30,10,0.14168133330473673,OK_ANALOGOS_CONTINUIDAD_CORREGIDA,0.17054679014863838,-0.17054679014863838,0.0,CORREGIDO_ANCLA_OBSERVADO
2026-10-10,BELLAVISTA,14.0,2026-10-08,2026-12-26,90,79,4.568994068906051,4.244500877378533,4.568994068906051,3.6,4.737401927800079,3.5272440689060507,5.610744068906051,HIBRIDO_ANALOGO_CLIM,ANALOGO_DTW_HIBRIDO_CLIMATOLOGIA,30,10,0.14168133330473673,OK_ANALOGOS_CONTINUIDAD_CORREGIDA,0.17054679014863838,-0.17054679014863838,0.0,CORREGIDO_ANCLA_OBSERVADO
2026-10-10,BELLAVISTA,14.0,2026-10-08,2026-12-27,90,80,4.576266044967431,4.295660945968802,4.576266044967431,3.6,4.716568594466747,3.674166044967432,5.478366044967432,HIBRIDO_ANALOGO_CLIM,ANALOGO_DTW_HIBRIDO_CLIMATOLOGIA,30,10,0.14168133330473673,OK_ANALOGOS_CONTINUIDAD_CORREGIDA,0.17054679014863838,-0.17054679014863838,0.0,CORREGIDO_ANCLA_OBSERVADO
2026-10-10,BELLAVISTA,14.0,2026-10-08,2026-12-28,90,81,4.574828844302111,4.314209599877332,4.574828844302111,3.6,4.700312184210336,3.65272884430211,5.49692884430211,HIBRIDO_ANALOGO_CLIM,ANALOGO_DTW_HIBRIDO_CLIMATOLOGIA,30,10,0.14168133330473673,OK_ANALOGOS_CONTINUIDAD_CORREGIDA,0.17054679014863838,-0.17054679014863838,0.0,CORREGIDO_ANCLA_OBSERVADO
2026-10-10,BELLAVISTA,14.0,2026-10-08,2026-12-29,90,82,4.591733891156601,4.366977898453598,4.591733891156601,3.6,4.695889107287259,3.5911838911565996,5.592283891156599,HIBRIDO_ANALOGO_CLIM,ANALOGO_DTW_HIBRIDO_CLIMATOLOGIA,30,10,0.14168133330473673,OK_ANALOGOS_CONTINUIDAD_CORREGIDA,0.17054679014863838,-0.17054679014863838,0.0,CORREGIDO_ANCLA_OBSERVADO
2026-10-10,BELLAVISTA,14.0,2026-10-08,2026-12-30,90,83,4.588927132533531,4.396496146894016,4.588927132533531,3.6,4.674709620107771,3.53057713253353,5.64727713253353,HIBRIDO_ANALOGO_CLIM,ANALOGO_DTW_HIBRIDO_CLIMATOLOGIA,30,10,0.14168133330473673,OK_ANALOGOS_CONTINUIDAD_CORREGIDA,0.17054679014863838,-0.17054679014863838,0.0,CORREGIDO_ANCLA_OBSERVADO
2026-10-10,BELLAVISTA,14.0,2026-10-08,2026-12-31,90,84,4.603879924783094,4.389909780991324,4.603879924783094,3.6,4.695581414979566,3.5393799247830935,5.668379924783093,HIBRIDO_ANALOGO_CLIM,ANALOGO_DTW_HIBRIDO_CLIMATOLOGIA,30,10,0.14168133330473673,OK_ANALOGOS_CONTINUIDAD_CORREGIDA,0.17054679014863838,-0.17054679014863838,0.0,CORREGIDO_ANCLA_OBSERVADO
2026-10-10,BELLAVISTA,14.0,2026-10-08,2027-01-01,90,85,4.7081873312005325,4.359693193849912,4.7081873312005325,3.6,4.851684917168434,3.6934373312005317,5.722937331200532,HIBRIDO_ANALOGO_CLIM,ANALOGO_DTW_HIBRIDO_CLIMATOLOGIA,30,10,0.14168133330473673,OK_ANALOGOS_CONTINUIDAD_CORREGIDA,0.17054679014863838,-0.17054679014863838,0.0,CORREGIDO_ANCLA_OBSERVADO
2026-10-10,BELLAVISTA,14.0,2026-10-08,2027-01-02,90,86,4.701055850539214,4.286090937386685,4.701055850539214,3.6,4.865111746436726,3.6802558505392153,5.721855850539216,HIBRIDO_ANALOGO_CLIM,ANALOGO_DTW_HIBRIDO_CLIMATOLOGIA,30,10,0.14168133330473673,OK_ANALOGOS_CONTINUIDAD_CORREGIDA,0.17054679014863838,-0.17054679014863838,0.0,CORREGIDO_ANCLA_OBSERVADO
2026-10-10,BELLAVISTA,14.0,2026-10-08,2027-01-03,90,87,4.696341740846993,4.2638771363099774,4.696341740846993,3.6,4.860380039119654,3.664041740846993,5.728641740846992,HIBRIDO_ANALOGO_CLIM,ANALOGO_DTW_HIBRIDO_CLIMATOLOGIA,30,10,0.14168133330473673,OK_ANALOGOS_CONTINUIDAD_CORREGIDA,0.17054679014863838,-0.17054679014863838,0.0,CORREGIDO_ANCLA_OBSERVADO
2026-10-10,BELLAVISTA,14.0,2026-10-08,2027-01-04,90,88,4.6605903725393905,4.235958423590006,4.6605903725393905,3.6,4.815001990339166,3.6297403725393904,5.69144037253939,HIBRIDO_ANALOGO_CLIM,ANALOGO_DTW_HIBRIDO_CLIMATOLOGIA,30,10,0.14168133330473673,OK_ANALOGOS_CONTINUIDAD_CORREGIDA,0.17054679014863838,-0.17054679014863838,0.0,CORREGIDO_ANCLA_OBSERVADO
2026-10-10,BELLAVISTA,14.0,2026-10-08,2027-01-05,90,89,4.618269159240441,4.225538552883835,4.618269159240441,3.6,4.755062965948923,3.510469159240442,5.726069159240442,HIBRIDO_ANALOGO_CLIM,ANALOGO_DTW_HIBRIDO_CLIMATOLOGIA,30,10,0.14168133330473673,OK_ANALOGOS_CONTINUIDAD_CORREGIDA,0.17054679014863838,-0.17054679014863838,0.0,CORREGIDO_ANCLA_OBSERVADO
2026-10-10,BELLAVISTA,14.0,2026-10-08,2027-01-06,90,90,4.580320642177094,4.176057085495755,4.580320642177094,3.6,4.715075161070873,3.569470642177094,5.591170642177094,HIBRIDO_ANALOGO_CLIM,ANALOGO_DTW_HIBRIDO_CLIMATOLOGIA,30,10,0.14168133330473673,OK_ANALOGOS_CONTINUIDAD_CORREGIDA,0.17054679014863838,-0.17054679014863838,0.0,CORREGIDO_ANCLA_OBSERVADO
2026-10-10,BORJA,26.0,2026-10-08,2026-10-09,30,1,3.18,2.91213167031639,3.18,3.18,3.9836049890508316,2.85695,3.50305,HIBRIDO_ANALOGO_CLIM,ANALOGO_DTW_HIBRIDO_CLIMATOLOGIA,30,10,0.2734187018761546,OK_ANALOGOS_CONTINUIDAD_CORREGIDA,0.38596257851673643,-0.38596257851673643,0.0,CORREGIDO_ANCLA_OBSERVADO
2026-10-10,BORJA,26.0,2026-10-08,2026-10-10,30,2,3.2328110408203767,2.9713211661850005,3.2328110408203767,3.18,4.017280664726506,2.6272110408203773,3.8384110408203767,HIBRIDO_ANALOGO_CLIM,ANALOGO_DTW_HIBRIDO_CLIMATOLOGIA,30,10,0.2734187018761546,OK_ANALOGOS_CONTINUIDAD_CORREGIDA,0.38596257851673643,-0.38596257851673643,0.0,CORREGIDO_ANCLA_OBSERVADO
2026-10-10,BORJA,26.0,2026-10-08,2026-10-11,30,3,3.315909069960522,3.098087006840329,3.315909069960522,3.18,3.9693752593211014,2.6142090699605216,4.017609069960523,HIBRIDO_ANALOGO_CLIM,ANALOGO_DTW_HIBRIDO_CLIMATOLOGIA,30,10,0.2734187018761546,OK_ANALOGOS_CONTINUIDAD_CORREGIDA,0.38596257851673643,-0.38596257851673643,0.0,CORREGIDO_ANCLA_OBSERVADO
2026-10-10,BORJA,26.0,2026-10-08,2026-10-12,30,4,3.3342719415981352,3.140696961816606,3.3342719415981352,3.18,3.914996880942723,2.5151219415981356,4.153421941598134,HIBRIDO_ANALOGO_CLIM,ANALOGO_DTW_HIBRIDO_CLIMATOLOGIA,30,10,0.2734187018761546,OK_ANALOGOS_CONTINUIDAD_CORREGIDA,0.38596257851673643,-0.38596257851673643,0.0,CORREGIDO_ANCLA_OBSERVADO
2026-10-10,BORJA,26.0,2026-10-08,2026-10-13,30,5,3.401533784463407,3.250955995546878,3.401533784463407,3.18,3.8532671512129926,2.5341087844634074,4.268958784463408,HIBRIDO_ANALOGO_CLIM,ANALOGO_DTW_HIBRIDO_CLIMATOLOGIA,30,10,0.2734187018761546,OK_ANALOGOS_CONTINUIDAD_CORREGIDA,0.38596257851673643,-0.38596257851673643,0.0,CORREGIDO_ANCLA_OBSERVADO
2026-10-10,BORJA,26.0,2026-10-08,2026-10-14,30,6,3.5695304954065823,3.484208366894536,3.5695304954065823,3.18,3.825496880942723,2.6249304954065824,4.514130495406581,HIBRIDO_ANALOGO_CLIM,ANALOGO_DTW_HIBRIDO_CLIMATOLOGIA,30,10,0.2734187018761546,OK_ANALOGOS_CONTINUIDAD_CORREGIDA,0.38596257851673643,-0.38596257851673643,0.0,CORREGIDO_ANCLA_OBSERVADO
2026-10-10,BORJA,26.0,2026-10-08,2026-10-15,30,7,3.680735933837114,3.6111669694865958,3.680735933837114,3.18,3.889442826888669,2.461135933837114,4.900335933837114,HIBRIDO_ANALOGO_CLIM,ANALOGO_DTW_HIBRIDO_CLIMATOLOGIA,30,10,0.2734187018761546,OK_ANALOGOS_CONTINUIDAD_CORREGIDA,0.38596257851673643,-0.38596257851673643,0.0,CORREGIDO_ANCLA_OBSERVADO
2026-10-10,BORJA,26.0,2026-10-08,2026-10-16,30,8,3.781418013111234,3.6402070391493857,3.781418013111234,3.18,4.205050934996777,2.3410680131112342,5.221768013111234,HIBRIDO_ANALOGO_CLIM,ANALOGO_DTW_HIBRIDO_CLIMATOLOGIA,30,10,0.2734187018761546,OK_ANALOGOS_CONTINUIDAD_CORREGIDA,0.38596257851673643,-0.38596257851673643,0.0,CORREGIDO_ANCLA_OBSERVADO
2026-10-10,BORJA,26.0,2026-10-08,2026-10-17,30,9,3.7384102006579734,3.5553858117342285,3.7384102006579734,3.18,4.287483367429209,2.745010200657974,4.731810200657973,HIBRIDO_ANALOGO_CLIM,ANALOGO_DTW_HIBRIDO_CLIMATOLOGIA,30,10,0.2734187018761546,OK_ANALOGOS_CONTINUIDAD_CORREGIDA,0.38596257851673643,-0.38596257851673643,0.0,CORREGIDO_ANCLA_OBSERVADO
2026-10-10,BORJA,26.0,2026-10-08,2026-10-18,30,10,3.95171649496574,3.880740150090529,3.95171649496574,3.18,4.164645529591372,2.81211649496574,5.09131649496574,HIBRIDO_ANALOGO_CLIM,ANALOGO_DTW_HIBRIDO_CLIMATOLOGIA,30,10,0.2734187018761546,OK_ANALOGOS_CONTINUIDAD_CORREGIDA,0.38596257851673643,-0.38596257851673643,0.0,CORREGIDO_ANCLA_OBSERVADO
2026-10-10,BORJA,26.0,2026-10-08,2026-10-19,30,11,4.08334653498391,4.083661284529171,4.08334653498391,3.18,4.0824022863481275,2.68812153498391,5.47857153498391,HIBRIDO_ANALOGO_CLIM,ANALOGO_DTW_HIBRIDO_CLIMATOLOGIA,30,10,0.2734187018761546,OK_ANALOGOS_CONTINUIDAD_CORREGIDA,0.38596257851673643,-0.38596257851673643,0.0,CORREGIDO_ANCLA_OBSERVADO
2026-10-10,BORJA,26.0,2026-10-08,2026-10-20,30,12,3.839521723888501,3.7055390138794366,3.839521723888501,3.18,4.241469853915696,2.9889217238885015,4.690121723888501,HIBRIDO_ANALOGO_CLIM,ANALOGO_DTW_HIBRIDO_CLIMATOLOGIA,30,10,0.2734187018761546,OK_ANALOGOS_CONTINUIDAD_CORREGIDA,0.38596257851673643,-0.38596257851673643,0.0,CORREGIDO_ANCLA_OBSERVADO
2026-10-10,BORJA,26.0,2026-10-08,2026-10-21,30,13,3.9613722527139816,3.8690559351962928,3.9613722527139816,3.18,4.238321205267047,3.1448722527139816,4.777872252713982,HIBRIDO_ANALOGO_CLIM,ANALOGO_DTW_HIBRIDO_CLIMATOLOGIA,30,10,0.2734187018761546,OK_ANALOGOS_CONTINUIDAD_CORREGIDA,0.38596257851673643,-0.38596257851673643,0.0,CORREGIDO_ANCLA_OBSERVADO
2026-10-10,BORJA,26.0,2026-10-08,2026-10-22,30,14,4.226899199537982,4.219064837267933,4.226899199537982,3.18,4.2504022863481286,3.6005991995379825,4.853199199537981,HIBRIDO_ANALOGO_CLIM,ANALOGO_DTW_HIBRIDO_CLIMATOLOGIA,30,10,0.2734187018761546,OK_ANALOGOS_CONTINUIDAD_CORREGIDA,0.38596257851673643,-0.38596257851673643,0.0,CORREGIDO_ANCLA_OBSERVADO
2026-10-10,BORJA,26.0,2026-10-08,2026-10-23,30,15,4.43032453498636,4.464190509757662,4.43032453498636,3.18,4.328726610672453,3.535574534986359,5.32507453498636,HIBRIDO_ANALOGO_CLIM,ANALOGO_DTW_HIBRIDO_CLIMATOLOGIA,30,10,0.2734187018761546,OK_ANALOGOS_CONTINUIDAD_CORREGIDA,0.38596257851673643,-0.38596257851673643,0.0,CORREGIDO_ANCLA_OBSERVADO
2026-10-10,BORJA,26.0,2026-10-08,2026-10-24,30,16,4.123048919846278,4.064498698579895,4.123048919846278,3.18,4.298699583645426,3.480623919846278,4.765473919846277,HIBRIDO_ANALOGO_CLIM,ANALOGO_DTW_HIBRIDO_CLIMATOLOGIA,30,10,0.2734187018761546,OK_ANALOGOS_CONTINUIDAD_CORREGIDA,0.38596257851673643,-0.38596257851673643,0.0,CORREGIDO_ANCLA_OBSERVADO
2026-10-10,BORJA,26.0,2026-10-08,2026-10-25,30,17,3.979260679300731,3.8364612246993466,3.979260679300731,3.18,4.407659043104886,3.054310679300731,4.90421067930073,HIBRIDO_ANALOGO_CLIM,ANALOGO_DTW_HIBRIDO_CLIMATOLOGIA,30,10,0.2734187018761546,OK_ANALOGOS_CONTINUIDAD_CORREGIDA,0.38596257851673643,-0.38596257851673643,0.0,CORREGIDO_ANCLA_OBSERVADO
2026-10-10,BORJA,26.0,2026-10-08,2026-10-26,30,18,3.9897273135749516,3.8587996199478565,3.9897273135749516,3.18,4.3825103944562365,2.9268773135749515,5.05257731357495,HIBRIDO_ANALOGO_CLIM,ANALOGO_DTW_HIBRIDO_CLIMATOLOGIA,30,10,0.2734187018761546,OK_ANALOGOS_CONTINUIDAD_CORREGIDA,0.38596257851673643,-0.38596257851673643,0.0,CORREGIDO_ANCLA_OBSERVADO
2026-10-10,BORJA,26.0,2026-10-08,2026-10-27,30,19,4.048810185586142,3.981752458305118,4.048810185586142,3.18,4.249983367429209,2.539710185586141,5.557910185586142,HIBRIDO_ANALOGO_CLIM,ANALOGO_DTW_HIBRIDO_CLIMATOLOGIA,30,10,0.2734187018761546,OK_ANALOGOS_CONTINUIDAD_CORREGIDA,0.38596257851673643,-0.38596257851673643,0.0,CORREGIDO_ANCLA_OBSERVADO
2026-10-10,BORJA,26.0,2026-10-08,2026-10-28,30,20,4.070799649545089,4.045639311151284,4.070799649545089,3.18,4.146280664726506,2.6670996495450896,5.4744996495450895,HIBRIDO_ANALOGO_CLIM,ANALOGO_DTW_HIBRIDO_CLIMATOLOGIA,30,10,0.2734187018761546,OK_ANALOGOS_CONTINUIDAD_CORREGIDA,0.38596257851673643,-0.38596257851673643,0.0,CORREGIDO_ANCLA_OBSERVADO
2026-10-10,BORJA,26.0,2026-10-08,2026-10-29,30,21,3.9082564222659797,3.8438384315358936,3.9082564222659797,3.18,4.101510394456236,2.7640064222659806,5.05250642226598,HIBRIDO_ANALOGO_CLIM,ANALOGO_DTW_HIBRIDO_CLIMATOLOGIA,30,10,0.2734187018761546,OK_ANALOGOS_CONTINUIDAD_CORREGIDA,0.38596257851673643,-0.38596257851673643,0.0,CORREGIDO_ANCLA_OBSERVADO
2026-10-10,BORJA,26.0,2026-10-08,2026-10-30,30,22,3.8333339187119306,3.6807886069773414,3.8333339187119306,3.18,4.290969853915696,2.806633918711931,4.860033918711931,HIBRIDO_ANALOGO_CLIM,ANALOGO_DTW_HIBRIDO_CLIMATOLOGIA,30,10,0.2734187018761546,OK_ANALOGOS_CONTINUIDAD_CORREGIDA,0.38596257851673643,-0.38596257851673643,0.0,CORREGIDO_ANCLA_OBSERVADO
2026-10-10,BORJA,26.0,2026-10-08,2026-10-31,30,23,3.9244608398986354,3.818052429820876,3.9244608398986354,3.18,4.243686070131913,2.662310839898635,5.186610839898636,HIBRIDO_ANALOGO_CLIM,ANALOGO_DTW_HIBRIDO_CLIMATOLOGIA,30,10,0.2734187018761546,OK_ANALOGOS_CONTINUIDAD_CORREGIDA,0.38596257851673643,-0.38596257851673643,0.0,CORREGIDO_ANCLA_OBSERVADO
2026-10-10,BORJA,26.0,2026-10-08,2026-11-01,30,24,4.103541410651458,4.079977925559374,4.103541410651458,3.18,4.174231865927709,2.585366410651458,5.621716410651457,HIBRIDO_ANALOGO_CLIM,ANALOGO_DTW_HIBRIDO_CLIMATOLOGIA,30,10,0.2734187018761546,OK_ANALOGOS_CONTINUIDAD_CORREGIDA,0.38596257851673643,-0.38596257851673643,0.0,CORREGIDO_ANCLA_OBSERVADO
2026-10-10,BORJA,26.0,2026-10-08,2026-11-02,30,25,3.874916897067862,3.742538884424891,3.874916897067862,3.18,4.272050934996777,2.7757668970678617,4.974066897067862,HIBRIDO_ANALOGO_CLIM,ANALOGO_DTW_HIBRIDO_CLIMATOLOGIA,30,10,0.2734187018761546,OK_ANALOGOS_CONTINUIDAD_CORREGIDA,0.38596257851673643,-0.38596257851673643,0.0,CORREGIDO_ANCLA_OBSERVADO
2026-10-10,BORJA,26.0,2026-10-08,2026-11-03,30,26,3.7513557436762137,3.574083472695485,3.7513557436762137,3.18,4.2831725566184,2.745305743676214,4.757405743676214,HIBRIDO_ANALOGO_CLIM,ANALOGO_DTW_HIBRIDO_CLIMATOLOGIA,30,10,0.2734187018761546,OK_ANALOGOS_CONTINUIDAD_CORREGIDA,0.38596257851673643,-0.38596257851673643,0.0,CORREGIDO_ANCLA_OBSERVADO
2026-10-10,BORJA,26.0,2026-10-08,2026-11-04,30,27,3.746351294471674,3.5716676305128554,3.746351294471674,3.18,4.270402286348128,2.8438012944716746,4.648901294471674,HIBRIDO_ANALOGO_CLIM,ANALOGO_DTW_HIBRIDO_CLIMATOLOGIA,30,10,0.2734187018761546,OK_ANALOGOS_CONTINUIDAD_CORREGIDA,0.38596257851673643,-0.38596257851673643,0.0,CORREGIDO_ANCLA_OBSERVADO
2026-10-10,BORJA,26.0,2026-10-08,2026-11-05,30,28,3.921336595685094,3.8282966807793977,3.921336595685094,3.18,4.200456340402182,2.171186595685094,5.671486595685094,HIBRIDO_ANALOGO_CLIM,ANALOGO_DTW_HIBRIDO_CLIMATOLOGIA,30,10,0.2734187018761546,OK_ANALOGOS_CONTINUIDAD_CORREGIDA,0.38596257851673643,-0.38596257851673643,0.0,CORREGIDO_ANCLA_OBSERVADO
2026-10-10,BORJA,26.0,2026-10-08,2026-11-06,30,29,4.068092143566529,4.055515789666355,4.068092143566529,3.18,4.105821205267047,2.781092143566529,5.355092143566528,HIBRIDO_ANALOGO_CLIM,ANALOGO_DTW_HIBRIDO_CLIMATOLOGIA,30,10,0.2734187018761546,OK_ANALOGOS_CONTINUIDAD_CORREGIDA,0.38596257851673643,-0.38596257851673643,0.0,CORREGIDO_ANCLA_OBSERVADO
2026-10-10,BORJA,26.0,2026-10-08,2026-11-07,30,30,4.000192261326829,3.939608739472883,4.000192261326829,3.18,4.181942826888669,2.695542261326829,5.304842261326829,HIBRIDO_ANALOGO_CLIM,ANALOGO_DTW_HIBRIDO_CLIMATOLOGIA,30,10,0.2734187018761546,OK_ANALOGOS_CONTINUIDAD_CORREGIDA,0.38596257851673643,-0.38596257851673643,0.0,CORREGIDO_ANCLA_OBSERVADO
2026-10-10,BORJA,26.0,2026-10-08,2026-10-09,60,1,3.18,2.930549137086802,3.18,3.18,3.9283525887395956,2.8305000000000002,3.5295,HIBRIDO_ANALOGO_CLIM,ANALOGO_DTW_HIBRIDO_CLIMATOLOGIA,30,10,0.33177676585348753,OK_ANALOGOS_CONTINUIDAD_CORREGIDA,0.44121497882797245,-0.44121497882797245,0.0,CORREGIDO_ANCLA_OBSERVADO
2026-10-10,BORJA,26.0,2026-10-08,2026-10-10,60,2,3.1841330864755517,2.9248346938289784,3.1841330864755517,3.18,3.9620282644152707,2.6336330864755517,3.734633086475552,HIBRIDO_ANALOGO_CLIM,ANALOGO_DTW_HIBRIDO_CLIMATOLOGIA,30,10,0.33177676585348753,OK_ANALOGOS_CONTINUIDAD_CORREGIDA,0.44121497882797245,-0.44121497882797245,0.0,CORREGIDO_ANCLA_OBSERVADO
2026-10-10,BORJA,26.0,2026-10-08,2026-10-11,60,3,3.0510037559151377,2.7632973882168956,3.0510037559151377,3.18,3.9141228590098653,2.1675037559151376,3.9345037559151375,HIBRIDO_ANALOGO_CLIM,ANALOGO_DTW_HIBRIDO_CLIMATOLOGIA,30,10,0.33177676585348753,OK_ANALOGOS_CONTINUIDAD_CORREGIDA,0.44121497882797245,-0.44121497882797245,0.0,CORREGIDO_ANCLA_OBSERVADO
2026-10-10,BORJA,26.0,2026-10-08,2026-10-12,60,4,3.2138577992535264,2.9985622387942064,3.2138577992535264,3.18,3.859744480631487,1.950857799253527,4.476857799253526,HIBRIDO_ANALOGO_CLIM,ANALOGO_DTW_HIBRIDO_CLIMATOLOGIA,30,10,0.33177676585348753,OK_ANALOGOS_CONTINUIDAD_CORREGIDA,0.44121497882797245,-0.44121497882797245,0.0,CORREGIDO_ANCLA_OBSERVADO
2026-10-10,BORJA,26.0,2026-10-08,2026-10-13,60,5,3.339413022331747,3.1865457794750776,3.339413022331747,3.18,3.7980147509017566,1.9544130223317477,4.724413022331747,HIBRIDO_ANALOGO_CLIM,ANALOGO_DTW_HIBRIDO_CLIMATOLOGIA,30,10,0.33177676585348753,OK_ANALOGOS_CONTINUIDAD_CORREGIDA,0.44121497882797245,-0.44121497882797245,0.0,CORREGIDO_ANCLA_OBSERVADO
2026-10-10,BORJA,26.0,2026-10-08,2026-10-14,60,6,3.5830264430243104,3.5206204304885844,3.5830264430243104,3.18,3.770244480631487,2.369026443024311,4.7970264430243095,HIBRIDO_ANALOGO_CLIM,ANALOGO_DTW_HIBRIDO_CLIMATOLOGIA,30,10,0.33177676585348753,OK_ANALOGOS_CONTINUIDAD_CORREGIDA,0.44121497882797245,-0.44121497882797245,0.0,CORREGIDO_ANCLA_OBSERVADO
2026-10-10,BORJA,26.0,2026-10-08,2026-10-15,60,7,3.4731638681394155,3.3528216819934094,3.4731638681394155,3.18,3.834190426577433,2.1861638681394155,4.760163868139415,HIBRIDO_ANALOGO_CLIM,ANALOGO_DTW_HIBRIDO_CLIMATOLOGIA,30,10,0.33177676585348753,OK_ANALOGOS_CONTINUIDAD_CORREGIDA,0.44121497882797245,-0.44121497882797245,0.0,CORREGIDO_ANCLA_OBSERVADO
2026-10-10,BORJA,26.0,2026-10-08,2026-10-16,60,8,3.317727351706703,3.0403702907137573,3.317727351706703,3.18,4.149798534685541,2.1357273517067035,4.499727351706703,HIBRIDO_ANALOGO_CLIM,ANALOGO_DTW_HIBRIDO_CLIMATOLOGIA,30,10,0.33177676585348753,OK_ANALOGOS_CONTINUIDAD_CORREGIDA,0.44121497882797245,-0.44121497882797245,0.0,CORREGIDO_ANCLA_OBSERVADO
2026-10-10,BORJA,26.0,2026-10-08,2026-10-17,60,9,3.2645779348327646,2.942026924071029,3.2645779348327646,3.18,4.232230967117973,2.0765779348327644,4.452577934832764,HIBRIDO_ANALOGO_CLIM,ANALOGO_DTW_HIBRIDO_CLIMATOLOGIA,30,10,0.33177676585348753,OK_ANALOGOS_CONTINUIDAD_CORREGIDA,0.44121497882797245,-0.44121497882797245,0.0,CORREGIDO_ANCLA_OBSERVADO
2026-10-10,BORJA,26.0,2026-10-08,2026-10-18,60,10,3.3647176298296224,3.1164924633461184,3.3647176298296224,3.18,4.109393129280136,2.140217629829622,4.589217629829623,HIBRIDO_ANALOGO_CLIM,ANALOGO_DTW_HIBRIDO_CLIMATOLOGIA,30,10,0.33177676585348753,OK_ANALOGOS_CONTINUIDAD_CORREGIDA,0.44121497882797245,-0.44121497882797245,0.0,CORREGIDO_ANCLA_OBSERVADO
2026-10-10,BORJA,26.0,2026-10-08,2026-10-19,60,11,3.5461327026798695,3.3857936415608623,3.5461327026798695,3.18,4.0271498860368915,2.4091327026798695,4.683132702679869,HIBRIDO_ANALOGO_CLIM,ANALOGO_DTW_HIBRIDO_CLIMATOLOGIA,30,10,0.33177676585348753,OK_ANALOGOS_CONTINUIDAD_CORREGIDA,0.44121497882797245,-0.44121497882797245,0.0,CORREGIDO_ANCLA_OBSERVADO
2026-10-10,BORJA,26.0,2026-10-08,2026-10-20,60,12,3.7538668505139685,3.609749982817138,3.7538668505139685,3.18,4.18621745360446,2.5463668505139694,4.9613668505139685,HIBRIDO_ANALOGO_CLIM,ANALOGO_DTW_HIBRIDO_CLIMATOLOGIA,30,10,0.33177676585348753,OK_ANALOGOS_CONTINUIDAD_CORREGIDA,0.44121497882797245,-0.44121497882797245,0.0,CORREGIDO_ANCLA_OBSERVADO
2026-10-10,BORJA,26.0,2026-10-08,2026-10-21,60,13,3.8653033834405135,3.7593815762687472,3.8653033834405135,3.18,4.183068804955811,2.8633033834405137,4.867303383440515,HIBRIDO_ANALOGO_CLIM,ANALOGO_DTW_HIBRIDO_CLIMATOLOGIA,30,10,0.33177676585348753,OK_ANALOGOS_CONTINUIDAD_CORREGIDA,0.44121497882797245,-0.44121497882797245,0.0,CORREGIDO_ANCLA_OBSERVADO
2026-10-10,BORJA,26.0,2026-10-08,2026-10-22,60,14,3.657691352562899,3.478538508071568,3.657691352562899,3.18,4.1951498860368925,2.9516913525629,4.363691352562899,HIBRIDO_ANALOGO_CLIM,ANALOGO_DTW_HIBRIDO_CLIMATOLOGIA,30,10,0.33177676585348753,OK_ANALOGOS_CONTINUIDAD_CORREGIDA,0.44121497882797245,-0.44121497882797245,0.0,CORREGIDO_ANCLA_OBSERVADO
2026-10-10,BORJA,26.0,2026-10-08,2026-10-23,60,15,3.6741450118914885,3.4743686124015793,3.6741450118914885,3.18,4.273474210361217,2.666645011891488,4.681645011891488,HIBRIDO_ANALOGO_CLIM,ANALOGO_DTW_HIBRIDO_CLIMATOLOGIA,30,10,0.33177676585348753,OK_ANALOGOS_CONTINUIDAD_CORREGIDA,0.44121497882797245,-0.44121497882797245,0.0,CORREGIDO_ANCLA_OBSERVADO
2026-10-10,BORJA,26.0,2026-10-08,2026-10-24,60,16,3.6594288003891733,3.4647560060741673,3.6594288003891733,3.18,4.24344718333419,2.7689288003891734,4.549928800389173,HIBRIDO_ANALOGO_CLIM,ANALOGO_DTW_HIBRIDO_CLIMATOLOGIA,30,10,0.33177676585348753,OK_ANALOGOS_CONTINUIDAD_CORREGIDA,0.44121497882797245,-0.44121497882797245,0.0,CORREGIDO_ANCLA_OBSERVADO
2026-10-10,BORJA,26.0,2026-10-08,2026-10-25,60,17,3.540648838788863,3.2700629041206004,3.540648838788863,3.18,4.35240664279365,2.7376488387888633,4.343648838788862,HIBRIDO_ANALOGO_CLIM,ANALOGO_DTW_HIBRIDO_CLIMATOLOGIA,30,10,0.33177676585348753,OK_ANALOGOS_CONTINUIDAD_CORREGIDA,0.44121497882797245,-0.44121497882797245,0.0,CORREGIDO_ANCLA_OBSERVADO
2026-10-10,BORJA,26.0,2026-10-08,2026-10-26,60,18,3.5827010732190447,3.334515432910393,3.5827010732190447,3.18,4.3272579941450005,2.495201073219045,4.670201073219044,HIBRIDO_ANALOGO_CLIM,ANALOGO_DTW_HIBRIDO_CLIMATOLOGIA,30,10,0.33177676585348753,OK_ANALOGOS_CONTINUIDAD_CORREGIDA,0.44121497882797245,-0.44121497882797245,0.0,CORREGIDO_ANCLA_OBSERVADO
2026-10-10,BORJA,26.0,2026-10-08,2026-10-27,60,19,3.6968996645866663,3.5309558970762307,3.6968996645866663,3.18,4.194730967117973,2.5048996645866666,4.888899664586667,HIBRIDO_ANALOGO_CLIM,ANALOGO_DTW_HIBRIDO_CLIMATOLOGIA,30,10,0.33177676585348753,OK_ANALOGOS_CONTINUIDAD_CORREGIDA,0.44121497882797245,-0.44121497882797245,0.0,CORREGIDO_ANCLA_OBSERVADO
2026-10-10,BORJA,26.0,2026-10-08,2026-10-28,60,20,4.135125754620747,4.149824918022571,4.135125754620747,3.18,4.09102826441527,2.6576257546207462,5.612625754620746,HIBRIDO_ANALOGO_CLIM,ANALOGO_DTW_HIBRIDO_CLIMATOLOGIA,30,10,0.33177676585348753,OK_ANALOGOS_CONTINUIDAD_CORREGIDA,0.44121497882797245,-0.44121497882797245,0.0,CORREGIDO_ANCLA_OBSERVADO
2026-10-10,BORJA,26.0,2026-10-08,2026-10-29,60,21,3.9224848424522194,3.8812271252212924,3.9224848424522194,3.18,4.046257994145,2.5069848424522196,5.337984842452219,HIBRIDO_ANALOGO_CLIM,ANALOGO_DTW_HIBRIDO_CLIMATOLOGIA,30,10,0.33177676585348753,OK_ANALOGOS_CONTINUIDAD_CORREGIDA,0.44121497882797245,-0.44121497882797245,0.0,CORREGIDO_ANCLA_OBSERVADO
2026-10-10,BORJA,26.0,2026-10-08,2026-10-30,60,22,3.678722293061973,3.4930572395478103,3.678722293061973,3.18,4.23571745360446,2.4722222930619733,4.8852222930619735,HIBRIDO_ANALOGO_CLIM,ANALOGO_DTW_HIBRIDO_CLIMATOLOGIA,30,10,0.33177676585348753,OK_ANALOGOS_CONTINUIDAD_CORREGIDA,0.44121497882797245,-0.44121497882797245,0.0,CORREGIDO_ANCLA_OBSERVADO
2026-10-10,BORJA,26.0,2026-10-08,2026-10-31,60,23,3.3950290113019097,3.130560791795654,3.3950290113019097,3.18,4.188433669820677,2.0215290113019093,4.76852901130191,HIBRIDO_ANALOGO_CLIM,ANALOGO_DTW_HIBRIDO_CLIMATOLOGIA,30,10,0.33177676585348753,OK_ANALOGOS_CONTINUIDAD_CORREGIDA,0.44121497882797245,-0.44121497882797245,0.0,CORREGIDO_ANCLA_OBSERVADO
2026-10-10,BORJA,26.0,2026-10-08,2026-11-01,60,24,3.5218550561998314,3.3228135863942843,3.5218550561998314,3.18,4.118979465616473,1.7778550561998312,5.2658550561998325,HIBRIDO_ANALOGO_CLIM,ANALOGO_DTW_HIBRIDO_CLIMATOLOGIA,30,10,0.33177676585348753,OK_ANALOGOS_CONTINUIDAD_CORREGIDA,0.44121497882797245,-0.44121497882797245,0.0,CORREGIDO_ANCLA_OBSERVADO
2026-10-10,BORJA,26.0,2026-10-08,2026-11-02,60,25,3.455888927748418,3.2022523921027104,3.455888927748418,3.18,4.216798534685541,1.9128889277484178,4.998888927748418,HIBRIDO_ANALOGO_CLIM,ANALOGO_DTW_HIBRIDO_CLIMATOLOGIA,30,10,0.33177676585348753,OK_ANALOGOS_CONTINUIDAD_CORREGIDA,0.44121497882797245,-0.44121497882797245,0.0,CORREGIDO_ANCLA_OBSERVADO
2026-10-10,BORJA,26.0,2026-10-08,2026-11-03,60,26,3.4774828167367318,3.2273370368799212,3.4774828167367318,3.18,4.227920156307164,1.777482816736732,5.177482816736733,HIBRIDO_ANALOGO_CLIM,ANALOGO_DTW_HIBRIDO_CLIMATOLOGIA,30,10,0.33177676585348753,OK_ANALOGOS_CONTINUIDAD_CORREGIDA,0.44121497882797245,-0.44121497882797245,0.0,CORREGIDO_ANCLA_OBSERVADO
2026-10-10,BORJA,26.0,2026-10-08,2026-11-04,60,27,3.5746296903768395,3.361122958490155,3.5746296903768395,3.18,4.215149886036892,1.8476296903768392,5.30162969037684,HIBRIDO_ANALOGO_CLIM,ANALOGO_DTW_HIBRIDO_CLIMATOLOGIA,30,10,0.33177676585348753,OK_ANALOGOS_CONTINUIDAD_CORREGIDA,0.44121497882797245,-0.44121497882797245,0.0,CORREGIDO_ANCLA_OBSERVADO
2026-10-10,BORJA,26.0,2026-10-08,2026-11-05,60,28,3.5718701550473972,3.3807588933662136,3.5718701550473972,3.18,4.145203940090946,2.0208701550473975,5.122870155047398,HIBRIDO_ANALOGO_CLIM,ANALOGO_DTW_HIBRIDO_CLIMATOLOGIA,30,10,0.33177676585348753,OK_ANALOGOS_CONTINUIDAD_CORREGIDA,0.44121497882797245,-0.44121497882797245,0.0,CORREGIDO_ANCLA_OBSERVADO
2026-10-10,BORJA,26.0,2026-10-08,2026-11-06,60,29,3.5243382153788487,3.348928018853195,3.5243382153788487,3.18,4.050568804955811,1.7448382153788486,5.30383821537885,HIBRIDO_ANALOGO_CLIM,ANALOGO_DTW_HIBRIDO_CLIMATOLOGIA,30,10,0.33177676585348753,OK_ANALOGOS_CONTINUIDAD_CORREGIDA,0.44121497882797245,-0.44121497882797245,0.0,CORREGIDO_ANCLA_OBSERVADO
2026-10-10,BORJA,26.0,2026-10-08,2026-11-07,60,30,3.4777832100525488,3.2614808045442545,3.4777832100525488,3.18,4.126690426577433,1.7127832100525486,5.242783210052549,HIBRIDO_ANALOGO_CLIM,ANALOGO_DTW_HIBRIDO_CLIMATOLOGIA,30,10,0.33177676585348753,OK_ANALOGOS_CONTINUIDAD_CORREGIDA,0.44121497882797245,-0.44121497882797245,0.0,CORREGIDO_ANCLA_OBSERVADO
2026-10-10,BORJA,26.0,2026-10-08,2026-11-08,60,31,3.619834593401387,3.42087949450891,3.619834593401387,3.18,4.191028264415271,2.1813345934013872,5.058334593401387,HIBRIDO_ANALOGO_CLIM,ANALOGO_DTW_HIBRIDO_CLIMATOLOGIA,30,10,0.33177676585348753,OK_ANALOGOS_CONTINUIDAD_CORREGIDA,0.44121497882797245,-0.44121497882797245,0.0,CORREGIDO_ANCLA_OBSERVADO
2026-10-10,BORJA,26.0,2026-10-08,2026-11-09,60,32,3.757857570959396,3.5957316185479242,3.757857570959396,3.18,4.203703940090946,2.702857570959397,4.812857570959396,HIBRIDO_ANALOGO_CLIM,ANALOGO_DTW_HIBRIDO_CLIMATOLOGIA,30,10,0.33177676585348753,OK_ANALOGOS_CONTINUIDAD_CORREGIDA,0.44121497882797245,-0.44121497882797245,0.0,CORREGIDO_ANCLA_OBSERVADO
2026-10-10,BORJA,26.0,2026-10-08,2026-11-10,60,33,3.659402052087587,3.4888439268151106,3.659402052087587,3.18,4.1090552914422975,2.6039020520875873,4.714902052087586,HIBRIDO_ANALOGO_CLIM,ANALOGO_DTW_HIBRIDO_CLIMATOLOGIA,30,10,0.33177676585348753,OK_ANALOGOS_CONTINUIDAD_CORREGIDA,0.44121497882797245,-0.44121497882797245,0.0,CORREGIDO_ANCLA_OBSERVADO
2026-10-10,BORJA,26.0,2026-10-08,2026-11-11,60,34,3.780346455847418,3.66605081939916,3.780346455847418,3.18,4.069447183334189,1.922346455847419,5.638346455847417,HIBRIDO_ANALOGO_CLIM,ANALOGO_DTW_HIBRIDO_CLIMATOLOGIA,30,10,0.33177676585348753,OK_ANALOGOS_CONTINUIDAD_CORREGIDA,0.44121497882797245,-0.44121497882797245,0.0,CORREGIDO_ANCLA_OBSERVADO
2026-10-10,BORJA,26.0,2026-10-08,2026-11-12,60,35,3.7959487904926985,3.6246775921684597,3.7959487904926985,3.18,4.211893129280135,1.793448790492699,5.798448790492699,HIBRIDO_ANALOGO_CLIM,ANALOGO_DTW_HIBRIDO_CLIMATOLOGIA,30,10,0.33177676585348753,OK_ANALOGOS_CONTINUIDAD_CORREGIDA,0.44121497882797245,-0.44121497882797245,0.0,CORREGIDO_ANCLA_OBSERVADO
2026-10-10,BORJA,26.0,2026-10-08,2026-11-13,60,36,3.801835402419169,3.636451588976825,3.801835402419169,3.18,4.187730967117973,1.8313354024191684,5.77233540241917,HIBRIDO_ANALOGO_CLIM,ANALOGO_DTW_HIBRIDO_CLIMATOLOGIA,30,10,0.33177676585348753,OK_ANALOGOS_CONTINUIDAD_CORREGIDA,0.44121497882797245,-0.44121497882797245,0.0,CORREGIDO_ANCLA_OBSERVADO
2026-10-10,BORJA,26.0,2026-10-08,2026-11-14,60,37,3.60891172239813,3.369136878366392,3.60891172239813,3.18,4.146785021172027,1.6569117223981307,5.56091172239813,HIBRIDO_ANALOGO_CLIM,ANALOGO_DTW_HIBRIDO_CLIMATOLOGIA,30,10,0.33177676585348753,OK_ANALOGOS_CONTINUIDAD_CORREGIDA,0.44121497882797245,-0.44121497882797245,0.0,CORREGIDO_ANCLA_OBSERVADO
2026-10-10,BORJA,26.0,2026-10-08,2026-11-15,60,38,3.576212024241618,3.2577246696983893,3.576212024241618,3.18,4.263474210361217,1.746712024241618,5.405712024241618,HIBRIDO_ANALOGO_CLIM,ANALOGO_DTW_HIBRIDO_CLIMATOLOGIA,30,10,0.33177676585348753,OK_ANALOGOS_CONTINUIDAD_CORREGIDA,0.44121497882797245,-0.44121497882797245,0.0,CORREGIDO_ANCLA_OBSERVADO
2026-10-10,BORJA,26.0,2026-10-08,2026-11-16,60,39,3.57637331503591,3.2364833944638653,3.57637331503591,3.18,4.282298534685541,1.74387331503591,5.40887331503591,HIBRIDO_ANALOGO_CLIM,ANALOGO_DTW_HIBRIDO_CLIMATOLOGIA,30,10,0.33177676585348753,OK_ANALOGOS_CONTINUIDAD_CORREGIDA,0.44121497882797245,-0.44121497882797245,0.0,CORREGIDO_ANCLA_OBSERVADO
2026-10-10,BORJA,26.0,2026-10-08,2026-11-17,60,40,3.6418806775705668,3.321428505769836,3.6418806775705668,3.18,4.282785021172028,1.5303806775705668,5.753380677570567,HIBRIDO_ANALOGO_CLIM,ANALOGO_DTW_HIBRIDO_CLIMATOLOGIA,30,10,0.33177676585348753,OK_ANALOGOS_CONTINUIDAD_CORREGIDA,0.44121497882797245,-0.44121497882797245,0.0,CORREGIDO_ANCLA_OBSERVADO
2026-10-10,BORJA,26.0,2026-10-08,2026-11-18,60,41,3.89237339379473,3.701880770212328,3.89237339379473,3.18,4.259420156307163,1.4523733937947294,6.332373393794731,HIBRIDO_ANALOGO_CLIM,ANALOGO_DTW_HIBRIDO_CLIMATOLOGIA,30,10,0.33177676585348753,OK_ANALOGOS_CONTINUIDAD_CORREGIDA,0.44121497882797245,-0.44121497882797245,0.0,CORREGIDO_ANCLA_OBSERVADO
2026-10-10,BORJA,26.0,2026-10-08,2026-11-19,60,42,3.8074374308671888,3.546634882241506,3.8074374308671888,3.18,4.2917850211720285,1.338437430867189,6.276437430867189,HIBRIDO_ANALOGO_CLIM,ANALOGO_DTW_HIBRIDO_CLIMATOLOGIA,30,10,0.33177676585348753,OK_ANALOGOS_CONTINUIDAD_CORREGIDA,0.44121497882797245,-0.44121497882797245,0.0,CORREGIDO_ANCLA_OBSERVADO
2026-10-10,BORJA,26.0,2026-10-08,2026-11-20,60,43,3.69976420175172,3.4074914310610525,3.69976420175172,3.18,4.2231363725233795,1.45876420175172,5.940764201751719,HIBRIDO_ANALOGO_CLIM,ANALOGO_DTW_HIBRIDO_CLIMATOLOGIA,30,10,0.33177676585348753,OK_ANALOGOS_CONTINUIDAD_CORREGIDA,0.44121497882797245,-0.44121497882797245,0.0,CORREGIDO_ANCLA_OBSERVADO
2026-10-10,BORJA,26.0,2026-10-08,2026-11-21,60,44,3.575569206860949,3.2296483869112915,3.575569206860949,3.18,4.173068804955811,1.8260692068609492,5.325069206860949,HIBRIDO_ANALOGO_CLIM,ANALOGO_DTW_HIBRIDO_CLIMATOLOGIA,30,10,0.33177676585348753,OK_ANALOGOS_CONTINUIDAD_CORREGIDA,0.44121497882797245,-0.44121497882797245,0.0,CORREGIDO_ANCLA_OBSERVADO
2026-10-10,BORJA,26.0,2026-10-08,2026-11-22,60,45,3.5568083088320854,3.107941200347039,3.5568083088320854,3.18,4.304920156307162,2.1428083088320853,4.970808308832085,HIBRIDO_ANALOGO_CLIM,ANALOGO_DTW_HIBRIDO_CLIMATOLOGIA,30,10,0.33177676585348753,OK_ANALOGOS_CONTINUIDAD_CORREGIDA,0.44121497882797245,-0.44121497882797245,0.0,CORREGIDO_ANCLA_OBSERVADO
2026-10-10,BORJA,26.0,2026-10-08,2026-11-23,60,46,3.5873772169656646,3.0691953021522136,3.5873772169656646,3.18,4.4209742103612175,1.9293772169656647,5.2453772169656645,HIBRIDO_ANALOGO_CLIM,ANALOGO_DTW_HIBRIDO_CLIMATOLOGIA,30,10,0.33177676585348753,OK_ANALOGOS_CONTINUIDAD_CORREGIDA,0.44121497882797245,-0.44121497882797245,0.0,CORREGIDO_ANCLA_OBSERVADO
2026-10-10,BORJA,26.0,2026-10-08,2026-11-24,60,47,3.731714164535768,3.2721265230361545,3.731714164535768,3.18,4.445541777928785,2.0352141645357684,5.428214164535769,HIBRIDO_ANALOGO_CLIM,ANALOGO_DTW_HIBRIDO_CLIMATOLOGIA,30,10,0.33177676585348753,OK_ANALOGOS_CONTINUIDAD_CORREGIDA,0.44121497882797245,-0.44121497882797245,0.0,CORREGIDO_ANCLA_OBSERVADO
2026-10-10,BORJA,26.0,2026-10-08,2026-11-25,60,48,4.019535225948209,3.674215542645842,4.019535225948209,3.18,4.537514750901757,2.4650352259482085,5.574035225948208,HIBRIDO_ANALOGO_CLIM,ANALOGO_DTW_HIBRIDO_CLIMATOLOGIA,30,10,0.33177676585348753,OK_ANALOGOS_CONTINUIDAD_CORREGIDA,0.44121497882797245,-0.44121497882797245,0.0,CORREGIDO_ANCLA_OBSERVADO
2026-10-10,BORJA,26.0,2026-10-08,2026-11-26,60,49,4.055351077187877,3.6778056868402333,4.055351077187877,3.18,4.60240664279365,2.7793510771878776,5.331351077187877,HIBRIDO_ANALOGO_CLIM,ANALOGO_DTW_HIBRIDO_CLIMATOLOGIA,30,10,0.33177676585348753,OK_ANALOGOS_CONTINUIDAD_CORREGIDA,0.44121497882797245,-0.44121497882797245,0.0,CORREGIDO_ANCLA_OBSERVADO
2026-10-10,BORJA,26.0,2026-10-08,2026-11-27,60,50,4.066963560990793,3.717013869355546,4.066963560990793,3.18,4.556893129280136,2.9544635609907925,5.1794635609907935,HIBRIDO_ANALOGO_CLIM,ANALOGO_DTW_HIBRIDO_CLIMATOLOGIA,30,10,0.33177676585348753,OK_ANALOGOS_CONTINUIDAD_CORREGIDA,0.44121497882797245,-0.44121497882797245,0.0,CORREGIDO_ANCLA_OBSERVADO
2026-10-10,BORJA,26.0,2026-10-08,2026-11-28,60,51,3.942704691280539,3.5547616507379463,3.942704691280539,3.18,4.467568804955812,2.332204691280539,5.5532046912805395,HIBRIDO_ANALOGO_CLIM,ANALOGO_DTW_HIBRIDO_CLIMATOLOGIA,30,10,0.33177676585348753,OK_ANALOGOS_CONTINUIDAD_CORREGIDA,0.44121497882797245,-0.44121497882797245,0.0,CORREGIDO_ANCLA_OBSERVADO
2026-10-10,BORJA,26.0,2026-10-08,2026-11-29,60,52,3.8718424696046045,3.4588625533821387,3.8718424696046045,3.18,4.411893129280136,2.6273424696046046,5.116342469604605,HIBRIDO_ANALOGO_CLIM,ANALOGO_DTW_HIBRIDO_CLIMATOLOGIA,30,10,0.33177676585348753,OK_ANALOGOS_CONTINUIDAD_CORREGIDA,0.44121497882797245,-0.44121497882797245,0.0,CORREGIDO_ANCLA_OBSERVADO
2026-10-10,BORJA,26.0,2026-10-08,2026-11-30,60,53,3.8412728448482993,3.439893507304601,3.8412728448482993,3.18,4.348676913063919,2.7807728448482996,4.901772844848299,HIBRIDO_ANALOGO_CLIM,ANALOGO_DTW_HIBRIDO_CLIMATOLOGIA,30,10,0.33177676585348753,OK_ANALOGOS_CONTINUIDAD_CORREGIDA,0.44121497882797245,-0.44121497882797245,0.0,CORREGIDO_ANCLA_OBSERVADO
2026-10-10,BORJA,26.0,2026-10-08,2026-12-01,60,54,3.7358723388979924,3.3599138763675622,3.7358723388979924,3.18,4.1953771264351865,2.6898723388979926,4.781872338897992,HIBRIDO_ANALOGO_CLIM,ANALOGO_DTW_HIBRIDO_CLIMATOLOGIA,30,10,0.33177676585348753,OK_ANALOGOS_CONTINUIDAD_CORREGIDA,0.44121497882797245,-0.44121497882797245,0.0,CORREGIDO_ANCLA_OBSERVADO
2026-10-10,BORJA,26.0,2026-10-08,2026-12-02,60,55,3.7693804001279907,3.4463789848163,3.7693804001279907,3.18,4.1511093454963515,2.748380400127991,4.79038040012799,HIBRIDO_ANALOGO_CLIM,ANALOGO_DTW_HIBRIDO_CLIMATOLOGIA,30,10,0.33177676585348753,OK_ANALOGOS_CONTINUIDAD_CORREGIDA,0.44121497882797245,-0.44121497882797245,0.0,CORREGIDO_ANCLA_OBSERVADO
2026-10-10,BORJA,26.0,2026-10-08,2026-12-03,60,56,3.8547438577087934,3.4973767585973827,3.8547438577087934,3.18,4.263163399550406,2.9092438577087933,4.800243857708793,HIBRIDO_ANALOGO_CLIM,ANALOGO_DTW_HIBRIDO_CLIMATOLOGIA,30,10,0.33177676585348753,OK_ANALOGOS_CONTINUIDAD_CORREGIDA,0.44121497882797245,-0.44121497882797245,0.0,CORREGIDO_ANCLA_OBSERVADO
2026-10-10,BORJA,26.0,2026-10-08,2026-12-04,60,57,3.73639690513525,3.26418796617276,3.73639690513525,3.18,4.258312048199054,2.67289690513525,4.799896905135251,HIBRIDO_ANALOGO_CLIM,ANALOGO_DTW_HIBRIDO_CLIMATOLOGIA,30,10,0.33177676585348753,OK_ANALOGOS_CONTINUIDAD_CORREGIDA,0.44121497882797245,-0.44121497882797245,0.0,CORREGIDO_ANCLA_OBSERVADO
2026-10-10,BORJA,26.0,2026-10-08,2026-12-05,60,58,3.649056901373988,3.1926434117983162,3.649056901373988,3.18,4.13694718333419,2.7230569013739885,4.575056901373989,HIBRIDO_ANALOGO_CLIM,ANALOGO_DTW_HIBRIDO_CLIMATOLOGIA,30,10,0.33177676585348753,OK_ANALOGOS_CONTINUIDAD_CORREGIDA,0.44121497882797245,-0.44121497882797245,0.0,CORREGIDO_ANCLA_OBSERVADO
2026-10-10,BORJA,26.0,2026-10-08,2026-12-06,60,59,3.744493744552034,3.322128056974963,3.744493744552034,3.18,4.18117691306392,2.1369937445520346,5.3519937445520345,HIBRIDO_ANALOGO_CLIM,ANALOGO_DTW_HIBRIDO_CLIMATOLOGIA,30,10,0.33177676585348753,OK_ANALOGOS_CONTINUIDAD_CORREGIDA,0.44121497882797245,-0.44121497882797245,0.0,CORREGIDO_ANCLA_OBSERVADO
2026-10-10,BORJA,26.0,2026-10-08,2026-12-07,60,60,3.9799640060819423,3.708629477478343,3.9799640060819423,3.18,4.2512985346855405,2.1329640060819424,5.826964006081942,HIBRIDO_ANALOGO_CLIM,ANALOGO_DTW_HIBRIDO_CLIMATOLOGIA,30,10,0.33177676585348753,OK_ANALOGOS_CONTINUIDAD_CORREGIDA,0.44121497882797245,-0.44121497882797245,0.0,CORREGIDO_ANCLA_OBSERVADO
2026-10-10,BORJA,26.0,2026-10-08,2026-10-09,90,1,3.18,2.9238071758914796,3.18,3.18,3.948578472325561,2.90015,3.4598500000000003,HIBRIDO_ANALOGO_CLIM,ANALOGO_DTW_HIBRIDO_CLIMATOLOGIA,30,10,0.2737626922737312,OK_ANALOGOS_CONTINUIDAD_CORREGIDA,0.4209890952420072,-0.4209890952420072,0.0,CORREGIDO_ANCLA_OBSERVADO
2026-10-10,BORJA,26.0,2026-10-08,2026-10-10,90,2,3.2241034905717965,2.9713866047619835,3.2241034905717965,3.18,3.982254148001236,2.6995034905717965,3.748703490571796,HIBRIDO_ANALOGO_CLIM,ANALOGO_DTW_HIBRIDO_CLIMATOLOGIA,30,10,0.2737626922737312,OK_ANALOGOS_CONTINUIDAD_CORREGIDA,0.4209890952420072,-0.4209890952420072,0.0,CORREGIDO_ANCLA_OBSERVADO
2026-10-10,BORJA,26.0,2026-10-08,2026-10-11,90,3,3.3087855202435423,3.1002644461261126,3.3087855202435423,3.18,3.9343487425958306,2.682585520243542,3.934985520243543,HIBRIDO_ANALOGO_CLIM,ANALOGO_DTW_HIBRIDO_CLIMATOLOGIA,30,10,0.2737626922737312,OK_ANALOGOS_CONTINUIDAD_CORREGIDA,0.4209890952420072,-0.4209890952420072,0.0,CORREGIDO_ANCLA_OBSERVADO
2026-10-10,BORJA,26.0,2026-10-08,2026-10-12,90,4,3.313574221641301,3.1247755074492503,3.313574221641301,3.18,3.8799703642174523,2.584424221641301,4.042724221641301,HIBRIDO_ANALOGO_CLIM,ANALOGO_DTW_HIBRIDO_CLIMATOLOGIA,30,10,0.2737626922737312,OK_ANALOGOS_CONTINUIDAD_CORREGIDA,0.4209890952420072,-0.4209890952420072,0.0,CORREGIDO_ANCLA_OBSERVADO
2026-10-10,BORJA,26.0,2026-10-08,2026-10-13,90,5,3.33525242608911,3.174256356622906,3.33525242608911,3.18,3.8182406344877218,2.4678274260891104,4.20267742608911,HIBRIDO_ANALOGO_CLIM,ANALOGO_DTW_HIBRIDO_CLIMATOLOGIA,30,10,0.2737626922737312,OK_ANALOGOS_CONTINUIDAD_CORREGIDA,0.4209890952420072,-0.4209890952420072,0.0,CORREGIDO_ANCLA_OBSERVADO
2026-10-10,BORJA,26.0,2026-10-08,2026-10-14,90,6,3.5051943545870112,3.4101023513768642,3.5051943545870112,3.18,3.790470364217452,2.5605943545870113,4.449794354587011,HIBRIDO_ANALOGO_CLIM,ANALOGO_DTW_HIBRIDO_CLIMATOLOGIA,30,10,0.2737626922737312,OK_ANALOGOS_CONTINUIDAD_CORREGIDA,0.4209890952420072,-0.4209890952420072,0.0,CORREGIDO_ANCLA_OBSERVADO
2026-10-10,BORJA,26.0,2026-10-08,2026-10-15,90,7,3.5455940541231423,3.4426533021097243,3.5455940541231423,3.18,3.854416310163398,2.755794054123143,4.335394054123142,HIBRIDO_ANALOGO_CLIM,ANALOGO_DTW_HIBRIDO_CLIMATOLOGIA,30,10,0.2737626922737312,OK_ANALOGOS_CONTINUIDAD_CORREGIDA,0.4209890952420072,-0.4209890952420072,0.0,CORREGIDO_ANCLA_OBSERVADO
2026-10-10,BORJA,26.0,2026-10-08,2026-10-16,90,8,3.6436093291829086,3.468137632820042,3.6436093291829086,3.18,4.170024418271506,2.6269343291829084,4.660284329182909,HIBRIDO_ANALOGO_CLIM,ANALOGO_DTW_HIBRIDO_CLIMATOLOGIA,30,10,0.2737626922737312,OK_ANALOGOS_CONTINUIDAD_CORREGIDA,0.4209890952420072,-0.4209890952420072,0.0,CORREGIDO_ANCLA_OBSERVADO
2026-10-10,BORJA,26.0,2026-10-08,2026-10-17,90,9,3.6960719630260974,3.510610333800151,3.6960719630260974,3.18,4.252456850703938,2.702671963026098,4.689471963026097,HIBRIDO_ANALOGO_CLIM,ANALOGO_DTW_HIBRIDO_CLIMATOLOGIA,30,10,0.2737626922737312,OK_ANALOGOS_CONTINUIDAD_CORREGIDA,0.4209890952420072,-0.4209890952420072,0.0,CORREGIDO_ANCLA_OBSERVADO
2026-10-10,BORJA,26.0,2026-10-08,2026-10-18,90,10,3.9416285995919425,3.8789651285005564,3.9416285995919425,3.18,4.129619012866101,2.8020285995919423,5.081228599591942,HIBRIDO_ANALOGO_CLIM,ANALOGO_DTW_HIBRIDO_CLIMATOLOGIA,30,10,0.2737626922737312,OK_ANALOGOS_CONTINUIDAD_CORREGIDA,0.4209890952420072,-0.4209890952420072,0.0,CORREGIDO_ANCLA_OBSERVADO
2026-10-10,BORJA,26.0,2026-10-08,2026-10-19,90,11,4.071483601038574,4.079519544843812,4.071483601038574,3.18,4.047375769622857,2.676258601038574,5.466708601038574,HIBRIDO_ANALOGO_CLIM,ANALOGO_DTW_HIBRIDO_CLIMATOLOGIA,30,10,0.2737626922737312,OK_ANALOGOS_CONTINUIDAD_CORREGIDA,0.4209890952420072,-0.4209890952420072,0.0,CORREGIDO_ANCLA_OBSERVADO
2026-10-10,BORJA,26.0,2026-10-08,2026-10-20,90,12,4.004337646229427,3.9369690825757604,4.004337646229427,3.18,4.206443337190425,2.5653376462294264,5.443337646229427,HIBRIDO_ANALOGO_CLIM,ANALOGO_DTW_HIBRIDO_CLIMATOLOGIA,30,10,0.2737626922737312,OK_ANALOGOS_CONTINUIDAD_CORREGIDA,0.4209890952420072,-0.4209890952420072,0.0,CORREGIDO_ANCLA_OBSERVADO
2026-10-10,BORJA,26.0,2026-10-08,2026-10-21,90,13,3.9795990847073806,3.905033883429248,3.9795990847073806,3.18,4.203294688541776,2.8075990847073804,5.15159908470738,HIBRIDO_ANALOGO_CLIM,ANALOGO_DTW_HIBRIDO_CLIMATOLOGIA,30,10,0.2737626922737312,OK_ANALOGOS_CONTINUIDAD_CORREGIDA,0.4209890952420072,-0.4209890952420072,0.0,CORREGIDO_ANCLA_OBSERVADO
2026-10-10,BORJA,26.0,2026-10-08,2026-10-22,90,14,4.149050932306121,4.126942653200542,4.149050932306121,3.18,4.215375769622858,3.5532509323061214,4.74485093230612,HIBRIDO_ANALOGO_CLIM,ANALOGO_DTW_HIBRIDO_CLIMATOLOGIA,30,10,0.2737626922737312,OK_ANALOGOS_CONTINUIDAD_CORREGIDA,0.4209890952420072,-0.4209890952420072,0.0,CORREGIDO_ANCLA_OBSERVADO
2026-10-10,BORJA,26.0,2026-10-08,2026-10-23,90,15,4.390140947832798,4.422287899128001,4.390140947832798,3.18,4.293700093947182,3.4983909478327972,5.281890947832798,HIBRIDO_ANALOGO_CLIM,ANALOGO_DTW_HIBRIDO_CLIMATOLOGIA,30,10,0.2737626922737312,OK_ANALOGOS_CONTINUIDAD_CORREGIDA,0.4209890952420072,-0.4209890952420072,0.0,CORREGIDO_ANCLA_OBSERVADO
2026-10-10,BORJA,26.0,2026-10-08,2026-10-24,90,16,4.15700564399326,4.121449836350962,4.15700564399326,3.18,4.2636730669201555,3.221180643993261,5.092830643993262,HIBRIDO_ANALOGO_CLIM,ANALOGO_DTW_HIBRIDO_CLIMATOLOGIA,30,10,0.2737626922737312,OK_ANALOGOS_CONTINUIDAD_CORREGIDA,0.4209890952420072,-0.4209890952420072,0.0,CORREGIDO_ANCLA_OBSERVADO
2026-10-10,BORJA,26.0,2026-10-08,2026-10-25,90,17,3.9379851978186253,3.7931027549649623,3.9379851978186253,3.18,4.372632526379615,3.017035197818626,4.858935197818626,HIBRIDO_ANALOGO_CLIM,ANALOGO_DTW_HIBRIDO_CLIMATOLOGIA,30,10,0.2737626922737312,OK_ANALOGOS_CONTINUIDAD_CORREGIDA,0.4209890952420072,-0.4209890952420072,0.0,CORREGIDO_ANCLA_OBSERVADO
2026-10-10,BORJA,26.0,2026-10-08,2026-10-26,90,18,3.8392219965961067,3.6698013695511533,3.8392219965961067,3.18,4.347483877730966,2.9330219965961075,4.745421996596107,HIBRIDO_ANALOGO_CLIM,ANALOGO_DTW_HIBRIDO_CLIMATOLOGIA,30,10,0.2737626922737312,OK_ANALOGOS_CONTINUIDAD_CORREGIDA,0.4209890952420072,-0.4209890952420072,0.0,CORREGIDO_ANCLA_OBSERVADO
2026-10-10,BORJA,26.0,2026-10-08,2026-10-27,90,19,3.8799808750914795,3.7683222165539934,3.8799808750914795,3.18,4.214956850703938,2.90525587509148,4.854705875091479,HIBRIDO_ANALOGO_CLIM,ANALOGO_DTW_HIBRIDO_CLIMATOLOGIA,30,10,0.2737626922737312,OK_ANALOGOS_CONTINUIDAD_CORREGIDA,0.4209890952420072,-0.4209890952420072,0.0,CORREGIDO_ANCLA_OBSERVADO
2026-10-10,BORJA,26.0,2026-10-08,2026-10-28,90,20,3.8636467305522983,3.781110924735986,3.8636467305522983,3.18,4.111254148001235,2.7774717305522985,4.949821730552298,HIBRIDO_ANALOGO_CLIM,ANALOGO_DTW_HIBRIDO_CLIMATOLOGIA,30,10,0.2737626922737312,OK_ANALOGOS_CONTINUIDAD_CORREGIDA,0.4209890952420072,-0.4209890952420072,0.0,CORREGIDO_ANCLA_OBSERVADO
2026-10-10,BORJA,26.0,2026-10-08,2026-10-29,90,21,3.737287399211097,3.6275552397044737,3.737287399211097,3.18,4.066483877730965,2.7388373992110973,4.7357373992110965,HIBRIDO_ANALOGO_CLIM,ANALOGO_DTW_HIBRIDO_CLIMATOLOGIA,30,10,0.2737626922737312,OK_ANALOGOS_CONTINUIDAD_CORREGIDA,0.4209890952420072,-0.4209890952420072,0.0,CORREGIDO_ANCLA_OBSERVADO
2026-10-10,BORJA,26.0,2026-10-08,2026-10-30,90,22,3.7431412877824006,3.5722072713130593,3.7431412877824006,3.18,4.255943337190425,2.716441287782401,4.7698412877824,HIBRIDO_ANALOGO_CLIM,ANALOGO_DTW_HIBRIDO_CLIMATOLOGIA,30,10,0.2737626922737312,OK_ANALOGOS_CONTINUIDAD_CORREGIDA,0.4209890952420072,-0.4209890952420072,0.0,CORREGIDO_ANCLA_OBSERVADO
2026-10-10,BORJA,26.0,2026-10-08,2026-10-31,90,23,3.896859932214617,3.792926725150609,3.896859932214617,3.18,4.208659553406642,2.6347099322146166,5.159009932214618,HIBRIDO_ANALOGO_CLIM,ANALOGO_DTW_HIBRIDO_CLIMATOLOGIA,30,10,0.2737626922737312,OK_ANALOGOS_CONTINUIDAD_CORREGIDA,0.4209890952420072,-0.4209890952420072,0.0,CORREGIDO_ANCLA_OBSERVADO
2026-10-10,BORJA,26.0,2026-10-08,2026-11-01,90,24,4.051644704663444,4.022457823150445,4.051644704663444,3.18,4.139205349202438,2.533469704663444,5.569819704663443,HIBRIDO_ANALOGO_CLIM,ANALOGO_DTW_HIBRIDO_CLIMATOLOGIA,30,10,0.2737626922737312,OK_ANALOGOS_CONTINUIDAD_CORREGIDA,0.4209890952420072,-0.4209890952420072,0.0,CORREGIDO_ANCLA_OBSERVADO
2026-10-10,BORJA,26.0,2026-10-08,2026-11-02,90,25,3.848208236284328,3.7186028422886026,3.848208236284328,3.18,4.237024418271506,2.749058236284328,4.9473582362843285,HIBRIDO_ANALOGO_CLIM,ANALOGO_DTW_HIBRIDO_CLIMATOLOGIA,30,10,0.2737626922737312,OK_ANALOGOS_CONTINUIDAD_CORREGIDA,0.4209890952420072,-0.4209890952420072,0.0,CORREGIDO_ANCLA_OBSERVADO
2026-10-10,BORJA,26.0,2026-10-08,2026-11-03,90,26,3.8092328960015345,3.6629285147043364,3.8092328960015345,3.18,4.248146039893129,3.005682896001535,4.612782896001534,HIBRIDO_ANALOGO_CLIM,ANALOGO_DTW_HIBRIDO_CLIMATOLOGIA,30,10,0.2737626922737312,OK_ANALOGOS_CONTINUIDAD_CORREGIDA,0.4209890952420072,-0.4209890952420072,0.0,CORREGIDO_ANCLA_OBSERVADO
2026-10-10,BORJA,26.0,2026-10-08,2026-11-04,90,27,3.8200792845123,3.6816471228087813,3.8200792845123,3.18,4.235375769622857,3.244679284512301,4.3954792845123,HIBRIDO_ANALOGO_CLIM,ANALOGO_DTW_HIBRIDO_CLIMATOLOGIA,30,10,0.2737626922737312,OK_ANALOGOS_CONTINUIDAD_CORREGIDA,0.4209890952420072,-0.4209890952420072,0.0,CORREGIDO_ANCLA_OBSERVADO
2026-10-10,BORJA,26.0,2026-10-08,2026-11-05,90,28,3.9801057776922124,3.918331095697312,3.9801057776922124,3.18,4.165429823676911,2.2299557776922128,5.7302557776922125,HIBRIDO_ANALOGO_CLIM,ANALOGO_DTW_HIBRIDO_CLIMATOLOGIA,30,10,0.2737626922737312,OK_ANALOGOS_CONTINUIDAD_CORREGIDA,0.4209890952420072,-0.4209890952420072,0.0,CORREGIDO_ANCLA_OBSERVADO
2026-10-10,BORJA,26.0,2026-10-08,2026-11-06,90,29,3.974129300102305,3.941907503955814,3.974129300102305,3.18,4.070794688541776,2.687129300102305,5.261129300102304,HIBRIDO_ANALOGO_CLIM,ANALOGO_DTW_HIBRIDO_CLIMATOLOGIA,30,10,0.2737626922737312,OK_ANALOGOS_CONTINUIDAD_CORREGIDA,0.4209890952420072,-0.4209890952420072,0.0,CORREGIDO_ANCLA_OBSERVADO
2026-10-10,BORJA,26.0,2026-10-08,2026-11-07,90,30,3.8942810766040625,3.8100693320842836,3.8942810766040625,3.18,4.146916310163398,2.5896310766040624,5.198931076604062,HIBRIDO_ANALOGO_CLIM,ANALOGO_DTW_HIBRIDO_CLIMATOLOGIA,30,10,0.2737626922737312,OK_ANALOGOS_CONTINUIDAD_CORREGIDA,0.4209890952420072,-0.4209890952420072,0.0,CORREGIDO_ANCLA_OBSERVADO
2026-10-10,BORJA,26.0,2026-10-08,2026-11-08,90,31,3.8588299672408453,3.736075477313068,3.8588299672408453,3.18,4.211254148001236,2.4315799672408454,5.286079967240845,HIBRIDO_ANALOGO_CLIM,ANALOGO_DTW_HIBRIDO_CLIMATOLOGIA,30,10,0.2737626922737312,OK_ANALOGOS_CONTINUIDAD_CORREGIDA,0.4209890952420072,-0.4209890952420072,0.0,CORREGIDO_ANCLA_OBSERVADO
2026-10-10,BORJA,26.0,2026-10-08,2026-11-09,90,32,3.6728629038021725,3.472474932938631,3.6728629038021725,3.18,4.223929823676912,2.3697629038021724,4.9759629038021735,HIBRIDO_ANALOGO_CLIM,ANALOGO_DTW_HIBRIDO_CLIMATOLOGIA,30,10,0.2737626922737312,OK_ANALOGOS_CONTINUIDAD_CORREGIDA,0.4209890952420072,-0.4209890952420072,0.0,CORREGIDO_ANCLA_OBSERVADO
2026-10-10,BORJA,26.0,2026-10-08,2026-11-10,90,33,3.739623479270961,3.591822284328536,3.739623479270961,3.18,4.129281175028263,2.217173479270961,5.262073479270962,HIBRIDO_ANALOGO_CLIM,ANALOGO_DTW_HIBRIDO_CLIMATOLOGIA,30,10,0.2737626922737312,OK_ANALOGOS_CONTINUIDAD_CORREGIDA,0.4209890952420072,-0.4209890952420072,0.0,CORREGIDO_ANCLA_OBSERVADO
2026-10-10,BORJA,26.0,2026-10-08,2026-11-11,90,34,3.7602956321462826,3.6300766463054495,3.7602956321462826,3.18,4.089673066920154,2.386345632146283,5.134245632146282,HIBRIDO_ANALOGO_CLIM,ANALOGO_DTW_HIBRIDO_CLIMATOLOGIA,30,10,0.2737626922737312,OK_ANALOGOS_CONTINUIDAD_CORREGIDA,0.4209890952420072,-0.4209890952420072,0.0,CORREGIDO_ANCLA_OBSERVADO
2026-10-10,BORJA,26.0,2026-10-08,2026-11-12,90,35,3.8186841327111583,3.648446240882653,3.8186841327111583,3.18,4.2321190128661,2.8243341327111584,4.813034132711158,HIBRIDO_ANALOGO_CLIM,ANALOGO_DTW_HIBRIDO_CLIMATOLOGIA,30,10,0.2737626922737312,OK_ANALOGOS_CONTINUIDAD_CORREGIDA,0.4209890952420072,-0.4209890952420072,0.0,CORREGIDO_ANCLA_OBSERVADO
2026-10-10,BORJA,26.0,2026-10-08,2026-11-13,90,36,3.8119435475717656,3.6422235605151205,3.8119435475717656,3.18,4.207956850703939,2.8773935475717662,4.746493547571765,HIBRIDO_ANALOGO_CLIM,ANALOGO_DTW_HIBRIDO_CLIMATOLOGIA,30,10,0.2737626922737312,OK_ANALOGOS_CONTINUIDAD_CORREGIDA,0.4209890952420072,-0.4209890952420072,0.0,CORREGIDO_ANCLA_OBSERVADO
2026-10-10,BORJA,26.0,2026-10-08,2026-11-14,90,37,3.667850853760149,3.445333722592436,3.667850853760149,3.18,4.167010904757992,2.899125853760149,4.436575853760148,HIBRIDO_ANALOGO_CLIM,ANALOGO_DTW_HIBRIDO_CLIMATOLOGIA,30,10,0.2737626922737312,OK_ANALOGOS_CONTINUIDAD_CORREGIDA,0.4209890952420072,-0.4209890952420072,0.0,CORREGIDO_ANCLA_OBSERVADO
2026-10-10,BORJA,26.0,2026-10-08,2026-11-15,90,38,3.6855815630646407,3.4084046828995618,3.6855815630646407,3.18,4.283700093947182,2.9986815630646406,4.372481563064641,HIBRIDO_ANALOGO_CLIM,ANALOGO_DTW_HIBRIDO_CLIMATOLOGIA,30,10,0.2737626922737312,OK_ANALOGOS_CONTINUIDAD_CORREGIDA,0.4209890952420072,-0.4209890952420072,0.0,CORREGIDO_ANCLA_OBSERVADO
2026-10-10,BORJA,26.0,2026-10-08,2026-11-16,90,39,3.686396082822459,3.3897416990877325,3.686396082822459,3.18,4.302524418271506,2.824121082822459,4.548671082822459,HIBRIDO_ANALOGO_CLIM,ANALOGO_DTW_HIBRIDO_CLIMATOLOGIA,30,10,0.2737626922737312,OK_ANALOGOS_CONTINUIDAD_CORREGIDA,0.4209890952420072,-0.4209890952420072,0.0,CORREGIDO_ANCLA_OBSERVADO
2026-10-10,BORJA,26.0,2026-10-08,2026-11-17,90,40,3.7588624221802287,3.4867881808913466,3.7588624221802287,3.18,4.303010904757993,2.9947124221802293,4.523012422180228,HIBRIDO_ANALOGO_CLIM,ANALOGO_DTW_HIBRIDO_CLIMATOLOGIA,30,10,0.2737626922737312,OK_ANALOGOS_CONTINUIDAD_CORREGIDA,0.4209890952420072,-0.4209890952420072,0.0,CORREGIDO_ANCLA_OBSERVADO
2026-10-10,BORJA,26.0,2026-10-08,2026-11-18,90,41,3.9968357821744784,3.8500608382951795,3.9968357821744784,3.18,4.279646039893128,3.0433607821744793,4.950310782174478,HIBRIDO_ANALOGO_CLIM,ANALOGO_DTW_HIBRIDO_CLIMATOLOGIA,30,10,0.2737626922737312,OK_ANALOGOS_CONTINUIDAD_CORREGIDA,0.4209890952420072,-0.4209890952420072,0.0,CORREGIDO_ANCLA_OBSERVADO
2026-10-10,BORJA,26.0,2026-10-08,2026-11-19,90,42,4.376274248737621,4.410877587803576,4.376274248737621,3.18,4.312010904757994,3.1111742487376217,5.6413742487376215,HIBRIDO_ANALOGO_CLIM,ANALOGO_DTW_HIBRIDO_CLIMATOLOGIA,30,10,0.2737626922737312,OK_ANALOGOS_CONTINUIDAD_CORREGIDA,0.4209890952420072,-0.4209890952420072,0.0,CORREGIDO_ANCLA_OBSERVADO
2026-10-10,BORJA,26.0,2026-10-08,2026-11-20,90,43,4.328931516162822,4.376716947101777,4.328931516162822,3.18,4.243362256109345,2.9254815161628223,5.732381516162823,HIBRIDO_ANALOGO_CLIM,ANALOGO_DTW_HIBRIDO_CLIMATOLOGIA,30,10,0.2737626922737312,OK_ANALOGOS_CONTINUIDAD_CORREGIDA,0.4209890952420072,-0.4209890952420072,0.0,CORREGIDO_ANCLA_OBSERVADO
2026-10-10,BORJA,26.0,2026-10-08,2026-11-21,90,44,4.029193840732061,3.934188086736962,4.029193840732061,3.18,4.193294688541776,2.96581884073206,5.09256884073206,HIBRIDO_ANALOGO_CLIM,ANALOGO_DTW_HIBRIDO_CLIMATOLOGIA,30,10,0.2737626922737312,OK_ANALOGOS_CONTINUIDAD_CORREGIDA,0.4209890952420072,-0.4209890952420072,0.0,CORREGIDO_ANCLA_OBSERVADO
2026-10-10,BORJA,26.0,2026-10-08,2026-11-22,90,45,3.7484372443398013,3.4024119670078052,3.7484372443398013,3.18,4.325146039893127,3.2052872443398006,4.2915872443398015,HIBRIDO_ANALOGO_CLIM,ANALOGO_DTW_HIBRIDO_CLIMATOLOGIA,30,10,0.2737626922737312,OK_ANALOGOS_CONTINUIDAD_CORREGIDA,0.4209890952420072,-0.4209890952420072,0.0,CORREGIDO_ANCLA_OBSERVADO
2026-10-10,BORJA,26.0,2026-10-08,2026-11-23,90,46,3.7609334666531677,3.3380650226595914,3.7609334666531677,3.18,4.441200093947183,3.3313584666531675,4.190508466653167,HIBRIDO_ANALOGO_CLIM,ANALOGO_DTW_HIBRIDO_CLIMATOLOGIA,30,10,0.2737626922737312,OK_ANALOGOS_CONTINUIDAD_CORREGIDA,0.4209890952420072,-0.4209890952420072,0.0,CORREGIDO_ANCLA_OBSERVADO
2026-10-10,BORJA,26.0,2026-10-08,2026-11-24,90,47,3.8145224456118583,3.395227580578491,3.8145224456118583,3.18,4.46576766151475,3.2364474456118577,4.392597445611859,HIBRIDO_ANALOGO_CLIM,ANALOGO_DTW_HIBRIDO_CLIMATOLOGIA,30,10,0.2737626922737312,OK_ANALOGOS_CONTINUIDAD_CORREGIDA,0.4209890952420072,-0.4209890952420072,0.0,CORREGIDO_ANCLA_OBSERVADO
2026-10-10,BORJA,26.0,2026-10-08,2026-11-25,90,48,4.113460611551243,3.817273929593591,4.113460611551243,3.18,4.557740634487722,3.0681606115512428,5.1587606115512425,HIBRIDO_ANALOGO_CLIM,ANALOGO_DTW_HIBRIDO_CLIMATOLOGIA,30,10,0.2737626922737312,OK_ANALOGOS_CONTINUIDAD_CORREGIDA,0.4209890952420072,-0.4209890952420072,0.0,CORREGIDO_ANCLA_OBSERVADO
2026-10-10,BORJA,26.0,2026-10-08,2026-11-26,90,49,4.343427026365271,4.150735906637063,4.343427026365271,3.18,4.622632526379615,2.94445202636527,5.742402026365271,HIBRIDO_ANALOGO_CLIM,ANALOGO_DTW_HIBRIDO_CLIMATOLOGIA,30,10,0.2737626922737312,OK_ANALOGOS_CONTINUIDAD_CORREGIDA,0.4209890952420072,-0.4209890952420072,0.0,CORREGIDO_ANCLA_OBSERVADO
2026-10-10,BORJA,26.0,2026-10-08,2026-11-27,90,50,4.159332124320123,3.8609129182158513,4.159332124320123,3.18,4.577119012866101,3.019932124320123,5.298732124320123,HIBRIDO_ANALOGO_CLIM,ANALOGO_DTW_HIBRIDO_CLIMATOLOGIA,30,10,0.2737626922737312,OK_ANALOGOS_CONTINUIDAD_CORREGIDA,0.4209890952420072,-0.4209890952420072,0.0,CORREGIDO_ANCLA_OBSERVADO
2026-10-10,BORJA,26.0,2026-10-08,2026-11-28,90,51,4.058691278194916,3.7415278879385405,4.058691278194916,3.18,4.487794688541777,3.2930662781949156,4.824316278194916,HIBRIDO_ANALOGO_CLIM,ANALOGO_DTW_HIBRIDO_CLIMATOLOGIA,30,10,0.2737626922737312,OK_ANALOGOS_CONTINUIDAD_CORREGIDA,0.4209890952420072,-0.4209890952420072,0.0,CORREGIDO_ANCLA_OBSERVADO
2026-10-10,BORJA,26.0,2026-10-08,2026-11-29,90,52,4.054935817796755,3.7665016098025474,4.054935817796755,3.18,4.432119012866101,3.139285817796755,4.970585817796755,HIBRIDO_ANALOGO_CLIM,ANALOGO_DTW_HIBRIDO_CLIMATOLOGIA,30,10,0.2737626922737312,OK_ANALOGOS_CONTINUIDAD_CORREGIDA,0.4209890952420072,-0.4209890952420072,0.0,CORREGIDO_ANCLA_OBSERVADO
2026-10-10,BORJA,26.0,2026-10-08,2026-11-30,90,53,4.0030474479021,3.713639485459822,4.0030474479021,3.18,4.368902796649884,2.8151474479021004,5.190947447902099,HIBRIDO_ANALOGO_CLIM,ANALOGO_DTW_HIBRIDO_CLIMATOLOGIA,30,10,0.2737626922737312,OK_ANALOGOS_CONTINUIDAD_CORREGIDA,0.4209890952420072,-0.4209890952420072,0.0,CORREGIDO_ANCLA_OBSERVADO
2026-10-10,BORJA,26.0,2026-10-08,2026-12-01,90,54,3.9399401230258015,3.7143977609386973,3.9399401230258015,3.18,4.215603010021152,2.8252401230258015,5.054640123025802,HIBRIDO_ANALOGO_CLIM,ANALOGO_DTW_HIBRIDO_CLIMATOLOGIA,30,10,0.2737626922737312,OK_ANALOGOS_CONTINUIDAD_CORREGIDA,0.4209890952420072,-0.4209890952420072,0.0,CORREGIDO_ANCLA_OBSERVADO
2026-10-10,BORJA,26.0,2026-10-08,2026-12-02,90,55,3.9644002913195524,3.789301497827981,3.9644002913195524,3.18,4.171335229082317,2.6649252913195522,5.263875291319552,HIBRIDO_ANALOGO_CLIM,ANALOGO_DTW_HIBRIDO_CLIMATOLOGIA,30,10,0.2737626922737312,OK_ANALOGOS_CONTINUIDAD_CORREGIDA,0.4209890952420072,-0.4209890952420072,0.0,CORREGIDO_ANCLA_OBSERVADO
2026-10-10,BORJA,26.0,2026-10-08,2026-12-03,90,56,4.1512896970275275,4.035702559182289,4.1512896970275275,3.18,4.283389283136371,2.7527396970275273,5.549839697027528,HIBRIDO_ANALOGO_CLIM,ANALOGO_DTW_HIBRIDO_CLIMATOLOGIA,30,10,0.2737626922737312,OK_ANALOGOS_CONTINUIDAD_CORREGIDA,0.4209890952420072,-0.4209890952420072,0.0,CORREGIDO_ANCLA_OBSERVADO
2026-10-10,BORJA,26.0,2026-10-08,2026-12-04,90,57,4.136395193834074,4.007789859497503,4.136395193834074,3.18,4.278537931785019,2.632945193834074,5.6398451938340735,HIBRIDO_ANALOGO_CLIM,ANALOGO_DTW_HIBRIDO_CLIMATOLOGIA,30,10,0.2737626922737312,OK_ANALOGOS_CONTINUIDAD_CORREGIDA,0.4209890952420072,-0.4209890952420072,0.0,CORREGIDO_ANCLA_OBSERVADO
2026-10-10,BORJA,26.0,2026-10-08,2026-12-05,90,58,4.132497657772422,4.109414210505188,4.132497657772422,3.18,4.157173066920155,2.7161226577724222,5.548872657772421,HIBRIDO_ANALOGO_CLIM,ANALOGO_DTW_HIBRIDO_CLIMATOLOGIA,30,10,0.2737626922737312,OK_ANALOGOS_CONTINUIDAD_CORREGIDA,0.4209890952420072,-0.4209890952420072,0.0,CORREGIDO_ANCLA_OBSERVADO
2026-10-10,BORJA,26.0,2026-10-08,2026-12-06,90,59,4.179228487962984,4.157781205790409,4.179228487962984,3.18,4.2014027966498855,2.7077534879629837,5.650703487962984,HIBRIDO_ANALOGO_CLIM,ANALOGO_DTW_HIBRIDO_CLIMATOLOGIA,30,10,0.2737626922737312,OK_ANALOGOS_CONTINUIDAD_CORREGIDA,0.4209890952420072,-0.4209890952420072,0.0,CORREGIDO_ANCLA_OBSERVADO
2026-10-10,BORJA,26.0,2026-10-08,2026-12-07,90,60,4.086258067680339,3.900991717089172,4.086258067680339,3.18,4.271524418271506,2.8236580676803382,5.3488580676803394,HIBRIDO_ANALOGO_CLIM,ANALOGO_DTW_HIBRIDO_CLIMATOLOGIA,30,10,0.2737626922737312,OK_ANALOGOS_CONTINUIDAD_CORREGIDA,0.4209890952420072,-0.4209890952420072,0.0,CORREGIDO_ANCLA_OBSERVADO
2026-10-10,BORJA,26.0,2026-10-08,2026-12-08,90,61,4.032892709994632,3.7431392672182224,4.032892709994632,3.18,4.3131460398931285,2.767267709994633,5.298517709994632,HIBRIDO_ANALOGO_CLIM,ANALOGO_DTW_HIBRIDO_CLIMATOLOGIA,30,10,0.2737626922737312,OK_ANALOGOS_CONTINUIDAD_CORREGIDA,0.4209890952420072,-0.4209890952420072,0.0,CORREGIDO_ANCLA_OBSERVADO
2026-10-10,BORJA,26.0,2026-10-08,2026-12-09,90,62,4.3292907331313515,4.194640186201477,4.3292907331313515,3.18,4.455254148001236,3.122140733131353,5.536440733131352,HIBRIDO_ANALOGO_CLIM,ANALOGO_DTW_HIBRIDO_CLIMATOLOGIA,30,10,0.2737626922737312,OK_ANALOGOS_CONTINUIDAD_CORREGIDA,0.4209890952420072,-0.4209890952420072,0.0,CORREGIDO_ANCLA_OBSERVADO
2026-10-10,BORJA,26.0,2026-10-08,2026-12-10,90,63,4.220663170837039,4.096205575877464,4.220663170837039,3.18,4.33326766151475,3.163788170837039,5.277538170837039,HIBRIDO_ANALOGO_CLIM,ANALOGO_DTW_HIBRIDO_CLIMATOLOGIA,30,10,0.2737626922737312,OK_ANALOGOS_CONTINUIDAD_CORREGIDA,0.4209890952420072,-0.4209890952420072,0.0,CORREGIDO_ANCLA_OBSERVADO
2026-10-10,BORJA,26.0,2026-10-08,2026-12-11,90,64,4.2383895221089105,4.028382073212661,4.2383895221089105,3.18,4.4221460398931285,3.0796395221089106,5.39713952210891,HIBRIDO_ANALOGO_CLIM,ANALOGO_DTW_HIBRIDO_CLIMATOLOGIA,30,10,0.2737626922737312,OK_ANALOGOS_CONTINUIDAD_CORREGIDA,0.4209890952420072,-0.4209890952420072,0.0,CORREGIDO_ANCLA_OBSERVADO
2026-10-10,BORJA,26.0,2026-10-08,2026-12-12,90,65,4.4221629922511045,4.186921356094317,4.4221629922511045,3.18,4.621213607460696,3.2391129922511053,5.605212992251104,HIBRIDO_ANALOGO_CLIM,ANALOGO_DTW_HIBRIDO_CLIMATOLOGIA,30,10,0.2737626922737312,OK_ANALOGOS_CONTINUIDAD_CORREGIDA,0.4209890952420072,-0.4209890952420072,0.0,CORREGIDO_ANCLA_OBSERVADO
2026-10-10,BORJA,26.0,2026-10-08,2026-12-13,90,66,4.531598895397174,4.417643376448664,4.531598895397174,3.18,4.624835229082317,3.4926738953971745,5.570523895397173,HIBRIDO_ANALOGO_CLIM,ANALOGO_DTW_HIBRIDO_CLIMATOLOGIA,30,10,0.2737626922737312,OK_ANALOGOS_CONTINUIDAD_CORREGIDA,0.4209890952420072,-0.4209890952420072,0.0,CORREGIDO_ANCLA_OBSERVADO
2026-10-10,BORJA,26.0,2026-10-08,2026-12-14,90,67,4.424479651167848,4.272639529979694,4.424479651167848,3.18,4.544591985839075,3.5067296511678485,5.342229651167848,HIBRIDO_ANALOGO_CLIM,ANALOGO_DTW_HIBRIDO_CLIMATOLOGIA,30,10,0.2737626922737312,OK_ANALOGOS_CONTINUIDAD_CORREGIDA,0.4209890952420072,-0.4209890952420072,0.0,CORREGIDO_ANCLA_OBSERVADO
2026-10-10,BORJA,26.0,2026-10-08,2026-12-15,90,68,4.325427575035931,4.077210497291283,4.325427575035931,3.18,4.515240634487723,3.1515025750359316,5.499352575035932,HIBRIDO_ANALOGO_CLIM,ANALOGO_DTW_HIBRIDO_CLIMATOLOGIA,30,10,0.2737626922737312,OK_ANALOGOS_CONTINUIDAD_CORREGIDA,0.4209890952420072,-0.4209890952420072,0.0,CORREGIDO_ANCLA_OBSERVADO
2026-10-10,BORJA,26.0,2026-10-08,2026-12-16,90,69,4.235659304241668,3.7204443407450225,4.235659304241668,3.18,4.616470364217452,3.2988343042416695,5.172484304241669,HIBRIDO_ANALOGO_CLIM,ANALOGO_DTW_HIBRIDO_CLIMATOLOGIA,30,10,0.2737626922737312,OK_ANALOGOS_CONTINUIDAD_CORREGIDA,0.4209890952420072,-0.4209890952420072,0.0,CORREGIDO_ANCLA_OBSERVADO
2026-10-10,BORJA,26.0,2026-10-08,2026-12-17,90,70,4.2427545665763535,3.7422173147436797,4.2427545665763535,3.18,4.600281175028263,3.333129566576353,5.152379566576354,HIBRIDO_ANALOGO_CLIM,ANALOGO_DTW_HIBRIDO_CLIMATOLOGIA,30,10,0.2737626922737312,OK_ANALOGOS_CONTINUIDAD_CORREGIDA,0.4209890952420072,-0.4209890952420072,0.0,CORREGIDO_ANCLA_OBSERVADO
2026-10-10,BORJA,26.0,2026-10-08,2026-12-18,90,71,4.420181032166152,4.2118723861105725,4.420181032166152,3.18,4.563943337190425,3.095556032166153,5.744806032166153,HIBRIDO_ANALOGO_CLIM,ANALOGO_DTW_HIBRIDO_CLIMATOLOGIA,30,10,0.2737626922737312,OK_ANALOGOS_CONTINUIDAD_CORREGIDA,0.4209890952420072,-0.4209890952420072,0.0,CORREGIDO_ANCLA_OBSERVADO
2026-10-10,BORJA,26.0,2026-10-08,2026-12-19,90,72,4.6255086720066245,4.463890458014706,4.6255086720066245,3.18,4.733254148001237,2.603233672006624,6.647783672006623,HIBRIDO_ANALOGO_CLIM,ANALOGO_DTW_HIBRIDO_CLIMATOLOGIA,30,10,0.2737626922737312,OK_ANALOGOS_CONTINUIDAD_CORREGIDA,0.4209890952420072,-0.4209890952420072,0.0,CORREGIDO_ANCLA_OBSERVADO
2026-10-10,BORJA,26.0,2026-10-08,2026-12-20,90,73,4.624240035427146,4.334631859427942,4.624240035427146,3.18,4.810700093947181,2.7924150354271453,6.4560650354271445,HIBRIDO_ANALOGO_CLIM,ANALOGO_DTW_HIBRIDO_CLIMATOLOGIA,30,10,0.2737626922737312,OK_ANALOGOS_CONTINUIDAD_CORREGIDA,0.4209890952420072,-0.4209890952420072,0.0,CORREGIDO_ANCLA_OBSERVADO
2026-10-10,BORJA,26.0,2026-10-08,2026-12-21,90,74,4.577893251930545,4.1870518104255225,4.577893251930545,3.18,4.82084874259583,3.062093251930547,6.093693251930546,HIBRIDO_ANALOGO_CLIM,ANALOGO_DTW_HIBRIDO_CLIMATOLOGIA,30,10,0.2737626922737312,OK_ANALOGOS_CONTINUIDAD_CORREGIDA,0.4209890952420072,-0.4209890952420072,0.0,CORREGIDO_ANCLA_OBSERVADO
2026-10-10,BORJA,26.0,2026-10-08,2026-12-22,90,75,4.439745115366399,3.8997976285425717,4.439745115366399,3.18,4.763713607460696,3.3760701153663994,5.503420115366399,HIBRIDO_ANALOGO_CLIM,ANALOGO_DTW_HIBRIDO_CLIMATOLOGIA,30,10,0.2737626922737312,OK_ANALOGOS_CONTINUIDAD_CORREGIDA,0.4209890952420072,-0.4209890952420072,0.0,CORREGIDO_ANCLA_OBSERVADO
2026-10-10,BORJA,26.0,2026-10-08,2026-12-23,90,76,4.456559342816512,3.983300256711201,4.456559342816512,3.18,4.730551445298532,3.7559093428165116,5.157209342816511,HIBRIDO_ANALOGO_CLIM,ANALOGO_DTW_HIBRIDO_CLIMATOLOGIA,30,10,0.2737626922737312,OK_ANALOGOS_CONTINUIDAD_CORREGIDA,0.4209890952420072,-0.4209890952420072,0.0,CORREGIDO_ANCLA_OBSERVADO
2026-10-10,BORJA,26.0,2026-10-08,2026-12-24,90,77,4.506058036142699,3.9968825347693673,4.506058036142699,3.18,4.790402796649884,3.2246830361427,5.7874330361426995,HIBRIDO_ANALOGO_CLIM,ANALOGO_DTW_HIBRIDO_CLIMATOLOGIA,30,10,0.2737626922737312,OK_ANALOGOS_CONTINUIDAD_CORREGIDA,0.4209890952420072,-0.4209890952420072,0.0,CORREGIDO_ANCLA_OBSERVADO
2026-10-10,BORJA,26.0,2026-10-08,2026-12-25,90,78,4.45386391993884,3.9471430716839673,4.45386391993884,3.18,4.726713607460695,3.21616391993884,5.69156391993884,HIBRIDO_ANALOGO_CLIM,ANALOGO_DTW_HIBRIDO_CLIMATOLOGIA,30,10,0.2737626922737312,OK_ANALOGOS_CONTINUIDAD_CORREGIDA,0.4209890952420072,-0.4209890952420072,0.0,CORREGIDO_ANCLA_OBSERVADO
2026-10-10,BORJA,26.0,2026-10-08,2026-12-26,90,79,4.515625073235041,4.061295616714551,4.515625073235041,3.18,4.751416310163398,3.527875073235043,5.503375073235041,HIBRIDO_ANALOGO_CLIM,ANALOGO_DTW_HIBRIDO_CLIMATOLOGIA,30,10,0.2737626922737312,OK_ANALOGOS_CONTINUIDAD_CORREGIDA,0.4209890952420072,-0.4209890952420072,0.0,CORREGIDO_ANCLA_OBSERVADO
2026-10-10,BORJA,26.0,2026-10-08,2026-12-27,90,80,4.536683158351604,3.9819465844577437,4.536683158351604,3.18,4.814051445298533,3.6296581583516043,5.443708158351603,HIBRIDO_ANALOGO_CLIM,ANALOGO_DTW_HIBRIDO_CLIMATOLOGIA,30,10,0.2737626922737312,OK_ANALOGOS_CONTINUIDAD_CORREGIDA,0.4209890952420072,-0.4209890952420072,0.0,CORREGIDO_ANCLA_OBSERVADO
2026-10-10,BORJA,26.0,2026-10-08,2026-12-28,90,81,4.56934604069972,3.9588653770942837,4.56934604069972,3.18,4.863281175028263,3.12232104069972,6.016371040699719,HIBRIDO_ANALOGO_CLIM,ANALOGO_DTW_HIBRIDO_CLIMATOLOGIA,30,10,0.2737626922737312,OK_ANALOGOS_CONTINUIDAD_CORREGIDA,0.4209890952420072,-0.4209890952420072,0.0,CORREGIDO_ANCLA_OBSERVADO
2026-10-10,BORJA,26.0,2026-10-08,2026-12-29,90,82,4.601701988371518,3.8658931318163554,4.601701988371518,3.18,4.9426865804336675,3.274426988371519,5.928976988371518,HIBRIDO_ANALOGO_CLIM,ANALOGO_DTW_HIBRIDO_CLIMATOLOGIA,30,10,0.2737626922737312,OK_ANALOGOS_CONTINUIDAD_CORREGIDA,0.4209890952420072,-0.4209890952420072,0.0,CORREGIDO_ANCLA_OBSERVADO
2026-10-10,BORJA,26.0,2026-10-08,2026-12-30,90,83,4.563836555126265,3.956526892804105,4.563836555126265,3.18,4.834564958812047,3.0283865551262648,6.099286555126264,HIBRIDO_ANALOGO_CLIM,ANALOGO_DTW_HIBRIDO_CLIMATOLOGIA,30,10,0.2737626922737312,OK_ANALOGOS_CONTINUIDAD_CORREGIDA,0.4209890952420072,-0.4209890952420072,0.0,CORREGIDO_ANCLA_OBSERVADO
2026-10-10,BORJA,26.0,2026-10-08,2026-12-31,90,84,4.486414141773107,3.8971162894029665,4.486414141773107,3.18,4.738970364217453,3.315389141773107,5.657439141773107,HIBRIDO_ANALOGO_CLIM,ANALOGO_DTW_HIBRIDO_CLIMATOLOGIA,30,10,0.2737626922737312,OK_ANALOGOS_CONTINUIDAD_CORREGIDA,0.4209890952420072,-0.4209890952420072,0.0,CORREGIDO_ANCLA_OBSERVADO
2026-10-10,BORJA,26.0,2026-10-08,2027-01-01,90,85,4.708308566666576,4.24651314485482,4.708308566666576,3.18,4.89845962270671,3.4437085666665763,5.972908566666575,HIBRIDO_ANALOGO_CLIM,ANALOGO_DTW_HIBRIDO_CLIMATOLOGIA,30,10,0.2737626922737312,OK_ANALOGOS_CONTINUIDAD_CORREGIDA,0.4209890952420072,-0.4209890952420072,0.0,CORREGIDO_ANCLA_OBSERVADO
2026-10-10,BORJA,26.0,2026-10-08,2027-01-02,90,86,4.789383835590105,4.548184597287619,4.789383835590105,3.18,4.884741673988762,2.616233835590105,6.962533835590104,HIBRIDO_ANALOGO_CLIM,ANALOGO_DTW_HIBRIDO_CLIMATOLOGIA,30,10,0.2737626922737312,OK_ANALOGOS_CONTINUIDAD_CORREGIDA,0.4209890952420072,-0.4209890952420072,0.0,CORREGIDO_ANCLA_OBSERVADO
2026-10-10,BORJA,26.0,2026-10-08,2027-01-03,90,87,4.760995354819144,4.511547599619055,4.760995354819144,3.18,4.8556134688605574,2.8091953548191433,6.712795354819145,HIBRIDO_ANALOGO_CLIM,ANALOGO_DTW_HIBRIDO_CLIMATOLOGIA,30,10,0.2737626922737312,OK_ANALOGOS_CONTINUIDAD_CORREGIDA,0.4209890952420072,-0.4209890952420072,0.0,CORREGIDO_ANCLA_OBSERVADO
2026-10-10,BORJA,26.0,2026-10-08,2027-01-04,90,88,4.743272863546565,4.517682352779245,4.743272863546565,3.18,4.825305776552865,3.089672863546566,6.396872863546564,HIBRIDO_ANALOGO_CLIM,ANALOGO_DTW_HIBRIDO_CLIMATOLOGIA,30,10,0.2737626922737312,OK_ANALOGOS_CONTINUIDAD_CORREGIDA,0.4209890952420072,-0.4209890952420072,0.0,CORREGIDO_ANCLA_OBSERVADO
2026-10-10,BORJA,26.0,2026-10-08,2027-01-05,90,89,4.71499345353139,4.500467338388676,4.71499345353139,3.18,4.7897160329631205,2.94596845353139,6.484018453531389,HIBRIDO_ANALOGO_CLIM,ANALOGO_DTW_HIBRIDO_CLIMATOLOGIA,30,10,0.2737626922737312,OK_ANALOGOS_CONTINUIDAD_CORREGIDA,0.4209890952420072,-0.4209890952420072,0.0,CORREGIDO_ANCLA_OBSERVADO
2026-10-10,BORJA,26.0,2026-10-08,2027-01-06,90,90,4.660715950972978,4.616408012694862,4.660715950972978,3.18,4.675485263732352,2.756690950972979,6.564740950972979,HIBRIDO_ANALOGO_CLIM,ANALOGO_DTW_HIBRIDO_CLIMATOLOGIA,30,10,0.2737626922737312,OK_ANALOGOS_CONTINUIDAD_CORREGIDA,0.4209890952420072,-0.4209890952420072,0.0,CORREGIDO_ANCLA_OBSERVADO
2026-10-10,CONTAMANA,2.0,2026-10-08,2026-10-09,30,1,5.9,4.839270976075681,5.9,5.9,9.08218707177296,5.686000000000001,6.114,HIBRIDO_ANALOGO_CLIM,ANALOGO_DTW_HIBRIDO_CLIMATOLOGIA,30,10,0.2939781393849935,OK_ANALOGOS_CONTINUIDAD_CORREGIDA,1.1070436974578097,-1.1070436974578097,0.0,CORREGIDO_ANCLA_OBSERVADO
2026-10-10,CONTAMANA,2.0,2026-10-08,2026-10-10,30,2,5.959065702851888,4.915435502955119,5.959065702851888,5.9,9.089956302542191,5.537065702851888,6.381065702851888,HIBRIDO_ANALOGO_CLIM,ANALOGO_DTW_HIBRIDO_CLIMATOLOGIA,30,10,0.2939781393849935,OK_ANALOGOS_CONTINUIDAD_CORREGIDA,1.1070436974578097,-1.1070436974578097,0.0,CORREGIDO_ANCLA_OBSERVADO
2026-10-10,CONTAMANA,2.0,2026-10-08,2026-10-11,30,3,5.988048534338745,4.95409209878375,5.988048534338745,5.9,9.089917841003729,5.439048534338746,6.537048534338744,HIBRIDO_ANALOGO_CLIM,ANALOGO_DTW_HIBRIDO_CLIMATOLOGIA,30,10,0.2939781393849935,OK_ANALOGOS_CONTINUIDAD_CORREGIDA,1.1070436974578097,-1.1070436974578097,0.0,CORREGIDO_ANCLA_OBSERVADO
2026-10-10,CONTAMANA,2.0,2026-10-08,2026-10-12,30,4,6.012830494956231,4.979487277042963,6.012830494956231,5.9,9.112860148696035,5.348830494956231,6.6768304949562305,HIBRIDO_ANALOGO_CLIM,ANALOGO_DTW_HIBRIDO_CLIMATOLOGIA,30,10,0.2939781393849935,OK_ANALOGOS_CONTINUIDAD_CORREGIDA,1.1070436974578097,-1.1070436974578097,0.0,CORREGIDO_ANCLA_OBSERVADO
2026-10-10,CONTAMANA,2.0,2026-10-08,2026-10-13,30,5,5.9936757876267155,4.946684846757455,5.9936757876267155,5.9,9.134648610234498,5.325675787626715,6.661675787626716,HIBRIDO_ANALOGO_CLIM,ANALOGO_DTW_HIBRIDO_CLIMATOLOGIA,30,10,0.2939781393849935,OK_ANALOGOS_CONTINUIDAD_CORREGIDA,1.1070436974578097,-1.1070436974578097,0.0,CORREGIDO_ANCLA_OBSERVADO
2026-10-10,CONTAMANA,2.0,2026-10-08,2026-10-14,30,6,5.968165288127867,4.907427257682068,5.968165288127867,5.9,9.150379379465267,5.323665288127867,6.612665288127867,HIBRIDO_ANALOGO_CLIM,ANALOGO_DTW_HIBRIDO_CLIMATOLOGIA,30,10,0.2939781393849935,OK_ANALOGOS_CONTINUIDAD_CORREGIDA,1.1070436974578097,-1.1070436974578097,0.0,CORREGIDO_ANCLA_OBSERVADO
2026-10-10,CONTAMANA,2.0,2026-10-08,2026-10-15,30,7,5.975935467040308,4.916768265462759,5.975935467040308,5.9,9.15343707177296,5.439185467040309,6.512685467040308,HIBRIDO_ANALOGO_CLIM,ANALOGO_DTW_HIBRIDO_CLIMATOLOGIA,30,10,0.2939781393849935,OK_ANALOGOS_CONTINUIDAD_CORREGIDA,1.1070436974578097,-1.1070436974578097,0.0,CORREGIDO_ANCLA_OBSERVADO
2026-10-10,CONTAMANA,2.0,2026-10-08,2026-10-16,30,8,5.9911639728349355,4.932143452676107,5.9911639728349355,5.9,9.16822553331142,5.482913972834935,6.499413972834935,HIBRIDO_ANALOGO_CLIM,ANALOGO_DTW_HIBRIDO_CLIMATOLOGIA,30,10,0.2939781393849935,OK_ANALOGOS_CONTINUIDAD_CORREGIDA,1.1070436974578097,-1.1070436974578097,0.0,CORREGIDO_ANCLA_OBSERVADO
2026-10-10,CONTAMANA,2.0,2026-10-08,2026-10-17,30,9,6.027028455074558,4.9688601982263725,6.027028455074558,5.9,9.201533225619114,5.5935284550745585,6.460528455074558,HIBRIDO_ANALOGO_CLIM,ANALOGO_DTW_HIBRIDO_CLIMATOLOGIA,30,10,0.2939781393849935,OK_ANALOGOS_CONTINUIDAD_CORREGIDA,1.1070436974578097,-1.1070436974578097,0.0,CORREGIDO_ANCLA_OBSERVADO
2026-10-10,CONTAMANA,2.0,2026-10-08,2026-10-18,30,10,6.03517952192289,4.974125723254919,6.03517952192289,5.9,9.218340917926804,5.622679521922891,6.44767952192289,HIBRIDO_ANALOGO_CLIM,ANALOGO_DTW_HIBRIDO_CLIMATOLOGIA,30,10,0.2939781393849935,OK_ANALOGOS_CONTINUIDAD_CORREGIDA,1.1070436974578097,-1.1070436974578097,0.0,CORREGIDO_ANCLA_OBSERVADO
2026-10-10,CONTAMANA,2.0,2026-10-08,2026-10-19,30,11,6.040336705690395,4.980001968278259,6.040336705690395,5.9,9.221340917926806,5.599836705690396,6.480836705690394,HIBRIDO_ANALOGO_CLIM,ANALOGO_DTW_HIBRIDO_CLIMATOLOGIA,30,10,0.2939781393849935,OK_ANALOGOS_CONTINUIDAD_CORREGIDA,1.1070436974578097,-1.1070436974578097,0.0,CORREGIDO_ANCLA_OBSERVADO
2026-10-10,CONTAMANA,2.0,2026-10-08,2026-10-20,30,12,6.030811839183841,4.964500864218236,6.030811839183841,5.9,9.229744764080653,5.432811839183842,6.6288118391838395,HIBRIDO_ANALOGO_CLIM,ANALOGO_DTW_HIBRIDO_CLIMATOLOGIA,30,10,0.2939781393849935,OK_ANALOGOS_CONTINUIDAD_CORREGIDA,1.1070436974578097,-1.1070436974578097,0.0,CORREGIDO_ANCLA_OBSERVADO
2026-10-10,CONTAMANA,2.0,2026-10-08,2026-10-21,30,13,6.0500814865897174,4.984943727426073,6.0500814865897174,5.9,9.245494764080652,5.257581486589719,6.842581486589717,HIBRIDO_ANALOGO_CLIM,ANALOGO_DTW_HIBRIDO_CLIMATOLOGIA,30,10,0.2939781393849935,OK_ANALOGOS_CONTINUIDAD_CORREGIDA,1.1070436974578097,-1.1070436974578097,0.0,CORREGIDO_ANCLA_OBSERVADO
2026-10-10,CONTAMANA,2.0,2026-10-08,2026-10-22,30,14,6.0616734057612645,4.990322696577879,6.0616734057612645,5.9,9.275725533311421,5.114673405761264,7.008673405761263,HIBRIDO_ANALOGO_CLIM,ANALOGO_DTW_HIBRIDO_CLIMATOLOGIA,30,10,0.2939781393849935,OK_ANALOGOS_CONTINUIDAD_CORREGIDA,1.1070436974578097,-1.1070436974578097,0.0,CORREGIDO_ANCLA_OBSERVADO
2026-10-10,CONTAMANA,2.0,2026-10-08,2026-10-23,30,15,6.046997591741844,4.966549816346857,6.046997591741844,5.9,9.288340917926805,4.970997591741845,7.122997591741845,HIBRIDO_ANALOGO_CLIM,ANALOGO_DTW_HIBRIDO_CLIMATOLOGIA,30,10,0.2939781393849935,OK_ANALOGOS_CONTINUIDAD_CORREGIDA,1.1070436974578097,-1.1070436974578097,0.0,CORREGIDO_ANCLA_OBSERVADO
2026-10-10,CONTAMANA,2.0,2026-10-08,2026-10-24,30,16,6.052865763944439,4.9675791741554445,6.052865763944439,5.9,9.30872553331142,4.86086576394444,7.244865763944437,HIBRIDO_ANALOGO_CLIM,ANALOGO_DTW_HIBRIDO_CLIMATOLOGIA,30,10,0.2939781393849935,OK_ANALOGOS_CONTINUIDAD_CORREGIDA,1.1070436974578097,-1.1070436974578097,0.0,CORREGIDO_ANCLA_OBSERVADO
2026-10-10,CONTAMANA,2.0,2026-10-08,2026-10-25,30,17,6.068579035769712,4.983773792999401,6.068579035769712,5.9,9.32299476408065,4.770079035769713,7.367079035769711,HIBRIDO_ANALOGO_CLIM,ANALOGO_DTW_HIBRIDO_CLIMATOLOGIA,30,10,0.2939781393849935,OK_ANALOGOS_CONTINUIDAD_CORREGIDA,1.1070436974578097,-1.1070436974578097,0.0,CORREGIDO_ANCLA_OBSERVADO
2026-10-10,CONTAMANA,2.0,2026-10-08,2026-10-26,30,18,6.097103660198066,5.0187553435192545,6.097103660198066,5.9,9.332148610234498,4.767603660198067,7.426603660198063,HIBRIDO_ANALOGO_CLIM,ANALOGO_DTW_HIBRIDO_CLIMATOLOGIA,30,10,0.2939781393849935,OK_ANALOGOS_CONTINUIDAD_CORREGIDA,1.1070436974578097,-1.1070436974578097,0.0,CORREGIDO_ANCLA_OBSERVADO
2026-10-10,CONTAMANA,2.0,2026-10-08,2026-10-27,30,19,6.1255205499374075,5.053375299069146,6.1255205499374075,5.9,9.34195630254219,4.730020549937409,7.521020549937406,HIBRIDO_ANALOGO_CLIM,ANALOGO_DTW_HIBRIDO_CLIMATOLOGIA,30,10,0.2939781393849935,OK_ANALOGOS_CONTINUIDAD_CORREGIDA,1.1070436974578097,-1.1070436974578097,0.0,CORREGIDO_ANCLA_OBSERVADO
2026-10-10,CONTAMANA,2.0,2026-10-08,2026-10-28,30,20,6.117436054597976,5.040698536052468,6.117436054597976,5.9,9.347648610234499,4.591936054597976,7.6429360545979765,HIBRIDO_ANALOGO_CLIM,ANALOGO_DTW_HIBRIDO_CLIMATOLOGIA,30,10,0.2939781393849935,OK_ANALOGOS_CONTINUIDAD_CORREGIDA,1.1070436974578097,-1.1070436974578097,0.0,CORREGIDO_ANCLA_OBSERVADO
2026-10-10,CONTAMANA,2.0,2026-10-08,2026-10-29,30,21,6.080458989563443,4.991152192929502,6.080458989563443,5.9,9.348379379465268,4.367958989563443,7.7929589895634415,HIBRIDO_ANALOGO_CLIM,ANALOGO_DTW_HIBRIDO_CLIMATOLOGIA,30,10,0.2939781393849935,OK_ANALOGOS_CONTINUIDAD_CORREGIDA,1.1070436974578097,-1.1070436974578097,0.0,CORREGIDO_ANCLA_OBSERVADO
2026-10-10,CONTAMANA,2.0,2026-10-08,2026-10-30,30,22,6.027535367423032,4.917574542896133,6.027535367423032,5.9,9.357417841003729,4.132035367423033,7.923035367423031,HIBRIDO_ANALOGO_CLIM,ANALOGO_DTW_HIBRIDO_CLIMATOLOGIA,30,10,0.2939781393849935,OK_ANALOGOS_CONTINUIDAD_CORREGIDA,1.1070436974578097,-1.1070436974578097,0.0,CORREGIDO_ANCLA_OBSERVADO
2026-10-10,CONTAMANA,2.0,2026-10-08,2026-10-31,30,23,5.958741283477647,4.817874738661262,5.958741283477647,5.9,9.381340917926805,3.9987412834776475,7.918741283477647,HIBRIDO_ANALOGO_CLIM,ANALOGO_DTW_HIBRIDO_CLIMATOLOGIA,30,10,0.2939781393849935,OK_ANALOGOS_CONTINUIDAD_CORREGIDA,1.1070436974578097,-1.1070436974578097,0.0,CORREGIDO_ANCLA_OBSERVADO
2026-10-10,CONTAMANA,2.0,2026-10-08,2026-11-01,30,24,5.892202363588891,4.721758742912151,5.892202363588891,5.9,9.403533225619112,3.8592023635888903,7.925202363588889,HIBRIDO_ANALOGO_CLIM,ANALOGO_DTW_HIBRIDO_CLIMATOLOGIA,30,10,0.2939781393849935,OK_ANALOGOS_CONTINUIDAD_CORREGIDA,1.1070436974578097,-1.1070436974578097,0.0,CORREGIDO_ANCLA_OBSERVADO
2026-10-10,CONTAMANA,2.0,2026-10-08,2026-11-02,30,25,5.886412180768131,4.684846191458828,5.886412180768131,5.9,9.491110148696038,3.7304121807681305,8.04241218076813,HIBRIDO_ANALOGO_CLIM,ANALOGO_DTW_HIBRIDO_CLIMATOLOGIA,30,10,0.2939781393849935,OK_ANALOGOS_CONTINUIDAD_CORREGIDA,1.1070436974578097,-1.1070436974578097,0.0,CORREGIDO_ANCLA_OBSERVADO
2026-10-10,CONTAMANA,2.0,2026-10-08,2026-11-03,30,26,5.864561811866086,4.643212366256102,5.864561811866086,5.9,9.528610148696036,3.5695618118660866,8.159561811866086,HIBRIDO_ANALOGO_CLIM,ANALOGO_DTW_HIBRIDO_CLIMATOLOGIA,30,10,0.2939781393849935,OK_ANALOGOS_CONTINUIDAD_CORREGIDA,1.1070436974578097,-1.1070436974578097,0.0,CORREGIDO_ANCLA_OBSERVADO
2026-10-10,CONTAMANA,2.0,2026-10-08,2026-11-04,30,27,5.824081469594267,4.580020627842395,5.824081469594267,5.9,9.556263994849882,3.420081469594267,8.228081469594267,HIBRIDO_ANALOGO_CLIM,ANALOGO_DTW_HIBRIDO_CLIMATOLOGIA,30,10,0.2939781393849935,OK_ANALOGOS_CONTINUIDAD_CORREGIDA,1.1070436974578097,-1.1070436974578097,0.0,CORREGIDO_ANCLA_OBSERVADO
2026-10-10,CONTAMANA,2.0,2026-10-08,2026-11-05,30,28,5.816895586297209,4.5663497065232415,5.816895586297209,5.9,9.568533225619113,3.281395586297209,8.352395586297208,HIBRIDO_ANALOGO_CLIM,ANALOGO_DTW_HIBRIDO_CLIMATOLOGIA,30,10,0.2939781393849935,OK_ANALOGOS_CONTINUIDAD_CORREGIDA,1.1070436974578097,-1.1070436974578097,0.0,CORREGIDO_ANCLA_OBSERVADO
2026-10-10,CONTAMANA,2.0,2026-10-08,2026-11-06,30,29,5.794735749460272,4.534816077920145,5.794735749460272,5.9,9.574494764080653,3.202735749460272,8.38673574946027,HIBRIDO_ANALOGO_CLIM,ANALOGO_DTW_HIBRIDO_CLIMATOLOGIA,30,10,0.2939781393849935,OK_ANALOGOS_CONTINUIDAD_CORREGIDA,1.1070436974578097,-1.1070436974578097,0.0,CORREGIDO_ANCLA_OBSERVADO
2026-10-10,CONTAMANA,2.0,2026-10-08,2026-11-07,30,30,5.757431748630461,4.484692794762448,5.757431748630461,5.9,9.575648610234499,2.9784317486304612,8.536431748630461,HIBRIDO_ANALOGO_CLIM,ANALOGO_DTW_HIBRIDO_CLIMATOLOGIA,30,10,0.2939781393849935,OK_ANALOGOS_CONTINUIDAD_CORREGIDA,1.1070436974578097,-1.1070436974578097,0.0,CORREGIDO_ANCLA_OBSERVADO
2026-10-10,CONTAMANA,2.0,2026-10-08,2026-10-09,60,1,5.9,4.852589795721406,5.9,5.9,9.042230612835784,5.686000000000001,6.114,HIBRIDO_ANALOGO_CLIM,ANALOGO_DTW_HIBRIDO_CLIMATOLOGIA,30,10,0.2814250260270428,OK_ANALOGOS_CONTINUIDAD_CORREGIDA,1.147000156394986,-1.147000156394986,0.0,CORREGIDO_ANCLA_OBSERVADO
2026-10-10,CONTAMANA,2.0,2026-10-08,2026-10-10,60,2,6.008334362579797,4.994445868904723,6.008334362579797,5.9,9.049999843605015,5.577334362579797,6.439334362579796,HIBRIDO_ANALOGO_CLIM,ANALOGO_DTW_HIBRIDO_CLIMATOLOGIA,30,10,0.2814250260270428,OK_ANALOGOS_CONTINUIDAD_CORREGIDA,1.147000156394986,-1.147000156394986,0.0,CORREGIDO_ANCLA_OBSERVADO
2026-10-10,CONTAMANA,2.0,2026-10-08,2026-10-11,60,3,6.09457334294083,5.10944399656559,6.09457334294083,5.9,9.049961382066552,5.406073342940831,6.783073342940829,HIBRIDO_ANALOGO_CLIM,ANALOGO_DTW_HIBRIDO_CLIMATOLOGIA,30,10,0.2814250260270428,OK_ANALOGOS_CONTINUIDAD_CORREGIDA,1.147000156394986,-1.147000156394986,0.0,CORREGIDO_ANCLA_OBSERVADO
2026-10-10,CONTAMANA,2.0,2026-10-08,2026-10-12,60,4,6.145091275327528,5.169153803850417,6.145091275327528,5.9,9.072903689758858,5.251591275327528,7.038591275327528,HIBRIDO_ANALOGO_CLIM,ANALOGO_DTW_HIBRIDO_CLIMATOLOGIA,30,10,0.2814250260270428,OK_ANALOGOS_CONTINUIDAD_CORREGIDA,1.147000156394986,-1.147000156394986,0.0,CORREGIDO_ANCLA_OBSERVADO
2026-10-10,CONTAMANA,2.0,2026-10-08,2026-10-13,60,5,6.133763542103921,5.146787339039454,6.133763542103921,5.9,9.094692151297322,5.146263542103921,7.12126354210392,HIBRIDO_ANALOGO_CLIM,ANALOGO_DTW_HIBRIDO_CLIMATOLOGIA,30,10,0.2814250260270428,OK_ANALOGOS_CONTINUIDAD_CORREGIDA,1.147000156394986,-1.147000156394986,0.0,CORREGIDO_ANCLA_OBSERVADO
2026-10-10,CONTAMANA,2.0,2026-10-08,2026-10-14,60,6,6.10833303452886,5.10763640586245,6.10833303452886,5.9,9.11042292052809,4.99583303452886,7.2208330345288605,HIBRIDO_ANALOGO_CLIM,ANALOGO_DTW_HIBRIDO_CLIMATOLOGIA,30,10,0.2814250260270428,OK_ANALOGOS_CONTINUIDAD_CORREGIDA,1.147000156394986,-1.147000156394986,0.0,CORREGIDO_ANCLA_OBSERVADO
2026-10-10,CONTAMANA,2.0,2026-10-08,2026-10-15,60,7,6.105849864074809,5.103306281154484,6.105849864074809,5.9,9.113480612835783,4.952599864074809,7.259099864074809,HIBRIDO_ANALOGO_CLIM,ANALOGO_DTW_HIBRIDO_CLIMATOLOGIA,30,10,0.2814250260270428,OK_ANALOGOS_CONTINUIDAD_CORREGIDA,1.147000156394986,-1.147000156394986,0.0,CORREGIDO_ANCLA_OBSERVADO
2026-10-10,CONTAMANA,2.0,2026-10-08,2026-10-16,60,8,6.110921636100156,5.1051391566754605,6.110921636100156,5.9,9.128269074374243,4.819671636100156,7.402171636100155,HIBRIDO_ANALOGO_CLIM,ANALOGO_DTW_HIBRIDO_CLIMATOLOGIA,30,10,0.2814250260270428,OK_ANALOGOS_CONTINUIDAD_CORREGIDA,1.147000156394986,-1.147000156394986,0.0,CORREGIDO_ANCLA_OBSERVADO
2026-10-10,CONTAMANA,2.0,2026-10-08,2026-10-17,60,9,6.14798316534196,5.1434519648953,6.14798316534196,5.9,9.161576766681938,4.77848316534196,7.517483165341959,HIBRIDO_ANALOGO_CLIM,ANALOGO_DTW_HIBRIDO_CLIMATOLOGIA,30,10,0.2814250260270428,OK_ANALOGOS_CONTINUIDAD_CORREGIDA,1.147000156394986,-1.147000156394986,0.0,CORREGIDO_ANCLA_OBSERVADO
2026-10-10,CONTAMANA,2.0,2026-10-08,2026-10-18,60,10,6.154644871615173,5.1467316758236885,6.154644871615173,5.9,9.178384458989628,4.657644871615173,7.651644871615174,HIBRIDO_ANALOGO_CLIM,ANALOGO_DTW_HIBRIDO_CLIMATOLOGIA,30,10,0.2814250260270428,OK_ANALOGOS_CONTINUIDAD_CORREGIDA,1.147000156394986,-1.147000156394986,0.0,CORREGIDO_ANCLA_OBSERVADO
2026-10-10,CONTAMANA,2.0,2026-10-08,2026-10-19,60,11,6.14814897112289,5.1370704751673095,6.14814897112289,5.9,9.18138445898963,4.557898971122889,7.738398971122889,HIBRIDO_ANALOGO_CLIM,ANALOGO_DTW_HIBRIDO_CLIMATOLOGIA,30,10,0.2814250260270428,OK_ANALOGOS_CONTINUIDAD_CORREGIDA,1.147000156394986,-1.147000156394986,0.0,CORREGIDO_ANCLA_OBSERVADO
2026-10-10,CONTAMANA,2.0,2026-10-08,2026-10-20,60,12,6.139647609713734,5.122934044570487,6.139647609713734,5.9,9.189788305143477,4.466147609713734,7.813147609713733,HIBRIDO_ANALOGO_CLIM,ANALOGO_DTW_HIBRIDO_CLIMATOLOGIA,30,10,0.2814250260270428,OK_ANALOGOS_CONTINUIDAD_CORREGIDA,1.147000156394986,-1.147000156394986,0.0,CORREGIDO_ANCLA_OBSERVADO
2026-10-10,CONTAMANA,2.0,2026-10-08,2026-10-21,60,13,6.147696670297499,5.12841612534884,6.147696670297499,5.9,9.205538305143476,4.3809466702975,7.914446670297499,HIBRIDO_ANALOGO_CLIM,ANALOGO_DTW_HIBRIDO_CLIMATOLOGIA,30,10,0.2814250260270428,OK_ANALOGOS_CONTINUIDAD_CORREGIDA,1.147000156394986,-1.147000156394986,0.0,CORREGIDO_ANCLA_OBSERVADO
2026-10-10,CONTAMANA,2.0,2026-10-08,2026-10-22,60,14,6.156756427854823,5.130418879015016,6.156756427854823,5.9,9.235769074374245,4.291756427854824,8.021756427854823,HIBRIDO_ANALOGO_CLIM,ANALOGO_DTW_HIBRIDO_CLIMATOLOGIA,30,10,0.2814250260270428,OK_ANALOGOS_CONTINUIDAD_CORREGIDA,1.147000156394986,-1.147000156394986,0.0,CORREGIDO_ANCLA_OBSERVADO
2026-10-10,CONTAMANA,2.0,2026-10-08,2026-10-23,60,15,6.143754897310554,5.108878376750863,6.143754897310554,5.9,9.248384458989628,4.1542548973105555,8.133254897310552,HIBRIDO_ANALOGO_CLIM,ANALOGO_DTW_HIBRIDO_CLIMATOLOGIA,30,10,0.2814250260270428,OK_ANALOGOS_CONTINUIDAD_CORREGIDA,1.147000156394986,-1.147000156394986,0.0,CORREGIDO_ANCLA_OBSERVADO
2026-10-10,CONTAMANA,2.0,2026-10-08,2026-10-24,60,16,6.142656006450162,5.100618317142134,6.142656006450162,5.9,9.268769074374244,4.136156006450163,8.149156006450161,HIBRIDO_ANALOGO_CLIM,ANALOGO_DTW_HIBRIDO_CLIMATOLOGIA,30,10,0.2814250260270428,OK_ANALOGOS_CONTINUIDAD_CORREGIDA,1.147000156394986,-1.147000156394986,0.0,CORREGIDO_ANCLA_OBSERVADO
2026-10-10,CONTAMANA,2.0,2026-10-08,2026-10-25,60,17,6.143516568287012,5.097009322668191,6.143516568287012,5.9,9.283038305143474,4.111516568287013,8.175516568287012,HIBRIDO_ANALOGO_CLIM,ANALOGO_DTW_HIBRIDO_CLIMATOLOGIA,30,10,0.2814250260270428,OK_ANALOGOS_CONTINUIDAD_CORREGIDA,1.147000156394986,-1.147000156394986,0.0,CORREGIDO_ANCLA_OBSERVADO
2026-10-10,CONTAMANA,2.0,2026-10-08,2026-10-26,60,18,6.16797377387781,5.126567648071306,6.16797377387781,5.9,9.292192151297321,4.026223773877811,8.30972377387781,HIBRIDO_ANALOGO_CLIM,ANALOGO_DTW_HIBRIDO_CLIMATOLOGIA,30,10,0.2814250260270428,OK_ANALOGOS_CONTINUIDAD_CORREGIDA,1.147000156394986,-1.147000156394986,0.0,CORREGIDO_ANCLA_OBSERVADO
2026-10-10,CONTAMANA,2.0,2026-10-08,2026-10-27,60,19,6.206924847149073,5.17523318166376,6.206924847149073,5.9,9.301999843605014,3.9744248471490744,8.439424847149073,HIBRIDO_ANALOGO_CLIM,ANALOGO_DTW_HIBRIDO_CLIMATOLOGIA,30,10,0.2814250260270428,OK_ANALOGOS_CONTINUIDAD_CORREGIDA,1.147000156394986,-1.147000156394986,0.0,CORREGIDO_ANCLA_OBSERVADO
2026-10-10,CONTAMANA,2.0,2026-10-08,2026-10-28,60,20,6.208901994268095,5.17597194192502,6.208901994268095,5.9,9.307692151297323,3.945401994268096,8.472401994268095,HIBRIDO_ANALOGO_CLIM,ANALOGO_DTW_HIBRIDO_CLIMATOLOGIA,30,10,0.2814250260270428,OK_ANALOGOS_CONTINUIDAD_CORREGIDA,1.147000156394986,-1.147000156394986,0.0,CORREGIDO_ANCLA_OBSERVADO
2026-10-10,CONTAMANA,2.0,2026-10-08,2026-10-29,60,21,6.177156940788404,5.133401614208507,6.177156940788404,5.9,9.308422920528091,3.8841569407884036,8.470156940788403,HIBRIDO_ANALOGO_CLIM,ANALOGO_DTW_HIBRIDO_CLIMATOLOGIA,30,10,0.2814250260270428,OK_ANALOGOS_CONTINUIDAD_CORREGIDA,1.147000156394986,-1.147000156394986,0.0,CORREGIDO_ANCLA_OBSERVADO
2026-10-10,CONTAMANA,2.0,2026-10-08,2026-10-30,60,22,6.137632361923864,5.0776893552096345,6.137632361923864,5.9,9.317461382066552,3.7876323619238637,8.487632361923863,HIBRIDO_ANALOGO_CLIM,ANALOGO_DTW_HIBRIDO_CLIMATOLOGIA,30,10,0.2814250260270428,OK_ANALOGOS_CONTINUIDAD_CORREGIDA,1.147000156394986,-1.147000156394986,0.0,CORREGIDO_ANCLA_OBSERVADO
2026-10-10,CONTAMANA,2.0,2026-10-08,2026-10-31,60,23,6.0888650476512725,5.0046919105384875,6.0888650476512725,5.9,9.341384458989628,3.6788650476512723,8.498865047651273,HIBRIDO_ANALOGO_CLIM,ANALOGO_DTW_HIBRIDO_CLIMATOLOGIA,30,10,0.2814250260270428,OK_ANALOGOS_CONTINUIDAD_CORREGIDA,1.147000156394986,-1.147000156394986,0.0,CORREGIDO_ANCLA_OBSERVADO
2026-10-10,CONTAMANA,2.0,2026-10-08,2026-11-01,60,24,6.043437866983725,4.936724900417654,6.043437866983725,5.9,9.363576766681936,3.5874378669837244,8.499437866983724,HIBRIDO_ANALOGO_CLIM,ANALOGO_DTW_HIBRIDO_CLIMATOLOGIA,30,10,0.2814250260270428,OK_ANALOGOS_CONTINUIDAD_CORREGIDA,1.147000156394986,-1.147000156394986,0.0,CORREGIDO_ANCLA_OBSERVADO
2026-10-10,CONTAMANA,2.0,2026-10-08,2026-11-02,60,25,6.055042233628569,4.9230050815851385,6.055042233628569,5.9,9.451153689758861,3.51204223362857,8.598042233628568,HIBRIDO_ANALOGO_CLIM,ANALOGO_DTW_HIBRIDO_CLIMATOLOGIA,30,10,0.2814250260270428,OK_ANALOGOS_CONTINUIDAD_CORREGIDA,1.147000156394986,-1.147000156394986,0.0,CORREGIDO_ANCLA_OBSERVADO
2026-10-10,CONTAMANA,2.0,2026-10-08,2026-11-03,60,26,6.048283624434594,4.901493602659841,6.048283624434594,5.9,9.48865368975886,3.4067836244345946,8.689783624434595,HIBRIDO_ANALOGO_CLIM,ANALOGO_DTW_HIBRIDO_CLIMATOLOGIA,30,10,0.2814250260270428,OK_ANALOGOS_CONTINUIDAD_CORREGIDA,1.147000156394986,-1.147000156394986,0.0,CORREGIDO_ANCLA_OBSERVADO
2026-10-10,CONTAMANA,2.0,2026-10-08,2026-11-04,60,27,6.028960360122337,4.866511301525549,6.028960360122337,5.9,9.516307535912706,3.296460360122339,8.761460360122337,HIBRIDO_ANALOGO_CLIM,ANALOGO_DTW_HIBRIDO_CLIMATOLOGIA,30,10,0.2814250260270428,OK_ANALOGOS_CONTINUIDAD_CORREGIDA,1.147000156394986,-1.147000156394986,0.0,CORREGIDO_ANCLA_OBSERVADO
2026-10-10,CONTAMANA,2.0,2026-10-08,2026-11-05,60,28,6.038628347940925,4.875312208360587,6.038628347940925,5.9,9.528576766681937,3.1341283479409254,8.943128347940926,HIBRIDO_ANALOGO_CLIM,ANALOGO_DTW_HIBRIDO_CLIMATOLOGIA,30,10,0.2814250260270428,OK_ANALOGOS_CONTINUIDAD_CORREGIDA,1.147000156394986,-1.147000156394986,0.0,CORREGIDO_ANCLA_OBSERVADO
2026-10-10,CONTAMANA,2.0,2026-10-08,2026-11-06,60,29,6.029845710098592,4.861614845083631,6.029845710098592,5.9,9.534538305143476,2.9383457100985932,9.121345710098591,HIBRIDO_ANALOGO_CLIM,ANALOGO_DTW_HIBRIDO_CLIMATOLOGIA,30,10,0.2814250260270428,OK_ANALOGOS_CONTINUIDAD_CORREGIDA,1.147000156394986,-1.147000156394986,0.0,CORREGIDO_ANCLA_OBSERVADO
2026-10-10,CONTAMANA,2.0,2026-10-08,2026-11-07,60,30,6.005428121398539,4.828673444765613,6.005428121398539,5.9,9.535692151297322,2.7494281213985405,9.261428121398538,HIBRIDO_ANALOGO_CLIM,ANALOGO_DTW_HIBRIDO_CLIMATOLOGIA,30,10,0.2814250260270428,OK_ANALOGOS_CONTINUIDAD_CORREGIDA,1.147000156394986,-1.147000156394986,0.0,CORREGIDO_ANCLA_OBSERVADO
2026-10-10,CONTAMANA,2.0,2026-10-08,2026-11-08,60,31,5.98215115533673,4.746410428135244,5.98215115533673,5.9,9.529922920528092,2.7886511553367304,9.175651155336729,HIBRIDO_ANALOGO_CLIM,ANALOGO_DTW_HIBRIDO_CLIMATOLOGIA,30,10,0.2814250260270428,OK_ANALOGOS_CONTINUIDAD_CORREGIDA,1.147000156394986,-1.147000156394986,0.0,CORREGIDO_ANCLA_OBSERVADO
2026-10-10,CONTAMANA,2.0,2026-10-08,2026-11-09,60,32,5.972569024843725,4.6833284473920695,5.972569024843725,5.9,9.517980612835782,2.912069024843725,9.033069024843725,HIBRIDO_ANALOGO_CLIM,ANALOGO_DTW_HIBRIDO_CLIMATOLOGIA,30,10,0.2814250260270428,OK_ANALOGOS_CONTINUIDAD_CORREGIDA,1.147000156394986,-1.147000156394986,0.0,CORREGIDO_ANCLA_OBSERVADO
2026-10-10,CONTAMANA,2.0,2026-10-08,2026-11-10,60,33,5.995140363735242,4.667636635296575,5.995140363735242,5.9,9.49492292052809,2.8836403637352435,9.106640363735242,HIBRIDO_ANALOGO_CLIM,ANALOGO_DTW_HIBRIDO_CLIMATOLOGIA,30,10,0.2814250260270428,OK_ANALOGOS_CONTINUIDAD_CORREGIDA,1.147000156394986,-1.147000156394986,0.0,CORREGIDO_ANCLA_OBSERVADO
2026-10-10,CONTAMANA,2.0,2026-10-08,2026-11-11,60,34,6.032882859041936,4.6735208669338135,6.032882859041936,5.9,9.471269074374245,2.730382859041937,9.335382859041937,HIBRIDO_ANALOGO_CLIM,ANALOGO_DTW_HIBRIDO_CLIMATOLOGIA,30,10,0.2814250260270428,OK_ANALOGOS_CONTINUIDAD_CORREGIDA,1.147000156394986,-1.147000156394986,0.0,CORREGIDO_ANCLA_OBSERVADO
2026-10-10,CONTAMANA,2.0,2026-10-08,2026-11-12,60,35,6.087224540449133,4.703455071728839,6.087224540449133,5.9,9.447807535912705,2.702724540449134,9.471724540449133,HIBRIDO_ANALOGO_CLIM,ANALOGO_DTW_HIBRIDO_CLIMATOLOGIA,30,10,0.2814250260270428,OK_ANALOGOS_CONTINUIDAD_CORREGIDA,1.147000156394986,-1.147000156394986,0.0,CORREGIDO_ANCLA_OBSERVADO
2026-10-10,CONTAMANA,2.0,2026-10-08,2026-11-13,60,36,6.136181399113997,4.7236218459804835,6.136181399113997,5.9,9.43215368975886,2.6956813991139974,9.576681399113996,HIBRIDO_ANALOGO_CLIM,ANALOGO_DTW_HIBRIDO_CLIMATOLOGIA,30,10,0.2814250260270428,OK_ANALOGOS_CONTINUIDAD_CORREGIDA,1.147000156394986,-1.147000156394986,0.0,CORREGIDO_ANCLA_OBSERVADO
2026-10-10,CONTAMANA,2.0,2026-10-08,2026-11-14,60,37,6.179033405042945,4.733065048278945,6.179033405042945,5.9,9.422692151297323,2.790033405042946,9.568033405042945,HIBRIDO_ANALOGO_CLIM,ANALOGO_DTW_HIBRIDO_CLIMATOLOGIA,30,10,0.2814250260270428,OK_ANALOGOS_CONTINUIDAD_CORREGIDA,1.147000156394986,-1.147000156394986,0.0,CORREGIDO_ANCLA_OBSERVADO
2026-10-10,CONTAMANA,2.0,2026-10-08,2026-11-15,60,38,6.209635732620587,4.716558930719737,6.209635732620587,5.9,9.431538305143475,2.7251357326205876,9.694135732620586,HIBRIDO_ANALOGO_CLIM,ANALOGO_DTW_HIBRIDO_CLIMATOLOGIA,30,10,0.2814250260270428,OK_ANALOGOS_CONTINUIDAD_CORREGIDA,1.147000156394986,-1.147000156394986,0.0,CORREGIDO_ANCLA_OBSERVADO
2026-10-10,CONTAMANA,2.0,2026-10-08,2026-11-16,60,39,6.274018803474849,4.718024228597362,6.274018803474849,5.9,9.505699843605013,2.5980188034748504,9.95001880347485,HIBRIDO_ANALOGO_CLIM,ANALOGO_DTW_HIBRIDO_CLIMATOLOGIA,30,10,0.2814250260270428,OK_ANALOGOS_CONTINUIDAD_CORREGIDA,1.147000156394986,-1.147000156394986,0.0,CORREGIDO_ANCLA_OBSERVADO
2026-10-10,CONTAMANA,2.0,2026-10-08,2026-11-17,60,40,6.255738866322529,4.700916069988979,6.255738866322529,5.9,9.36538445898963,2.3427388663225295,10.16873886632253,HIBRIDO_ANALOGO_CLIM,ANALOGO_DTW_HIBRIDO_CLIMATOLOGIA,30,10,0.2814250260270428,OK_ANALOGOS_CONTINUIDAD_CORREGIDA,1.147000156394986,-1.147000156394986,0.0,CORREGIDO_ANCLA_OBSERVADO
2026-10-10,CONTAMANA,2.0,2026-10-08,2026-11-18,60,41,6.341121922255956,4.686549836492521,6.341121922255956,5.9,9.529199843605014,2.2211219222559566,10.461121922255955,HIBRIDO_ANALOGO_CLIM,ANALOGO_DTW_HIBRIDO_CLIMATOLOGIA,30,10,0.2814250260270428,OK_ANALOGOS_CONTINUIDAD_CORREGIDA,1.147000156394986,-1.147000156394986,0.0,CORREGIDO_ANCLA_OBSERVADO
2026-10-10,CONTAMANA,2.0,2026-10-08,2026-11-19,60,42,6.498651389147884,4.901946008345525,6.498651389147884,5.9,9.463961382066552,2.0961513891478845,10.901151389147882,HIBRIDO_ANALOGO_CLIM,ANALOGO_DTW_HIBRIDO_CLIMATOLOGIA,30,10,0.2814250260270428,OK_ANALOGOS_CONTINUIDAD_CORREGIDA,1.147000156394986,-1.147000156394986,0.0,CORREGIDO_ANCLA_OBSERVADO
2026-10-10,CONTAMANA,2.0,2026-10-08,2026-11-20,60,43,6.573874543047758,4.973676198380917,6.573874543047758,5.9,9.439345997451168,1.998374543047758,11.149374543047758,HIBRIDO_ANALOGO_CLIM,ANALOGO_DTW_HIBRIDO_CLIMATOLOGIA,30,10,0.2814250260270428,OK_ANALOGOS_CONTINUIDAD_CORREGIDA,1.147000156394986,-1.147000156394986,0.0,CORREGIDO_ANCLA_OBSERVADO
2026-10-10,CONTAMANA,2.0,2026-10-08,2026-11-21,60,44,6.618210035981962,4.968493831568616,6.618210035981962,5.9,9.467719843605014,1.9587100359819627,11.277710035981961,HIBRIDO_ANALOGO_CLIM,ANALOGO_DTW_HIBRIDO_CLIMATOLOGIA,30,10,0.2814250260270428,OK_ANALOGOS_CONTINUIDAD_CORREGIDA,1.147000156394986,-1.147000156394986,0.0,CORREGIDO_ANCLA_OBSERVADO
2026-10-10,CONTAMANA,2.0,2026-10-08,2026-11-22,60,45,6.644385329165381,4.968144620501602,6.644385329165381,5.9,9.438119843605014,1.8778853291653812,11.41088532916538,HIBRIDO_ANALOGO_CLIM,ANALOGO_DTW_HIBRIDO_CLIMATOLOGIA,30,10,0.2814250260270428,OK_ANALOGOS_CONTINUIDAD_CORREGIDA,1.147000156394986,-1.147000156394986,0.0,CORREGIDO_ANCLA_OBSERVADO
2026-10-10,CONTAMANA,2.0,2026-10-08,2026-11-23,60,46,6.668026509068163,4.962860382193904,6.668026509068163,5.9,9.411119843605013,1.7695265090681644,11.566526509068163,HIBRIDO_ANALOGO_CLIM,ANALOGO_DTW_HIBRIDO_CLIMATOLOGIA,30,10,0.2814250260270428,OK_ANALOGOS_CONTINUIDAD_CORREGIDA,1.147000156394986,-1.147000156394986,0.0,CORREGIDO_ANCLA_OBSERVADO
2026-10-10,CONTAMANA,2.0,2026-10-08,2026-11-24,60,47,6.698080327785065,4.970103105270852,6.698080327785065,5.9,9.381959843605014,1.7465803277850656,11.649580327785065,HIBRIDO_ANALOGO_CLIM,ANALOGO_DTW_HIBRIDO_CLIMATOLOGIA,30,10,0.2814250260270428,OK_ANALOGOS_CONTINUIDAD_CORREGIDA,1.147000156394986,-1.147000156394986,0.0,CORREGIDO_ANCLA_OBSERVADO
2026-10-10,CONTAMANA,2.0,2026-10-08,2026-11-25,60,48,6.724877819133535,4.982289802819216,6.724877819133535,5.9,9.338759843605015,1.8348778191335362,11.614877819133534,HIBRIDO_ANALOGO_CLIM,ANALOGO_DTW_HIBRIDO_CLIMATOLOGIA,30,10,0.2814250260270428,OK_ANALOGOS_CONTINUIDAD_CORREGIDA,1.147000156394986,-1.147000156394986,0.0,CORREGIDO_ANCLA_OBSERVADO
2026-10-10,CONTAMANA,2.0,2026-10-08,2026-11-26,60,49,6.748116689586153,4.988752259347786,6.748116689586153,5.9,9.297399843605014,1.9481166895861528,11.548116689586154,HIBRIDO_ANALOGO_CLIM,ANALOGO_DTW_HIBRIDO_CLIMATOLOGIA,30,10,0.2814250260270428,OK_ANALOGOS_CONTINUIDAD_CORREGIDA,1.147000156394986,-1.147000156394986,0.0,CORREGIDO_ANCLA_OBSERVADO
2026-10-10,CONTAMANA,2.0,2026-10-08,2026-11-27,60,50,6.748883740284,4.965800809340417,6.748883740284,5.9,9.245199843605015,2.048383740283999,11.449383740284,HIBRIDO_ANALOGO_CLIM,ANALOGO_DTW_HIBRIDO_CLIMATOLOGIA,30,10,0.2814250260270428,OK_ANALOGOS_CONTINUIDAD_CORREGIDA,1.147000156394986,-1.147000156394986,0.0,CORREGIDO_ANCLA_OBSERVADO
2026-10-10,CONTAMANA,2.0,2026-10-08,2026-11-28,60,51,6.734269575197696,4.915616768114025,6.734269575197696,5.9,9.194799843605015,2.0802695751976965,11.388269575197695,HIBRIDO_ANALOGO_CLIM,ANALOGO_DTW_HIBRIDO_CLIMATOLOGIA,30,10,0.2814250260270428,OK_ANALOGOS_CONTINUIDAD_CORREGIDA,1.147000156394986,-1.147000156394986,0.0,CORREGIDO_ANCLA_OBSERVADO
2026-10-10,CONTAMANA,2.0,2026-10-08,2026-11-29,60,52,6.706089861184262,4.82140340403898,6.706089861184262,5.9,9.170679843605015,1.9795898611842633,11.432589861184262,HIBRIDO_ANALOGO_CLIM,ANALOGO_DTW_HIBRIDO_CLIMATOLOGIA,30,10,0.2814250260270428,OK_ANALOGOS_CONTINUIDAD_CORREGIDA,1.147000156394986,-1.147000156394986,0.0,CORREGIDO_ANCLA_OBSERVADO
2026-10-10,CONTAMANA,2.0,2026-10-08,2026-11-30,60,53,6.680601325331983,4.720013840727945,6.680601325331983,5.9,9.159079843605014,1.8356013253319832,11.525601325331984,HIBRIDO_ANALOGO_CLIM,ANALOGO_DTW_HIBRIDO_CLIMATOLOGIA,30,10,0.2814250260270428,OK_ANALOGOS_CONTINUIDAD_CORREGIDA,1.147000156394986,-1.147000156394986,0.0,CORREGIDO_ANCLA_OBSERVADO
2026-10-10,CONTAMANA,2.0,2026-10-08,2026-12-01,60,54,6.652204573556083,4.617979352606958,6.652204573556083,5.9,9.138479843605014,1.6842045735560842,11.620204573556082,HIBRIDO_ANALOGO_CLIM,ANALOGO_DTW_HIBRIDO_CLIMATOLOGIA,30,10,0.2814250260270428,OK_ANALOGOS_CONTINUIDAD_CORREGIDA,1.147000156394986,-1.147000156394986,0.0,CORREGIDO_ANCLA_OBSERVADO
2026-10-10,CONTAMANA,2.0,2026-10-08,2026-12-02,60,55,6.637588794108473,4.530859444534477,6.637588794108473,5.9,9.127359843605014,1.514588794108474,11.760588794108473,HIBRIDO_ANALOGO_CLIM,ANALOGO_DTW_HIBRIDO_CLIMATOLOGIA,30,10,0.2814250260270428,OK_ANALOGOS_CONTINUIDAD_CORREGIDA,1.147000156394986,-1.147000156394986,0.0,CORREGIDO_ANCLA_OBSERVADO
2026-10-10,CONTAMANA,2.0,2026-10-08,2026-12-03,60,56,6.59180714464746,4.519840456136524,6.59180714464746,5.9,8.959769074374245,1.3643071446474604,11.819307144647459,HIBRIDO_ANALOGO_CLIM,ANALOGO_DTW_HIBRIDO_CLIMATOLOGIA,30,10,0.2814250260270428,OK_ANALOGOS_CONTINUIDAD_CORREGIDA,1.147000156394986,-1.147000156394986,0.0,CORREGIDO_ANCLA_OBSERVADO
2026-10-10,CONTAMANA,2.0,2026-10-08,2026-12-04,60,57,6.706889596441609,4.683429043147247,6.706889596441609,5.9,8.943345997451168,0.7998895964416093,12.61388959644161,HIBRIDO_ANALOGO_CLIM,ANALOGO_DTW_HIBRIDO_CLIMATOLOGIA,30,10,0.2814250260270428,OK_ANALOGOS_CONTINUIDAD_CORREGIDA,1.147000156394986,-1.147000156394986,0.0,CORREGIDO_ANCLA_OBSERVADO
2026-10-10,CONTAMANA,2.0,2026-10-08,2026-12-05,60,58,6.725954632044324,4.705698937854794,6.725954632044324,5.9,8.885538305143475,0.808954632044325,12.642954632044324,HIBRIDO_ANALOGO_CLIM,ANALOGO_DTW_HIBRIDO_CLIMATOLOGIA,30,10,0.2814250260270428,OK_ANALOGOS_CONTINUIDAD_CORREGIDA,1.147000156394986,-1.147000156394986,0.0,CORREGIDO_ANCLA_OBSERVADO
2026-10-10,CONTAMANA,2.0,2026-10-08,2026-12-06,60,59,6.730617458317962,4.714910283645619,6.730617458317962,5.9,8.81465368975886,0.880117458317963,12.58111745831796,HIBRIDO_ANALOGO_CLIM,ANALOGO_DTW_HIBRIDO_CLIMATOLOGIA,30,10,0.2814250260270428,OK_ANALOGOS_CONTINUIDAD_CORREGIDA,1.147000156394986,-1.147000156394986,0.0,CORREGIDO_ANCLA_OBSERVADO
2026-10-10,CONTAMANA,2.0,2026-10-08,2026-12-07,60,60,6.748284821816422,4.739300569258598,6.748284821816422,5.9,8.757269074374246,0.9192848218164231,12.577284821816422,HIBRIDO_ANALOGO_CLIM,ANALOGO_DTW_HIBRIDO_CLIMATOLOGIA,30,10,0.2814250260270428,OK_ANALOGOS_CONTINUIDAD_CORREGIDA,1.147000156394986,-1.147000156394986,0.0,CORREGIDO_ANCLA_OBSERVADO
2026-10-10,CONTAMANA,2.0,2026-10-08,2026-10-09,90,1,5.9,4.84781050388151,5.9,5.9,9.056568488355476,5.594499999999999,6.205500000000001,HIBRIDO_ANALOGO_CLIM,ANALOGO_DTW_HIBRIDO_CLIMATOLOGIA,30,10,0.26171173078338916,OK_ANALOGOS_CONTINUIDAD_CORREGIDA,1.1326622808752944,-1.1326622808752944,0.0,CORREGIDO_ANCLA_OBSERVADO
2026-10-10,CONTAMANA,2.0,2026-10-08,2026-10-10,90,2,6.083979521941066,5.090526789546519,6.083979521941066,5.9,9.064337719124707,5.425979521941066,6.741979521941066,HIBRIDO_ANALOGO_CLIM,ANALOGO_DTW_HIBRIDO_CLIMATOLOGIA,30,10,0.26171173078338916,OK_ANALOGOS_CONTINUIDAD_CORREGIDA,1.1326622808752944,-1.1326622808752944,0.0,CORREGIDO_ANCLA_OBSERVADO
2026-10-10,CONTAMANA,2.0,2026-10-08,2026-10-11,90,3,6.071775545663561,5.074267641689334,6.071775545663561,5.9,9.064299257586244,5.291675545663561,6.851875545663562,HIBRIDO_ANALOGO_CLIM,ANALOGO_DTW_HIBRIDO_CLIMATOLOGIA,30,10,0.26171173078338916,OK_ANALOGOS_CONTINUIDAD_CORREGIDA,1.1326622808752944,-1.1326622808752944,0.0,CORREGIDO_ANCLA_OBSERVADO
2026-10-10,CONTAMANA,2.0,2026-10-08,2026-10-12,90,4,6.088197015855878,5.0885154993816535,6.088197015855878,5.9,9.08724156527855,5.332547015855878,6.843847015855877,HIBRIDO_ANALOGO_CLIM,ANALOGO_DTW_HIBRIDO_CLIMATOLOGIA,30,10,0.26171173078338916,OK_ANALOGOS_CONTINUIDAD_CORREGIDA,1.1326622808752944,-1.1326622808752944,0.0,CORREGIDO_ANCLA_OBSERVADO
2026-10-10,CONTAMANA,2.0,2026-10-08,2026-10-13,90,5,6.108372514528007,5.108153343765005,6.108372514528007,5.9,9.109030026817013,5.535122514528006,6.681622514528007,HIBRIDO_ANALOGO_CLIM,ANALOGO_DTW_HIBRIDO_CLIMATOLOGIA,30,10,0.26171173078338916,OK_ANALOGOS_CONTINUIDAD_CORREGIDA,1.1326622808752944,-1.1326622808752944,0.0,CORREGIDO_ANCLA_OBSERVADO
2026-10-10,CONTAMANA,2.0,2026-10-08,2026-10-14,90,6,6.124797618260718,5.124809892331697,6.124797618260718,5.9,9.124760796047783,5.601297618260718,6.6482976182607185,HIBRIDO_ANALOGO_CLIM,ANALOGO_DTW_HIBRIDO_CLIMATOLOGIA,30,10,0.26171173078338916,OK_ANALOGOS_CONTINUIDAD_CORREGIDA,1.1326622808752944,-1.1326622808752944,0.0,CORREGIDO_ANCLA_OBSERVADO
2026-10-10,CONTAMANA,2.0,2026-10-08,2026-10-15,90,7,6.136309675066041,5.1391400706362305,6.136309675066041,5.9,9.127818488355475,5.582309675066042,6.690309675066041,HIBRIDO_ANALOGO_CLIM,ANALOGO_DTW_HIBRIDO_CLIMATOLOGIA,30,10,0.26171173078338916,OK_ANALOGOS_CONTINUIDAD_CORREGIDA,1.1326622808752944,-1.1326622808752944,0.0,CORREGIDO_ANCLA_OBSERVADO
2026-10-10,CONTAMANA,2.0,2026-10-08,2026-10-16,90,8,6.187408356773307,5.202342159066432,6.187408356773307,5.9,9.142606949893935,5.511808356773307,6.863008356773308,HIBRIDO_ANALOGO_CLIM,ANALOGO_DTW_HIBRIDO_CLIMATOLOGIA,30,10,0.26171173078338916,OK_ANALOGOS_CONTINUIDAD_CORREGIDA,1.1326622808752944,-1.1326622808752944,0.0,CORREGIDO_ANCLA_OBSERVADO
2026-10-10,CONTAMANA,2.0,2026-10-08,2026-10-17,90,9,6.250873658279754,5.275859996972462,6.250873658279754,5.9,9.17591464220163,5.396873658279755,7.104873658279754,HIBRIDO_ANALOGO_CLIM,ANALOGO_DTW_HIBRIDO_CLIMATOLOGIA,30,10,0.26171173078338916,OK_ANALOGOS_CONTINUIDAD_CORREGIDA,1.1326622808752944,-1.1326622808752944,0.0,CORREGIDO_ANCLA_OBSERVADO
2026-10-10,CONTAMANA,2.0,2026-10-08,2026-10-18,90,10,6.258366954804409,5.280248494902772,6.258366954804409,5.9,9.19272233450932,5.232866954804409,7.2838669548044095,HIBRIDO_ANALOGO_CLIM,ANALOGO_DTW_HIBRIDO_CLIMATOLOGIA,30,10,0.26171173078338916,OK_ANALOGOS_CONTINUIDAD_CORREGIDA,1.1326622808752944,-1.1326622808752944,0.0,CORREGIDO_ANCLA_OBSERVADO
2026-10-10,CONTAMANA,2.0,2026-10-08,2026-10-19,90,11,6.287962716583003,5.3187095106075635,6.287962716583003,5.9,9.195722334509322,5.131712716583003,7.444212716583003,HIBRIDO_ANALOGO_CLIM,ANALOGO_DTW_HIBRIDO_CLIMATOLOGIA,30,10,0.26171173078338916,OK_ANALOGOS_CONTINUIDAD_CORREGIDA,1.1326622808752944,-1.1326622808752944,0.0,CORREGIDO_ANCLA_OBSERVADO
2026-10-10,CONTAMANA,2.0,2026-10-08,2026-10-20,90,12,6.30552546360977,5.339325224591972,6.30552546360977,5.9,9.204126180663168,5.074375463609771,7.53667546360977,HIBRIDO_ANALOGO_CLIM,ANALOGO_DTW_HIBRIDO_CLIMATOLOGIA,30,10,0.26171173078338916,OK_ANALOGOS_CONTINUIDAD_CORREGIDA,1.1326622808752944,-1.1326622808752944,0.0,CORREGIDO_ANCLA_OBSERVADO
2026-10-10,CONTAMANA,2.0,2026-10-08,2026-10-21,90,13,6.317798287897762,5.350438990309294,6.317798287897762,5.9,9.219876180663167,5.0078982878977625,7.627698287897761,HIBRIDO_ANALOGO_CLIM,ANALOGO_DTW_HIBRIDO_CLIMATOLOGIA,30,10,0.26171173078338916,OK_ANALOGOS_CONTINUIDAD_CORREGIDA,1.1326622808752944,-1.1326622808752944,0.0,CORREGIDO_ANCLA_OBSERVADO
2026-10-10,CONTAMANA,2.0,2026-10-08,2026-10-22,90,14,6.351567832790347,5.385388127089151,6.351567832790347,5.9,9.250106949893937,4.985067832790348,7.7180678327903465,HIBRIDO_ANALOGO_CLIM,ANALOGO_DTW_HIBRIDO_CLIMATOLOGIA,30,10,0.26171173078338916,OK_ANALOGOS_CONTINUIDAD_CORREGIDA,1.1326622808752944,-1.1326622808752944,0.0,CORREGIDO_ANCLA_OBSERVADO
2026-10-10,CONTAMANA,2.0,2026-10-08,2026-10-23,90,15,6.373797605254108,5.41082269550237,6.373797605254108,5.9,9.26272233450932,4.956547605254109,7.791047605254107,HIBRIDO_ANALOGO_CLIM,ANALOGO_DTW_HIBRIDO_CLIMATOLOGIA,30,10,0.26171173078338916,OK_ANALOGOS_CONTINUIDAD_CORREGIDA,1.1326622808752944,-1.1326622808752944,0.0,CORREGIDO_ANCLA_OBSERVADO
2026-10-10,CONTAMANA,2.0,2026-10-08,2026-10-24,90,16,6.4000680987701735,5.439055148395586,6.4000680987701735,5.9,9.283106949893936,4.924318098770174,7.875818098770173,HIBRIDO_ANALOGO_CLIM,ANALOGO_DTW_HIBRIDO_CLIMATOLOGIA,30,10,0.26171173078338916,OK_ANALOGOS_CONTINUIDAD_CORREGIDA,1.1326622808752944,-1.1326622808752944,0.0,CORREGIDO_ANCLA_OBSERVADO
2026-10-10,CONTAMANA,2.0,2026-10-08,2026-10-25,90,17,6.413103577606666,5.451679376587832,6.413103577606666,5.9,9.297376180663166,4.936003577606666,7.890203577606666,HIBRIDO_ANALOGO_CLIM,ANALOGO_DTW_HIBRIDO_CLIMATOLOGIA,30,10,0.26171173078338916,OK_ANALOGOS_CONTINUIDAD_CORREGIDA,1.1326622808752944,-1.1326622808752944,0.0,CORREGIDO_ANCLA_OBSERVADO
2026-10-10,CONTAMANA,2.0,2026-10-08,2026-10-26,90,18,6.413604260112468,5.449295671210952,6.413604260112468,5.9,9.306530026817013,4.9892292601124675,7.837979260112467,HIBRIDO_ANALOGO_CLIM,ANALOGO_DTW_HIBRIDO_CLIMATOLOGIA,30,10,0.26171173078338916,OK_ANALOGOS_CONTINUIDAD_CORREGIDA,1.1326622808752944,-1.1326622808752944,0.0,CORREGIDO_ANCLA_OBSERVADO
2026-10-10,CONTAMANA,2.0,2026-10-08,2026-10-27,90,19,6.406238321111701,5.436205188440699,6.406238321111701,5.9,9.316337719124705,5.116238321111701,7.6962383211117,HIBRIDO_ANALOGO_CLIM,ANALOGO_DTW_HIBRIDO_CLIMATOLOGIA,30,10,0.26171173078338916,OK_ANALOGOS_CONTINUIDAD_CORREGIDA,1.1326622808752944,-1.1326622808752944,0.0,CORREGIDO_ANCLA_OBSERVADO
2026-10-10,CONTAMANA,2.0,2026-10-08,2026-10-28,90,20,6.430193411105635,5.466247872535176,6.430193411105635,5.9,9.322030026817014,5.185943411105635,7.674443411105635,HIBRIDO_ANALOGO_CLIM,ANALOGO_DTW_HIBRIDO_CLIMATOLOGIA,30,10,0.26171173078338916,OK_ANALOGOS_CONTINUIDAD_CORREGIDA,1.1326622808752944,-1.1326622808752944,0.0,CORREGIDO_ANCLA_OBSERVADO
2026-10-10,CONTAMANA,2.0,2026-10-08,2026-10-29,90,21,6.4499445645425695,5.492339154040833,6.4499445645425695,5.9,9.322760796047783,5.15444456454257,7.74544456454257,HIBRIDO_ANALOGO_CLIM,ANALOGO_DTW_HIBRIDO_CLIMATOLOGIA,30,10,0.26171173078338916,OK_ANALOGOS_CONTINUIDAD_CORREGIDA,1.1326622808752944,-1.1326622808752944,0.0,CORREGIDO_ANCLA_OBSERVADO
2026-10-10,CONTAMANA,2.0,2026-10-08,2026-10-30,90,22,6.47951714786286,5.528756444621733,6.47951714786286,5.9,9.331799257586244,5.14951714786286,7.809517147862859,HIBRIDO_ANALOGO_CLIM,ANALOGO_DTW_HIBRIDO_CLIMATOLOGIA,30,10,0.26171173078338916,OK_ANALOGOS_CONTINUIDAD_CORREGIDA,1.1326622808752944,-1.1326622808752944,0.0,CORREGIDO_ANCLA_OBSERVADO
2026-10-10,CONTAMANA,2.0,2026-10-08,2026-10-31,90,23,6.506706917878552,5.5570351123349635,6.506706917878552,5.9,9.35572233450932,5.044831917878552,7.968581917878552,HIBRIDO_ANALOGO_CLIM,ANALOGO_DTW_HIBRIDO_CLIMATOLOGIA,30,10,0.26171173078338916,OK_ANALOGOS_CONTINUIDAD_CORREGIDA,1.1326622808752944,-1.1326622808752944,0.0,CORREGIDO_ANCLA_OBSERVADO
2026-10-10,CONTAMANA,2.0,2026-10-08,2026-11-01,90,24,6.530437792650213,5.581278842799741,6.530437792650213,5.9,9.377914642201628,4.913687792650213,8.147187792650213,HIBRIDO_ANALOGO_CLIM,ANALOGO_DTW_HIBRIDO_CLIMATOLOGIA,30,10,0.26171173078338916,OK_ANALOGOS_CONTINUIDAD_CORREGIDA,1.1326622808752944,-1.1326622808752944,0.0,CORREGIDO_ANCLA_OBSERVADO
2026-10-10,CONTAMANA,2.0,2026-10-08,2026-11-02,90,25,6.555102565403775,5.58497289877885,6.555102565403775,5.9,9.465491565278553,4.882352565403775,8.227852565403776,HIBRIDO_ANALOGO_CLIM,ANALOGO_DTW_HIBRIDO_CLIMATOLOGIA,30,10,0.26171173078338916,OK_ANALOGOS_CONTINUIDAD_CORREGIDA,1.1326622808752944,-1.1326622808752944,0.0,CORREGIDO_ANCLA_OBSERVADO
2026-10-10,CONTAMANA,2.0,2026-10-08,2026-11-03,90,26,6.534871499139628,5.545498143759987,6.534871499139628,5.9,9.50299156527855,4.896621499139628,8.17312149913963,HIBRIDO_ANALOGO_CLIM,ANALOGO_DTW_HIBRIDO_CLIMATOLOGIA,30,10,0.26171173078338916,OK_ANALOGOS_CONTINUIDAD_CORREGIDA,1.1326622808752944,-1.1326622808752944,0.0,CORREGIDO_ANCLA_OBSERVADO
2026-10-10,CONTAMANA,2.0,2026-10-08,2026-11-04,90,27,6.512376014995807,5.50628621618361,6.512376014995807,5.9,9.530645411432397,4.9241260149958075,8.100626014995807,HIBRIDO_ANALOGO_CLIM,ANALOGO_DTW_HIBRIDO_CLIMATOLOGIA,30,10,0.26171173078338916,OK_ANALOGOS_CONTINUIDAD_CORREGIDA,1.1326622808752944,-1.1326622808752944,0.0,CORREGIDO_ANCLA_OBSERVADO
2026-10-10,CONTAMANA,2.0,2026-10-08,2026-11-05,90,28,6.526209966245993,5.520641740927449,6.526209966245993,5.9,9.542914642201628,4.959459966245993,8.092959966245994,HIBRIDO_ANALOGO_CLIM,ANALOGO_DTW_HIBRIDO_CLIMATOLOGIA,30,10,0.26171173078338916,OK_ANALOGOS_CONTINUIDAD_CORREGIDA,1.1326622808752944,-1.1326622808752944,0.0,CORREGIDO_ANCLA_OBSERVADO
2026-10-10,CONTAMANA,2.0,2026-10-08,2026-11-06,90,29,6.569992907587738,5.577031816562595,6.569992907587738,5.9,9.548876180663168,4.972242907587738,8.167742907587737,HIBRIDO_ANALOGO_CLIM,ANALOGO_DTW_HIBRIDO_CLIMATOLOGIA,30,10,0.26171173078338916,OK_ANALOGOS_CONTINUIDAD_CORREGIDA,1.1326622808752944,-1.1326622808752944,0.0,CORREGIDO_ANCLA_OBSERVADO
2026-10-10,CONTAMANA,2.0,2026-10-08,2026-11-07,90,30,6.609202049899617,5.628926057593818,6.609202049899617,5.9,9.550030026817014,5.015452049899617,8.202952049899617,HIBRIDO_ANALOGO_CLIM,ANALOGO_DTW_HIBRIDO_CLIMATOLOGIA,30,10,0.26171173078338916,OK_ANALOGOS_CONTINUIDAD_CORREGIDA,1.1326622808752944,-1.1326622808752944,0.0,CORREGIDO_ANCLA_OBSERVADO
2026-10-10,CONTAMANA,2.0,2026-10-08,2026-11-08,90,31,6.64434385568814,5.634260427023545,6.64434385568814,5.9,9.544260796047784,5.04509385568814,8.24359385568814,HIBRIDO_ANALOGO_CLIM,ANALOGO_DTW_HIBRIDO_CLIMATOLOGIA,30,10,0.26171173078338916,OK_ANALOGOS_CONTINUIDAD_CORREGIDA,1.1326622808752944,-1.1326622808752944,0.0,CORREGIDO_ANCLA_OBSERVADO
2026-10-10,CONTAMANA,2.0,2026-10-08,2026-11-09,90,32,6.655513975562984,5.609403243638442,6.655513975562984,5.9,9.532318488355473,4.999763975562984,8.311263975562984,HIBRIDO_ANALOGO_CLIM,ANALOGO_DTW_HIBRIDO_CLIMATOLOGIA,30,10,0.26171173078338916,OK_ANALOGOS_CONTINUIDAD_CORREGIDA,1.1326622808752944,-1.1326622808752944,0.0,CORREGIDO_ANCLA_OBSERVADO
2026-10-10,CONTAMANA,2.0,2026-10-08,2026-11-10,90,33,6.687026939078935,5.616524441607992,6.687026939078935,5.9,9.509260796047782,4.890776939078935,8.483276939078934,HIBRIDO_ANALOGO_CLIM,ANALOGO_DTW_HIBRIDO_CLIMATOLOGIA,30,10,0.26171173078338916,OK_ANALOGOS_CONTINUIDAD_CORREGIDA,1.1326622808752944,-1.1326622808752944,0.0,CORREGIDO_ANCLA_OBSERVADO
2026-10-10,CONTAMANA,2.0,2026-10-08,2026-11-11,90,34,6.748974878933365,5.667050571809417,6.748974878933365,5.9,9.485606949893937,4.848474878933366,8.649474878933365,HIBRIDO_ANALOGO_CLIM,ANALOGO_DTW_HIBRIDO_CLIMATOLOGIA,30,10,0.26171173078338916,OK_ANALOGOS_CONTINUIDAD_CORREGIDA,1.1326622808752944,-1.1326622808752944,0.0,CORREGIDO_ANCLA_OBSERVADO
2026-10-10,CONTAMANA,2.0,2026-10-08,2026-11-12,90,35,6.808562722630887,5.71591102724203,6.808562722630887,5.9,9.462145411432397,4.740062722630888,8.877062722630887,HIBRIDO_ANALOGO_CLIM,ANALOGO_DTW_HIBRIDO_CLIMATOLOGIA,30,10,0.26171173078338916,OK_ANALOGOS_CONTINUIDAD_CORREGIDA,1.1326622808752944,-1.1326622808752944,0.0,CORREGIDO_ANCLA_OBSERVADO
2026-10-10,CONTAMANA,2.0,2026-10-08,2026-11-13,90,36,6.864269080766313,5.757602301689639,6.864269080766313,5.9,9.446491565278551,4.634269080766313,9.094269080766313,HIBRIDO_ANALOGO_CLIM,ANALOGO_DTW_HIBRIDO_CLIMATOLOGIA,30,10,0.26171173078338916,OK_ANALOGOS_CONTINUIDAD_CORREGIDA,1.1326622808752944,-1.1326622808752944,0.0,CORREGIDO_ANCLA_OBSERVADO
2026-10-10,CONTAMANA,2.0,2026-10-08,2026-11-14,90,37,6.930010986462024,5.8124241853399194,6.930010986462024,5.9,9.437030026817014,4.593360986462025,9.266660986462025,HIBRIDO_ANALOGO_CLIM,ANALOGO_DTW_HIBRIDO_CLIMATOLOGIA,30,10,0.26171173078338916,OK_ANALOGOS_CONTINUIDAD_CORREGIDA,1.1326622808752944,-1.1326622808752944,0.0,CORREGIDO_ANCLA_OBSERVADO
2026-10-10,CONTAMANA,2.0,2026-10-08,2026-11-15,90,38,6.984219137505775,5.84345123945723,6.984219137505775,5.9,9.445876180663166,4.588069137505776,9.380369137505776,HIBRIDO_ANALOGO_CLIM,ANALOGO_DTW_HIBRIDO_CLIMATOLOGIA,30,10,0.26171173078338916,OK_ANALOGOS_CONTINUIDAD_CORREGIDA,1.1326622808752944,-1.1326622808752944,0.0,CORREGIDO_ANCLA_OBSERVADO
2026-10-10,CONTAMANA,2.0,2026-10-08,2026-11-16,90,39,7.070081504451373,5.890472956645697,7.070081504451373,5.9,9.520037719124705,4.5390815044513735,9.601081504451372,HIBRIDO_ANALOGO_CLIM,ANALOGO_DTW_HIBRIDO_CLIMATOLOGIA,30,10,0.26171173078338916,OK_ANALOGOS_CONTINUIDAD_CORREGIDA,1.1326622808752944,-1.1326622808752944,0.0,CORREGIDO_ANCLA_OBSERVADO
2026-10-10,CONTAMANA,2.0,2026-10-08,2026-11-17,90,40,7.068108086127559,5.912300961936678,7.068108086127559,5.9,9.37972233450932,4.386358086127559,9.749858086127558,HIBRIDO_ANALOGO_CLIM,ANALOGO_DTW_HIBRIDO_CLIMATOLOGIA,30,10,0.26171173078338916,OK_ANALOGOS_CONTINUIDAD_CORREGIDA,1.1326622808752944,-1.1326622808752944,0.0,CORREGIDO_ANCLA_OBSERVADO
2026-10-10,CONTAMANA,2.0,2026-10-08,2026-11-18,90,41,7.173486346317336,5.943459684480599,7.173486346317336,5.9,9.543537719124705,4.375986346317336,9.970986346317337,HIBRIDO_ANALOGO_CLIM,ANALOGO_DTW_HIBRIDO_CLIMATOLOGIA,30,10,0.26171173078338916,OK_ANALOGOS_CONTINUIDAD_CORREGIDA,1.1326622808752944,-1.1326622808752944,0.0,CORREGIDO_ANCLA_OBSERVADO
2026-10-10,CONTAMANA,2.0,2026-10-08,2026-11-19,90,42,7.20184652235023,5.97606428030007,7.20184652235023,5.9,9.478299257586244,4.28659652235023,10.11709652235023,HIBRIDO_ANALOGO_CLIM,ANALOGO_DTW_HIBRIDO_CLIMATOLOGIA,30,10,0.26171173078338916,OK_ANALOGOS_CONTINUIDAD_CORREGIDA,1.1326622808752944,-1.1326622808752944,0.0,CORREGIDO_ANCLA_OBSERVADO
2026-10-10,CONTAMANA,2.0,2026-10-08,2026-11-20,90,43,7.247393189922736,6.015308782506251,7.247393189922736,5.9,9.45368387297086,4.230768189922736,10.264018189922737,HIBRIDO_ANALOGO_CLIM,ANALOGO_DTW_HIBRIDO_CLIMATOLOGIA,30,10,0.26171173078338916,OK_ANALOGOS_CONTINUIDAD_CORREGIDA,1.1326622808752944,-1.1326622808752944,0.0,CORREGIDO_ANCLA_OBSERVADO
2026-10-10,CONTAMANA,2.0,2026-10-08,2026-11-21,90,44,7.275890470753332,5.998635748012009,7.275890470753332,5.9,9.482057719124706,4.186390470753332,10.365390470753331,HIBRIDO_ANALOGO_CLIM,ANALOGO_DTW_HIBRIDO_CLIMATOLOGIA,30,10,0.26171173078338916,OK_ANALOGOS_CONTINUIDAD_CORREGIDA,1.1326622808752944,-1.1326622808752944,0.0,CORREGIDO_ANCLA_OBSERVADO
2026-10-10,CONTAMANA,2.0,2026-10-08,2026-11-22,90,45,7.2807396393079955,5.977708791417968,7.2807396393079955,5.9,9.452457719124705,4.130489639307995,10.430989639307995,HIBRIDO_ANALOGO_CLIM,ANALOGO_DTW_HIBRIDO_CLIMATOLOGIA,30,10,0.26171173078338916,OK_ANALOGOS_CONTINUIDAD_CORREGIDA,1.1326622808752944,-1.1326622808752944,0.0,CORREGIDO_ANCLA_OBSERVADO
2026-10-10,CONTAMANA,2.0,2026-10-08,2026-11-23,90,46,7.290873325892342,5.963969513883034,7.290873325892342,5.9,9.425457719124704,4.108373325892342,10.473373325892341,HIBRIDO_ANALOGO_CLIM,ANALOGO_DTW_HIBRIDO_CLIMATOLOGIA,30,10,0.26171173078338916,OK_ANALOGOS_CONTINUIDAD_CORREGIDA,1.1326622808752944,-1.1326622808752944,0.0,CORREGIDO_ANCLA_OBSERVADO
2026-10-10,CONTAMANA,2.0,2026-10-08,2026-11-24,90,47,7.2962614735093965,5.944183342770773,7.2962614735093965,5.9,9.396297719124705,4.124011473509396,10.468511473509398,HIBRIDO_ANALOGO_CLIM,ANALOGO_DTW_HIBRIDO_CLIMATOLOGIA,30,10,0.26171173078338916,OK_ANALOGOS_CONTINUIDAD_CORREGIDA,1.1326622808752944,-1.1326622808752944,0.0,CORREGIDO_ANCLA_OBSERVADO
2026-10-10,CONTAMANA,2.0,2026-10-08,2026-11-25,90,48,7.320411716544964,5.965287714825133,7.320411716544964,5.9,9.353097719124706,4.191161716544963,10.449661716544965,HIBRIDO_ANALOGO_CLIM,ANALOGO_DTW_HIBRIDO_CLIMATOLOGIA,30,10,0.26171173078338916,OK_ANALOGOS_CONTINUIDAD_CORREGIDA,1.1326622808752944,-1.1326622808752944,0.0,CORREGIDO_ANCLA_OBSERVADO
2026-10-10,CONTAMANA,2.0,2026-10-08,2026-11-26,90,49,7.348037148760371,5.992807177663858,7.348037148760371,5.9,9.311737719124705,4.25668714876037,10.439387148760371,HIBRIDO_ANALOGO_CLIM,ANALOGO_DTW_HIBRIDO_CLIMATOLOGIA,30,10,0.26171173078338916,OK_ANALOGOS_CONTINUIDAD_CORREGIDA,1.1326622808752944,-1.1326622808752944,0.0,CORREGIDO_ANCLA_OBSERVADO
2026-10-10,CONTAMANA,2.0,2026-10-08,2026-11-27,90,50,7.363252601959406,6.0087632325556175,7.363252601959406,5.9,9.259537719124706,4.2868776019594055,10.439627601959407,HIBRIDO_ANALOGO_CLIM,ANALOGO_DTW_HIBRIDO_CLIMATOLOGIA,30,10,0.26171173078338916,OK_ANALOGOS_CONTINUIDAD_CORREGIDA,1.1326622808752944,-1.1326622808752944,0.0,CORREGIDO_ANCLA_OBSERVADO
2026-10-10,CONTAMANA,2.0,2026-10-08,2026-11-28,90,51,7.374870921567897,6.019108505982427,7.374870921567897,5.9,9.209137719124707,4.240870921567897,10.508870921567897,HIBRIDO_ANALOGO_CLIM,ANALOGO_DTW_HIBRIDO_CLIMATOLOGIA,30,10,0.26171173078338916,OK_ANALOGOS_CONTINUIDAD_CORREGIDA,1.1326622808752944,-1.1326622808752944,0.0,CORREGIDO_ANCLA_OBSERVADO
2026-10-10,CONTAMANA,2.0,2026-10-08,2026-11-29,90,52,7.372858528491314,5.987089735654015,7.372858528491314,5.9,9.185017719124707,4.115108528491313,10.630608528491313,HIBRIDO_ANALOGO_CLIM,ANALOGO_DTW_HIBRIDO_CLIMATOLOGIA,30,10,0.26171173078338916,OK_ANALOGOS_CONTINUIDAD_CORREGIDA,1.1326622808752944,-1.1326622808752944,0.0,CORREGIDO_ANCLA_OBSERVADO
2026-10-10,CONTAMANA,2.0,2026-10-08,2026-11-30,90,53,7.36272738145076,5.930390248663911,7.36272738145076,5.9,9.173417719124705,4.00722738145076,10.71822738145076,HIBRIDO_ANALOGO_CLIM,ANALOGO_DTW_HIBRIDO_CLIMATOLOGIA,30,10,0.26171173078338916,OK_ANALOGOS_CONTINUIDAD_CORREGIDA,1.1326622808752944,-1.1326622808752944,0.0,CORREGIDO_ANCLA_OBSERVADO
2026-10-10,CONTAMANA,2.0,2026-10-08,2026-12-01,90,54,7.33956342038856,5.8559917214226225,7.33956342038856,5.9,9.152817719124705,3.8810634203885597,10.798063420388559,HIBRIDO_ANALOGO_CLIM,ANALOGO_DTW_HIBRIDO_CLIMATOLOGIA,30,10,0.26171173078338916,OK_ANALOGOS_CONTINUIDAD_CORREGIDA,1.1326622808752944,-1.1326622808752944,0.0,CORREGIDO_ANCLA_OBSERVADO
2026-10-10,CONTAMANA,2.0,2026-10-08,2026-12-02,90,55,7.3268536519851555,5.791216364405535,7.3268536519851555,5.9,9.141697719124705,3.8036036519851546,10.850103651985156,HIBRIDO_ANALOGO_CLIM,ANALOGO_DTW_HIBRIDO_CLIMATOLOGIA,30,10,0.26171173078338916,OK_ANALOGOS_CONTINUIDAD_CORREGIDA,1.1326622808752944,-1.1326622808752944,0.0,CORREGIDO_ANCLA_OBSERVADO
2026-10-10,CONTAMANA,2.0,2026-10-08,2026-12-03,90,56,7.273711058255847,5.785864653072519,7.273711058255847,5.9,8.974106949893937,3.7209610582558454,10.826461058255848,HIBRIDO_ANALOGO_CLIM,ANALOGO_DTW_HIBRIDO_CLIMATOLOGIA,30,10,0.26171173078338916,OK_ANALOGOS_CONTINUIDAD_CORREGIDA,1.1326622808752944,-1.1326622808752944,0.0,CORREGIDO_ANCLA_OBSERVADO
2026-10-10,CONTAMANA,2.0,2026-10-08,2026-12-04,90,57,7.311828977453446,5.822722167223407,7.311828977453446,5.9,8.95768387297086,3.733078977453446,10.890578977453446,HIBRIDO_ANALOGO_CLIM,ANALOGO_DTW_HIBRIDO_CLIMATOLOGIA,30,10,0.26171173078338916,OK_ANALOGOS_CONTINUIDAD_CORREGIDA,1.1326622808752944,-1.1326622808752944,0.0,CORREGIDO_ANCLA_OBSERVADO
2026-10-10,CONTAMANA,2.0,2026-10-08,2026-12-05,90,58,7.310007569507393,5.822711126813282,7.310007569507393,5.9,8.899876180663167,3.7202575695073925,10.899757569507393,HIBRIDO_ANALOGO_CLIM,ANALOGO_DTW_HIBRIDO_CLIMATOLOGIA,30,10,0.26171173078338916,OK_ANALOGOS_CONTINUIDAD_CORREGIDA,1.1326622808752944,-1.1326622808752944,0.0,CORREGIDO_ANCLA_OBSERVADO
2026-10-10,CONTAMANA,2.0,2026-10-08,2026-12-06,90,59,7.284466601093607,5.790581799668824,7.284466601093607,5.9,8.828991565278551,3.6817166010936067,10.887216601093606,HIBRIDO_ANALOGO_CLIM,ANALOGO_DTW_HIBRIDO_CLIMATOLOGIA,30,10,0.26171173078338916,OK_ANALOGOS_CONTINUIDAD_CORREGIDA,1.1326622808752944,-1.1326622808752944,0.0,CORREGIDO_ANCLA_OBSERVADO
2026-10-10,CONTAMANA,2.0,2026-10-08,2026-12-07,90,60,7.275943467232267,5.780279984570597,7.275943467232267,5.9,8.771606949893938,3.6746934672322666,10.877193467232267,HIBRIDO_ANALOGO_CLIM,ANALOGO_DTW_HIBRIDO_CLIMATOLOGIA,30,10,0.26171173078338916,OK_ANALOGOS_CONTINUIDAD_CORREGIDA,1.1326622808752944,-1.1326622808752944,0.0,CORREGIDO_ANCLA_OBSERVADO
2026-10-10,CONTAMANA,2.0,2026-10-08,2026-12-08,90,61,7.298122826606214,5.81198995859166,7.298122826606214,5.9,8.735530026817013,3.668872826606214,10.927372826606213,HIBRIDO_ANALOGO_CLIM,ANALOGO_DTW_HIBRIDO_CLIMATOLOGIA,30,10,0.26171173078338916,OK_ANALOGOS_CONTINUIDAD_CORREGIDA,1.1326622808752944,-1.1326622808752944,0.0,CORREGIDO_ANCLA_OBSERVADO
2026-10-10,CONTAMANA,2.0,2026-10-08,2026-12-09,90,62,7.352051621139362,5.889442078730625,7.352051621139362,5.9,8.720299257586245,3.6795516211393613,11.024551621139363,HIBRIDO_ANALOGO_CLIM,ANALOGO_DTW_HIBRIDO_CLIMATOLOGIA,30,10,0.26171173078338916,OK_ANALOGOS_CONTINUIDAD_CORREGIDA,1.1326622808752944,-1.1326622808752944,0.0,CORREGIDO_ANCLA_OBSERVADO
2026-10-10,CONTAMANA,2.0,2026-10-08,2026-12-10,90,63,7.392367995896672,5.936429799778237,7.392367995896672,5.9,8.709645411432398,3.6783679958966715,11.106367995896672,HIBRIDO_ANALOGO_CLIM,ANALOGO_DTW_HIBRIDO_CLIMATOLOGIA,30,10,0.26171173078338916,OK_ANALOGOS_CONTINUIDAD_CORREGIDA,1.1326622808752944,-1.1326622808752944,0.0,CORREGIDO_ANCLA_OBSERVADO
2026-10-10,CONTAMANA,2.0,2026-10-08,2026-12-11,90,64,7.392385170865559,5.931692148679283,7.392385170865559,5.9,8.670491565278551,3.6631351708655586,11.12163517086556,HIBRIDO_ANALOGO_CLIM,ANALOGO_DTW_HIBRIDO_CLIMATOLOGIA,30,10,0.26171173078338916,OK_ANALOGOS_CONTINUIDAD_CORREGIDA,1.1326622808752944,-1.1326622808752944,0.0,CORREGIDO_ANCLA_OBSERVADO
2026-10-10,CONTAMANA,2.0,2026-10-08,2026-12-12,90,65,7.364572975138767,5.886214641337205,7.364572975138767,5.9,8.615491565278552,3.6108229751387677,11.118322975138767,HIBRIDO_ANALOGO_CLIM,ANALOGO_DTW_HIBRIDO_CLIMATOLOGIA,30,10,0.26171173078338916,OK_ANALOGOS_CONTINUIDAD_CORREGIDA,1.1326622808752944,-1.1326622808752944,0.0,CORREGIDO_ANCLA_OBSERVADO
2026-10-10,CONTAMANA,2.0,2026-10-08,2026-12-13,90,66,7.342204868838294,5.856572410795929,7.342204868838294,5.9,8.55772233450932,3.5444548688382937,11.139954868838295,HIBRIDO_ANALOGO_CLIM,ANALOGO_DTW_HIBRIDO_CLIMATOLOGIA,30,10,0.26171173078338916,OK_ANALOGOS_CONTINUIDAD_CORREGIDA,1.1326622808752944,-1.1326622808752944,0.0,CORREGIDO_ANCLA_OBSERVADO
2026-10-10,CONTAMANA,2.0,2026-10-08,2026-12-14,90,67,7.304717439683408,5.782479031275036,7.304717439683408,5.9,8.508876180663167,3.423967439683409,11.185467439683407,HIBRIDO_ANALOGO_CLIM,ANALOGO_DTW_HIBRIDO_CLIMATOLOGIA,30,10,0.26171173078338916,OK_ANALOGOS_CONTINUIDAD_CORREGIDA,1.1326622808752944,-1.1326622808752944,0.0,CORREGIDO_ANCLA_OBSERVADO
2026-10-10,CONTAMANA,2.0,2026-10-08,2026-12-15,90,68,7.276266181203205,5.716146004394615,7.276266181203205,5.9,8.469299257586245,3.306016181203205,11.246516181203205,HIBRIDO_ANALOGO_CLIM,ANALOGO_DTW_HIBRIDO_CLIMATOLOGIA,30,10,0.26171173078338916,OK_ANALOGOS_CONTINUIDAD_CORREGIDA,1.1326622808752944,-1.1326622808752944,0.0,CORREGIDO_ANCLA_OBSERVADO
2026-10-10,CONTAMANA,2.0,2026-10-08,2026-12-16,90,69,7.252427695280749,5.6559227308945825,7.252427695280749,5.9,8.432453103740091,3.217927695280749,11.286927695280749,HIBRIDO_ANALOGO_CLIM,ANALOGO_DTW_HIBRIDO_CLIMATOLOGIA,30,10,0.26171173078338916,OK_ANALOGOS_CONTINUIDAD_CORREGIDA,1.1326622808752944,-1.1326622808752944,0.0,CORREGIDO_ANCLA_OBSERVADO
2026-10-10,CONTAMANA,2.0,2026-10-08,2026-12-17,90,70,7.225380047953726,5.593200846775893,7.225380047953726,5.9,8.39122233450932,3.1333800479537253,11.317380047953726,HIBRIDO_ANALOGO_CLIM,ANALOGO_DTW_HIBRIDO_CLIMATOLOGIA,30,10,0.26171173078338916,OK_ANALOGOS_CONTINUIDAD_CORREGIDA,1.1326622808752944,-1.1326622808752944,0.0,CORREGIDO_ANCLA_OBSERVADO
2026-10-10,CONTAMANA,2.0,2026-10-08,2026-12-18,90,71,7.217666912325662,5.5902153351270485,7.217666912325662,5.9,8.340837719124705,3.0714169123256614,11.363916912325662,HIBRIDO_ANALOGO_CLIM,ANALOGO_DTW_HIBRIDO_CLIMATOLOGIA,30,10,0.26171173078338916,OK_ANALOGOS_CONTINUIDAD_CORREGIDA,1.1326622808752944,-1.1326622808752944,0.0,CORREGIDO_ANCLA_OBSERVADO
2026-10-10,CONTAMANA,2.0,2026-10-08,2026-12-19,90,72,7.211195352270021,5.593981801987992,7.211195352270021,5.9,8.289337719124706,3.013445352270022,11.40894535227002,HIBRIDO_ANALOGO_CLIM,ANALOGO_DTW_HIBRIDO_CLIMATOLOGIA,30,10,0.26171173078338916,OK_ANALOGOS_CONTINUIDAD_CORREGIDA,1.1326622808752944,-1.1326622808752944,0.0,CORREGIDO_ANCLA_OBSERVADO
2026-10-10,CONTAMANA,2.0,2026-10-08,2026-12-20,90,73,7.2067080889627455,5.599013295143269,7.2067080889627455,5.9,8.241799257586244,2.9479580889627464,11.465458088962745,HIBRIDO_ANALOGO_CLIM,ANALOGO_DTW_HIBRIDO_CLIMATOLOGIA,30,10,0.26171173078338916,OK_ANALOGOS_CONTINUIDAD_CORREGIDA,1.1326622808752944,-1.1326622808752944,0.0,CORREGIDO_ANCLA_OBSERVADO
2026-10-10,CONTAMANA,2.0,2026-10-08,2026-12-21,90,74,7.202462883375711,5.577386642588866,7.202462883375711,5.9,8.212645411432398,2.868212883375712,11.53671288337571,HIBRIDO_ANALOGO_CLIM,ANALOGO_DTW_HIBRIDO_CLIMATOLOGIA,30,10,0.26171173078338916,OK_ANALOGOS_CONTINUIDAD_CORREGIDA,1.1326622808752944,-1.1326622808752944,0.0,CORREGIDO_ANCLA_OBSERVADO
2026-10-10,CONTAMANA,2.0,2026-10-08,2026-12-22,90,75,7.188320113249812,5.525277949612168,7.188320113249812,5.9,8.186145411432399,2.699820113249812,11.676820113249812,HIBRIDO_ANALOGO_CLIM,ANALOGO_DTW_HIBRIDO_CLIMATOLOGIA,30,10,0.26171173078338916,OK_ANALOGOS_CONTINUIDAD_CORREGIDA,1.1326622808752944,-1.1326622808752944,0.0,CORREGIDO_ANCLA_OBSERVADO
2026-10-10,CONTAMANA,2.0,2026-10-08,2026-12-23,90,76,7.167177133889654,5.482277381770368,7.167177133889654,5.9,8.142645411432397,2.562427133889654,11.771927133889653,HIBRIDO_ANALOGO_CLIM,ANALOGO_DTW_HIBRIDO_CLIMATOLOGIA,30,10,0.26171173078338916,OK_ANALOGOS_CONTINUIDAD_CORREGIDA,1.1326622808752944,-1.1326622808752944,0.0,CORREGIDO_ANCLA_OBSERVADO
2026-10-10,CONTAMANA,2.0,2026-10-08,2026-12-24,90,77,7.151939472947621,5.448410592047333,7.151939472947621,5.9,8.103260796047783,2.5046894729476215,11.79918947294762,HIBRIDO_ANALOGO_CLIM,ANALOGO_DTW_HIBRIDO_CLIMATOLOGIA,30,10,0.26171173078338916,OK_ANALOGOS_CONTINUIDAD_CORREGIDA,1.1326622808752944,-1.1326622808752944,0.0,CORREGIDO_ANCLA_OBSERVADO
2026-10-10,CONTAMANA,2.0,2026-10-08,2026-12-25,90,78,7.131337937419943,5.424838342825383,7.131337937419943,5.9,8.050222334509321,2.466087937419942,11.796587937419943,HIBRIDO_ANALOGO_CLIM,ANALOGO_DTW_HIBRIDO_CLIMATOLOGIA,30,10,0.26171173078338916,OK_ANALOGOS_CONTINUIDAD_CORREGIDA,1.1326622808752944,-1.1326622808752944,0.0,CORREGIDO_ANCLA_OBSERVADO
2026-10-10,CONTAMANA,2.0,2026-10-08,2026-12-26,90,79,7.132036068719234,5.504988610996126,7.132036068719234,5.9,7.97645310374009,2.559286068719233,11.704786068719235,HIBRIDO_ANALOGO_CLIM,ANALOGO_DTW_HIBRIDO_CLIMATOLOGIA,30,10,0.26171173078338916,OK_ANALOGOS_CONTINUIDAD_CORREGIDA,1.1326622808752944,-1.1326622808752944,0.0,CORREGIDO_ANCLA_OBSERVADO
2026-10-10,CONTAMANA,2.0,2026-10-08,2026-12-27,90,80,7.026728423988146,5.278586756791951,7.026728423988146,5.9,7.900799257586245,2.5777284239881464,11.475728423988146,HIBRIDO_ANALOGO_CLIM,ANALOGO_DTW_HIBRIDO_CLIMATOLOGIA,30,10,0.26171173078338916,OK_ANALOGOS_CONTINUIDAD_CORREGIDA,1.1326622808752944,-1.1326622808752944,0.0,CORREGIDO_ANCLA_OBSERVADO
2026-10-10,CONTAMANA,2.0,2026-10-08,2026-12-28,90,81,7.093042364161587,5.624204082551795,7.093042364161587,5.9,7.800260796047782,2.7185423641615882,11.467542364161586,HIBRIDO_ANALOGO_CLIM,ANALOGO_DTW_HIBRIDO_CLIMATOLOGIA,30,10,0.26171173078338916,OK_ANALOGOS_CONTINUIDAD_CORREGIDA,1.1326622808752944,-1.1326622808752944,0.0,CORREGIDO_ANCLA_OBSERVADO
2026-10-10,CONTAMANA,2.0,2026-10-08,2026-12-29,90,82,7.046569875274665,5.645186228424169,7.046569875274665,5.9,7.695991565278552,2.705569875274665,11.387569875274664,HIBRIDO_ANALOGO_CLIM,ANALOGO_DTW_HIBRIDO_CLIMATOLOGIA,30,10,0.26171173078338916,OK_ANALOGOS_CONTINUIDAD_CORREGIDA,1.1326622808752944,-1.1326622808752944,0.0,CORREGIDO_ANCLA_OBSERVADO
2026-10-10,CONTAMANA,2.0,2026-10-08,2026-12-30,90,83,7.003194646052371,5.659688667164538,7.003194646052371,5.9,7.602106949893935,2.66819464605237,11.338194646052372,HIBRIDO_ANALOGO_CLIM,ANALOGO_DTW_HIBRIDO_CLIMATOLOGIA,30,10,0.26171173078338916,OK_ANALOGOS_CONTINUIDAD_CORREGIDA,1.1326622808752944,-1.1326622808752944,0.0,CORREGIDO_ANCLA_OBSERVADO
2026-10-10,CONTAMANA,2.0,2026-10-08,2026-12-31,90,84,6.964517309035548,5.684026095750591,6.964517309035548,5.9,7.513299257586244,2.563517309035548,11.365517309035548,HIBRIDO_ANALOGO_CLIM,ANALOGO_DTW_HIBRIDO_CLIMATOLOGIA,30,10,0.26171173078338916,OK_ANALOGOS_CONTINUIDAD_CORREGIDA,1.1326622808752944,-1.1326622808752944,0.0,CORREGIDO_ANCLA_OBSERVADO
2026-10-10,CONTAMANA,2.0,2026-10-08,2027-01-01,90,85,7.100942068505944,5.683843840080158,7.100942068505944,5.9,7.68445310374009,2.5331920685059437,11.668692068505944,HIBRIDO_ANALOGO_CLIM,ANALOGO_DTW_HIBRIDO_CLIMATOLOGIA,30,10,0.26171173078338916,OK_ANALOGOS_CONTINUIDAD_CORREGIDA,1.1326622808752944,-1.1326622808752944,0.0,CORREGIDO_ANCLA_OBSERVADO
2026-10-10,CONTAMANA,2.0,2026-10-08,2027-01-02,90,86,7.073677047548362,5.632770642972903,7.073677047548362,5.9,7.643337719124705,2.3831770475483625,11.764177047548362,HIBRIDO_ANALOGO_CLIM,ANALOGO_DTW_HIBRIDO_CLIMATOLOGIA,30,10,0.26171173078338916,OK_ANALOGOS_CONTINUIDAD_CORREGIDA,1.1326622808752944,-1.1326622808752944,0.0,CORREGIDO_ANCLA_OBSERVADO
2026-10-10,CONTAMANA,2.0,2026-10-08,2027-01-03,90,87,7.021686066033896,5.534478561032252,7.021686066033896,5.9,7.585799257586244,2.270436066033896,11.772936066033896,HIBRIDO_ANALOGO_CLIM,ANALOGO_DTW_HIBRIDO_CLIMATOLOGIA,30,10,0.26171173078338916,OK_ANALOGOS_CONTINUIDAD_CORREGIDA,1.1326622808752944,-1.1326622808752944,0.0,CORREGIDO_ANCLA_OBSERVADO
2026-10-10,CONTAMANA,2.0,2026-10-08,2027-01-04,90,88,6.972381200386389,5.4002940430867845,6.972381200386389,5.9,7.544049257586245,2.2001312003863887,11.744631200386388,HIBRIDO_ANALOGO_CLIM,ANALOGO_DTW_HIBRIDO_CLIMATOLOGIA,30,10,0.26171173078338916,OK_ANALOGOS_CONTINUIDAD_CORREGIDA,1.1326622808752944,-1.1326622808752944,0.0,CORREGIDO_ANCLA_OBSERVADO
2026-10-10,CONTAMANA,2.0,2026-10-08,2027-01-05,90,89,6.906802021644646,5.309392463370626,6.906802021644646,5.9,7.46320310374009,2.126302021644647,11.687302021644646,HIBRIDO_ANALOGO_CLIM,ANALOGO_DTW_HIBRIDO_CLIMATOLOGIA,30,10,0.26171173078338916,OK_ANALOGOS_CONTINUIDAD_CORREGIDA,1.1326622808752944,-1.1326622808752944,0.0,CORREGIDO_ANCLA_OBSERVADO
2026-10-10,CONTAMANA,2.0,2026-10-08,2027-01-06,90,90,6.853233071680227,5.272611437039104,6.853233071680227,5.9,7.380106949893936,1.9912330716802278,11.715233071680228,HIBRIDO_ANALOGO_CLIM,ANALOGO_DTW_HIBRIDO_CLIMATOLOGIA,30,10,0.26171173078338916,OK_ANALOGOS_CONTINUIDAD_CORREGIDA,1.1326622808752944,-1.1326622808752944,0.0,CORREGIDO_ANCLA_OBSERVADO
2026-10-10,ENAPU,29.0,2026-10-08,2026-10-09,30,1,30.822883823398307,6.893248897184801,30.822883823398307,3.95,102.61178860203883,29.83330049006498,31.812467156731632,HIBRIDO_ANALOGO_CLIM,ANALOGO_DTW_HIBRIDO_CLIMATOLOGIA,30,10,0.25581861759992053,EXCLUIDA_UNIDADES_MIXTAS,26.872883823398308,0.0,26.872883823398308,NO_CORREGIDO_UNIDADES_MIXTAS
2026-10-10,ENAPU,29.0,2026-10-08,2026-10-10,30,2,30.7802792712487,6.829098562514672,30.7802792712487,3.95,102.63382139745077,29.66119593791537,31.899362604582027,HIBRIDO_ANALOGO_CLIM,ANALOGO_DTW_HIBRIDO_CLIMATOLOGIA,30,10,0.25581861759992053,EXCLUIDA_UNIDADES_MIXTAS,26.872883823398308,0.0,26.872883823398308,NO_CORREGIDO_UNIDADES_MIXTAS
2026-10-10,ENAPU,29.0,2026-10-08,2026-10-11,30,3,30.770432052921986,6.805534573014493,30.770432052921986,3.95,102.66512449264447,29.604348719588657,31.936515386255316,HIBRIDO_ANALOGO_CLIM,ANALOGO_DTW_HIBRIDO_CLIMATOLOGIA,30,10,0.25581861759992053,EXCLUIDA_UNIDADES_MIXTAS,26.872883823398308,0.0,26.872883823398308,NO_CORREGIDO_UNIDADES_MIXTAS
2026-10-10,ENAPU,29.0,2026-10-08,2026-10-12,30,4,30.754767794147455,6.774342577020488,30.754767794147455,3.95,102.69604344552836,29.27443446081412,32.23510112748079,HIBRIDO_ANALOGO_CLIM,ANALOGO_DTW_HIBRIDO_CLIMATOLOGIA,30,10,0.25581861759992053,EXCLUIDA_UNIDADES_MIXTAS,26.872883823398308,0.0,26.872883823398308,NO_CORREGIDO_UNIDADES_MIXTAS
2026-10-10,ENAPU,29.0,2026-10-08,2026-10-13,30,5,30.738629124978303,6.733710723893351,30.738629124978303,3.95,102.75338432823315,29.059295791644974,32.417962458311635,HIBRIDO_ANALOGO_CLIM,ANALOGO_DTW_HIBRIDO_CLIMATOLOGIA,30,10,0.25581861759992053,EXCLUIDA_UNIDADES_MIXTAS,26.872883823398308,0.0,26.872883823398308,NO_CORREGIDO_UNIDADES_MIXTAS
2026-10-10,ENAPU,29.0,2026-10-08,2026-10-14,30,6,30.71970220491982,6.689352818681931,30.71970220491982,3.95,102.81075036363349,29.02486887158649,32.41453553825315,HIBRIDO_ANALOGO_CLIM,ANALOGO_DTW_HIBRIDO_CLIMATOLOGIA,30,10,0.25581861759992053,EXCLUIDA_UNIDADES_MIXTAS,26.872883823398308,0.0,26.872883823398308,NO_CORREGIDO_UNIDADES_MIXTAS
2026-10-10,ENAPU,29.0,2026-10-08,2026-10-15,30,7,30.723251210214126,6.667921779505821,30.723251210214126,3.95,102.88923950233904,29.011167876880798,32.435334543547455,HIBRIDO_ANALOGO_CLIM,ANALOGO_DTW_HIBRIDO_CLIMATOLOGIA,30,10,0.25581861759992053,EXCLUIDA_UNIDADES_MIXTAS,26.872883823398308,0.0,26.872883823398308,NO_CORREGIDO_UNIDADES_MIXTAS
2026-10-10,ENAPU,29.0,2026-10-08,2026-10-16,30,8,30.71713977354225,6.639817018232663,30.71713977354225,3.95,102.94910803947101,28.950556440208924,32.48372310687558,HIBRIDO_ANALOGO_CLIM,ANALOGO_DTW_HIBRIDO_CLIMATOLOGIA,30,10,0.25581861759992053,EXCLUIDA_UNIDADES_MIXTAS,26.872883823398308,0.0,26.872883823398308,NO_CORREGIDO_UNIDADES_MIXTAS
2026-10-10,ENAPU,29.0,2026-10-08,2026-10-17,30,9,30.7003485277867,6.597030167865699,30.7003485277867,3.95,103.01030360754972,28.838765194453373,32.56193186112003,HIBRIDO_ANALOGO_CLIM,ANALOGO_DTW_HIBRIDO_CLIMATOLOGIA,30,10,0.25581861759992053,EXCLUIDA_UNIDADES_MIXTAS,26.872883823398308,0.0,26.872883823398308,NO_CORREGIDO_UNIDADES_MIXTAS
2026-10-10,ENAPU,29.0,2026-10-08,2026-10-18,30,10,30.685755205613326,6.56612243184299,30.685755205613326,3.95,103.04465352692434,28.724171872279992,32.647338538946656,HIBRIDO_ANALOGO_CLIM,ANALOGO_DTW_HIBRIDO_CLIMATOLOGIA,30,10,0.25581861759992053,EXCLUIDA_UNIDADES_MIXTAS,26.872883823398308,0.0,26.872883823398308,NO_CORREGIDO_UNIDADES_MIXTAS
2026-10-10,ENAPU,29.0,2026-10-08,2026-10-19,30,11,30.699557429681267,6.573910571654405,30.699557429681267,3.95,103.07649800376186,28.667974096347937,32.7311407630146,HIBRIDO_ANALOGO_CLIM,ANALOGO_DTW_HIBRIDO_CLIMATOLOGIA,30,10,0.25581861759992053,EXCLUIDA_UNIDADES_MIXTAS,26.872883823398308,0.0,26.872883823398308,NO_CORREGIDO_UNIDADES_MIXTAS
2026-10-10,ENAPU,29.0,2026-10-08,2026-10-20,30,12,30.75204283027028,6.628811562359502,30.75204283027028,3.95,103.12173663400262,28.77245949693695,32.73162616360361,HIBRIDO_ANALOGO_CLIM,ANALOGO_DTW_HIBRIDO_CLIMATOLOGIA,30,10,0.25581861759992053,EXCLUIDA_UNIDADES_MIXTAS,26.872883823398308,0.0,26.872883823398308,NO_CORREGIDO_UNIDADES_MIXTAS
2026-10-10,ENAPU,29.0,2026-10-08,2026-10-21,30,13,30.746768737553907,6.611104897705751,30.746768737553907,3.95,103.15376025709838,28.738435404220578,32.75510207088724,HIBRIDO_ANALOGO_CLIM,ANALOGO_DTW_HIBRIDO_CLIMATOLOGIA,30,10,0.25581861759992053,EXCLUIDA_UNIDADES_MIXTAS,26.872883823398308,0.0,26.872883823398308,NO_CORREGIDO_UNIDADES_MIXTAS
2026-10-10,ENAPU,29.0,2026-10-08,2026-10-22,30,14,30.778829320220712,6.646118889956791,30.778829320220712,3.95,103.17696061101248,28.696995986887384,32.860662653554044,HIBRIDO_ANALOGO_CLIM,ANALOGO_DTW_HIBRIDO_CLIMATOLOGIA,30,10,0.25581861759992053,EXCLUIDA_UNIDADES_MIXTAS,26.872883823398308,0.0,26.872883823398308,NO_CORREGIDO_UNIDADES_MIXTAS
2026-10-10,ENAPU,29.0,2026-10-08,2026-10-23,30,15,30.74819137366635,6.599539743124889,30.74819137366635,3.95,103.19414626529074,28.57185804033302,32.924524706999684,HIBRIDO_ANALOGO_CLIM,ANALOGO_DTW_HIBRIDO_CLIMATOLOGIA,30,10,0.25581861759992053,EXCLUIDA_UNIDADES_MIXTAS,26.872883823398308,0.0,26.872883823398308,NO_CORREGIDO_UNIDADES_MIXTAS
2026-10-10,ENAPU,29.0,2026-10-08,2026-10-24,30,16,30.70011491213148,6.528760012682519,30.70011491213148,3.95,103.21417961047835,28.402781578798148,32.99744824546481,HIBRIDO_ANALOGO_CLIM,ANALOGO_DTW_HIBRIDO_CLIMATOLOGIA,30,10,0.25581861759992053,EXCLUIDA_UNIDADES_MIXTAS,26.872883823398308,0.0,26.872883823398308,NO_CORREGIDO_UNIDADES_MIXTAS
2026-10-10,ENAPU,29.0,2026-10-08,2026-10-25,30,17,30.647378496759774,6.451307339756687,30.647378496759774,3.95,103.23559196776904,28.28854516342644,33.0062118300931,HIBRIDO_ANALOGO_CLIM,ANALOGO_DTW_HIBRIDO_CLIMATOLOGIA,30,10,0.25581861759992053,EXCLUIDA_UNIDADES_MIXTAS,26.872883823398308,0.0,26.872883823398308,NO_CORREGIDO_UNIDADES_MIXTAS
2026-10-10,ENAPU,29.0,2026-10-08,2026-10-26,30,18,30.575133082510657,6.352033177175021,30.575133082510657,3.95,103.24443279851756,28.14629974917733,33.00396641584398,HIBRIDO_ANALOGO_CLIM,ANALOGO_DTW_HIBRIDO_CLIMATOLOGIA,30,10,0.25581861759992053,EXCLUIDA_UNIDADES_MIXTAS,26.872883823398308,0.0,26.872883823398308,NO_CORREGIDO_UNIDADES_MIXTAS
2026-10-10,ENAPU,29.0,2026-10-08,2026-10-27,30,19,30.516865426087804,6.268673698643681,30.516865426087804,3.95,103.26144060842017,28.038032092754474,32.99569875942113,HIBRIDO_ANALOGO_CLIM,ANALOGO_DTW_HIBRIDO_CLIMATOLOGIA,30,10,0.25581861759992053,EXCLUIDA_UNIDADES_MIXTAS,26.872883823398308,0.0,26.872883823398308,NO_CORREGIDO_UNIDADES_MIXTAS
2026-10-10,ENAPU,29.0,2026-10-08,2026-10-28,30,20,29.695781157920358,5.163707928611945,29.695781157920358,3.95,103.29200084584559,26.295547824587032,33.09601449125368,HIBRIDO_ANALOGO_CLIM,ANALOGO_DTW_HIBRIDO_CLIMATOLOGIA,30,10,0.25581861759992053,EXCLUIDA_UNIDADES_MIXTAS,26.872883823398308,0.0,26.872883823398308,NO_CORREGIDO_UNIDADES_MIXTAS
2026-10-10,ENAPU,29.0,2026-10-08,2026-10-29,30,21,30.479775667189617,6.195545517910326,30.479775667189617,3.95,103.33246611502749,27.94594233385629,33.01360900052295,HIBRIDO_ANALOGO_CLIM,ANALOGO_DTW_HIBRIDO_CLIMATOLOGIA,30,10,0.25581861759992053,EXCLUIDA_UNIDADES_MIXTAS,26.872883823398308,0.0,26.872883823398308,NO_CORREGIDO_UNIDADES_MIXTAS
2026-10-10,ENAPU,29.0,2026-10-08,2026-10-30,30,22,30.473516597062403,6.173474344034166,30.473516597062403,3.95,103.37364335614711,27.945683263729073,33.00134993039573,HIBRIDO_ANALOGO_CLIM,ANALOGO_DTW_HIBRIDO_CLIMATOLOGIA,30,10,0.25581861759992053,EXCLUIDA_UNIDADES_MIXTAS,26.872883823398308,0.0,26.872883823398308,NO_CORREGIDO_UNIDADES_MIXTAS
2026-10-10,ENAPU,29.0,2026-10-08,2026-10-31,30,23,30.441485284115807,6.1168984681879905,30.441485284115807,3.95,103.41524573189926,27.938651950782475,32.944318617449134,HIBRIDO_ANALOGO_CLIM,ANALOGO_DTW_HIBRIDO_CLIMATOLOGIA,30,10,0.25581861759992053,EXCLUIDA_UNIDADES_MIXTAS,26.872883823398308,0.0,26.872883823398308,NO_CORREGIDO_UNIDADES_MIXTAS
2026-10-10,ENAPU,29.0,2026-10-08,2026-11-01,30,24,30.546633055815107,6.087705268699323,30.546633055815107,3.95,103.92341641716246,28.138799722481778,32.954466389148436,HIBRIDO_ANALOGO_CLIM,ANALOGO_DTW_HIBRIDO_CLIMATOLOGIA,30,10,0.25581861759992053,EXCLUIDA_UNIDADES_MIXTAS,26.872883823398308,0.0,26.872883823398308,NO_CORREGIDO_UNIDADES_MIXTAS
2026-10-10,ENAPU,29.0,2026-10-08,2026-11-02,30,25,30.585116363405774,6.0966031970728,30.585116363405774,3.95,104.0506558624047,28.130783030072443,33.0394496967391,HIBRIDO_ANALOGO_CLIM,ANALOGO_DTW_HIBRIDO_CLIMATOLOGIA,30,10,0.25581861759992053,EXCLUIDA_UNIDADES_MIXTAS,26.872883823398308,0.0,26.872883823398308,NO_CORREGIDO_UNIDADES_MIXTAS
2026-10-10,ENAPU,29.0,2026-10-08,2026-11-03,30,26,30.644309465177503,6.157132515754857,30.644309465177503,3.95,104.10584031344544,28.084976131844172,33.203642798510835,HIBRIDO_ANALOGO_CLIM,ANALOGO_DTW_HIBRIDO_CLIMATOLOGIA,30,10,0.25581861759992053,EXCLUIDA_UNIDADES_MIXTAS,26.872883823398308,0.0,26.872883823398308,NO_CORREGIDO_UNIDADES_MIXTAS
2026-10-10,ENAPU,29.0,2026-10-08,2026-11-04,30,27,30.7181378773063,6.239253882915754,30.7181378773063,3.95,104.15478986047795,27.992804543972973,33.44347121063963,HIBRIDO_ANALOGO_CLIM,ANALOGO_DTW_HIBRIDO_CLIMATOLOGIA,30,10,0.25581861759992053,EXCLUIDA_UNIDADES_MIXTAS,26.872883823398308,0.0,26.872883823398308,NO_CORREGIDO_UNIDADES_MIXTAS
2026-10-10,ENAPU,29.0,2026-10-08,2026-11-05,30,28,30.788182655424745,6.3184490523976145,30.788182655424745,3.95,104.19738346450613,27.948849322091416,33.62751598875807,HIBRIDO_ANALOGO_CLIM,ANALOGO_DTW_HIBRIDO_CLIMATOLOGIA,30,10,0.25581861759992053,EXCLUIDA_UNIDADES_MIXTAS,26.872883823398308,0.0,26.872883823398308,NO_CORREGIDO_UNIDADES_MIXTAS
2026-10-10,ENAPU,29.0,2026-10-08,2026-11-06,30,29,30.83617038122052,6.369359029543048,30.83617038122052,3.95,104.23660443625293,27.89133704788719,33.78100371455385,HIBRIDO_ANALOGO_CLIM,ANALOGO_DTW_HIBRIDO_CLIMATOLOGIA,30,10,0.25581861759992053,EXCLUIDA_UNIDADES_MIXTAS,26.872883823398308,0.0,26.872883823398308,NO_CORREGIDO_UNIDADES_MIXTAS
2026-10-10,ENAPU,29.0,2026-10-08,2026-11-07,30,30,30.879117766069953,6.412966211030662,30.879117766069953,3.95,104.27757243118782,27.81328443273662,33.94495109940328,HIBRIDO_ANALOGO_CLIM,ANALOGO_DTW_HIBRIDO_CLIMATOLOGIA,30,10,0.25581861759992053,EXCLUIDA_UNIDADES_MIXTAS,26.872883823398308,0.0,26.872883823398308,NO_CORREGIDO_UNIDADES_MIXTAS
2026-10-10,ENAPU,29.0,2026-10-08,2026-10-09,60,1,30.81884247733056,6.887860435761136,30.81884247733056,3.95,102.61178860203883,29.83375914399723,31.80392581066389,HIBRIDO_ANALOGO_CLIM,ANALOGO_DTW_HIBRIDO_CLIMATOLOGIA,30,10,0.2546372264675151,EXCLUIDA_UNIDADES_MIXTAS,26.86884247733056,0.0,26.86884247733056,NO_CORREGIDO_UNIDADES_MIXTAS
2026-10-10,ENAPU,29.0,2026-10-08,2026-10-10,60,2,30.776024886051452,6.823426048918346,30.776024886051452,3.95,102.63382139745077,29.657441552718126,31.894608219384782,HIBRIDO_ANALOGO_CLIM,ANALOGO_DTW_HIBRIDO_CLIMATOLOGIA,30,10,0.2546372264675151,EXCLUIDA_UNIDADES_MIXTAS,26.86884247733056,0.0,26.86884247733056,NO_CORREGIDO_UNIDADES_MIXTAS
2026-10-10,ENAPU,29.0,2026-10-08,2026-10-11,60,3,30.763321540387782,6.796053889635555,30.763321540387782,3.95,102.66512449264447,29.59473820705445,31.93190487372111,HIBRIDO_ANALOGO_CLIM,ANALOGO_DTW_HIBRIDO_CLIMATOLOGIA,30,10,0.2546372264675151,EXCLUIDA_UNIDADES_MIXTAS,26.86884247733056,0.0,26.86884247733056,NO_CORREGIDO_UNIDADES_MIXTAS
2026-10-10,ENAPU,29.0,2026-10-08,2026-10-12,60,4,30.743946159169496,6.759913730383209,30.743946159169496,3.95,102.69604344552836,29.257112825836167,32.23077949250283,HIBRIDO_ANALOGO_CLIM,ANALOGO_DTW_HIBRIDO_CLIMATOLOGIA,30,10,0.2546372264675151,EXCLUIDA_UNIDADES_MIXTAS,26.86884247733056,0.0,26.86884247733056,NO_CORREGIDO_UNIDADES_MIXTAS
2026-10-10,ENAPU,29.0,2026-10-08,2026-10-13,60,5,30.71586724640573,6.703361552463256,30.71586724640573,3.95,102.75338432823315,28.9825339130724,32.449200579739056,HIBRIDO_ANALOGO_CLIM,ANALOGO_DTW_HIBRIDO_CLIMATOLOGIA,30,10,0.2546372264675151,EXCLUIDA_UNIDADES_MIXTAS,26.86884247733056,0.0,26.86884247733056,NO_CORREGIDO_UNIDADES_MIXTAS
2026-10-10,ENAPU,29.0,2026-10-08,2026-10-14,60,6,30.68727311552463,6.646114032821678,30.68727311552463,3.95,102.81075036363349,28.944689782191297,32.42985644885796,HIBRIDO_ANALOGO_CLIM,ANALOGO_DTW_HIBRIDO_CLIMATOLOGIA,30,10,0.2546372264675151,EXCLUIDA_UNIDADES_MIXTAS,26.86884247733056,0.0,26.86884247733056,NO_CORREGIDO_UNIDADES_MIXTAS
2026-10-10,ENAPU,29.0,2026-10-08,2026-10-15,60,7,30.682839088816092,6.614038950975109,30.682839088816092,3.95,102.88923950233904,28.850755755482762,32.514922422149425,HIBRIDO_ANALOGO_CLIM,ANALOGO_DTW_HIBRIDO_CLIMATOLOGIA,30,10,0.2546372264675151,EXCLUIDA_UNIDADES_MIXTAS,26.86884247733056,0.0,26.86884247733056,NO_CORREGIDO_UNIDADES_MIXTAS
2026-10-10,ENAPU,29.0,2026-10-08,2026-10-16,60,8,30.6756834655206,6.5845419408704595,30.6756834655206,3.95,102.94910803947101,28.81210013218727,32.53926679885393,HIBRIDO_ANALOGO_CLIM,ANALOGO_DTW_HIBRIDO_CLIMATOLOGIA,30,10,0.2546372264675151,EXCLUIDA_UNIDADES_MIXTAS,26.86884247733056,0.0,26.86884247733056,NO_CORREGIDO_UNIDADES_MIXTAS
2026-10-10,ENAPU,29.0,2026-10-08,2026-10-17,60,9,30.660467890381153,6.5438559846582995,30.660467890381153,3.95,103.01030360754972,28.75188455704782,32.56905122371448,HIBRIDO_ANALOGO_CLIM,ANALOGO_DTW_HIBRIDO_CLIMATOLOGIA,30,10,0.2546372264675151,EXCLUIDA_UNIDADES_MIXTAS,26.86884247733056,0.0,26.86884247733056,NO_CORREGIDO_UNIDADES_MIXTAS
2026-10-10,ENAPU,29.0,2026-10-08,2026-10-18,60,10,30.644732228491165,6.51142512901344,30.644732228491165,3.95,103.04465352692434,28.643148895157836,32.646315561824494,HIBRIDO_ANALOGO_CLIM,ANALOGO_DTW_HIBRIDO_CLIMATOLOGIA,30,10,0.2546372264675151,EXCLUIDA_UNIDADES_MIXTAS,26.86884247733056,0.0,26.86884247733056,NO_CORREGIDO_UNIDADES_MIXTAS
2026-10-10,ENAPU,29.0,2026-10-08,2026-10-19,60,11,30.655559496106072,6.515246660220812,30.655559496106072,3.95,103.07649800376186,28.580976162772743,32.7301428294394,HIBRIDO_ANALOGO_CLIM,ANALOGO_DTW_HIBRIDO_CLIMATOLOGIA,30,10,0.2546372264675151,EXCLUIDA_UNIDADES_MIXTAS,26.86884247733056,0.0,26.86884247733056,NO_CORREGIDO_UNIDADES_MIXTAS
2026-10-10,ENAPU,29.0,2026-10-08,2026-10-20,60,12,30.705448798962447,6.566686187282389,30.705448798962447,3.95,103.12173663400262,28.680365465629116,32.73053213229578,HIBRIDO_ANALOGO_CLIM,ANALOGO_DTW_HIBRIDO_CLIMATOLOGIA,30,10,0.2546372264675151,EXCLUIDA_UNIDADES_MIXTAS,26.86884247733056,0.0,26.86884247733056,NO_CORREGIDO_UNIDADES_MIXTAS
2026-10-10,ENAPU,29.0,2026-10-08,2026-10-21,60,13,30.697713878308107,6.545698418711349,30.697713878308107,3.95,103.15376025709838,28.641380544974776,32.754047211641435,HIBRIDO_ANALOGO_CLIM,ANALOGO_DTW_HIBRIDO_CLIMATOLOGIA,30,10,0.2546372264675151,EXCLUIDA_UNIDADES_MIXTAS,26.86884247733056,0.0,26.86884247733056,NO_CORREGIDO_UNIDADES_MIXTAS
2026-10-10,ENAPU,29.0,2026-10-08,2026-10-22,60,14,30.729981104308557,6.5809879354072525,30.729981104308557,3.95,103.17696061101248,28.600647770975225,32.859314437641885,HIBRIDO_ANALOGO_CLIM,ANALOGO_DTW_HIBRIDO_CLIMATOLOGIA,30,10,0.2546372264675151,EXCLUIDA_UNIDADES_MIXTAS,26.86884247733056,0.0,26.86884247733056,NO_CORREGIDO_UNIDADES_MIXTAS
2026-10-10,ENAPU,29.0,2026-10-08,2026-10-23,60,15,30.69711439106387,6.531437099654915,30.69711439106387,3.95,103.19414626529074,28.470781057730537,32.9234477243972,HIBRIDO_ANALOGO_CLIM,ANALOGO_DTW_HIBRIDO_CLIMATOLOGIA,30,10,0.2546372264675151,EXCLUIDA_UNIDADES_MIXTAS,26.86884247733056,0.0,26.86884247733056,NO_CORREGIDO_UNIDADES_MIXTAS
2026-10-10,ENAPU,29.0,2026-10-08,2026-10-24,60,16,30.643666964398808,6.4534960823722916,30.643666964398808,3.95,103.21417961047835,28.29033363106548,32.997000297732136,HIBRIDO_ANALOGO_CLIM,ANALOGO_DTW_HIBRIDO_CLIMATOLOGIA,30,10,0.2546372264675151,EXCLUIDA_UNIDADES_MIXTAS,26.86884247733056,0.0,26.86884247733056,NO_CORREGIDO_UNIDADES_MIXTAS
2026-10-10,ENAPU,29.0,2026-10-08,2026-10-25,60,17,30.59222603393825,6.37777072266132,30.59222603393825,3.95,103.23559196776904,28.17889270060492,33.00555936727158,HIBRIDO_ANALOGO_CLIM,ANALOGO_DTW_HIBRIDO_CLIMATOLOGIA,30,10,0.2546372264675151,EXCLUIDA_UNIDADES_MIXTAS,26.86884247733056,0.0,26.86884247733056,NO_CORREGIDO_UNIDADES_MIXTAS
2026-10-10,ENAPU,29.0,2026-10-08,2026-10-26,60,18,30.521711833783826,6.280804845539248,30.521711833783826,3.95,103.24443279851756,27.938378500450494,33.105045167117154,HIBRIDO_ANALOGO_CLIM,ANALOGO_DTW_HIBRIDO_CLIMATOLOGIA,30,10,0.2546372264675151,EXCLUIDA_UNIDADES_MIXTAS,26.86884247733056,0.0,26.86884247733056,NO_CORREGIDO_UNIDADES_MIXTAS
2026-10-10,ENAPU,29.0,2026-10-08,2026-10-27,60,19,30.470986531420184,6.207501839086855,30.470986531420184,3.95,103.26144060842017,27.774153198086857,33.16781986475352,HIBRIDO_ANALOGO_CLIM,ANALOGO_DTW_HIBRIDO_CLIMATOLOGIA,30,10,0.2546372264675151,EXCLUIDA_UNIDADES_MIXTAS,26.86884247733056,0.0,26.86884247733056,NO_CORREGIDO_UNIDADES_MIXTAS
2026-10-10,ENAPU,29.0,2026-10-08,2026-10-28,60,20,29.667904966804418,5.126539673790692,29.667904966804418,3.95,103.29200084584559,26.038171633471087,33.29763830013775,HIBRIDO_ANALOGO_CLIM,ANALOGO_DTW_HIBRIDO_CLIMATOLOGIA,30,10,0.2546372264675151,EXCLUIDA_UNIDADES_MIXTAS,26.86884247733056,0.0,26.86884247733056,NO_CORREGIDO_UNIDADES_MIXTAS
2026-10-10,ENAPU,29.0,2026-10-08,2026-10-29,60,21,30.45882509312944,6.167611419163426,30.45882509312944,3.95,103.33246611502749,27.780991759796112,33.13665842646277,HIBRIDO_ANALOGO_CLIM,ANALOGO_DTW_HIBRIDO_CLIMATOLOGIA,30,10,0.2546372264675151,EXCLUIDA_UNIDADES_MIXTAS,26.86884247733056,0.0,26.86884247733056,NO_CORREGIDO_UNIDADES_MIXTAS
2026-10-10,ENAPU,29.0,2026-10-08,2026-10-30,60,22,30.45571738244875,6.149742057882629,30.45571738244875,3.95,103.37364335614711,27.815384049115426,33.09605071578208,HIBRIDO_ANALOGO_CLIM,ANALOGO_DTW_HIBRIDO_CLIMATOLOGIA,30,10,0.2546372264675151,EXCLUIDA_UNIDADES_MIXTAS,26.86884247733056,0.0,26.86884247733056,NO_CORREGIDO_UNIDADES_MIXTAS
2026-10-10,ENAPU,29.0,2026-10-08,2026-10-31,60,23,30.424230990635678,6.093892743547816,30.424230990635678,3.95,103.41524573189926,27.813397657302346,33.03506432396901,HIBRIDO_ANALOGO_CLIM,ANALOGO_DTW_HIBRIDO_CLIMATOLOGIA,30,10,0.2546372264675151,EXCLUIDA_UNIDADES_MIXTAS,26.86884247733056,0.0,26.86884247733056,NO_CORREGIDO_UNIDADES_MIXTAS
2026-10-10,ENAPU,29.0,2026-10-08,2026-11-01,60,24,30.525465359905823,6.059481674153613,30.525465359905823,3.95,103.92341641716246,27.969132026572492,33.08179869323915,HIBRIDO_ANALOGO_CLIM,ANALOGO_DTW_HIBRIDO_CLIMATOLOGIA,30,10,0.2546372264675151,EXCLUIDA_UNIDADES_MIXTAS,26.86884247733056,0.0,26.86884247733056,NO_CORREGIDO_UNIDADES_MIXTAS
2026-10-10,ENAPU,29.0,2026-10-08,2026-11-02,60,25,30.566086406628127,6.071229921369272,30.566086406628127,3.95,104.0506558624047,27.985753073294795,33.14641973996146,HIBRIDO_ANALOGO_CLIM,ANALOGO_DTW_HIBRIDO_CLIMATOLOGIA,30,10,0.2546372264675151,EXCLUIDA_UNIDADES_MIXTAS,26.86884247733056,0.0,26.86884247733056,NO_CORREGIDO_UNIDADES_MIXTAS
2026-10-10,ENAPU,29.0,2026-10-08,2026-11-03,60,26,30.63349243143857,6.142709804102948,30.63349243143857,3.95,104.10584031344544,28.033659098105236,33.2333257647719,HIBRIDO_ANALOGO_CLIM,ANALOGO_DTW_HIBRIDO_CLIMATOLOGIA,30,10,0.2546372264675151,EXCLUIDA_UNIDADES_MIXTAS,26.86884247733056,0.0,26.86884247733056,NO_CORREGIDO_UNIDADES_MIXTAS
2026-10-10,ENAPU,29.0,2026-10-08,2026-11-04,60,27,30.72168204178697,6.243979435556642,30.72168204178697,3.95,104.15478986047795,28.104348708453635,33.339015375120304,HIBRIDO_ANALOGO_CLIM,ANALOGO_DTW_HIBRIDO_CLIMATOLOGIA,30,10,0.2546372264675151,EXCLUIDA_UNIDADES_MIXTAS,26.86884247733056,0.0,26.86884247733056,NO_CORREGIDO_UNIDADES_MIXTAS
2026-10-10,ENAPU,29.0,2026-10-08,2026-11-05,60,28,30.80080782885811,6.335282616975438,30.80080782885811,3.95,104.19738346450613,28.16397449552478,33.43764116219144,HIBRIDO_ANALOGO_CLIM,ANALOGO_DTW_HIBRIDO_CLIMATOLOGIA,30,10,0.2546372264675151,EXCLUIDA_UNIDADES_MIXTAS,26.86884247733056,0.0,26.86884247733056,NO_CORREGIDO_UNIDADES_MIXTAS
2026-10-10,ENAPU,29.0,2026-10-08,2026-11-06,60,29,30.859708580467416,6.400743295205576,30.859708580467416,3.95,104.23660443625293,28.229875247134082,33.48954191380075,HIBRIDO_ANALOGO_CLIM,ANALOGO_DTW_HIBRIDO_CLIMATOLOGIA,30,10,0.2546372264675151,EXCLUIDA_UNIDADES_MIXTAS,26.86884247733056,0.0,26.86884247733056,NO_CORREGIDO_UNIDADES_MIXTAS
2026-10-10,ENAPU,29.0,2026-10-08,2026-11-07,60,30,30.903312338884103,6.44522564144953,30.903312338884103,3.95,104.27757243118782,28.16147900555077,33.64514567221743,HIBRIDO_ANALOGO_CLIM,ANALOGO_DTW_HIBRIDO_CLIMATOLOGIA,30,10,0.2546372264675151,EXCLUIDA_UNIDADES_MIXTAS,26.86884247733056,0.0,26.86884247733056,NO_CORREGIDO_UNIDADES_MIXTAS
2026-10-10,ENAPU,29.0,2026-10-08,2026-11-08,60,31,31.7649268632832,6.487448412818779,31.7649268632832,3.95,104.3357520920359,28.939593529949864,34.59026019661653,HIBRIDO_ANALOGO_CLIM,ANALOGO_DTW_HIBRIDO_CLIMATOLOGIA,30,10,0.2546372264675151,EXCLUIDA_UNIDADES_MIXTAS,26.86884247733056,0.0,26.86884247733056,NO_CORREGIDO_UNIDADES_MIXTAS
2026-10-10,ENAPU,29.0,2026-10-08,2026-11-09,60,32,32.63784691668191,6.550800595622898,32.63784691668191,3.95,104.3772242995942,29.751513583348576,35.52418025001524,HIBRIDO_ANALOGO_CLIM,ANALOGO_DTW_HIBRIDO_CLIMATOLOGIA,30,10,0.2546372264675151,EXCLUIDA_UNIDADES_MIXTAS,26.86884247733056,0.0,26.86884247733056,NO_CORREGIDO_UNIDADES_MIXTAS
2026-10-10,ENAPU,29.0,2026-10-08,2026-11-10,60,33,33.540184231928464,6.651594957213872,33.540184231928464,3.95,104.4282832289033,30.64435089859513,36.43601756526179,HIBRIDO_ANALOGO_CLIM,ANALOGO_DTW_HIBRIDO_CLIMATOLOGIA,30,10,0.2546372264675151,EXCLUIDA_UNIDADES_MIXTAS,26.86884247733056,0.0,26.86884247733056,NO_CORREGIDO_UNIDADES_MIXTAS
2026-10-10,ENAPU,29.0,2026-10-08,2026-11-11,60,34,34.45270051318772,6.765370484418515,34.45270051318772,3.95,104.48535882125103,31.541867179854396,37.36353384652105,HIBRIDO_ANALOGO_CLIM,ANALOGO_DTW_HIBRIDO_CLIMATOLOGIA,30,10,0.2546372264675151,EXCLUIDA_UNIDADES_MIXTAS,26.86884247733056,0.0,26.86884247733056,NO_CORREGIDO_UNIDADES_MIXTAS
2026-10-10,ENAPU,29.0,2026-10-08,2026-11-12,60,35,35.35333932849337,6.866827763642465,35.35333932849337,3.95,104.53486741455983,32.18150599516004,38.5251726618267,HIBRIDO_ANALOGO_CLIM,ANALOGO_DTW_HIBRIDO_CLIMATOLOGIA,30,10,0.2546372264675151,EXCLUIDA_UNIDADES_MIXTAS,26.86884247733056,0.0,26.86884247733056,NO_CORREGIDO_UNIDADES_MIXTAS
2026-10-10,ENAPU,29.0,2026-10-08,2026-11-13,60,36,36.26601102585964,6.979535948370705,36.26601102585964,3.95,104.60111954000048,32.71967769252631,39.81234435919297,HIBRIDO_ANALOGO_CLIM,ANALOGO_DTW_HIBRIDO_CLIMATOLOGIA,30,10,0.2546372264675151,EXCLUIDA_UNIDADES_MIXTAS,26.86884247733056,0.0,26.86884247733056,NO_CORREGIDO_UNIDADES_MIXTAS
2026-10-10,ENAPU,29.0,2026-10-08,2026-11-14,60,37,37.142529055086726,7.045153492497086,37.142529055086726,3.95,104.65826342522024,33.33219572175339,40.95286238842006,HIBRIDO_ANALOGO_CLIM,ANALOGO_DTW_HIBRIDO_CLIMATOLOGIA,30,10,0.2546372264675151,EXCLUIDA_UNIDADES_MIXTAS,26.86884247733056,0.0,26.86884247733056,NO_CORREGIDO_UNIDADES_MIXTAS
2026-10-10,ENAPU,29.0,2026-10-08,2026-11-15,60,38,37.98642248425804,7.082381779185696,37.98642248425804,3.95,104.67408926888784,34.06108915092471,41.91175581759137,HIBRIDO_ANALOGO_CLIM,ANALOGO_DTW_HIBRIDO_CLIMATOLOGIA,30,10,0.2546372264675151,EXCLUIDA_UNIDADES_MIXTAS,26.86884247733056,0.0,26.86884247733056,NO_CORREGIDO_UNIDADES_MIXTAS
2026-10-10,ENAPU,29.0,2026-10-08,2026-11-16,60,39,38.82763510624713,7.108370320232744,38.82763510624713,3.95,104.70610812335394,34.880301772913796,42.77496843958046,HIBRIDO_ANALOGO_CLIM,ANALOGO_DTW_HIBRIDO_CLIMATOLOGIA,30,10,0.2546372264675151,EXCLUIDA_UNIDADES_MIXTAS,26.86884247733056,0.0,26.86884247733056,NO_CORREGIDO_UNIDADES_MIXTAS
2026-10-10,ENAPU,29.0,2026-10-08,2026-11-17,60,40,39.68901239862202,7.170180641346377,39.68901239862202,3.95,104.72667591317334,35.73667906528869,43.641345731955354,HIBRIDO_ANALOGO_CLIM,ANALOGO_DTW_HIBRIDO_CLIMATOLOGIA,30,10,0.2546372264675151,EXCLUIDA_UNIDADES_MIXTAS,26.86884247733056,0.0,26.86884247733056,NO_CORREGIDO_UNIDADES_MIXTAS
2026-10-10,ENAPU,29.0,2026-10-08,2026-11-18,60,41,40.6350122127723,7.358449784138175,40.6350122127723,3.95,104.7532666484332,36.676678879438974,44.59334554610563,HIBRIDO_ANALOGO_CLIM,ANALOGO_DTW_HIBRIDO_CLIMATOLOGIA,30,10,0.2546372264675151,EXCLUIDA_UNIDADES_MIXTAS,26.86884247733056,0.0,26.86884247733056,NO_CORREGIDO_UNIDADES_MIXTAS
2026-10-10,ENAPU,29.0,2026-10-08,2026-11-19,60,42,41.62684341644854,7.614706522037268,41.62684341644854,3.95,104.79224050606948,37.630510083115205,45.62317674978187,HIBRIDO_ANALOGO_CLIM,ANALOGO_DTW_HIBRIDO_CLIMATOLOGIA,30,10,0.2546372264675151,EXCLUIDA_UNIDADES_MIXTAS,26.86884247733056,0.0,26.86884247733056,NO_CORREGIDO_UNIDADES_MIXTAS
2026-10-10,ENAPU,29.0,2026-10-08,2026-11-20,60,43,42.5590090441741,7.785906367154256,42.5590090441741,3.95,104.82712314023286,38.344175710840766,46.77384237750743,HIBRIDO_ANALOGO_CLIM,ANALOGO_DTW_HIBRIDO_CLIMATOLOGIA,30,10,0.2546372264675151,EXCLUIDA_UNIDADES_MIXTAS,26.86884247733056,0.0,26.86884247733056,NO_CORREGIDO_UNIDADES_MIXTAS
2026-10-10,ENAPU,29.0,2026-10-08,2026-11-21,60,44,43.44830975046784,7.8898859194824205,43.44830975046784,3.95,104.86740545853355,38.87647641713451,48.02014308380117,HIBRIDO_ANALOGO_CLIM,ANALOGO_DTW_HIBRIDO_CLIMATOLOGIA,30,10,0.2546372264675151,EXCLUIDA_UNIDADES_MIXTAS,26.86884247733056,0.0,26.86884247733056,NO_CORREGIDO_UNIDADES_MIXTAS
2026-10-10,ENAPU,29.0,2026-10-08,2026-11-22,60,45,44.31688618992374,7.962191402732057,44.31688618992374,3.95,104.90804416857655,39.525552856590416,49.10821952325708,HIBRIDO_ANALOGO_CLIM,ANALOGO_DTW_HIBRIDO_CLIMATOLOGIA,30,10,0.2546372264675151,EXCLUIDA_UNIDADES_MIXTAS,26.86884247733056,0.0,26.86884247733056,NO_CORREGIDO_UNIDADES_MIXTAS
2026-10-10,ENAPU,29.0,2026-10-08,2026-11-23,60,46,45.17850837120879,8.02559524841944,45.17850837120879,3.95,104.94623817743516,40.24717503787546,50.10984170454212,HIBRIDO_ANALOGO_CLIM,ANALOGO_DTW_HIBRIDO_CLIMATOLOGIA,30,10,0.2546372264675151,EXCLUIDA_UNIDADES_MIXTAS,26.86884247733056,0.0,26.86884247733056,NO_CORREGIDO_UNIDADES_MIXTAS
2026-10-10,ENAPU,29.0,2026-10-08,2026-11-24,60,47,46.02839558523409,8.080401525148005,46.02839558523409,3.95,104.96889699770824,41.093062251900754,50.963728918567426,HIBRIDO_ANALOGO_CLIM,ANALOGO_DTW_HIBRIDO_CLIMATOLOGIA,30,10,0.2546372264675151,EXCLUIDA_UNIDADES_MIXTAS,26.86884247733056,0.0,26.86884247733056,NO_CORREGIDO_UNIDADES_MIXTAS
2026-10-10,ENAPU,29.0,2026-10-08,2026-11-25,60,48,46.87461714293246,8.133984219057247,46.87461714293246,3.95,104.98556652874527,41.95378380959913,51.795450476265785,HIBRIDO_ANALOGO_CLIM,ANALOGO_DTW_HIBRIDO_CLIMATOLOGIA,30,10,0.2546372264675151,EXCLUIDA_UNIDADES_MIXTAS,26.86884247733056,0.0,26.86884247733056,NO_CORREGIDO_UNIDADES_MIXTAS
2026-10-10,ENAPU,29.0,2026-10-08,2026-11-26,60,49,47.72426678238392,8.182170726990671,47.72426678238392,3.95,105.01995698509658,42.82793344905058,52.62060011571725,HIBRIDO_ANALOGO_CLIM,ANALOGO_DTW_HIBRIDO_CLIMATOLOGIA,30,10,0.2546372264675151,EXCLUIDA_UNIDADES_MIXTAS,26.86884247733056,0.0,26.86884247733056,NO_CORREGIDO_UNIDADES_MIXTAS
2026-10-10,ENAPU,29.0,2026-10-08,2026-11-27,60,50,48.57611073308175,8.233064150714885,48.57611073308175,3.95,105.05637594839534,43.66827739974841,53.48394406641508,HIBRIDO_ANALOGO_CLIM,ANALOGO_DTW_HIBRIDO_CLIMATOLOGIA,30,10,0.2546372264675151,EXCLUIDA_UNIDADES_MIXTAS,26.86884247733056,0.0,26.86884247733056,NO_CORREGIDO_UNIDADES_MIXTAS
2026-10-10,ENAPU,29.0,2026-10-08,2026-11-28,60,51,49.40936122126314,8.24206275347533,49.40936122126314,3.95,105.10629444238782,44.49352788792981,54.32519455459648,HIBRIDO_ANALOGO_CLIM,ANALOGO_DTW_HIBRIDO_CLIMATOLOGIA,30,10,0.2546372264675151,EXCLUIDA_UNIDADES_MIXTAS,26.86884247733056,0.0,26.86884247733056,NO_CORREGIDO_UNIDADES_MIXTAS
2026-10-10,ENAPU,29.0,2026-10-08,2026-11-29,60,52,50.22927777573388,8.22127946744311,50.22927777573388,3.95,105.16281402503719,45.31594444240055,55.142611109067204,HIBRIDO_ANALOGO_CLIM,ANALOGO_DTW_HIBRIDO_CLIMATOLOGIA,30,10,0.2546372264675151,EXCLUIDA_UNIDADES_MIXTAS,26.86884247733056,0.0,26.86884247733056,NO_CORREGIDO_UNIDADES_MIXTAS
2026-10-10,ENAPU,29.0,2026-10-08,2026-11-30,60,53,51.05108258503586,8.207004100955814,51.05108258503586,3.95,105.21246481962761,46.14524925170253,55.95691591836919,HIBRIDO_ANALOGO_CLIM,ANALOGO_DTW_HIBRIDO_CLIMATOLOGIA,30,10,0.2546372264675151,EXCLUIDA_UNIDADES_MIXTAS,26.86884247733056,0.0,26.86884247733056,NO_CORREGIDO_UNIDADES_MIXTAS
2026-10-10,ENAPU,29.0,2026-10-08,2026-12-01,60,54,52.11075433430188,8.23114144765026,52.11075433430188,3.95,105.7413923068761,47.20692100096855,57.014587667635205,HIBRIDO_ANALOGO_CLIM,ANALOGO_DTW_HIBRIDO_CLIMATOLOGIA,30,10,0.2546372264675151,EXCLUIDA_UNIDADES_MIXTAS,26.86884247733056,0.0,26.86884247733056,NO_CORREGIDO_UNIDADES_MIXTAS
2026-10-10,ENAPU,29.0,2026-10-08,2026-12-02,60,55,53.02845295289558,8.278432666480793,53.02845295289558,3.95,105.91484056411306,48.115369619562244,57.94153628622891,HIBRIDO_ANALOGO_CLIM,ANALOGO_DTW_HIBRIDO_CLIMATOLOGIA,30,10,0.2546372264675151,EXCLUIDA_UNIDADES_MIXTAS,26.86884247733056,0.0,26.86884247733056,NO_CORREGIDO_UNIDADES_MIXTAS
2026-10-10,ENAPU,29.0,2026-10-08,2026-12-03,60,56,53.89193514780314,8.343858406433956,53.89193514780314,3.95,105.9468799950822,48.78585181446981,58.99801848113647,HIBRIDO_ANALOGO_CLIM,ANALOGO_DTW_HIBRIDO_CLIMATOLOGIA,30,10,0.2546372264675151,EXCLUIDA_UNIDADES_MIXTAS,26.86884247733056,0.0,26.86884247733056,NO_CORREGIDO_UNIDADES_MIXTAS
2026-10-10,ENAPU,29.0,2026-10-08,2026-12-04,60,57,54.75803584026816,8.413812003177052,54.75803584026816,3.95,105.98059902863201,49.35495250693482,60.161119173601485,HIBRIDO_ANALOGO_CLIM,ANALOGO_DTW_HIBRIDO_CLIMATOLOGIA,30,10,0.2546372264675151,EXCLUIDA_UNIDADES_MIXTAS,26.86884247733056,0.0,26.86884247733056,NO_CORREGIDO_UNIDADES_MIXTAS
2026-10-10,ENAPU,29.0,2026-10-08,2026-12-05,60,58,55.444682229553074,8.500906992920184,55.444682229553074,3.95,105.62595920664339,49.76059889621975,61.12876556288641,HIBRIDO_ANALOGO_CLIM,ANALOGO_DTW_HIBRIDO_CLIMATOLOGIA,30,10,0.2546372264675151,EXCLUIDA_UNIDADES_MIXTAS,26.86884247733056,0.0,26.86884247733056,NO_CORREGIDO_UNIDADES_MIXTAS
2026-10-10,ENAPU,29.0,2026-10-08,2026-12-06,60,59,56.338591807826525,8.621006146876274,56.338591807826525,3.95,105.67372274541916,50.451508474493195,62.225675141159854,HIBRIDO_ANALOGO_CLIM,ANALOGO_DTW_HIBRIDO_CLIMATOLOGIA,30,10,0.2546372264675151,EXCLUIDA_UNIDADES_MIXTAS,26.86884247733056,0.0,26.86884247733056,NO_CORREGIDO_UNIDADES_MIXTAS
2026-10-10,ENAPU,29.0,2026-10-08,2026-12-07,60,60,57.222241488119494,8.71031218490033,57.222241488119494,3.95,105.73417079133866,51.16415815478616,63.28032482145282,HIBRIDO_ANALOGO_CLIM,ANALOGO_DTW_HIBRIDO_CLIMATOLOGIA,30,10,0.2546372264675151,EXCLUIDA_UNIDADES_MIXTAS,26.86884247733056,0.0,26.86884247733056,NO_CORREGIDO_UNIDADES_MIXTAS
2026-10-10,ENAPU,29.0,2026-10-08,2026-10-09,90,1,30.81884247733056,6.887860435761136,30.81884247733056,3.95,102.61178860203883,29.83375914399723,31.80392581066389,HIBRIDO_ANALOGO_CLIM,ANALOGO_DTW_HIBRIDO_CLIMATOLOGIA,30,10,0.2546372264675151,EXCLUIDA_UNIDADES_MIXTAS,26.86884247733056,0.0,26.86884247733056,NO_CORREGIDO_UNIDADES_MIXTAS
2026-10-10,ENAPU,29.0,2026-10-08,2026-10-10,90,2,30.776024886051452,6.823426048918346,30.776024886051452,3.95,102.63382139745077,29.657441552718126,31.894608219384782,HIBRIDO_ANALOGO_CLIM,ANALOGO_DTW_HIBRIDO_CLIMATOLOGIA,30,10,0.2546372264675151,EXCLUIDA_UNIDADES_MIXTAS,26.86884247733056,0.0,26.86884247733056,NO_CORREGIDO_UNIDADES_MIXTAS
2026-10-10,ENAPU,29.0,2026-10-08,2026-10-11,90,3,30.763321540387782,6.796053889635555,30.763321540387782,3.95,102.66512449264447,29.59473820705445,31.93190487372111,HIBRIDO_ANALOGO_CLIM,ANALOGO_DTW_HIBRIDO_CLIMATOLOGIA,30,10,0.2546372264675151,EXCLUIDA_UNIDADES_MIXTAS,26.86884247733056,0.0,26.86884247733056,NO_CORREGIDO_UNIDADES_MIXTAS
2026-10-10,ENAPU,29.0,2026-10-08,2026-10-12,90,4,30.743946159169496,6.759913730383209,30.743946159169496,3.95,102.69604344552836,29.257112825836167,32.23077949250283,HIBRIDO_ANALOGO_CLIM,ANALOGO_DTW_HIBRIDO_CLIMATOLOGIA,30,10,0.2546372264675151,EXCLUIDA_UNIDADES_MIXTAS,26.86884247733056,0.0,26.86884247733056,NO_CORREGIDO_UNIDADES_MIXTAS
2026-10-10,ENAPU,29.0,2026-10-08,2026-10-13,90,5,30.71586724640573,6.703361552463256,30.71586724640573,3.95,102.75338432823315,28.9825339130724,32.449200579739056,HIBRIDO_ANALOGO_CLIM,ANALOGO_DTW_HIBRIDO_CLIMATOLOGIA,30,10,0.2546372264675151,EXCLUIDA_UNIDADES_MIXTAS,26.86884247733056,0.0,26.86884247733056,NO_CORREGIDO_UNIDADES_MIXTAS
2026-10-10,ENAPU,29.0,2026-10-08,2026-10-14,90,6,30.68727311552463,6.646114032821678,30.68727311552463,3.95,102.81075036363349,28.944689782191297,32.42985644885796,HIBRIDO_ANALOGO_CLIM,ANALOGO_DTW_HIBRIDO_CLIMATOLOGIA,30,10,0.2546372264675151,EXCLUIDA_UNIDADES_MIXTAS,26.86884247733056,0.0,26.86884247733056,NO_CORREGIDO_UNIDADES_MIXTAS
2026-10-10,ENAPU,29.0,2026-10-08,2026-10-15,90,7,30.682839088816092,6.614038950975109,30.682839088816092,3.95,102.88923950233904,28.850755755482762,32.514922422149425,HIBRIDO_ANALOGO_CLIM,ANALOGO_DTW_HIBRIDO_CLIMATOLOGIA,30,10,0.2546372264675151,EXCLUIDA_UNIDADES_MIXTAS,26.86884247733056,0.0,26.86884247733056,NO_CORREGIDO_UNIDADES_MIXTAS
2026-10-10,ENAPU,29.0,2026-10-08,2026-10-16,90,8,30.6756834655206,6.5845419408704595,30.6756834655206,3.95,102.94910803947101,28.81210013218727,32.53926679885393,HIBRIDO_ANALOGO_CLIM,ANALOGO_DTW_HIBRIDO_CLIMATOLOGIA,30,10,0.2546372264675151,EXCLUIDA_UNIDADES_MIXTAS,26.86884247733056,0.0,26.86884247733056,NO_CORREGIDO_UNIDADES_MIXTAS
2026-10-10,ENAPU,29.0,2026-10-08,2026-10-17,90,9,30.660467890381153,6.5438559846582995,30.660467890381153,3.95,103.01030360754972,28.75188455704782,32.56905122371448,HIBRIDO_ANALOGO_CLIM,ANALOGO_DTW_HIBRIDO_CLIMATOLOGIA,30,10,0.2546372264675151,EXCLUIDA_UNIDADES_MIXTAS,26.86884247733056,0.0,26.86884247733056,NO_CORREGIDO_UNIDADES_MIXTAS
2026-10-10,ENAPU,29.0,2026-10-08,2026-10-18,90,10,30.644732228491165,6.51142512901344,30.644732228491165,3.95,103.04465352692434,28.643148895157836,32.646315561824494,HIBRIDO_ANALOGO_CLIM,ANALOGO_DTW_HIBRIDO_CLIMATOLOGIA,30,10,0.2546372264675151,EXCLUIDA_UNIDADES_MIXTAS,26.86884247733056,0.0,26.86884247733056,NO_CORREGIDO_UNIDADES_MIXTAS
2026-10-10,ENAPU,29.0,2026-10-08,2026-10-19,90,11,30.655559496106072,6.515246660220812,30.655559496106072,3.95,103.07649800376186,28.580976162772743,32.7301428294394,HIBRIDO_ANALOGO_CLIM,ANALOGO_DTW_HIBRIDO_CLIMATOLOGIA,30,10,0.2546372264675151,EXCLUIDA_UNIDADES_MIXTAS,26.86884247733056,0.0,26.86884247733056,NO_CORREGIDO_UNIDADES_MIXTAS
2026-10-10,ENAPU,29.0,2026-10-08,2026-10-20,90,12,30.705448798962447,6.566686187282389,30.705448798962447,3.95,103.12173663400262,28.680365465629116,32.73053213229578,HIBRIDO_ANALOGO_CLIM,ANALOGO_DTW_HIBRIDO_CLIMATOLOGIA,30,10,0.2546372264675151,EXCLUIDA_UNIDADES_MIXTAS,26.86884247733056,0.0,26.86884247733056,NO_CORREGIDO_UNIDADES_MIXTAS
2026-10-10,ENAPU,29.0,2026-10-08,2026-10-21,90,13,30.697713878308107,6.545698418711349,30.697713878308107,3.95,103.15376025709838,28.641380544974776,32.754047211641435,HIBRIDO_ANALOGO_CLIM,ANALOGO_DTW_HIBRIDO_CLIMATOLOGIA,30,10,0.2546372264675151,EXCLUIDA_UNIDADES_MIXTAS,26.86884247733056,0.0,26.86884247733056,NO_CORREGIDO_UNIDADES_MIXTAS
2026-10-10,ENAPU,29.0,2026-10-08,2026-10-22,90,14,30.729981104308557,6.5809879354072525,30.729981104308557,3.95,103.17696061101248,28.600647770975225,32.859314437641885,HIBRIDO_ANALOGO_CLIM,ANALOGO_DTW_HIBRIDO_CLIMATOLOGIA,30,10,0.2546372264675151,EXCLUIDA_UNIDADES_MIXTAS,26.86884247733056,0.0,26.86884247733056,NO_CORREGIDO_UNIDADES_MIXTAS
2026-10-10,ENAPU,29.0,2026-10-08,2026-10-23,90,15,30.69711439106387,6.531437099654915,30.69711439106387,3.95,103.19414626529074,28.470781057730537,32.9234477243972,HIBRIDO_ANALOGO_CLIM,ANALOGO_DTW_HIBRIDO_CLIMATOLOGIA,30,10,0.2546372264675151,EXCLUIDA_UNIDADES_MIXTAS,26.86884247733056,0.0,26.86884247733056,NO_CORREGIDO_UNIDADES_MIXTAS
2026-10-10,ENAPU,29.0,2026-10-08,2026-10-24,90,16,30.643666964398808,6.4534960823722916,30.643666964398808,3.95,103.21417961047835,28.29033363106548,32.997000297732136,HIBRIDO_ANALOGO_CLIM,ANALOGO_DTW_HIBRIDO_CLIMATOLOGIA,30,10,0.2546372264675151,EXCLUIDA_UNIDADES_MIXTAS,26.86884247733056,0.0,26.86884247733056,NO_CORREGIDO_UNIDADES_MIXTAS
2026-10-10,ENAPU,29.0,2026-10-08,2026-10-25,90,17,30.59222603393825,6.37777072266132,30.59222603393825,3.95,103.23559196776904,28.17889270060492,33.00555936727158,HIBRIDO_ANALOGO_CLIM,ANALOGO_DTW_HIBRIDO_CLIMATOLOGIA,30,10,0.2546372264675151,EXCLUIDA_UNIDADES_MIXTAS,26.86884247733056,0.0,26.86884247733056,NO_CORREGIDO_UNIDADES_MIXTAS
2026-10-10,ENAPU,29.0,2026-10-08,2026-10-26,90,18,30.521711833783826,6.280804845539248,30.521711833783826,3.95,103.24443279851756,27.938378500450494,33.105045167117154,HIBRIDO_ANALOGO_CLIM,ANALOGO_DTW_HIBRIDO_CLIMATOLOGIA,30,10,0.2546372264675151,EXCLUIDA_UNIDADES_MIXTAS,26.86884247733056,0.0,26.86884247733056,NO_CORREGIDO_UNIDADES_MIXTAS
2026-10-10,ENAPU,29.0,2026-10-08,2026-10-27,90,19,30.470986531420184,6.207501839086855,30.470986531420184,3.95,103.26144060842017,27.774153198086857,33.16781986475352,HIBRIDO_ANALOGO_CLIM,ANALOGO_DTW_HIBRIDO_CLIMATOLOGIA,30,10,0.2546372264675151,EXCLUIDA_UNIDADES_MIXTAS,26.86884247733056,0.0,26.86884247733056,NO_CORREGIDO_UNIDADES_MIXTAS
2026-10-10,ENAPU,29.0,2026-10-08,2026-10-28,90,20,29.667904966804418,5.126539673790692,29.667904966804418,3.95,103.29200084584559,26.038171633471087,33.29763830013775,HIBRIDO_ANALOGO_CLIM,ANALOGO_DTW_HIBRIDO_CLIMATOLOGIA,30,10,0.2546372264675151,EXCLUIDA_UNIDADES_MIXTAS,26.86884247733056,0.0,26.86884247733056,NO_CORREGIDO_UNIDADES_MIXTAS
2026-10-10,ENAPU,29.0,2026-10-08,2026-10-29,90,21,30.45882509312944,6.167611419163426,30.45882509312944,3.95,103.33246611502749,27.780991759796112,33.13665842646277,HIBRIDO_ANALOGO_CLIM,ANALOGO_DTW_HIBRIDO_CLIMATOLOGIA,30,10,0.2546372264675151,EXCLUIDA_UNIDADES_MIXTAS,26.86884247733056,0.0,26.86884247733056,NO_CORREGIDO_UNIDADES_MIXTAS
2026-10-10,ENAPU,29.0,2026-10-08,2026-10-30,90,22,30.45571738244875,6.149742057882629,30.45571738244875,3.95,103.37364335614711,27.815384049115426,33.09605071578208,HIBRIDO_ANALOGO_CLIM,ANALOGO_DTW_HIBRIDO_CLIMATOLOGIA,30,10,0.2546372264675151,EXCLUIDA_UNIDADES_MIXTAS,26.86884247733056,0.0,26.86884247733056,NO_CORREGIDO_UNIDADES_MIXTAS
2026-10-10,ENAPU,29.0,2026-10-08,2026-10-31,90,23,30.424230990635678,6.093892743547816,30.424230990635678,3.95,103.41524573189926,27.813397657302346,33.03506432396901,HIBRIDO_ANALOGO_CLIM,ANALOGO_DTW_HIBRIDO_CLIMATOLOGIA,30,10,0.2546372264675151,EXCLUIDA_UNIDADES_MIXTAS,26.86884247733056,0.0,26.86884247733056,NO_CORREGIDO_UNIDADES_MIXTAS
2026-10-10,ENAPU,29.0,2026-10-08,2026-11-01,90,24,30.525465359905823,6.059481674153613,30.525465359905823,3.95,103.92341641716246,27.969132026572492,33.08179869323915,HIBRIDO_ANALOGO_CLIM,ANALOGO_DTW_HIBRIDO_CLIMATOLOGIA,30,10,0.2546372264675151,EXCLUIDA_UNIDADES_MIXTAS,26.86884247733056,0.0,26.86884247733056,NO_CORREGIDO_UNIDADES_MIXTAS
2026-10-10,ENAPU,29.0,2026-10-08,2026-11-02,90,25,30.566086406628127,6.071229921369272,30.566086406628127,3.95,104.0506558624047,27.985753073294795,33.14641973996146,HIBRIDO_ANALOGO_CLIM,ANALOGO_DTW_HIBRIDO_CLIMATOLOGIA,30,10,0.2546372264675151,EXCLUIDA_UNIDADES_MIXTAS,26.86884247733056,0.0,26.86884247733056,NO_CORREGIDO_UNIDADES_MIXTAS
2026-10-10,ENAPU,29.0,2026-10-08,2026-11-03,90,26,30.63349243143857,6.142709804102948,30.63349243143857,3.95,104.10584031344544,28.033659098105236,33.2333257647719,HIBRIDO_ANALOGO_CLIM,ANALOGO_DTW_HIBRIDO_CLIMATOLOGIA,30,10,0.2546372264675151,EXCLUIDA_UNIDADES_MIXTAS,26.86884247733056,0.0,26.86884247733056,NO_CORREGIDO_UNIDADES_MIXTAS
2026-10-10,ENAPU,29.0,2026-10-08,2026-11-04,90,27,30.72168204178697,6.243979435556642,30.72168204178697,3.95,104.15478986047795,28.104348708453635,33.339015375120304,HIBRIDO_ANALOGO_CLIM,ANALOGO_DTW_HIBRIDO_CLIMATOLOGIA,30,10,0.2546372264675151,EXCLUIDA_UNIDADES_MIXTAS,26.86884247733056,0.0,26.86884247733056,NO_CORREGIDO_UNIDADES_MIXTAS
2026-10-10,ENAPU,29.0,2026-10-08,2026-11-05,90,28,30.80080782885811,6.335282616975438,30.80080782885811,3.95,104.19738346450613,28.16397449552478,33.43764116219144,HIBRIDO_ANALOGO_CLIM,ANALOGO_DTW_HIBRIDO_CLIMATOLOGIA,30,10,0.2546372264675151,EXCLUIDA_UNIDADES_MIXTAS,26.86884247733056,0.0,26.86884247733056,NO_CORREGIDO_UNIDADES_MIXTAS
2026-10-10,ENAPU,29.0,2026-10-08,2026-11-06,90,29,30.859708580467416,6.400743295205576,30.859708580467416,3.95,104.23660443625293,28.229875247134082,33.48954191380075,HIBRIDO_ANALOGO_CLIM,ANALOGO_DTW_HIBRIDO_CLIMATOLOGIA,30,10,0.2546372264675151,EXCLUIDA_UNIDADES_MIXTAS,26.86884247733056,0.0,26.86884247733056,NO_CORREGIDO_UNIDADES_MIXTAS
2026-10-10,ENAPU,29.0,2026-10-08,2026-11-07,90,30,30.903312338884103,6.44522564144953,30.903312338884103,3.95,104.27757243118782,28.16147900555077,33.64514567221743,HIBRIDO_ANALOGO_CLIM,ANALOGO_DTW_HIBRIDO_CLIMATOLOGIA,30,10,0.2546372264675151,EXCLUIDA_UNIDADES_MIXTAS,26.86884247733056,0.0,26.86884247733056,NO_CORREGIDO_UNIDADES_MIXTAS
2026-10-10,ENAPU,29.0,2026-10-08,2026-11-08,90,31,31.7649268632832,6.487448412818779,31.7649268632832,3.95,104.3357520920359,28.939593529949864,34.59026019661653,HIBRIDO_ANALOGO_CLIM,ANALOGO_DTW_HIBRIDO_CLIMATOLOGIA,30,10,0.2546372264675151,EXCLUIDA_UNIDADES_MIXTAS,26.86884247733056,0.0,26.86884247733056,NO_CORREGIDO_UNIDADES_MIXTAS
2026-10-10,ENAPU,29.0,2026-10-08,2026-11-09,90,32,32.63784691668191,6.550800595622898,32.63784691668191,3.95,104.3772242995942,29.751513583348576,35.52418025001524,HIBRIDO_ANALOGO_CLIM,ANALOGO_DTW_HIBRIDO_CLIMATOLOGIA,30,10,0.2546372264675151,EXCLUIDA_UNIDADES_MIXTAS,26.86884247733056,0.0,26.86884247733056,NO_CORREGIDO_UNIDADES_MIXTAS
2026-10-10,ENAPU,29.0,2026-10-08,2026-11-10,90,33,33.540184231928464,6.651594957213872,33.540184231928464,3.95,104.4282832289033,30.64435089859513,36.43601756526179,HIBRIDO_ANALOGO_CLIM,ANALOGO_DTW_HIBRIDO_CLIMATOLOGIA,30,10,0.2546372264675151,EXCLUIDA_UNIDADES_MIXTAS,26.86884247733056,0.0,26.86884247733056,NO_CORREGIDO_UNIDADES_MIXTAS
2026-10-10,ENAPU,29.0,2026-10-08,2026-11-11,90,34,34.45270051318772,6.765370484418515,34.45270051318772,3.95,104.48535882125103,31.541867179854396,37.36353384652105,HIBRIDO_ANALOGO_CLIM,ANALOGO_DTW_HIBRIDO_CLIMATOLOGIA,30,10,0.2546372264675151,EXCLUIDA_UNIDADES_MIXTAS,26.86884247733056,0.0,26.86884247733056,NO_CORREGIDO_UNIDADES_MIXTAS
2026-10-10,ENAPU,29.0,2026-10-08,2026-11-12,90,35,35.35333932849337,6.866827763642465,35.35333932849337,3.95,104.53486741455983,32.18150599516004,38.5251726618267,HIBRIDO_ANALOGO_CLIM,ANALOGO_DTW_HIBRIDO_CLIMATOLOGIA,30,10,0.2546372264675151,EXCLUIDA_UNIDADES_MIXTAS,26.86884247733056,0.0,26.86884247733056,NO_CORREGIDO_UNIDADES_MIXTAS
2026-10-10,ENAPU,29.0,2026-10-08,2026-11-13,90,36,36.26601102585964,6.979535948370705,36.26601102585964,3.95,104.60111954000048,32.71967769252631,39.81234435919297,HIBRIDO_ANALOGO_CLIM,ANALOGO_DTW_HIBRIDO_CLIMATOLOGIA,30,10,0.2546372264675151,EXCLUIDA_UNIDADES_MIXTAS,26.86884247733056,0.0,26.86884247733056,NO_CORREGIDO_UNIDADES_MIXTAS
2026-10-10,ENAPU,29.0,2026-10-08,2026-11-14,90,37,37.142529055086726,7.045153492497086,37.142529055086726,3.95,104.65826342522024,33.33219572175339,40.95286238842006,HIBRIDO_ANALOGO_CLIM,ANALOGO_DTW_HIBRIDO_CLIMATOLOGIA,30,10,0.2546372264675151,EXCLUIDA_UNIDADES_MIXTAS,26.86884247733056,0.0,26.86884247733056,NO_CORREGIDO_UNIDADES_MIXTAS
2026-10-10,ENAPU,29.0,2026-10-08,2026-11-15,90,38,37.98642248425804,7.082381779185696,37.98642248425804,3.95,104.67408926888784,34.06108915092471,41.91175581759137,HIBRIDO_ANALOGO_CLIM,ANALOGO_DTW_HIBRIDO_CLIMATOLOGIA,30,10,0.2546372264675151,EXCLUIDA_UNIDADES_MIXTAS,26.86884247733056,0.0,26.86884247733056,NO_CORREGIDO_UNIDADES_MIXTAS
2026-10-10,ENAPU,29.0,2026-10-08,2026-11-16,90,39,38.82763510624713,7.108370320232744,38.82763510624713,3.95,104.70610812335394,34.880301772913796,42.77496843958046,HIBRIDO_ANALOGO_CLIM,ANALOGO_DTW_HIBRIDO_CLIMATOLOGIA,30,10,0.2546372264675151,EXCLUIDA_UNIDADES_MIXTAS,26.86884247733056,0.0,26.86884247733056,NO_CORREGIDO_UNIDADES_MIXTAS
2026-10-10,ENAPU,29.0,2026-10-08,2026-11-17,90,40,39.68901239862202,7.170180641346377,39.68901239862202,3.95,104.72667591317334,35.73667906528869,43.641345731955354,HIBRIDO_ANALOGO_CLIM,ANALOGO_DTW_HIBRIDO_CLIMATOLOGIA,30,10,0.2546372264675151,EXCLUIDA_UNIDADES_MIXTAS,26.86884247733056,0.0,26.86884247733056,NO_CORREGIDO_UNIDADES_MIXTAS
2026-10-10,ENAPU,29.0,2026-10-08,2026-11-18,90,41,40.6350122127723,7.358449784138175,40.6350122127723,3.95,104.7532666484332,36.676678879438974,44.59334554610563,HIBRIDO_ANALOGO_CLIM,ANALOGO_DTW_HIBRIDO_CLIMATOLOGIA,30,10,0.2546372264675151,EXCLUIDA_UNIDADES_MIXTAS,26.86884247733056,0.0,26.86884247733056,NO_CORREGIDO_UNIDADES_MIXTAS
2026-10-10,ENAPU,29.0,2026-10-08,2026-11-19,90,42,41.62684341644854,7.614706522037268,41.62684341644854,3.95,104.79224050606948,37.630510083115205,45.62317674978187,HIBRIDO_ANALOGO_CLIM,ANALOGO_DTW_HIBRIDO_CLIMATOLOGIA,30,10,0.2546372264675151,EXCLUIDA_UNIDADES_MIXTAS,26.86884247733056,0.0,26.86884247733056,NO_CORREGIDO_UNIDADES_MIXTAS
2026-10-10,ENAPU,29.0,2026-10-08,2026-11-20,90,43,42.5590090441741,7.785906367154256,42.5590090441741,3.95,104.82712314023286,38.344175710840766,46.77384237750743,HIBRIDO_ANALOGO_CLIM,ANALOGO_DTW_HIBRIDO_CLIMATOLOGIA,30,10,0.2546372264675151,EXCLUIDA_UNIDADES_MIXTAS,26.86884247733056,0.0,26.86884247733056,NO_CORREGIDO_UNIDADES_MIXTAS
2026-10-10,ENAPU,29.0,2026-10-08,2026-11-21,90,44,43.44830975046784,7.8898859194824205,43.44830975046784,3.95,104.86740545853355,38.87647641713451,48.02014308380117,HIBRIDO_ANALOGO_CLIM,ANALOGO_DTW_HIBRIDO_CLIMATOLOGIA,30,10,0.2546372264675151,EXCLUIDA_UNIDADES_MIXTAS,26.86884247733056,0.0,26.86884247733056,NO_CORREGIDO_UNIDADES_MIXTAS
2026-10-10,ENAPU,29.0,2026-10-08,2026-11-22,90,45,44.31688618992374,7.962191402732057,44.31688618992374,3.95,104.90804416857655,39.525552856590416,49.10821952325708,HIBRIDO_ANALOGO_CLIM,ANALOGO_DTW_HIBRIDO_CLIMATOLOGIA,30,10,0.2546372264675151,EXCLUIDA_UNIDADES_MIXTAS,26.86884247733056,0.0,26.86884247733056,NO_CORREGIDO_UNIDADES_MIXTAS
2026-10-10,ENAPU,29.0,2026-10-08,2026-11-23,90,46,45.17850837120879,8.02559524841944,45.17850837120879,3.95,104.94623817743516,40.24717503787546,50.10984170454212,HIBRIDO_ANALOGO_CLIM,ANALOGO_DTW_HIBRIDO_CLIMATOLOGIA,30,10,0.2546372264675151,EXCLUIDA_UNIDADES_MIXTAS,26.86884247733056,0.0,26.86884247733056,NO_CORREGIDO_UNIDADES_MIXTAS
2026-10-10,ENAPU,29.0,2026-10-08,2026-11-24,90,47,46.02839558523409,8.080401525148005,46.02839558523409,3.95,104.96889699770824,41.093062251900754,50.963728918567426,HIBRIDO_ANALOGO_CLIM,ANALOGO_DTW_HIBRIDO_CLIMATOLOGIA,30,10,0.2546372264675151,EXCLUIDA_UNIDADES_MIXTAS,26.86884247733056,0.0,26.86884247733056,NO_CORREGIDO_UNIDADES_MIXTAS
2026-10-10,ENAPU,29.0,2026-10-08,2026-11-25,90,48,46.87461714293246,8.133984219057247,46.87461714293246,3.95,104.98556652874527,41.95378380959913,51.795450476265785,HIBRIDO_ANALOGO_CLIM,ANALOGO_DTW_HIBRIDO_CLIMATOLOGIA,30,10,0.2546372264675151,EXCLUIDA_UNIDADES_MIXTAS,26.86884247733056,0.0,26.86884247733056,NO_CORREGIDO_UNIDADES_MIXTAS
2026-10-10,ENAPU,29.0,2026-10-08,2026-11-26,90,49,47.72426678238392,8.182170726990671,47.72426678238392,3.95,105.01995698509658,42.82793344905058,52.62060011571725,HIBRIDO_ANALOGO_CLIM,ANALOGO_DTW_HIBRIDO_CLIMATOLOGIA,30,10,0.2546372264675151,EXCLUIDA_UNIDADES_MIXTAS,26.86884247733056,0.0,26.86884247733056,NO_CORREGIDO_UNIDADES_MIXTAS
2026-10-10,ENAPU,29.0,2026-10-08,2026-11-27,90,50,48.57611073308175,8.233064150714885,48.57611073308175,3.95,105.05637594839534,43.66827739974841,53.48394406641508,HIBRIDO_ANALOGO_CLIM,ANALOGO_DTW_HIBRIDO_CLIMATOLOGIA,30,10,0.2546372264675151,EXCLUIDA_UNIDADES_MIXTAS,26.86884247733056,0.0,26.86884247733056,NO_CORREGIDO_UNIDADES_MIXTAS
2026-10-10,ENAPU,29.0,2026-10-08,2026-11-28,90,51,49.40936122126314,8.24206275347533,49.40936122126314,3.95,105.10629444238782,44.49352788792981,54.32519455459648,HIBRIDO_ANALOGO_CLIM,ANALOGO_DTW_HIBRIDO_CLIMATOLOGIA,30,10,0.2546372264675151,EXCLUIDA_UNIDADES_MIXTAS,26.86884247733056,0.0,26.86884247733056,NO_CORREGIDO_UNIDADES_MIXTAS
2026-10-10,ENAPU,29.0,2026-10-08,2026-11-29,90,52,50.22927777573388,8.22127946744311,50.22927777573388,3.95,105.16281402503719,45.31594444240055,55.142611109067204,HIBRIDO_ANALOGO_CLIM,ANALOGO_DTW_HIBRIDO_CLIMATOLOGIA,30,10,0.2546372264675151,EXCLUIDA_UNIDADES_MIXTAS,26.86884247733056,0.0,26.86884247733056,NO_CORREGIDO_UNIDADES_MIXTAS
2026-10-10,ENAPU,29.0,2026-10-08,2026-11-30,90,53,51.05108258503586,8.207004100955814,51.05108258503586,3.95,105.21246481962761,46.14524925170253,55.95691591836919,HIBRIDO_ANALOGO_CLIM,ANALOGO_DTW_HIBRIDO_CLIMATOLOGIA,30,10,0.2546372264675151,EXCLUIDA_UNIDADES_MIXTAS,26.86884247733056,0.0,26.86884247733056,NO_CORREGIDO_UNIDADES_MIXTAS
2026-10-10,ENAPU,29.0,2026-10-08,2026-12-01,90,54,52.11075433430188,8.23114144765026,52.11075433430188,3.95,105.7413923068761,47.20692100096855,57.014587667635205,HIBRIDO_ANALOGO_CLIM,ANALOGO_DTW_HIBRIDO_CLIMATOLOGIA,30,10,0.2546372264675151,EXCLUIDA_UNIDADES_MIXTAS,26.86884247733056,0.0,26.86884247733056,NO_CORREGIDO_UNIDADES_MIXTAS
2026-10-10,ENAPU,29.0,2026-10-08,2026-12-02,90,55,53.02845295289558,8.278432666480793,53.02845295289558,3.95,105.91484056411306,48.115369619562244,57.94153628622891,HIBRIDO_ANALOGO_CLIM,ANALOGO_DTW_HIBRIDO_CLIMATOLOGIA,30,10,0.2546372264675151,EXCLUIDA_UNIDADES_MIXTAS,26.86884247733056,0.0,26.86884247733056,NO_CORREGIDO_UNIDADES_MIXTAS
2026-10-10,ENAPU,29.0,2026-10-08,2026-12-03,90,56,53.89193514780314,8.343858406433956,53.89193514780314,3.95,105.9468799950822,48.78585181446981,58.99801848113647,HIBRIDO_ANALOGO_CLIM,ANALOGO_DTW_HIBRIDO_CLIMATOLOGIA,30,10,0.2546372264675151,EXCLUIDA_UNIDADES_MIXTAS,26.86884247733056,0.0,26.86884247733056,NO_CORREGIDO_UNIDADES_MIXTAS
2026-10-10,ENAPU,29.0,2026-10-08,2026-12-04,90,57,54.75803584026816,8.413812003177052,54.75803584026816,3.95,105.98059902863201,49.35495250693482,60.161119173601485,HIBRIDO_ANALOGO_CLIM,ANALOGO_DTW_HIBRIDO_CLIMATOLOGIA,30,10,0.2546372264675151,EXCLUIDA_UNIDADES_MIXTAS,26.86884247733056,0.0,26.86884247733056,NO_CORREGIDO_UNIDADES_MIXTAS
2026-10-10,ENAPU,29.0,2026-10-08,2026-12-05,90,58,55.444682229553074,8.500906992920184,55.444682229553074,3.95,105.62595920664339,49.76059889621975,61.12876556288641,HIBRIDO_ANALOGO_CLIM,ANALOGO_DTW_HIBRIDO_CLIMATOLOGIA,30,10,0.2546372264675151,EXCLUIDA_UNIDADES_MIXTAS,26.86884247733056,0.0,26.86884247733056,NO_CORREGIDO_UNIDADES_MIXTAS
2026-10-10,ENAPU,29.0,2026-10-08,2026-12-06,90,59,56.338591807826525,8.621006146876274,56.338591807826525,3.95,105.67372274541916,50.451508474493195,62.225675141159854,HIBRIDO_ANALOGO_CLIM,ANALOGO_DTW_HIBRIDO_CLIMATOLOGIA,30,10,0.2546372264675151,EXCLUIDA_UNIDADES_MIXTAS,26.86884247733056,0.0,26.86884247733056,NO_CORREGIDO_UNIDADES_MIXTAS
2026-10-10,ENAPU,29.0,2026-10-08,2026-12-07,90,60,57.222241488119494,8.71031218490033,57.222241488119494,3.95,105.73417079133866,51.16415815478616,63.28032482145282,HIBRIDO_ANALOGO_CLIM,ANALOGO_DTW_HIBRIDO_CLIMATOLOGIA,30,10,0.2546372264675151,EXCLUIDA_UNIDADES_MIXTAS,26.86884247733056,0.0,26.86884247733056,NO_CORREGIDO_UNIDADES_MIXTAS
2026-10-10,ENAPU,29.0,2026-10-08,2026-12-08,90,61,58.10177490706857,8.782936223849338,58.10177490706857,3.95,105.80360248591995,51.903191573735235,64.30035824040189,HIBRIDO_ANALOGO_CLIM,ANALOGO_DTW_HIBRIDO_CLIMATOLOGIA,30,10,0.2546372264675151,EXCLUIDA_UNIDADES_MIXTAS,26.86884247733056,0.0,26.86884247733056,NO_CORREGIDO_UNIDADES_MIXTAS
2026-10-10,ENAPU,29.0,2026-10-08,2026-12-09,90,62,58.9494051206985,8.815474324207162,58.9494051206985,3.95,105.8488887690291,52.56482178736517,65.33398845403184,HIBRIDO_ANALOGO_CLIM,ANALOGO_DTW_HIBRIDO_CLIMATOLOGIA,30,10,0.2546372264675151,EXCLUIDA_UNIDADES_MIXTAS,26.86884247733056,0.0,26.86884247733056,NO_CORREGIDO_UNIDADES_MIXTAS
2026-10-10,ENAPU,29.0,2026-10-08,2026-12-10,90,63,59.799927070465394,8.84487699423181,59.799927070465394,3.95,105.90211523467673,53.30034373713206,66.29951040379872,HIBRIDO_ANALOGO_CLIM,ANALOGO_DTW_HIBRIDO_CLIMATOLOGIA,30,10,0.2546372264675151,EXCLUIDA_UNIDADES_MIXTAS,26.86884247733056,0.0,26.86884247733056,NO_CORREGIDO_UNIDADES_MIXTAS
2026-10-10,ENAPU,29.0,2026-10-08,2026-12-11,90,64,60.624843704861014,8.844405847143419,60.624843704861014,3.95,105.93272683036392,54.082760371527684,67.16692703819434,HIBRIDO_ANALOGO_CLIM,ANALOGO_DTW_HIBRIDO_CLIMATOLOGIA,30,10,0.2546372264675151,EXCLUIDA_UNIDADES_MIXTAS,26.86884247733056,0.0,26.86884247733056,NO_CORREGIDO_UNIDADES_MIXTAS
2026-10-10,ENAPU,29.0,2026-10-08,2026-12-12,90,65,61.42479495985382,8.781937039365433,61.42479495985382,3.95,105.96875166180554,54.853711626520486,67.99587829318715,HIBRIDO_ANALOGO_CLIM,ANALOGO_DTW_HIBRIDO_CLIMATOLOGIA,30,10,0.2546372264675151,EXCLUIDA_UNIDADES_MIXTAS,26.86884247733056,0.0,26.86884247733056,NO_CORREGIDO_UNIDADES_MIXTAS
2026-10-10,ENAPU,29.0,2026-10-08,2026-12-13,90,66,62.424008498395715,8.6733014092374,62.424008498395715,3.95,106.4018597531616,55.83242516506239,69.01559183172904,HIBRIDO_ANALOGO_CLIM,ANALOGO_DTW_HIBRIDO_CLIMATOLOGIA,30,10,0.2546372264675151,EXCLUIDA_UNIDADES_MIXTAS,26.86884247733056,0.0,26.86884247733056,NO_CORREGIDO_UNIDADES_MIXTAS
2026-10-10,ENAPU,29.0,2026-10-08,2026-12-14,90,67,63.244403181243925,8.637791102814118,63.244403181243925,3.95,106.44067840746452,56.6063198479106,69.88248651457727,HIBRIDO_ANALOGO_CLIM,ANALOGO_DTW_HIBRIDO_CLIMATOLOGIA,30,10,0.2546372264675151,EXCLUIDA_UNIDADES_MIXTAS,26.86884247733056,0.0,26.86884247733056,NO_CORREGIDO_UNIDADES_MIXTAS
2026-10-10,ENAPU,29.0,2026-10-08,2026-12-15,90,68,64.06317243153129,8.60264866841279,64.06317243153129,3.95,106.47416119156308,57.35408909819795,70.77225576486461,HIBRIDO_ANALOGO_CLIM,ANALOGO_DTW_HIBRIDO_CLIMATOLOGIA,30,10,0.2546372264675151,EXCLUIDA_UNIDADES_MIXTAS,26.86884247733056,0.0,26.86884247733056,NO_CORREGIDO_UNIDADES_MIXTAS
2026-10-10,ENAPU,29.0,2026-10-08,2026-12-16,90,69,64.88124772302314,8.562554882049588,64.88124772302314,3.95,106.5081076489601,58.100664389689804,71.66183105635646,HIBRIDO_ANALOGO_CLIM,ANALOGO_DTW_HIBRIDO_CLIMATOLOGIA,30,10,0.2546372264675151,EXCLUIDA_UNIDADES_MIXTAS,26.86884247733056,0.0,26.86884247733056,NO_CORREGIDO_UNIDADES_MIXTAS
2026-10-10,ENAPU,29.0,2026-10-08,2026-12-17,90,70,65.70240145973685,8.542784223815506,65.70240145973685,3.95,106.53069948539495,58.89231812640352,72.51248479307017,HIBRIDO_ANALOGO_CLIM,ANALOGO_DTW_HIBRIDO_CLIMATOLOGIA,30,10,0.2546372264675151,EXCLUIDA_UNIDADES_MIXTAS,26.86884247733056,0.0,26.86884247733056,NO_CORREGIDO_UNIDADES_MIXTAS
2026-10-10,ENAPU,29.0,2026-10-08,2026-12-18,90,71,66.51889981427907,8.523460435830835,66.51889981427907,3.95,106.54392135715179,59.66081648094574,73.37698314761239,HIBRIDO_ANALOGO_CLIM,ANALOGO_DTW_HIBRIDO_CLIMATOLOGIA,30,10,0.2546372264675151,EXCLUIDA_UNIDADES_MIXTAS,26.86884247733056,0.0,26.86884247733056,NO_CORREGIDO_UNIDADES_MIXTAS
2026-10-10,ENAPU,29.0,2026-10-08,2026-12-19,90,72,67.36223241502924,8.556575839682376,67.36223241502924,3.95,106.56600346526048,60.44664908169591,74.27781574836257,HIBRIDO_ANALOGO_CLIM,ANALOGO_DTW_HIBRIDO_CLIMATOLOGIA,30,10,0.2546372264675151,EXCLUIDA_UNIDADES_MIXTAS,26.86884247733056,0.0,26.86884247733056,NO_CORREGIDO_UNIDADES_MIXTAS
2026-10-10,ENAPU,29.0,2026-10-08,2026-12-20,90,73,68.22466645439061,8.670168199233258,68.22466645439061,3.95,106.56797355017687,61.297083121057284,75.15224978772395,HIBRIDO_ANALOGO_CLIM,ANALOGO_DTW_HIBRIDO_CLIMATOLOGIA,30,10,0.2546372264675151,EXCLUIDA_UNIDADES_MIXTAS,26.86884247733056,0.0,26.86884247733056,NO_CORREGIDO_UNIDADES_MIXTAS
2026-10-10,ENAPU,29.0,2026-10-08,2026-12-21,90,74,69.11319258299395,8.819033615025326,69.11319258299395,3.95,106.59334545497444,62.17460924966062,76.05177591632729,HIBRIDO_ANALOGO_CLIM,ANALOGO_DTW_HIBRIDO_CLIMATOLOGIA,30,10,0.2546372264675151,EXCLUIDA_UNIDADES_MIXTAS,26.86884247733056,0.0,26.86884247733056,NO_CORREGIDO_UNIDADES_MIXTAS
2026-10-10,ENAPU,29.0,2026-10-08,2026-12-22,90,75,69.99389114643164,8.943001211814087,69.99389114643164,3.95,106.62442510720217,63.0978078130983,76.88997447976496,HIBRIDO_ANALOGO_CLIM,ANALOGO_DTW_HIBRIDO_CLIMATOLOGIA,30,10,0.2546372264675151,EXCLUIDA_UNIDADES_MIXTAS,26.86884247733056,0.0,26.86884247733056,NO_CORREGIDO_UNIDADES_MIXTAS
2026-10-10,ENAPU,29.0,2026-10-08,2026-12-23,90,76,70.85445305992897,9.004946861089223,70.85445305992897,3.95,106.66206191188883,63.88886972659564,77.8200363932623,HIBRIDO_ANALOGO_CLIM,ANALOGO_DTW_HIBRIDO_CLIMATOLOGIA,30,10,0.2546372264675151,EXCLUIDA_UNIDADES_MIXTAS,26.86884247733056,0.0,26.86884247733056,NO_CORREGIDO_UNIDADES_MIXTAS
2026-10-10,ENAPU,29.0,2026-10-08,2026-12-24,90,77,71.70900206360866,9.052491004041263,71.70900206360866,3.95,106.69900174622423,64.66091873027534,78.75708539694199,HIBRIDO_ANALOGO_CLIM,ANALOGO_DTW_HIBRIDO_CLIMATOLOGIA,30,10,0.2546372264675151,EXCLUIDA_UNIDADES_MIXTAS,26.86884247733056,0.0,26.86884247733056,NO_CORREGIDO_UNIDADES_MIXTAS
2026-10-10,ENAPU,29.0,2026-10-08,2026-12-25,90,78,72.5532813379428,9.056205946545553,72.5532813379428,3.95,106.74401424100286,65.43569800460948,79.67086467127614,HIBRIDO_ANALOGO_CLIM,ANALOGO_DTW_HIBRIDO_CLIMATOLOGIA,30,10,0.2546372264675151,EXCLUIDA_UNIDADES_MIXTAS,26.86884247733056,0.0,26.86884247733056,NO_CORREGIDO_UNIDADES_MIXTAS
2026-10-10,ENAPU,29.0,2026-10-08,2026-12-26,90,79,73.40390604926422,9.081627508953606,73.40390604926422,3.95,106.78635440562796,66.2118227159309,80.59598938259755,HIBRIDO_ANALOGO_CLIM,ANALOGO_DTW_HIBRIDO_CLIMATOLOGIA,30,10,0.2546372264675151,EXCLUIDA_UNIDADES_MIXTAS,26.86884247733056,0.0,26.86884247733056,NO_CORREGIDO_UNIDADES_MIXTAS
2026-10-10,ENAPU,29.0,2026-10-08,2026-12-27,90,80,74.26266780973573,9.147144683871728,74.26266780973573,3.95,106.82042937266775,67.1165844764024,81.40875114306905,HIBRIDO_ANALOGO_CLIM,ANALOGO_DTW_HIBRIDO_CLIMATOLOGIA,30,10,0.2546372264675151,EXCLUIDA_UNIDADES_MIXTAS,26.86884247733056,0.0,26.86884247733056,NO_CORREGIDO_UNIDADES_MIXTAS
2026-10-10,ENAPU,29.0,2026-10-08,2026-12-28,90,81,75.11905821821276,9.221505215152822,75.11905821821276,3.95,106.8475096641305,68.02247488487943,82.21564155154608,HIBRIDO_ANALOGO_CLIM,ANALOGO_DTW_HIBRIDO_CLIMATOLOGIA,30,10,0.2546372264675151,EXCLUIDA_UNIDADES_MIXTAS,26.86884247733056,0.0,26.86884247733056,NO_CORREGIDO_UNIDADES_MIXTAS
2026-10-10,ENAPU,29.0,2026-10-08,2026-12-29,90,82,75.96498724139165,9.288579151005585,75.96498724139165,3.95,106.86381050279007,68.85440390805833,83.07557057472499,HIBRIDO_ANALOGO_CLIM,ANALOGO_DTW_HIBRIDO_CLIMATOLOGIA,30,10,0.2546372264675151,EXCLUIDA_UNIDADES_MIXTAS,26.86884247733056,0.0,26.86884247733056,NO_CORREGIDO_UNIDADES_MIXTAS
2026-10-10,ENAPU,29.0,2026-10-08,2026-12-30,90,83,76.79241396141984,9.289305555249342,76.79241396141984,3.95,106.88416108224283,69.54583062808652,84.03899729475317,HIBRIDO_ANALOGO_CLIM,ANALOGO_DTW_HIBRIDO_CLIMATOLOGIA,30,10,0.2546372264675151,EXCLUIDA_UNIDADES_MIXTAS,26.86884247733056,0.0,26.86884247733056,NO_CORREGIDO_UNIDADES_MIXTAS
2026-10-10,ENAPU,29.0,2026-10-08,2026-12-31,90,84,77.63890873808306,9.353329628489545,77.63890873808306,3.95,106.90415692790886,70.33732540474973,84.94049207141639,HIBRIDO_ANALOGO_CLIM,ANALOGO_DTW_HIBRIDO_CLIMATOLOGIA,30,10,0.2546372264675151,EXCLUIDA_UNIDADES_MIXTAS,26.86884247733056,0.0,26.86884247733056,NO_CORREGIDO_UNIDADES_MIXTAS
2026-10-10,ENAPU,29.0,2026-10-08,2027-01-01,90,85,78.51977986719432,9.3945718868895,78.51977986719432,3.95,106.983100800261,71.178196533861,85.86136320052765,HIBRIDO_ANALOGO_CLIM,ANALOGO_DTW_HIBRIDO_CLIMATOLOGIA,30,10,0.2546372264675151,EXCLUIDA_UNIDADES_MIXTAS,26.86884247733056,0.0,26.86884247733056,NO_CORREGIDO_UNIDADES_MIXTAS
2026-10-10,ENAPU,29.0,2026-10-08,2027-01-02,90,86,79.36108143413907,9.406317050699244,79.36108143413907,3.95,107.01761619038271,71.98699810080574,86.73516476747241,HIBRIDO_ANALOGO_CLIM,ANALOGO_DTW_HIBRIDO_CLIMATOLOGIA,30,10,0.2546372264675151,EXCLUIDA_UNIDADES_MIXTAS,26.86884247733056,0.0,26.86884247733056,NO_CORREGIDO_UNIDADES_MIXTAS
2026-10-10,ENAPU,29.0,2026-10-08,2027-01-03,90,87,80.21490543673052,9.43038679048905,80.21490543673052,3.95,107.06420561289107,72.83332210339718,87.59648877006384,HIBRIDO_ANALOGO_CLIM,ANALOGO_DTW_HIBRIDO_CLIMATOLOGIA,30,10,0.2546372264675151,EXCLUIDA_UNIDADES_MIXTAS,26.86884247733056,0.0,26.86884247733056,NO_CORREGIDO_UNIDADES_MIXTAS
2026-10-10,ENAPU,29.0,2026-10-08,2027-01-04,90,88,81.04728254727823,9.422635494311596,81.04728254727823,3.95,107.09260874835702,73.6649492139449,88.42961588061156,HIBRIDO_ANALOGO_CLIM,ANALOGO_DTW_HIBRIDO_CLIMATOLOGIA,30,10,0.2546372264675151,EXCLUIDA_UNIDADES_MIXTAS,26.86884247733056,0.0,26.86884247733056,NO_CORREGIDO_UNIDADES_MIXTAS
2026-10-10,ENAPU,29.0,2026-10-08,2027-01-05,90,89,81.89104643383526,9.446844568157578,81.89104643383526,3.95,107.12442011738591,74.53271310050194,89.24937976716859,HIBRIDO_ANALOGO_CLIM,ANALOGO_DTW_HIBRIDO_CLIMATOLOGIA,30,10,0.2546372264675151,EXCLUIDA_UNIDADES_MIXTAS,26.86884247733056,0.0,26.86884247733056,NO_CORREGIDO_UNIDADES_MIXTAS
2026-10-10,ENAPU,29.0,2026-10-08,2027-01-06,90,90,82.73893324595674,9.484386400168695,82.73893324595674,3.95,107.15711552788608,75.41459991262342,90.06326657929007,HIBRIDO_ANALOGO_CLIM,ANALOGO_DTW_HIBRIDO_CLIMATOLOGIA,30,10,0.2546372264675151,EXCLUIDA_UNIDADES_MIXTAS,26.86884247733056,0.0,26.86884247733056,NO_CORREGIDO_UNIDADES_MIXTAS
2026-10-10,LAGUNAS,33.0,2026-10-08,2026-10-09,30,1,4.47,4.225339859058653,4.47,4.47,5.203980422824039,4.1861999999999995,4.753799999999999,HIBRIDO_ANALOGO_CLIM,ANALOGO_DTW_HIBRIDO_CLIMATOLOGIA,30,10,0.23857430255244116,OK_ANALOGOS_CONTINUIDAD_CORREGIDA,0.10847412263050593,-0.10847412263050593,0.0,CORREGIDO_ANCLA_OBSERVADO
2026-10-10,LAGUNAS,33.0,2026-10-08,2026-10-10,30,2,4.606292872115102,4.369654597636365,4.606292872115102,4.47,5.316207695551312,4.254942872115103,4.957642872115102,HIBRIDO_ANALOGO_CLIM,ANALOGO_DTW_HIBRIDO_CLIMATOLOGIA,30,10,0.23857430255244116,OK_ANALOGOS_CONTINUIDAD_CORREGIDA,0.10847412263050593,-0.10847412263050593,0.0,CORREGIDO_ANCLA_OBSERVADO
2026-10-10,LAGUNAS,33.0,2026-10-08,2026-10-11,30,3,4.82123082785529,4.606905205289949,4.82123082785529,4.47,5.464207695551313,4.0675808278552905,5.5748808278552895,HIBRIDO_ANALOGO_CLIM,ANALOGO_DTW_HIBRIDO_CLIMATOLOGIA,30,10,0.23857430255244116,OK_ANALOGOS_CONTINUIDAD_CORREGIDA,0.10847412263050593,-0.10847412263050593,0.0,CORREGIDO_ANCLA_OBSERVADO
2026-10-10,LAGUNAS,33.0,2026-10-08,2026-10-12,30,4,4.956053390530565,4.772274682796376,4.956053390530565,4.47,5.507389513733131,3.7269033905305653,6.185203390530565,HIBRIDO_ANALOGO_CLIM,ANALOGO_DTW_HIBRIDO_CLIMATOLOGIA,30,10,0.23857430255244116,OK_ANALOGOS_CONTINUIDAD_CORREGIDA,0.10847412263050593,-0.10847412263050593,0.0,CORREGIDO_ANCLA_OBSERVADO
2026-10-10,LAGUNAS,33.0,2026-10-08,2026-10-13,30,5,5.104062083927561,4.932983243689341,5.104062083927561,4.47,5.6172986046422215,3.772762083927561,6.4353620839275605,HIBRIDO_ANALOGO_CLIM,ANALOGO_DTW_HIBRIDO_CLIMATOLOGIA,30,10,0.23857430255244116,OK_ANALOGOS_CONTINUIDAD_CORREGIDA,0.10847412263050593,-0.10847412263050593,0.0,CORREGIDO_ANCLA_OBSERVADO
2026-10-10,LAGUNAS,33.0,2026-10-08,2026-10-14,30,6,5.244958875285539,5.063285026106039,5.244958875285539,4.47,5.789980422824039,4.043108875285539,6.446808875285538,HIBRIDO_ANALOGO_CLIM,ANALOGO_DTW_HIBRIDO_CLIMATOLOGIA,30,10,0.23857430255244116,OK_ANALOGOS_CONTINUIDAD_CORREGIDA,0.10847412263050593,-0.10847412263050593,0.0,CORREGIDO_ANCLA_OBSERVADO
2026-10-10,LAGUNAS,33.0,2026-10-08,2026-10-15,30,7,5.364382020069805,5.202652249454757,5.364382020069805,4.47,5.849571331914949,4.187982020069806,6.5407820200698055,HIBRIDO_ANALOGO_CLIM,ANALOGO_DTW_HIBRIDO_CLIMATOLOGIA,30,10,0.23857430255244116,OK_ANALOGOS_CONTINUIDAD_CORREGIDA,0.10847412263050593,-0.10847412263050593,0.0,CORREGIDO_ANCLA_OBSERVADO
2026-10-10,LAGUNAS,33.0,2026-10-08,2026-10-16,30,8,5.3728111574857484,5.221618372069954,5.3728111574857484,4.47,5.8263895137331305,3.978661157485748,6.766961157485748,HIBRIDO_ANALOGO_CLIM,ANALOGO_DTW_HIBRIDO_CLIMATOLOGIA,30,10,0.23857430255244116,OK_ANALOGOS_CONTINUIDAD_CORREGIDA,0.10847412263050593,-0.10847412263050593,0.0,CORREGIDO_ANCLA_OBSERVADO
2026-10-10,LAGUNAS,33.0,2026-10-08,2026-10-17,30,9,5.377607935605409,5.261150439865866,5.377607935605409,4.47,5.726980422824039,3.9362579356054095,6.818957935605409,HIBRIDO_ANALOGO_CLIM,ANALOGO_DTW_HIBRIDO_CLIMATOLOGIA,30,10,0.23857430255244116,OK_ANALOGOS_CONTINUIDAD_CORREGIDA,0.10847412263050593,-0.10847412263050593,0.0,CORREGIDO_ANCLA_OBSERVADO
2026-10-10,LAGUNAS,33.0,2026-10-08,2026-10-18,30,10,5.43693731188455,5.30445324460169,5.43693731188455,4.47,5.8343895137331305,4.138137311884551,6.735737311884549,HIBRIDO_ANALOGO_CLIM,ANALOGO_DTW_HIBRIDO_CLIMATOLOGIA,30,10,0.23857430255244116,OK_ANALOGOS_CONTINUIDAD_CORREGIDA,0.10847412263050593,-0.10847412263050593,0.0,CORREGIDO_ANCLA_OBSERVADO
2026-10-10,LAGUNAS,33.0,2026-10-08,2026-10-19,30,11,5.7295732628787475,5.269786027745469,5.7295732628787475,4.47,7.108934968278584,4.363773262878747,7.095373262878747,HIBRIDO_ANALOGO_CLIM,ANALOGO_DTW_HIBRIDO_CLIMATOLOGIA,30,10,0.23857430255244116,OK_ANALOGOS_CONTINUIDAD_CORREGIDA,0.10847412263050593,-0.10847412263050593,0.0,CORREGIDO_ANCLA_OBSERVADO
2026-10-10,LAGUNAS,33.0,2026-10-08,2026-10-20,30,12,5.462608119845476,5.343317352185955,5.462608119845476,4.47,5.82048042282404,4.1309081198454765,6.794308119845476,HIBRIDO_ANALOGO_CLIM,ANALOGO_DTW_HIBRIDO_CLIMATOLOGIA,30,10,0.23857430255244116,OK_ANALOGOS_CONTINUIDAD_CORREGIDA,0.10847412263050593,-0.10847412263050593,0.0,CORREGIDO_ANCLA_OBSERVADO
2026-10-10,LAGUNAS,33.0,2026-10-08,2026-10-21,30,13,5.670136844613497,5.609219288240286,5.670136844613497,4.47,5.852889513733131,4.645786844613497,6.694486844613497,HIBRIDO_ANALOGO_CLIM,ANALOGO_DTW_HIBRIDO_CLIMATOLOGIA,30,10,0.23857430255244116,OK_ANALOGOS_CONTINUIDAD_CORREGIDA,0.10847412263050593,-0.10847412263050593,0.0,CORREGIDO_ANCLA_OBSERVADO
2026-10-10,LAGUNAS,33.0,2026-10-08,2026-10-22,30,14,5.722707407402042,5.673540644685618,5.722707407402042,4.47,5.870207695551312,4.535107407402042,6.910307407402042,HIBRIDO_ANALOGO_CLIM,ANALOGO_DTW_HIBRIDO_CLIMATOLOGIA,30,10,0.23857430255244116,OK_ANALOGOS_CONTINUIDAD_CORREGIDA,0.10847412263050593,-0.10847412263050593,0.0,CORREGIDO_ANCLA_OBSERVADO
2026-10-10,LAGUNAS,33.0,2026-10-08,2026-10-23,30,15,5.640114575015807,5.582644140897911,5.640114575015807,4.47,5.812525877369494,4.673514575015807,6.606714575015807,HIBRIDO_ANALOGO_CLIM,ANALOGO_DTW_HIBRIDO_CLIMATOLOGIA,30,10,0.23857430255244116,OK_ANALOGOS_CONTINUIDAD_CORREGIDA,0.10847412263050593,-0.10847412263050593,0.0,CORREGIDO_ANCLA_OBSERVADO
2026-10-10,LAGUNAS,33.0,2026-10-08,2026-10-24,30,16,5.585148316434735,5.496219432486785,5.585148316434735,4.47,5.851934968278584,4.622398316434735,6.547898316434734,HIBRIDO_ANALOGO_CLIM,ANALOGO_DTW_HIBRIDO_CLIMATOLOGIA,30,10,0.23857430255244116,OK_ANALOGOS_CONTINUIDAD_CORREGIDA,0.10847412263050593,-0.10847412263050593,0.0,CORREGIDO_ANCLA_OBSERVADO
2026-10-10,LAGUNAS,33.0,2026-10-08,2026-10-25,30,17,5.476085434571999,5.339984074851621,5.476085434571999,4.47,5.88438951373313,4.298285434571999,6.653885434571999,HIBRIDO_ANALOGO_CLIM,ANALOGO_DTW_HIBRIDO_CLIMATOLOGIA,30,10,0.23857430255244116,OK_ANALOGOS_CONTINUIDAD_CORREGIDA,0.10847412263050593,-0.10847412263050593,0.0,CORREGIDO_ANCLA_OBSERVADO
2026-10-10,LAGUNAS,33.0,2026-10-08,2026-10-26,30,18,5.537126310341758,5.324235545574937,5.537126310341758,4.47,6.175798604642222,4.248976310341758,6.825276310341758,HIBRIDO_ANALOGO_CLIM,ANALOGO_DTW_HIBRIDO_CLIMATOLOGIA,30,10,0.23857430255244116,OK_ANALOGOS_CONTINUIDAD_CORREGIDA,0.10847412263050593,-0.10847412263050593,0.0,CORREGIDO_ANCLA_OBSERVADO
2026-10-10,LAGUNAS,33.0,2026-10-08,2026-10-27,30,19,5.64014492385617,5.438911878745668,5.64014492385617,4.47,6.243844059187676,4.374644923856169,6.905644923856169,HIBRIDO_ANALOGO_CLIM,ANALOGO_DTW_HIBRIDO_CLIMATOLOGIA,30,10,0.23857430255244116,OK_ANALOGOS_CONTINUIDAD_CORREGIDA,0.10847412263050593,-0.10847412263050593,0.0,CORREGIDO_ANCLA_OBSERVADO
2026-10-10,LAGUNAS,33.0,2026-10-08,2026-10-28,30,20,5.730060459083686,5.506920471170234,5.730060459083686,4.47,6.39948042282404,4.383010459083686,7.077110459083685,HIBRIDO_ANALOGO_CLIM,ANALOGO_DTW_HIBRIDO_CLIMATOLOGIA,30,10,0.23857430255244116,OK_ANALOGOS_CONTINUIDAD_CORREGIDA,0.10847412263050593,-0.10847412263050593,0.0,CORREGIDO_ANCLA_OBSERVADO
2026-10-10,LAGUNAS,33.0,2026-10-08,2026-10-29,30,21,5.888254070607757,5.667890741081117,5.888254070607757,4.47,6.549344059187677,4.524904070607756,7.2516040706077565,HIBRIDO_ANALOGO_CLIM,ANALOGO_DTW_HIBRIDO_CLIMATOLOGIA,30,10,0.23857430255244116,OK_ANALOGOS_CONTINUIDAD_CORREGIDA,0.10847412263050593,-0.10847412263050593,0.0,CORREGIDO_ANCLA_OBSERVADO
2026-10-10,LAGUNAS,33.0,2026-10-08,2026-10-30,30,22,5.892268233079075,5.648045988012571,5.892268233079075,4.47,6.624934968278585,4.584918233079074,7.199618233079074,HIBRIDO_ANALOGO_CLIM,ANALOGO_DTW_HIBRIDO_CLIMATOLOGIA,30,10,0.23857430255244116,OK_ANALOGOS_CONTINUIDAD_CORREGIDA,0.10847412263050593,-0.10847412263050593,0.0,CORREGIDO_ANCLA_OBSERVADO
2026-10-10,LAGUNAS,33.0,2026-10-08,2026-10-31,30,23,5.924891078677289,5.665194630628372,5.924891078677289,4.47,6.703980422824039,4.74319107867729,7.1065910786772895,HIBRIDO_ANALOGO_CLIM,ANALOGO_DTW_HIBRIDO_CLIMATOLOGIA,30,10,0.23857430255244116,OK_ANALOGOS_CONTINUIDAD_CORREGIDA,0.10847412263050593,-0.10847412263050593,0.0,CORREGIDO_ANCLA_OBSERVADO
2026-10-10,LAGUNAS,33.0,2026-10-08,2026-11-01,30,24,6.011337039759789,5.74780439692019,6.011337039759789,4.47,6.801934968278585,4.8470370397597895,7.175637039759789,HIBRIDO_ANALOGO_CLIM,ANALOGO_DTW_HIBRIDO_CLIMATOLOGIA,30,10,0.23857430255244116,OK_ANALOGOS_CONTINUIDAD_CORREGIDA,0.10847412263050593,-0.10847412263050593,0.0,CORREGIDO_ANCLA_OBSERVADO
2026-10-10,LAGUNAS,33.0,2026-10-08,2026-11-02,30,25,6.067668799557346,5.819761894832085,6.067668799557346,4.47,6.81138951373313,4.963168799557346,7.172168799557347,HIBRIDO_ANALOGO_CLIM,ANALOGO_DTW_HIBRIDO_CLIMATOLOGIA,30,10,0.23857430255244116,OK_ANALOGOS_CONTINUIDAD_CORREGIDA,0.10847412263050593,-0.10847412263050593,0.0,CORREGIDO_ANCLA_OBSERVADO
2026-10-10,LAGUNAS,33.0,2026-10-08,2026-11-03,30,26,6.109245258746059,5.893969901023096,6.109245258746059,4.47,6.755071331914948,5.025645258746058,7.192845258746059,HIBRIDO_ANALOGO_CLIM,ANALOGO_DTW_HIBRIDO_CLIMATOLOGIA,30,10,0.23857430255244116,OK_ANALOGOS_CONTINUIDAD_CORREGIDA,0.10847412263050593,-0.10847412263050593,0.0,CORREGIDO_ANCLA_OBSERVADO
2026-10-10,LAGUNAS,33.0,2026-10-08,2026-11-04,30,27,6.1538654980490595,5.935781735245279,6.1538654980490595,4.47,6.808116786460403,4.98766549804906,7.320065498049059,HIBRIDO_ANALOGO_CLIM,ANALOGO_DTW_HIBRIDO_CLIMATOLOGIA,30,10,0.23857430255244116,OK_ANALOGOS_CONTINUIDAD_CORREGIDA,0.10847412263050593,-0.10847412263050593,0.0,CORREGIDO_ANCLA_OBSERVADO
2026-10-10,LAGUNAS,33.0,2026-10-08,2026-11-05,30,28,6.232932208113937,6.0234312880590535,6.232932208113937,4.47,6.8614349682785845,5.2024822081139375,7.263382208113936,HIBRIDO_ANALOGO_CLIM,ANALOGO_DTW_HIBRIDO_CLIMATOLOGIA,30,10,0.23857430255244116,OK_ANALOGOS_CONTINUIDAD_CORREGIDA,0.10847412263050593,-0.10847412263050593,0.0,CORREGIDO_ANCLA_OBSERVADO
2026-10-10,LAGUNAS,33.0,2026-10-08,2026-11-06,30,29,6.333889688250232,6.120738231271084,6.333889688250232,4.47,6.973344059187676,5.187289688250232,7.480489688250232,HIBRIDO_ANALOGO_CLIM,ANALOGO_DTW_HIBRIDO_CLIMATOLOGIA,30,10,0.23857430255244116,OK_ANALOGOS_CONTINUIDAD_CORREGIDA,0.10847412263050593,-0.10847412263050593,0.0,CORREGIDO_ANCLA_OBSERVADO
2026-10-10,LAGUNAS,33.0,2026-10-08,2026-11-07,30,30,6.399454982125926,6.181416198862918,6.399454982125926,4.47,7.053571331914949,5.170454982125926,7.628454982125926,HIBRIDO_ANALOGO_CLIM,ANALOGO_DTW_HIBRIDO_CLIMATOLOGIA,30,10,0.23857430255244116,OK_ANALOGOS_CONTINUIDAD_CORREGIDA,0.10847412263050593,-0.10847412263050593,0.0,CORREGIDO_ANCLA_OBSERVADO
2026-10-10,LAGUNAS,33.0,2026-10-08,2026-10-09,60,1,4.47,4.225339859058653,4.47,4.47,5.203980422824039,4.1861999999999995,4.753799999999999,HIBRIDO_ANALOGO_CLIM,ANALOGO_DTW_HIBRIDO_CLIMATOLOGIA,30,10,0.23857430255244116,OK_ANALOGOS_CONTINUIDAD_CORREGIDA,0.10847412263050593,-0.10847412263050593,0.0,CORREGIDO_ANCLA_OBSERVADO
2026-10-10,LAGUNAS,33.0,2026-10-08,2026-10-10,60,2,4.606292872115102,4.369654597636365,4.606292872115102,4.47,5.316207695551312,4.254942872115103,4.957642872115102,HIBRIDO_ANALOGO_CLIM,ANALOGO_DTW_HIBRIDO_CLIMATOLOGIA,30,10,0.23857430255244116,OK_ANALOGOS_CONTINUIDAD_CORREGIDA,0.10847412263050593,-0.10847412263050593,0.0,CORREGIDO_ANCLA_OBSERVADO
2026-10-10,LAGUNAS,33.0,2026-10-08,2026-10-11,60,3,4.82123082785529,4.606905205289949,4.82123082785529,4.47,5.464207695551313,4.0675808278552905,5.5748808278552895,HIBRIDO_ANALOGO_CLIM,ANALOGO_DTW_HIBRIDO_CLIMATOLOGIA,30,10,0.23857430255244116,OK_ANALOGOS_CONTINUIDAD_CORREGIDA,0.10847412263050593,-0.10847412263050593,0.0,CORREGIDO_ANCLA_OBSERVADO
2026-10-10,LAGUNAS,33.0,2026-10-08,2026-10-12,60,4,4.956053390530565,4.772274682796376,4.956053390530565,4.47,5.507389513733131,3.7269033905305653,6.185203390530565,HIBRIDO_ANALOGO_CLIM,ANALOGO_DTW_HIBRIDO_CLIMATOLOGIA,30,10,0.23857430255244116,OK_ANALOGOS_CONTINUIDAD_CORREGIDA,0.10847412263050593,-0.10847412263050593,0.0,CORREGIDO_ANCLA_OBSERVADO
2026-10-10,LAGUNAS,33.0,2026-10-08,2026-10-13,60,5,5.104062083927561,4.932983243689341,5.104062083927561,4.47,5.6172986046422215,3.772762083927561,6.4353620839275605,HIBRIDO_ANALOGO_CLIM,ANALOGO_DTW_HIBRIDO_CLIMATOLOGIA,30,10,0.23857430255244116,OK_ANALOGOS_CONTINUIDAD_CORREGIDA,0.10847412263050593,-0.10847412263050593,0.0,CORREGIDO_ANCLA_OBSERVADO
2026-10-10,LAGUNAS,33.0,2026-10-08,2026-10-14,60,6,5.244958875285539,5.063285026106039,5.244958875285539,4.47,5.789980422824039,4.043108875285539,6.446808875285538,HIBRIDO_ANALOGO_CLIM,ANALOGO_DTW_HIBRIDO_CLIMATOLOGIA,30,10,0.23857430255244116,OK_ANALOGOS_CONTINUIDAD_CORREGIDA,0.10847412263050593,-0.10847412263050593,0.0,CORREGIDO_ANCLA_OBSERVADO
2026-10-10,LAGUNAS,33.0,2026-10-08,2026-10-15,60,7,5.364382020069805,5.202652249454757,5.364382020069805,4.47,5.849571331914949,4.187982020069806,6.5407820200698055,HIBRIDO_ANALOGO_CLIM,ANALOGO_DTW_HIBRIDO_CLIMATOLOGIA,30,10,0.23857430255244116,OK_ANALOGOS_CONTINUIDAD_CORREGIDA,0.10847412263050593,-0.10847412263050593,0.0,CORREGIDO_ANCLA_OBSERVADO
2026-10-10,LAGUNAS,33.0,2026-10-08,2026-10-16,60,8,5.3728111574857484,5.221618372069954,5.3728111574857484,4.47,5.8263895137331305,3.978661157485748,6.766961157485748,HIBRIDO_ANALOGO_CLIM,ANALOGO_DTW_HIBRIDO_CLIMATOLOGIA,30,10,0.23857430255244116,OK_ANALOGOS_CONTINUIDAD_CORREGIDA,0.10847412263050593,-0.10847412263050593,0.0,CORREGIDO_ANCLA_OBSERVADO
2026-10-10,LAGUNAS,33.0,2026-10-08,2026-10-17,60,9,5.377607935605409,5.261150439865866,5.377607935605409,4.47,5.726980422824039,3.9362579356054095,6.818957935605409,HIBRIDO_ANALOGO_CLIM,ANALOGO_DTW_HIBRIDO_CLIMATOLOGIA,30,10,0.23857430255244116,OK_ANALOGOS_CONTINUIDAD_CORREGIDA,0.10847412263050593,-0.10847412263050593,0.0,CORREGIDO_ANCLA_OBSERVADO
2026-10-10,LAGUNAS,33.0,2026-10-08,2026-10-18,60,10,5.43693731188455,5.30445324460169,5.43693731188455,4.47,5.8343895137331305,4.138137311884551,6.735737311884549,HIBRIDO_ANALOGO_CLIM,ANALOGO_DTW_HIBRIDO_CLIMATOLOGIA,30,10,0.23857430255244116,OK_ANALOGOS_CONTINUIDAD_CORREGIDA,0.10847412263050593,-0.10847412263050593,0.0,CORREGIDO_ANCLA_OBSERVADO
2026-10-10,LAGUNAS,33.0,2026-10-08,2026-10-19,60,11,5.7295732628787475,5.269786027745469,5.7295732628787475,4.47,7.108934968278584,4.363773262878747,7.095373262878747,HIBRIDO_ANALOGO_CLIM,ANALOGO_DTW_HIBRIDO_CLIMATOLOGIA,30,10,0.23857430255244116,OK_ANALOGOS_CONTINUIDAD_CORREGIDA,0.10847412263050593,-0.10847412263050593,0.0,CORREGIDO_ANCLA_OBSERVADO
2026-10-10,LAGUNAS,33.0,2026-10-08,2026-10-20,60,12,5.462608119845476,5.343317352185955,5.462608119845476,4.47,5.82048042282404,4.1309081198454765,6.794308119845476,HIBRIDO_ANALOGO_CLIM,ANALOGO_DTW_HIBRIDO_CLIMATOLOGIA,30,10,0.23857430255244116,OK_ANALOGOS_CONTINUIDAD_CORREGIDA,0.10847412263050593,-0.10847412263050593,0.0,CORREGIDO_ANCLA_OBSERVADO
2026-10-10,LAGUNAS,33.0,2026-10-08,2026-10-21,60,13,5.670136844613497,5.609219288240286,5.670136844613497,4.47,5.852889513733131,4.645786844613497,6.694486844613497,HIBRIDO_ANALOGO_CLIM,ANALOGO_DTW_HIBRIDO_CLIMATOLOGIA,30,10,0.23857430255244116,OK_ANALOGOS_CONTINUIDAD_CORREGIDA,0.10847412263050593,-0.10847412263050593,0.0,CORREGIDO_ANCLA_OBSERVADO
2026-10-10,LAGUNAS,33.0,2026-10-08,2026-10-22,60,14,5.722707407402042,5.673540644685618,5.722707407402042,4.47,5.870207695551312,4.535107407402042,6.910307407402042,HIBRIDO_ANALOGO_CLIM,ANALOGO_DTW_HIBRIDO_CLIMATOLOGIA,30,10,0.23857430255244116,OK_ANALOGOS_CONTINUIDAD_CORREGIDA,0.10847412263050593,-0.10847412263050593,0.0,CORREGIDO_ANCLA_OBSERVADO
2026-10-10,LAGUNAS,33.0,2026-10-08,2026-10-23,60,15,5.640114575015807,5.582644140897911,5.640114575015807,4.47,5.812525877369494,4.673514575015807,6.606714575015807,HIBRIDO_ANALOGO_CLIM,ANALOGO_DTW_HIBRIDO_CLIMATOLOGIA,30,10,0.23857430255244116,OK_ANALOGOS_CONTINUIDAD_CORREGIDA,0.10847412263050593,-0.10847412263050593,0.0,CORREGIDO_ANCLA_OBSERVADO
2026-10-10,LAGUNAS,33.0,2026-10-08,2026-10-24,60,16,5.585148316434735,5.496219432486785,5.585148316434735,4.47,5.851934968278584,4.622398316434735,6.547898316434734,HIBRIDO_ANALOGO_CLIM,ANALOGO_DTW_HIBRIDO_CLIMATOLOGIA,30,10,0.23857430255244116,OK_ANALOGOS_CONTINUIDAD_CORREGIDA,0.10847412263050593,-0.10847412263050593,0.0,CORREGIDO_ANCLA_OBSERVADO
2026-10-10,LAGUNAS,33.0,2026-10-08,2026-10-25,60,17,5.476085434571999,5.339984074851621,5.476085434571999,4.47,5.88438951373313,4.298285434571999,6.653885434571999,HIBRIDO_ANALOGO_CLIM,ANALOGO_DTW_HIBRIDO_CLIMATOLOGIA,30,10,0.23857430255244116,OK_ANALOGOS_CONTINUIDAD_CORREGIDA,0.10847412263050593,-0.10847412263050593,0.0,CORREGIDO_ANCLA_OBSERVADO
2026-10-10,LAGUNAS,33.0,2026-10-08,2026-10-26,60,18,5.537126310341758,5.324235545574937,5.537126310341758,4.47,6.175798604642222,4.248976310341758,6.825276310341758,HIBRIDO_ANALOGO_CLIM,ANALOGO_DTW_HIBRIDO_CLIMATOLOGIA,30,10,0.23857430255244116,OK_ANALOGOS_CONTINUIDAD_CORREGIDA,0.10847412263050593,-0.10847412263050593,0.0,CORREGIDO_ANCLA_OBSERVADO
2026-10-10,LAGUNAS,33.0,2026-10-08,2026-10-27,60,19,5.64014492385617,5.438911878745668,5.64014492385617,4.47,6.243844059187676,4.374644923856169,6.905644923856169,HIBRIDO_ANALOGO_CLIM,ANALOGO_DTW_HIBRIDO_CLIMATOLOGIA,30,10,0.23857430255244116,OK_ANALOGOS_CONTINUIDAD_CORREGIDA,0.10847412263050593,-0.10847412263050593,0.0,CORREGIDO_ANCLA_OBSERVADO
2026-10-10,LAGUNAS,33.0,2026-10-08,2026-10-28,60,20,5.730060459083686,5.506920471170234,5.730060459083686,4.47,6.39948042282404,4.383010459083686,7.077110459083685,HIBRIDO_ANALOGO_CLIM,ANALOGO_DTW_HIBRIDO_CLIMATOLOGIA,30,10,0.23857430255244116,OK_ANALOGOS_CONTINUIDAD_CORREGIDA,0.10847412263050593,-0.10847412263050593,0.0,CORREGIDO_ANCLA_OBSERVADO
2026-10-10,LAGUNAS,33.0,2026-10-08,2026-10-29,60,21,5.888254070607757,5.667890741081117,5.888254070607757,4.47,6.549344059187677,4.524904070607756,7.2516040706077565,HIBRIDO_ANALOGO_CLIM,ANALOGO_DTW_HIBRIDO_CLIMATOLOGIA,30,10,0.23857430255244116,OK_ANALOGOS_CONTINUIDAD_CORREGIDA,0.10847412263050593,-0.10847412263050593,0.0,CORREGIDO_ANCLA_OBSERVADO
2026-10-10,LAGUNAS,33.0,2026-10-08,2026-10-30,60,22,5.892268233079075,5.648045988012571,5.892268233079075,4.47,6.624934968278585,4.584918233079074,7.199618233079074,HIBRIDO_ANALOGO_CLIM,ANALOGO_DTW_HIBRIDO_CLIMATOLOGIA,30,10,0.23857430255244116,OK_ANALOGOS_CONTINUIDAD_CORREGIDA,0.10847412263050593,-0.10847412263050593,0.0,CORREGIDO_ANCLA_OBSERVADO
2026-10-10,LAGUNAS,33.0,2026-10-08,2026-10-31,60,23,5.924891078677289,5.665194630628372,5.924891078677289,4.47,6.703980422824039,4.74319107867729,7.1065910786772895,HIBRIDO_ANALOGO_CLIM,ANALOGO_DTW_HIBRIDO_CLIMATOLOGIA,30,10,0.23857430255244116,OK_ANALOGOS_CONTINUIDAD_CORREGIDA,0.10847412263050593,-0.10847412263050593,0.0,CORREGIDO_ANCLA_OBSERVADO
2026-10-10,LAGUNAS,33.0,2026-10-08,2026-11-01,60,24,6.011337039759789,5.74780439692019,6.011337039759789,4.47,6.801934968278585,4.8470370397597895,7.175637039759789,HIBRIDO_ANALOGO_CLIM,ANALOGO_DTW_HIBRIDO_CLIMATOLOGIA,30,10,0.23857430255244116,OK_ANALOGOS_CONTINUIDAD_CORREGIDA,0.10847412263050593,-0.10847412263050593,0.0,CORREGIDO_ANCLA_OBSERVADO
2026-10-10,LAGUNAS,33.0,2026-10-08,2026-11-02,60,25,6.067668799557346,5.819761894832085,6.067668799557346,4.47,6.81138951373313,4.963168799557346,7.172168799557347,HIBRIDO_ANALOGO_CLIM,ANALOGO_DTW_HIBRIDO_CLIMATOLOGIA,30,10,0.23857430255244116,OK_ANALOGOS_CONTINUIDAD_CORREGIDA,0.10847412263050593,-0.10847412263050593,0.0,CORREGIDO_ANCLA_OBSERVADO
2026-10-10,LAGUNAS,33.0,2026-10-08,2026-11-03,60,26,6.109245258746059,5.893969901023096,6.109245258746059,4.47,6.755071331914948,5.025645258746058,7.192845258746059,HIBRIDO_ANALOGO_CLIM,ANALOGO_DTW_HIBRIDO_CLIMATOLOGIA,30,10,0.23857430255244116,OK_ANALOGOS_CONTINUIDAD_CORREGIDA,0.10847412263050593,-0.10847412263050593,0.0,CORREGIDO_ANCLA_OBSERVADO
2026-10-10,LAGUNAS,33.0,2026-10-08,2026-11-04,60,27,6.1538654980490595,5.935781735245279,6.1538654980490595,4.47,6.808116786460403,4.98766549804906,7.320065498049059,HIBRIDO_ANALOGO_CLIM,ANALOGO_DTW_HIBRIDO_CLIMATOLOGIA,30,10,0.23857430255244116,OK_ANALOGOS_CONTINUIDAD_CORREGIDA,0.10847412263050593,-0.10847412263050593,0.0,CORREGIDO_ANCLA_OBSERVADO
2026-10-10,LAGUNAS,33.0,2026-10-08,2026-11-05,60,28,6.232932208113937,6.0234312880590535,6.232932208113937,4.47,6.8614349682785845,5.2024822081139375,7.263382208113936,HIBRIDO_ANALOGO_CLIM,ANALOGO_DTW_HIBRIDO_CLIMATOLOGIA,30,10,0.23857430255244116,OK_ANALOGOS_CONTINUIDAD_CORREGIDA,0.10847412263050593,-0.10847412263050593,0.0,CORREGIDO_ANCLA_OBSERVADO
2026-10-10,LAGUNAS,33.0,2026-10-08,2026-11-06,60,29,6.333889688250232,6.120738231271084,6.333889688250232,4.47,6.973344059187676,5.187289688250232,7.480489688250232,HIBRIDO_ANALOGO_CLIM,ANALOGO_DTW_HIBRIDO_CLIMATOLOGIA,30,10,0.23857430255244116,OK_ANALOGOS_CONTINUIDAD_CORREGIDA,0.10847412263050593,-0.10847412263050593,0.0,CORREGIDO_ANCLA_OBSERVADO
2026-10-10,LAGUNAS,33.0,2026-10-08,2026-11-07,60,30,6.399454982125926,6.181416198862918,6.399454982125926,4.47,7.053571331914949,5.170454982125926,7.628454982125926,HIBRIDO_ANALOGO_CLIM,ANALOGO_DTW_HIBRIDO_CLIMATOLOGIA,30,10,0.23857430255244116,OK_ANALOGOS_CONTINUIDAD_CORREGIDA,0.10847412263050593,-0.10847412263050593,0.0,CORREGIDO_ANCLA_OBSERVADO
2026-10-10,LAGUNAS,33.0,2026-10-08,2026-11-08,60,31,6.573580740112207,6.360827122334133,6.573580740112207,4.47,7.184389513733129,5.228480740112206,7.918680740112206,HIBRIDO_ANALOGO_CLIM,ANALOGO_DTW_HIBRIDO_CLIMATOLOGIA,30,10,0.23857430255244116,OK_ANALOGOS_CONTINUIDAD_CORREGIDA,0.10847412263050593,-0.10847412263050593,0.0,CORREGIDO_ANCLA_OBSERVADO
2026-10-10,LAGUNAS,33.0,2026-10-08,2026-11-09,60,32,6.615370176297985,6.364470582519915,6.615370176297985,4.47,7.305344059187677,5.315620176297984,7.915120176297984,HIBRIDO_ANALOGO_CLIM,ANALOGO_DTW_HIBRIDO_CLIMATOLOGIA,30,10,0.23857430255244116,OK_ANALOGOS_CONTINUIDAD_CORREGIDA,0.10847412263050593,-0.10847412263050593,0.0,CORREGIDO_ANCLA_OBSERVADO
2026-10-10,LAGUNAS,33.0,2026-10-08,2026-11-10,60,33,6.531387673013274,6.270369733429881,6.531387673013274,4.47,7.219525877369494,5.127387673013274,7.935387673013274,HIBRIDO_ANALOGO_CLIM,ANALOGO_DTW_HIBRIDO_CLIMATOLOGIA,30,10,0.23857430255244116,OK_ANALOGOS_CONTINUIDAD_CORREGIDA,0.10847412263050593,-0.10847412263050593,0.0,CORREGIDO_ANCLA_OBSERVADO
2026-10-10,LAGUNAS,33.0,2026-10-08,2026-11-11,60,34,6.4486224446893505,6.1927621023824,6.4486224446893505,4.47,7.095798604642221,4.972272444689351,7.924972444689351,HIBRIDO_ANALOGO_CLIM,ANALOGO_DTW_HIBRIDO_CLIMATOLOGIA,30,10,0.23857430255244116,OK_ANALOGOS_CONTINUIDAD_CORREGIDA,0.10847412263050593,-0.10847412263050593,0.0,CORREGIDO_ANCLA_OBSERVADO
2026-10-10,LAGUNAS,33.0,2026-10-08,2026-11-12,60,35,6.471365883762937,6.223155619015852,6.471365883762937,4.47,7.074162241005857,5.018265883762937,7.924465883762938,HIBRIDO_ANALOGO_CLIM,ANALOGO_DTW_HIBRIDO_CLIMATOLOGIA,30,10,0.23857430255244116,OK_ANALOGOS_CONTINUIDAD_CORREGIDA,0.10847412263050593,-0.10847412263050593,0.0,CORREGIDO_ANCLA_OBSERVADO
2026-10-10,LAGUNAS,33.0,2026-10-08,2026-11-13,60,36,6.482475976030017,6.2429805637676425,6.482475976030017,4.47,7.041298604642221,4.959625976030017,8.005325976030017,HIBRIDO_ANALOGO_CLIM,ANALOGO_DTW_HIBRIDO_CLIMATOLOGIA,30,10,0.23857430255244116,OK_ANALOGOS_CONTINUIDAD_CORREGIDA,0.10847412263050593,-0.10847412263050593,0.0,CORREGIDO_ANCLA_OBSERVADO
2026-10-10,LAGUNAS,33.0,2026-10-08,2026-11-14,60,37,6.5607564712637005,6.340176352660131,6.5607564712637005,4.47,7.055571331914949,4.9782064712637,8.1433064712637,HIBRIDO_ANALOGO_CLIM,ANALOGO_DTW_HIBRIDO_CLIMATOLOGIA,30,10,0.23857430255244116,OK_ANALOGOS_CONTINUIDAD_CORREGIDA,0.10847412263050593,-0.10847412263050593,0.0,CORREGIDO_ANCLA_OBSERVADO
2026-10-10,LAGUNAS,33.0,2026-10-08,2026-11-15,60,38,6.759106114354378,6.615337310651142,6.759106114354378,4.47,7.069344059187675,5.313706114354377,8.204506114354377,HIBRIDO_ANALOGO_CLIM,ANALOGO_DTW_HIBRIDO_CLIMATOLOGIA,30,10,0.23857430255244116,OK_ANALOGOS_CONTINUIDAD_CORREGIDA,0.10847412263050593,-0.10847412263050593,0.0,CORREGIDO_ANCLA_OBSERVADO
2026-10-10,LAGUNAS,33.0,2026-10-08,2026-11-16,60,39,6.90916786216681,6.790113329594473,6.90916786216681,4.47,7.156434968278585,5.6544178621668095,8.16391786216681,HIBRIDO_ANALOGO_CLIM,ANALOGO_DTW_HIBRIDO_CLIMATOLOGIA,30,10,0.23857430255244116,OK_ANALOGOS_CONTINUIDAD_CORREGIDA,0.10847412263050593,-0.10847412263050593,0.0,CORREGIDO_ANCLA_OBSERVADO
2026-10-10,LAGUNAS,33.0,2026-10-08,2026-11-17,60,40,7.003860851233872,6.851778338166061,7.003860851233872,4.47,7.308025877369494,5.835010851233872,8.172710851233871,HIBRIDO_ANALOGO_CLIM,ANALOGO_DTW_HIBRIDO_CLIMATOLOGIA,30,10,0.23857430255244116,OK_ANALOGOS_CONTINUIDAD_CORREGIDA,0.10847412263050593,-0.10847412263050593,0.0,CORREGIDO_ANCLA_OBSERVADO
2026-10-10,LAGUNAS,33.0,2026-10-08,2026-11-18,60,41,7.150616538936912,6.994873027276274,7.150616538936912,4.47,7.450707695551312,5.924816538936912,8.376416538936914,HIBRIDO_ANALOGO_CLIM,ANALOGO_DTW_HIBRIDO_CLIMATOLOGIA,30,10,0.23857430255244116,OK_ANALOGOS_CONTINUIDAD_CORREGIDA,0.10847412263050593,-0.10847412263050593,0.0,CORREGIDO_ANCLA_OBSERVADO
2026-10-10,LAGUNAS,33.0,2026-10-08,2026-11-19,60,42,7.210027995286859,7.072745918920686,7.210027995286859,4.47,7.46498042282404,5.97782799528686,8.44222799528686,HIBRIDO_ANALOGO_CLIM,ANALOGO_DTW_HIBRIDO_CLIMATOLOGIA,30,10,0.23857430255244116,OK_ANALOGOS_CONTINUIDAD_CORREGIDA,0.10847412263050593,-0.10847412263050593,0.0,CORREGIDO_ANCLA_OBSERVADO
2026-10-10,LAGUNAS,33.0,2026-10-08,2026-11-20,60,43,7.178112302939338,6.990803423712107,7.178112302939338,4.47,7.513525877369494,6.1825623029393375,8.173662302939338,HIBRIDO_ANALOGO_CLIM,ANALOGO_DTW_HIBRIDO_CLIMATOLOGIA,30,10,0.23857430255244116,OK_ANALOGOS_CONTINUIDAD_CORREGIDA,0.10847412263050593,-0.10847412263050593,0.0,CORREGIDO_ANCLA_OBSERVADO
2026-10-10,LAGUNAS,33.0,2026-10-08,2026-11-21,60,44,7.18484615449179,7.019742104404697,7.18484615449179,4.47,7.470025877369494,6.279996154491791,8.08969615449179,HIBRIDO_ANALOGO_CLIM,ANALOGO_DTW_HIBRIDO_CLIMATOLOGIA,30,10,0.23857430255244116,OK_ANALOGOS_CONTINUIDAD_CORREGIDA,0.10847412263050593,-0.10847412263050593,0.0,CORREGIDO_ANCLA_OBSERVADO
2026-10-10,LAGUNAS,33.0,2026-10-08,2026-11-22,60,45,7.213075175992207,7.111704755165835,7.213075175992207,4.47,7.382025877369494,6.316125175992208,8.110025175992206,HIBRIDO_ANALOGO_CLIM,ANALOGO_DTW_HIBRIDO_CLIMATOLOGIA,30,10,0.23857430255244116,OK_ANALOGOS_CONTINUIDAD_CORREGIDA,0.10847412263050593,-0.10847412263050593,0.0,CORREGIDO_ANCLA_OBSERVADO
2026-10-10,LAGUNAS,33.0,2026-10-08,2026-11-23,60,46,7.186886516907686,7.163206521338062,7.186886516907686,4.47,7.224980422824038,6.300936516907686,8.072836516907685,HIBRIDO_ANALOGO_CLIM,ANALOGO_DTW_HIBRIDO_CLIMATOLOGIA,30,10,0.23857430255244116,OK_ANALOGOS_CONTINUIDAD_CORREGIDA,0.10847412263050593,-0.10847412263050593,0.0,CORREGIDO_ANCLA_OBSERVADO
2026-10-10,LAGUNAS,33.0,2026-10-08,2026-11-24,60,47,7.186460003522825,7.216355947758532,7.186460003522825,4.47,7.140025877369493,6.213760003522824,8.159160003522825,HIBRIDO_ANALOGO_CLIM,ANALOGO_DTW_HIBRIDO_CLIMATOLOGIA,30,10,0.23857430255244116,OK_ANALOGOS_CONTINUIDAD_CORREGIDA,0.10847412263050593,-0.10847412263050593,0.0,CORREGIDO_ANCLA_OBSERVADO
2026-10-10,LAGUNAS,33.0,2026-10-08,2026-11-25,60,48,7.199282430296128,7.187968617095701,7.199282430296128,4.47,7.216253150096767,6.075682430296128,8.322882430296128,HIBRIDO_ANALOGO_CLIM,ANALOGO_DTW_HIBRIDO_CLIMATOLOGIA,30,10,0.23857430255244116,OK_ANALOGOS_CONTINUIDAD_CORREGIDA,0.10847412263050593,-0.10847412263050593,0.0,CORREGIDO_ANCLA_OBSERVADO
2026-10-10,LAGUNAS,33.0,2026-10-08,2026-11-26,60,49,7.264796948657317,7.259807969686941,7.264796948657317,4.47,7.272025877369495,6.276546948657317,8.253046948657317,HIBRIDO_ANALOGO_CLIM,ANALOGO_DTW_HIBRIDO_CLIMATOLOGIA,30,10,0.23857430255244116,OK_ANALOGOS_CONTINUIDAD_CORREGIDA,0.10847412263050593,-0.10847412263050593,0.0,CORREGIDO_ANCLA_OBSERVADO
2026-10-10,LAGUNAS,33.0,2026-10-08,2026-11-27,60,50,7.232097323578595,7.2006873176240545,7.232097323578595,4.47,7.276071331914949,6.105647323578595,8.358547323578595,HIBRIDO_ANALOGO_CLIM,ANALOGO_DTW_HIBRIDO_CLIMATOLOGIA,30,10,0.23857430255244116,OK_ANALOGOS_CONTINUIDAD_CORREGIDA,0.10847412263050593,-0.10847412263050593,0.0,CORREGIDO_ANCLA_OBSERVADO
2026-10-10,LAGUNAS,33.0,2026-10-08,2026-11-28,60,51,7.206788397458485,7.157259113887898,7.206788397458485,4.47,7.273798604642221,6.189238397458485,8.224338397458485,HIBRIDO_ANALOGO_CLIM,ANALOGO_DTW_HIBRIDO_CLIMATOLOGIA,30,10,0.23857430255244116,OK_ANALOGOS_CONTINUIDAD_CORREGIDA,0.10847412263050593,-0.10847412263050593,0.0,CORREGIDO_ANCLA_OBSERVADO
2026-10-10,LAGUNAS,33.0,2026-10-08,2026-11-29,60,52,7.257784367208233,7.1699018220047,7.257784367208233,4.47,7.372707695551313,6.169634367208233,8.345934367208232,HIBRIDO_ANALOGO_CLIM,ANALOGO_DTW_HIBRIDO_CLIMATOLOGIA,30,10,0.23857430255244116,OK_ANALOGOS_CONTINUIDAD_CORREGIDA,0.10847412263050593,-0.10847412263050593,0.0,CORREGIDO_ANCLA_OBSERVADO
2026-10-10,LAGUNAS,33.0,2026-10-08,2026-11-30,60,53,7.277245676761463,7.144416155792015,7.277245676761463,4.47,7.445162241005858,6.188195676761463,8.366295676761462,HIBRIDO_ANALOGO_CLIM,ANALOGO_DTW_HIBRIDO_CLIMATOLOGIA,30,10,0.23857430255244116,OK_ANALOGOS_CONTINUIDAD_CORREGIDA,0.10847412263050593,-0.10847412263050593,0.0,CORREGIDO_ANCLA_OBSERVADO
2026-10-10,LAGUNAS,33.0,2026-10-08,2026-12-01,60,54,7.273527390812705,7.099553422472853,7.273527390812705,4.47,7.486162241005857,6.101277390812706,8.445777390812705,HIBRIDO_ANALOGO_CLIM,ANALOGO_DTW_HIBRIDO_CLIMATOLOGIA,30,10,0.23857430255244116,OK_ANALOGOS_CONTINUIDAD_CORREGIDA,0.10847412263050593,-0.10847412263050593,0.0,CORREGIDO_ANCLA_OBSERVADO
2026-10-10,LAGUNAS,33.0,2026-10-08,2026-12-02,60,55,7.310488345503679,7.043841203155682,7.310488345503679,4.47,7.625616786460403,5.984988345503679,8.635988345503678,HIBRIDO_ANALOGO_CLIM,ANALOGO_DTW_HIBRIDO_CLIMATOLOGIA,30,10,0.23857430255244116,OK_ANALOGOS_CONTINUIDAD_CORREGIDA,0.10847412263050593,-0.10847412263050593,0.0,CORREGIDO_ANCLA_OBSERVADO
2026-10-10,LAGUNAS,33.0,2026-10-08,2026-12-03,60,56,7.290459964615133,6.962515927318705,7.290459964615133,4.47,7.665253150096766,5.846609964615133,8.734309964615132,HIBRIDO_ANALOGO_CLIM,ANALOGO_DTW_HIBRIDO_CLIMATOLOGIA,30,10,0.23857430255244116,OK_ANALOGOS_CONTINUIDAD_CORREGIDA,0.10847412263050593,-0.10847412263050593,0.0,CORREGIDO_ANCLA_OBSERVADO
2026-10-10,LAGUNAS,33.0,2026-10-08,2026-12-04,60,57,7.354129994430593,7.011771814628731,7.354129994430593,4.47,7.732525877369494,5.922229994430594,8.786029994430594,HIBRIDO_ANALOGO_CLIM,ANALOGO_DTW_HIBRIDO_CLIMATOLOGIA,30,10,0.23857430255244116,OK_ANALOGOS_CONTINUIDAD_CORREGIDA,0.10847412263050593,-0.10847412263050593,0.0,CORREGIDO_ANCLA_OBSERVADO
2026-10-10,LAGUNAS,33.0,2026-10-08,2026-12-05,60,58,7.506092165855736,7.206416641008555,7.506092165855736,4.47,7.826434968278584,6.228392165855735,8.783792165855738,HIBRIDO_ANALOGO_CLIM,ANALOGO_DTW_HIBRIDO_CLIMATOLOGIA,30,10,0.23857430255244116,OK_ANALOGOS_CONTINUIDAD_CORREGIDA,0.10847412263050593,-0.10847412263050593,0.0,CORREGIDO_ANCLA_OBSERVADO
2026-10-10,LAGUNAS,33.0,2026-10-08,2026-12-06,60,59,7.641053132253398,7.335396185039766,7.641053132253398,4.47,7.95707133191495,6.332403132253398,8.949703132253399,HIBRIDO_ANALOGO_CLIM,ANALOGO_DTW_HIBRIDO_CLIMATOLOGIA,30,10,0.23857430255244116,OK_ANALOGOS_CONTINUIDAD_CORREGIDA,0.10847412263050593,-0.10847412263050593,0.0,CORREGIDO_ANCLA_OBSERVADO
2026-10-10,LAGUNAS,33.0,2026-10-08,2026-12-07,60,60,7.678918080418894,7.375719374377385,7.678918080418894,4.47,7.982116786460402,6.358168080418895,8.999668080418894,HIBRIDO_ANALOGO_CLIM,ANALOGO_DTW_HIBRIDO_CLIMATOLOGIA,30,10,0.23857430255244116,OK_ANALOGOS_CONTINUIDAD_CORREGIDA,0.10847412263050593,-0.10847412263050593,0.0,CORREGIDO_ANCLA_OBSERVADO
2026-10-10,LAGUNAS,33.0,2026-10-08,2026-10-09,90,1,4.47,4.225339859058653,4.47,4.47,5.203980422824039,4.1861999999999995,4.753799999999999,HIBRIDO_ANALOGO_CLIM,ANALOGO_DTW_HIBRIDO_CLIMATOLOGIA,30,10,0.23857430255244116,OK_ANALOGOS_CONTINUIDAD_CORREGIDA,0.10847412263050593,-0.10847412263050593,0.0,CORREGIDO_ANCLA_OBSERVADO
2026-10-10,LAGUNAS,33.0,2026-10-08,2026-10-10,90,2,4.606292872115102,4.369654597636365,4.606292872115102,4.47,5.316207695551312,4.254942872115103,4.957642872115102,HIBRIDO_ANALOGO_CLIM,ANALOGO_DTW_HIBRIDO_CLIMATOLOGIA,30,10,0.23857430255244116,OK_ANALOGOS_CONTINUIDAD_CORREGIDA,0.10847412263050593,-0.10847412263050593,0.0,CORREGIDO_ANCLA_OBSERVADO
2026-10-10,LAGUNAS,33.0,2026-10-08,2026-10-11,90,3,4.82123082785529,4.606905205289949,4.82123082785529,4.47,5.464207695551313,4.0675808278552905,5.5748808278552895,HIBRIDO_ANALOGO_CLIM,ANALOGO_DTW_HIBRIDO_CLIMATOLOGIA,30,10,0.23857430255244116,OK_ANALOGOS_CONTINUIDAD_CORREGIDA,0.10847412263050593,-0.10847412263050593,0.0,CORREGIDO_ANCLA_OBSERVADO
2026-10-10,LAGUNAS,33.0,2026-10-08,2026-10-12,90,4,4.956053390530565,4.772274682796376,4.956053390530565,4.47,5.507389513733131,3.7269033905305653,6.185203390530565,HIBRIDO_ANALOGO_CLIM,ANALOGO_DTW_HIBRIDO_CLIMATOLOGIA,30,10,0.23857430255244116,OK_ANALOGOS_CONTINUIDAD_CORREGIDA,0.10847412263050593,-0.10847412263050593,0.0,CORREGIDO_ANCLA_OBSERVADO
2026-10-10,LAGUNAS,33.0,2026-10-08,2026-10-13,90,5,5.104062083927561,4.932983243689341,5.104062083927561,4.47,5.6172986046422215,3.772762083927561,6.4353620839275605,HIBRIDO_ANALOGO_CLIM,ANALOGO_DTW_HIBRIDO_CLIMATOLOGIA,30,10,0.23857430255244116,OK_ANALOGOS_CONTINUIDAD_CORREGIDA,0.10847412263050593,-0.10847412263050593,0.0,CORREGIDO_ANCLA_OBSERVADO
2026-10-10,LAGUNAS,33.0,2026-10-08,2026-10-14,90,6,5.244958875285539,5.063285026106039,5.244958875285539,4.47,5.789980422824039,4.043108875285539,6.446808875285538,HIBRIDO_ANALOGO_CLIM,ANALOGO_DTW_HIBRIDO_CLIMATOLOGIA,30,10,0.23857430255244116,OK_ANALOGOS_CONTINUIDAD_CORREGIDA,0.10847412263050593,-0.10847412263050593,0.0,CORREGIDO_ANCLA_OBSERVADO
2026-10-10,LAGUNAS,33.0,2026-10-08,2026-10-15,90,7,5.364382020069805,5.202652249454757,5.364382020069805,4.47,5.849571331914949,4.187982020069806,6.5407820200698055,HIBRIDO_ANALOGO_CLIM,ANALOGO_DTW_HIBRIDO_CLIMATOLOGIA,30,10,0.23857430255244116,OK_ANALOGOS_CONTINUIDAD_CORREGIDA,0.10847412263050593,-0.10847412263050593,0.0,CORREGIDO_ANCLA_OBSERVADO
2026-10-10,LAGUNAS,33.0,2026-10-08,2026-10-16,90,8,5.3728111574857484,5.221618372069954,5.3728111574857484,4.47,5.8263895137331305,3.978661157485748,6.766961157485748,HIBRIDO_ANALOGO_CLIM,ANALOGO_DTW_HIBRIDO_CLIMATOLOGIA,30,10,0.23857430255244116,OK_ANALOGOS_CONTINUIDAD_CORREGIDA,0.10847412263050593,-0.10847412263050593,0.0,CORREGIDO_ANCLA_OBSERVADO
2026-10-10,LAGUNAS,33.0,2026-10-08,2026-10-17,90,9,5.377607935605409,5.261150439865866,5.377607935605409,4.47,5.726980422824039,3.9362579356054095,6.818957935605409,HIBRIDO_ANALOGO_CLIM,ANALOGO_DTW_HIBRIDO_CLIMATOLOGIA,30,10,0.23857430255244116,OK_ANALOGOS_CONTINUIDAD_CORREGIDA,0.10847412263050593,-0.10847412263050593,0.0,CORREGIDO_ANCLA_OBSERVADO
2026-10-10,LAGUNAS,33.0,2026-10-08,2026-10-18,90,10,5.43693731188455,5.30445324460169,5.43693731188455,4.47,5.8343895137331305,4.138137311884551,6.735737311884549,HIBRIDO_ANALOGO_CLIM,ANALOGO_DTW_HIBRIDO_CLIMATOLOGIA,30,10,0.23857430255244116,OK_ANALOGOS_CONTINUIDAD_CORREGIDA,0.10847412263050593,-0.10847412263050593,0.0,CORREGIDO_ANCLA_OBSERVADO
2026-10-10,LAGUNAS,33.0,2026-10-08,2026-10-19,90,11,5.7295732628787475,5.269786027745469,5.7295732628787475,4.47,7.108934968278584,4.363773262878747,7.095373262878747,HIBRIDO_ANALOGO_CLIM,ANALOGO_DTW_HIBRIDO_CLIMATOLOGIA,30,10,0.23857430255244116,OK_ANALOGOS_CONTINUIDAD_CORREGIDA,0.10847412263050593,-0.10847412263050593,0.0,CORREGIDO_ANCLA_OBSERVADO
2026-10-10,LAGUNAS,33.0,2026-10-08,2026-10-20,90,12,5.462608119845476,5.343317352185955,5.462608119845476,4.47,5.82048042282404,4.1309081198454765,6.794308119845476,HIBRIDO_ANALOGO_CLIM,ANALOGO_DTW_HIBRIDO_CLIMATOLOGIA,30,10,0.23857430255244116,OK_ANALOGOS_CONTINUIDAD_CORREGIDA,0.10847412263050593,-0.10847412263050593,0.0,CORREGIDO_ANCLA_OBSERVADO
2026-10-10,LAGUNAS,33.0,2026-10-08,2026-10-21,90,13,5.670136844613497,5.609219288240286,5.670136844613497,4.47,5.852889513733131,4.645786844613497,6.694486844613497,HIBRIDO_ANALOGO_CLIM,ANALOGO_DTW_HIBRIDO_CLIMATOLOGIA,30,10,0.23857430255244116,OK_ANALOGOS_CONTINUIDAD_CORREGIDA,0.10847412263050593,-0.10847412263050593,0.0,CORREGIDO_ANCLA_OBSERVADO
2026-10-10,LAGUNAS,33.0,2026-10-08,2026-10-22,90,14,5.722707407402042,5.673540644685618,5.722707407402042,4.47,5.870207695551312,4.535107407402042,6.910307407402042,HIBRIDO_ANALOGO_CLIM,ANALOGO_DTW_HIBRIDO_CLIMATOLOGIA,30,10,0.23857430255244116,OK_ANALOGOS_CONTINUIDAD_CORREGIDA,0.10847412263050593,-0.10847412263050593,0.0,CORREGIDO_ANCLA_OBSERVADO
2026-10-10,LAGUNAS,33.0,2026-10-08,2026-10-23,90,15,5.640114575015807,5.582644140897911,5.640114575015807,4.47,5.812525877369494,4.673514575015807,6.606714575015807,HIBRIDO_ANALOGO_CLIM,ANALOGO_DTW_HIBRIDO_CLIMATOLOGIA,30,10,0.23857430255244116,OK_ANALOGOS_CONTINUIDAD_CORREGIDA,0.10847412263050593,-0.10847412263050593,0.0,CORREGIDO_ANCLA_OBSERVADO
2026-10-10,LAGUNAS,33.0,2026-10-08,2026-10-24,90,16,5.585148316434735,5.496219432486785,5.585148316434735,4.47,5.851934968278584,4.622398316434735,6.547898316434734,HIBRIDO_ANALOGO_CLIM,ANALOGO_DTW_HIBRIDO_CLIMATOLOGIA,30,10,0.23857430255244116,OK_ANALOGOS_CONTINUIDAD_CORREGIDA,0.10847412263050593,-0.10847412263050593,0.0,CORREGIDO_ANCLA_OBSERVADO
2026-10-10,LAGUNAS,33.0,2026-10-08,2026-10-25,90,17,5.476085434571999,5.339984074851621,5.476085434571999,4.47,5.88438951373313,4.298285434571999,6.653885434571999,HIBRIDO_ANALOGO_CLIM,ANALOGO_DTW_HIBRIDO_CLIMATOLOGIA,30,10,0.23857430255244116,OK_ANALOGOS_CONTINUIDAD_CORREGIDA,0.10847412263050593,-0.10847412263050593,0.0,CORREGIDO_ANCLA_OBSERVADO
2026-10-10,LAGUNAS,33.0,2026-10-08,2026-10-26,90,18,5.537126310341758,5.324235545574937,5.537126310341758,4.47,6.175798604642222,4.248976310341758,6.825276310341758,HIBRIDO_ANALOGO_CLIM,ANALOGO_DTW_HIBRIDO_CLIMATOLOGIA,30,10,0.23857430255244116,OK_ANALOGOS_CONTINUIDAD_CORREGIDA,0.10847412263050593,-0.10847412263050593,0.0,CORREGIDO_ANCLA_OBSERVADO
2026-10-10,LAGUNAS,33.0,2026-10-08,2026-10-27,90,19,5.64014492385617,5.438911878745668,5.64014492385617,4.47,6.243844059187676,4.374644923856169,6.905644923856169,HIBRIDO_ANALOGO_CLIM,ANALOGO_DTW_HIBRIDO_CLIMATOLOGIA,30,10,0.23857430255244116,OK_ANALOGOS_CONTINUIDAD_CORREGIDA,0.10847412263050593,-0.10847412263050593,0.0,CORREGIDO_ANCLA_OBSERVADO
2026-10-10,LAGUNAS,33.0,2026-10-08,2026-10-28,90,20,5.730060459083686,5.506920471170234,5.730060459083686,4.47,6.39948042282404,4.383010459083686,7.077110459083685,HIBRIDO_ANALOGO_CLIM,ANALOGO_DTW_HIBRIDO_CLIMATOLOGIA,30,10,0.23857430255244116,OK_ANALOGOS_CONTINUIDAD_CORREGIDA,0.10847412263050593,-0.10847412263050593,0.0,CORREGIDO_ANCLA_OBSERVADO
2026-10-10,LAGUNAS,33.0,2026-10-08,2026-10-29,90,21,5.888254070607757,5.667890741081117,5.888254070607757,4.47,6.549344059187677,4.524904070607756,7.2516040706077565,HIBRIDO_ANALOGO_CLIM,ANALOGO_DTW_HIBRIDO_CLIMATOLOGIA,30,10,0.23857430255244116,OK_ANALOGOS_CONTINUIDAD_CORREGIDA,0.10847412263050593,-0.10847412263050593,0.0,CORREGIDO_ANCLA_OBSERVADO
2026-10-10,LAGUNAS,33.0,2026-10-08,2026-10-30,90,22,5.892268233079075,5.648045988012571,5.892268233079075,4.47,6.624934968278585,4.584918233079074,7.199618233079074,HIBRIDO_ANALOGO_CLIM,ANALOGO_DTW_HIBRIDO_CLIMATOLOGIA,30,10,0.23857430255244116,OK_ANALOGOS_CONTINUIDAD_CORREGIDA,0.10847412263050593,-0.10847412263050593,0.0,CORREGIDO_ANCLA_OBSERVADO
2026-10-10,LAGUNAS,33.0,2026-10-08,2026-10-31,90,23,5.924891078677289,5.665194630628372,5.924891078677289,4.47,6.703980422824039,4.74319107867729,7.1065910786772895,HIBRIDO_ANALOGO_CLIM,ANALOGO_DTW_HIBRIDO_CLIMATOLOGIA,30,10,0.23857430255244116,OK_ANALOGOS_CONTINUIDAD_CORREGIDA,0.10847412263050593,-0.10847412263050593,0.0,CORREGIDO_ANCLA_OBSERVADO
2026-10-10,LAGUNAS,33.0,2026-10-08,2026-11-01,90,24,6.011337039759789,5.74780439692019,6.011337039759789,4.47,6.801934968278585,4.8470370397597895,7.175637039759789,HIBRIDO_ANALOGO_CLIM,ANALOGO_DTW_HIBRIDO_CLIMATOLOGIA,30,10,0.23857430255244116,OK_ANALOGOS_CONTINUIDAD_CORREGIDA,0.10847412263050593,-0.10847412263050593,0.0,CORREGIDO_ANCLA_OBSERVADO
2026-10-10,LAGUNAS,33.0,2026-10-08,2026-11-02,90,25,6.067668799557346,5.819761894832085,6.067668799557346,4.47,6.81138951373313,4.963168799557346,7.172168799557347,HIBRIDO_ANALOGO_CLIM,ANALOGO_DTW_HIBRIDO_CLIMATOLOGIA,30,10,0.23857430255244116,OK_ANALOGOS_CONTINUIDAD_CORREGIDA,0.10847412263050593,-0.10847412263050593,0.0,CORREGIDO_ANCLA_OBSERVADO
2026-10-10,LAGUNAS,33.0,2026-10-08,2026-11-03,90,26,6.109245258746059,5.893969901023096,6.109245258746059,4.47,6.755071331914948,5.025645258746058,7.192845258746059,HIBRIDO_ANALOGO_CLIM,ANALOGO_DTW_HIBRIDO_CLIMATOLOGIA,30,10,0.23857430255244116,OK_ANALOGOS_CONTINUIDAD_CORREGIDA,0.10847412263050593,-0.10847412263050593,0.0,CORREGIDO_ANCLA_OBSERVADO
2026-10-10,LAGUNAS,33.0,2026-10-08,2026-11-04,90,27,6.1538654980490595,5.935781735245279,6.1538654980490595,4.47,6.808116786460403,4.98766549804906,7.320065498049059,HIBRIDO_ANALOGO_CLIM,ANALOGO_DTW_HIBRIDO_CLIMATOLOGIA,30,10,0.23857430255244116,OK_ANALOGOS_CONTINUIDAD_CORREGIDA,0.10847412263050593,-0.10847412263050593,0.0,CORREGIDO_ANCLA_OBSERVADO
2026-10-10,LAGUNAS,33.0,2026-10-08,2026-11-05,90,28,6.232932208113937,6.0234312880590535,6.232932208113937,4.47,6.8614349682785845,5.2024822081139375,7.263382208113936,HIBRIDO_ANALOGO_CLIM,ANALOGO_DTW_HIBRIDO_CLIMATOLOGIA,30,10,0.23857430255244116,OK_ANALOGOS_CONTINUIDAD_CORREGIDA,0.10847412263050593,-0.10847412263050593,0.0,CORREGIDO_ANCLA_OBSERVADO
2026-10-10,LAGUNAS,33.0,2026-10-08,2026-11-06,90,29,6.333889688250232,6.120738231271084,6.333889688250232,4.47,6.973344059187676,5.187289688250232,7.480489688250232,HIBRIDO_ANALOGO_CLIM,ANALOGO_DTW_HIBRIDO_CLIMATOLOGIA,30,10,0.23857430255244116,OK_ANALOGOS_CONTINUIDAD_CORREGIDA,0.10847412263050593,-0.10847412263050593,0.0,CORREGIDO_ANCLA_OBSERVADO
2026-10-10,LAGUNAS,33.0,2026-10-08,2026-11-07,90,30,6.399454982125926,6.181416198862918,6.399454982125926,4.47,7.053571331914949,5.170454982125926,7.628454982125926,HIBRIDO_ANALOGO_CLIM,ANALOGO_DTW_HIBRIDO_CLIMATOLOGIA,30,10,0.23857430255244116,OK_ANALOGOS_CONTINUIDAD_CORREGIDA,0.10847412263050593,-0.10847412263050593,0.0,CORREGIDO_ANCLA_OBSERVADO
2026-10-10,LAGUNAS,33.0,2026-10-08,2026-11-08,90,31,6.573580740112207,6.360827122334133,6.573580740112207,4.47,7.184389513733129,5.228480740112206,7.918680740112206,HIBRIDO_ANALOGO_CLIM,ANALOGO_DTW_HIBRIDO_CLIMATOLOGIA,30,10,0.23857430255244116,OK_ANALOGOS_CONTINUIDAD_CORREGIDA,0.10847412263050593,-0.10847412263050593,0.0,CORREGIDO_ANCLA_OBSERVADO
2026-10-10,LAGUNAS,33.0,2026-10-08,2026-11-09,90,32,6.615370176297985,6.364470582519915,6.615370176297985,4.47,7.305344059187677,5.315620176297984,7.915120176297984,HIBRIDO_ANALOGO_CLIM,ANALOGO_DTW_HIBRIDO_CLIMATOLOGIA,30,10,0.23857430255244116,OK_ANALOGOS_CONTINUIDAD_CORREGIDA,0.10847412263050593,-0.10847412263050593,0.0,CORREGIDO_ANCLA_OBSERVADO
2026-10-10,LAGUNAS,33.0,2026-10-08,2026-11-10,90,33,6.531387673013274,6.270369733429881,6.531387673013274,4.47,7.219525877369494,5.127387673013274,7.935387673013274,HIBRIDO_ANALOGO_CLIM,ANALOGO_DTW_HIBRIDO_CLIMATOLOGIA,30,10,0.23857430255244116,OK_ANALOGOS_CONTINUIDAD_CORREGIDA,0.10847412263050593,-0.10847412263050593,0.0,CORREGIDO_ANCLA_OBSERVADO
2026-10-10,LAGUNAS,33.0,2026-10-08,2026-11-11,90,34,6.4486224446893505,6.1927621023824,6.4486224446893505,4.47,7.095798604642221,4.972272444689351,7.924972444689351,HIBRIDO_ANALOGO_CLIM,ANALOGO_DTW_HIBRIDO_CLIMATOLOGIA,30,10,0.23857430255244116,OK_ANALOGOS_CONTINUIDAD_CORREGIDA,0.10847412263050593,-0.10847412263050593,0.0,CORREGIDO_ANCLA_OBSERVADO
2026-10-10,LAGUNAS,33.0,2026-10-08,2026-11-12,90,35,6.471365883762937,6.223155619015852,6.471365883762937,4.47,7.074162241005857,5.018265883762937,7.924465883762938,HIBRIDO_ANALOGO_CLIM,ANALOGO_DTW_HIBRIDO_CLIMATOLOGIA,30,10,0.23857430255244116,OK_ANALOGOS_CONTINUIDAD_CORREGIDA,0.10847412263050593,-0.10847412263050593,0.0,CORREGIDO_ANCLA_OBSERVADO
2026-10-10,LAGUNAS,33.0,2026-10-08,2026-11-13,90,36,6.482475976030017,6.2429805637676425,6.482475976030017,4.47,7.041298604642221,4.959625976030017,8.005325976030017,HIBRIDO_ANALOGO_CLIM,ANALOGO_DTW_HIBRIDO_CLIMATOLOGIA,30,10,0.23857430255244116,OK_ANALOGOS_CONTINUIDAD_CORREGIDA,0.10847412263050593,-0.10847412263050593,0.0,CORREGIDO_ANCLA_OBSERVADO
2026-10-10,LAGUNAS,33.0,2026-10-08,2026-11-14,90,37,6.5607564712637005,6.340176352660131,6.5607564712637005,4.47,7.055571331914949,4.9782064712637,8.1433064712637,HIBRIDO_ANALOGO_CLIM,ANALOGO_DTW_HIBRIDO_CLIMATOLOGIA,30,10,0.23857430255244116,OK_ANALOGOS_CONTINUIDAD_CORREGIDA,0.10847412263050593,-0.10847412263050593,0.0,CORREGIDO_ANCLA_OBSERVADO
2026-10-10,LAGUNAS,33.0,2026-10-08,2026-11-15,90,38,6.759106114354378,6.615337310651142,6.759106114354378,4.47,7.069344059187675,5.313706114354377,8.204506114354377,HIBRIDO_ANALOGO_CLIM,ANALOGO_DTW_HIBRIDO_CLIMATOLOGIA,30,10,0.23857430255244116,OK_ANALOGOS_CONTINUIDAD_CORREGIDA,0.10847412263050593,-0.10847412263050593,0.0,CORREGIDO_ANCLA_OBSERVADO
2026-10-10,LAGUNAS,33.0,2026-10-08,2026-11-16,90,39,6.90916786216681,6.790113329594473,6.90916786216681,4.47,7.156434968278585,5.6544178621668095,8.16391786216681,HIBRIDO_ANALOGO_CLIM,ANALOGO_DTW_HIBRIDO_CLIMATOLOGIA,30,10,0.23857430255244116,OK_ANALOGOS_CONTINUIDAD_CORREGIDA,0.10847412263050593,-0.10847412263050593,0.0,CORREGIDO_ANCLA_OBSERVADO
2026-10-10,LAGUNAS,33.0,2026-10-08,2026-11-17,90,40,7.003860851233872,6.851778338166061,7.003860851233872,4.47,7.308025877369494,5.835010851233872,8.172710851233871,HIBRIDO_ANALOGO_CLIM,ANALOGO_DTW_HIBRIDO_CLIMATOLOGIA,30,10,0.23857430255244116,OK_ANALOGOS_CONTINUIDAD_CORREGIDA,0.10847412263050593,-0.10847412263050593,0.0,CORREGIDO_ANCLA_OBSERVADO
2026-10-10,LAGUNAS,33.0,2026-10-08,2026-11-18,90,41,7.150616538936912,6.994873027276274,7.150616538936912,4.47,7.450707695551312,5.924816538936912,8.376416538936914,HIBRIDO_ANALOGO_CLIM,ANALOGO_DTW_HIBRIDO_CLIMATOLOGIA,30,10,0.23857430255244116,OK_ANALOGOS_CONTINUIDAD_CORREGIDA,0.10847412263050593,-0.10847412263050593,0.0,CORREGIDO_ANCLA_OBSERVADO
2026-10-10,LAGUNAS,33.0,2026-10-08,2026-11-19,90,42,7.210027995286859,7.072745918920686,7.210027995286859,4.47,7.46498042282404,5.97782799528686,8.44222799528686,HIBRIDO_ANALOGO_CLIM,ANALOGO_DTW_HIBRIDO_CLIMATOLOGIA,30,10,0.23857430255244116,OK_ANALOGOS_CONTINUIDAD_CORREGIDA,0.10847412263050593,-0.10847412263050593,0.0,CORREGIDO_ANCLA_OBSERVADO
2026-10-10,LAGUNAS,33.0,2026-10-08,2026-11-20,90,43,7.178112302939338,6.990803423712107,7.178112302939338,4.47,7.513525877369494,6.1825623029393375,8.173662302939338,HIBRIDO_ANALOGO_CLIM,ANALOGO_DTW_HIBRIDO_CLIMATOLOGIA,30,10,0.23857430255244116,OK_ANALOGOS_CONTINUIDAD_CORREGIDA,0.10847412263050593,-0.10847412263050593,0.0,CORREGIDO_ANCLA_OBSERVADO
2026-10-10,LAGUNAS,33.0,2026-10-08,2026-11-21,90,44,7.18484615449179,7.019742104404697,7.18484615449179,4.47,7.470025877369494,6.279996154491791,8.08969615449179,HIBRIDO_ANALOGO_CLIM,ANALOGO_DTW_HIBRIDO_CLIMATOLOGIA,30,10,0.23857430255244116,OK_ANALOGOS_CONTINUIDAD_CORREGIDA,0.10847412263050593,-0.10847412263050593,0.0,CORREGIDO_ANCLA_OBSERVADO
2026-10-10,LAGUNAS,33.0,2026-10-08,2026-11-22,90,45,7.213075175992207,7.111704755165835,7.213075175992207,4.47,7.382025877369494,6.316125175992208,8.110025175992206,HIBRIDO_ANALOGO_CLIM,ANALOGO_DTW_HIBRIDO_CLIMATOLOGIA,30,10,0.23857430255244116,OK_ANALOGOS_CONTINUIDAD_CORREGIDA,0.10847412263050593,-0.10847412263050593,0.0,CORREGIDO_ANCLA_OBSERVADO
2026-10-10,LAGUNAS,33.0,2026-10-08,2026-11-23,90,46,7.186886516907686,7.163206521338062,7.186886516907686,4.47,7.224980422824038,6.300936516907686,8.072836516907685,HIBRIDO_ANALOGO_CLIM,ANALOGO_DTW_HIBRIDO_CLIMATOLOGIA,30,10,0.23857430255244116,OK_ANALOGOS_CONTINUIDAD_CORREGIDA,0.10847412263050593,-0.10847412263050593,0.0,CORREGIDO_ANCLA_OBSERVADO
2026-10-10,LAGUNAS,33.0,2026-10-08,2026-11-24,90,47,7.186460003522825,7.216355947758532,7.186460003522825,4.47,7.140025877369493,6.213760003522824,8.159160003522825,HIBRIDO_ANALOGO_CLIM,ANALOGO_DTW_HIBRIDO_CLIMATOLOGIA,30,10,0.23857430255244116,OK_ANALOGOS_CONTINUIDAD_CORREGIDA,0.10847412263050593,-0.10847412263050593,0.0,CORREGIDO_ANCLA_OBSERVADO
2026-10-10,LAGUNAS,33.0,2026-10-08,2026-11-25,90,48,7.199282430296128,7.187968617095701,7.199282430296128,4.47,7.216253150096767,6.075682430296128,8.322882430296128,HIBRIDO_ANALOGO_CLIM,ANALOGO_DTW_HIBRIDO_CLIMATOLOGIA,30,10,0.23857430255244116,OK_ANALOGOS_CONTINUIDAD_CORREGIDA,0.10847412263050593,-0.10847412263050593,0.0,CORREGIDO_ANCLA_OBSERVADO
2026-10-10,LAGUNAS,33.0,2026-10-08,2026-11-26,90,49,7.264796948657317,7.259807969686941,7.264796948657317,4.47,7.272025877369495,6.276546948657317,8.253046948657317,HIBRIDO_ANALOGO_CLIM,ANALOGO_DTW_HIBRIDO_CLIMATOLOGIA,30,10,0.23857430255244116,OK_ANALOGOS_CONTINUIDAD_CORREGIDA,0.10847412263050593,-0.10847412263050593,0.0,CORREGIDO_ANCLA_OBSERVADO
2026-10-10,LAGUNAS,33.0,2026-10-08,2026-11-27,90,50,7.232097323578595,7.2006873176240545,7.232097323578595,4.47,7.276071331914949,6.105647323578595,8.358547323578595,HIBRIDO_ANALOGO_CLIM,ANALOGO_DTW_HIBRIDO_CLIMATOLOGIA,30,10,0.23857430255244116,OK_ANALOGOS_CONTINUIDAD_CORREGIDA,0.10847412263050593,-0.10847412263050593,0.0,CORREGIDO_ANCLA_OBSERVADO
2026-10-10,LAGUNAS,33.0,2026-10-08,2026-11-28,90,51,7.206788397458485,7.157259113887898,7.206788397458485,4.47,7.273798604642221,6.189238397458485,8.224338397458485,HIBRIDO_ANALOGO_CLIM,ANALOGO_DTW_HIBRIDO_CLIMATOLOGIA,30,10,0.23857430255244116,OK_ANALOGOS_CONTINUIDAD_CORREGIDA,0.10847412263050593,-0.10847412263050593,0.0,CORREGIDO_ANCLA_OBSERVADO
2026-10-10,LAGUNAS,33.0,2026-10-08,2026-11-29,90,52,7.257784367208233,7.1699018220047,7.257784367208233,4.47,7.372707695551313,6.169634367208233,8.345934367208232,HIBRIDO_ANALOGO_CLIM,ANALOGO_DTW_HIBRIDO_CLIMATOLOGIA,30,10,0.23857430255244116,OK_ANALOGOS_CONTINUIDAD_CORREGIDA,0.10847412263050593,-0.10847412263050593,0.0,CORREGIDO_ANCLA_OBSERVADO
2026-10-10,LAGUNAS,33.0,2026-10-08,2026-11-30,90,53,7.277245676761463,7.144416155792015,7.277245676761463,4.47,7.445162241005858,6.188195676761463,8.366295676761462,HIBRIDO_ANALOGO_CLIM,ANALOGO_DTW_HIBRIDO_CLIMATOLOGIA,30,10,0.23857430255244116,OK_ANALOGOS_CONTINUIDAD_CORREGIDA,0.10847412263050593,-0.10847412263050593,0.0,CORREGIDO_ANCLA_OBSERVADO
2026-10-10,LAGUNAS,33.0,2026-10-08,2026-12-01,90,54,7.273527390812705,7.099553422472853,7.273527390812705,4.47,7.486162241005857,6.101277390812706,8.445777390812705,HIBRIDO_ANALOGO_CLIM,ANALOGO_DTW_HIBRIDO_CLIMATOLOGIA,30,10,0.23857430255244116,OK_ANALOGOS_CONTINUIDAD_CORREGIDA,0.10847412263050593,-0.10847412263050593,0.0,CORREGIDO_ANCLA_OBSERVADO
2026-10-10,LAGUNAS,33.0,2026-10-08,2026-12-02,90,55,7.310488345503679,7.043841203155682,7.310488345503679,4.47,7.625616786460403,5.984988345503679,8.635988345503678,HIBRIDO_ANALOGO_CLIM,ANALOGO_DTW_HIBRIDO_CLIMATOLOGIA,30,10,0.23857430255244116,OK_ANALOGOS_CONTINUIDAD_CORREGIDA,0.10847412263050593,-0.10847412263050593,0.0,CORREGIDO_ANCLA_OBSERVADO
2026-10-10,LAGUNAS,33.0,2026-10-08,2026-12-03,90,56,7.290459964615133,6.962515927318705,7.290459964615133,4.47,7.665253150096766,5.846609964615133,8.734309964615132,HIBRIDO_ANALOGO_CLIM,ANALOGO_DTW_HIBRIDO_CLIMATOLOGIA,30,10,0.23857430255244116,OK_ANALOGOS_CONTINUIDAD_CORREGIDA,0.10847412263050593,-0.10847412263050593,0.0,CORREGIDO_ANCLA_OBSERVADO
2026-10-10,LAGUNAS,33.0,2026-10-08,2026-12-04,90,57,7.354129994430593,7.011771814628731,7.354129994430593,4.47,7.732525877369494,5.922229994430594,8.786029994430594,HIBRIDO_ANALOGO_CLIM,ANALOGO_DTW_HIBRIDO_CLIMATOLOGIA,30,10,0.23857430255244116,OK_ANALOGOS_CONTINUIDAD_CORREGIDA,0.10847412263050593,-0.10847412263050593,0.0,CORREGIDO_ANCLA_OBSERVADO
2026-10-10,LAGUNAS,33.0,2026-10-08,2026-12-05,90,58,7.506092165855736,7.206416641008555,7.506092165855736,4.47,7.826434968278584,6.228392165855735,8.783792165855738,HIBRIDO_ANALOGO_CLIM,ANALOGO_DTW_HIBRIDO_CLIMATOLOGIA,30,10,0.23857430255244116,OK_ANALOGOS_CONTINUIDAD_CORREGIDA,0.10847412263050593,-0.10847412263050593,0.0,CORREGIDO_ANCLA_OBSERVADO
2026-10-10,LAGUNAS,33.0,2026-10-08,2026-12-06,90,59,7.641053132253398,7.335396185039766,7.641053132253398,4.47,7.95707133191495,6.332403132253398,8.949703132253399,HIBRIDO_ANALOGO_CLIM,ANALOGO_DTW_HIBRIDO_CLIMATOLOGIA,30,10,0.23857430255244116,OK_ANALOGOS_CONTINUIDAD_CORREGIDA,0.10847412263050593,-0.10847412263050593,0.0,CORREGIDO_ANCLA_OBSERVADO
2026-10-10,LAGUNAS,33.0,2026-10-08,2026-12-07,90,60,7.678918080418894,7.375719374377385,7.678918080418894,4.47,7.982116786460402,6.358168080418895,8.999668080418894,HIBRIDO_ANALOGO_CLIM,ANALOGO_DTW_HIBRIDO_CLIMATOLOGIA,30,10,0.23857430255244116,OK_ANALOGOS_CONTINUIDAD_CORREGIDA,0.10847412263050593,-0.10847412263050593,0.0,CORREGIDO_ANCLA_OBSERVADO
2026-10-10,LAGUNAS,33.0,2026-10-08,2026-12-08,90,61,7.718702456186877,7.419853433669873,7.718702456186877,4.47,8.007753150096766,6.406952456186878,9.030452456186877,HIBRIDO_ANALOGO_CLIM,ANALOGO_DTW_HIBRIDO_CLIMATOLOGIA,30,10,0.23857430255244116,OK_ANALOGOS_CONTINUIDAD_CORREGIDA,0.10847412263050593,-0.10847412263050593,0.0,CORREGIDO_ANCLA_OBSERVADO
2026-10-10,LAGUNAS,33.0,2026-10-08,2026-12-09,90,62,7.7927804919858925,7.533245456199662,7.7927804919858925,4.47,8.035571331914948,6.577580491985893,9.007980491985892,HIBRIDO_ANALOGO_CLIM,ANALOGO_DTW_HIBRIDO_CLIMATOLOGIA,30,10,0.23857430255244116,OK_ANALOGOS_CONTINUIDAD_CORREGIDA,0.10847412263050593,-0.10847412263050593,0.0,CORREGIDO_ANCLA_OBSERVADO
2026-10-10,LAGUNAS,33.0,2026-10-08,2026-12-10,90,63,7.861054443484255,7.660882667276167,7.861054443484255,4.47,8.042162241005858,6.639704443484255,9.082404443484256,HIBRIDO_ANALOGO_CLIM,ANALOGO_DTW_HIBRIDO_CLIMATOLOGIA,30,10,0.23857430255244116,OK_ANALOGOS_CONTINUIDAD_CORREGIDA,0.10847412263050593,-0.10847412263050593,0.0,CORREGIDO_ANCLA_OBSERVADO
2026-10-10,LAGUNAS,33.0,2026-10-08,2026-12-11,90,64,7.910499949734451,7.692911876593103,7.910499949734451,4.47,8.10088951373313,6.591249949734451,9.229749949734451,HIBRIDO_ANALOGO_CLIM,ANALOGO_DTW_HIBRIDO_CLIMATOLOGIA,30,10,0.23857430255244116,OK_ANALOGOS_CONTINUIDAD_CORREGIDA,0.10847412263050593,-0.10847412263050593,0.0,CORREGIDO_ANCLA_OBSERVADO
2026-10-10,LAGUNAS,33.0,2026-10-08,2026-12-12,90,65,7.897143491234601,7.689765960513196,7.897143491234601,4.47,8.072616786460404,6.636643491234601,9.157643491234602,HIBRIDO_ANALOGO_CLIM,ANALOGO_DTW_HIBRIDO_CLIMATOLOGIA,30,10,0.23857430255244116,OK_ANALOGOS_CONTINUIDAD_CORREGIDA,0.10847412263050593,-0.10847412263050593,0.0,CORREGIDO_ANCLA_OBSERVADO
2026-10-10,LAGUNAS,33.0,2026-10-08,2026-12-13,90,66,7.87819571668632,7.691236631406886,7.87819571668632,4.47,8.031162241005857,6.589245716686319,9.167145716686319,HIBRIDO_ANALOGO_CLIM,ANALOGO_DTW_HIBRIDO_CLIMATOLOGIA,30,10,0.23857430255244116,OK_ANALOGOS_CONTINUIDAD_CORREGIDA,0.10847412263050593,-0.10847412263050593,0.0,CORREGIDO_ANCLA_OBSERVADO
2026-10-10,LAGUNAS,33.0,2026-10-08,2026-12-14,90,67,7.914033777868671,7.714480300455107,7.914033777868671,4.47,8.071889513733131,6.613883777868671,9.214183777868671,HIBRIDO_ANALOGO_CLIM,ANALOGO_DTW_HIBRIDO_CLIMATOLOGIA,30,10,0.23857430255244116,OK_ANALOGOS_CONTINUIDAD_CORREGIDA,0.10847412263050593,-0.10847412263050593,0.0,CORREGIDO_ANCLA_OBSERVADO
2026-10-10,LAGUNAS,33.0,2026-10-08,2026-12-15,90,68,7.898610350854014,7.665357179816287,7.898610350854014,4.47,8.07698042282404,6.451260350854015,9.345960350854014,HIBRIDO_ANALOGO_CLIM,ANALOGO_DTW_HIBRIDO_CLIMATOLOGIA,30,10,0.23857430255244116,OK_ANALOGOS_CONTINUIDAD_CORREGIDA,0.10847412263050593,-0.10847412263050593,0.0,CORREGIDO_ANCLA_OBSERVADO
2026-10-10,LAGUNAS,33.0,2026-10-08,2026-12-16,90,69,7.871132148627691,7.675037959474342,7.871132148627691,4.47,8.016071331914949,6.30350714862769,9.43875714862769,HIBRIDO_ANALOGO_CLIM,ANALOGO_DTW_HIBRIDO_CLIMATOLOGIA,30,10,0.23857430255244116,OK_ANALOGOS_CONTINUIDAD_CORREGIDA,0.10847412263050593,-0.10847412263050593,0.0,CORREGIDO_ANCLA_OBSERVADO
2026-10-10,LAGUNAS,33.0,2026-10-08,2026-12-17,90,70,7.875113139155874,7.736953487474988,7.875113139155874,4.47,7.973798604642221,6.1745131391558745,9.575713139155875,HIBRIDO_ANALOGO_CLIM,ANALOGO_DTW_HIBRIDO_CLIMATOLOGIA,30,10,0.23857430255244116,OK_ANALOGOS_CONTINUIDAD_CORREGIDA,0.10847412263050593,-0.10847412263050593,0.0,CORREGIDO_ANCLA_OBSERVADO
2026-10-10,LAGUNAS,33.0,2026-10-08,2026-12-18,90,71,7.865288777756442,7.79664559631341,7.865288777756442,4.47,7.912662241005858,6.244813777756441,9.485763777756443,HIBRIDO_ANALOGO_CLIM,ANALOGO_DTW_HIBRIDO_CLIMATOLOGIA,30,10,0.23857430255244116,OK_ANALOGOS_CONTINUIDAD_CORREGIDA,0.10847412263050593,-0.10847412263050593,0.0,CORREGIDO_ANCLA_OBSERVADO
2026-10-10,LAGUNAS,33.0,2026-10-08,2026-12-19,90,72,7.887166636596051,7.774332320890431,7.887166636596051,4.47,7.962389513733131,6.4212916365960515,9.353041636596052,HIBRIDO_ANALOGO_CLIM,ANALOGO_DTW_HIBRIDO_CLIMATOLOGIA,30,10,0.23857430255244116,OK_ANALOGOS_CONTINUIDAD_CORREGIDA,0.10847412263050593,-0.10847412263050593,0.0,CORREGIDO_ANCLA_OBSERVADO
2026-10-10,LAGUNAS,33.0,2026-10-08,2026-12-20,90,73,7.932382893363226,7.792797175457938,7.932382893363226,4.47,8.022253150096766,6.510632893363225,9.354132893363227,HIBRIDO_ANALOGO_CLIM,ANALOGO_DTW_HIBRIDO_CLIMATOLOGIA,30,10,0.23857430255244116,OK_ANALOGOS_CONTINUIDAD_CORREGIDA,0.10847412263050593,-0.10847412263050593,0.0,CORREGIDO_ANCLA_OBSERVADO
2026-10-10,LAGUNAS,33.0,2026-10-08,2026-12-21,90,74,7.9525647055632,7.793805033922245,7.9525647055632,4.47,8.051253150096766,6.413414705563201,9.491714705563199,HIBRIDO_ANALOGO_CLIM,ANALOGO_DTW_HIBRIDO_CLIMATOLOGIA,30,10,0.23857430255244116,OK_ANALOGOS_CONTINUIDAD_CORREGIDA,0.10847412263050593,-0.10847412263050593,0.0,CORREGIDO_ANCLA_OBSERVADO
2026-10-10,LAGUNAS,33.0,2026-10-08,2026-12-22,90,75,7.971907966441433,7.747469023985578,7.971907966441433,4.47,8.106571331914948,6.320107966441433,9.623707966441435,HIBRIDO_ANALOGO_CLIM,ANALOGO_DTW_HIBRIDO_CLIMATOLOGIA,30,10,0.23857430255244116,OK_ANALOGOS_CONTINUIDAD_CORREGIDA,0.10847412263050593,-0.10847412263050593,0.0,CORREGIDO_ANCLA_OBSERVADO
2026-10-10,LAGUNAS,33.0,2026-10-08,2026-12-23,90,76,7.977031051284921,7.6447755252380185,7.977031051284921,4.47,8.16938951373313,6.252831051284921,9.701231051284923,HIBRIDO_ANALOGO_CLIM,ANALOGO_DTW_HIBRIDO_CLIMATOLOGIA,30,10,0.23857430255244116,OK_ANALOGOS_CONTINUIDAD_CORREGIDA,0.10847412263050593,-0.10847412263050593,0.0,CORREGIDO_ANCLA_OBSERVADO
2026-10-10,LAGUNAS,33.0,2026-10-08,2026-12-24,90,77,7.959703348827018,7.586253704692816,7.959703348827018,4.47,8.168253150096767,6.158703348827017,9.76070334882702,HIBRIDO_ANALOGO_CLIM,ANALOGO_DTW_HIBRIDO_CLIMATOLOGIA,30,10,0.23857430255244116,OK_ANALOGOS_CONTINUIDAD_CORREGIDA,0.10847412263050593,-0.10847412263050593,0.0,CORREGIDO_ANCLA_OBSERVADO
2026-10-10,LAGUNAS,33.0,2026-10-08,2026-12-25,90,78,7.936845993969447,7.577998937784944,7.936845993969447,4.47,8.130071331914948,6.162945993969447,9.710745993969446,HIBRIDO_ANALOGO_CLIM,ANALOGO_DTW_HIBRIDO_CLIMATOLOGIA,30,10,0.23857430255244116,OK_ANALOGOS_CONTINUIDAD_CORREGIDA,0.10847412263050593,-0.10847412263050593,0.0,CORREGIDO_ANCLA_OBSERVADO
2026-10-10,LAGUNAS,33.0,2026-10-08,2026-12-26,90,79,7.952576221929634,7.634658814884763,7.952576221929634,4.47,8.117571331914949,6.444676221929634,9.460476221929634,HIBRIDO_ANALOGO_CLIM,ANALOGO_DTW_HIBRIDO_CLIMATOLOGIA,30,10,0.23857430255244116,OK_ANALOGOS_CONTINUIDAD_CORREGIDA,0.10847412263050593,-0.10847412263050593,0.0,CORREGIDO_ANCLA_OBSERVADO
2026-10-10,LAGUNAS,33.0,2026-10-08,2026-12-27,90,80,7.910372237009311,7.679155865379853,7.910372237009311,4.47,8.02598042282404,6.451247237009311,9.36949723700931,HIBRIDO_ANALOGO_CLIM,ANALOGO_DTW_HIBRIDO_CLIMATOLOGIA,30,10,0.23857430255244116,OK_ANALOGOS_CONTINUIDAD_CORREGIDA,0.10847412263050593,-0.10847412263050593,0.0,CORREGIDO_ANCLA_OBSERVADO
2026-10-10,LAGUNAS,33.0,2026-10-08,2026-12-28,90,81,7.893529829680286,7.700573003360741,7.893529829680286,4.47,7.986434968278585,6.373154829680288,9.413904829680286,HIBRIDO_ANALOGO_CLIM,ANALOGO_DTW_HIBRIDO_CLIMATOLOGIA,30,10,0.23857430255244116,OK_ANALOGOS_CONTINUIDAD_CORREGIDA,0.10847412263050593,-0.10847412263050593,0.0,CORREGIDO_ANCLA_OBSERVADO
2026-10-10,LAGUNAS,33.0,2026-10-08,2026-12-29,90,82,7.903172251271329,7.7739163404087765,7.903172251271329,4.47,7.96307133191495,6.122372251271329,9.683972251271328,HIBRIDO_ANALOGO_CLIM,ANALOGO_DTW_HIBRIDO_CLIMATOLOGIA,30,10,0.23857430255244116,OK_ANALOGOS_CONTINUIDAD_CORREGIDA,0.10847412263050593,-0.10847412263050593,0.0,CORREGIDO_ANCLA_OBSERVADO
2026-10-10,LAGUNAS,33.0,2026-10-08,2026-12-30,90,83,7.942372313287597,7.808248961919608,7.942372313287597,4.47,8.002162241005857,5.911247313287597,9.973497313287597,HIBRIDO_ANALOGO_CLIM,ANALOGO_DTW_HIBRIDO_CLIMATOLOGIA,30,10,0.23857430255244116,OK_ANALOGOS_CONTINUIDAD_CORREGIDA,0.10847412263050593,-0.10847412263050593,0.0,CORREGIDO_ANCLA_OBSERVADO
2026-10-10,LAGUNAS,33.0,2026-10-08,2026-12-31,90,84,8.02703944992329,7.787055967700325,8.02703944992329,4.47,8.129889513733131,6.005964449923289,10.048114449923292,HIBRIDO_ANALOGO_CLIM,ANALOGO_DTW_HIBRIDO_CLIMATOLOGIA,30,10,0.23857430255244116,OK_ANALOGOS_CONTINUIDAD_CORREGIDA,0.10847412263050593,-0.10847412263050593,0.0,CORREGIDO_ANCLA_OBSERVADO
2026-10-10,LAGUNAS,33.0,2026-10-08,2027-01-01,90,85,8.209258554828379,7.823377200085671,8.209258554828379,4.47,8.368150877369494,6.429108554828379,9.989408554828378,HIBRIDO_ANALOGO_CLIM,ANALOGO_DTW_HIBRIDO_CLIMATOLOGIA,30,10,0.23857430255244116,OK_ANALOGOS_CONTINUIDAD_CORREGIDA,0.10847412263050593,-0.10847412263050593,0.0,CORREGIDO_ANCLA_OBSERVADO
2026-10-10,LAGUNAS,33.0,2026-10-08,2027-01-02,90,86,8.221730139801506,7.857906117325619,8.221730139801506,4.47,8.36556754403616,6.833355139801507,9.610105139801506,HIBRIDO_ANALOGO_CLIM,ANALOGO_DTW_HIBRIDO_CLIMATOLOGIA,30,10,0.23857430255244116,OK_ANALOGOS_CONTINUIDAD_CORREGIDA,0.10847412263050593,-0.10847412263050593,0.0,CORREGIDO_ANCLA_OBSERVADO
2026-10-10,LAGUNAS,33.0,2026-10-08,2027-01-03,90,87,8.234729230496141,7.870348676617908,8.234729230496141,4.47,8.37294254403616,7.007129230496141,9.46232923049614,HIBRIDO_ANALOGO_CLIM,ANALOGO_DTW_HIBRIDO_CLIMATOLOGIA,30,10,0.23857430255244116,OK_ANALOGOS_CONTINUIDAD_CORREGIDA,0.10847412263050593,-0.10847412263050593,0.0,CORREGIDO_ANCLA_OBSERVADO
2026-10-10,LAGUNAS,33.0,2026-10-08,2027-01-04,90,88,8.283471136012725,7.86119559728161,8.283471136012725,4.47,8.437025877369495,7.1072711360127245,9.459671136012725,HIBRIDO_ANALOGO_CLIM,ANALOGO_DTW_HIBRIDO_CLIMATOLOGIA,30,10,0.23857430255244116,OK_ANALOGOS_CONTINUIDAD_CORREGIDA,0.10847412263050593,-0.10847412263050593,0.0,CORREGIDO_ANCLA_OBSERVADO
2026-10-10,LAGUNAS,33.0,2026-10-08,2027-01-05,90,89,8.334822927969904,7.912208008725921,8.334822927969904,4.47,8.482025877369495,7.195372927969905,9.474272927969903,HIBRIDO_ANALOGO_CLIM,ANALOGO_DTW_HIBRIDO_CLIMATOLOGIA,30,10,0.23857430255244116,OK_ANALOGOS_CONTINUIDAD_CORREGIDA,0.10847412263050593,-0.10847412263050593,0.0,CORREGIDO_ANCLA_OBSERVADO
2026-10-10,LAGUNAS,33.0,2026-10-08,2027-01-06,90,90,8.332323341326694,7.9528407331982915,8.332323341326694,4.47,8.458817544036162,7.239073341326694,9.425573341326693,HIBRIDO_ANALOGO_CLIM,ANALOGO_DTW_HIBRIDO_CLIMATOLOGIA,30,10,0.23857430255244116,OK_ANALOGOS_CONTINUIDAD_CORREGIDA,0.10847412263050593,-0.10847412263050593,0.0,CORREGIDO_ANCLA_OBSERVADO
2026-10-10,NAUTA,10.0,2026-10-08,2026-10-09,30,1,5.28,5.612256033123487,5.28,5.28,4.283231900629537,5.119349999999999,5.440650000000001,HIBRIDO_ANALOGO_CLIM,ANALOGO_DTW_HIBRIDO_CLIMATOLOGIA,30,10,0.21194520270601913,OK_ANALOGOS_CONTINUIDAD_CORREGIDA,-0.35403624845562387,0.35403624845562387,0.0,CORREGIDO_ANCLA_OBSERVADO
2026-10-10,NAUTA,10.0,2026-10-08,2026-10-10,30,2,5.2721870897146,5.568737370134258,5.2721870897146,5.28,4.382536248455624,4.9358370897146,5.608537089714599,HIBRIDO_ANALOGO_CLIM,ANALOGO_DTW_HIBRIDO_CLIMATOLOGIA,30,10,0.21194520270601913,OK_ANALOGOS_CONTINUIDAD_CORREGIDA,-0.35403624845562387,0.35403624845562387,0.0,CORREGIDO_ANCLA_OBSERVADO
2026-10-10,NAUTA,10.0,2026-10-08,2026-10-11,30,3,5.288100553294724,5.564607495487468,5.288100553294724,5.28,4.4585797267164935,4.868850553294724,5.707350553294724,HIBRIDO_ANALOGO_CLIM,ANALOGO_DTW_HIBRIDO_CLIMATOLOGIA,30,10,0.21194520270601913,OK_ANALOGOS_CONTINUIDAD_CORREGIDA,-0.35403624845562387,0.35403624845562387,0.0,CORREGIDO_ANCLA_OBSERVADO
2026-10-10,NAUTA,10.0,2026-10-08,2026-10-12,30,4,5.3235976494361354,5.5826978265745675,5.3235976494361354,5.28,4.546297118020841,4.782097649436135,5.8650976494361355,HIBRIDO_ANALOGO_CLIM,ANALOGO_DTW_HIBRIDO_CLIMATOLOGIA,30,10,0.21194520270601913,OK_ANALOGOS_CONTINUIDAD_CORREGIDA,-0.35403624845562387,0.35403624845562387,0.0,CORREGIDO_ANCLA_OBSERVADO
2026-10-10,NAUTA,10.0,2026-10-08,2026-10-13,30,5,5.408669685837608,5.65809822293595,5.408669685837608,5.28,4.66038407454258,4.806519685837608,6.010819685837608,HIBRIDO_ANALOGO_CLIM,ANALOGO_DTW_HIBRIDO_CLIMATOLOGIA,30,10,0.21194520270601913,OK_ANALOGOS_CONTINUIDAD_CORREGIDA,-0.35403624845562387,0.35403624845562387,0.0,CORREGIDO_ANCLA_OBSERVADO
2026-10-10,NAUTA,10.0,2026-10-08,2026-10-14,30,6,5.528637320462452,5.78428695316038,5.528637320462452,5.28,4.7616884223686675,4.8931373204624515,6.164137320462452,HIBRIDO_ANALOGO_CLIM,ANALOGO_DTW_HIBRIDO_CLIMATOLOGIA,30,10,0.21194520270601913,OK_ANALOGOS_CONTINUIDAD_CORREGIDA,-0.35403624845562387,0.35403624845562387,0.0,CORREGIDO_ANCLA_OBSERVADO
2026-10-10,NAUTA,10.0,2026-10-08,2026-10-15,30,7,5.6283387443494,5.885830880661819,5.6283387443494,5.28,4.855862335412145,4.9469887443494,6.3096887443494,HIBRIDO_ANALOGO_CLIM,ANALOGO_DTW_HIBRIDO_CLIMATOLOGIA,30,10,0.21194520270601913,OK_ANALOGOS_CONTINUIDAD_CORREGIDA,-0.35403624845562387,0.35403624845562387,0.0,CORREGIDO_ANCLA_OBSERVADO
2026-10-10,NAUTA,10.0,2026-10-08,2026-10-16,30,8,5.6939983006444965,5.952282752823396,5.6939983006444965,5.28,4.9191449441077975,4.912148300644496,6.475848300644496,HIBRIDO_ANALOGO_CLIM,ANALOGO_DTW_HIBRIDO_CLIMATOLOGIA,30,10,0.21194520270601913,OK_ANALOGOS_CONTINUIDAD_CORREGIDA,-0.35403624845562387,0.35403624845562387,0.0,CORREGIDO_ANCLA_OBSERVADO
2026-10-10,NAUTA,10.0,2026-10-08,2026-10-17,30,9,5.751048944802124,6.011879263874145,5.751048944802124,5.28,4.968557987586059,4.805848944802124,6.6962489448021225,HIBRIDO_ANALOGO_CLIM,ANALOGO_DTW_HIBRIDO_CLIMATOLOGIA,30,10,0.21194520270601913,OK_ANALOGOS_CONTINUIDAD_CORREGIDA,-0.35403624845562387,0.35403624845562387,0.0,CORREGIDO_ANCLA_OBSERVADO
2026-10-10,NAUTA,10.0,2026-10-08,2026-10-18,30,10,5.830645284006173,6.107239600204181,5.830645284006173,5.28,5.000862335412146,4.738995284006172,6.9222952840061724,HIBRIDO_ANALOGO_CLIM,ANALOGO_DTW_HIBRIDO_CLIMATOLOGIA,30,10,0.21194520270601913,OK_ANALOGOS_CONTINUIDAD_CORREGIDA,-0.35403624845562387,0.35403624845562387,0.0,CORREGIDO_ANCLA_OBSERVADO
2026-10-10,NAUTA,10.0,2026-10-08,2026-10-19,30,11,5.897445931329129,6.172394086489862,5.897445931329129,5.28,5.072601465846928,4.6879459313291285,7.106945931329128,HIBRIDO_ANALOGO_CLIM,ANALOGO_DTW_HIBRIDO_CLIMATOLOGIA,30,10,0.21194520270601913,OK_ANALOGOS_CONTINUIDAD_CORREGIDA,-0.35403624845562387,0.35403624845562387,0.0,CORREGIDO_ANCLA_OBSERVADO
2026-10-10,NAUTA,10.0,2026-10-08,2026-10-20,30,12,5.9024814220164314,6.155854450884528,5.9024814220164314,5.28,5.1423623354121455,4.5853814220164315,7.219581422016431,HIBRIDO_ANALOGO_CLIM,ANALOGO_DTW_HIBRIDO_CLIMATOLOGIA,30,10,0.21194520270601913,OK_ANALOGOS_CONTINUIDAD_CORREGIDA,-0.35403624845562387,0.35403624845562387,0.0,CORREGIDO_ANCLA_OBSERVADO
2026-10-10,NAUTA,10.0,2026-10-08,2026-10-21,30,13,5.890733812296479,6.1186764785043,5.890733812296479,5.28,5.206905813673015,4.49428381229648,7.287183812296479,HIBRIDO_ANALOGO_CLIM,ANALOGO_DTW_HIBRIDO_CLIMATOLOGIA,30,10,0.21194520270601913,OK_ANALOGOS_CONTINUIDAD_CORREGIDA,-0.35403624845562387,0.35403624845562387,0.0,CORREGIDO_ANCLA_OBSERVADO
2026-10-10,NAUTA,10.0,2026-10-08,2026-10-22,30,14,5.858348701110304,6.067749953444473,5.858348701110304,5.28,5.230144944107797,4.416348701110304,7.3003487011103045,HIBRIDO_ANALOGO_CLIM,ANALOGO_DTW_HIBRIDO_CLIMATOLOGIA,30,10,0.21194520270601913,OK_ANALOGOS_CONTINUIDAD_CORREGIDA,-0.35403624845562387,0.35403624845562387,0.0,CORREGIDO_ANCLA_OBSERVADO
2026-10-10,NAUTA,10.0,2026-10-08,2026-10-23,30,15,5.8632745694616935,6.058462705449225,5.8632745694616935,5.28,5.277710161499102,4.282774569461694,7.443774569461693,HIBRIDO_ANALOGO_CLIM,ANALOGO_DTW_HIBRIDO_CLIMATOLOGIA,30,10,0.21194520270601913,OK_ANALOGOS_CONTINUIDAD_CORREGIDA,-0.35403624845562387,0.35403624845562387,0.0,CORREGIDO_ANCLA_OBSERVADO
2026-10-10,NAUTA,10.0,2026-10-08,2026-10-24,30,16,5.918504415685004,6.118211196065811,5.918504415685004,5.28,5.31938407454258,4.189804415685004,7.647204415685004,HIBRIDO_ANALOGO_CLIM,ANALOGO_DTW_HIBRIDO_CLIMATOLOGIA,30,10,0.21194520270601913,OK_ANALOGOS_CONTINUIDAD_CORREGIDA,-0.35403624845562387,0.35403624845562387,0.0,CORREGIDO_ANCLA_OBSERVADO
2026-10-10,NAUTA,10.0,2026-10-08,2026-10-25,30,17,5.977480959720513,6.188187167823301,5.977480959720513,5.28,5.345362335412146,4.114530959720513,7.840430959720512,HIBRIDO_ANALOGO_CLIM,ANALOGO_DTW_HIBRIDO_CLIMATOLOGIA,30,10,0.21194520270601913,OK_ANALOGOS_CONTINUIDAD_CORREGIDA,-0.35403624845562387,0.35403624845562387,0.0,CORREGIDO_ANCLA_OBSERVADO
2026-10-10,NAUTA,10.0,2026-10-08,2026-10-26,30,18,6.0442511591717265,6.260409752598834,6.0442511591717265,5.28,5.395775378890407,4.122251159171726,7.966251159171727,HIBRIDO_ANALOGO_CLIM,ANALOGO_DTW_HIBRIDO_CLIMATOLOGIA,30,10,0.21194520270601913,OK_ANALOGOS_CONTINUIDAD_CORREGIDA,-0.35403624845562387,0.35403624845562387,0.0,CORREGIDO_ANCLA_OBSERVADO
2026-10-10,NAUTA,10.0,2026-10-08,2026-10-27,30,19,6.1000562129368054,6.319338230082707,6.1000562129368054,5.28,5.442210161499101,4.177806212936806,8.022306212936805,HIBRIDO_ANALOGO_CLIM,ANALOGO_DTW_HIBRIDO_CLIMATOLOGIA,30,10,0.21194520270601913,OK_ANALOGOS_CONTINUIDAD_CORREGIDA,-0.35403624845562387,0.35403624845562387,0.0,CORREGIDO_ANCLA_OBSERVADO
2026-10-10,NAUTA,10.0,2026-10-08,2026-10-28,30,20,6.150985904674639,6.3730343408056145,6.150985904674639,5.28,5.48484059628171,4.210185904674638,8.091785904674639,HIBRIDO_ANALOGO_CLIM,ANALOGO_DTW_HIBRIDO_CLIMATOLOGIA,30,10,0.21194520270601913,OK_ANALOGOS_CONTINUIDAD_CORREGIDA,-0.35403624845562387,0.35403624845562387,0.0,CORREGIDO_ANCLA_OBSERVADO
2026-10-10,NAUTA,10.0,2026-10-08,2026-10-29,30,21,6.251355330982384,6.493055894723188,6.251355330982384,5.28,5.526253639759972,4.170355330982384,8.332355330982384,HIBRIDO_ANALOGO_CLIM,ANALOGO_DTW_HIBRIDO_CLIMATOLOGIA,30,10,0.21194520270601913,OK_ANALOGOS_CONTINUIDAD_CORREGIDA,-0.35403624845562387,0.35403624845562387,0.0,CORREGIDO_ANCLA_OBSERVADO
2026-10-10,NAUTA,10.0,2026-10-08,2026-10-30,30,22,6.323612834362235,6.576558652852845,6.323612834362235,5.28,5.564775378890406,4.0623628343622356,8.584862834362234,HIBRIDO_ANALOGO_CLIM,ANALOGO_DTW_HIBRIDO_CLIMATOLOGIA,30,10,0.21194520270601913,OK_ANALOGOS_CONTINUIDAD_CORREGIDA,-0.35403624845562387,0.35403624845562387,0.0,CORREGIDO_ANCLA_OBSERVADO
2026-10-10,NAUTA,10.0,2026-10-08,2026-10-31,30,23,6.418218681737522,6.683076594280764,6.418218681737522,5.28,5.623644944107798,4.0403186817375225,8.796118681737521,HIBRIDO_ANALOGO_CLIM,ANALOGO_DTW_HIBRIDO_CLIMATOLOGIA,30,10,0.21194520270601913,OK_ANALOGOS_CONTINUIDAD_CORREGIDA,-0.35403624845562387,0.35403624845562387,0.0,CORREGIDO_ANCLA_OBSERVADO
2026-10-10,NAUTA,10.0,2026-10-08,2026-11-01,30,24,6.533798696236281,6.8139586425979495,6.533798696236281,5.28,5.693318857151276,4.023448696236281,9.044148696236281,HIBRIDO_ANALOGO_CLIM,ANALOGO_DTW_HIBRIDO_CLIMATOLOGIA,30,10,0.21194520270601913,OK_ANALOGOS_CONTINUIDAD_CORREGIDA,-0.35403624845562387,0.35403624845562387,0.0,CORREGIDO_ANCLA_OBSERVADO
2026-10-10,NAUTA,10.0,2026-10-08,2026-11-02,30,25,6.6211716079314265,6.946022283312249,6.6211716079314265,5.28,5.646619581788957,3.9826716079314273,9.259671607931427,HIBRIDO_ANALOGO_CLIM,ANALOGO_DTW_HIBRIDO_CLIMATOLOGIA,30,10,0.21194520270601913,OK_ANALOGOS_CONTINUIDAD_CORREGIDA,-0.35403624845562387,0.35403624845562387,0.0,CORREGIDO_ANCLA_OBSERVADO
2026-10-10,NAUTA,10.0,2026-10-08,2026-11-03,30,26,6.712128341568865,7.041027094828833,6.712128341568865,5.28,5.7254320817889575,3.9847783415688642,9.439478341568865,HIBRIDO_ANALOGO_CLIM,ANALOGO_DTW_HIBRIDO_CLIMATOLOGIA,30,10,0.21194520270601913,OK_ANALOGOS_CONTINUIDAD_CORREGIDA,-0.35403624845562387,0.35403624845562387,0.0,CORREGIDO_ANCLA_OBSERVADO
2026-10-10,NAUTA,10.0,2026-10-08,2026-11-04,30,27,6.790118126138988,7.119957918700109,6.790118126138988,5.28,5.800598748455624,3.969868126138987,9.610368126138987,HIBRIDO_ANALOGO_CLIM,ANALOGO_DTW_HIBRIDO_CLIMATOLOGIA,30,10,0.21194520270601913,OK_ANALOGOS_CONTINUIDAD_CORREGIDA,-0.35403624845562387,0.35403624845562387,0.0,CORREGIDO_ANCLA_OBSERVADO
2026-10-10,NAUTA,10.0,2026-10-08,2026-11-05,30,28,6.875842296354135,7.215492923431416,6.875842296354135,5.28,5.85689041512229,3.977042296354134,9.774642296354134,HIBRIDO_ANALOGO_CLIM,ANALOGO_DTW_HIBRIDO_CLIMATOLOGIA,30,10,0.21194520270601913,OK_ANALOGOS_CONTINUIDAD_CORREGIDA,-0.35403624845562387,0.35403624845562387,0.0,CORREGIDO_ANCLA_OBSERVADO
2026-10-10,NAUTA,10.0,2026-10-08,2026-11-06,30,29,6.932527827102438,7.267018075540266,6.932527827102438,5.28,5.929057081788957,4.020577827102439,9.844477827102438,HIBRIDO_ANALOGO_CLIM,ANALOGO_DTW_HIBRIDO_CLIMATOLOGIA,30,10,0.21194520270601913,OK_ANALOGOS_CONTINUIDAD_CORREGIDA,-0.35403624845562387,0.35403624845562387,0.0,CORREGIDO_ANCLA_OBSERVADO
2026-10-10,NAUTA,10.0,2026-10-08,2026-11-07,30,30,7.004640807643321,7.343238160705888,7.004640807643321,5.28,5.988848748455624,4.119640807643321,9.889640807643321,HIBRIDO_ANALOGO_CLIM,ANALOGO_DTW_HIBRIDO_CLIMATOLOGIA,30,10,0.21194520270601913,OK_ANALOGOS_CONTINUIDAD_CORREGIDA,-0.35403624845562387,0.35403624845562387,0.0,CORREGIDO_ANCLA_OBSERVADO
2026-10-10,NAUTA,10.0,2026-10-08,2026-10-09,60,1,5.28,5.615599193181054,5.28,5.28,4.273202420456839,5.12835,5.43165,HIBRIDO_ANALOGO_CLIM,ANALOGO_DTW_HIBRIDO_CLIMATOLOGIA,30,10,0.2175090192481711,OK_ANALOGOS_CONTINUIDAD_CORREGIDA,-0.34400676828292553,0.34400676828292553,0.0,CORREGIDO_ANCLA_OBSERVADO
2026-10-10,NAUTA,10.0,2026-10-08,2026-10-10,60,2,5.282013797241559,5.585182806894437,5.282013797241559,5.28,4.372506768282926,4.9681637972415595,5.5958637972415595,HIBRIDO_ANALOGO_CLIM,ANALOGO_DTW_HIBRIDO_CLIMATOLOGIA,30,10,0.2175090192481711,OK_ANALOGOS_CONTINUIDAD_CORREGIDA,-0.34400676828292553,0.34400676828292553,0.0,CORREGIDO_ANCLA_OBSERVADO
2026-10-10,NAUTA,10.0,2026-10-08,2026-10-11,60,3,5.304908226366579,5.590360886307507,5.304908226366579,5.28,4.448550246543795,4.903658226366579,5.706158226366579,HIBRIDO_ANALOGO_CLIM,ANALOGO_DTW_HIBRIDO_CLIMATOLOGIA,30,10,0.2175090192481711,OK_ANALOGOS_CONTINUIDAD_CORREGIDA,-0.34400676828292553,0.34400676828292553,0.0,CORREGIDO_ANCLA_OBSERVADO
2026-10-10,NAUTA,10.0,2026-10-08,2026-10-12,60,4,5.347079155795763,5.617349661778303,5.347079155795763,5.28,4.536267637848143,4.823579155795762,5.870579155795763,HIBRIDO_ANALOGO_CLIM,ANALOGO_DTW_HIBRIDO_CLIMATOLOGIA,30,10,0.2175090192481711,OK_ANALOGOS_CONTINUIDAD_CORREGIDA,-0.34400676828292553,0.34400676828292553,0.0,CORREGIDO_ANCLA_OBSERVADO
2026-10-10,NAUTA,10.0,2026-10-08,2026-10-13,60,5,5.426678310233683,5.685452882188283,5.426678310233683,5.28,4.650354594369881,4.824528310233683,6.028828310233683,HIBRIDO_ANALOGO_CLIM,ANALOGO_DTW_HIBRIDO_CLIMATOLOGIA,30,10,0.2175090192481711,OK_ANALOGOS_CONTINUIDAD_CORREGIDA,-0.34400676828292553,0.34400676828292553,0.0,CORREGIDO_ANCLA_OBSERVADO
2026-10-10,NAUTA,10.0,2026-10-08,2026-10-14,60,6,5.543780577814577,5.807821123020779,5.543780577814577,5.28,4.751658942195969,4.908280577814576,6.179280577814577,HIBRIDO_ANALOGO_CLIM,ANALOGO_DTW_HIBRIDO_CLIMATOLOGIA,30,10,0.2175090192481711,OK_ANALOGOS_CONTINUIDAD_CORREGIDA,-0.34400676828292553,0.34400676828292553,0.0,CORREGIDO_ANCLA_OBSERVADO
2026-10-10,NAUTA,10.0,2026-10-08,2026-10-15,60,7,5.66149044642756,5.933376310156932,5.66149044642756,5.28,4.845832855239447,4.98014044642756,6.3428404464275605,HIBRIDO_ANALOGO_CLIM,ANALOGO_DTW_HIBRIDO_CLIMATOLOGIA,30,10,0.2175090192481711,OK_ANALOGOS_CONTINUIDAD_CORREGIDA,-0.34400676828292553,0.34400676828292553,0.0,CORREGIDO_ANCLA_OBSERVADO
2026-10-10,NAUTA,10.0,2026-10-08,2026-10-16,60,8,5.746005504574362,6.024968851454116,5.746005504574362,5.28,4.909115463935099,4.964155504574362,6.527855504574362,HIBRIDO_ANALOGO_CLIM,ANALOGO_DTW_HIBRIDO_CLIMATOLOGIA,30,10,0.2175090192481711,OK_ANALOGOS_CONTINUIDAD_CORREGIDA,-0.34400676828292553,0.34400676828292553,0.0,CORREGIDO_ANCLA_OBSERVADO
2026-10-10,NAUTA,10.0,2026-10-08,2026-10-17,60,9,5.814187043167641,6.099406555085734,5.814187043167641,5.28,4.9585285074133605,4.822187043167641,6.806187043167641,HIBRIDO_ANALOGO_CLIM,ANALOGO_DTW_HIBRIDO_CLIMATOLOGIA,30,10,0.2175090192481711,OK_ANALOGOS_CONTINUIDAD_CORREGIDA,-0.34400676828292553,0.34400676828292553,0.0,CORREGIDO_ANCLA_OBSERVADO
2026-10-10,NAUTA,10.0,2026-10-08,2026-10-18,60,10,5.8819512342012,6.178990693855117,5.8819512342012,5.28,4.990832855239447,4.664301234201199,7.0996012342012005,HIBRIDO_ANALOGO_CLIM,ANALOGO_DTW_HIBRIDO_CLIMATOLOGIA,30,10,0.2175090192481711,OK_ANALOGOS_CONTINUIDAD_CORREGIDA,-0.34400676828292553,0.34400676828292553,0.0,CORREGIDO_ANCLA_OBSERVADO
2026-10-10,NAUTA,10.0,2026-10-08,2026-10-19,60,11,5.924226394893266,6.211444531299611,5.924226394893266,5.28,5.0625719856742295,4.5527263948932655,7.295726394893266,HIBRIDO_ANALOGO_CLIM,ANALOGO_DTW_HIBRIDO_CLIMATOLOGIA,30,10,0.2175090192481711,OK_ANALOGOS_CONTINUIDAD_CORREGIDA,-0.34400676828292553,0.34400676828292553,0.0,CORREGIDO_ANCLA_OBSERVADO
2026-10-10,NAUTA,10.0,2026-10-08,2026-10-20,60,12,5.913695259036482,6.174149393635492,5.913695259036482,5.28,5.132332855239447,4.436845259036481,7.3905452590364815,HIBRIDO_ANALOGO_CLIM,ANALOGO_DTW_HIBRIDO_CLIMATOLOGIA,30,10,0.2175090192481711,OK_ANALOGOS_CONTINUIDAD_CORREGIDA,-0.34400676828292553,0.34400676828292553,0.0,CORREGIDO_ANCLA_OBSERVADO
2026-10-10,NAUTA,10.0,2026-10-08,2026-10-21,60,13,5.891831967759368,6.123483845845718,5.891831967759368,5.28,5.196876333500317,4.345981967759368,7.437681967759367,HIBRIDO_ANALOGO_CLIM,ANALOGO_DTW_HIBRIDO_CLIMATOLOGIA,30,10,0.2175090192481711,OK_ANALOGOS_CONTINUIDAD_CORREGIDA,-0.34400676828292553,0.34400676828292553,0.0,CORREGIDO_ANCLA_OBSERVADO
2026-10-10,NAUTA,10.0,2026-10-08,2026-10-22,60,14,5.851514834111782,6.061981290837343,5.851514834111782,5.28,5.220115463935099,4.234014834111782,7.469014834111783,HIBRIDO_ANALOGO_CLIM,ANALOGO_DTW_HIBRIDO_CLIMATOLOGIA,30,10,0.2175090192481711,OK_ANALOGOS_CONTINUIDAD_CORREGIDA,-0.34400676828292553,0.34400676828292553,0.0,CORREGIDO_ANCLA_OBSERVADO
2026-10-10,NAUTA,10.0,2026-10-08,2026-10-23,60,15,5.854588502873641,6.050224443389386,5.854588502873641,5.28,5.267680681326404,4.089088502873641,7.620088502873641,HIBRIDO_ANALOGO_CLIM,ANALOGO_DTW_HIBRIDO_CLIMATOLOGIA,30,10,0.2175090192481711,OK_ANALOGOS_CONTINUIDAD_CORREGIDA,-0.34400676828292553,0.34400676828292553,0.0,CORREGIDO_ANCLA_OBSERVADO
2026-10-10,NAUTA,10.0,2026-10-08,2026-10-24,60,16,5.907913839155981,6.107433587418013,5.907913839155981,5.28,5.309354594369882,4.106413839155981,7.709413839155982,HIBRIDO_ANALOGO_CLIM,ANALOGO_DTW_HIBRIDO_CLIMATOLOGIA,30,10,0.2175090192481711,OK_ANALOGOS_CONTINUIDAD_CORREGIDA,-0.34400676828292553,0.34400676828292553,0.0,CORREGIDO_ANCLA_OBSERVADO
2026-10-10,NAUTA,10.0,2026-10-08,2026-10-25,60,17,5.971178397257333,6.183126911263295,5.971178397257333,5.28,5.3353328552394474,4.084828397257333,7.857528397257332,HIBRIDO_ANALOGO_CLIM,ANALOGO_DTW_HIBRIDO_CLIMATOLOGIA,30,10,0.2175090192481711,OK_ANALOGOS_CONTINUIDAD_CORREGIDA,-0.34400676828292553,0.34400676828292553,0.0,CORREGIDO_ANCLA_OBSERVADO
2026-10-10,NAUTA,10.0,2026-10-08,2026-10-26,60,18,6.031971138005025,6.247379551100796,6.031971138005025,5.28,5.385745898717708,3.9709711380050248,8.092971138005026,HIBRIDO_ANALOGO_CLIM,ANALOGO_DTW_HIBRIDO_CLIMATOLOGIA,30,10,0.2175090192481711,OK_ANALOGOS_CONTINUIDAD_CORREGIDA,-0.34400676828292553,0.34400676828292553,0.0,CORREGIDO_ANCLA_OBSERVADO
2026-10-10,NAUTA,10.0,2026-10-08,2026-10-27,60,19,6.08060117820419,6.296741343830119,6.08060117820419,5.28,5.432180681326403,4.009851178204189,8.151351178204191,HIBRIDO_ANALOGO_CLIM,ANALOGO_DTW_HIBRIDO_CLIMATOLOGIA,30,10,0.2175090192481711,OK_ANALOGOS_CONTINUIDAD_CORREGIDA,-0.34400676828292553,0.34400676828292553,0.0,CORREGIDO_ANCLA_OBSERVADO
2026-10-10,NAUTA,10.0,2026-10-08,2026-10-28,60,20,6.127964366544568,6.345682116689754,6.127964366544568,5.28,5.474811116109012,4.061164366544569,8.194764366544568,HIBRIDO_ANALOGO_CLIM,ANALOGO_DTW_HIBRIDO_CLIMATOLOGIA,30,10,0.2175090192481711,OK_ANALOGOS_CONTINUIDAD_CORREGIDA,-0.34400676828292553,0.34400676828292553,0.0,CORREGIDO_ANCLA_OBSERVADO
2026-10-10,NAUTA,10.0,2026-10-08,2026-10-29,60,21,6.211635656220996,6.443439488432237,6.211635656220996,5.28,5.516224159587273,4.099135656220997,8.324135656220996,HIBRIDO_ANALOGO_CLIM,ANALOGO_DTW_HIBRIDO_CLIMATOLOGIA,30,10,0.2175090192481711,OK_ANALOGOS_CONTINUIDAD_CORREGIDA,-0.34400676828292553,0.34400676828292553,0.0,CORREGIDO_ANCLA_OBSERVADO
2026-10-10,NAUTA,10.0,2026-10-08,2026-10-30,60,22,6.26213867093065,6.497936261668298,6.26213867093065,5.28,5.554745898717708,4.090888670930649,8.43338867093065,HIBRIDO_ANALOGO_CLIM,ANALOGO_DTW_HIBRIDO_CLIMATOLOGIA,30,10,0.2175090192481711,OK_ANALOGOS_CONTINUIDAD_CORREGIDA,-0.34400676828292553,0.34400676828292553,0.0,CORREGIDO_ANCLA_OBSERVADO
2026-10-10,NAUTA,10.0,2026-10-08,2026-10-31,60,23,6.341471995763231,6.584090839705942,6.341471995763231,5.28,5.6136154639350995,4.1435719957632315,8.539371995763231,HIBRIDO_ANALOGO_CLIM,ANALOGO_DTW_HIBRIDO_CLIMATOLOGIA,30,10,0.2175090192481711,OK_ANALOGOS_CONTINUIDAD_CORREGIDA,-0.34400676828292553,0.34400676828292553,0.0,CORREGIDO_ANCLA_OBSERVADO
2026-10-10,NAUTA,10.0,2026-10-08,2026-11-01,60,24,6.442268903318934,6.69526207876572,6.442268903318934,5.28,5.6832893769785775,4.206418903318934,8.678118903318934,HIBRIDO_ANALOGO_CLIM,ANALOGO_DTW_HIBRIDO_CLIMATOLOGIA,30,10,0.2175090192481711,OK_ANALOGOS_CONTINUIDAD_CORREGIDA,-0.34400676828292553,0.34400676828292553,0.0,CORREGIDO_ANCLA_OBSERVADO
2026-10-10,NAUTA,10.0,2026-10-08,2026-11-02,60,25,6.516814937958321,6.810223216739009,6.516814937958321,5.28,5.6365901016162585,4.1168149379583205,8.916814937958321,HIBRIDO_ANALOGO_CLIM,ANALOGO_DTW_HIBRIDO_CLIMATOLOGIA,30,10,0.2175090192481711,OK_ANALOGOS_CONTINUIDAD_CORREGIDA,-0.34400676828292553,0.34400676828292553,0.0,CORREGIDO_ANCLA_OBSERVADO
2026-10-10,NAUTA,10.0,2026-10-08,2026-11-03,60,26,6.599870801450422,6.894693534728476,6.599870801450422,5.28,5.715402601616259,4.025520801450422,9.17422080145042,HIBRIDO_ANALOGO_CLIM,ANALOGO_DTW_HIBRIDO_CLIMATOLOGIA,30,10,0.2175090192481711,OK_ANALOGOS_CONTINUIDAD_CORREGIDA,-0.34400676828292553,0.34400676828292553,0.0,CORREGIDO_ANCLA_OBSERVADO
2026-10-10,NAUTA,10.0,2026-10-08,2026-11-04,60,27,6.665706214647796,6.9574185301027525,6.665706214647796,5.28,5.790569268282925,3.9444562146477953,9.386956214647794,HIBRIDO_ANALOGO_CLIM,ANALOGO_DTW_HIBRIDO_CLIMATOLOGIA,30,10,0.2175090192481711,OK_ANALOGOS_CONTINUIDAD_CORREGIDA,-0.34400676828292553,0.34400676828292553,0.0,CORREGIDO_ANCLA_OBSERVADO
2026-10-10,NAUTA,10.0,2026-10-08,2026-11-05,60,28,6.7530806785164135,7.0551539263720215,6.7530806785164135,5.28,5.846860934949592,3.854280678516413,9.651880678516415,HIBRIDO_ANALOGO_CLIM,ANALOGO_DTW_HIBRIDO_CLIMATOLOGIA,30,10,0.2175090192481711,OK_ANALOGOS_CONTINUIDAD_CORREGIDA,-0.34400676828292553,0.34400676828292553,0.0,CORREGIDO_ANCLA_OBSERVADO
2026-10-10,NAUTA,10.0,2026-10-08,2026-11-06,60,29,6.819230362322768,7.119297949224938,6.819230362322768,5.28,5.919027601616259,3.9072803623227688,9.73118036232277,HIBRIDO_ANALOGO_CLIM,ANALOGO_DTW_HIBRIDO_CLIMATOLOGIA,30,10,0.2175090192481711,OK_ANALOGOS_CONTINUIDAD_CORREGIDA,-0.34400676828292553,0.34400676828292553,0.0,CORREGIDO_ANCLA_OBSERVADO
2026-10-10,NAUTA,10.0,2026-10-08,2026-11-07,60,30,6.905936540025741,7.21497563060668,6.905936540025741,5.28,5.978819268282925,4.02093654002574,9.790936540025742,HIBRIDO_ANALOGO_CLIM,ANALOGO_DTW_HIBRIDO_CLIMATOLOGIA,30,10,0.2175090192481711,OK_ANALOGOS_CONTINUIDAD_CORREGIDA,-0.34400676828292553,0.34400676828292553,0.0,CORREGIDO_ANCLA_OBSERVADO
2026-10-10,NAUTA,10.0,2026-10-08,2026-11-08,60,31,6.986640976847908,7.3093141281458225,6.986640976847908,5.28,6.060256768282925,4.136290976847907,9.83699097684791,HIBRIDO_ANALOGO_CLIM,ANALOGO_DTW_HIBRIDO_CLIMATOLOGIA,30,10,0.2175090192481711,OK_ANALOGOS_CONTINUIDAD_CORREGIDA,-0.34400676828292553,0.34400676828292553,0.0,CORREGIDO_ANCLA_OBSERVADO
2026-10-10,NAUTA,10.0,2026-10-08,2026-11-09,60,32,7.025127801245155,7.364088479898086,7.025127801245155,5.28,6.092985934949593,4.279277801245155,9.770977801245156,HIBRIDO_ANALOGO_CLIM,ANALOGO_DTW_HIBRIDO_CLIMATOLOGIA,30,10,0.2175090192481711,OK_ANALOGOS_CONTINUIDAD_CORREGIDA,-0.34400676828292553,0.34400676828292553,0.0,CORREGIDO_ANCLA_OBSERVADO
2026-10-10,NAUTA,10.0,2026-10-08,2026-11-10,60,33,7.013080483466224,7.35287568577713,7.013080483466224,5.28,6.1172567682829255,4.3318304834662245,9.694330483466223,HIBRIDO_ANALOGO_CLIM,ANALOGO_DTW_HIBRIDO_CLIMATOLOGIA,30,10,0.2175090192481711,OK_ANALOGOS_CONTINUIDAD_CORREGIDA,-0.34400676828292553,0.34400676828292553,0.0,CORREGIDO_ANCLA_OBSERVADO
2026-10-10,NAUTA,10.0,2026-10-08,2026-11-11,60,34,7.017487283793019,7.350429193025692,7.017487283793019,5.28,6.175340101616259,4.377637283793019,9.65733728379302,HIBRIDO_ANALOGO_CLIM,ANALOGO_DTW_HIBRIDO_CLIMATOLOGIA,30,10,0.2175090192481711,OK_ANALOGOS_CONTINUIDAD_CORREGIDA,-0.34400676828292553,0.34400676828292553,0.0,CORREGIDO_ANCLA_OBSERVADO
2026-10-10,NAUTA,10.0,2026-10-08,2026-11-12,60,35,7.014013099474923,7.3304997750637835,7.014013099474923,5.28,6.2454026016162585,4.520013099474924,9.508013099474923,HIBRIDO_ANALOGO_CLIM,ANALOGO_DTW_HIBRIDO_CLIMATOLOGIA,30,10,0.2175090192481711,OK_ANALOGOS_CONTINUIDAD_CORREGIDA,-0.34400676828292553,0.34400676828292553,0.0,CORREGIDO_ANCLA_OBSERVADO
2026-10-10,NAUTA,10.0,2026-10-08,2026-11-13,60,36,7.031640614144939,7.350822976657231,7.031640614144939,5.28,6.286881768282925,4.230290614144939,9.832990614144938,HIBRIDO_ANALOGO_CLIM,ANALOGO_DTW_HIBRIDO_CLIMATOLOGIA,30,10,0.2175090192481711,OK_ANALOGOS_CONTINUIDAD_CORREGIDA,-0.34400676828292553,0.34400676828292553,0.0,CORREGIDO_ANCLA_OBSERVADO
2026-10-10,NAUTA,10.0,2026-10-08,2026-11-14,60,37,7.017321657650274,7.315746668573068,7.017321657650274,5.28,6.347881768282925,4.124971657650273,9.909671657650273,HIBRIDO_ANALOGO_CLIM,ANALOGO_DTW_HIBRIDO_CLIMATOLOGIA,30,10,0.2175090192481711,OK_ANALOGOS_CONTINUIDAD_CORREGIDA,-0.34400676828292553,0.34400676828292553,0.0,CORREGIDO_ANCLA_OBSERVADO
2026-10-10,NAUTA,10.0,2026-10-08,2026-11-15,60,38,6.9981256066981254,7.281066348890535,6.9981256066981254,5.28,6.387569268282926,4.061675606698125,9.934575606698127,HIBRIDO_ANALOGO_CLIM,ANALOGO_DTW_HIBRIDO_CLIMATOLOGIA,30,10,0.2175090192481711,OK_ANALOGOS_CONTINUIDAD_CORREGIDA,-0.34400676828292553,0.34400676828292553,0.0,CORREGIDO_ANCLA_OBSERVADO
2026-10-10,NAUTA,10.0,2026-10-08,2026-11-16,60,39,7.011357149367509,7.2853082587786036,7.011357149367509,5.28,6.442381768282925,3.9849071493675092,10.037807149367508,HIBRIDO_ANALOGO_CLIM,ANALOGO_DTW_HIBRIDO_CLIMATOLOGIA,30,10,0.2175090192481711,OK_ANALOGOS_CONTINUIDAD_CORREGIDA,-0.34400676828292553,0.34400676828292553,0.0,CORREGIDO_ANCLA_OBSERVADO
2026-10-10,NAUTA,10.0,2026-10-08,2026-11-17,60,40,7.020516178873134,7.286468800834905,7.020516178873134,5.28,6.488610934949592,3.890566178873134,10.150466178873133,HIBRIDO_ANALOGO_CLIM,ANALOGO_DTW_HIBRIDO_CLIMATOLOGIA,30,10,0.2175090192481711,OK_ANALOGOS_CONTINUIDAD_CORREGIDA,-0.34400676828292553,0.34400676828292553,0.0,CORREGIDO_ANCLA_OBSERVADO
2026-10-10,NAUTA,10.0,2026-10-08,2026-11-18,60,41,7.051136266841714,7.326266766093743,7.051136266841714,5.28,6.521006768282925,3.857436266841715,10.244836266841714,HIBRIDO_ANALOGO_CLIM,ANALOGO_DTW_HIBRIDO_CLIMATOLOGIA,30,10,0.2175090192481711,OK_ANALOGOS_CONTINUIDAD_CORREGIDA,-0.34400676828292553,0.34400676828292553,0.0,CORREGIDO_ANCLA_OBSERVADO
2026-10-10,NAUTA,10.0,2026-10-08,2026-11-19,60,42,7.087513632322771,7.353842648857047,7.087513632322771,5.28,6.592902601616259,3.979763632322773,10.19526363232277,HIBRIDO_ANALOGO_CLIM,ANALOGO_DTW_HIBRIDO_CLIMATOLOGIA,30,10,0.2175090192481711,OK_ANALOGOS_CONTINUIDAD_CORREGIDA,-0.34400676828292553,0.34400676828292553,0.0,CORREGIDO_ANCLA_OBSERVADO
2026-10-10,NAUTA,10.0,2026-10-08,2026-11-20,60,43,7.118908679257819,7.373130958546829,7.118908679257819,5.28,6.663673434949592,4.09305867925782,10.14475867925782,HIBRIDO_ANALOGO_CLIM,ANALOGO_DTW_HIBRIDO_CLIMATOLOGIA,30,10,0.2175090192481711,OK_ANALOGOS_CONTINUIDAD_CORREGIDA,-0.34400676828292553,0.34400676828292553,0.0,CORREGIDO_ANCLA_OBSERVADO
2026-10-10,NAUTA,10.0,2026-10-08,2026-11-21,60,44,7.175255709888365,7.416712333975724,7.175255709888365,5.28,6.758194268282925,4.2935057098883656,10.057005709888365,HIBRIDO_ANALOGO_CLIM,ANALOGO_DTW_HIBRIDO_CLIMATOLOGIA,30,10,0.2175090192481711,OK_ANALOGOS_CONTINUIDAD_CORREGIDA,-0.34400676828292553,0.34400676828292553,0.0,CORREGIDO_ANCLA_OBSERVADO
2026-10-10,NAUTA,10.0,2026-10-08,2026-11-22,60,45,7.196476311434566,7.41725803732555,7.196476311434566,5.28,6.828506768282925,4.507876311434566,9.885076311434565,HIBRIDO_ANALOGO_CLIM,ANALOGO_DTW_HIBRIDO_CLIMATOLOGIA,30,10,0.2175090192481711,OK_ANALOGOS_CONTINUIDAD_CORREGIDA,-0.34400676828292553,0.34400676828292553,0.0,CORREGIDO_ANCLA_OBSERVADO
2026-10-10,NAUTA,10.0,2026-10-08,2026-11-23,60,46,7.243673733924605,7.477727410764928,7.243673733924605,5.28,6.867152601616259,4.475223733924606,10.012123733924605,HIBRIDO_ANALOGO_CLIM,ANALOGO_DTW_HIBRIDO_CLIMATOLOGIA,30,10,0.2175090192481711,OK_ANALOGOS_CONTINUIDAD_CORREGIDA,-0.34400676828292553,0.34400676828292553,0.0,CORREGIDO_ANCLA_OBSERVADO
2026-10-10,NAUTA,10.0,2026-10-08,2026-11-24,60,47,7.300837322654606,7.563024175012629,7.300837322654606,5.28,6.893610934949591,4.453587322654606,10.148087322654606,HIBRIDO_ANALOGO_CLIM,ANALOGO_DTW_HIBRIDO_CLIMATOLOGIA,30,10,0.2175090192481711,OK_ANALOGOS_CONTINUIDAD_CORREGIDA,-0.34400676828292553,0.34400676828292553,0.0,CORREGIDO_ANCLA_OBSERVADO
2026-10-10,NAUTA,10.0,2026-10-08,2026-11-25,60,48,7.369412427071835,7.638738421819998,7.369412427071835,5.28,6.965423434949591,4.4131624270718355,10.325662427071835,HIBRIDO_ANALOGO_CLIM,ANALOGO_DTW_HIBRIDO_CLIMATOLOGIA,30,10,0.2175090192481711,OK_ANALOGOS_CONTINUIDAD_CORREGIDA,-0.34400676828292553,0.34400676828292553,0.0,CORREGIDO_ANCLA_OBSERVADO
2026-10-10,NAUTA,10.0,2026-10-08,2026-11-26,60,49,7.424751286813949,7.703003665800149,7.424751286813949,5.28,7.021569268282926,4.330101286813949,10.519401286813949,HIBRIDO_ANALOGO_CLIM,ANALOGO_DTW_HIBRIDO_CLIMATOLOGIA,30,10,0.2175090192481711,OK_ANALOGOS_CONTINUIDAD_CORREGIDA,-0.34400676828292553,0.34400676828292553,0.0,CORREGIDO_ANCLA_OBSERVADO
2026-10-10,NAUTA,10.0,2026-10-08,2026-11-27,60,50,7.474424437935582,7.760511463877957,7.474424437935582,5.28,7.0739026016162585,4.396424437935582,10.552424437935581,HIBRIDO_ANALOGO_CLIM,ANALOGO_DTW_HIBRIDO_CLIMATOLOGIA,30,10,0.2175090192481711,OK_ANALOGOS_CONTINUIDAD_CORREGIDA,-0.34400676828292553,0.34400676828292553,0.0,CORREGIDO_ANCLA_OBSERVADO
2026-10-10,NAUTA,10.0,2026-10-08,2026-11-28,60,51,7.5164415812681336,7.813277457532562,7.5164415812681336,5.28,7.114840101616259,4.479341581268134,10.553541581268133,HIBRIDO_ANALOGO_CLIM,ANALOGO_DTW_HIBRIDO_CLIMATOLOGIA,30,10,0.2175090192481711,OK_ANALOGOS_CONTINUIDAD_CORREGIDA,-0.34400676828292553,0.34400676828292553,0.0,CORREGIDO_ANCLA_OBSERVADO
2026-10-10,NAUTA,10.0,2026-10-08,2026-11-29,60,52,7.551786117596134,7.858184786678783,7.551786117596134,5.28,7.151110934949592,4.369936117596134,10.733636117596133,HIBRIDO_ANALOGO_CLIM,ANALOGO_DTW_HIBRIDO_CLIMATOLOGIA,30,10,0.2175090192481711,OK_ANALOGOS_CONTINUIDAD_CORREGIDA,-0.34400676828292553,0.34400676828292553,0.0,CORREGIDO_ANCLA_OBSERVADO
2026-10-10,NAUTA,10.0,2026-10-08,2026-11-30,60,53,7.646159958959507,8.00518474660914,7.646159958959507,5.28,7.192298434949593,4.310409958959507,10.981909958959507,HIBRIDO_ANALOGO_CLIM,ANALOGO_DTW_HIBRIDO_CLIMATOLOGIA,30,10,0.2175090192481711,OK_ANALOGOS_CONTINUIDAD_CORREGIDA,-0.34400676828292553,0.34400676828292553,0.0,CORREGIDO_ANCLA_OBSERVADO
2026-10-10,NAUTA,10.0,2026-10-08,2026-12-01,60,54,7.692348890170084,8.077305171714123,7.692348890170084,5.28,7.2218467682829255,4.224498890170084,11.160198890170085,HIBRIDO_ANALOGO_CLIM,ANALOGO_DTW_HIBRIDO_CLIMATOLOGIA,30,10,0.2175090192481711,OK_ANALOGOS_CONTINUIDAD_CORREGIDA,-0.34400676828292553,0.34400676828292553,0.0,CORREGIDO_ANCLA_OBSERVADO
2026-10-10,NAUTA,10.0,2026-10-08,2026-12-02,60,55,7.607279567958392,7.886453475376095,7.607279567958392,5.28,7.277346768282925,4.053029567958393,11.161529567958391,HIBRIDO_ANALOGO_CLIM,ANALOGO_DTW_HIBRIDO_CLIMATOLOGIA,30,10,0.2175090192481711,OK_ANALOGOS_CONTINUIDAD_CORREGIDA,-0.34400676828292553,0.34400676828292553,0.0,CORREGIDO_ANCLA_OBSERVADO
2026-10-10,NAUTA,10.0,2026-10-08,2026-12-03,60,56,7.669941569264457,7.973107020123296,7.669941569264457,5.28,7.323466768282926,4.033791569264456,11.306091569264458,HIBRIDO_ANALOGO_CLIM,ANALOGO_DTW_HIBRIDO_CLIMATOLOGIA,30,10,0.2175090192481711,OK_ANALOGOS_CONTINUIDAD_CORREGIDA,-0.34400676828292553,0.34400676828292553,0.0,CORREGIDO_ANCLA_OBSERVADO
2026-10-10,NAUTA,10.0,2026-10-08,2026-12-04,60,57,7.6560263275365505,7.915746881146973,7.6560263275365505,5.28,7.368966768282926,4.62827632753655,10.68377632753655,HIBRIDO_ANALOGO_CLIM,ANALOGO_DTW_HIBRIDO_CLIMATOLOGIA,30,10,0.2175090192481711,OK_ANALOGOS_CONTINUIDAD_CORREGIDA,-0.34400676828292553,0.34400676828292553,0.0,CORREGIDO_ANCLA_OBSERVADO
2026-10-10,NAUTA,10.0,2026-10-08,2026-12-05,60,58,7.740965214524469,7.986060535202043,7.740965214524469,5.28,7.478966768282925,4.5564152145244705,10.925515214524468,HIBRIDO_ANALOGO_CLIM,ANALOGO_DTW_HIBRIDO_CLIMATOLOGIA,30,10,0.2175090192481711,OK_ANALOGOS_CONTINUIDAD_CORREGIDA,-0.34400676828292553,0.34400676828292553,0.0,CORREGIDO_ANCLA_OBSERVADO
2026-10-10,NAUTA,10.0,2026-10-08,2026-12-06,60,59,7.7877344493991085,8.053802862281973,7.7877344493991085,5.28,7.512646768282925,4.44948444939911,11.125984449399107,HIBRIDO_ANALOGO_CLIM,ANALOGO_DTW_HIBRIDO_CLIMATOLOGIA,30,10,0.2175090192481711,OK_ANALOGOS_CONTINUIDAD_CORREGIDA,-0.34400676828292553,0.34400676828292553,0.0,CORREGIDO_ANCLA_OBSERVADO
2026-10-10,NAUTA,10.0,2026-10-08,2026-12-07,60,60,7.852727593962306,8.119168419641685,7.852727593962306,5.28,7.5862867682829265,4.364327593962306,11.341127593962307,HIBRIDO_ANALOGO_CLIM,ANALOGO_DTW_HIBRIDO_CLIMATOLOGIA,30,10,0.2175090192481711,OK_ANALOGOS_CONTINUIDAD_CORREGIDA,-0.34400676828292553,0.34400676828292553,0.0,CORREGIDO_ANCLA_OBSERVADO
2026-10-10,NAUTA,10.0,2026-10-08,2026-10-09,90,1,5.28,5.606522644615452,5.28,5.28,4.300432066153644,5.07085,5.48915,HIBRIDO_ANALOGO_CLIM,ANALOGO_DTW_HIBRIDO_CLIMATOLOGIA,30,10,0.22739692584131346,OK_ANALOGOS_CONTINUIDAD_CORREGIDA,-0.37123641397973106,0.37123641397973106,0.0,CORREGIDO_ANCLA_OBSERVADO
2026-10-10,NAUTA,10.0,2026-10-08,2026-10-10,90,2,5.256941712595267,5.542676812133778,5.256941712595267,5.28,4.399736413979731,4.783091712595267,5.730791712595267,HIBRIDO_ANALOGO_CLIM,ANALOGO_DTW_HIBRIDO_CLIMATOLOGIA,30,10,0.22739692584131346,OK_ANALOGOS_CONTINUIDAD_CORREGIDA,-0.37123641397973106,0.37123641397973106,0.0,CORREGIDO_ANCLA_OBSERVADO
2026-10-10,NAUTA,10.0,2026-10-08,2026-10-11,90,3,5.255979138544289,5.516045553978852,5.255979138544289,5.28,4.475779892240601,4.602729138544289,5.909229138544289,HIBRIDO_ANALOGO_CLIM,ANALOGO_DTW_HIBRIDO_CLIMATOLOGIA,30,10,0.22739692584131346,OK_ANALOGOS_CONTINUIDAD_CORREGIDA,-0.37123641397973106,0.37123641397973106,0.0,CORREGIDO_ANCLA_OBSERVADO
2026-10-10,NAUTA,10.0,2026-10-08,2026-10-12,90,4,5.283632102522602,5.523677042181819,5.283632102522602,5.28,4.563497283544948,4.472132102522601,6.095132102522602,HIBRIDO_ANALOGO_CLIM,ANALOGO_DTW_HIBRIDO_CLIMATOLOGIA,30,10,0.22739692584131346,OK_ANALOGOS_CONTINUIDAD_CORREGIDA,-0.37123641397973106,0.37123641397973106,0.0,CORREGIDO_ANCLA_OBSERVADO
2026-10-10,NAUTA,10.0,2026-10-08,2026-10-13,90,5,5.3608520788021545,5.58860802504731,5.3608520788021545,5.28,4.677584240066687,4.461702078802154,6.260002078802154,HIBRIDO_ANALOGO_CLIM,ANALOGO_DTW_HIBRIDO_CLIMATOLOGIA,30,10,0.22739692584131346,OK_ANALOGOS_CONTINUIDAD_CORREGIDA,-0.37123641397973106,0.37123641397973106,0.0,CORREGIDO_ANCLA_OBSERVADO
2026-10-10,NAUTA,10.0,2026-10-08,2026-10-14,90,6,5.463465332775907,5.6916575810702845,5.463465332775907,5.28,4.778888587892775,4.422965332775906,6.503965332775907,HIBRIDO_ANALOGO_CLIM,ANALOGO_DTW_HIBRIDO_CLIMATOLOGIA,30,10,0.22739692584131346,OK_ANALOGOS_CONTINUIDAD_CORREGIDA,-0.37123641397973106,0.37123641397973106,0.0,CORREGIDO_ANCLA_OBSERVADO
2026-10-10,NAUTA,10.0,2026-10-08,2026-10-15,90,7,5.550305972454912,5.776053796294465,5.550305972454912,5.28,4.8730625009362525,4.2749559724549115,6.8256559724549115,HIBRIDO_ANALOGO_CLIM,ANALOGO_DTW_HIBRIDO_CLIMATOLOGIA,30,10,0.22739692584131346,OK_ANALOGOS_CONTINUIDAD_CORREGIDA,-0.37123641397973106,0.37123641397973106,0.0,CORREGIDO_ANCLA_OBSERVADO
2026-10-10,NAUTA,10.0,2026-10-08,2026-10-16,90,8,5.606613809758382,5.830036709800541,5.606613809758382,5.28,4.936345109631905,4.073763809758383,7.139463809758382,HIBRIDO_ANALOGO_CLIM,ANALOGO_DTW_HIBRIDO_CLIMATOLOGIA,30,10,0.22739692584131346,OK_ANALOGOS_CONTINUIDAD_CORREGIDA,-0.37123641397973106,0.37123641397973106,0.0,CORREGIDO_ANCLA_OBSERVADO
2026-10-10,NAUTA,10.0,2026-10-08,2026-10-17,90,9,5.656222095875573,5.879710076797375,5.656222095875573,5.28,4.985758153110166,3.8175220958755736,7.494922095875572,HIBRIDO_ANALOGO_CLIM,ANALOGO_DTW_HIBRIDO_CLIMATOLOGIA,30,10,0.22739692584131346,OK_ANALOGOS_CONTINUIDAD_CORREGIDA,-0.37123641397973106,0.37123641397973106,0.0,CORREGIDO_ANCLA_OBSERVADO
2026-10-10,NAUTA,10.0,2026-10-08,2026-10-18,90,10,5.707773875735394,5.937677667335107,5.707773875735394,5.28,5.018062500936253,3.6396238757353943,7.775923875735394,HIBRIDO_ANALOGO_CLIM,ANALOGO_DTW_HIBRIDO_CLIMATOLOGIA,30,10,0.22739692584131346,OK_ANALOGOS_CONTINUIDAD_CORREGIDA,-0.37123641397973106,0.37123641397973106,0.0,CORREGIDO_ANCLA_OBSERVADO
2026-10-10,NAUTA,10.0,2026-10-08,2026-10-19,90,11,5.739329920296447,5.955839349938251,5.739329920296447,5.28,5.089801631371035,3.490829920296447,7.987829920296447,HIBRIDO_ANALOGO_CLIM,ANALOGO_DTW_HIBRIDO_CLIMATOLOGIA,30,10,0.22739692584131346,OK_ANALOGOS_CONTINUIDAD_CORREGIDA,-0.37123641397973106,0.37123641397973106,0.0,CORREGIDO_ANCLA_OBSERVADO
2026-10-10,NAUTA,10.0,2026-10-08,2026-10-20,90,12,5.7272627272099905,5.916496135967903,5.7272627272099905,5.28,5.159562500936253,3.1740127272099907,8.280512727209992,HIBRIDO_ANALOGO_CLIM,ANALOGO_DTW_HIBRIDO_CLIMATOLOGIA,30,10,0.22739692584131346,OK_ANALOGOS_CONTINUIDAD_CORREGIDA,-0.37123641397973106,0.37123641397973106,0.0,CORREGIDO_ANCLA_OBSERVADO
2026-10-10,NAUTA,10.0,2026-10-08,2026-10-21,90,13,5.700324421354563,5.85906390207371,5.700324421354563,5.28,5.224105979197122,2.9498244213545632,8.450824421354564,HIBRIDO_ANALOGO_CLIM,ANALOGO_DTW_HIBRIDO_CLIMATOLOGIA,30,10,0.22739692584131346,OK_ANALOGOS_CONTINUIDAD_CORREGIDA,-0.37123641397973106,0.37123641397973106,0.0,CORREGIDO_ANCLA_OBSERVADO
2026-10-10,NAUTA,10.0,2026-10-08,2026-10-22,90,14,5.648745634415296,5.782545809343093,5.648745634415296,5.28,5.247345109631905,2.7883456344152964,8.509145634415297,HIBRIDO_ANALOGO_CLIM,ANALOGO_DTW_HIBRIDO_CLIMATOLOGIA,30,10,0.22739692584131346,OK_ANALOGOS_CONTINUIDAD_CORREGIDA,-0.37123641397973106,0.37123641397973106,0.0,CORREGIDO_ANCLA_OBSERVADO
2026-10-10,NAUTA,10.0,2026-10-08,2026-10-23,90,15,5.652869612860182,5.772189374805839,5.652869612860182,5.28,5.294910327023209,2.906869612860182,8.398869612860182,HIBRIDO_ANALOGO_CLIM,ANALOGO_DTW_HIBRIDO_CLIMATOLOGIA,30,10,0.22739692584131346,OK_ANALOGOS_CONTINUIDAD_CORREGIDA,-0.37123641397973106,0.37123641397973106,0.0,CORREGIDO_ANCLA_OBSERVADO
2026-10-10,NAUTA,10.0,2026-10-08,2026-10-24,90,16,5.712021039246705,5.837166638973377,5.712021039246705,5.28,5.336584240066688,3.117121039246704,8.306921039246705,HIBRIDO_ANALOGO_CLIM,ANALOGO_DTW_HIBRIDO_CLIMATOLOGIA,30,10,0.22739692584131346,OK_ANALOGOS_CONTINUIDAD_CORREGIDA,-0.37123641397973106,0.37123641397973106,0.0,CORREGIDO_ANCLA_OBSERVADO
2026-10-10,NAUTA,10.0,2026-10-08,2026-10-25,90,17,5.7637402994682585,5.89746623231226,5.7637402994682585,5.28,5.362562500936253,3.137890299468258,8.389590299468257,HIBRIDO_ANALOGO_CLIM,ANALOGO_DTW_HIBRIDO_CLIMATOLOGIA,30,10,0.22739692584131346,OK_ANALOGOS_CONTINUIDAD_CORREGIDA,-0.37123641397973106,0.37123641397973106,0.0,CORREGIDO_ANCLA_OBSERVADO
2026-10-10,NAUTA,10.0,2026-10-08,2026-10-26,90,18,5.809522514460798,5.941704837809559,5.809522514460798,5.28,5.412975544414514,2.980772514460798,8.638272514460798,HIBRIDO_ANALOGO_CLIM,ANALOGO_DTW_HIBRIDO_CLIMATOLOGIA,30,10,0.22739692584131346,OK_ANALOGOS_CONTINUIDAD_CORREGIDA,-0.37123641397973106,0.37123641397973106,0.0,CORREGIDO_ANCLA_OBSERVADO
2026-10-10,NAUTA,10.0,2026-10-08,2026-10-27,90,19,5.833936503981428,5.958778562967502,5.833936503981428,5.28,5.459410327023209,2.8186365039814274,8.849236503981427,HIBRIDO_ANALOGO_CLIM,ANALOGO_DTW_HIBRIDO_CLIMATOLOGIA,30,10,0.22739692584131346,OK_ANALOGOS_CONTINUIDAD_CORREGIDA,-0.37123641397973106,0.37123641397973106,0.0,CORREGIDO_ANCLA_OBSERVADO
2026-10-10,NAUTA,10.0,2026-10-08,2026-10-28,90,20,5.871726504859281,5.994955085877103,5.871726504859281,5.28,5.502040761805818,2.738426504859282,9.00502650485928,HIBRIDO_ANALOGO_CLIM,ANALOGO_DTW_HIBRIDO_CLIMATOLOGIA,30,10,0.22739692584131346,OK_ANALOGOS_CONTINUIDAD_CORREGIDA,-0.37123641397973106,0.37123641397973106,0.0,CORREGIDO_ANCLA_OBSERVADO
2026-10-10,NAUTA,10.0,2026-10-08,2026-10-29,90,21,5.947339667917919,6.081968288795865,5.947339667917919,5.28,5.543453805284079,2.7728396679179195,9.121839667917918,HIBRIDO_ANALOGO_CLIM,ANALOGO_DTW_HIBRIDO_CLIMATOLOGIA,30,10,0.22739692584131346,OK_ANALOGOS_CONTINUIDAD_CORREGIDA,-0.37123641397973106,0.37123641397973106,0.0,CORREGIDO_ANCLA_OBSERVADO
2026-10-10,NAUTA,10.0,2026-10-08,2026-10-30,90,22,6.006661146076045,6.148223013296556,6.006661146076045,5.28,5.581975544414513,2.915161146076045,9.098161146076045,HIBRIDO_ANALOGO_CLIM,ANALOGO_DTW_HIBRIDO_CLIMATOLOGIA,30,10,0.22739692584131346,OK_ANALOGOS_CONTINUIDAD_CORREGIDA,-0.37123641397973106,0.37123641397973106,0.0,CORREGIDO_ANCLA_OBSERVADO
2026-10-10,NAUTA,10.0,2026-10-08,2026-10-31,90,23,6.093775803278138,6.244752701160216,6.093775803278138,5.28,5.640845109631905,3.094875803278138,9.092675803278137,HIBRIDO_ANALOGO_CLIM,ANALOGO_DTW_HIBRIDO_CLIMATOLOGIA,30,10,0.22739692584131346,OK_ANALOGOS_CONTINUIDAD_CORREGIDA,-0.37123641397973106,0.37123641397973106,0.0,CORREGIDO_ANCLA_OBSERVADO
2026-10-10,NAUTA,10.0,2026-10-08,2026-11-01,90,24,6.193198897402803,6.35409218897861,6.193198897402803,5.28,5.710519022675383,3.147348897402803,9.239048897402803,HIBRIDO_ANALOGO_CLIM,ANALOGO_DTW_HIBRIDO_CLIMATOLOGIA,30,10,0.22739692584131346,OK_ANALOGOS_CONTINUIDAD_CORREGIDA,-0.37123641397973106,0.37123641397973106,0.0,CORREGIDO_ANCLA_OBSERVADO
2026-10-10,NAUTA,10.0,2026-10-08,2026-11-02,90,25,6.251318159683041,6.447150963806367,6.251318159683041,5.28,5.663819747313064,2.9963181596830415,9.50631815968304,HIBRIDO_ANALOGO_CLIM,ANALOGO_DTW_HIBRIDO_CLIMATOLOGIA,30,10,0.22739692584131346,OK_ANALOGOS_CONTINUIDAD_CORREGIDA,-0.37123641397973106,0.37123641397973106,0.0,CORREGIDO_ANCLA_OBSERVADO
2026-10-10,NAUTA,10.0,2026-10-08,2026-11-03,90,26,6.309442759326057,6.49837959666372,6.309442759326057,5.28,5.742632247313065,2.8530927593260578,9.765792759326057,HIBRIDO_ANALOGO_CLIM,ANALOGO_DTW_HIBRIDO_CLIMATOLOGIA,30,10,0.22739692584131346,OK_ANALOGOS_CONTINUIDAD_CORREGIDA,-0.37123641397973106,0.37123641397973106,0.0,CORREGIDO_ANCLA_OBSERVADO
2026-10-10,NAUTA,10.0,2026-10-08,2026-11-04,90,27,6.355275801639315,6.534434764192509,6.355275801639315,5.28,5.817798913979731,2.6980258016393153,10.012525801639313,HIBRIDO_ANALOGO_CLIM,ANALOGO_DTW_HIBRIDO_CLIMATOLOGIA,30,10,0.22739692584131346,OK_ANALOGOS_CONTINUIDAD_CORREGIDA,-0.37123641397973106,0.37123641397973106,0.0,CORREGIDO_ANCLA_OBSERVADO
2026-10-10,NAUTA,10.0,2026-10-08,2026-11-05,90,28,6.527920872013134,6.745864302468712,6.527920872013134,5.28,5.874090580646397,3.3546208720131334,9.701220872013135,HIBRIDO_ANALOGO_CLIM,ANALOGO_DTW_HIBRIDO_CLIMATOLOGIA,30,10,0.22739692584131346,OK_ANALOGOS_CONTINUIDAD_CORREGIDA,-0.37123641397973106,0.37123641397973106,0.0,CORREGIDO_ANCLA_OBSERVADO
2026-10-10,NAUTA,10.0,2026-10-08,2026-11-06,90,29,6.575293966187414,6.784972872478864,6.575293966187414,5.28,5.946257247313064,3.297943966187414,9.852643966187415,HIBRIDO_ANALOGO_CLIM,ANALOGO_DTW_HIBRIDO_CLIMATOLOGIA,30,10,0.22739692584131346,OK_ANALOGOS_CONTINUIDAD_CORREGIDA,-0.37123641397973106,0.37123641397973106,0.0,CORREGIDO_ANCLA_OBSERVADO
2026-10-10,NAUTA,10.0,2026-10-08,2026-11-07,90,30,6.64278568405519,6.855031274080344,6.64278568405519,5.28,6.006048913979731,3.254685684055189,10.030885684055189,HIBRIDO_ANALOGO_CLIM,ANALOGO_DTW_HIBRIDO_CLIMATOLOGIA,30,10,0.22739692584131346,OK_ANALOGOS_CONTINUIDAD_CORREGIDA,-0.37123641397973106,0.37123641397973106,0.0,CORREGIDO_ANCLA_OBSERVADO
2026-10-10,NAUTA,10.0,2026-10-08,2026-11-08,90,31,6.722212562865485,6.943296951803219,6.722212562865485,5.28,6.087486413979731,3.236012562865484,10.208412562865483,HIBRIDO_ANALOGO_CLIM,ANALOGO_DTW_HIBRIDO_CLIMATOLOGIA,30,10,0.22739692584131346,OK_ANALOGOS_CONTINUIDAD_CORREGIDA,-0.37123641397973106,0.37123641397973106,0.0,CORREGIDO_ANCLA_OBSERVADO
2026-10-10,NAUTA,10.0,2026-10-08,2026-11-09,90,32,6.779657319085792,7.019454314881935,6.779657319085792,5.28,6.1202155806463985,3.2499073190857914,10.309407319085793,HIBRIDO_ANALOGO_CLIM,ANALOGO_DTW_HIBRIDO_CLIMATOLOGIA,30,10,0.22739692584131346,OK_ANALOGOS_CONTINUIDAD_CORREGIDA,-0.37123641397973106,0.37123641397973106,0.0,CORREGIDO_ANCLA_OBSERVADO
2026-10-10,NAUTA,10.0,2026-10-08,2026-11-10,90,33,6.800776348179661,7.04971390942791,6.800776348179661,5.28,6.144486413979731,3.2127763481796614,10.388776348179661,HIBRIDO_ANALOGO_CLIM,ANALOGO_DTW_HIBRIDO_CLIMATOLOGIA,30,10,0.22739692584131346,OK_ANALOGOS_CONTINUIDAD_CORREGIDA,-0.37123641397973106,0.37123641397973106,0.0,CORREGIDO_ANCLA_OBSERVADO
2026-10-10,NAUTA,10.0,2026-10-08,2026-11-11,90,34,6.844942116097315,7.098903285151554,6.844942116097315,5.28,6.202569747313064,3.251092116097315,10.438792116097314,HIBRIDO_ANALOGO_CLIM,ANALOGO_DTW_HIBRIDO_CLIMATOLOGIA,30,10,0.22739692584131346,OK_ANALOGOS_CONTINUIDAD_CORREGIDA,-0.37123641397973106,0.37123641397973106,0.0,CORREGIDO_ANCLA_OBSERVADO
2026-10-10,NAUTA,10.0,2026-10-08,2026-11-12,90,35,6.887584381851345,7.140799966661225,6.887584381851345,5.28,6.272632247313064,3.493584381851345,10.281584381851342,HIBRIDO_ANALOGO_CLIM,ANALOGO_DTW_HIBRIDO_CLIMATOLOGIA,30,10,0.22739692584131346,OK_ANALOGOS_CONTINUIDAD_CORREGIDA,-0.37123641397973106,0.37123641397973106,0.0,CORREGIDO_ANCLA_OBSERVADO
2026-10-10,NAUTA,10.0,2026-10-08,2026-11-13,90,36,6.95051367734907,7.223257504507358,6.95051367734907,5.28,6.314111413979731,3.46516367734907,10.435863677349069,HIBRIDO_ANALOGO_CLIM,ANALOGO_DTW_HIBRIDO_CLIMATOLOGIA,30,10,0.22739692584131346,OK_ANALOGOS_CONTINUIDAD_CORREGIDA,-0.37123641397973106,0.37123641397973106,0.0,CORREGIDO_ANCLA_OBSERVADO
2026-10-10,NAUTA,10.0,2026-10-08,2026-11-14,90,37,6.941094077395785,7.193399602051135,6.941094077395785,5.28,6.375111413979731,3.3579940773957855,10.524194077395784,HIBRIDO_ANALOGO_CLIM,ANALOGO_DTW_HIBRIDO_CLIMATOLOGIA,30,10,0.22739692584131346,OK_ANALOGOS_CONTINUIDAD_CORREGIDA,-0.37123641397973106,0.37123641397973106,0.0,CORREGIDO_ANCLA_OBSERVADO
2026-10-10,NAUTA,10.0,2026-10-08,2026-11-15,90,38,6.91901482945456,7.152675863455091,6.91901482945456,5.28,6.414798913979731,3.1734648294545593,10.664564829454559,HIBRIDO_ANALOGO_CLIM,ANALOGO_DTW_HIBRIDO_CLIMATOLOGIA,30,10,0.22739692584131346,OK_ANALOGOS_CONTINUIDAD_CORREGIDA,-0.37123641397973106,0.37123641397973106,0.0,CORREGIDO_ANCLA_OBSERVADO
2026-10-10,NAUTA,10.0,2026-10-08,2026-11-16,90,39,6.907621752520231,7.118515619224916,6.907621752520231,5.28,6.469611413979731,2.9541717525202316,10.861071752520228,HIBRIDO_ANALOGO_CLIM,ANALOGO_DTW_HIBRIDO_CLIMATOLOGIA,30,10,0.22739692584131346,OK_ANALOGOS_CONTINUIDAD_CORREGIDA,-0.37123641397973106,0.37123641397973106,0.0,CORREGIDO_ANCLA_OBSERVADO
2026-10-10,NAUTA,10.0,2026-10-08,2026-11-17,90,40,6.892644198872428,7.081046007985441,6.892644198872428,5.28,6.5158405806463975,2.7357941988724277,11.049494198872427,HIBRIDO_ANALOGO_CLIM,ANALOGO_DTW_HIBRIDO_CLIMATOLOGIA,30,10,0.22739692584131346,OK_ANALOGOS_CONTINUIDAD_CORREGIDA,-0.37123641397973106,0.37123641397973106,0.0,CORREGIDO_ANCLA_OBSERVADO
2026-10-10,NAUTA,10.0,2026-10-08,2026-11-18,90,41,6.903943623420261,7.088551162496992,6.903943623420261,5.28,6.548236413979731,2.576543623420262,11.231343623420262,HIBRIDO_ANALOGO_CLIM,ANALOGO_DTW_HIBRIDO_CLIMATOLOGIA,30,10,0.22739692584131346,OK_ANALOGOS_CONTINUIDAD_CORREGIDA,-0.37123641397973106,0.37123641397973106,0.0,CORREGIDO_ANCLA_OBSERVADO
2026-10-10,NAUTA,10.0,2026-10-08,2026-11-19,90,42,6.937488386116426,7.108372460856699,6.937488386116426,5.28,6.620132247313064,2.510288386116427,11.364688386116423,HIBRIDO_ANALOGO_CLIM,ANALOGO_DTW_HIBRIDO_CLIMATOLOGIA,30,10,0.22739692584131346,OK_ANALOGOS_CONTINUIDAD_CORREGIDA,-0.37123641397973106,0.37123641397973106,0.0,CORREGIDO_ANCLA_OBSERVADO
2026-10-10,NAUTA,10.0,2026-10-08,2026-11-20,90,43,6.9631448466762835,7.115175962770896,6.9631448466762835,5.28,6.690903080646398,2.4356948466762836,11.490594846676284,HIBRIDO_ANALOGO_CLIM,ANALOGO_DTW_HIBRIDO_CLIMATOLOGIA,30,10,0.22739692584131346,OK_ANALOGOS_CONTINUIDAD_CORREGIDA,-0.37123641397973106,0.37123641397973106,0.0,CORREGIDO_ANCLA_OBSERVADO
2026-10-10,NAUTA,10.0,2026-10-08,2026-11-21,90,44,7.01933981619267,7.154764812210687,7.01933981619267,5.28,6.785423913979731,2.3946398161926705,11.64403981619267,HIBRIDO_ANALOGO_CLIM,ANALOGO_DTW_HIBRIDO_CLIMATOLOGIA,30,10,0.22739692584131346,OK_ANALOGOS_CONTINUIDAD_CORREGIDA,-0.37123641397973106,0.37123641397973106,0.0,CORREGIDO_ANCLA_OBSERVADO
2026-10-10,NAUTA,10.0,2026-10-08,2026-11-22,90,45,7.042396814926947,7.1543930554952775,7.042396814926947,5.28,6.855736413979731,2.631296814926947,11.453496814926947,HIBRIDO_ANALOGO_CLIM,ANALOGO_DTW_HIBRIDO_CLIMATOLOGIA,30,10,0.22739692584131346,OK_ANALOGOS_CONTINUIDAD_CORREGIDA,-0.37123641397973106,0.37123641397973106,0.0,CORREGIDO_ANCLA_OBSERVADO
2026-10-10,NAUTA,10.0,2026-10-08,2026-11-23,90,46,7.083288099015409,7.200716060884434,7.083288099015409,5.28,6.8943822473130645,2.6736380990154087,11.492938099015408,HIBRIDO_ANALOGO_CLIM,ANALOGO_DTW_HIBRIDO_CLIMATOLOGIA,30,10,0.22739692584131346,OK_ANALOGOS_CONTINUIDAD_CORREGIDA,-0.37123641397973106,0.37123641397973106,0.0,CORREGIDO_ANCLA_OBSERVADO
2026-10-10,NAUTA,10.0,2026-10-08,2026-11-24,90,47,7.124157364467474,7.255059951311182,7.124157364467474,5.28,6.920840580646397,2.7707073644674742,11.477607364467474,HIBRIDO_ANALOGO_CLIM,ANALOGO_DTW_HIBRIDO_CLIMATOLOGIA,30,10,0.22739692584131346,OK_ANALOGOS_CONTINUIDAD_CORREGIDA,-0.37123641397973106,0.37123641397973106,0.0,CORREGIDO_ANCLA_OBSERVADO
2026-10-10,NAUTA,10.0,2026-10-08,2026-11-25,90,48,7.171927748272432,7.291444193356455,7.171927748272432,5.28,6.992653080646397,2.771327748272433,11.572527748272432,HIBRIDO_ANALOGO_CLIM,ANALOGO_DTW_HIBRIDO_CLIMATOLOGIA,30,10,0.22739692584131346,OK_ANALOGOS_CONTINUIDAD_CORREGIDA,-0.37123641397973106,0.37123641397973106,0.0,CORREGIDO_ANCLA_OBSERVADO
2026-10-10,NAUTA,10.0,2026-10-08,2026-11-26,90,49,7.215921051878408,7.331258865357776,7.215921051878408,5.28,7.048798913979732,2.7237210518784076,11.708121051878408,HIBRIDO_ANALOGO_CLIM,ANALOGO_DTW_HIBRIDO_CLIMATOLOGIA,30,10,0.22739692584131346,OK_ANALOGOS_CONTINUIDAD_CORREGIDA,-0.37123641397973106,0.37123641397973106,0.0,CORREGIDO_ANCLA_OBSERVADO
2026-10-10,NAUTA,10.0,2026-10-08,2026-11-27,90,50,7.253099792975932,7.36164803987798,7.253099792975932,5.28,7.101132247313064,2.5912497929759315,11.914949792975932,HIBRIDO_ANALOGO_CLIM,ANALOGO_DTW_HIBRIDO_CLIMATOLOGIA,30,10,0.22739692584131346,OK_ANALOGOS_CONTINUIDAD_CORREGIDA,-0.37123641397973106,0.37123641397973106,0.0,CORREGIDO_ANCLA_OBSERVADO
2026-10-10,NAUTA,10.0,2026-10-08,2026-11-28,90,51,7.276694209276949,7.37619924638069,7.276694209276949,5.28,7.142069747313064,2.4474442092769486,12.105944209276949,HIBRIDO_ANALOGO_CLIM,ANALOGO_DTW_HIBRIDO_CLIMATOLOGIA,30,10,0.22739692584131346,OK_ANALOGOS_CONTINUIDAD_CORREGIDA,-0.37123641397973106,0.37123641397973106,0.0,CORREGIDO_ANCLA_OBSERVADO
2026-10-10,NAUTA,10.0,2026-10-08,2026-11-29,90,52,7.285825628917944,7.368020077596186,7.285825628917944,5.28,7.178340580646397,2.3203256289179444,12.251325628917943,HIBRIDO_ANALOGO_CLIM,ANALOGO_DTW_HIBRIDO_CLIMATOLOGIA,30,10,0.22739692584131346,OK_ANALOGOS_CONTINUIDAD_CORREGIDA,-0.37123641397973106,0.37123641397973106,0.0,CORREGIDO_ANCLA_OBSERVADO
2026-10-10,NAUTA,10.0,2026-10-08,2026-11-30,90,53,7.356573824947303,7.464983145065928,7.356573824947303,5.28,7.219528080646398,2.348723824947304,12.364423824947302,HIBRIDO_ANALOGO_CLIM,ANALOGO_DTW_HIBRIDO_CLIMATOLOGIA,30,10,0.22739692584131346,OK_ANALOGOS_CONTINUIDAD_CORREGIDA,-0.37123641397973106,0.37123641397973106,0.0,CORREGIDO_ANCLA_OBSERVADO
2026-10-10,NAUTA,10.0,2026-10-08,2026-12-01,90,54,7.395936712237339,7.516095138084473,7.395936712237339,5.28,7.249076413979731,2.334686712237339,12.457186712237338,HIBRIDO_ANALOGO_CLIM,ANALOGO_DTW_HIBRIDO_CLIMATOLOGIA,30,10,0.22739692584131346,OK_ANALOGOS_CONTINUIDAD_CORREGIDA,-0.37123641397973106,0.37123641397973106,0.0,CORREGIDO_ANCLA_OBSERVADO
2026-10-10,NAUTA,10.0,2026-10-08,2026-12-02,90,55,7.306489345665439,7.308107980168731,7.306489345665439,5.28,7.3045764139797305,2.4351893456654388,12.177789345665438,HIBRIDO_ANALOGO_CLIM,ANALOGO_DTW_HIBRIDO_CLIMATOLOGIA,30,10,0.22739692584131346,OK_ANALOGOS_CONTINUIDAD_CORREGIDA,-0.37123641397973106,0.37123641397973106,0.0,CORREGIDO_ANCLA_OBSERVADO
2026-10-10,NAUTA,10.0,2026-10-08,2026-12-03,90,56,7.368674543310768,7.384405406475425,7.368674543310768,5.28,7.3506964139797315,2.4822745433107682,12.255074543310766,HIBRIDO_ANALOGO_CLIM,ANALOGO_DTW_HIBRIDO_CLIMATOLOGIA,30,10,0.22739692584131346,OK_ANALOGOS_CONTINUIDAD_CORREGIDA,-0.37123641397973106,0.37123641397973106,0.0,CORREGIDO_ANCLA_OBSERVADO
2026-10-10,NAUTA,10.0,2026-10-08,2026-12-04,90,57,7.418495863340474,7.4386715556192415,7.418495863340474,5.28,7.396196413979731,2.5413458633404735,12.295645863340475,HIBRIDO_ANALOGO_CLIM,ANALOGO_DTW_HIBRIDO_CLIMATOLOGIA,30,10,0.22739692584131346,OK_ANALOGOS_CONTINUIDAD_CORREGIDA,-0.37123641397973106,0.37123641397973106,0.0,CORREGIDO_ANCLA_OBSERVADO
2026-10-10,NAUTA,10.0,2026-10-08,2026-12-05,90,58,7.494447017981599,7.483455647531735,7.494447017981599,5.28,7.506196413979731,2.5339470179816006,12.454947017981599,HIBRIDO_ANALOGO_CLIM,ANALOGO_DTW_HIBRIDO_CLIMATOLOGIA,30,10,0.22739692584131346,OK_ANALOGOS_CONTINUIDAD_CORREGIDA,-0.37123641397973106,0.37123641397973106,0.0,CORREGIDO_ANCLA_OBSERVADO
2026-10-10,NAUTA,10.0,2026-10-08,2026-12-06,90,59,7.533040828712353,7.526429360994724,7.533040828712353,5.28,7.539876413979731,2.4566908287123534,12.60939082871235,HIBRIDO_ANALOGO_CLIM,ANALOGO_DTW_HIBRIDO_CLIMATOLOGIA,30,10,0.22739692584131346,OK_ANALOGOS_CONTINUIDAD_CORREGIDA,-0.37123641397973106,0.37123641397973106,0.0,CORREGIDO_ANCLA_OBSERVADO
2026-10-10,NAUTA,10.0,2026-10-08,2026-12-07,90,60,7.589076042529169,7.564635671078607,7.589076042529169,5.28,7.613516413979732,2.401576042529168,12.776576042529168,HIBRIDO_ANALOGO_CLIM,ANALOGO_DTW_HIBRIDO_CLIMATOLOGIA,30,10,0.22739692584131346,OK_ANALOGOS_CONTINUIDAD_CORREGIDA,-0.37123641397973106,0.37123641397973106,0.0,CORREGIDO_ANCLA_OBSERVADO
2026-10-10,NAUTA,10.0,2026-10-08,2026-12-08,90,61,7.659061574767947,7.607144537616782,7.659061574767947,5.28,7.7092764139797305,2.4238115747679476,12.894311574767947,HIBRIDO_ANALOGO_CLIM,ANALOGO_DTW_HIBRIDO_CLIMATOLOGIA,30,10,0.22739692584131346,OK_ANALOGOS_CONTINUIDAD_CORREGIDA,-0.37123641397973106,0.37123641397973106,0.0,CORREGIDO_ANCLA_OBSERVADO
2026-10-10,NAUTA,10.0,2026-10-08,2026-12-09,90,62,7.681536195697371,7.593474583050709,7.681536195697371,5.28,7.763916413979731,2.4192861956973717,12.94378619569737,HIBRIDO_ANALOGO_CLIM,ANALOGO_DTW_HIBRIDO_CLIMATOLOGIA,30,10,0.22739692584131346,OK_ANALOGOS_CONTINUIDAD_CORREGIDA,-0.37123641397973106,0.37123641397973106,0.0,CORREGIDO_ANCLA_OBSERVADO
2026-10-10,NAUTA,10.0,2026-10-08,2026-12-10,90,63,7.7616694563252775,7.695987029444039,7.7616694563252775,5.28,7.821096413979731,2.5614194563252783,12.961919456325276,HIBRIDO_ANALOGO_CLIM,ANALOGO_DTW_HIBRIDO_CLIMATOLOGIA,30,10,0.22739692584131346,OK_ANALOGOS_CONTINUIDAD_CORREGIDA,-0.37123641397973106,0.37123641397973106,0.0,CORREGIDO_ANCLA_OBSERVADO
2026-10-10,NAUTA,10.0,2026-10-08,2026-12-11,90,64,7.849631725238229,7.83259779524794,7.849631725238229,5.28,7.864536413979732,2.80153172523823,12.897731725238227,HIBRIDO_ANALOGO_CLIM,ANALOGO_DTW_HIBRIDO_CLIMATOLOGIA,30,10,0.22739692584131346,OK_ANALOGOS_CONTINUIDAD_CORREGIDA,-0.37123641397973106,0.37123641397973106,0.0,CORREGIDO_ANCLA_OBSERVADO
2026-10-10,NAUTA,10.0,2026-10-08,2026-12-12,90,65,7.949122633635041,7.979029984136773,7.949122633635041,5.28,7.923816413979732,3.0100726336350405,12.88817263363504,HIBRIDO_ANALOGO_CLIM,ANALOGO_DTW_HIBRIDO_CLIMATOLOGIA,30,10,0.22739692584131346,OK_ANALOGOS_CONTINUIDAD_CORREGIDA,-0.37123641397973106,0.37123641397973106,0.0,CORREGIDO_ANCLA_OBSERVADO
2026-10-10,NAUTA,10.0,2026-10-08,2026-12-13,90,66,8.026202262735602,8.06568718899278,8.026202262735602,5.28,7.993896413979732,3.1725522627356018,12.879852262735604,HIBRIDO_ANALOGO_CLIM,ANALOGO_DTW_HIBRIDO_CLIMATOLOGIA,30,10,0.22739692584131346,OK_ANALOGOS_CONTINUIDAD_CORREGIDA,-0.37123641397973106,0.37123641397973106,0.0,CORREGIDO_ANCLA_OBSERVADO
2026-10-10,NAUTA,10.0,2026-10-08,2026-12-14,90,67,8.084244332846357,8.153529815187186,8.084244332846357,5.28,8.029436413979731,3.2734943328463584,12.894994332846355,HIBRIDO_ANALOGO_CLIM,ANALOGO_DTW_HIBRIDO_CLIMATOLOGIA,30,10,0.22739692584131346,OK_ANALOGOS_CONTINUIDAD_CORREGIDA,-0.37123641397973106,0.37123641397973106,0.0,CORREGIDO_ANCLA_OBSERVADO
2026-10-10,NAUTA,10.0,2026-10-08,2026-12-15,90,68,8.1353975915914,8.213860670006657,8.1353975915914,5.28,8.07539641397973,3.3720475915913983,12.898747591591398,HIBRIDO_ANALOGO_CLIM,ANALOGO_DTW_HIBRIDO_CLIMATOLOGIA,30,10,0.22739692584131346,OK_ANALOGOS_CONTINUIDAD_CORREGIDA,-0.37123641397973106,0.37123641397973106,0.0,CORREGIDO_ANCLA_OBSERVADO
2026-10-10,NAUTA,10.0,2026-10-08,2026-12-16,90,69,8.166806763917492,8.231383119715638,8.166806763917492,5.28,8.11907641397973,3.492556763917491,12.841056763917493,HIBRIDO_ANALOGO_CLIM,ANALOGO_DTW_HIBRIDO_CLIMATOLOGIA,30,10,0.22739692584131346,OK_ANALOGOS_CONTINUIDAD_CORREGIDA,-0.37123641397973106,0.37123641397973106,0.0,CORREGIDO_ANCLA_OBSERVADO
2026-10-10,NAUTA,10.0,2026-10-08,2026-12-17,90,70,8.186587521545412,8.25707907213737,8.186587521545412,5.28,8.13623641397973,3.552587521545414,12.820587521545413,HIBRIDO_ANALOGO_CLIM,ANALOGO_DTW_HIBRIDO_CLIMATOLOGIA,30,10,0.22739692584131346,OK_ANALOGOS_CONTINUIDAD_CORREGIDA,-0.37123641397973106,0.37123641397973106,0.0,CORREGIDO_ANCLA_OBSERVADO
2026-10-10,NAUTA,10.0,2026-10-08,2026-12-18,90,71,8.227033080822164,8.34164253685916,8.227033080822164,5.28,8.147936413979732,3.6321330808221655,12.821933080822163,HIBRIDO_ANALOGO_CLIM,ANALOGO_DTW_HIBRIDO_CLIMATOLOGIA,30,10,0.22739692584131346,OK_ANALOGOS_CONTINUIDAD_CORREGIDA,-0.37123641397973106,0.37123641397973106,0.0,CORREGIDO_ANCLA_OBSERVADO
2026-10-10,NAUTA,10.0,2026-10-08,2026-12-19,90,72,8.259034286066576,8.388901094196846,8.259034286066576,5.28,8.17245641397973,3.7171842860665767,12.800884286066577,HIBRIDO_ANALOGO_CLIM,ANALOGO_DTW_HIBRIDO_CLIMATOLOGIA,30,10,0.22739692584131346,OK_ANALOGOS_CONTINUIDAD_CORREGIDA,-0.37123641397973106,0.37123641397973106,0.0,CORREGIDO_ANCLA_OBSERVADO
2026-10-10,NAUTA,10.0,2026-10-08,2026-12-20,90,73,8.27235291949777,8.384674300408768,8.27235291949777,5.28,8.200036413979731,3.757052919497771,12.78765291949777,HIBRIDO_ANALOGO_CLIM,ANALOGO_DTW_HIBRIDO_CLIMATOLOGIA,30,10,0.22739692584131346,OK_ANALOGOS_CONTINUIDAD_CORREGIDA,-0.37123641397973106,0.37123641397973106,0.0,CORREGIDO_ANCLA_OBSERVADO
2026-10-10,NAUTA,10.0,2026-10-08,2026-12-21,90,74,8.26320966296407,8.360396193938872,8.26320966296407,5.28,8.20279641397973,3.771659662964069,12.75475966296407,HIBRIDO_ANALOGO_CLIM,ANALOGO_DTW_HIBRIDO_CLIMATOLOGIA,30,10,0.22739692584131346,OK_ANALOGOS_CONTINUIDAD_CORREGIDA,-0.37123641397973106,0.37123641397973106,0.0,CORREGIDO_ANCLA_OBSERVADO
2026-10-10,NAUTA,10.0,2026-10-08,2026-12-22,90,75,8.273260335387338,8.339966871066679,8.273260335387338,5.28,8.233236413979732,3.890260335387337,12.656260335387337,HIBRIDO_ANALOGO_CLIM,ANALOGO_DTW_HIBRIDO_CLIMATOLOGIA,30,10,0.22739692584131346,OK_ANALOGOS_CONTINUIDAD_CORREGIDA,-0.37123641397973106,0.37123641397973106,0.0,CORREGIDO_ANCLA_OBSERVADO
2026-10-10,NAUTA,10.0,2026-10-08,2026-12-23,90,76,8.286191927277152,8.312542359336334,8.286191927277152,5.28,8.270936413979731,3.964091927277152,12.60829192727715,HIBRIDO_ANALOGO_CLIM,ANALOGO_DTW_HIBRIDO_CLIMATOLOGIA,30,10,0.22739692584131346,OK_ANALOGOS_CONTINUIDAD_CORREGIDA,-0.37123641397973106,0.37123641397973106,0.0,CORREGIDO_ANCLA_OBSERVADO
2026-10-10,NAUTA,10.0,2026-10-08,2026-12-24,90,77,8.401921496684484,8.526706412225554,8.401921496684484,5.28,8.332236413979732,4.085271496684484,12.718571496684483,HIBRIDO_ANALOGO_CLIM,ANALOGO_DTW_HIBRIDO_CLIMATOLOGIA,30,10,0.22739692584131346,OK_ANALOGOS_CONTINUIDAD_CORREGIDA,-0.37123641397973106,0.37123641397973106,0.0,CORREGIDO_ANCLA_OBSERVADO
2026-10-10,NAUTA,10.0,2026-10-08,2026-12-25,90,78,8.423108064807536,8.504398273487752,8.423108064807536,5.28,8.379336413979729,4.133608064807538,12.712608064807537,HIBRIDO_ANALOGO_CLIM,ANALOGO_DTW_HIBRIDO_CLIMATOLOGIA,30,10,0.22739692584131346,OK_ANALOGOS_CONTINUIDAD_CORREGIDA,-0.37123641397973106,0.37123641397973106,0.0,CORREGIDO_ANCLA_OBSERVADO
2026-10-10,NAUTA,10.0,2026-10-08,2026-12-26,90,79,8.465619123333646,8.553603368186309,8.465619123333646,5.28,8.41995641397973,4.286019123333645,12.645219123333643,HIBRIDO_ANALOGO_CLIM,ANALOGO_DTW_HIBRIDO_CLIMATOLOGIA,30,10,0.22739692584131346,OK_ANALOGOS_CONTINUIDAD_CORREGIDA,-0.37123641397973106,0.37123641397973106,0.0,CORREGIDO_ANCLA_OBSERVADO
2026-10-10,NAUTA,10.0,2026-10-08,2026-12-27,90,80,8.494232533742235,8.587584773267242,8.494232533742235,5.28,8.44755641397973,4.301182533742233,12.687282533742234,HIBRIDO_ANALOGO_CLIM,ANALOGO_DTW_HIBRIDO_CLIMATOLOGIA,30,10,0.22739692584131346,OK_ANALOGOS_CONTINUIDAD_CORREGIDA,-0.37123641397973106,0.37123641397973106,0.0,CORREGIDO_ANCLA_OBSERVADO
2026-10-10,NAUTA,10.0,2026-10-08,2026-12-28,90,81,8.519574995681964,8.630687434601988,8.519574995681964,5.28,8.466076413979732,4.3531749956819645,12.685974995681963,HIBRIDO_ANALOGO_CLIM,ANALOGO_DTW_HIBRIDO_CLIMATOLOGIA,30,10,0.22739692584131346,OK_ANALOGOS_CONTINUIDAD_CORREGIDA,-0.37123641397973106,0.37123641397973106,0.0,CORREGIDO_ANCLA_OBSERVADO
2026-10-10,NAUTA,10.0,2026-10-08,2026-12-29,90,82,8.541264609988676,8.640415980323773,8.541264609988676,5.28,8.49531641397973,4.420564609988677,12.661964609988676,HIBRIDO_ANALOGO_CLIM,ANALOGO_DTW_HIBRIDO_CLIMATOLOGIA,30,10,0.22739692584131346,OK_ANALOGOS_CONTINUIDAD_CORREGIDA,-0.37123641397973106,0.37123641397973106,0.0,CORREGIDO_ANCLA_OBSERVADO
2026-10-10,NAUTA,10.0,2026-10-08,2026-12-30,90,83,8.53768767782833,8.573290783218436,8.53768767782833,5.28,8.521816413979732,4.621837677828331,12.45353767782833,HIBRIDO_ANALOGO_CLIM,ANALOGO_DTW_HIBRIDO_CLIMATOLOGIA,30,10,0.22739692584131346,OK_ANALOGOS_CONTINUIDAD_CORREGIDA,-0.37123641397973106,0.37123641397973106,0.0,CORREGIDO_ANCLA_OBSERVADO
2026-10-10,NAUTA,10.0,2026-10-08,2026-12-31,90,84,8.569999947642856,8.579528192856813,8.569999947642856,5.28,8.565916413979732,4.590149947642854,12.549849947642855,HIBRIDO_ANALOGO_CLIM,ANALOGO_DTW_HIBRIDO_CLIMATOLOGIA,30,10,0.22739692584131346,OK_ANALOGOS_CONTINUIDAD_CORREGIDA,-0.37123641397973106,0.37123641397973106,0.0,CORREGIDO_ANCLA_OBSERVADO
2026-10-10,NAUTA,10.0,2026-10-08,2027-01-01,90,85,8.611821926758836,8.576114765486118,8.611821926758836,5.28,8.626524875518193,4.6904219267588365,12.533221926758834,HIBRIDO_ANALOGO_CLIM,ANALOGO_DTW_HIBRIDO_CLIMATOLOGIA,30,10,0.22739692584131346,OK_ANALOGOS_CONTINUIDAD_CORREGIDA,-0.37123641397973106,0.37123641397973106,0.0,CORREGIDO_ANCLA_OBSERVADO
2026-10-10,NAUTA,10.0,2026-10-08,2027-01-02,90,86,8.65860567938179,8.61512907014989,8.65860567938179,5.28,8.675794106287423,4.788855679381791,12.52835567938179,HIBRIDO_ANALOGO_CLIM,ANALOGO_DTW_HIBRIDO_CLIMATOLOGIA,30,10,0.22739692584131346,OK_ANALOGOS_CONTINUIDAD_CORREGIDA,-0.37123641397973106,0.37123641397973106,0.0,CORREGIDO_ANCLA_OBSERVADO
2026-10-10,NAUTA,10.0,2026-10-08,2027-01-03,90,87,8.705769891239068,8.680711296321377,8.705769891239068,5.28,8.715274875518194,4.95561989123907,12.45591989123907,HIBRIDO_ANALOGO_CLIM,ANALOGO_DTW_HIBRIDO_CLIMATOLOGIA,30,10,0.22739692584131346,OK_ANALOGOS_CONTINUIDAD_CORREGIDA,-0.37123641397973106,0.37123641397973106,0.0,CORREGIDO_ANCLA_OBSERVADO
2026-10-10,NAUTA,10.0,2026-10-08,2027-01-04,90,88,8.764624378991353,8.799960513542548,8.764624378991353,5.28,8.751774875518194,5.192774378991354,12.336474378991355,HIBRIDO_ANALOGO_CLIM,ANALOGO_DTW_HIBRIDO_CLIMATOLOGIA,30,10,0.22739692584131346,OK_ANALOGOS_CONTINUIDAD_CORREGIDA,-0.37123641397973106,0.37123641397973106,0.0,CORREGIDO_ANCLA_OBSERVADO
2026-10-10,NAUTA,10.0,2026-10-08,2027-01-05,90,89,8.819368274650547,8.91459919970298,8.819368274650547,5.28,8.78619795244127,5.416168274650547,12.222568274650545,HIBRIDO_ANALOGO_CLIM,ANALOGO_DTW_HIBRIDO_CLIMATOLOGIA,30,10,0.22739692584131346,OK_ANALOGOS_CONTINUIDAD_CORREGIDA,-0.37123641397973106,0.37123641397973106,0.0,CORREGIDO_ANCLA_OBSERVADO
2026-10-10,NAUTA,10.0,2026-10-08,2027-01-06,90,90,8.861497655546568,9.024742918708618,8.861497655546568,5.28,8.807082567825884,5.57804765554657,12.14494765554657,HIBRIDO_ANALOGO_CLIM,ANALOGO_DTW_HIBRIDO_CLIMATOLOGIA,30,10,0.22739692584131346,OK_ANALOGOS_CONTINUIDAD_CORREGIDA,-0.37123641397973106,0.37123641397973106,0.0,CORREGIDO_ANCLA_OBSERVADO
2026-10-10,PUERTO ALEGRIA,1044.0,2026-10-08,2026-10-09,30,1,9.69,9.66774897997202,9.69,9.69,9.756753060083941,9.591077276,9.788922724,HIBRIDO_ANALOGO_CLIM,ANALOGO_DTW_HIBRIDO_CLIMATOLOGIA,30,10,0.16674062551220442,OK_ANALOGOS_CONTINUIDAD_CORREGIDA,-0.01948059108046074,0.01948059108046074,0.0,CORREGIDO_ANCLA_OBSERVADO
2026-10-10,PUERTO ALEGRIA,1044.0,2026-10-08,2026-10-10,30,2,9.67425995426836,9.643035095183736,9.67425995426836,9.69,9.767934531522233,9.49664983564336,9.851870072893359,HIBRIDO_ANALOGO_CLIM,ANALOGO_DTW_HIBRIDO_CLIMATOLOGIA,30,10,0.16674062551220442,OK_ANALOGOS_CONTINUIDAD_CORREGIDA,-0.01948059108046074,0.01948059108046074,0.0,CORREGIDO_ANCLA_OBSERVADO
2026-10-10,PUERTO ALEGRIA,1044.0,2026-10-08,2026-10-11,30,3,9.66668273227074,9.629111720992496,9.66668273227074,9.69,9.77939576610547,9.37816907227074,9.95519639227074,HIBRIDO_ANALOGO_CLIM,ANALOGO_DTW_HIBRIDO_CLIMATOLOGIA,30,10,0.16674062551220442,OK_ANALOGOS_CONTINUIDAD_CORREGIDA,-0.01948059108046074,0.01948059108046074,0.0,CORREGIDO_ANCLA_OBSERVADO
2026-10-10,PUERTO ALEGRIA,1044.0,2026-10-08,2026-10-12,30,4,9.670829123453382,9.632342324413463,9.670829123453382,9.69,9.786289520573142,9.281791127453383,10.059867119453381,HIBRIDO_ANALOGO_CLIM,ANALOGO_DTW_HIBRIDO_CLIMATOLOGIA,30,10,0.16674062551220442,OK_ANALOGOS_CONTINUIDAD_CORREGIDA,-0.01948059108046074,0.01948059108046074,0.0,CORREGIDO_ANCLA_OBSERVADO
2026-10-10,PUERTO ALEGRIA,1044.0,2026-10-08,2026-10-13,30,5,9.687843759967281,9.648965279949492,9.687843759967281,9.69,9.804479200020651,9.231033319967281,10.144654199967281,HIBRIDO_ANALOGO_CLIM,ANALOGO_DTW_HIBRIDO_CLIMATOLOGIA,30,10,0.16674062551220442,OK_ANALOGOS_CONTINUIDAD_CORREGIDA,-0.01948059108046074,0.01948059108046074,0.0,CORREGIDO_ANCLA_OBSERVADO
2026-10-10,PUERTO ALEGRIA,1044.0,2026-10-08,2026-10-14,30,6,9.709080948056043,9.670330111179437,9.709080948056043,9.69,9.825333458685863,9.195102348056043,10.223059548056042,HIBRIDO_ANALOGO_CLIM,ANALOGO_DTW_HIBRIDO_CLIMATOLOGIA,30,10,0.16674062551220442,OK_ANALOGOS_CONTINUIDAD_CORREGIDA,-0.01948059108046074,0.01948059108046074,0.0,CORREGIDO_ANCLA_OBSERVADO
2026-10-10,PUERTO ALEGRIA,1044.0,2026-10-08,2026-10-15,30,7,9.734508695385786,9.692819587764848,9.734508695385786,9.69,9.859576018248596,9.098526415385786,10.370490975385785,HIBRIDO_ANALOGO_CLIM,ANALOGO_DTW_HIBRIDO_CLIMATOLOGIA,30,10,0.16674062551220442,OK_ANALOGOS_CONTINUIDAD_CORREGIDA,-0.01948059108046074,0.01948059108046074,0.0,CORREGIDO_ANCLA_OBSERVADO
2026-10-10,PUERTO ALEGRIA,1044.0,2026-10-08,2026-10-16,30,8,9.760646828522827,9.713435088447422,9.760646828522827,9.69,9.902282048749036,9.020334680522827,10.500958976522826,HIBRIDO_ANALOGO_CLIM,ANALOGO_DTW_HIBRIDO_CLIMATOLOGIA,30,10,0.16674062551220442,OK_ANALOGOS_CONTINUIDAD_CORREGIDA,-0.01948059108046074,0.01948059108046074,0.0,CORREGIDO_ANCLA_OBSERVADO
2026-10-10,PUERTO ALEGRIA,1044.0,2026-10-08,2026-10-17,30,9,9.790853471391976,9.737962242783262,9.790853471391976,9.69,9.949527157218121,9.049852523391976,10.531854419391976,HIBRIDO_ANALOGO_CLIM,ANALOGO_DTW_HIBRIDO_CLIMATOLOGIA,30,10,0.16674062551220442,OK_ANALOGOS_CONTINUIDAD_CORREGIDA,-0.01948059108046074,0.01948059108046074,0.0,CORREGIDO_ANCLA_OBSERVADO
2026-10-10,PUERTO ALEGRIA,1044.0,2026-10-08,2026-10-18,30,10,9.81865346507454,9.758005212942994,9.81865346507454,9.69,10.000598221469176,9.03518842907454,10.60211850107454,HIBRIDO_ANALOGO_CLIM,ANALOGO_DTW_HIBRIDO_CLIMATOLOGIA,30,10,0.16674062551220442,OK_ANALOGOS_CONTINUIDAD_CORREGIDA,-0.01948059108046074,0.01948059108046074,0.0,CORREGIDO_ANCLA_OBSERVADO
2026-10-10,PUERTO ALEGRIA,1044.0,2026-10-08,2026-10-19,30,11,9.837551400407941,9.768674839348092,9.837551400407941,9.69,10.044181083587485,9.02672110878294,10.64838169203294,HIBRIDO_ANALOGO_CLIM,ANALOGO_DTW_HIBRIDO_CLIMATOLOGIA,30,10,0.16674062551220442,OK_ANALOGOS_CONTINUIDAD_CORREGIDA,-0.01948059108046074,0.01948059108046074,0.0,CORREGIDO_ANCLA_OBSERVADO
2026-10-10,PUERTO ALEGRIA,1044.0,2026-10-08,2026-10-20,30,12,9.843859236106228,9.766915297889996,9.843859236106228,9.69,10.074691050754923,9.053265056106229,10.634453416106227,HIBRIDO_ANALOGO_CLIM,ANALOGO_DTW_HIBRIDO_CLIMATOLOGIA,30,10,0.16674062551220442,OK_ANALOGOS_CONTINUIDAD_CORREGIDA,-0.01948059108046074,0.01948059108046074,0.0,CORREGIDO_ANCLA_OBSERVADO
2026-10-10,PUERTO ALEGRIA,1044.0,2026-10-08,2026-10-21,30,13,9.842316189314275,9.757262072918024,9.842316189314275,9.69,10.097478538503026,9.009039609314275,10.675592769314274,HIBRIDO_ANALOGO_CLIM,ANALOGO_DTW_HIBRIDO_CLIMATOLOGIA,30,10,0.16674062551220442,OK_ANALOGOS_CONTINUIDAD_CORREGIDA,-0.01948059108046074,0.01948059108046074,0.0,CORREGIDO_ANCLA_OBSERVADO
2026-10-10,PUERTO ALEGRIA,1044.0,2026-10-08,2026-10-22,30,14,9.850671754309266,9.757850973884064,9.850671754309266,9.69,10.129134095584865,9.017995800129265,10.683347708489265,HIBRIDO_ANALOGO_CLIM,ANALOGO_DTW_HIBRIDO_CLIMATOLOGIA,30,10,0.16674062551220442,OK_ANALOGOS_CONTINUIDAD_CORREGIDA,-0.01948059108046074,0.01948059108046074,0.0,CORREGIDO_ANCLA_OBSERVADO
2026-10-10,PUERTO ALEGRIA,1044.0,2026-10-08,2026-10-23,30,15,9.890896785160262,9.801688455860502,9.890896785160262,9.69,10.158521773059544,8.998050867780263,10.78374270254026,HIBRIDO_ANALOGO_CLIM,ANALOGO_DTW_HIBRIDO_CLIMATOLOGIA,30,10,0.16674062551220442,OK_ANALOGOS_CONTINUIDAD_CORREGIDA,-0.01948059108046074,0.01948059108046074,0.0,CORREGIDO_ANCLA_OBSERVADO
2026-10-10,PUERTO ALEGRIA,1044.0,2026-10-08,2026-10-24,30,16,9.944662651028446,9.862804847434168,9.944662651028446,9.69,10.190236061811278,8.986451441348446,10.902873860708446,HIBRIDO_ANALOGO_CLIM,ANALOGO_DTW_HIBRIDO_CLIMATOLOGIA,30,10,0.16674062551220442,OK_ANALOGOS_CONTINUIDAD_CORREGIDA,-0.01948059108046074,0.01948059108046074,0.0,CORREGIDO_ANCLA_OBSERVADO
2026-10-10,PUERTO ALEGRIA,1044.0,2026-10-08,2026-10-25,30,17,10.011541141814542,9.940528141804975,10.011541141814542,9.69,10.22458014184324,8.99470628219454,11.028376001434541,HIBRIDO_ANALOGO_CLIM,ANALOGO_DTW_HIBRIDO_CLIMATOLOGIA,30,10,0.16674062551220442,OK_ANALOGOS_CONTINUIDAD_CORREGIDA,-0.01948059108046074,0.01948059108046074,0.0,CORREGIDO_ANCLA_OBSERVADO
2026-10-10,PUERTO ALEGRIA,1044.0,2026-10-08,2026-10-26,30,18,10.082527081442851,10.02330924051343,10.082527081442851,9.69,10.260180604231113,9.04501240182285,11.12004176106285,HIBRIDO_ANALOGO_CLIM,ANALOGO_DTW_HIBRIDO_CLIMATOLOGIA,30,10,0.16674062551220442,OK_ANALOGOS_CONTINUIDAD_CORREGIDA,-0.01948059108046074,0.01948059108046074,0.0,CORREGIDO_ANCLA_OBSERVADO
2026-10-10,PUERTO ALEGRIA,1044.0,2026-10-08,2026-10-27,30,19,10.13260538244741,10.080538525406599,10.13260538244741,9.69,10.288805953569845,9.08792118762741,11.177289577267409,HIBRIDO_ANALOGO_CLIM,ANALOGO_DTW_HIBRIDO_CLIMATOLOGIA,30,10,0.16674062551220442,OK_ANALOGOS_CONTINUIDAD_CORREGIDA,-0.01948059108046074,0.01948059108046074,0.0,CORREGIDO_ANCLA_OBSERVADO
2026-10-10,PUERTO ALEGRIA,1044.0,2026-10-08,2026-10-28,30,20,10.17094673596407,10.12347352946654,10.17094673596407,9.69,10.313366355456656,9.10937786434407,11.232515607584071,HIBRIDO_ANALOGO_CLIM,ANALOGO_DTW_HIBRIDO_CLIMATOLOGIA,30,10,0.16674062551220442,OK_ANALOGOS_CONTINUIDAD_CORREGIDA,-0.01948059108046074,0.01948059108046074,0.0,CORREGIDO_ANCLA_OBSERVADO
2026-10-10,PUERTO ALEGRIA,1044.0,2026-10-08,2026-10-29,30,21,10.2026540338387,10.156370643945285,10.2026540338387,9.69,10.341504203518944,9.0517975055187,11.353510562158702,HIBRIDO_ANALOGO_CLIM,ANALOGO_DTW_HIBRIDO_CLIMATOLOGIA,30,10,0.16674062551220442,OK_ANALOGOS_CONTINUIDAD_CORREGIDA,-0.01948059108046074,0.01948059108046074,0.0,CORREGIDO_ANCLA_OBSERVADO
2026-10-10,PUERTO ALEGRIA,1044.0,2026-10-08,2026-10-30,30,22,10.220166093036196,10.169150330568625,10.220166093036196,9.69,10.373213380438907,8.990169647036197,11.450162539036196,HIBRIDO_ANALOGO_CLIM,ANALOGO_DTW_HIBRIDO_CLIMATOLOGIA,30,10,0.16674062551220442,OK_ANALOGOS_CONTINUIDAD_CORREGIDA,-0.01948059108046074,0.01948059108046074,0.0,CORREGIDO_ANCLA_OBSERVADO
2026-10-10,PUERTO ALEGRIA,1044.0,2026-10-08,2026-10-31,30,23,10.231837633229562,10.17308670164761,10.231837633229562,9.69,10.408090427975415,8.958974715309562,11.504700551149561,HIBRIDO_ANALOGO_CLIM,ANALOGO_DTW_HIBRIDO_CLIMATOLOGIA,30,10,0.16674062551220442,OK_ANALOGOS_CONTINUIDAD_CORREGIDA,-0.01948059108046074,0.01948059108046074,0.0,CORREGIDO_ANCLA_OBSERVADO
2026-10-10,PUERTO ALEGRIA,1044.0,2026-10-08,2026-11-01,30,24,10.327021358509569,10.180416365293063,10.327021358509569,9.69,10.766836338159091,9.040577066989568,11.61346565002957,HIBRIDO_ANALOGO_CLIM,ANALOGO_DTW_HIBRIDO_CLIMATOLOGIA,30,10,0.16674062551220442,OK_ANALOGOS_CONTINUIDAD_CORREGIDA,-0.01948059108046074,0.01948059108046074,0.0,CORREGIDO_ANCLA_OBSERVADO
2026-10-10,PUERTO ALEGRIA,1044.0,2026-10-08,2026-11-02,30,25,10.36860191180651,10.19656822362856,10.36860191180651,9.69,10.88470297634036,9.09711951780651,11.640084305806509,HIBRIDO_ANALOGO_CLIM,ANALOGO_DTW_HIBRIDO_CLIMATOLOGIA,30,10,0.16674062551220442,OK_ANALOGOS_CONTINUIDAD_CORREGIDA,-0.01948059108046074,0.01948059108046074,0.0,CORREGIDO_ANCLA_OBSERVADO
2026-10-10,PUERTO ALEGRIA,1044.0,2026-10-08,2026-11-03,30,26,10.406935793731414,10.23535558487214,10.406935793731414,9.69,10.921676420309232,9.154344942911413,11.659526644551415,HIBRIDO_ANALOGO_CLIM,ANALOGO_DTW_HIBRIDO_CLIMATOLOGIA,30,10,0.16674062551220442,OK_ANALOGOS_CONTINUIDAD_CORREGIDA,-0.01948059108046074,0.01948059108046074,0.0,CORREGIDO_ANCLA_OBSERVADO
2026-10-10,PUERTO ALEGRIA,1044.0,2026-10-08,2026-11-04,30,27,10.468681393386264,10.307355754053937,10.468681393386264,9.69,10.952658311383244,9.224385889066264,11.712976897706266,HIBRIDO_ANALOGO_CLIM,ANALOGO_DTW_HIBRIDO_CLIMATOLOGIA,30,10,0.16674062551220442,OK_ANALOGOS_CONTINUIDAD_CORREGIDA,-0.01948059108046074,0.01948059108046074,0.0,CORREGIDO_ANCLA_OBSERVADO
2026-10-10,PUERTO ALEGRIA,1044.0,2026-10-08,2026-11-05,30,28,10.53821380200793,10.39062145967372,10.53821380200793,9.69,10.980990829010553,9.26793565150793,11.808491952507929,HIBRIDO_ANALOGO_CLIM,ANALOGO_DTW_HIBRIDO_CLIMATOLOGIA,30,10,0.16674062551220442,OK_ANALOGOS_CONTINUIDAD_CORREGIDA,-0.01948059108046074,0.01948059108046074,0.0,CORREGIDO_ANCLA_OBSERVADO
2026-10-10,PUERTO ALEGRIA,1044.0,2026-10-08,2026-11-06,30,29,10.612163797488355,10.47534907250486,10.612163797488355,9.69,11.02260797243884,9.351504403468356,11.872823191508354,HIBRIDO_ANALOGO_CLIM,ANALOGO_DTW_HIBRIDO_CLIMATOLOGIA,30,10,0.16674062551220442,OK_ANALOGOS_CONTINUIDAD_CORREGIDA,-0.01948059108046074,0.01948059108046074,0.0,CORREGIDO_ANCLA_OBSERVADO
2026-10-10,PUERTO ALEGRIA,1044.0,2026-10-08,2026-11-07,30,30,10.700392868892221,10.577821475890696,10.700392868892221,9.69,11.068107047896797,9.325052862392223,12.075732875392221,HIBRIDO_ANALOGO_CLIM,ANALOGO_DTW_HIBRIDO_CLIMATOLOGIA,30,10,0.16674062551220442,OK_ANALOGOS_CONTINUIDAD_CORREGIDA,-0.01948059108046074,0.01948059108046074,0.0,CORREGIDO_ANCLA_OBSERVADO
2026-10-10,PUERTO ALEGRIA,1044.0,2026-10-08,2026-10-09,60,1,9.69,9.66774897997202,9.69,9.69,9.756753060083941,9.591077276,9.788922724,HIBRIDO_ANALOGO_CLIM,ANALOGO_DTW_HIBRIDO_CLIMATOLOGIA,30,10,0.16674062551220442,OK_ANALOGOS_CONTINUIDAD_CORREGIDA,-0.01948059108046074,0.01948059108046074,0.0,CORREGIDO_ANCLA_OBSERVADO
2026-10-10,PUERTO ALEGRIA,1044.0,2026-10-08,2026-10-10,60,2,9.67425995426836,9.643035095183736,9.67425995426836,9.69,9.767934531522233,9.49664983564336,9.851870072893359,HIBRIDO_ANALOGO_CLIM,ANALOGO_DTW_HIBRIDO_CLIMATOLOGIA,30,10,0.16674062551220442,OK_ANALOGOS_CONTINUIDAD_CORREGIDA,-0.01948059108046074,0.01948059108046074,0.0,CORREGIDO_ANCLA_OBSERVADO
2026-10-10,PUERTO ALEGRIA,1044.0,2026-10-08,2026-10-11,60,3,9.66668273227074,9.629111720992496,9.66668273227074,9.69,9.77939576610547,9.37816907227074,9.95519639227074,HIBRIDO_ANALOGO_CLIM,ANALOGO_DTW_HIBRIDO_CLIMATOLOGIA,30,10,0.16674062551220442,OK_ANALOGOS_CONTINUIDAD_CORREGIDA,-0.01948059108046074,0.01948059108046074,0.0,CORREGIDO_ANCLA_OBSERVADO
2026-10-10,PUERTO ALEGRIA,1044.0,2026-10-08,2026-10-12,60,4,9.670829123453382,9.632342324413463,9.670829123453382,9.69,9.786289520573142,9.281791127453383,10.059867119453381,HIBRIDO_ANALOGO_CLIM,ANALOGO_DTW_HIBRIDO_CLIMATOLOGIA,30,10,0.16674062551220442,OK_ANALOGOS_CONTINUIDAD_CORREGIDA,-0.01948059108046074,0.01948059108046074,0.0,CORREGIDO_ANCLA_OBSERVADO
2026-10-10,PUERTO ALEGRIA,1044.0,2026-10-08,2026-10-13,60,5,9.687843759967281,9.648965279949492,9.687843759967281,9.69,9.804479200020651,9.231033319967281,10.144654199967281,HIBRIDO_ANALOGO_CLIM,ANALOGO_DTW_HIBRIDO_CLIMATOLOGIA,30,10,0.16674062551220442,OK_ANALOGOS_CONTINUIDAD_CORREGIDA,-0.01948059108046074,0.01948059108046074,0.0,CORREGIDO_ANCLA_OBSERVADO
2026-10-10,PUERTO ALEGRIA,1044.0,2026-10-08,2026-10-14,60,6,9.709080948056043,9.670330111179437,9.709080948056043,9.69,9.825333458685863,9.195102348056043,10.223059548056042,HIBRIDO_ANALOGO_CLIM,ANALOGO_DTW_HIBRIDO_CLIMATOLOGIA,30,10,0.16674062551220442,OK_ANALOGOS_CONTINUIDAD_CORREGIDA,-0.01948059108046074,0.01948059108046074,0.0,CORREGIDO_ANCLA_OBSERVADO
2026-10-10,PUERTO ALEGRIA,1044.0,2026-10-08,2026-10-15,60,7,9.734508695385786,9.692819587764848,9.734508695385786,9.69,9.859576018248596,9.098526415385786,10.370490975385785,HIBRIDO_ANALOGO_CLIM,ANALOGO_DTW_HIBRIDO_CLIMATOLOGIA,30,10,0.16674062551220442,OK_ANALOGOS_CONTINUIDAD_CORREGIDA,-0.01948059108046074,0.01948059108046074,0.0,CORREGIDO_ANCLA_OBSERVADO
2026-10-10,PUERTO ALEGRIA,1044.0,2026-10-08,2026-10-16,60,8,9.760646828522827,9.713435088447422,9.760646828522827,9.69,9.902282048749036,9.020334680522827,10.500958976522826,HIBRIDO_ANALOGO_CLIM,ANALOGO_DTW_HIBRIDO_CLIMATOLOGIA,30,10,0.16674062551220442,OK_ANALOGOS_CONTINUIDAD_CORREGIDA,-0.01948059108046074,0.01948059108046074,0.0,CORREGIDO_ANCLA_OBSERVADO
2026-10-10,PUERTO ALEGRIA,1044.0,2026-10-08,2026-10-17,60,9,9.790853471391976,9.737962242783262,9.790853471391976,9.69,9.949527157218121,9.049852523391976,10.531854419391976,HIBRIDO_ANALOGO_CLIM,ANALOGO_DTW_HIBRIDO_CLIMATOLOGIA,30,10,0.16674062551220442,OK_ANALOGOS_CONTINUIDAD_CORREGIDA,-0.01948059108046074,0.01948059108046074,0.0,CORREGIDO_ANCLA_OBSERVADO
2026-10-10,PUERTO ALEGRIA,1044.0,2026-10-08,2026-10-18,60,10,9.81865346507454,9.758005212942994,9.81865346507454,9.69,10.000598221469176,9.03518842907454,10.60211850107454,HIBRIDO_ANALOGO_CLIM,ANALOGO_DTW_HIBRIDO_CLIMATOLOGIA,30,10,0.16674062551220442,OK_ANALOGOS_CONTINUIDAD_CORREGIDA,-0.01948059108046074,0.01948059108046074,0.0,CORREGIDO_ANCLA_OBSERVADO
2026-10-10,PUERTO ALEGRIA,1044.0,2026-10-08,2026-10-19,60,11,9.837551400407941,9.768674839348092,9.837551400407941,9.69,10.044181083587485,9.02672110878294,10.64838169203294,HIBRIDO_ANALOGO_CLIM,ANALOGO_DTW_HIBRIDO_CLIMATOLOGIA,30,10,0.16674062551220442,OK_ANALOGOS_CONTINUIDAD_CORREGIDA,-0.01948059108046074,0.01948059108046074,0.0,CORREGIDO_ANCLA_OBSERVADO
2026-10-10,PUERTO ALEGRIA,1044.0,2026-10-08,2026-10-20,60,12,9.843859236106228,9.766915297889996,9.843859236106228,9.69,10.074691050754923,9.053265056106229,10.634453416106227,HIBRIDO_ANALOGO_CLIM,ANALOGO_DTW_HIBRIDO_CLIMATOLOGIA,30,10,0.16674062551220442,OK_ANALOGOS_CONTINUIDAD_CORREGIDA,-0.01948059108046074,0.01948059108046074,0.0,CORREGIDO_ANCLA_OBSERVADO
2026-10-10,PUERTO ALEGRIA,1044.0,2026-10-08,2026-10-21,60,13,9.842316189314275,9.757262072918024,9.842316189314275,9.69,10.097478538503026,9.009039609314275,10.675592769314274,HIBRIDO_ANALOGO_CLIM,ANALOGO_DTW_HIBRIDO_CLIMATOLOGIA,30,10,0.16674062551220442,OK_ANALOGOS_CONTINUIDAD_CORREGIDA,-0.01948059108046074,0.01948059108046074,0.0,CORREGIDO_ANCLA_OBSERVADO
2026-10-10,PUERTO ALEGRIA,1044.0,2026-10-08,2026-10-22,60,14,9.850671754309266,9.757850973884064,9.850671754309266,9.69,10.129134095584865,9.017995800129265,10.683347708489265,HIBRIDO_ANALOGO_CLIM,ANALOGO_DTW_HIBRIDO_CLIMATOLOGIA,30,10,0.16674062551220442,OK_ANALOGOS_CONTINUIDAD_CORREGIDA,-0.01948059108046074,0.01948059108046074,0.0,CORREGIDO_ANCLA_OBSERVADO
2026-10-10,PUERTO ALEGRIA,1044.0,2026-10-08,2026-10-23,60,15,9.890896785160262,9.801688455860502,9.890896785160262,9.69,10.158521773059544,8.998050867780263,10.78374270254026,HIBRIDO_ANALOGO_CLIM,ANALOGO_DTW_HIBRIDO_CLIMATOLOGIA,30,10,0.16674062551220442,OK_ANALOGOS_CONTINUIDAD_CORREGIDA,-0.01948059108046074,0.01948059108046074,0.0,CORREGIDO_ANCLA_OBSERVADO
2026-10-10,PUERTO ALEGRIA,1044.0,2026-10-08,2026-10-24,60,16,9.944662651028446,9.862804847434168,9.944662651028446,9.69,10.190236061811278,8.986451441348446,10.902873860708446,HIBRIDO_ANALOGO_CLIM,ANALOGO_DTW_HIBRIDO_CLIMATOLOGIA,30,10,0.16674062551220442,OK_ANALOGOS_CONTINUIDAD_CORREGIDA,-0.01948059108046074,0.01948059108046074,0.0,CORREGIDO_ANCLA_OBSERVADO
2026-10-10,PUERTO ALEGRIA,1044.0,2026-10-08,2026-10-25,60,17,10.011541141814542,9.940528141804975,10.011541141814542,9.69,10.22458014184324,8.99470628219454,11.028376001434541,HIBRIDO_ANALOGO_CLIM,ANALOGO_DTW_HIBRIDO_CLIMATOLOGIA,30,10,0.16674062551220442,OK_ANALOGOS_CONTINUIDAD_CORREGIDA,-0.01948059108046074,0.01948059108046074,0.0,CORREGIDO_ANCLA_OBSERVADO
2026-10-10,PUERTO ALEGRIA,1044.0,2026-10-08,2026-10-26,60,18,10.082527081442851,10.02330924051343,10.082527081442851,9.69,10.260180604231113,9.04501240182285,11.12004176106285,HIBRIDO_ANALOGO_CLIM,ANALOGO_DTW_HIBRIDO_CLIMATOLOGIA,30,10,0.16674062551220442,OK_ANALOGOS_CONTINUIDAD_CORREGIDA,-0.01948059108046074,0.01948059108046074,0.0,CORREGIDO_ANCLA_OBSERVADO
2026-10-10,PUERTO ALEGRIA,1044.0,2026-10-08,2026-10-27,60,19,10.13260538244741,10.080538525406599,10.13260538244741,9.69,10.288805953569845,9.08792118762741,11.177289577267409,HIBRIDO_ANALOGO_CLIM,ANALOGO_DTW_HIBRIDO_CLIMATOLOGIA,30,10,0.16674062551220442,OK_ANALOGOS_CONTINUIDAD_CORREGIDA,-0.01948059108046074,0.01948059108046074,0.0,CORREGIDO_ANCLA_OBSERVADO
2026-10-10,PUERTO ALEGRIA,1044.0,2026-10-08,2026-10-28,60,20,10.17094673596407,10.12347352946654,10.17094673596407,9.69,10.313366355456656,9.10937786434407,11.232515607584071,HIBRIDO_ANALOGO_CLIM,ANALOGO_DTW_HIBRIDO_CLIMATOLOGIA,30,10,0.16674062551220442,OK_ANALOGOS_CONTINUIDAD_CORREGIDA,-0.01948059108046074,0.01948059108046074,0.0,CORREGIDO_ANCLA_OBSERVADO
2026-10-10,PUERTO ALEGRIA,1044.0,2026-10-08,2026-10-29,60,21,10.2026540338387,10.156370643945285,10.2026540338387,9.69,10.341504203518944,9.0517975055187,11.353510562158702,HIBRIDO_ANALOGO_CLIM,ANALOGO_DTW_HIBRIDO_CLIMATOLOGIA,30,10,0.16674062551220442,OK_ANALOGOS_CONTINUIDAD_CORREGIDA,-0.01948059108046074,0.01948059108046074,0.0,CORREGIDO_ANCLA_OBSERVADO
2026-10-10,PUERTO ALEGRIA,1044.0,2026-10-08,2026-10-30,60,22,10.220166093036196,10.169150330568625,10.220166093036196,9.69,10.373213380438907,8.990169647036197,11.450162539036196,HIBRIDO_ANALOGO_CLIM,ANALOGO_DTW_HIBRIDO_CLIMATOLOGIA,30,10,0.16674062551220442,OK_ANALOGOS_CONTINUIDAD_CORREGIDA,-0.01948059108046074,0.01948059108046074,0.0,CORREGIDO_ANCLA_OBSERVADO
2026-10-10,PUERTO ALEGRIA,1044.0,2026-10-08,2026-10-31,60,23,10.231837633229562,10.17308670164761,10.231837633229562,9.69,10.408090427975415,8.958974715309562,11.504700551149561,HIBRIDO_ANALOGO_CLIM,ANALOGO_DTW_HIBRIDO_CLIMATOLOGIA,30,10,0.16674062551220442,OK_ANALOGOS_CONTINUIDAD_CORREGIDA,-0.01948059108046074,0.01948059108046074,0.0,CORREGIDO_ANCLA_OBSERVADO
2026-10-10,PUERTO ALEGRIA,1044.0,2026-10-08,2026-11-01,60,24,10.327021358509569,10.180416365293063,10.327021358509569,9.69,10.766836338159091,9.040577066989568,11.61346565002957,HIBRIDO_ANALOGO_CLIM,ANALOGO_DTW_HIBRIDO_CLIMATOLOGIA,30,10,0.16674062551220442,OK_ANALOGOS_CONTINUIDAD_CORREGIDA,-0.01948059108046074,0.01948059108046074,0.0,CORREGIDO_ANCLA_OBSERVADO
2026-10-10,PUERTO ALEGRIA,1044.0,2026-10-08,2026-11-02,60,25,10.36860191180651,10.19656822362856,10.36860191180651,9.69,10.88470297634036,9.09711951780651,11.640084305806509,HIBRIDO_ANALOGO_CLIM,ANALOGO_DTW_HIBRIDO_CLIMATOLOGIA,30,10,0.16674062551220442,OK_ANALOGOS_CONTINUIDAD_CORREGIDA,-0.01948059108046074,0.01948059108046074,0.0,CORREGIDO_ANCLA_OBSERVADO
2026-10-10,PUERTO ALEGRIA,1044.0,2026-10-08,2026-11-03,60,26,10.406935793731414,10.23535558487214,10.406935793731414,9.69,10.921676420309232,9.154344942911413,11.659526644551415,HIBRIDO_ANALOGO_CLIM,ANALOGO_DTW_HIBRIDO_CLIMATOLOGIA,30,10,0.16674062551220442,OK_ANALOGOS_CONTINUIDAD_CORREGIDA,-0.01948059108046074,0.01948059108046074,0.0,CORREGIDO_ANCLA_OBSERVADO
2026-10-10,PUERTO ALEGRIA,1044.0,2026-10-08,2026-11-04,60,27,10.468681393386264,10.307355754053937,10.468681393386264,9.69,10.952658311383244,9.224385889066264,11.712976897706266,HIBRIDO_ANALOGO_CLIM,ANALOGO_DTW_HIBRIDO_CLIMATOLOGIA,30,10,0.16674062551220442,OK_ANALOGOS_CONTINUIDAD_CORREGIDA,-0.01948059108046074,0.01948059108046074,0.0,CORREGIDO_ANCLA_OBSERVADO
2026-10-10,PUERTO ALEGRIA,1044.0,2026-10-08,2026-11-05,60,28,10.53821380200793,10.39062145967372,10.53821380200793,9.69,10.980990829010553,9.26793565150793,11.808491952507929,HIBRIDO_ANALOGO_CLIM,ANALOGO_DTW_HIBRIDO_CLIMATOLOGIA,30,10,0.16674062551220442,OK_ANALOGOS_CONTINUIDAD_CORREGIDA,-0.01948059108046074,0.01948059108046074,0.0,CORREGIDO_ANCLA_OBSERVADO
2026-10-10,PUERTO ALEGRIA,1044.0,2026-10-08,2026-11-06,60,29,10.612163797488355,10.47534907250486,10.612163797488355,9.69,11.02260797243884,9.351504403468356,11.872823191508354,HIBRIDO_ANALOGO_CLIM,ANALOGO_DTW_HIBRIDO_CLIMATOLOGIA,30,10,0.16674062551220442,OK_ANALOGOS_CONTINUIDAD_CORREGIDA,-0.01948059108046074,0.01948059108046074,0.0,CORREGIDO_ANCLA_OBSERVADO
2026-10-10,PUERTO ALEGRIA,1044.0,2026-10-08,2026-11-07,60,30,10.700392868892221,10.577821475890696,10.700392868892221,9.69,11.068107047896797,9.325052862392223,12.075732875392221,HIBRIDO_ANALOGO_CLIM,ANALOGO_DTW_HIBRIDO_CLIMATOLOGIA,30,10,0.16674062551220442,OK_ANALOGOS_CONTINUIDAD_CORREGIDA,-0.01948059108046074,0.01948059108046074,0.0,CORREGIDO_ANCLA_OBSERVADO
2026-10-10,PUERTO ALEGRIA,1044.0,2026-10-08,2026-11-08,60,31,10.80954234187443,10.700959107367298,10.80954234187443,9.69,11.121281305459421,9.207570366354428,12.41151431739443,HIBRIDO_ANALOGO_CLIM,ANALOGO_DTW_HIBRIDO_CLIMATOLOGIA,30,10,0.16674062551220442,OK_ANALOGOS_CONTINUIDAD_CORREGIDA,-0.01948059108046074,0.01948059108046074,0.0,CORREGIDO_ANCLA_OBSERVADO
2026-10-10,PUERTO ALEGRIA,1044.0,2026-10-08,2026-11-09,60,32,10.914698044758635,10.81829960159356,10.914698044758635,9.69,11.179793763462591,9.126809918038637,12.702586171478634,HIBRIDO_ANALOGO_CLIM,ANALOGO_DTW_HIBRIDO_CLIMATOLOGIA,30,10,0.16674062551220442,OK_ANALOGOS_CONTINUIDAD_CORREGIDA,-0.01948059108046074,0.01948059108046074,0.0,CORREGIDO_ANCLA_OBSERVADO
2026-10-10,PUERTO ALEGRIA,1044.0,2026-10-08,2026-11-10,60,33,11.014507978957253,10.931127262051133,11.014507978957253,9.69,11.234329868982481,9.123439616957254,12.905576340957253,HIBRIDO_ANALOGO_CLIM,ANALOGO_DTW_HIBRIDO_CLIMATOLOGIA,30,10,0.16674062551220442,OK_ANALOGOS_CONTINUIDAD_CORREGIDA,-0.01948059108046074,0.01948059108046074,0.0,CORREGIDO_ANCLA_OBSERVADO
2026-10-10,PUERTO ALEGRIA,1044.0,2026-10-08,2026-11-11,60,34,11.109905378248007,11.039794939994275,11.109905378248007,9.69,11.287243545595683,9.167456357528007,13.052354398968006,HIBRIDO_ANALOGO_CLIM,ANALOGO_DTW_HIBRIDO_CLIMATOLOGIA,30,10,0.16674062551220442,OK_ANALOGOS_CONTINUIDAD_CORREGIDA,-0.01948059108046074,0.01948059108046074,0.0,CORREGIDO_ANCLA_OBSERVADO
2026-10-10,PUERTO ALEGRIA,1044.0,2026-10-08,2026-11-12,60,35,11.22069300940835,11.171941415807876,11.22069300940835,9.69,11.339089736723789,9.26695726018835,13.17442875862835,HIBRIDO_ANALOGO_CLIM,ANALOGO_DTW_HIBRIDO_CLIMATOLOGIA,30,10,0.16674062551220442,OK_ANALOGOS_CONTINUIDAD_CORREGIDA,-0.01948059108046074,0.01948059108046074,0.0,CORREGIDO_ANCLA_OBSERVADO
2026-10-10,PUERTO ALEGRIA,1044.0,2026-10-08,2026-11-13,60,36,11.345744290823886,11.3248118857078,11.345744290823886,9.69,11.394586569428087,9.399567128323886,13.291921453323885,HIBRIDO_ANALOGO_CLIM,ANALOGO_DTW_HIBRIDO_CLIMATOLOGIA,30,10,0.16674062551220442,OK_ANALOGOS_CONTINUIDAD_CORREGIDA,-0.01948059108046074,0.01948059108046074,0.0,CORREGIDO_ANCLA_OBSERVADO
2026-10-10,PUERTO ALEGRIA,1044.0,2026-10-08,2026-11-14,60,37,11.430614648162704,11.42038663236069,11.430614648162704,9.69,11.453558575502358,9.544562479742705,13.316666816582705,HIBRIDO_ANALOGO_CLIM,ANALOGO_DTW_HIBRIDO_CLIMATOLOGIA,30,10,0.16674062551220442,OK_ANALOGOS_CONTINUIDAD_CORREGIDA,-0.01948059108046074,0.01948059108046074,0.0,CORREGIDO_ANCLA_OBSERVADO
2026-10-10,PUERTO ALEGRIA,1044.0,2026-10-08,2026-11-15,60,38,11.517850959532941,11.519751538079966,11.517850959532941,9.69,11.513749711089364,9.634084335912942,13.401617583152941,HIBRIDO_ANALOGO_CLIM,ANALOGO_DTW_HIBRIDO_CLIMATOLOGIA,30,10,0.16674062551220442,OK_ANALOGOS_CONTINUIDAD_CORREGIDA,-0.01948059108046074,0.01948059108046074,0.0,CORREGIDO_ANCLA_OBSERVADO
2026-10-10,PUERTO ALEGRIA,1044.0,2026-10-08,2026-11-16,60,39,11.576303393895964,11.57807212335801,11.576303393895964,9.69,11.572629878859404,9.629364321895965,13.523242465895963,HIBRIDO_ANALOGO_CLIM,ANALOGO_DTW_HIBRIDO_CLIMATOLOGIA,30,10,0.16674062551220442,OK_ANALOGOS_CONTINUIDAD_CORREGIDA,-0.01948059108046074,0.01948059108046074,0.0,CORREGIDO_ANCLA_OBSERVADO
2026-10-10,PUERTO ALEGRIA,1044.0,2026-10-08,2026-11-17,60,40,11.62401407659029,11.621447716000914,11.62401407659029,9.69,11.62914679776904,9.612351033470292,13.635677119710289,HIBRIDO_ANALOGO_CLIM,ANALOGO_DTW_HIBRIDO_CLIMATOLOGIA,30,10,0.16674062551220442,OK_ANALOGOS_CONTINUIDAD_CORREGIDA,-0.01948059108046074,0.01948059108046074,0.0,CORREGIDO_ANCLA_OBSERVADO
2026-10-10,PUERTO ALEGRIA,1044.0,2026-10-08,2026-11-18,60,41,11.678430679685988,11.68049858133729,11.678430679685988,9.69,11.674446186260308,9.583003825365989,13.773857534005986,HIBRIDO_ANALOGO_CLIM,ANALOGO_DTW_HIBRIDO_CLIMATOLOGIA,30,10,0.16674062551220442,OK_ANALOGOS_CONTINUIDAD_CORREGIDA,-0.01948059108046074,0.01948059108046074,0.0,CORREGIDO_ANCLA_OBSERVADO
2026-10-10,PUERTO ALEGRIA,1044.0,2026-10-08,2026-11-19,60,42,11.732048590799684,11.742966489454641,11.732048590799684,9.69,11.711772493297623,9.555698730799682,13.908398450799684,HIBRIDO_ANALOGO_CLIM,ANALOGO_DTW_HIBRIDO_CLIMATOLOGIA,30,10,0.16674062551220442,OK_ANALOGOS_CONTINUIDAD_CORREGIDA,-0.01948059108046074,0.01948059108046074,0.0,CORREGIDO_ANCLA_OBSERVADO
2026-10-10,PUERTO ALEGRIA,1044.0,2026-10-08,2026-11-20,60,43,11.782851374819879,11.807129513989022,11.782851374819879,9.69,11.739376567470483,9.538377668819878,14.027325080819878,HIBRIDO_ANALOGO_CLIM,ANALOGO_DTW_HIBRIDO_CLIMATOLOGIA,30,10,0.16674062551220442,OK_ANALOGOS_CONTINUIDAD_CORREGIDA,-0.01948059108046074,0.01948059108046074,0.0,CORREGIDO_ANCLA_OBSERVADO
2026-10-10,PUERTO ALEGRIA,1044.0,2026-10-08,2026-11-21,60,44,11.824657128802803,11.860892012748508,11.824657128802803,9.69,11.762069601987493,9.564753934302805,14.084560323302803,HIBRIDO_ANALOGO_CLIM,ANALOGO_DTW_HIBRIDO_CLIMATOLOGIA,30,10,0.16674062551220442,OK_ANALOGOS_CONTINUIDAD_CORREGIDA,-0.01948059108046074,0.01948059108046074,0.0,CORREGIDO_ANCLA_OBSERVADO
2026-10-10,PUERTO ALEGRIA,1044.0,2026-10-08,2026-11-22,60,45,11.85755902520997,11.901242434556154,11.85755902520997,9.69,11.784753342966328,9.625299818709971,14.089818231709968,HIBRIDO_ANALOGO_CLIM,ANALOGO_DTW_HIBRIDO_CLIMATOLOGIA,30,10,0.16674062551220442,OK_ANALOGOS_CONTINUIDAD_CORREGIDA,-0.01948059108046074,0.01948059108046074,0.0,CORREGIDO_ANCLA_OBSERVADO
2026-10-10,PUERTO ALEGRIA,1044.0,2026-10-08,2026-11-23,60,46,11.902120770520073,11.95126512416641,11.902120770520073,9.69,11.823062462480314,9.698436447700072,14.105805093340072,HIBRIDO_ANALOGO_CLIM,ANALOGO_DTW_HIBRIDO_CLIMATOLOGIA,30,10,0.16674062551220442,OK_ANALOGOS_CONTINUIDAD_CORREGIDA,-0.01948059108046074,0.01948059108046074,0.0,CORREGIDO_ANCLA_OBSERVADO
2026-10-10,PUERTO ALEGRIA,1044.0,2026-10-08,2026-11-24,60,47,11.94440237444662,12.008984875286535,11.94440237444662,9.69,11.844093383780368,9.76343578344662,14.125368965446619,HIBRIDO_ANALOGO_CLIM,ANALOGO_DTW_HIBRIDO_CLIMATOLOGIA,30,10,0.16674062551220442,OK_ANALOGOS_CONTINUIDAD_CORREGIDA,-0.01948059108046074,0.01948059108046074,0.0,CORREGIDO_ANCLA_OBSERVADO
2026-10-10,PUERTO ALEGRIA,1044.0,2026-10-08,2026-11-25,60,48,11.986349841006298,12.060783418477877,11.986349841006298,9.69,11.87469947479893,9.781457094986298,14.191242587026299,HIBRIDO_ANALOGO_CLIM,ANALOGO_DTW_HIBRIDO_CLIMATOLOGIA,30,10,0.16674062551220442,OK_ANALOGOS_CONTINUIDAD_CORREGIDA,-0.01948059108046074,0.01948059108046074,0.0,CORREGIDO_ANCLA_OBSERVADO
2026-10-10,PUERTO ALEGRIA,1044.0,2026-10-08,2026-11-26,60,49,12.038583050150988,12.129360000351525,12.038583050150988,9.69,11.90704910190123,9.674540234530987,14.402625865770988,HIBRIDO_ANALOGO_CLIM,ANALOGO_DTW_HIBRIDO_CLIMATOLOGIA,30,10,0.16674062551220442,OK_ANALOGOS_CONTINUIDAD_CORREGIDA,-0.01948059108046074,0.01948059108046074,0.0,CORREGIDO_ANCLA_OBSERVADO
2026-10-10,PUERTO ALEGRIA,1044.0,2026-10-08,2026-11-27,60,50,12.117460783736652,12.237867490159179,12.117460783736652,9.69,11.948891394745115,9.61713046923665,14.617791098236651,HIBRIDO_ANALOGO_CLIM,ANALOGO_DTW_HIBRIDO_CLIMATOLOGIA,30,10,0.16674062551220442,OK_ANALOGOS_CONTINUIDAD_CORREGIDA,-0.01948059108046074,0.01948059108046074,0.0,CORREGIDO_ANCLA_OBSERVADO
2026-10-10,PUERTO ALEGRIA,1044.0,2026-10-08,2026-11-28,60,51,12.209599653855111,12.373400181430432,12.209599653855111,9.69,11.987987175370854,9.61306205535511,14.80613725235511,HIBRIDO_ANALOGO_CLIM,ANALOGO_DTW_HIBRIDO_CLIMATOLOGIA,30,10,0.16674062551220442,OK_ANALOGOS_CONTINUIDAD_CORREGIDA,-0.01948059108046074,0.01948059108046074,0.0,CORREGIDO_ANCLA_OBSERVADO
2026-10-10,PUERTO ALEGRIA,1044.0,2026-10-08,2026-11-29,60,52,12.314415028710986,12.533064268904658,12.314415028710986,9.69,12.028489099226952,9.482785916710986,15.146044140710986,HIBRIDO_ANALOGO_CLIM,ANALOGO_DTW_HIBRIDO_CLIMATOLOGIA,30,10,0.16674062551220442,OK_ANALOGOS_CONTINUIDAD_CORREGIDA,-0.01948059108046074,0.01948059108046074,0.0,CORREGIDO_ANCLA_OBSERVADO
2026-10-10,PUERTO ALEGRIA,1044.0,2026-10-08,2026-11-30,60,53,12.39241197381302,12.656493071183494,12.39241197381302,9.69,12.058573605439024,9.36930653949302,15.415517408133022,HIBRIDO_ANALOGO_CLIM,ANALOGO_DTW_HIBRIDO_CLIMATOLOGIA,30,10,0.16674062551220442,OK_ANALOGOS_CONTINUIDAD_CORREGIDA,-0.01948059108046074,0.01948059108046074,0.0,CORREGIDO_ANCLA_OBSERVADO
2026-10-10,PUERTO ALEGRIA,1044.0,2026-10-08,2026-12-01,60,54,12.610428685097107,12.751028599093335,12.610428685097107,9.69,12.438584345768383,9.412964767577108,15.807892602617105,HIBRIDO_ANALOGO_CLIM,ANALOGO_DTW_HIBRIDO_CLIMATOLOGIA,30,10,0.16674062551220442,OK_ANALOGOS_CONTINUIDAD_CORREGIDA,-0.01948059108046074,0.01948059108046074,0.0,CORREGIDO_ANCLA_OBSERVADO
2026-10-10,PUERTO ALEGRIA,1044.0,2026-10-08,2026-12-02,60,55,12.706056464355006,12.82506037367774,12.706056464355006,9.69,12.565415480609957,9.386573943135007,16.025538985575004,HIBRIDO_ANALOGO_CLIM,ANALOGO_DTW_HIBRIDO_CLIMATOLOGIA,30,10,0.16674062551220442,OK_ANALOGOS_CONTINUIDAD_CORREGIDA,-0.01948059108046074,0.01948059108046074,0.0,CORREGIDO_ANCLA_OBSERVADO
2026-10-10,PUERTO ALEGRIA,1044.0,2026-10-08,2026-12-03,60,56,12.787841119251732,12.946934189927841,12.787841119251732,9.69,12.606020467050465,9.247616579631732,16.32806565887173,HIBRIDO_ANALOGO_CLIM,ANALOGO_DTW_HIBRIDO_CLIMATOLOGIA,30,10,0.16674062551220442,OK_ANALOGOS_CONTINUIDAD_CORREGIDA,-0.01948059108046074,0.01948059108046074,0.0,CORREGIDO_ANCLA_OBSERVADO
2026-10-10,PUERTO ALEGRIA,1044.0,2026-10-08,2026-12-04,60,57,12.83264506056214,12.998918719132469,12.83264506056214,9.69,12.648868911615986,9.405060862642141,16.260229258482134,HIBRIDO_ANALOGO_CLIM,ANALOGO_DTW_HIBRIDO_CLIMATOLOGIA,30,10,0.16674062551220442,OK_ANALOGOS_CONTINUIDAD_CORREGIDA,-0.01948059108046074,0.01948059108046074,0.0,CORREGIDO_ANCLA_OBSERVADO
2026-10-10,PUERTO ALEGRIA,1044.0,2026-10-08,2026-12-05,60,58,12.898116676960372,13.092563916922233,12.898116676960372,9.69,12.690259282518381,9.556868098640372,16.239365255280376,HIBRIDO_ANALOGO_CLIM,ANALOGO_DTW_HIBRIDO_CLIMATOLOGIA,30,10,0.16674062551220442,OK_ANALOGOS_CONTINUIDAD_CORREGIDA,-0.01948059108046074,0.01948059108046074,0.0,CORREGIDO_ANCLA_OBSERVADO
2026-10-10,PUERTO ALEGRIA,1044.0,2026-10-08,2026-12-06,60,59,12.962492583487101,13.187841604767803,12.962492583487101,9.69,12.729504612332478,9.616895555487103,16.308089611487098,HIBRIDO_ANALOGO_CLIM,ANALOGO_DTW_HIBRIDO_CLIMATOLOGIA,30,10,0.16674062551220442,OK_ANALOGOS_CONTINUIDAD_CORREGIDA,-0.01948059108046074,0.01948059108046074,0.0,CORREGIDO_ANCLA_OBSERVADO
2026-10-10,PUERTO ALEGRIA,1044.0,2026-10-08,2026-12-07,60,60,13.020989129583578,13.270740104267611,13.020989129583578,9.69,12.771238154899542,9.632831878703577,16.409146380463575,HIBRIDO_ANALOGO_CLIM,ANALOGO_DTW_HIBRIDO_CLIMATOLOGIA,30,10,0.16674062551220442,OK_ANALOGOS_CONTINUIDAD_CORREGIDA,-0.01948059108046074,0.01948059108046074,0.0,CORREGIDO_ANCLA_OBSERVADO
2026-10-10,PUERTO ALEGRIA,1044.0,2026-10-08,2026-10-09,90,1,9.69,9.66774897997202,9.69,9.69,9.756753060083941,9.591077276,9.788922724,HIBRIDO_ANALOGO_CLIM,ANALOGO_DTW_HIBRIDO_CLIMATOLOGIA,30,10,0.16674062551220442,OK_ANALOGOS_CONTINUIDAD_CORREGIDA,-0.01948059108046074,0.01948059108046074,0.0,CORREGIDO_ANCLA_OBSERVADO
2026-10-10,PUERTO ALEGRIA,1044.0,2026-10-08,2026-10-10,90,2,9.67425995426836,9.643035095183736,9.67425995426836,9.69,9.767934531522233,9.49664983564336,9.851870072893359,HIBRIDO_ANALOGO_CLIM,ANALOGO_DTW_HIBRIDO_CLIMATOLOGIA,30,10,0.16674062551220442,OK_ANALOGOS_CONTINUIDAD_CORREGIDA,-0.01948059108046074,0.01948059108046074,0.0,CORREGIDO_ANCLA_OBSERVADO
2026-10-10,PUERTO ALEGRIA,1044.0,2026-10-08,2026-10-11,90,3,9.66668273227074,9.629111720992496,9.66668273227074,9.69,9.77939576610547,9.37816907227074,9.95519639227074,HIBRIDO_ANALOGO_CLIM,ANALOGO_DTW_HIBRIDO_CLIMATOLOGIA,30,10,0.16674062551220442,OK_ANALOGOS_CONTINUIDAD_CORREGIDA,-0.01948059108046074,0.01948059108046074,0.0,CORREGIDO_ANCLA_OBSERVADO
2026-10-10,PUERTO ALEGRIA,1044.0,2026-10-08,2026-10-12,90,4,9.670829123453382,9.632342324413463,9.670829123453382,9.69,9.786289520573142,9.281791127453383,10.059867119453381,HIBRIDO_ANALOGO_CLIM,ANALOGO_DTW_HIBRIDO_CLIMATOLOGIA,30,10,0.16674062551220442,OK_ANALOGOS_CONTINUIDAD_CORREGIDA,-0.01948059108046074,0.01948059108046074,0.0,CORREGIDO_ANCLA_OBSERVADO
2026-10-10,PUERTO ALEGRIA,1044.0,2026-10-08,2026-10-13,90,5,9.687843759967281,9.648965279949492,9.687843759967281,9.69,9.804479200020651,9.231033319967281,10.144654199967281,HIBRIDO_ANALOGO_CLIM,ANALOGO_DTW_HIBRIDO_CLIMATOLOGIA,30,10,0.16674062551220442,OK_ANALOGOS_CONTINUIDAD_CORREGIDA,-0.01948059108046074,0.01948059108046074,0.0,CORREGIDO_ANCLA_OBSERVADO
2026-10-10,PUERTO ALEGRIA,1044.0,2026-10-08,2026-10-14,90,6,9.709080948056043,9.670330111179437,9.709080948056043,9.69,9.825333458685863,9.195102348056043,10.223059548056042,HIBRIDO_ANALOGO_CLIM,ANALOGO_DTW_HIBRIDO_CLIMATOLOGIA,30,10,0.16674062551220442,OK_ANALOGOS_CONTINUIDAD_CORREGIDA,-0.01948059108046074,0.01948059108046074,0.0,CORREGIDO_ANCLA_OBSERVADO
2026-10-10,PUERTO ALEGRIA,1044.0,2026-10-08,2026-10-15,90,7,9.734508695385786,9.692819587764848,9.734508695385786,9.69,9.859576018248596,9.098526415385786,10.370490975385785,HIBRIDO_ANALOGO_CLIM,ANALOGO_DTW_HIBRIDO_CLIMATOLOGIA,30,10,0.16674062551220442,OK_ANALOGOS_CONTINUIDAD_CORREGIDA,-0.01948059108046074,0.01948059108046074,0.0,CORREGIDO_ANCLA_OBSERVADO
2026-10-10,PUERTO ALEGRIA,1044.0,2026-10-08,2026-10-16,90,8,9.760646828522827,9.713435088447422,9.760646828522827,9.69,9.902282048749036,9.020334680522827,10.500958976522826,HIBRIDO_ANALOGO_CLIM,ANALOGO_DTW_HIBRIDO_CLIMATOLOGIA,30,10,0.16674062551220442,OK_ANALOGOS_CONTINUIDAD_CORREGIDA,-0.01948059108046074,0.01948059108046074,0.0,CORREGIDO_ANCLA_OBSERVADO
2026-10-10,PUERTO ALEGRIA,1044.0,2026-10-08,2026-10-17,90,9,9.790853471391976,9.737962242783262,9.790853471391976,9.69,9.949527157218121,9.049852523391976,10.531854419391976,HIBRIDO_ANALOGO_CLIM,ANALOGO_DTW_HIBRIDO_CLIMATOLOGIA,30,10,0.16674062551220442,OK_ANALOGOS_CONTINUIDAD_CORREGIDA,-0.01948059108046074,0.01948059108046074,0.0,CORREGIDO_ANCLA_OBSERVADO
2026-10-10,PUERTO ALEGRIA,1044.0,2026-10-08,2026-10-18,90,10,9.81865346507454,9.758005212942994,9.81865346507454,9.69,10.000598221469176,9.03518842907454,10.60211850107454,HIBRIDO_ANALOGO_CLIM,ANALOGO_DTW_HIBRIDO_CLIMATOLOGIA,30,10,0.16674062551220442,OK_ANALOGOS_CONTINUIDAD_CORREGIDA,-0.01948059108046074,0.01948059108046074,0.0,CORREGIDO_ANCLA_OBSERVADO
2026-10-10,PUERTO ALEGRIA,1044.0,2026-10-08,2026-10-19,90,11,9.837551400407941,9.768674839348092,9.837551400407941,9.69,10.044181083587485,9.02672110878294,10.64838169203294,HIBRIDO_ANALOGO_CLIM,ANALOGO_DTW_HIBRIDO_CLIMATOLOGIA,30,10,0.16674062551220442,OK_ANALOGOS_CONTINUIDAD_CORREGIDA,-0.01948059108046074,0.01948059108046074,0.0,CORREGIDO_ANCLA_OBSERVADO
2026-10-10,PUERTO ALEGRIA,1044.0,2026-10-08,2026-10-20,90,12,9.843859236106228,9.766915297889996,9.843859236106228,9.69,10.074691050754923,9.053265056106229,10.634453416106227,HIBRIDO_ANALOGO_CLIM,ANALOGO_DTW_HIBRIDO_CLIMATOLOGIA,30,10,0.16674062551220442,OK_ANALOGOS_CONTINUIDAD_CORREGIDA,-0.01948059108046074,0.01948059108046074,0.0,CORREGIDO_ANCLA_OBSERVADO
2026-10-10,PUERTO ALEGRIA,1044.0,2026-10-08,2026-10-21,90,13,9.842316189314275,9.757262072918024,9.842316189314275,9.69,10.097478538503026,9.009039609314275,10.675592769314274,HIBRIDO_ANALOGO_CLIM,ANALOGO_DTW_HIBRIDO_CLIMATOLOGIA,30,10,0.16674062551220442,OK_ANALOGOS_CONTINUIDAD_CORREGIDA,-0.01948059108046074,0.01948059108046074,0.0,CORREGIDO_ANCLA_OBSERVADO
2026-10-10,PUERTO ALEGRIA,1044.0,2026-10-08,2026-10-22,90,14,9.850671754309266,9.757850973884064,9.850671754309266,9.69,10.129134095584865,9.017995800129265,10.683347708489265,HIBRIDO_ANALOGO_CLIM,ANALOGO_DTW_HIBRIDO_CLIMATOLOGIA,30,10,0.16674062551220442,OK_ANALOGOS_CONTINUIDAD_CORREGIDA,-0.01948059108046074,0.01948059108046074,0.0,CORREGIDO_ANCLA_OBSERVADO
2026-10-10,PUERTO ALEGRIA,1044.0,2026-10-08,2026-10-23,90,15,9.890896785160262,9.801688455860502,9.890896785160262,9.69,10.158521773059544,8.998050867780263,10.78374270254026,HIBRIDO_ANALOGO_CLIM,ANALOGO_DTW_HIBRIDO_CLIMATOLOGIA,30,10,0.16674062551220442,OK_ANALOGOS_CONTINUIDAD_CORREGIDA,-0.01948059108046074,0.01948059108046074,0.0,CORREGIDO_ANCLA_OBSERVADO
2026-10-10,PUERTO ALEGRIA,1044.0,2026-10-08,2026-10-24,90,16,9.944662651028446,9.862804847434168,9.944662651028446,9.69,10.190236061811278,8.986451441348446,10.902873860708446,HIBRIDO_ANALOGO_CLIM,ANALOGO_DTW_HIBRIDO_CLIMATOLOGIA,30,10,0.16674062551220442,OK_ANALOGOS_CONTINUIDAD_CORREGIDA,-0.01948059108046074,0.01948059108046074,0.0,CORREGIDO_ANCLA_OBSERVADO
2026-10-10,PUERTO ALEGRIA,1044.0,2026-10-08,2026-10-25,90,17,10.011541141814542,9.940528141804975,10.011541141814542,9.69,10.22458014184324,8.99470628219454,11.028376001434541,HIBRIDO_ANALOGO_CLIM,ANALOGO_DTW_HIBRIDO_CLIMATOLOGIA,30,10,0.16674062551220442,OK_ANALOGOS_CONTINUIDAD_CORREGIDA,-0.01948059108046074,0.01948059108046074,0.0,CORREGIDO_ANCLA_OBSERVADO
2026-10-10,PUERTO ALEGRIA,1044.0,2026-10-08,2026-10-26,90,18,10.082527081442851,10.02330924051343,10.082527081442851,9.69,10.260180604231113,9.04501240182285,11.12004176106285,HIBRIDO_ANALOGO_CLIM,ANALOGO_DTW_HIBRIDO_CLIMATOLOGIA,30,10,0.16674062551220442,OK_ANALOGOS_CONTINUIDAD_CORREGIDA,-0.01948059108046074,0.01948059108046074,0.0,CORREGIDO_ANCLA_OBSERVADO
2026-10-10,PUERTO ALEGRIA,1044.0,2026-10-08,2026-10-27,90,19,10.13260538244741,10.080538525406599,10.13260538244741,9.69,10.288805953569845,9.08792118762741,11.177289577267409,HIBRIDO_ANALOGO_CLIM,ANALOGO_DTW_HIBRIDO_CLIMATOLOGIA,30,10,0.16674062551220442,OK_ANALOGOS_CONTINUIDAD_CORREGIDA,-0.01948059108046074,0.01948059108046074,0.0,CORREGIDO_ANCLA_OBSERVADO
2026-10-10,PUERTO ALEGRIA,1044.0,2026-10-08,2026-10-28,90,20,10.17094673596407,10.12347352946654,10.17094673596407,9.69,10.313366355456656,9.10937786434407,11.232515607584071,HIBRIDO_ANALOGO_CLIM,ANALOGO_DTW_HIBRIDO_CLIMATOLOGIA,30,10,0.16674062551220442,OK_ANALOGOS_CONTINUIDAD_CORREGIDA,-0.01948059108046074,0.01948059108046074,0.0,CORREGIDO_ANCLA_OBSERVADO
2026-10-10,PUERTO ALEGRIA,1044.0,2026-10-08,2026-10-29,90,21,10.2026540338387,10.156370643945285,10.2026540338387,9.69,10.341504203518944,9.0517975055187,11.353510562158702,HIBRIDO_ANALOGO_CLIM,ANALOGO_DTW_HIBRIDO_CLIMATOLOGIA,30,10,0.16674062551220442,OK_ANALOGOS_CONTINUIDAD_CORREGIDA,-0.01948059108046074,0.01948059108046074,0.0,CORREGIDO_ANCLA_OBSERVADO
2026-10-10,PUERTO ALEGRIA,1044.0,2026-10-08,2026-10-30,90,22,10.220166093036196,10.169150330568625,10.220166093036196,9.69,10.373213380438907,8.990169647036197,11.450162539036196,HIBRIDO_ANALOGO_CLIM,ANALOGO_DTW_HIBRIDO_CLIMATOLOGIA,30,10,0.16674062551220442,OK_ANALOGOS_CONTINUIDAD_CORREGIDA,-0.01948059108046074,0.01948059108046074,0.0,CORREGIDO_ANCLA_OBSERVADO
2026-10-10,PUERTO ALEGRIA,1044.0,2026-10-08,2026-10-31,90,23,10.231837633229562,10.17308670164761,10.231837633229562,9.69,10.408090427975415,8.958974715309562,11.504700551149561,HIBRIDO_ANALOGO_CLIM,ANALOGO_DTW_HIBRIDO_CLIMATOLOGIA,30,10,0.16674062551220442,OK_ANALOGOS_CONTINUIDAD_CORREGIDA,-0.01948059108046074,0.01948059108046074,0.0,CORREGIDO_ANCLA_OBSERVADO
2026-10-10,PUERTO ALEGRIA,1044.0,2026-10-08,2026-11-01,90,24,10.327021358509569,10.180416365293063,10.327021358509569,9.69,10.766836338159091,9.040577066989568,11.61346565002957,HIBRIDO_ANALOGO_CLIM,ANALOGO_DTW_HIBRIDO_CLIMATOLOGIA,30,10,0.16674062551220442,OK_ANALOGOS_CONTINUIDAD_CORREGIDA,-0.01948059108046074,0.01948059108046074,0.0,CORREGIDO_ANCLA_OBSERVADO
2026-10-10,PUERTO ALEGRIA,1044.0,2026-10-08,2026-11-02,90,25,10.36860191180651,10.19656822362856,10.36860191180651,9.69,10.88470297634036,9.09711951780651,11.640084305806509,HIBRIDO_ANALOGO_CLIM,ANALOGO_DTW_HIBRIDO_CLIMATOLOGIA,30,10,0.16674062551220442,OK_ANALOGOS_CONTINUIDAD_CORREGIDA,-0.01948059108046074,0.01948059108046074,0.0,CORREGIDO_ANCLA_OBSERVADO
2026-10-10,PUERTO ALEGRIA,1044.0,2026-10-08,2026-11-03,90,26,10.406935793731414,10.23535558487214,10.406935793731414,9.69,10.921676420309232,9.154344942911413,11.659526644551415,HIBRIDO_ANALOGO_CLIM,ANALOGO_DTW_HIBRIDO_CLIMATOLOGIA,30,10,0.16674062551220442,OK_ANALOGOS_CONTINUIDAD_CORREGIDA,-0.01948059108046074,0.01948059108046074,0.0,CORREGIDO_ANCLA_OBSERVADO
2026-10-10,PUERTO ALEGRIA,1044.0,2026-10-08,2026-11-04,90,27,10.468681393386264,10.307355754053937,10.468681393386264,9.69,10.952658311383244,9.224385889066264,11.712976897706266,HIBRIDO_ANALOGO_CLIM,ANALOGO_DTW_HIBRIDO_CLIMATOLOGIA,30,10,0.16674062551220442,OK_ANALOGOS_CONTINUIDAD_CORREGIDA,-0.01948059108046074,0.01948059108046074,0.0,CORREGIDO_ANCLA_OBSERVADO
2026-10-10,PUERTO ALEGRIA,1044.0,2026-10-08,2026-11-05,90,28,10.53821380200793,10.39062145967372,10.53821380200793,9.69,10.980990829010553,9.26793565150793,11.808491952507929,HIBRIDO_ANALOGO_CLIM,ANALOGO_DTW_HIBRIDO_CLIMATOLOGIA,30,10,0.16674062551220442,OK_ANALOGOS_CONTINUIDAD_CORREGIDA,-0.01948059108046074,0.01948059108046074,0.0,CORREGIDO_ANCLA_OBSERVADO
2026-10-10,PUERTO ALEGRIA,1044.0,2026-10-08,2026-11-06,90,29,10.612163797488355,10.47534907250486,10.612163797488355,9.69,11.02260797243884,9.351504403468356,11.872823191508354,HIBRIDO_ANALOGO_CLIM,ANALOGO_DTW_HIBRIDO_CLIMATOLOGIA,30,10,0.16674062551220442,OK_ANALOGOS_CONTINUIDAD_CORREGIDA,-0.01948059108046074,0.01948059108046074,0.0,CORREGIDO_ANCLA_OBSERVADO
2026-10-10,PUERTO ALEGRIA,1044.0,2026-10-08,2026-11-07,90,30,10.700392868892221,10.577821475890696,10.700392868892221,9.69,11.068107047896797,9.325052862392223,12.075732875392221,HIBRIDO_ANALOGO_CLIM,ANALOGO_DTW_HIBRIDO_CLIMATOLOGIA,30,10,0.16674062551220442,OK_ANALOGOS_CONTINUIDAD_CORREGIDA,-0.01948059108046074,0.01948059108046074,0.0,CORREGIDO_ANCLA_OBSERVADO
2026-10-10,PUERTO ALEGRIA,1044.0,2026-10-08,2026-11-08,90,31,10.80954234187443,10.700959107367298,10.80954234187443,9.69,11.121281305459421,9.207570366354428,12.41151431739443,HIBRIDO_ANALOGO_CLIM,ANALOGO_DTW_HIBRIDO_CLIMATOLOGIA,30,10,0.16674062551220442,OK_ANALOGOS_CONTINUIDAD_CORREGIDA,-0.01948059108046074,0.01948059108046074,0.0,CORREGIDO_ANCLA_OBSERVADO
2026-10-10,PUERTO ALEGRIA,1044.0,2026-10-08,2026-11-09,90,32,10.914698044758635,10.81829960159356,10.914698044758635,9.69,11.179793763462591,9.126809918038637,12.702586171478634,HIBRIDO_ANALOGO_CLIM,ANALOGO_DTW_HIBRIDO_CLIMATOLOGIA,30,10,0.16674062551220442,OK_ANALOGOS_CONTINUIDAD_CORREGIDA,-0.01948059108046074,0.01948059108046074,0.0,CORREGIDO_ANCLA_OBSERVADO
2026-10-10,PUERTO ALEGRIA,1044.0,2026-10-08,2026-11-10,90,33,11.014507978957253,10.931127262051133,11.014507978957253,9.69,11.234329868982481,9.123439616957254,12.905576340957253,HIBRIDO_ANALOGO_CLIM,ANALOGO_DTW_HIBRIDO_CLIMATOLOGIA,30,10,0.16674062551220442,OK_ANALOGOS_CONTINUIDAD_CORREGIDA,-0.01948059108046074,0.01948059108046074,0.0,CORREGIDO_ANCLA_OBSERVADO
2026-10-10,PUERTO ALEGRIA,1044.0,2026-10-08,2026-11-11,90,34,11.109905378248007,11.039794939994275,11.109905378248007,9.69,11.287243545595683,9.167456357528007,13.052354398968006,HIBRIDO_ANALOGO_CLIM,ANALOGO_DTW_HIBRIDO_CLIMATOLOGIA,30,10,0.16674062551220442,OK_ANALOGOS_CONTINUIDAD_CORREGIDA,-0.01948059108046074,0.01948059108046074,0.0,CORREGIDO_ANCLA_OBSERVADO
2026-10-10,PUERTO ALEGRIA,1044.0,2026-10-08,2026-11-12,90,35,11.22069300940835,11.171941415807876,11.22069300940835,9.69,11.339089736723789,9.26695726018835,13.17442875862835,HIBRIDO_ANALOGO_CLIM,ANALOGO_DTW_HIBRIDO_CLIMATOLOGIA,30,10,0.16674062551220442,OK_ANALOGOS_CONTINUIDAD_CORREGIDA,-0.01948059108046074,0.01948059108046074,0.0,CORREGIDO_ANCLA_OBSERVADO
2026-10-10,PUERTO ALEGRIA,1044.0,2026-10-08,2026-11-13,90,36,11.345744290823886,11.3248118857078,11.345744290823886,9.69,11.394586569428087,9.399567128323886,13.291921453323885,HIBRIDO_ANALOGO_CLIM,ANALOGO_DTW_HIBRIDO_CLIMATOLOGIA,30,10,0.16674062551220442,OK_ANALOGOS_CONTINUIDAD_CORREGIDA,-0.01948059108046074,0.01948059108046074,0.0,CORREGIDO_ANCLA_OBSERVADO
2026-10-10,PUERTO ALEGRIA,1044.0,2026-10-08,2026-11-14,90,37,11.430614648162704,11.42038663236069,11.430614648162704,9.69,11.453558575502358,9.544562479742705,13.316666816582705,HIBRIDO_ANALOGO_CLIM,ANALOGO_DTW_HIBRIDO_CLIMATOLOGIA,30,10,0.16674062551220442,OK_ANALOGOS_CONTINUIDAD_CORREGIDA,-0.01948059108046074,0.01948059108046074,0.0,CORREGIDO_ANCLA_OBSERVADO
2026-10-10,PUERTO ALEGRIA,1044.0,2026-10-08,2026-11-15,90,38,11.517850959532941,11.519751538079966,11.517850959532941,9.69,11.513749711089364,9.634084335912942,13.401617583152941,HIBRIDO_ANALOGO_CLIM,ANALOGO_DTW_HIBRIDO_CLIMATOLOGIA,30,10,0.16674062551220442,OK_ANALOGOS_CONTINUIDAD_CORREGIDA,-0.01948059108046074,0.01948059108046074,0.0,CORREGIDO_ANCLA_OBSERVADO
2026-10-10,PUERTO ALEGRIA,1044.0,2026-10-08,2026-11-16,90,39,11.576303393895964,11.57807212335801,11.576303393895964,9.69,11.572629878859404,9.629364321895965,13.523242465895963,HIBRIDO_ANALOGO_CLIM,ANALOGO_DTW_HIBRIDO_CLIMATOLOGIA,30,10,0.16674062551220442,OK_ANALOGOS_CONTINUIDAD_CORREGIDA,-0.01948059108046074,0.01948059108046074,0.0,CORREGIDO_ANCLA_OBSERVADO
2026-10-10,PUERTO ALEGRIA,1044.0,2026-10-08,2026-11-17,90,40,11.62401407659029,11.621447716000914,11.62401407659029,9.69,11.62914679776904,9.612351033470292,13.635677119710289,HIBRIDO_ANALOGO_CLIM,ANALOGO_DTW_HIBRIDO_CLIMATOLOGIA,30,10,0.16674062551220442,OK_ANALOGOS_CONTINUIDAD_CORREGIDA,-0.01948059108046074,0.01948059108046074,0.0,CORREGIDO_ANCLA_OBSERVADO
2026-10-10,PUERTO ALEGRIA,1044.0,2026-10-08,2026-11-18,90,41,11.678430679685988,11.68049858133729,11.678430679685988,9.69,11.674446186260308,9.583003825365989,13.773857534005986,HIBRIDO_ANALOGO_CLIM,ANALOGO_DTW_HIBRIDO_CLIMATOLOGIA,30,10,0.16674062551220442,OK_ANALOGOS_CONTINUIDAD_CORREGIDA,-0.01948059108046074,0.01948059108046074,0.0,CORREGIDO_ANCLA_OBSERVADO
2026-10-10,PUERTO ALEGRIA,1044.0,2026-10-08,2026-11-19,90,42,11.732048590799684,11.742966489454641,11.732048590799684,9.69,11.711772493297623,9.555698730799682,13.908398450799684,HIBRIDO_ANALOGO_CLIM,ANALOGO_DTW_HIBRIDO_CLIMATOLOGIA,30,10,0.16674062551220442,OK_ANALOGOS_CONTINUIDAD_CORREGIDA,-0.01948059108046074,0.01948059108046074,0.0,CORREGIDO_ANCLA_OBSERVADO
2026-10-10,PUERTO ALEGRIA,1044.0,2026-10-08,2026-11-20,90,43,11.782851374819879,11.807129513989022,11.782851374819879,9.69,11.739376567470483,9.538377668819878,14.027325080819878,HIBRIDO_ANALOGO_CLIM,ANALOGO_DTW_HIBRIDO_CLIMATOLOGIA,30,10,0.16674062551220442,OK_ANALOGOS_CONTINUIDAD_CORREGIDA,-0.01948059108046074,0.01948059108046074,0.0,CORREGIDO_ANCLA_OBSERVADO
2026-10-10,PUERTO ALEGRIA,1044.0,2026-10-08,2026-11-21,90,44,11.824657128802803,11.860892012748508,11.824657128802803,9.69,11.762069601987493,9.564753934302805,14.084560323302803,HIBRIDO_ANALOGO_CLIM,ANALOGO_DTW_HIBRIDO_CLIMATOLOGIA,30,10,0.16674062551220442,OK_ANALOGOS_CONTINUIDAD_CORREGIDA,-0.01948059108046074,0.01948059108046074,0.0,CORREGIDO_ANCLA_OBSERVADO
2026-10-10,PUERTO ALEGRIA,1044.0,2026-10-08,2026-11-22,90,45,11.85755902520997,11.901242434556154,11.85755902520997,9.69,11.784753342966328,9.625299818709971,14.089818231709968,HIBRIDO_ANALOGO_CLIM,ANALOGO_DTW_HIBRIDO_CLIMATOLOGIA,30,10,0.16674062551220442,OK_ANALOGOS_CONTINUIDAD_CORREGIDA,-0.01948059108046074,0.01948059108046074,0.0,CORREGIDO_ANCLA_OBSERVADO
2026-10-10,PUERTO ALEGRIA,1044.0,2026-10-08,2026-11-23,90,46,11.902120770520073,11.95126512416641,11.902120770520073,9.69,11.823062462480314,9.698436447700072,14.105805093340072,HIBRIDO_ANALOGO_CLIM,ANALOGO_DTW_HIBRIDO_CLIMATOLOGIA,30,10,0.16674062551220442,OK_ANALOGOS_CONTINUIDAD_CORREGIDA,-0.01948059108046074,0.01948059108046074,0.0,CORREGIDO_ANCLA_OBSERVADO
2026-10-10,PUERTO ALEGRIA,1044.0,2026-10-08,2026-11-24,90,47,11.94440237444662,12.008984875286535,11.94440237444662,9.69,11.844093383780368,9.76343578344662,14.125368965446619,HIBRIDO_ANALOGO_CLIM,ANALOGO_DTW_HIBRIDO_CLIMATOLOGIA,30,10,0.16674062551220442,OK_ANALOGOS_CONTINUIDAD_CORREGIDA,-0.01948059108046074,0.01948059108046074,0.0,CORREGIDO_ANCLA_OBSERVADO
2026-10-10,PUERTO ALEGRIA,1044.0,2026-10-08,2026-11-25,90,48,11.986349841006298,12.060783418477877,11.986349841006298,9.69,11.87469947479893,9.781457094986298,14.191242587026299,HIBRIDO_ANALOGO_CLIM,ANALOGO_DTW_HIBRIDO_CLIMATOLOGIA,30,10,0.16674062551220442,OK_ANALOGOS_CONTINUIDAD_CORREGIDA,-0.01948059108046074,0.01948059108046074,0.0,CORREGIDO_ANCLA_OBSERVADO
2026-10-10,PUERTO ALEGRIA,1044.0,2026-10-08,2026-11-26,90,49,12.038583050150988,12.129360000351525,12.038583050150988,9.69,11.90704910190123,9.674540234530987,14.402625865770988,HIBRIDO_ANALOGO_CLIM,ANALOGO_DTW_HIBRIDO_CLIMATOLOGIA,30,10,0.16674062551220442,OK_ANALOGOS_CONTINUIDAD_CORREGIDA,-0.01948059108046074,0.01948059108046074,0.0,CORREGIDO_ANCLA_OBSERVADO
2026-10-10,PUERTO ALEGRIA,1044.0,2026-10-08,2026-11-27,90,50,12.117460783736652,12.237867490159179,12.117460783736652,9.69,11.948891394745115,9.61713046923665,14.617791098236651,HIBRIDO_ANALOGO_CLIM,ANALOGO_DTW_HIBRIDO_CLIMATOLOGIA,30,10,0.16674062551220442,OK_ANALOGOS_CONTINUIDAD_CORREGIDA,-0.01948059108046074,0.01948059108046074,0.0,CORREGIDO_ANCLA_OBSERVADO
2026-10-10,PUERTO ALEGRIA,1044.0,2026-10-08,2026-11-28,90,51,12.209599653855111,12.373400181430432,12.209599653855111,9.69,11.987987175370854,9.61306205535511,14.80613725235511,HIBRIDO_ANALOGO_CLIM,ANALOGO_DTW_HIBRIDO_CLIMATOLOGIA,30,10,0.16674062551220442,OK_ANALOGOS_CONTINUIDAD_CORREGIDA,-0.01948059108046074,0.01948059108046074,0.0,CORREGIDO_ANCLA_OBSERVADO
2026-10-10,PUERTO ALEGRIA,1044.0,2026-10-08,2026-11-29,90,52,12.314415028710986,12.533064268904658,12.314415028710986,9.69,12.028489099226952,9.482785916710986,15.146044140710986,HIBRIDO_ANALOGO_CLIM,ANALOGO_DTW_HIBRIDO_CLIMATOLOGIA,30,10,0.16674062551220442,OK_ANALOGOS_CONTINUIDAD_CORREGIDA,-0.01948059108046074,0.01948059108046074,0.0,CORREGIDO_ANCLA_OBSERVADO
2026-10-10,PUERTO ALEGRIA,1044.0,2026-10-08,2026-11-30,90,53,12.39241197381302,12.656493071183494,12.39241197381302,9.69,12.058573605439024,9.36930653949302,15.415517408133022,HIBRIDO_ANALOGO_CLIM,ANALOGO_DTW_HIBRIDO_CLIMATOLOGIA,30,10,0.16674062551220442,OK_ANALOGOS_CONTINUIDAD_CORREGIDA,-0.01948059108046074,0.01948059108046074,0.0,CORREGIDO_ANCLA_OBSERVADO
2026-10-10,PUERTO ALEGRIA,1044.0,2026-10-08,2026-12-01,90,54,12.610428685097107,12.751028599093335,12.610428685097107,9.69,12.438584345768383,9.412964767577108,15.807892602617105,HIBRIDO_ANALOGO_CLIM,ANALOGO_DTW_HIBRIDO_CLIMATOLOGIA,30,10,0.16674062551220442,OK_ANALOGOS_CONTINUIDAD_CORREGIDA,-0.01948059108046074,0.01948059108046074,0.0,CORREGIDO_ANCLA_OBSERVADO
2026-10-10,PUERTO ALEGRIA,1044.0,2026-10-08,2026-12-02,90,55,12.706056464355006,12.82506037367774,12.706056464355006,9.69,12.565415480609957,9.386573943135007,16.025538985575004,HIBRIDO_ANALOGO_CLIM,ANALOGO_DTW_HIBRIDO_CLIMATOLOGIA,30,10,0.16674062551220442,OK_ANALOGOS_CONTINUIDAD_CORREGIDA,-0.01948059108046074,0.01948059108046074,0.0,CORREGIDO_ANCLA_OBSERVADO
2026-10-10,PUERTO ALEGRIA,1044.0,2026-10-08,2026-12-03,90,56,12.787841119251732,12.946934189927841,12.787841119251732,9.69,12.606020467050465,9.247616579631732,16.32806565887173,HIBRIDO_ANALOGO_CLIM,ANALOGO_DTW_HIBRIDO_CLIMATOLOGIA,30,10,0.16674062551220442,OK_ANALOGOS_CONTINUIDAD_CORREGIDA,-0.01948059108046074,0.01948059108046074,0.0,CORREGIDO_ANCLA_OBSERVADO
2026-10-10,PUERTO ALEGRIA,1044.0,2026-10-08,2026-12-04,90,57,12.83264506056214,12.998918719132469,12.83264506056214,9.69,12.648868911615986,9.405060862642141,16.260229258482134,HIBRIDO_ANALOGO_CLIM,ANALOGO_DTW_HIBRIDO_CLIMATOLOGIA,30,10,0.16674062551220442,OK_ANALOGOS_CONTINUIDAD_CORREGIDA,-0.01948059108046074,0.01948059108046074,0.0,CORREGIDO_ANCLA_OBSERVADO
2026-10-10,PUERTO ALEGRIA,1044.0,2026-10-08,2026-12-05,90,58,12.898116676960372,13.092563916922233,12.898116676960372,9.69,12.690259282518381,9.556868098640372,16.239365255280376,HIBRIDO_ANALOGO_CLIM,ANALOGO_DTW_HIBRIDO_CLIMATOLOGIA,30,10,0.16674062551220442,OK_ANALOGOS_CONTINUIDAD_CORREGIDA,-0.01948059108046074,0.01948059108046074,0.0,CORREGIDO_ANCLA_OBSERVADO
2026-10-10,PUERTO ALEGRIA,1044.0,2026-10-08,2026-12-06,90,59,12.962492583487101,13.187841604767803,12.962492583487101,9.69,12.729504612332478,9.616895555487103,16.308089611487098,HIBRIDO_ANALOGO_CLIM,ANALOGO_DTW_HIBRIDO_CLIMATOLOGIA,30,10,0.16674062551220442,OK_ANALOGOS_CONTINUIDAD_CORREGIDA,-0.01948059108046074,0.01948059108046074,0.0,CORREGIDO_ANCLA_OBSERVADO
2026-10-10,PUERTO ALEGRIA,1044.0,2026-10-08,2026-12-07,90,60,13.020989129583578,13.270740104267611,13.020989129583578,9.69,12.771238154899542,9.632831878703577,16.409146380463575,HIBRIDO_ANALOGO_CLIM,ANALOGO_DTW_HIBRIDO_CLIMATOLOGIA,30,10,0.16674062551220442,OK_ANALOGOS_CONTINUIDAD_CORREGIDA,-0.01948059108046074,0.01948059108046074,0.0,CORREGIDO_ANCLA_OBSERVADO
2026-10-10,PUERTO ALEGRIA,1044.0,2026-10-08,2026-12-08,90,61,13.077870119246159,13.333596978828954,13.077870119246159,9.69,12.830527746862797,9.644362000366158,16.511378238126156,HIBRIDO_ANALOGO_CLIM,ANALOGO_DTW_HIBRIDO_CLIMATOLOGIA,30,10,0.16674062551220442,OK_ANALOGOS_CONTINUIDAD_CORREGIDA,-0.01948059108046074,0.01948059108046074,0.0,CORREGIDO_ANCLA_OBSERVADO
2026-10-10,PUERTO ALEGRIA,1044.0,2026-10-08,2026-12-09,90,62,13.136771527669243,13.409387971600257,13.136771527669243,9.69,12.881743241411197,9.726443105169244,16.54709995016924,HIBRIDO_ANALOGO_CLIM,ANALOGO_DTW_HIBRIDO_CLIMATOLOGIA,30,10,0.16674062551220442,OK_ANALOGOS_CONTINUIDAD_CORREGIDA,-0.01948059108046074,0.01948059108046074,0.0,CORREGIDO_ANCLA_OBSERVADO
2026-10-10,PUERTO ALEGRIA,1044.0,2026-10-08,2026-12-10,90,63,13.197751876311557,13.482493878400222,13.197751876311557,9.69,12.9401281601361,9.826482742311557,16.56902101031156,HIBRIDO_ANALOGO_CLIM,ANALOGO_DTW_HIBRIDO_CLIMATOLOGIA,30,10,0.16674062551220442,OK_ANALOGOS_CONTINUIDAD_CORREGIDA,-0.01948059108046074,0.01948059108046074,0.0,CORREGIDO_ANCLA_OBSERVADO
2026-10-10,PUERTO ALEGRIA,1044.0,2026-10-08,2026-12-11,90,64,13.265131045157117,13.57422822465976,13.265131045157117,9.69,12.994671013092304,9.905312122657119,16.624949967657116,HIBRIDO_ANALOGO_CLIM,ANALOGO_DTW_HIBRIDO_CLIMATOLOGIA,30,10,0.16674062551220442,OK_ANALOGOS_CONTINUIDAD_CORREGIDA,-0.01948059108046074,0.01948059108046074,0.0,CORREGIDO_ANCLA_OBSERVADO
2026-10-10,PUERTO ALEGRIA,1044.0,2026-10-08,2026-12-12,90,65,13.328982573192691,13.667064379656736,13.328982573192691,9.69,13.042913352338498,10.03436526719269,16.62359987919269,HIBRIDO_ANALOGO_CLIM,ANALOGO_DTW_HIBRIDO_CLIMATOLOGIA,30,10,0.16674062551220442,OK_ANALOGOS_CONTINUIDAD_CORREGIDA,-0.01948059108046074,0.01948059108046074,0.0,CORREGIDO_ANCLA_OBSERVADO
2026-10-10,PUERTO ALEGRIA,1044.0,2026-10-08,2026-12-13,90,66,13.386557560014097,13.749390875985403,13.386557560014097,9.69,13.089693937855756,10.186223391594096,16.586891728434097,HIBRIDO_ANALOGO_CLIM,ANALOGO_DTW_HIBRIDO_CLIMATOLOGIA,30,10,0.16674062551220442,OK_ANALOGOS_CONTINUIDAD_CORREGIDA,-0.01948059108046074,0.01948059108046074,0.0,CORREGIDO_ANCLA_OBSERVADO
2026-10-10,PUERTO ALEGRIA,1044.0,2026-10-08,2026-12-14,90,67,13.440578909121173,13.827908310172086,13.440578909121173,9.69,13.13418400978239,10.213075754801174,16.668082063441176,HIBRIDO_ANALOGO_CLIM,ANALOGO_DTW_HIBRIDO_CLIMATOLOGIA,30,10,0.16674062551220442,OK_ANALOGOS_CONTINUIDAD_CORREGIDA,-0.01948059108046074,0.01948059108046074,0.0,CORREGIDO_ANCLA_OBSERVADO
2026-10-10,PUERTO ALEGRIA,1044.0,2026-10-08,2026-12-15,90,68,13.49048856989892,13.905636126731176,13.49048856989892,9.69,13.17302279114484,10.314914171578922,16.666062968218917,HIBRIDO_ANALOGO_CLIM,ANALOGO_DTW_HIBRIDO_CLIMATOLOGIA,30,10,0.16674062551220442,OK_ANALOGOS_CONTINUIDAD_CORREGIDA,-0.01948059108046074,0.01948059108046074,0.0,CORREGIDO_ANCLA_OBSERVADO
2026-10-10,PUERTO ALEGRIA,1044.0,2026-10-08,2026-12-16,90,69,13.554061789136837,14.011706331639118,13.554061789136837,9.69,13.215802779461235,10.433717315916837,16.67440626235684,HIBRIDO_ANALOGO_CLIM,ANALOGO_DTW_HIBRIDO_CLIMATOLOGIA,30,10,0.16674062551220442,OK_ANALOGOS_CONTINUIDAD_CORREGIDA,-0.01948059108046074,0.01948059108046074,0.0,CORREGIDO_ANCLA_OBSERVADO
2026-10-10,PUERTO ALEGRIA,1044.0,2026-10-08,2026-12-17,90,70,13.60812434929226,14.099049431133704,13.60812434929226,9.69,13.25746357654837,10.54411028279226,16.67213841579226,HIBRIDO_ANALOGO_CLIM,ANALOGO_DTW_HIBRIDO_CLIMATOLOGIA,30,10,0.16674062551220442,OK_ANALOGOS_CONTINUIDAD_CORREGIDA,-0.01948059108046074,0.01948059108046074,0.0,CORREGIDO_ANCLA_OBSERVADO
2026-10-10,PUERTO ALEGRIA,1044.0,2026-10-08,2026-12-18,90,71,13.65405091157613,14.184106373801004,13.65405091157613,9.69,13.288237986942061,10.63027120507613,16.67783061807613,HIBRIDO_ANALOGO_CLIM,ANALOGO_DTW_HIBRIDO_CLIMATOLOGIA,30,10,0.16674062551220442,OK_ANALOGOS_CONTINUIDAD_CORREGIDA,-0.01948059108046074,0.01948059108046074,0.0,CORREGIDO_ANCLA_OBSERVADO
2026-10-10,PUERTO ALEGRIA,1044.0,2026-10-08,2026-12-19,90,72,13.699063802056157,14.259305724395144,13.699063802056157,9.69,13.325569187163497,10.643422375556156,16.754705228556155,HIBRIDO_ANALOGO_CLIM,ANALOGO_DTW_HIBRIDO_CLIMATOLOGIA,30,10,0.16674062551220442,OK_ANALOGOS_CONTINUIDAD_CORREGIDA,-0.01948059108046074,0.01948059108046074,0.0,CORREGIDO_ANCLA_OBSERVADO
2026-10-10,PUERTO ALEGRIA,1044.0,2026-10-08,2026-12-20,90,73,13.743711755024137,14.338741354272221,13.743711755024137,9.69,13.36061050619318,10.602821144524137,16.884602365524138,HIBRIDO_ANALOGO_CLIM,ANALOGO_DTW_HIBRIDO_CLIMATOLOGIA,30,10,0.16674062551220442,OK_ANALOGOS_CONTINUIDAD_CORREGIDA,-0.01948059108046074,0.01948059108046074,0.0,CORREGIDO_ANCLA_OBSERVADO
2026-10-10,PUERTO ALEGRIA,1044.0,2026-10-08,2026-12-21,90,74,13.776776641427366,14.394219855609991,13.776776641427366,9.69,13.392960589367895,10.566144890927365,16.987408391927367,HIBRIDO_ANALOGO_CLIM,ANALOGO_DTW_HIBRIDO_CLIMATOLOGIA,30,10,0.16674062551220442,OK_ANALOGOS_CONTINUIDAD_CORREGIDA,-0.01948059108046074,0.01948059108046074,0.0,CORREGIDO_ANCLA_OBSERVADO
2026-10-10,PUERTO ALEGRIA,1044.0,2026-10-08,2026-12-22,90,75,13.80367292284057,14.43872539333422,13.80367292284057,9.69,13.422641440544384,10.600675796660571,17.00667004902057,HIBRIDO_ANALOGO_CLIM,ANALOGO_DTW_HIBRIDO_CLIMATOLOGIA,30,10,0.16674062551220442,OK_ANALOGOS_CONTINUIDAD_CORREGIDA,-0.01948059108046074,0.01948059108046074,0.0,CORREGIDO_ANCLA_OBSERVADO
2026-10-10,PUERTO ALEGRIA,1044.0,2026-10-08,2026-12-23,90,76,13.836717849886563,14.491890203820102,13.836717849886563,9.69,13.457407539714517,10.644215305006561,17.02922039476656,HIBRIDO_ANALOGO_CLIM,ANALOGO_DTW_HIBRIDO_CLIMATOLOGIA,30,10,0.16674062551220442,OK_ANALOGOS_CONTINUIDAD_CORREGIDA,-0.01948059108046074,0.01948059108046074,0.0,CORREGIDO_ANCLA_OBSERVADO
2026-10-10,PUERTO ALEGRIA,1044.0,2026-10-08,2026-12-24,90,77,13.875219961508845,14.537155111728033,13.875219961508845,9.69,13.505567864633193,10.702102211008846,17.048337712008845,HIBRIDO_ANALOGO_CLIM,ANALOGO_DTW_HIBRIDO_CLIMATOLOGIA,30,10,0.16674062551220442,OK_ANALOGOS_CONTINUIDAD_CORREGIDA,-0.01948059108046074,0.01948059108046074,0.0,CORREGIDO_ANCLA_OBSERVADO
2026-10-10,PUERTO ALEGRIA,1044.0,2026-10-08,2026-12-25,90,78,13.907862789542436,14.56699851666146,13.907862789542436,9.69,13.552943551862965,10.728732905462437,17.08699267362244,HIBRIDO_ANALOGO_CLIM,ANALOGO_DTW_HIBRIDO_CLIMATOLOGIA,30,10,0.16674062551220442,OK_ANALOGOS_CONTINUIDAD_CORREGIDA,-0.01948059108046074,0.01948059108046074,0.0,CORREGIDO_ANCLA_OBSERVADO
2026-10-10,PUERTO ALEGRIA,1044.0,2026-10-08,2026-12-26,90,79,13.954566881350363,14.633166147515523,13.954566881350363,9.69,13.602382452074774,10.806979784470363,17.102153978230362,HIBRIDO_ANALOGO_CLIM,ANALOGO_DTW_HIBRIDO_CLIMATOLOGIA,30,10,0.16674062551220442,OK_ANALOGOS_CONTINUIDAD_CORREGIDA,-0.01948059108046074,0.01948059108046074,0.0,CORREGIDO_ANCLA_OBSERVADO
2026-10-10,PUERTO ALEGRIA,1044.0,2026-10-08,2026-12-27,90,80,13.990015846270223,14.667540556279734,13.990015846270223,9.69,13.651253491265466,10.879184309690222,17.100847382850226,HIBRIDO_ANALOGO_CLIM,ANALOGO_DTW_HIBRIDO_CLIMATOLOGIA,30,10,0.16674062551220442,OK_ANALOGOS_CONTINUIDAD_CORREGIDA,-0.01948059108046074,0.01948059108046074,0.0,CORREGIDO_ANCLA_OBSERVADO
2026-10-10,PUERTO ALEGRIA,1044.0,2026-10-08,2026-12-28,90,81,14.040517051701288,14.75250069097052,14.040517051701288,9.69,13.69771011427536,10.933844257221288,17.147189846181284,HIBRIDO_ANALOGO_CLIM,ANALOGO_DTW_HIBRIDO_CLIMATOLOGIA,30,10,0.16674062551220442,OK_ANALOGOS_CONTINUIDAD_CORREGIDA,-0.01948059108046074,0.01948059108046074,0.0,CORREGIDO_ANCLA_OBSERVADO
2026-10-10,PUERTO ALEGRIA,1044.0,2026-10-08,2026-12-29,90,82,14.092230100235946,14.844019200708908,14.092230100235946,9.69,13.743840029285062,10.894467365735945,17.289992834735948,HIBRIDO_ANALOGO_CLIM,ANALOGO_DTW_HIBRIDO_CLIMATOLOGIA,30,10,0.16674062551220442,OK_ANALOGOS_CONTINUIDAD_CORREGIDA,-0.01948059108046074,0.01948059108046074,0.0,CORREGIDO_ANCLA_OBSERVADO
2026-10-10,PUERTO ALEGRIA,1044.0,2026-10-08,2026-12-30,90,83,14.133084193723045,14.923565567194274,14.133084193723045,9.69,13.78070093085033,10.815196557723045,17.450971829723045,HIBRIDO_ANALOGO_CLIM,ANALOGO_DTW_HIBRIDO_CLIMATOLOGIA,30,10,0.16674062551220442,OK_ANALOGOS_CONTINUIDAD_CORREGIDA,-0.01948059108046074,0.01948059108046074,0.0,CORREGIDO_ANCLA_OBSERVADO
2026-10-10,PUERTO ALEGRIA,1044.0,2026-10-08,2026-12-31,90,84,14.165241346442679,14.991833579785412,14.165241346442679,9.69,13.810987532152936,10.74323308186268,17.587249611022678,HIBRIDO_ANALOGO_CLIM,ANALOGO_DTW_HIBRIDO_CLIMATOLOGIA,30,10,0.16674062551220442,OK_ANALOGOS_CONTINUIDAD_CORREGIDA,-0.01948059108046074,0.01948059108046074,0.0,CORREGIDO_ANCLA_OBSERVADO
2026-10-10,PUERTO ALEGRIA,1044.0,2026-10-08,2027-01-01,90,85,14.459287759619796,15.096732925161112,14.459287759619796,9.69,14.196810338514549,11.117300878239796,17.801274640999793,HIBRIDO_ANALOGO_CLIM,ANALOGO_DTW_HIBRIDO_CLIMATOLOGIA,30,10,0.16674062551220442,OK_ANALOGOS_CONTINUIDAD_CORREGIDA,-0.01948059108046074,0.01948059108046074,0.0,CORREGIDO_ANCLA_OBSERVADO
2026-10-10,PUERTO ALEGRIA,1044.0,2026-10-08,2027-01-02,90,86,14.477768151715589,15.138127966217402,14.477768151715589,9.69,14.216695666912546,11.042986521215589,17.912549782215585,HIBRIDO_ANALOGO_CLIM,ANALOGO_DTW_HIBRIDO_CLIMATOLOGIA,30,10,0.16674062551220442,OK_ANALOGOS_CONTINUIDAD_CORREGIDA,-0.01948059108046074,0.01948059108046074,0.0,CORREGIDO_ANCLA_OBSERVADO
2026-10-10,PUERTO ALEGRIA,1044.0,2026-10-08,2027-01-03,90,87,14.518597281349603,15.23659461370694,14.518597281349603,9.69,14.246253465627854,11.373175171969605,17.6640193907296,HIBRIDO_ANALOGO_CLIM,ANALOGO_DTW_HIBRIDO_CLIMATOLOGIA,30,10,0.16674062551220442,OK_ANALOGOS_CONTINUIDAD_CORREGIDA,-0.01948059108046074,0.01948059108046074,0.0,CORREGIDO_ANCLA_OBSERVADO
2026-10-10,PUERTO ALEGRIA,1044.0,2026-10-08,2027-01-04,90,88,14.549032898990662,15.299542773625866,14.549032898990662,9.69,14.276120217305133,11.400034408490663,17.69803138949066,HIBRIDO_ANALOGO_CLIM,ANALOGO_DTW_HIBRIDO_CLIMATOLOGIA,30,10,0.16674062551220442,OK_ANALOGOS_CONTINUIDAD_CORREGIDA,-0.01948059108046074,0.01948059108046074,0.0,CORREGIDO_ANCLA_OBSERVADO
2026-10-10,PUERTO ALEGRIA,1044.0,2026-10-08,2027-01-05,90,89,14.583588239470439,15.364161345899916,14.583588239470439,9.69,14.311703224871408,11.45243751297044,17.714738965970433,HIBRIDO_ANALOGO_CLIM,ANALOGO_DTW_HIBRIDO_CLIMATOLOGIA,30,10,0.16674062551220442,OK_ANALOGOS_CONTINUIDAD_CORREGIDA,-0.01948059108046074,0.01948059108046074,0.0,CORREGIDO_ANCLA_OBSERVADO
2026-10-10,PUERTO ALEGRIA,1044.0,2026-10-08,2027-01-06,90,90,14.6221708140136,15.43824020668934,14.6221708140136,9.69,14.350147683121687,11.563490599513601,17.6808510285136,HIBRIDO_ANALOGO_CLIM,ANALOGO_DTW_HIBRIDO_CLIMATOLOGIA,30,10,0.16674062551220442,OK_ANALOGOS_CONTINUIDAD_CORREGIDA,-0.01948059108046074,0.01948059108046074,0.0,CORREGIDO_ANCLA_OBSERVADO
2026-10-10,REQUENA,4.0,2026-10-08,2026-10-09,30,1,5.74,6.193585659836967,5.74,5.74,4.379243020489101,5.66166890320461,5.818331096795389,HIBRIDO_ANALOGO_CLIM,ANALOGO_DTW_HIBRIDO_CLIMATOLOGIA,30,10,0.1887261052440294,OK_ANALOGOS_CONTINUIDAD_CORREGIDA,-0.433530832498886,0.433530832498886,0.0,CORREGIDO_ANCLA_OBSERVADO
2026-10-10,REQUENA,4.0,2026-10-08,2026-10-10,30,2,5.772152839715664,6.225450470511666,5.772152839715664,5.74,4.4122599473276605,5.563652839715664,5.980652839715663,HIBRIDO_ANALOGO_CLIM,ANALOGO_DTW_HIBRIDO_CLIMATOLOGIA,30,10,0.1887261052440294,OK_ANALOGOS_CONTINUIDAD_CORREGIDA,-0.433530832498886,0.433530832498886,0.0,CORREGIDO_ANCLA_OBSERVADO
2026-10-10,REQUENA,4.0,2026-10-08,2026-10-11,30,3,5.792842339948536,6.242184150175226,5.792842339948536,5.74,4.4448169092684635,5.531842339948536,6.053842339948536,HIBRIDO_ANALOGO_CLIM,ANALOGO_DTW_HIBRIDO_CLIMATOLOGIA,30,10,0.1887261052440294,OK_ANALOGOS_CONTINUIDAD_CORREGIDA,-0.433530832498886,0.433530832498886,0.0,CORREGIDO_ANCLA_OBSERVADO
2026-10-10,REQUENA,4.0,2026-10-08,2026-10-12,30,4,5.820514883745545,6.249897768517373,5.820514883745545,5.74,4.532366229430061,5.57127737717997,6.069752390311121,HIBRIDO_ANALOGO_CLIM,ANALOGO_DTW_HIBRIDO_CLIMATOLOGIA,30,10,0.1887261052440294,OK_ANALOGOS_CONTINUIDAD_CORREGIDA,-0.433530832498886,0.433530832498886,0.0,CORREGIDO_ANCLA_OBSERVADO
2026-10-10,REQUENA,4.0,2026-10-08,2026-10-13,30,5,5.836625663339233,6.254876683827274,5.836625663339233,5.74,4.5818726018751095,5.519220998815035,6.154030327863431,HIBRIDO_ANALOGO_CLIM,ANALOGO_DTW_HIBRIDO_CLIMATOLOGIA,30,10,0.1887261052440294,OK_ANALOGOS_CONTINUIDAD_CORREGIDA,-0.433530832498886,0.433530832498886,0.0,CORREGIDO_ANCLA_OBSERVADO
2026-10-10,REQUENA,4.0,2026-10-08,2026-10-14,30,6,5.866744379489839,6.265262713731015,5.866744379489839,5.74,4.671189376766314,5.471509199659044,6.261979559320634,HIBRIDO_ANALOGO_CLIM,ANALOGO_DTW_HIBRIDO_CLIMATOLOGIA,30,10,0.1887261052440294,OK_ANALOGOS_CONTINUIDAD_CORREGIDA,-0.433530832498886,0.433530832498886,0.0,CORREGIDO_ANCLA_OBSERVADO
2026-10-10,REQUENA,4.0,2026-10-08,2026-10-15,30,7,5.9028503781068276,6.282583427451868,5.9028503781068276,5.74,4.763651230071706,5.514468272394281,6.291232483819373,HIBRIDO_ANALOGO_CLIM,ANALOGO_DTW_HIBRIDO_CLIMATOLOGIA,30,10,0.1887261052440294,OK_ANALOGOS_CONTINUIDAD_CORREGIDA,-0.433530832498886,0.433530832498886,0.0,CORREGIDO_ANCLA_OBSERVADO
2026-10-10,REQUENA,4.0,2026-10-08,2026-10-16,30,8,5.94632908546711,6.308274738381223,5.94632908546711,5.74,4.860492126724773,5.417204127592114,6.475454043342107,HIBRIDO_ANALOGO_CLIM,ANALOGO_DTW_HIBRIDO_CLIMATOLOGIA,30,10,0.1887261052440294,OK_ANALOGOS_CONTINUIDAD_CORREGIDA,-0.433530832498886,0.433530832498886,0.0,CORREGIDO_ANCLA_OBSERVADO
2026-10-10,REQUENA,4.0,2026-10-08,2026-10-17,30,9,5.998309454831788,6.344104892180591,5.998309454831788,5.74,4.960923142785378,5.332572726618882,6.664046183044695,HIBRIDO_ANALOGO_CLIM,ANALOGO_DTW_HIBRIDO_CLIMATOLOGIA,30,10,0.1887261052440294,OK_ANALOGOS_CONTINUIDAD_CORREGIDA,-0.433530832498886,0.433530832498886,0.0,CORREGIDO_ANCLA_OBSERVADO
2026-10-10,REQUENA,4.0,2026-10-08,2026-10-18,30,10,6.228522130845024,6.618379086524077,6.228522130845024,5.74,5.058951263807865,5.645022130845024,6.812022130845023,HIBRIDO_ANALOGO_CLIM,ANALOGO_DTW_HIBRIDO_CLIMATOLOGIA,30,10,0.1887261052440294,OK_ANALOGOS_CONTINUIDAD_CORREGIDA,-0.433530832498886,0.433530832498886,0.0,CORREGIDO_ANCLA_OBSERVADO
2026-10-10,REQUENA,4.0,2026-10-08,2026-10-19,30,11,6.355546668132144,6.758088097765723,6.355546668132144,5.74,5.147922379231403,5.121546668132143,7.589546668132144,HIBRIDO_ANALOGO_CLIM,ANALOGO_DTW_HIBRIDO_CLIMATOLOGIA,30,10,0.1887261052440294,OK_ANALOGOS_CONTINUIDAD_CORREGIDA,-0.433530832498886,0.433530832498886,0.0,CORREGIDO_ANCLA_OBSERVADO
2026-10-10,REQUENA,4.0,2026-10-08,2026-10-20,30,12,6.388876445164396,6.77514150143115,6.388876445164396,5.74,5.230081276364133,5.1023764451643965,7.675376445164396,HIBRIDO_ANALOGO_CLIM,ANALOGO_DTW_HIBRIDO_CLIMATOLOGIA,30,10,0.1887261052440294,OK_ANALOGOS_CONTINUIDAD_CORREGIDA,-0.433530832498886,0.433530832498886,0.0,CORREGIDO_ANCLA_OBSERVADO
2026-10-10,REQUENA,4.0,2026-10-08,2026-10-21,30,13,6.423834823534217,6.7954548030009265,6.423834823534217,5.74,5.308974885134089,5.112834823534216,7.734834823534217,HIBRIDO_ANALOGO_CLIM,ANALOGO_DTW_HIBRIDO_CLIMATOLOGIA,30,10,0.1887261052440294,OK_ANALOGOS_CONTINUIDAD_CORREGIDA,-0.433530832498886,0.433530832498886,0.0,CORREGIDO_ANCLA_OBSERVADO
2026-10-10,REQUENA,4.0,2026-10-08,2026-10-22,30,14,6.468311590062783,6.8281120499473325,6.468311590062783,5.74,5.388910210409135,5.142311590062783,7.794311590062783,HIBRIDO_ANALOGO_CLIM,ANALOGO_DTW_HIBRIDO_CLIMATOLOGIA,30,10,0.1887261052440294,OK_ANALOGOS_CONTINUIDAD_CORREGIDA,-0.433530832498886,0.433530832498886,0.0,CORREGIDO_ANCLA_OBSERVADO
2026-10-10,REQUENA,4.0,2026-10-08,2026-10-23,30,15,6.511685653173182,6.861367143070319,6.511685653173182,5.74,5.462641183481774,5.196185653173183,7.827185653173182,HIBRIDO_ANALOGO_CLIM,ANALOGO_DTW_HIBRIDO_CLIMATOLOGIA,30,10,0.1887261052440294,OK_ANALOGOS_CONTINUIDAD_CORREGIDA,-0.433530832498886,0.433530832498886,0.0,CORREGIDO_ANCLA_OBSERVADO
2026-10-10,REQUENA,4.0,2026-10-08,2026-10-24,30,16,6.572291078022999,6.916949256656125,6.572291078022999,5.74,5.538316542123623,5.284291078022998,7.860291078022999,HIBRIDO_ANALOGO_CLIM,ANALOGO_DTW_HIBRIDO_CLIMATOLOGIA,30,10,0.1887261052440294,OK_ANALOGOS_CONTINUIDAD_CORREGIDA,-0.433530832498886,0.433530832498886,0.0,CORREGIDO_ANCLA_OBSERVADO
2026-10-10,REQUENA,4.0,2026-10-08,2026-10-25,30,17,6.650376145244114,7.0031507693606505,6.650376145244114,5.74,5.5920522728945015,5.342876145244114,7.957876145244113,HIBRIDO_ANALOGO_CLIM,ANALOGO_DTW_HIBRIDO_CLIMATOLOGIA,30,10,0.1887261052440294,OK_ANALOGOS_CONTINUIDAD_CORREGIDA,-0.433530832498886,0.433530832498886,0.0,CORREGIDO_ANCLA_OBSERVADO
2026-10-10,REQUENA,4.0,2026-10-08,2026-10-26,30,18,6.766181824287693,7.138748936716786,6.766181824287693,5.74,5.648480487000412,5.487681824287693,8.044681824287693,HIBRIDO_ANALOGO_CLIM,ANALOGO_DTW_HIBRIDO_CLIMATOLOGIA,30,10,0.1887261052440294,OK_ANALOGOS_CONTINUIDAD_CORREGIDA,-0.433530832498886,0.433530832498886,0.0,CORREGIDO_ANCLA_OBSERVADO
2026-10-10,REQUENA,4.0,2026-10-08,2026-10-27,30,19,6.898019478657816,7.29781802932457,6.898019478657816,5.74,5.698623826657557,5.745019478657817,8.051019478657816,HIBRIDO_ANALOGO_CLIM,ANALOGO_DTW_HIBRIDO_CLIMATOLOGIA,30,10,0.1887261052440294,OK_ANALOGOS_CONTINUIDAD_CORREGIDA,-0.433530832498886,0.433530832498886,0.0,CORREGIDO_ANCLA_OBSERVADO
2026-10-10,REQUENA,4.0,2026-10-08,2026-10-28,30,20,7.030507378467966,7.457209140837377,7.030507378467966,5.74,5.7504020913597325,6.0095073784679665,8.051507378467967,HIBRIDO_ANALOGO_CLIM,ANALOGO_DTW_HIBRIDO_CLIMATOLOGIA,30,10,0.1887261052440294,OK_ANALOGOS_CONTINUIDAD_CORREGIDA,-0.433530832498886,0.433530832498886,0.0,CORREGIDO_ANCLA_OBSERVADO
2026-10-10,REQUENA,4.0,2026-10-08,2026-10-29,30,21,7.138575670726907,7.580875876491911,7.138575670726907,5.74,5.811675053431894,6.258075670726908,8.019075670726906,HIBRIDO_ANALOGO_CLIM,ANALOGO_DTW_HIBRIDO_CLIMATOLOGIA,30,10,0.1887261052440294,OK_ANALOGOS_CONTINUIDAD_CORREGIDA,-0.433530832498886,0.433530832498886,0.0,CORREGIDO_ANCLA_OBSERVADO
2026-10-10,REQUENA,4.0,2026-10-08,2026-10-30,30,22,7.226694679816743,7.6712864445722175,7.226694679816743,5.74,5.89291938555032,6.37698200721029,8.076407352423196,HIBRIDO_ANALOGO_CLIM,ANALOGO_DTW_HIBRIDO_CLIMATOLOGIA,30,10,0.1887261052440294,OK_ANALOGOS_CONTINUIDAD_CORREGIDA,-0.433530832498886,0.433530832498886,0.0,CORREGIDO_ANCLA_OBSERVADO
2026-10-10,REQUENA,4.0,2026-10-08,2026-10-31,30,23,7.313196609834927,7.743894651443274,7.313196609834927,5.74,6.021102485009887,6.482628099032181,8.143765120637674,HIBRIDO_ANALOGO_CLIM,ANALOGO_DTW_HIBRIDO_CLIMATOLOGIA,30,10,0.1887261052440294,OK_ANALOGOS_CONTINUIDAD_CORREGIDA,-0.433530832498886,0.433530832498886,0.0,CORREGIDO_ANCLA_OBSERVADO
2026-10-10,REQUENA,4.0,2026-10-08,2026-11-01,30,24,7.364310215049852,7.821822651121584,7.364310215049852,5.74,5.991772906834654,6.574525133608703,8.154095296491,HIBRIDO_ANALOGO_CLIM,ANALOGO_DTW_HIBRIDO_CLIMATOLOGIA,30,10,0.1887261052440294,OK_ANALOGOS_CONTINUIDAD_CORREGIDA,-0.433530832498886,0.433530832498886,0.0,CORREGIDO_ANCLA_OBSERVADO
2026-10-10,REQUENA,4.0,2026-10-08,2026-11-02,30,25,7.414505029222243,7.840807501448296,7.414505029222243,5.74,6.135597612544085,6.534907133175192,8.294102925269293,HIBRIDO_ANALOGO_CLIM,ANALOGO_DTW_HIBRIDO_CLIMATOLOGIA,30,10,0.1887261052440294,OK_ANALOGOS_CONTINUIDAD_CORREGIDA,-0.433530832498886,0.433530832498886,0.0,CORREGIDO_ANCLA_OBSERVADO
2026-10-10,REQUENA,4.0,2026-10-08,2026-11-03,30,26,7.431576739324729,7.830552305236544,7.431576739324729,5.74,6.234650041589283,6.601952186203049,8.261201292446408,HIBRIDO_ANALOGO_CLIM,ANALOGO_DTW_HIBRIDO_CLIMATOLOGIA,30,10,0.1887261052440294,OK_ANALOGOS_CONTINUIDAD_CORREGIDA,-0.433530832498886,0.433530832498886,0.0,CORREGIDO_ANCLA_OBSERVADO
2026-10-10,REQUENA,4.0,2026-10-08,2026-11-04,30,27,7.484252976994011,7.859567455943505,7.484252976994011,5.74,6.358309540145528,6.606279296713824,8.362226657274197,HIBRIDO_ANALOGO_CLIM,ANALOGO_DTW_HIBRIDO_CLIMATOLOGIA,30,10,0.1887261052440294,OK_ANALOGOS_CONTINUIDAD_CORREGIDA,-0.433530832498886,0.433530832498886,0.0,CORREGIDO_ANCLA_OBSERVADO
2026-10-10,REQUENA,4.0,2026-10-08,2026-11-05,30,28,7.532236431953304,7.878690938089341,7.532236431953304,5.74,6.4928729135451935,6.6792364319533055,8.385236431953302,HIBRIDO_ANALOGO_CLIM,ANALOGO_DTW_HIBRIDO_CLIMATOLOGIA,30,10,0.1887261052440294,OK_ANALOGOS_CONTINUIDAD_CORREGIDA,-0.433530832498886,0.433530832498886,0.0,CORREGIDO_ANCLA_OBSERVADO
2026-10-10,REQUENA,4.0,2026-10-08,2026-11-06,30,29,7.598055972453793,7.922319989206701,7.598055972453793,5.74,6.625263922195067,6.621055972453793,8.575055972453793,HIBRIDO_ANALOGO_CLIM,ANALOGO_DTW_HIBRIDO_CLIMATOLOGIA,30,10,0.1887261052440294,OK_ANALOGOS_CONTINUIDAD_CORREGIDA,-0.433530832498886,0.433530832498886,0.0,CORREGIDO_ANCLA_OBSERVADO
2026-10-10,REQUENA,4.0,2026-10-08,2026-11-07,30,30,7.881455945337162,8.255240188757188,7.881455945337162,5.74,6.7601032150770815,6.310293125783755,9.45261876489057,HIBRIDO_ANALOGO_CLIM,ANALOGO_DTW_HIBRIDO_CLIMATOLOGIA,30,10,0.1887261052440294,OK_ANALOGOS_CONTINUIDAD_CORREGIDA,-0.433530832498886,0.433530832498886,0.0,CORREGIDO_ANCLA_OBSERVADO
2026-10-10,REQUENA,4.0,2026-10-08,2026-10-09,60,1,5.74,6.193585659836967,5.74,5.74,4.379243020489101,5.66166890320461,5.818331096795389,HIBRIDO_ANALOGO_CLIM,ANALOGO_DTW_HIBRIDO_CLIMATOLOGIA,30,10,0.1887261052440294,OK_ANALOGOS_CONTINUIDAD_CORREGIDA,-0.433530832498886,0.433530832498886,0.0,CORREGIDO_ANCLA_OBSERVADO
2026-10-10,REQUENA,4.0,2026-10-08,2026-10-10,60,2,5.772152839715664,6.225450470511666,5.772152839715664,5.74,4.4122599473276605,5.563652839715664,5.980652839715663,HIBRIDO_ANALOGO_CLIM,ANALOGO_DTW_HIBRIDO_CLIMATOLOGIA,30,10,0.1887261052440294,OK_ANALOGOS_CONTINUIDAD_CORREGIDA,-0.433530832498886,0.433530832498886,0.0,CORREGIDO_ANCLA_OBSERVADO
2026-10-10,REQUENA,4.0,2026-10-08,2026-10-11,60,3,5.792842339948536,6.242184150175226,5.792842339948536,5.74,4.4448169092684635,5.531842339948536,6.053842339948536,HIBRIDO_ANALOGO_CLIM,ANALOGO_DTW_HIBRIDO_CLIMATOLOGIA,30,10,0.1887261052440294,OK_ANALOGOS_CONTINUIDAD_CORREGIDA,-0.433530832498886,0.433530832498886,0.0,CORREGIDO_ANCLA_OBSERVADO
2026-10-10,REQUENA,4.0,2026-10-08,2026-10-12,60,4,5.820514883745545,6.249897768517373,5.820514883745545,5.74,4.532366229430061,5.57127737717997,6.069752390311121,HIBRIDO_ANALOGO_CLIM,ANALOGO_DTW_HIBRIDO_CLIMATOLOGIA,30,10,0.1887261052440294,OK_ANALOGOS_CONTINUIDAD_CORREGIDA,-0.433530832498886,0.433530832498886,0.0,CORREGIDO_ANCLA_OBSERVADO
2026-10-10,REQUENA,4.0,2026-10-08,2026-10-13,60,5,5.836625663339233,6.254876683827274,5.836625663339233,5.74,4.5818726018751095,5.519220998815035,6.154030327863431,HIBRIDO_ANALOGO_CLIM,ANALOGO_DTW_HIBRIDO_CLIMATOLOGIA,30,10,0.1887261052440294,OK_ANALOGOS_CONTINUIDAD_CORREGIDA,-0.433530832498886,0.433530832498886,0.0,CORREGIDO_ANCLA_OBSERVADO
2026-10-10,REQUENA,4.0,2026-10-08,2026-10-14,60,6,5.866744379489839,6.265262713731015,5.866744379489839,5.74,4.671189376766314,5.471509199659044,6.261979559320634,HIBRIDO_ANALOGO_CLIM,ANALOGO_DTW_HIBRIDO_CLIMATOLOGIA,30,10,0.1887261052440294,OK_ANALOGOS_CONTINUIDAD_CORREGIDA,-0.433530832498886,0.433530832498886,0.0,CORREGIDO_ANCLA_OBSERVADO
2026-10-10,REQUENA,4.0,2026-10-08,2026-10-15,60,7,5.9028503781068276,6.282583427451868,5.9028503781068276,5.74,4.763651230071706,5.514468272394281,6.291232483819373,HIBRIDO_ANALOGO_CLIM,ANALOGO_DTW_HIBRIDO_CLIMATOLOGIA,30,10,0.1887261052440294,OK_ANALOGOS_CONTINUIDAD_CORREGIDA,-0.433530832498886,0.433530832498886,0.0,CORREGIDO_ANCLA_OBSERVADO
2026-10-10,REQUENA,4.0,2026-10-08,2026-10-16,60,8,5.94632908546711,6.308274738381223,5.94632908546711,5.74,4.860492126724773,5.417204127592114,6.475454043342107,HIBRIDO_ANALOGO_CLIM,ANALOGO_DTW_HIBRIDO_CLIMATOLOGIA,30,10,0.1887261052440294,OK_ANALOGOS_CONTINUIDAD_CORREGIDA,-0.433530832498886,0.433530832498886,0.0,CORREGIDO_ANCLA_OBSERVADO
2026-10-10,REQUENA,4.0,2026-10-08,2026-10-17,60,9,5.998309454831788,6.344104892180591,5.998309454831788,5.74,4.960923142785378,5.332572726618882,6.664046183044695,HIBRIDO_ANALOGO_CLIM,ANALOGO_DTW_HIBRIDO_CLIMATOLOGIA,30,10,0.1887261052440294,OK_ANALOGOS_CONTINUIDAD_CORREGIDA,-0.433530832498886,0.433530832498886,0.0,CORREGIDO_ANCLA_OBSERVADO
2026-10-10,REQUENA,4.0,2026-10-08,2026-10-18,60,10,6.228522130845024,6.618379086524077,6.228522130845024,5.74,5.058951263807865,5.645022130845024,6.812022130845023,HIBRIDO_ANALOGO_CLIM,ANALOGO_DTW_HIBRIDO_CLIMATOLOGIA,30,10,0.1887261052440294,OK_ANALOGOS_CONTINUIDAD_CORREGIDA,-0.433530832498886,0.433530832498886,0.0,CORREGIDO_ANCLA_OBSERVADO
2026-10-10,REQUENA,4.0,2026-10-08,2026-10-19,60,11,6.355546668132144,6.758088097765723,6.355546668132144,5.74,5.147922379231403,5.121546668132143,7.589546668132144,HIBRIDO_ANALOGO_CLIM,ANALOGO_DTW_HIBRIDO_CLIMATOLOGIA,30,10,0.1887261052440294,OK_ANALOGOS_CONTINUIDAD_CORREGIDA,-0.433530832498886,0.433530832498886,0.0,CORREGIDO_ANCLA_OBSERVADO
2026-10-10,REQUENA,4.0,2026-10-08,2026-10-20,60,12,6.388876445164396,6.77514150143115,6.388876445164396,5.74,5.230081276364133,5.1023764451643965,7.675376445164396,HIBRIDO_ANALOGO_CLIM,ANALOGO_DTW_HIBRIDO_CLIMATOLOGIA,30,10,0.1887261052440294,OK_ANALOGOS_CONTINUIDAD_CORREGIDA,-0.433530832498886,0.433530832498886,0.0,CORREGIDO_ANCLA_OBSERVADO
2026-10-10,REQUENA,4.0,2026-10-08,2026-10-21,60,13,6.423834823534217,6.7954548030009265,6.423834823534217,5.74,5.308974885134089,5.112834823534216,7.734834823534217,HIBRIDO_ANALOGO_CLIM,ANALOGO_DTW_HIBRIDO_CLIMATOLOGIA,30,10,0.1887261052440294,OK_ANALOGOS_CONTINUIDAD_CORREGIDA,-0.433530832498886,0.433530832498886,0.0,CORREGIDO_ANCLA_OBSERVADO
2026-10-10,REQUENA,4.0,2026-10-08,2026-10-22,60,14,6.468311590062783,6.8281120499473325,6.468311590062783,5.74,5.388910210409135,5.142311590062783,7.794311590062783,HIBRIDO_ANALOGO_CLIM,ANALOGO_DTW_HIBRIDO_CLIMATOLOGIA,30,10,0.1887261052440294,OK_ANALOGOS_CONTINUIDAD_CORREGIDA,-0.433530832498886,0.433530832498886,0.0,CORREGIDO_ANCLA_OBSERVADO
2026-10-10,REQUENA,4.0,2026-10-08,2026-10-23,60,15,6.511685653173182,6.861367143070319,6.511685653173182,5.74,5.462641183481774,5.196185653173183,7.827185653173182,HIBRIDO_ANALOGO_CLIM,ANALOGO_DTW_HIBRIDO_CLIMATOLOGIA,30,10,0.1887261052440294,OK_ANALOGOS_CONTINUIDAD_CORREGIDA,-0.433530832498886,0.433530832498886,0.0,CORREGIDO_ANCLA_OBSERVADO
2026-10-10,REQUENA,4.0,2026-10-08,2026-10-24,60,16,6.572291078022999,6.916949256656125,6.572291078022999,5.74,5.538316542123623,5.284291078022998,7.860291078022999,HIBRIDO_ANALOGO_CLIM,ANALOGO_DTW_HIBRIDO_CLIMATOLOGIA,30,10,0.1887261052440294,OK_ANALOGOS_CONTINUIDAD_CORREGIDA,-0.433530832498886,0.433530832498886,0.0,CORREGIDO_ANCLA_OBSERVADO
2026-10-10,REQUENA,4.0,2026-10-08,2026-10-25,60,17,6.650376145244114,7.0031507693606505,6.650376145244114,5.74,5.5920522728945015,5.342876145244114,7.957876145244113,HIBRIDO_ANALOGO_CLIM,ANALOGO_DTW_HIBRIDO_CLIMATOLOGIA,30,10,0.1887261052440294,OK_ANALOGOS_CONTINUIDAD_CORREGIDA,-0.433530832498886,0.433530832498886,0.0,CORREGIDO_ANCLA_OBSERVADO
2026-10-10,REQUENA,4.0,2026-10-08,2026-10-26,60,18,6.766181824287693,7.138748936716786,6.766181824287693,5.74,5.648480487000412,5.487681824287693,8.044681824287693,HIBRIDO_ANALOGO_CLIM,ANALOGO_DTW_HIBRIDO_CLIMATOLOGIA,30,10,0.1887261052440294,OK_ANALOGOS_CONTINUIDAD_CORREGIDA,-0.433530832498886,0.433530832498886,0.0,CORREGIDO_ANCLA_OBSERVADO
2026-10-10,REQUENA,4.0,2026-10-08,2026-10-27,60,19,6.898019478657816,7.29781802932457,6.898019478657816,5.74,5.698623826657557,5.745019478657817,8.051019478657816,HIBRIDO_ANALOGO_CLIM,ANALOGO_DTW_HIBRIDO_CLIMATOLOGIA,30,10,0.1887261052440294,OK_ANALOGOS_CONTINUIDAD_CORREGIDA,-0.433530832498886,0.433530832498886,0.0,CORREGIDO_ANCLA_OBSERVADO
2026-10-10,REQUENA,4.0,2026-10-08,2026-10-28,60,20,7.030507378467966,7.457209140837377,7.030507378467966,5.74,5.7504020913597325,6.0095073784679665,8.051507378467967,HIBRIDO_ANALOGO_CLIM,ANALOGO_DTW_HIBRIDO_CLIMATOLOGIA,30,10,0.1887261052440294,OK_ANALOGOS_CONTINUIDAD_CORREGIDA,-0.433530832498886,0.433530832498886,0.0,CORREGIDO_ANCLA_OBSERVADO
2026-10-10,REQUENA,4.0,2026-10-08,2026-10-29,60,21,7.138575670726907,7.580875876491911,7.138575670726907,5.74,5.811675053431894,6.258075670726908,8.019075670726906,HIBRIDO_ANALOGO_CLIM,ANALOGO_DTW_HIBRIDO_CLIMATOLOGIA,30,10,0.1887261052440294,OK_ANALOGOS_CONTINUIDAD_CORREGIDA,-0.433530832498886,0.433530832498886,0.0,CORREGIDO_ANCLA_OBSERVADO
2026-10-10,REQUENA,4.0,2026-10-08,2026-10-30,60,22,7.226694679816743,7.6712864445722175,7.226694679816743,5.74,5.89291938555032,6.37698200721029,8.076407352423196,HIBRIDO_ANALOGO_CLIM,ANALOGO_DTW_HIBRIDO_CLIMATOLOGIA,30,10,0.1887261052440294,OK_ANALOGOS_CONTINUIDAD_CORREGIDA,-0.433530832498886,0.433530832498886,0.0,CORREGIDO_ANCLA_OBSERVADO
2026-10-10,REQUENA,4.0,2026-10-08,2026-10-31,60,23,7.313196609834927,7.743894651443274,7.313196609834927,5.74,6.021102485009887,6.482628099032181,8.143765120637674,HIBRIDO_ANALOGO_CLIM,ANALOGO_DTW_HIBRIDO_CLIMATOLOGIA,30,10,0.1887261052440294,OK_ANALOGOS_CONTINUIDAD_CORREGIDA,-0.433530832498886,0.433530832498886,0.0,CORREGIDO_ANCLA_OBSERVADO
2026-10-10,REQUENA,4.0,2026-10-08,2026-11-01,60,24,7.364310215049852,7.821822651121584,7.364310215049852,5.74,5.991772906834654,6.574525133608703,8.154095296491,HIBRIDO_ANALOGO_CLIM,ANALOGO_DTW_HIBRIDO_CLIMATOLOGIA,30,10,0.1887261052440294,OK_ANALOGOS_CONTINUIDAD_CORREGIDA,-0.433530832498886,0.433530832498886,0.0,CORREGIDO_ANCLA_OBSERVADO
2026-10-10,REQUENA,4.0,2026-10-08,2026-11-02,60,25,7.414505029222243,7.840807501448296,7.414505029222243,5.74,6.135597612544085,6.534907133175192,8.294102925269293,HIBRIDO_ANALOGO_CLIM,ANALOGO_DTW_HIBRIDO_CLIMATOLOGIA,30,10,0.1887261052440294,OK_ANALOGOS_CONTINUIDAD_CORREGIDA,-0.433530832498886,0.433530832498886,0.0,CORREGIDO_ANCLA_OBSERVADO
2026-10-10,REQUENA,4.0,2026-10-08,2026-11-03,60,26,7.431576739324729,7.830552305236544,7.431576739324729,5.74,6.234650041589283,6.601952186203049,8.261201292446408,HIBRIDO_ANALOGO_CLIM,ANALOGO_DTW_HIBRIDO_CLIMATOLOGIA,30,10,0.1887261052440294,OK_ANALOGOS_CONTINUIDAD_CORREGIDA,-0.433530832498886,0.433530832498886,0.0,CORREGIDO_ANCLA_OBSERVADO
2026-10-10,REQUENA,4.0,2026-10-08,2026-11-04,60,27,7.484252976994011,7.859567455943505,7.484252976994011,5.74,6.358309540145528,6.606279296713824,8.362226657274197,HIBRIDO_ANALOGO_CLIM,ANALOGO_DTW_HIBRIDO_CLIMATOLOGIA,30,10,0.1887261052440294,OK_ANALOGOS_CONTINUIDAD_CORREGIDA,-0.433530832498886,0.433530832498886,0.0,CORREGIDO_ANCLA_OBSERVADO
2026-10-10,REQUENA,4.0,2026-10-08,2026-11-05,60,28,7.532236431953304,7.878690938089341,7.532236431953304,5.74,6.4928729135451935,6.6792364319533055,8.385236431953302,HIBRIDO_ANALOGO_CLIM,ANALOGO_DTW_HIBRIDO_CLIMATOLOGIA,30,10,0.1887261052440294,OK_ANALOGOS_CONTINUIDAD_CORREGIDA,-0.433530832498886,0.433530832498886,0.0,CORREGIDO_ANCLA_OBSERVADO
2026-10-10,REQUENA,4.0,2026-10-08,2026-11-06,60,29,7.598055972453793,7.922319989206701,7.598055972453793,5.74,6.625263922195067,6.621055972453793,8.575055972453793,HIBRIDO_ANALOGO_CLIM,ANALOGO_DTW_HIBRIDO_CLIMATOLOGIA,30,10,0.1887261052440294,OK_ANALOGOS_CONTINUIDAD_CORREGIDA,-0.433530832498886,0.433530832498886,0.0,CORREGIDO_ANCLA_OBSERVADO
2026-10-10,REQUENA,4.0,2026-10-08,2026-11-07,60,30,7.881455945337162,8.255240188757188,7.881455945337162,5.74,6.7601032150770815,6.310293125783755,9.45261876489057,HIBRIDO_ANALOGO_CLIM,ANALOGO_DTW_HIBRIDO_CLIMATOLOGIA,30,10,0.1887261052440294,OK_ANALOGOS_CONTINUIDAD_CORREGIDA,-0.433530832498886,0.433530832498886,0.0,CORREGIDO_ANCLA_OBSERVADO
2026-10-10,REQUENA,4.0,2026-10-08,2026-11-08,60,31,7.9715152200646715,8.343549683429842,7.9715152200646715,5.74,6.903416276854986,6.265852400511262,9.67717803961808,HIBRIDO_ANALOGO_CLIM,ANALOGO_DTW_HIBRIDO_CLIMATOLOGIA,30,10,0.1887261052440294,OK_ANALOGOS_CONTINUIDAD_CORREGIDA,-0.433530832498886,0.433530832498886,0.0,CORREGIDO_ANCLA_OBSERVADO
2026-10-10,REQUENA,4.0,2026-10-08,2026-11-09,60,32,8.060389243629583,8.43423034567914,8.060389243629583,5.74,7.032326212993302,6.224226424076176,9.896552063182991,HIBRIDO_ANALOGO_CLIM,ANALOGO_DTW_HIBRIDO_CLIMATOLOGIA,30,10,0.1887261052440294,OK_ANALOGOS_CONTINUIDAD_CORREGIDA,-0.433530832498886,0.433530832498886,0.0,CORREGIDO_ANCLA_OBSERVADO
2026-10-10,REQUENA,4.0,2026-10-08,2026-11-10,60,33,8.138663342449501,8.515778149525943,8.138663342449501,5.74,7.144451578338886,6.148000522896094,10.129326162002911,HIBRIDO_ANALOGO_CLIM,ANALOGO_DTW_HIBRIDO_CLIMATOLOGIA,30,10,0.1887261052440294,OK_ANALOGOS_CONTINUIDAD_CORREGIDA,-0.433530832498886,0.433530832498886,0.0,CORREGIDO_ANCLA_OBSERVADO
2026-10-10,REQUENA,4.0,2026-10-08,2026-11-11,60,34,8.205728427516597,8.587890964795427,8.205728427516597,5.74,7.239082009693678,6.084065607963189,10.327391247070004,HIBRIDO_ANALOGO_CLIM,ANALOGO_DTW_HIBRIDO_CLIMATOLOGIA,30,10,0.1887261052440294,OK_ANALOGOS_CONTINUIDAD_CORREGIDA,-0.433530832498886,0.433530832498886,0.0,CORREGIDO_ANCLA_OBSERVADO
2026-10-10,REQUENA,4.0,2026-10-08,2026-11-12,60,35,8.255746815001068,8.635362773730279,8.255746815001068,5.74,7.33382234380156,6.020281439020395,10.491212190981745,HIBRIDO_ANALOGO_CLIM,ANALOGO_DTW_HIBRIDO_CLIMATOLOGIA,30,10,0.1887261052440294,OK_ANALOGOS_CONTINUIDAD_CORREGIDA,-0.433530832498886,0.433530832498886,0.0,CORREGIDO_ANCLA_OBSERVADO
2026-10-10,REQUENA,4.0,2026-10-08,2026-11-13,60,36,8.281013453770367,8.653785806071646,8.281013453770367,5.74,7.411211298400722,6.075548077789694,10.486478829751043,HIBRIDO_ANALOGO_CLIM,ANALOGO_DTW_HIBRIDO_CLIMATOLOGIA,30,10,0.1887261052440294,OK_ANALOGOS_CONTINUIDAD_CORREGIDA,-0.433530832498886,0.433530832498886,0.0,CORREGIDO_ANCLA_OBSERVADO
2026-10-10,REQUENA,4.0,2026-10-08,2026-11-14,60,37,8.314047117794576,8.680902819879446,8.314047117794576,5.74,7.4911005428474375,6.132081741813903,10.49601249377525,HIBRIDO_ANALOGO_CLIM,ANALOGO_DTW_HIBRIDO_CLIMATOLOGIA,30,10,0.1887261052440294,OK_ANALOGOS_CONTINUIDAD_CORREGIDA,-0.433530832498886,0.433530832498886,0.0,CORREGIDO_ANCLA_OBSERVADO
2026-10-10,REQUENA,4.0,2026-10-08,2026-11-15,60,38,8.327406430492513,8.700472528114524,8.327406430492513,5.74,7.522369061939746,6.113441054511838,10.541371806473187,HIBRIDO_ANALOGO_CLIM,ANALOGO_DTW_HIBRIDO_CLIMATOLOGIA,30,10,0.1887261052440294,OK_ANALOGOS_CONTINUIDAD_CORREGIDA,-0.433530832498886,0.433530832498886,0.0,CORREGIDO_ANCLA_OBSERVADO
2026-10-10,REQUENA,4.0,2026-10-08,2026-11-16,60,39,8.342766515544962,8.724380261851945,8.342766515544962,5.74,7.5501841193689225,6.206301139564286,10.479231891525636,HIBRIDO_ANALOGO_CLIM,ANALOGO_DTW_HIBRIDO_CLIMATOLOGIA,30,10,0.1887261052440294,OK_ANALOGOS_CONTINUIDAD_CORREGIDA,-0.433530832498886,0.433530832498886,0.0,CORREGIDO_ANCLA_OBSERVADO
2026-10-10,REQUENA,4.0,2026-10-08,2026-11-17,60,40,8.372116400782382,8.772033438802541,8.372116400782382,5.74,7.57228232474206,6.276151024801705,10.468081776763054,HIBRIDO_ANALOGO_CLIM,ANALOGO_DTW_HIBRIDO_CLIMATOLOGIA,30,10,0.1887261052440294,OK_ANALOGOS_CONTINUIDAD_CORREGIDA,-0.433530832498886,0.433530832498886,0.0,CORREGIDO_ANCLA_OBSERVADO
2026-10-10,REQUENA,4.0,2026-10-08,2026-11-18,60,41,8.39582089858263,8.81304967036531,8.39582089858263,5.74,7.5918922895379515,6.331855522601956,10.459786274563303,HIBRIDO_ANALOGO_CLIM,ANALOGO_DTW_HIBRIDO_CLIMATOLOGIA,30,10,0.1887261052440294,OK_ANALOGOS_CONTINUIDAD_CORREGIDA,-0.433530832498886,0.433530832498886,0.0,CORREGIDO_ANCLA_OBSERVADO
2026-10-10,REQUENA,4.0,2026-10-08,2026-11-19,60,42,8.422933253492317,8.861945514720801,8.422933253492317,5.74,7.607624768353699,6.4219678775116416,10.42389862947299,HIBRIDO_ANALOGO_CLIM,ANALOGO_DTW_HIBRIDO_CLIMATOLOGIA,30,10,0.1887261052440294,OK_ANALOGOS_CONTINUIDAD_CORREGIDA,-0.433530832498886,0.433530832498886,0.0,CORREGIDO_ANCLA_OBSERVADO
2026-10-10,REQUENA,4.0,2026-10-08,2026-11-20,60,43,8.455403512453014,8.909307912652263,8.455403512453014,5.74,7.642597958607845,6.505438136472339,10.405368888433689,HIBRIDO_ANALOGO_CLIM,ANALOGO_DTW_HIBRIDO_CLIMATOLOGIA,30,10,0.1887261052440294,OK_ANALOGOS_CONTINUIDAD_CORREGIDA,-0.433530832498886,0.433530832498886,0.0,CORREGIDO_ANCLA_OBSERVADO
2026-10-10,REQUENA,4.0,2026-10-08,2026-11-21,60,44,8.477493255695194,8.936998955504432,8.477493255695194,5.74,7.683801592388332,6.58802787971452,10.366958631675871,HIBRIDO_ANALOGO_CLIM,ANALOGO_DTW_HIBRIDO_CLIMATOLOGIA,30,10,0.1887261052440294,OK_ANALOGOS_CONTINUIDAD_CORREGIDA,-0.433530832498886,0.433530832498886,0.0,CORREGIDO_ANCLA_OBSERVADO
2026-10-10,REQUENA,4.0,2026-10-08,2026-11-22,60,45,8.495268230865094,8.95795252727035,8.495268230865094,5.74,7.724127736856334,6.6543028548844205,10.33623360684577,HIBRIDO_ANALOGO_CLIM,ANALOGO_DTW_HIBRIDO_CLIMATOLOGIA,30,10,0.1887261052440294,OK_ANALOGOS_CONTINUIDAD_CORREGIDA,-0.433530832498886,0.433530832498886,0.0,CORREGIDO_ANCLA_OBSERVADO
2026-10-10,REQUENA,4.0,2026-10-08,2026-11-23,60,46,8.528170982185713,8.998582303516756,8.528170982185713,5.74,7.771422334827086,6.77920560620504,10.277136358166388,HIBRIDO_ANALOGO_CLIM,ANALOGO_DTW_HIBRIDO_CLIMATOLOGIA,30,10,0.1887261052440294,OK_ANALOGOS_CONTINUIDAD_CORREGIDA,-0.433530832498886,0.433530832498886,0.0,CORREGIDO_ANCLA_OBSERVADO
2026-10-10,REQUENA,4.0,2026-10-08,2026-11-24,60,47,8.570531518638408,9.050037002700837,8.570531518638408,5.74,7.825767681690379,6.9030661426577336,10.23799689461908,HIBRIDO_ANALOGO_CLIM,ANALOGO_DTW_HIBRIDO_CLIMATOLOGIA,30,10,0.1887261052440294,OK_ANALOGOS_CONTINUIDAD_CORREGIDA,-0.433530832498886,0.433530832498886,0.0,CORREGIDO_ANCLA_OBSERVADO
2026-10-10,REQUENA,4.0,2026-10-08,2026-11-25,60,48,8.608578414336073,9.098498835180994,8.608578414336073,5.74,7.873697783068691,7.027613038355397,10.189543790316744,HIBRIDO_ANALOGO_CLIM,ANALOGO_DTW_HIBRIDO_CLIMATOLOGIA,30,10,0.1887261052440294,OK_ANALOGOS_CONTINUIDAD_CORREGIDA,-0.433530832498886,0.433530832498886,0.0,CORREGIDO_ANCLA_OBSERVADO
2026-10-10,REQUENA,4.0,2026-10-08,2026-11-26,60,49,8.666543389715688,9.150285434159347,8.666543389715688,5.74,7.965611039603444,7.160578013735013,10.17250876569636,HIBRIDO_ANALOGO_CLIM,ANALOGO_DTW_HIBRIDO_CLIMATOLOGIA,30,10,0.1887261052440294,OK_ANALOGOS_CONTINUIDAD_CORREGIDA,-0.433530832498886,0.433530832498886,0.0,CORREGIDO_ANCLA_OBSERVADO
2026-10-10,REQUENA,4.0,2026-10-08,2026-11-27,60,50,8.726507352353828,9.206103117433972,8.726507352353828,5.74,8.055073281241626,7.270041976373155,10.182972728334502,HIBRIDO_ANALOGO_CLIM,ANALOGO_DTW_HIBRIDO_CLIMATOLOGIA,30,10,0.1887261052440294,OK_ANALOGOS_CONTINUIDAD_CORREGIDA,-0.433530832498886,0.433530832498886,0.0,CORREGIDO_ANCLA_OBSERVADO
2026-10-10,REQUENA,4.0,2026-10-08,2026-11-28,60,51,8.785081339392011,9.264617861401067,8.785081339392011,5.74,8.136296633144465,7.359615963411339,10.210546715372686,HIBRIDO_ANALOGO_CLIM,ANALOGO_DTW_HIBRIDO_CLIMATOLOGIA,30,10,0.1887261052440294,OK_ANALOGOS_CONTINUIDAD_CORREGIDA,-0.433530832498886,0.433530832498886,0.0,CORREGIDO_ANCLA_OBSERVADO
2026-10-10,REQUENA,4.0,2026-10-08,2026-11-29,60,52,8.83789917264605,9.31706348698857,8.83789917264605,5.74,8.211299684659679,7.430933796665375,10.244864548626722,HIBRIDO_ANALOGO_CLIM,ANALOGO_DTW_HIBRIDO_CLIMATOLOGIA,30,10,0.1887261052440294,OK_ANALOGOS_CONTINUIDAD_CORREGIDA,-0.433530832498886,0.433530832498886,0.0,CORREGIDO_ANCLA_OBSERVADO
2026-10-10,REQUENA,4.0,2026-10-08,2026-11-30,60,53,8.89549067462693,9.38732227374858,8.89549067462693,5.74,8.27374129460522,7.524990674626929,10.26599067462693,HIBRIDO_ANALOGO_CLIM,ANALOGO_DTW_HIBRIDO_CLIMATOLOGIA,30,10,0.1887261052440294,OK_ANALOGOS_CONTINUIDAD_CORREGIDA,-0.433530832498886,0.433530832498886,0.0,CORREGIDO_ANCLA_OBSERVADO
2026-10-10,REQUENA,4.0,2026-10-08,2026-12-01,60,54,8.941662391544885,9.454178607736544,8.941662391544885,5.74,8.315253682866189,7.584485027663534,10.298839755426236,HIBRIDO_ANALOGO_CLIM,ANALOGO_DTW_HIBRIDO_CLIMATOLOGIA,30,10,0.1887261052440294,OK_ANALOGOS_CONTINUIDAD_CORREGIDA,-0.433530832498886,0.433530832498886,0.0,CORREGIDO_ANCLA_OBSERVADO
2026-10-10,REQUENA,4.0,2026-10-08,2026-12-02,60,55,8.985327419303992,9.49303814674931,8.985327419303992,5.74,8.385305650504982,7.512963252871096,10.457691585736892,HIBRIDO_ANALOGO_CLIM,ANALOGO_DTW_HIBRIDO_CLIMATOLOGIA,30,10,0.1887261052440294,OK_ANALOGOS_CONTINUIDAD_CORREGIDA,-0.433530832498886,0.433530832498886,0.0,CORREGIDO_ANCLA_OBSERVADO
2026-10-10,REQUENA,4.0,2026-10-08,2026-12-03,60,56,9.022934919488598,9.567397558070642,9.022934919488598,5.74,8.400691903966267,7.554417756239337,10.491452082737862,HIBRIDO_ANALOGO_CLIM,ANALOGO_DTW_HIBRIDO_CLIMATOLOGIA,30,10,0.1887261052440294,OK_ANALOGOS_CONTINUIDAD_CORREGIDA,-0.433530832498886,0.433530832498886,0.0,CORREGIDO_ANCLA_OBSERVADO
2026-10-10,REQUENA,4.0,2026-10-08,2026-12-04,60,57,9.046943387262065,9.611938303656189,9.046943387262065,5.74,8.422475321773819,7.571757320808191,10.522129453715937,HIBRIDO_ANALOGO_CLIM,ANALOGO_DTW_HIBRIDO_CLIMATOLOGIA,30,10,0.1887261052440294,OK_ANALOGOS_CONTINUIDAD_CORREGIDA,-0.433530832498886,0.433530832498886,0.0,CORREGIDO_ANCLA_OBSERVADO
2026-10-10,REQUENA,4.0,2026-10-08,2026-12-05,60,58,9.064380323263897,9.635640126773819,9.064380323263897,5.74,8.453723291925709,7.589446872617542,10.539313773910255,HIBRIDO_ANALOGO_CLIM,ANALOGO_DTW_HIBRIDO_CLIMATOLOGIA,30,10,0.1887261052440294,OK_ANALOGOS_CONTINUIDAD_CORREGIDA,-0.433530832498886,0.433530832498886,0.0,CORREGIDO_ANCLA_OBSERVADO
2026-10-10,REQUENA,4.0,2026-10-08,2026-12-06,60,59,9.099541608183603,9.667002479744614,9.099541608183603,5.74,8.512844774874761,7.610033731095232,10.589049485271971,HIBRIDO_ANALOGO_CLIM,ANALOGO_DTW_HIBRIDO_CLIMATOLOGIA,30,10,0.1887261052440294,OK_ANALOGOS_CONTINUIDAD_CORREGIDA,-0.433530832498886,0.433530832498886,0.0,CORREGIDO_ANCLA_OBSERVADO
2026-10-10,REQUENA,4.0,2026-10-08,2026-12-07,60,60,9.138409230847728,9.699868223682394,9.138409230847728,5.74,8.576950238013062,7.654629574164039,10.622188887531415,HIBRIDO_ANALOGO_CLIM,ANALOGO_DTW_HIBRIDO_CLIMATOLOGIA,30,10,0.1887261052440294,OK_ANALOGOS_CONTINUIDAD_CORREGIDA,-0.433530832498886,0.433530832498886,0.0,CORREGIDO_ANCLA_OBSERVADO
2026-10-10,REQUENA,4.0,2026-10-08,2026-10-09,90,1,5.74,6.196358109637946,5.74,5.74,4.370925671086162,5.684168903204611,5.795831096795389,HIBRIDO_ANALOGO_CLIM,ANALOGO_DTW_HIBRIDO_CLIMATOLOGIA,30,10,0.1919343747693762,OK_ANALOGOS_CONTINUIDAD_CORREGIDA,-0.42521348309594753,0.42521348309594753,0.0,CORREGIDO_ANCLA_OBSERVADO
2026-10-10,REQUENA,4.0,2026-10-08,2026-10-10,90,2,5.777463785519632,6.235304181384602,5.777463785519632,5.74,4.403942597924722,5.615463785519632,5.9394637855196315,HIBRIDO_ANALOGO_CLIM,ANALOGO_DTW_HIBRIDO_CLIMATOLOGIA,30,10,0.1919343747693762,OK_ANALOGOS_CONTINUIDAD_CORREGIDA,-0.42521348309594753,0.42521348309594753,0.0,CORREGIDO_ANCLA_OBSERVADO
2026-10-10,REQUENA,4.0,2026-10-08,2026-10-11,90,3,5.803269929423856,6.2588600526099665,5.803269929423856,5.74,4.436499559865525,5.595769929423856,6.010769929423856,HIBRIDO_ANALOGO_CLIM,ANALOGO_DTW_HIBRIDO_CLIMATOLOGIA,30,10,0.1919343747693762,OK_ANALOGOS_CONTINUIDAD_CORREGIDA,-0.42521348309594753,0.42521348309594753,0.0,CORREGIDO_ANCLA_OBSERVADO
2026-10-10,REQUENA,4.0,2026-10-08,2026-10-12,90,4,5.830025898234503,6.265351570970297,5.830025898234503,5.74,4.524048880027123,5.602788391668928,6.057263404800078,HIBRIDO_ANALOGO_CLIM,ANALOGO_DTW_HIBRIDO_CLIMATOLOGIA,30,10,0.1919343747693762,OK_ANALOGOS_CONTINUIDAD_CORREGIDA,-0.42521348309594753,0.42521348309594753,0.0,CORREGIDO_ANCLA_OBSERVADO
2026-10-10,REQUENA,4.0,2026-10-08,2026-10-13,90,5,5.841574482348301,6.264247558973678,5.841574482348301,5.74,4.573555252472171,5.545169817824103,6.137979146872499,HIBRIDO_ANALOGO_CLIM,ANALOGO_DTW_HIBRIDO_CLIMATOLOGIA,30,10,0.1919343747693762,OK_ANALOGOS_CONTINUIDAD_CORREGIDA,-0.42521348309594753,0.42521348309594753,0.0,CORREGIDO_ANCLA_OBSERVADO
2026-10-10,REQUENA,4.0,2026-10-08,2026-10-14,90,6,5.864756490262344,6.265384644562,5.864756490262344,5.74,4.662872027363376,5.469521310431549,6.2599916700931395,HIBRIDO_ANALOGO_CLIM,ANALOGO_DTW_HIBRIDO_CLIMATOLOGIA,30,10,0.1919343747693762,OK_ANALOGOS_CONTINUIDAD_CORREGIDA,-0.42521348309594753,0.42521348309594753,0.0,CORREGIDO_ANCLA_OBSERVADO
2026-10-10,REQUENA,4.0,2026-10-08,2026-10-15,90,7,5.891408447704514,6.270099970049762,5.891408447704514,5.74,4.7553338806687675,5.503026341991967,6.279790553417059,HIBRIDO_ANALOGO_CLIM,ANALOGO_DTW_HIBRIDO_CLIMATOLOGIA,30,10,0.1919343747693762,OK_ANALOGOS_CONTINUIDAD_CORREGIDA,-0.42521348309594753,0.42521348309594753,0.0,CORREGIDO_ANCLA_OBSERVADO
2026-10-10,REQUENA,4.0,2026-10-08,2026-10-16,90,8,5.925729777373365,6.283581444057209,5.925729777373365,5.74,4.852174777321834,5.396604819498369,6.454854735248362,HIBRIDO_ANALOGO_CLIM,ANALOGO_DTW_HIBRIDO_CLIMATOLOGIA,30,10,0.1919343747693762,OK_ANALOGOS_CONTINUIDAD_CORREGIDA,-0.42521348309594753,0.42521348309594753,0.0,CORREGIDO_ANCLA_OBSERVADO
2026-10-10,REQUENA,4.0,2026-10-08,2026-10-17,90,9,5.963271757569809,6.300160412298933,5.963271757569809,5.74,4.95260579338244,5.2975350293569035,6.629008485782716,HIBRIDO_ANALOGO_CLIM,ANALOGO_DTW_HIBRIDO_CLIMATOLOGIA,30,10,0.1919343747693762,OK_ANALOGOS_CONTINUIDAD_CORREGIDA,-0.42521348309594753,0.42521348309594753,0.0,CORREGIDO_ANCLA_OBSERVADO
2026-10-10,REQUENA,4.0,2026-10-08,2026-10-18,90,10,6.1775599232353855,6.553201926178873,6.1775599232353855,5.74,5.050633914404926,5.436559923235386,6.918559923235385,HIBRIDO_ANALOGO_CLIM,ANALOGO_DTW_HIBRIDO_CLIMATOLOGIA,30,10,0.1919343747693762,OK_ANALOGOS_CONTINUIDAD_CORREGIDA,-0.42521348309594753,0.42521348309594753,0.0,CORREGIDO_ANCLA_OBSERVADO
2026-10-10,REQUENA,4.0,2026-10-08,2026-10-19,90,11,6.286488711513208,6.668783272074789,6.286488711513208,5.74,5.139605029828465,4.917488711513207,7.6554887115132075,HIBRIDO_ANALOGO_CLIM,ANALOGO_DTW_HIBRIDO_CLIMATOLOGIA,30,10,0.1919343747693762,OK_ANALOGOS_CONTINUIDAD_CORREGIDA,-0.42521348309594753,0.42521348309594753,0.0,CORREGIDO_ANCLA_OBSERVADO
2026-10-10,REQUENA,4.0,2026-10-08,2026-10-20,90,12,6.304553531516849,6.665483399702066,6.304553531516849,5.74,5.221763926961194,4.887553531516849,7.721553531516848,HIBRIDO_ANALOGO_CLIM,ANALOGO_DTW_HIBRIDO_CLIMATOLOGIA,30,10,0.1919343747693762,OK_ANALOGOS_CONTINUIDAD_CORREGIDA,-0.42521348309594753,0.42521348309594753,0.0,CORREGIDO_ANCLA_OBSERVADO
2026-10-10,REQUENA,4.0,2026-10-08,2026-10-21,90,13,6.314684200041959,6.652693088145561,6.314684200041959,5.74,5.30065753573115,4.864184200041959,7.765184200041959,HIBRIDO_ANALOGO_CLIM,ANALOGO_DTW_HIBRIDO_CLIMATOLOGIA,30,10,0.1919343747693762,OK_ANALOGOS_CONTINUIDAD_CORREGIDA,-0.42521348309594753,0.42521348309594753,0.0,CORREGIDO_ANCLA_OBSERVADO
2026-10-10,REQUENA,4.0,2026-10-08,2026-10-22,90,14,6.334428694329098,6.652373972103399,6.334428694329098,5.74,5.380592861006196,4.855428694329098,7.813428694329098,HIBRIDO_ANALOGO_CLIM,ANALOGO_DTW_HIBRIDO_CLIMATOLOGIA,30,10,0.1919343747693762,OK_ANALOGOS_CONTINUIDAD_CORREGIDA,-0.42521348309594753,0.42521348309594753,0.0,CORREGIDO_ANCLA_OBSERVADO
2026-10-10,REQUENA,4.0,2026-10-08,2026-10-23,90,15,6.36515669763373,6.668767652152029,6.36515669763373,5.74,5.454323834078836,4.86965669763373,7.86065669763373,HIBRIDO_ANALOGO_CLIM,ANALOGO_DTW_HIBRIDO_CLIMATOLOGIA,30,10,0.1919343747693762,OK_ANALOGOS_CONTINUIDAD_CORREGIDA,-0.42521348309594753,0.42521348309594753,0.0,CORREGIDO_ANCLA_OBSERVADO
2026-10-10,REQUENA,4.0,2026-10-08,2026-10-24,90,16,6.412607289917104,6.706809988982578,6.412607289917104,5.74,5.529999192720685,4.895107289917103,7.930107289917104,HIBRIDO_ANALOGO_CLIM,ANALOGO_DTW_HIBRIDO_CLIMATOLOGIA,30,10,0.1919343747693762,OK_ANALOGOS_CONTINUIDAD_CORREGIDA,-0.42521348309594753,0.42521348309594753,0.0,CORREGIDO_ANCLA_OBSERVADO
2026-10-10,REQUENA,4.0,2026-10-08,2026-10-25,90,17,6.470525305321041,6.7661220992642,6.470525305321041,5.74,5.583734923491563,4.92002530532104,8.02102530532104,HIBRIDO_ANALOGO_CLIM,ANALOGO_DTW_HIBRIDO_CLIMATOLOGIA,30,10,0.1919343747693762,OK_ANALOGOS_CONTINUIDAD_CORREGIDA,-0.42521348309594753,0.42521348309594753,0.0,CORREGIDO_ANCLA_OBSERVADO
2026-10-10,REQUENA,4.0,2026-10-08,2026-10-26,90,18,6.565709818886634,6.8742253793163535,6.565709818886634,5.74,5.640163137597473,4.998209818886634,8.133209818886634,HIBRIDO_ANALOGO_CLIM,ANALOGO_DTW_HIBRIDO_CLIMATOLOGIA,30,10,0.1919343747693762,OK_ANALOGOS_CONTINUIDAD_CORREGIDA,-0.42521348309594753,0.42521348309594753,0.0,CORREGIDO_ANCLA_OBSERVADO
2026-10-10,REQUENA,4.0,2026-10-08,2026-10-27,90,19,6.68813583576157,7.020745621930554,6.68813583576157,5.74,5.690306477254619,5.10663583576157,8.26963583576157,HIBRIDO_ANALOGO_CLIM,ANALOGO_DTW_HIBRIDO_CLIMATOLOGIA,30,10,0.1919343747693762,OK_ANALOGOS_CONTINUIDAD_CORREGIDA,-0.42521348309594753,0.42521348309594753,0.0,CORREGIDO_ANCLA_OBSERVADO
2026-10-10,REQUENA,4.0,2026-10-08,2026-10-28,90,20,6.813181456932469,7.170213695257694,6.813181456932469,5.74,5.742084741956794,5.20718145693247,8.419181456932469,HIBRIDO_ANALOGO_CLIM,ANALOGO_DTW_HIBRIDO_CLIMATOLOGIA,30,10,0.1919343747693762,OK_ANALOGOS_CONTINUIDAD_CORREGIDA,-0.42521348309594753,0.42521348309594753,0.0,CORREGIDO_ANCLA_OBSERVADO
2026-10-10,REQUENA,4.0,2026-10-08,2026-10-29,90,21,6.918890666673124,7.290734987554512,6.918890666673124,5.74,5.803357704028955,5.309890666673124,8.527890666673123,HIBRIDO_ANALOGO_CLIM,ANALOGO_DTW_HIBRIDO_CLIMATOLOGIA,30,10,0.1919343747693762,OK_ANALOGOS_CONTINUIDAD_CORREGIDA,-0.42521348309594753,0.42521348309594753,0.0,CORREGIDO_ANCLA_OBSERVADO
2026-10-10,REQUENA,4.0,2026-10-08,2026-10-30,90,22,7.005756261783581,7.379474336995648,7.005756261783581,5.74,5.884602036147381,5.402256261783582,8.609256261783582,HIBRIDO_ANALOGO_CLIM,ANALOGO_DTW_HIBRIDO_CLIMATOLOGIA,30,10,0.1919343747693762,OK_ANALOGOS_CONTINUIDAD_CORREGIDA,-0.42521348309594753,0.42521348309594753,0.0,CORREGIDO_ANCLA_OBSERVADO
2026-10-10,REQUENA,4.0,2026-10-08,2026-10-31,90,23,7.0938102205314575,7.454151915506293,7.0938102205314575,5.74,6.012785135606949,5.524310220531458,8.663310220531457,HIBRIDO_ANALOGO_CLIM,ANALOGO_DTW_HIBRIDO_CLIMATOLOGIA,30,10,0.1919343747693762,OK_ANALOGOS_CONTINUIDAD_CORREGIDA,-0.42521348309594753,0.42521348309594753,0.0,CORREGIDO_ANCLA_OBSERVADO
2026-10-10,REQUENA,4.0,2026-10-08,2026-11-01,90,24,7.147043748814897,7.534906479275959,7.147043748814897,5.74,5.983455557431715,5.394543748814897,8.899543748814896,HIBRIDO_ANALOGO_CLIM,ANALOGO_DTW_HIBRIDO_CLIMATOLOGIA,30,10,0.1919343747693762,OK_ANALOGOS_CONTINUIDAD_CORREGIDA,-0.42521348309594753,0.42521348309594753,0.0,CORREGIDO_ANCLA_OBSERVADO
2026-10-10,REQUENA,4.0,2026-10-08,2026-11-02,90,25,7.200342870199985,7.558030405886264,7.200342870199985,5.74,6.127280263141147,5.418342870199985,8.982342870199986,HIBRIDO_ANALOGO_CLIM,ANALOGO_DTW_HIBRIDO_CLIMATOLOGIA,30,10,0.1919343747693762,OK_ANALOGOS_CONTINUIDAD_CORREGIDA,-0.42521348309594753,0.42521348309594753,0.0,CORREGIDO_ANCLA_OBSERVADO
2026-10-10,REQUENA,4.0,2026-10-08,2026-11-03,90,26,7.22625629694138,7.559564165193058,7.22625629694138,5.74,6.226332692186345,5.42575629694138,9.026756296941382,HIBRIDO_ANALOGO_CLIM,ANALOGO_DTW_HIBRIDO_CLIMATOLOGIA,30,10,0.1919343747693762,OK_ANALOGOS_CONTINUIDAD_CORREGIDA,-0.42521348309594753,0.42521348309594753,0.0,CORREGIDO_ANCLA_OBSERVADO
2026-10-10,REQUENA,4.0,2026-10-08,2026-11-04,90,27,7.2704049347998305,7.577209182818911,7.2704049347998305,5.74,6.349992190742589,5.464904934799831,9.07590493479983,HIBRIDO_ANALOGO_CLIM,ANALOGO_DTW_HIBRIDO_CLIMATOLOGIA,30,10,0.1919343747693762,OK_ANALOGOS_CONTINUIDAD_CORREGIDA,-0.42521348309594753,0.42521348309594753,0.0,CORREGIDO_ANCLA_OBSERVADO
2026-10-10,REQUENA,4.0,2026-10-08,2026-11-05,90,28,7.330400330803663,7.612348586357466,7.330400330803663,5.74,6.484555564142255,5.5054003308036625,9.155400330803662,HIBRIDO_ANALOGO_CLIM,ANALOGO_DTW_HIBRIDO_CLIMATOLOGIA,30,10,0.1919343747693762,OK_ANALOGOS_CONTINUIDAD_CORREGIDA,-0.42521348309594753,0.42521348309594753,0.0,CORREGIDO_ANCLA_OBSERVADO
2026-10-10,REQUENA,4.0,2026-10-08,2026-11-06,90,29,7.395503662304246,7.655022692141618,7.395503662304246,5.74,6.616946572792129,5.5500036623042455,9.241003662304248,HIBRIDO_ANALOGO_CLIM,ANALOGO_DTW_HIBRIDO_CLIMATOLOGIA,30,10,0.1919343747693762,OK_ANALOGOS_CONTINUIDAD_CORREGIDA,-0.42521348309594753,0.42521348309594753,0.0,CORREGIDO_ANCLA_OBSERVADO
2026-10-10,REQUENA,4.0,2026-10-08,2026-11-07,90,30,7.675746084396174,7.9837328239701835,7.675746084396174,5.74,6.751785865674143,5.236083264842766,10.115408903949582,HIBRIDO_ANALOGO_CLIM,ANALOGO_DTW_HIBRIDO_CLIMATOLOGIA,30,10,0.1919343747693762,OK_ANALOGOS_CONTINUIDAD_CORREGIDA,-0.42521348309594753,0.42521348309594753,0.0,CORREGIDO_ANCLA_OBSERVADO
2026-10-10,REQUENA,4.0,2026-10-08,2026-11-08,90,31,7.763450395477925,8.065909895576826,7.763450395477925,5.74,6.8950989274520476,5.2432875759245166,10.283613215031334,HIBRIDO_ANALOGO_CLIM,ANALOGO_DTW_HIBRIDO_CLIMATOLOGIA,30,10,0.1919343747693762,OK_ANALOGOS_CONTINUIDAD_CORREGIDA,-0.42521348309594753,0.42521348309594753,0.0,CORREGIDO_ANCLA_OBSERVADO
2026-10-10,REQUENA,4.0,2026-10-08,2026-11-09,90,32,7.848468815647405,8.148272434577237,7.848468815647405,5.74,7.024008863590364,5.1798059960939975,10.517131635200812,HIBRIDO_ANALOGO_CLIM,ANALOGO_DTW_HIBRIDO_CLIMATOLOGIA,30,10,0.1919343747693762,OK_ANALOGOS_CONTINUIDAD_CORREGIDA,-0.42521348309594753,0.42521348309594753,0.0,CORREGIDO_ANCLA_OBSERVADO
2026-10-10,REQUENA,4.0,2026-10-08,2026-11-10,90,33,7.9244853053350175,8.223515023969146,7.9244853053350175,5.74,7.136134228935948,5.069822485781609,10.779148124888426,HIBRIDO_ANALOGO_CLIM,ANALOGO_DTW_HIBRIDO_CLIMATOLOGIA,30,10,0.1919343747693762,OK_ANALOGOS_CONTINUIDAD_CORREGIDA,-0.42521348309594753,0.42521348309594753,0.0,CORREGIDO_ANCLA_OBSERVADO
2026-10-10,REQUENA,4.0,2026-10-08,2026-11-11,90,34,7.9900531530394385,8.290236975754041,7.9900531530394385,5.74,7.230764660290739,4.91439033348603,11.065715972592848,HIBRIDO_ANALOGO_CLIM,ANALOGO_DTW_HIBRIDO_CLIMATOLOGIA,30,10,0.1919343747693762,OK_ANALOGOS_CONTINUIDAD_CORREGIDA,-0.42521348309594753,0.42521348309594753,0.0,CORREGIDO_ANCLA_OBSERVADO
2026-10-10,REQUENA,4.0,2026-10-08,2026-11-12,90,35,8.036845683620697,8.329750673300374,8.036845683620697,5.74,7.325504994398622,4.757380307640022,11.316311059601372,HIBRIDO_ANALOGO_CLIM,ANALOGO_DTW_HIBRIDO_CLIMATOLOGIA,30,10,0.1919343747693762,OK_ANALOGOS_CONTINUIDAD_CORREGIDA,-0.42521348309594753,0.42521348309594753,0.0,CORREGIDO_ANCLA_OBSERVADO
2026-10-10,REQUENA,4.0,2026-10-08,2026-11-13,90,36,8.058665159989882,8.33970996470078,8.058665159989882,5.74,7.402893948997783,4.768699784009208,11.348630535970557,HIBRIDO_ANALOGO_CLIM,ANALOGO_DTW_HIBRIDO_CLIMATOLOGIA,30,10,0.1919343747693762,OK_ANALOGOS_CONTINUIDAD_CORREGIDA,-0.42521348309594753,0.42521348309594753,0.0,CORREGIDO_ANCLA_OBSERVADO
2026-10-10,REQUENA,4.0,2026-10-08,2026-11-14,90,37,8.07856959766865,8.344161127262549,8.07856959766865,5.74,7.482783193444499,4.776104221687976,11.381034973649324,HIBRIDO_ANALOGO_CLIM,ANALOGO_DTW_HIBRIDO_CLIMATOLOGIA,30,10,0.1919343747693762,OK_ANALOGOS_CONTINUIDAD_CORREGIDA,-0.42521348309594753,0.42521348309594753,0.0,CORREGIDO_ANCLA_OBSERVADO
2026-10-10,REQUENA,4.0,2026-10-08,2026-11-15,90,38,8.07898339715608,8.340781007101597,8.07898339715608,5.74,7.514051712536808,4.749018021175407,11.408948773136753,HIBRIDO_ANALOGO_CLIM,ANALOGO_DTW_HIBRIDO_CLIMATOLOGIA,30,10,0.1919343747693762,OK_ANALOGOS_CONTINUIDAD_CORREGIDA,-0.42521348309594753,0.42521348309594753,0.0,CORREGIDO_ANCLA_OBSERVADO
2026-10-10,REQUENA,4.0,2026-10-08,2026-11-16,90,39,8.08289799487616,8.343394510573651,8.08289799487616,5.74,7.541866769965984,4.825932618895484,11.339863370856833,HIBRIDO_ANALOGO_CLIM,ANALOGO_DTW_HIBRIDO_CLIMATOLOGIA,30,10,0.1919343747693762,OK_ANALOGOS_CONTINUIDAD_CORREGIDA,-0.42521348309594753,0.42521348309594753,0.0,CORREGIDO_ANCLA_OBSERVADO
2026-10-10,REQUENA,4.0,2026-10-08,2026-11-17,90,40,8.104074009064792,8.374128525927627,8.104074009064792,5.74,7.563964975339122,4.865108633084119,11.343039385045468,HIBRIDO_ANALOGO_CLIM,ANALOGO_DTW_HIBRIDO_CLIMATOLOGIA,30,10,0.1919343747693762,OK_ANALOGOS_CONTINUIDAD_CORREGIDA,-0.42521348309594753,0.42521348309594753,0.0,CORREGIDO_ANCLA_OBSERVADO
2026-10-10,REQUENA,4.0,2026-10-08,2026-11-18,90,41,8.124151425985204,8.404703779401125,8.124151425985204,5.74,7.583574940135013,4.88118605000453,11.367116801965878,HIBRIDO_ANALOGO_CLIM,ANALOGO_DTW_HIBRIDO_CLIMATOLOGIA,30,10,0.1919343747693762,OK_ANALOGOS_CONTINUIDAD_CORREGIDA,-0.42521348309594753,0.42521348309594753,0.0,CORREGIDO_ANCLA_OBSERVADO
2026-10-10,REQUENA,4.0,2026-10-08,2026-11-19,90,42,8.100531032842614,8.370420671092074,8.100531032842614,5.74,7.599307418950761,4.344565656861938,11.856496408823286,HIBRIDO_ANALOGO_CLIM,ANALOGO_DTW_HIBRIDO_CLIMATOLOGIA,30,10,0.1919343747693762,OK_ANALOGOS_CONTINUIDAD_CORREGIDA,-0.42521348309594753,0.42521348309594753,0.0,CORREGIDO_ANCLA_OBSERVADO
2026-10-10,REQUENA,4.0,2026-10-08,2026-11-20,90,43,8.132569961062348,8.410835443268454,8.132569961062348,5.74,7.6342806092049065,4.355604585081675,11.909535337043025,HIBRIDO_ANALOGO_CLIM,ANALOGO_DTW_HIBRIDO_CLIMATOLOGIA,30,10,0.1919343747693762,OK_ANALOGOS_CONTINUIDAD_CORREGIDA,-0.42521348309594753,0.42521348309594753,0.0,CORREGIDO_ANCLA_OBSERVADO
2026-10-10,REQUENA,4.0,2026-10-08,2026-11-21,90,44,8.156125605383842,8.434391657298733,8.156125605383842,5.74,7.675484242985394,4.384660229403167,11.927590981364517,HIBRIDO_ANALOGO_CLIM,ANALOGO_DTW_HIBRIDO_CLIMATOLOGIA,30,10,0.1919343747693762,OK_ANALOGOS_CONTINUIDAD_CORREGIDA,-0.42521348309594753,0.42521348309594753,0.0,CORREGIDO_ANCLA_OBSERVADO
2026-10-10,REQUENA,4.0,2026-10-08,2026-11-22,90,45,8.177276725806927,8.454156528819048,8.177276725806927,5.74,7.715810387453396,4.445311349826253,11.909242101787601,HIBRIDO_ANALOGO_CLIM,ANALOGO_DTW_HIBRIDO_CLIMATOLOGIA,30,10,0.1919343747693762,OK_ANALOGOS_CONTINUIDAD_CORREGIDA,-0.42521348309594753,0.42521348309594753,0.0,CORREGIDO_ANCLA_OBSERVADO
2026-10-10,REQUENA,4.0,2026-10-08,2026-11-23,90,46,8.211344219174677,8.489979418533114,8.211344219174677,5.74,7.763104985424148,4.521878843194003,11.900809595155351,HIBRIDO_ANALOGO_CLIM,ANALOGO_DTW_HIBRIDO_CLIMATOLOGIA,30,10,0.1919343747693762,OK_ANALOGOS_CONTINUIDAD_CORREGIDA,-0.42521348309594753,0.42521348309594753,0.0,CORREGIDO_ANCLA_OBSERVADO
2026-10-10,REQUENA,4.0,2026-10-08,2026-11-24,90,47,8.255319338628148,8.537235000244767,8.255319338628148,5.74,7.81745033228744,4.581853962647474,11.928784714608824,HIBRIDO_ANALOGO_CLIM,ANALOGO_DTW_HIBRIDO_CLIMATOLOGIA,30,10,0.1919343747693762,OK_ANALOGOS_CONTINUIDAD_CORREGIDA,-0.42521348309594753,0.42521348309594753,0.0,CORREGIDO_ANCLA_OBSERVADO
2026-10-10,REQUENA,4.0,2026-10-08,2026-11-25,90,48,8.295094143315591,8.581569949748818,8.295094143315591,5.74,7.865380433665752,4.654128767334918,11.936059519296265,HIBRIDO_ANALOGO_CLIM,ANALOGO_DTW_HIBRIDO_CLIMATOLOGIA,30,10,0.1919343747693762,OK_ANALOGOS_CONTINUIDAD_CORREGIDA,-0.42521348309594753,0.42521348309594753,0.0,CORREGIDO_ANCLA_OBSERVADO
2026-10-10,REQUENA,4.0,2026-10-08,2026-11-26,90,49,8.353922984656087,8.62765306111135,8.353922984656087,5.74,7.957293690200506,4.738957608675414,11.968888360636761,HIBRIDO_ANALOGO_CLIM,ANALOGO_DTW_HIBRIDO_CLIMATOLOGIA,30,10,0.1919343747693762,OK_ANALOGOS_CONTINUIDAD_CORREGIDA,-0.42521348309594753,0.42521348309594753,0.0,CORREGIDO_ANCLA_OBSERVADO
2026-10-10,REQUENA,4.0,2026-10-08,2026-11-27,90,50,8.413520727239831,8.675495581097792,8.413520727239831,5.74,8.046755931838689,4.813055351259158,12.013986103220507,HIBRIDO_ANALOGO_CLIM,ANALOGO_DTW_HIBRIDO_CLIMATOLOGIA,30,10,0.1919343747693762,OK_ANALOGOS_CONTINUIDAD_CORREGIDA,-0.42521348309594753,0.42521348309594753,0.0,CORREGIDO_ANCLA_OBSERVADO
2026-10-10,REQUENA,4.0,2026-10-08,2026-11-28,90,51,8.471818125384008,8.725959877902362,8.471818125384008,5.74,8.127979283741528,4.8818527494033335,12.06178350136468,HIBRIDO_ANALOGO_CLIM,ANALOGO_DTW_HIBRIDO_CLIMATOLOGIA,30,10,0.1919343747693762,OK_ANALOGOS_CONTINUIDAD_CORREGIDA,-0.42521348309594753,0.42521348309594753,0.0,CORREGIDO_ANCLA_OBSERVADO
2026-10-10,REQUENA,4.0,2026-10-08,2026-11-29,90,52,8.523943258846767,8.769383965121495,8.523943258846767,5.74,8.202982335256738,4.921477882866094,12.126408634827442,HIBRIDO_ANALOGO_CLIM,ANALOGO_DTW_HIBRIDO_CLIMATOLOGIA,30,10,0.1919343747693762,OK_ANALOGOS_CONTINUIDAD_CORREGIDA,-0.42521348309594753,0.42521348309594753,0.0,CORREGIDO_ANCLA_OBSERVADO
2026-10-10,REQUENA,4.0,2026-10-08,2026-11-30,90,53,8.581659764693114,8.831816457723178,8.581659764693114,5.74,8.265423945202283,5.103694388712442,12.059625140673791,HIBRIDO_ANALOGO_CLIM,ANALOGO_DTW_HIBRIDO_CLIMATOLOGIA,30,10,0.1919343747693762,OK_ANALOGOS_CONTINUIDAD_CORREGIDA,-0.42521348309594753,0.42521348309594753,0.0,CORREGIDO_ANCLA_OBSERVADO
2026-10-10,REQUENA,4.0,2026-10-08,2026-12-01,90,54,8.628453926261859,8.89151377491526,8.628453926261859,5.74,8.306936333463252,5.183488550281184,12.073419302242531,HIBRIDO_ANALOGO_CLIM,ANALOGO_DTW_HIBRIDO_CLIMATOLOGIA,30,10,0.1919343747693762,OK_ANALOGOS_CONTINUIDAD_CORREGIDA,-0.42521348309594753,0.42521348309594753,0.0,CORREGIDO_ANCLA_OBSERVADO
2026-10-10,REQUENA,4.0,2026-10-08,2026-12-02,90,55,8.67270438476546,8.922925686326813,8.67270438476546,5.74,8.376988301102044,5.254239008784786,12.091169760746133,HIBRIDO_ANALOGO_CLIM,ANALOGO_DTW_HIBRIDO_CLIMATOLOGIA,30,10,0.1919343747693762,OK_ANALOGOS_CONTINUIDAD_CORREGIDA,-0.42521348309594753,0.42521348309594753,0.0,CORREGIDO_ANCLA_OBSERVADO
2026-10-10,REQUENA,4.0,2026-10-08,2026-12-03,90,56,8.712340383949574,8.99231048466254,8.712340383949574,5.74,8.392374554563329,5.3083750079689,12.116305759930249,HIBRIDO_ANALOGO_CLIM,ANALOGO_DTW_HIBRIDO_CLIMATOLOGIA,30,10,0.1919343747693762,OK_ANALOGOS_CONTINUIDAD_CORREGIDA,-0.42521348309594753,0.42521348309594753,0.0,CORREGIDO_ANCLA_OBSERVADO
2026-10-10,REQUENA,4.0,2026-10-08,2026-12-04,90,57,8.73866761510525,9.032271577579202,8.73866761510525,5.74,8.41415797237088,5.333202239124575,12.144132991085922,HIBRIDO_ANALOGO_CLIM,ANALOGO_DTW_HIBRIDO_CLIMATOLOGIA,30,10,0.1919343747693762,OK_ANALOGOS_CONTINUIDAD_CORREGIDA,-0.42521348309594753,0.42521348309594753,0.0,CORREGIDO_ANCLA_OBSERVADO
2026-10-10,REQUENA,4.0,2026-10-08,2026-12-05,90,58,8.758911317454679,9.05219053916517,8.758911317454679,5.74,8.445405942522768,5.317445941474003,12.200376693435352,HIBRIDO_ANALOGO_CLIM,ANALOGO_DTW_HIBRIDO_CLIMATOLOGIA,30,10,0.1919343747693762,OK_ANALOGOS_CONTINUIDAD_CORREGIDA,-0.42521348309594753,0.42521348309594753,0.0,CORREGIDO_ANCLA_OBSERVADO
2026-10-10,REQUENA,4.0,2026-10-08,2026-12-06,90,59,8.795754264583966,9.077432682741613,8.795754264583966,5.74,8.50452742547182,5.315254264583965,12.276254264583965,HIBRIDO_ANALOGO_CLIM,ANALOGO_DTW_HIBRIDO_CLIMATOLOGIA,30,10,0.1919343747693762,OK_ANALOGOS_CONTINUIDAD_CORREGIDA,-0.42521348309594753,0.42521348309594753,0.0,CORREGIDO_ANCLA_OBSERVADO
2026-10-10,REQUENA,4.0,2026-10-08,2026-12-07,90,60,8.839480428704558,9.110327968798995,8.839480428704558,5.74,8.568632888610122,5.23998042870456,12.438980428704557,HIBRIDO_ANALOGO_CLIM,ANALOGO_DTW_HIBRIDO_CLIMATOLOGIA,30,10,0.1919343747693762,OK_ANALOGOS_CONTINUIDAD_CORREGIDA,-0.42521348309594753,0.42521348309594753,0.0,CORREGIDO_ANCLA_OBSERVADO
2026-10-10,REQUENA,4.0,2026-10-08,2026-12-08,90,61,8.875789862819293,9.143128491613655,8.875789862819293,5.74,8.61721643496901,5.181289862819294,12.570289862819294,HIBRIDO_ANALOGO_CLIM,ANALOGO_DTW_HIBRIDO_CLIMATOLOGIA,30,10,0.1919343747693762,OK_ANALOGOS_CONTINUIDAD_CORREGIDA,-0.42521348309594753,0.42521348309594753,0.0,CORREGIDO_ANCLA_OBSERVADO
2026-10-10,REQUENA,4.0,2026-10-08,2026-12-09,90,62,8.913978577785524,9.176399250437573,8.913978577785524,5.74,8.668488271111027,5.192978577785524,12.634978577785525,HIBRIDO_ANALOGO_CLIM,ANALOGO_DTW_HIBRIDO_CLIMATOLOGIA,30,10,0.1919343747693762,OK_ANALOGOS_CONTINUIDAD_CORREGIDA,-0.42521348309594753,0.42521348309594753,0.0,CORREGIDO_ANCLA_OBSERVADO
2026-10-10,REQUENA,4.0,2026-10-08,2026-12-10,90,63,8.947604032472949,9.189644751103273,8.947604032472949,5.74,8.728614810855039,5.25760403247295,12.63760403247295,HIBRIDO_ANALOGO_CLIM,ANALOGO_DTW_HIBRIDO_CLIMATOLOGIA,30,10,0.1919343747693762,OK_ANALOGOS_CONTINUIDAD_CORREGIDA,-0.42521348309594753,0.42521348309594753,0.0,CORREGIDO_ANCLA_OBSERVADO
2026-10-10,REQUENA,4.0,2026-10-08,2026-12-11,90,64,8.981674925802555,9.19353719617136,8.981674925802555,5.74,8.796295439229851,5.350674925802556,12.612674925802555,HIBRIDO_ANALOGO_CLIM,ANALOGO_DTW_HIBRIDO_CLIMATOLOGIA,30,10,0.1919343747693762,OK_ANALOGOS_CONTINUIDAD_CORREGIDA,-0.42521348309594753,0.42521348309594753,0.0,CORREGIDO_ANCLA_OBSERVADO
2026-10-10,REQUENA,4.0,2026-10-08,2026-12-12,90,65,9.01114581781162,9.188696032447211,9.01114581781162,5.74,8.860911020812274,5.44464581781162,12.577645817811618,HIBRIDO_ANALOGO_CLIM,ANALOGO_DTW_HIBRIDO_CLIMATOLOGIA,30,10,0.1919343747693762,OK_ANALOGOS_CONTINUIDAD_CORREGIDA,-0.42521348309594753,0.42521348309594753,0.0,CORREGIDO_ANCLA_OBSERVADO
2026-10-10,REQUENA,4.0,2026-10-08,2026-12-13,90,66,9.052618211839928,9.169308883760934,9.052618211839928,5.74,8.95714402572274,5.555118211839928,12.55011821183993,HIBRIDO_ANALOGO_CLIM,ANALOGO_DTW_HIBRIDO_CLIMATOLOGIA,30,10,0.1919343747693762,OK_ANALOGOS_CONTINUIDAD_CORREGIDA,-0.42521348309594753,0.42521348309594753,0.0,CORREGIDO_ANCLA_OBSERVADO
2026-10-10,REQUENA,4.0,2026-10-08,2026-12-14,90,67,9.09824313370526,9.154856258227966,9.09824313370526,5.74,9.053459617291779,5.647743133705261,12.548743133705262,HIBRIDO_ANALOGO_CLIM,ANALOGO_DTW_HIBRIDO_CLIMATOLOGIA,30,10,0.1919343747693762,OK_ANALOGOS_CONTINUIDAD_CORREGIDA,-0.42521348309594753,0.42521348309594753,0.0,CORREGIDO_ANCLA_OBSERVADO
2026-10-10,REQUENA,4.0,2026-10-08,2026-12-15,90,68,9.134621732408188,9.140894974595888,9.134621732408188,5.74,9.129824547205832,5.712656356427515,12.556587108388864,HIBRIDO_ANALOGO_CLIM,ANALOGO_DTW_HIBRIDO_CLIMATOLOGIA,30,10,0.1919343747693762,OK_ANALOGOS_CONTINUIDAD_CORREGIDA,-0.42521348309594753,0.42521348309594753,0.0,CORREGIDO_ANCLA_OBSERVADO
2026-10-10,REQUENA,4.0,2026-10-08,2026-12-16,90,69,9.166733503779042,9.14464891400787,9.166733503779042,5.74,9.183056896218606,5.73676812779837,12.596698879759717,HIBRIDO_ANALOGO_CLIM,ANALOGO_DTW_HIBRIDO_CLIMATOLOGIA,30,10,0.1919343747693762,OK_ANALOGOS_CONTINUIDAD_CORREGIDA,-0.42521348309594753,0.42521348309594753,0.0,CORREGIDO_ANCLA_OBSERVADO
2026-10-10,REQUENA,4.0,2026-10-08,2026-12-17,90,70,9.202302842487256,9.161390926202643,9.202302842487256,5.74,9.23152563983341,5.7618374665065835,12.642768218467932,HIBRIDO_ANALOGO_CLIM,ANALOGO_DTW_HIBRIDO_CLIMATOLOGIA,30,10,0.1919343747693762,OK_ANALOGOS_CONTINUIDAD_CORREGIDA,-0.42521348309594753,0.42521348309594753,0.0,CORREGIDO_ANCLA_OBSERVADO
2026-10-10,REQUENA,4.0,2026-10-08,2026-12-18,90,71,9.235805401079567,9.181055521161475,9.235805401079567,5.74,9.27359052947374,5.801840025098892,12.66977077706024,HIBRIDO_ANALOGO_CLIM,ANALOGO_DTW_HIBRIDO_CLIMATOLOGIA,30,10,0.1919343747693762,OK_ANALOGOS_CONTINUIDAD_CORREGIDA,-0.42521348309594753,0.42521348309594753,0.0,CORREGIDO_ANCLA_OBSERVADO
2026-10-10,REQUENA,4.0,2026-10-08,2026-12-19,90,72,9.383722589011587,9.467391169142456,9.383722589011587,5.74,9.327943535591007,5.380150669294884,13.387294508728289,HIBRIDO_ANALOGO_CLIM,ANALOGO_DTW_HIBRIDO_CLIMATOLOGIA,30,10,0.1919343747693762,OK_ANALOGOS_CONTINUIDAD_CORREGIDA,-0.42521348309594753,0.42521348309594753,0.0,CORREGIDO_ANCLA_OBSERVADO
2026-10-10,REQUENA,4.0,2026-10-08,2026-12-20,90,73,9.420780814908106,9.48466042469419,9.420780814908106,5.74,9.37965284696364,5.405708895191403,13.435852734624806,HIBRIDO_ANALOGO_CLIM,ANALOGO_DTW_HIBRIDO_CLIMATOLOGIA,30,10,0.1919343747693762,OK_ANALOGOS_CONTINUIDAD_CORREGIDA,-0.42521348309594753,0.42521348309594753,0.0,CORREGIDO_ANCLA_OBSERVADO
2026-10-10,REQUENA,4.0,2026-10-08,2026-12-21,90,74,9.457067268146652,9.482368358858825,9.457067268146652,5.74,9.44133956310936,5.435495348429951,13.478639187863354,HIBRIDO_ANALOGO_CLIM,ANALOGO_DTW_HIBRIDO_CLIMATOLOGIA,30,10,0.1919343747693762,OK_ANALOGOS_CONTINUIDAD_CORREGIDA,-0.42521348309594753,0.42521348309594753,0.0,CORREGIDO_ANCLA_OBSERVADO
2026-10-10,REQUENA,4.0,2026-10-08,2026-12-22,90,75,9.480749851016942,9.46694010213189,9.480749851016942,5.74,9.489035700347976,5.465677931300241,13.495821770733645,HIBRIDO_ANALOGO_CLIM,ANALOGO_DTW_HIBRIDO_CLIMATOLOGIA,30,10,0.1919343747693762,OK_ANALOGOS_CONTINUIDAD_CORREGIDA,-0.42521348309594753,0.42521348309594753,0.0,CORREGIDO_ANCLA_OBSERVADO
2026-10-10,REQUENA,4.0,2026-10-08,2026-12-23,90,76,9.499502133235254,9.448833300689557,9.499502133235254,5.74,9.528836720498553,5.485930213518553,13.513074052951957,HIBRIDO_ANALOGO_CLIM,ANALOGO_DTW_HIBRIDO_CLIMATOLOGIA,30,10,0.1919343747693762,OK_ANALOGOS_CONTINUIDAD_CORREGIDA,-0.42521348309594753,0.42521348309594753,0.0,CORREGIDO_ANCLA_OBSERVADO
2026-10-10,REQUENA,4.0,2026-10-08,2026-12-24,90,77,9.545783821793009,9.496409500635977,9.545783821793009,5.74,9.573356494646937,5.5412119020763075,13.550355741509712,HIBRIDO_ANALOGO_CLIM,ANALOGO_DTW_HIBRIDO_CLIMATOLOGIA,30,10,0.1919343747693762,OK_ANALOGOS_CONTINUIDAD_CORREGIDA,-0.42521348309594753,0.42521348309594753,0.0,CORREGIDO_ANCLA_OBSERVADO
2026-10-10,REQUENA,4.0,2026-10-08,2026-12-25,90,78,9.605420141057316,9.565192614500706,9.605420141057316,5.74,9.62708111689549,5.5943482213406135,13.616492060774018,HIBRIDO_ANALOGO_CLIM,ANALOGO_DTW_HIBRIDO_CLIMATOLOGIA,30,10,0.1919343747693762,OK_ANALOGOS_CONTINUIDAD_CORREGIDA,-0.42521348309594753,0.42521348309594753,0.0,CORREGIDO_ANCLA_OBSERVADO
2026-10-10,REQUENA,4.0,2026-10-08,2026-12-26,90,79,9.659112302941882,9.625776925524587,9.659112302941882,5.74,9.676412941854657,5.65004038322518,13.668184222658585,HIBRIDO_ANALOGO_CLIM,ANALOGO_DTW_HIBRIDO_CLIMATOLOGIA,30,10,0.1919343747693762,OK_ANALOGOS_CONTINUIDAD_CORREGIDA,-0.42521348309594753,0.42521348309594753,0.0,CORREGIDO_ANCLA_OBSERVADO
2026-10-10,REQUENA,4.0,2026-10-08,2026-12-27,90,80,9.853491473001572,10.123364707742546,9.853491473001572,5.74,9.718554855631087,5.856419553284872,13.850563392718275,HIBRIDO_ANALOGO_CLIM,ANALOGO_DTW_HIBRIDO_CLIMATOLOGIA,30,10,0.1919343747693762,OK_ANALOGOS_CONTINUIDAD_CORREGIDA,-0.42521348309594753,0.42521348309594753,0.0,CORREGIDO_ANCLA_OBSERVADO
2026-10-10,REQUENA,4.0,2026-10-08,2026-12-28,90,81,9.949254764120845,10.332930669078571,9.949254764120845,5.74,9.764521920993051,5.676107486670529,14.222402041571161,HIBRIDO_ANALOGO_CLIM,ANALOGO_DTW_HIBRIDO_CLIMATOLOGIA,30,10,0.1919343747693762,OK_ANALOGOS_CONTINUIDAD_CORREGIDA,-0.42521348309594753,0.42521348309594753,0.0,CORREGIDO_ANCLA_OBSERVADO
2026-10-10,REQUENA,4.0,2026-10-08,2026-12-29,90,82,9.992405454472074,10.365385779925312,9.992405454472074,5.74,9.819560913408381,5.780758177021759,14.204052731922388,HIBRIDO_ANALOGO_CLIM,ANALOGO_DTW_HIBRIDO_CLIMATOLOGIA,30,10,0.1919343747693762,OK_ANALOGOS_CONTINUIDAD_CORREGIDA,-0.42521348309594753,0.42521348309594753,0.0,CORREGIDO_ANCLA_OBSERVADO
2026-10-10,REQUENA,4.0,2026-10-08,2026-12-30,90,83,10.031491072202474,10.386997189773702,10.031491072202474,5.74,9.87301244147795,5.859843794752158,14.20313834965279,HIBRIDO_ANALOGO_CLIM,ANALOGO_DTW_HIBRIDO_CLIMATOLOGIA,30,10,0.1919343747693762,OK_ANALOGOS_CONTINUIDAD_CORREGIDA,-0.42521348309594753,0.42521348309594753,0.0,CORREGIDO_ANCLA_OBSERVADO
2026-10-10,REQUENA,4.0,2026-10-08,2026-12-31,90,84,10.066884678777196,10.403102061339098,10.066884678777196,5.74,9.922791514822094,5.930737401326881,14.203031956227512,HIBRIDO_ANALOGO_CLIM,ANALOGO_DTW_HIBRIDO_CLIMATOLOGIA,30,10,0.1919343747693762,OK_ANALOGOS_CONTINUIDAD_CORREGIDA,-0.42521348309594753,0.42521348309594753,0.0,CORREGIDO_ANCLA_OBSERVADO
2026-10-10,REQUENA,4.0,2026-10-08,2027-01-01,90,85,10.184192056782528,10.421290254417514,10.184192056782528,5.74,10.086563387168123,6.074544779332214,14.293839334232846,HIBRIDO_ANALOGO_CLIM,ANALOGO_DTW_HIBRIDO_CLIMATOLOGIA,30,10,0.1919343747693762,OK_ANALOGOS_CONTINUIDAD_CORREGIDA,-0.42521348309594753,0.42521348309594753,0.0,CORREGIDO_ANCLA_OBSERVADO
2026-10-10,REQUENA,4.0,2026-10-08,2027-01-02,90,86,10.36247639162572,10.94515149785418,10.36247639162572,5.74,10.13211646590749,6.157093256877784,14.567859526373653,HIBRIDO_ANALOGO_CLIM,ANALOGO_DTW_HIBRIDO_CLIMATOLOGIA,30,10,0.1919343747693762,OK_ANALOGOS_CONTINUIDAD_CORREGIDA,-0.42521348309594753,0.42521348309594753,0.0,CORREGIDO_ANCLA_OBSERVADO
2026-10-10,REQUENA,4.0,2026-10-08,2027-01-03,90,87,10.396292585687863,10.97928425211234,10.396292585687863,5.74,10.17515781566479,6.25340945093993,14.5391757204358,HIBRIDO_ANALOGO_CLIM,ANALOGO_DTW_HIBRIDO_CLIMATOLOGIA,30,10,0.1919343747693762,OK_ANALOGOS_CONTINUIDAD_CORREGIDA,-0.42521348309594753,0.42521348309594753,0.0,CORREGIDO_ANCLA_OBSERVADO
2026-10-10,REQUENA,4.0,2026-10-08,2027-01-04,90,88,10.427625930265314,11.013140595815191,10.427625930265314,5.74,10.214711506428994,6.365742795517379,14.489509065013248,HIBRIDO_ANALOGO_CLIM,ANALOGO_DTW_HIBRIDO_CLIMATOLOGIA,30,10,0.1919343747693762,OK_ANALOGOS_CONTINUIDAD_CORREGIDA,-0.42521348309594753,0.42521348309594753,0.0,CORREGIDO_ANCLA_OBSERVADO
2026-10-10,REQUENA,4.0,2026-10-08,2027-01-05,90,89,10.451884133567418,11.037501462264625,10.451884133567418,5.74,10.2479050640212,6.482000998819485,14.421767268315353,HIBRIDO_ANALOGO_CLIM,ANALOGO_DTW_HIBRIDO_CLIMATOLOGIA,30,10,0.1919343747693762,OK_ANALOGOS_CONTINUIDAD_CORREGIDA,-0.42521348309594753,0.42521348309594753,0.0,CORREGIDO_ANCLA_OBSERVADO
2026-10-10,REQUENA,4.0,2026-10-08,2027-01-06,90,90,10.473566791795967,11.053834211007754,10.473566791795967,5.74,10.280144318725373,6.564683657048032,14.382449926543899,HIBRIDO_ANALOGO_CLIM,ANALOGO_DTW_HIBRIDO_CLIMATOLOGIA,30,10,0.1919343747693762,OK_ANALOGOS_CONTINUIDAD_CORREGIDA,-0.42521348309594753,0.42521348309594753,0.0,CORREGIDO_ANCLA_OBSERVADO
2026-10-10,SAN REGIS,34.0,2026-10-08,2026-10-09,30,1,5.06,5.143205640197461,5.06,5.06,4.810383079407615,4.9209000000000005,5.1991,HIBRIDO_ANALOGO_CLIM,ANALOGO_DTW_HIBRIDO_CLIMATOLOGIA,30,10,0.2385661930661815,OK_ANALOGOS_CONTINUIDAD_CORREGIDA,-0.05067474607428135,0.05067474607428135,0.0,CORREGIDO_ANCLA_OBSERVADO
2026-10-10,SAN REGIS,34.0,2026-10-08,2026-10-10,30,2,5.122198351541646,5.2134145533641,5.122198351541646,5.06,4.848549746074282,4.7986983515416455,5.445698351541646,HIBRIDO_ANALOGO_CLIM,ANALOGO_DTW_HIBRIDO_CLIMATOLOGIA,30,10,0.2385661930661815,OK_ANALOGOS_CONTINUIDAD_CORREGIDA,-0.05067474607428135,0.05067474607428135,0.0,CORREGIDO_ANCLA_OBSERVADO
2026-10-10,SAN REGIS,34.0,2026-10-08,2026-10-11,30,3,5.165281251394412,5.2449834198344565,5.165281251394412,5.06,4.926174746074281,4.743181251394413,5.587381251394412,HIBRIDO_ANALOGO_CLIM,ANALOGO_DTW_HIBRIDO_CLIMATOLOGIA,30,10,0.2385661930661815,OK_ANALOGOS_CONTINUIDAD_CORREGIDA,-0.05067474607428135,0.05067474607428135,0.0,CORREGIDO_ANCLA_OBSERVADO
2026-10-10,SAN REGIS,34.0,2026-10-08,2026-10-12,30,4,5.262188298725072,5.3453363347938545,5.262188298725072,5.06,5.012744190518726,4.648188298725072,5.876188298725072,HIBRIDO_ANALOGO_CLIM,ANALOGO_DTW_HIBRIDO_CLIMATOLOGIA,30,10,0.2385661930661815,OK_ANALOGOS_CONTINUIDAD_CORREGIDA,-0.05067474607428135,0.05067474607428135,0.0,CORREGIDO_ANCLA_OBSERVADO
2026-10-10,SAN REGIS,34.0,2026-10-08,2026-10-13,30,5,5.360012637431579,5.447111378995123,5.360012637431579,5.06,5.098716412740948,4.582512637431579,6.137512637431579,HIBRIDO_ANALOGO_CLIM,ANALOGO_DTW_HIBRIDO_CLIMATOLOGIA,30,10,0.2385661930661815,OK_ANALOGOS_CONTINUIDAD_CORREGIDA,-0.05067474607428135,0.05067474607428135,0.0,CORREGIDO_ANCLA_OBSERVADO
2026-10-10,SAN REGIS,34.0,2026-10-08,2026-10-14,30,6,5.490000557111096,5.595099901530776,5.490000557111096,5.06,5.174702523852059,4.371500557111096,6.608500557111096,HIBRIDO_ANALOGO_CLIM,ANALOGO_DTW_HIBRIDO_CLIMATOLOGIA,30,10,0.2385661930661815,OK_ANALOGOS_CONTINUIDAD_CORREGIDA,-0.05067474607428135,0.05067474607428135,0.0,CORREGIDO_ANCLA_OBSERVADO
2026-10-10,SAN REGIS,34.0,2026-10-08,2026-10-15,30,7,5.588557215221732,5.707777297530141,5.588557215221732,5.06,5.230896968296504,4.3931572152217315,6.783957215221731,HIBRIDO_ANALOGO_CLIM,ANALOGO_DTW_HIBRIDO_CLIMATOLOGIA,30,10,0.2385661930661815,OK_ANALOGOS_CONTINUIDAD_CORREGIDA,-0.05067474607428135,0.05067474607428135,0.0,CORREGIDO_ANCLA_OBSERVADO
2026-10-10,SAN REGIS,34.0,2026-10-08,2026-10-16,30,8,5.63694361945872,5.76465361429057,5.63694361945872,5.06,5.25381363496317,4.451843619458721,6.822043619458721,HIBRIDO_ANALOGO_CLIM,ANALOGO_DTW_HIBRIDO_CLIMATOLOGIA,30,10,0.2385661930661815,OK_ANALOGOS_CONTINUIDAD_CORREGIDA,-0.05067474607428135,0.05067474607428135,0.0,CORREGIDO_ANCLA_OBSERVADO
2026-10-10,SAN REGIS,34.0,2026-10-08,2026-10-17,30,9,5.670259059088643,5.805203830093431,5.670259059088643,5.06,5.265424746074281,4.607509059088643,6.733009059088643,HIBRIDO_ANALOGO_CLIM,ANALOGO_DTW_HIBRIDO_CLIMATOLOGIA,30,10,0.2385661930661815,OK_ANALOGOS_CONTINUIDAD_CORREGIDA,-0.05067474607428135,0.05067474607428135,0.0,CORREGIDO_ANCLA_OBSERVADO
2026-10-10,SAN REGIS,34.0,2026-10-08,2026-10-18,30,10,5.650552527887348,5.778252529232444,5.650552527887348,5.06,5.267452523852059,4.726952527887349,6.574152527887348,HIBRIDO_ANALOGO_CLIM,ANALOGO_DTW_HIBRIDO_CLIMATOLOGIA,30,10,0.2385661930661815,OK_ANALOGOS_CONTINUIDAD_CORREGIDA,-0.05067474607428135,0.05067474607428135,0.0,CORREGIDO_ANCLA_OBSERVADO
2026-10-10,SAN REGIS,34.0,2026-10-08,2026-10-19,30,11,5.6425787228651485,5.749755048462103,5.6425787228651485,5.06,5.321049746074281,4.851978722865149,6.433178722865149,HIBRIDO_ANALOGO_CLIM,ANALOGO_DTW_HIBRIDO_CLIMATOLOGIA,30,10,0.2385661930661815,OK_ANALOGOS_CONTINUIDAD_CORREGIDA,-0.05067474607428135,0.05067474607428135,0.0,CORREGIDO_ANCLA_OBSERVADO
2026-10-10,SAN REGIS,34.0,2026-10-08,2026-10-20,30,12,5.668554205249302,5.770564950900234,5.668554205249302,5.06,5.3625219682965035,5.0080542052493024,6.329054205249303,HIBRIDO_ANALOGO_CLIM,ANALOGO_DTW_HIBRIDO_CLIMATOLOGIA,30,10,0.2385661930661815,OK_ANALOGOS_CONTINUIDAD_CORREGIDA,-0.05067474607428135,0.05067474607428135,0.0,CORREGIDO_ANCLA_OBSERVADO
2026-10-10,SAN REGIS,34.0,2026-10-08,2026-10-21,30,13,5.6755445607941155,5.772778943478505,5.6755445607941155,5.06,5.383841412740948,5.007044560794116,6.344044560794116,HIBRIDO_ANALOGO_CLIM,ANALOGO_DTW_HIBRIDO_CLIMATOLOGIA,30,10,0.2385661930661815,OK_ANALOGOS_CONTINUIDAD_CORREGIDA,-0.05067474607428135,0.05067474607428135,0.0,CORREGIDO_ANCLA_OBSERVADO
2026-10-10,SAN REGIS,34.0,2026-10-08,2026-10-22,30,14,5.710731891024285,5.810991680081694,5.710731891024285,5.06,5.409952523852059,4.988731891024285,6.432731891024285,HIBRIDO_ANALOGO_CLIM,ANALOGO_DTW_HIBRIDO_CLIMATOLOGIA,30,10,0.2385661930661815,OK_ANALOGOS_CONTINUIDAD_CORREGIDA,-0.05067474607428135,0.05067474607428135,0.0,CORREGIDO_ANCLA_OBSERVADO
2026-10-10,SAN REGIS,34.0,2026-10-08,2026-10-23,30,15,5.737242023323398,5.832634819443474,5.737242023323398,5.06,5.4510636349631705,4.950742023323397,6.523742023323397,HIBRIDO_ANALOGO_CLIM,ANALOGO_DTW_HIBRIDO_CLIMATOLOGIA,30,10,0.2385661930661815,OK_ANALOGOS_CONTINUIDAD_CORREGIDA,-0.05067474607428135,0.05067474607428135,0.0,CORREGIDO_ANCLA_OBSERVADO
2026-10-10,SAN REGIS,34.0,2026-10-08,2026-10-24,30,16,5.7348450742466115,5.823526850304055,5.7348450742466115,5.06,5.468799746074281,5.001845074246611,6.467845074246611,HIBRIDO_ANALOGO_CLIM,ANALOGO_DTW_HIBRIDO_CLIMATOLOGIA,30,10,0.2385661930661815,OK_ANALOGOS_CONTINUIDAD_CORREGIDA,-0.05067474607428135,0.05067474607428135,0.0,CORREGIDO_ANCLA_OBSERVADO
2026-10-10,SAN REGIS,34.0,2026-10-08,2026-10-25,30,17,5.774559696332553,5.880229679751977,5.774559696332553,5.06,5.457549746074282,5.029059696332554,6.520059696332553,HIBRIDO_ANALOGO_CLIM,ANALOGO_DTW_HIBRIDO_CLIMATOLOGIA,30,10,0.2385661930661815,OK_ANALOGOS_CONTINUIDAD_CORREGIDA,-0.05067474607428135,0.05067474607428135,0.0,CORREGIDO_ANCLA_OBSERVADO
2026-10-10,SAN REGIS,34.0,2026-10-08,2026-10-26,30,18,5.818135746866367,5.927900524908172,5.818135746866367,5.06,5.488841412740948,5.033135746866367,6.603135746866367,HIBRIDO_ANALOGO_CLIM,ANALOGO_DTW_HIBRIDO_CLIMATOLOGIA,30,10,0.2385661930661815,OK_ANALOGOS_CONTINUIDAD_CORREGIDA,-0.05067474607428135,0.05067474607428135,0.0,CORREGIDO_ANCLA_OBSERVADO
2026-10-10,SAN REGIS,34.0,2026-10-08,2026-10-27,30,19,5.871890709478113,5.9794117713534645,5.871890709478113,5.06,5.549327523852059,5.078390709478113,6.665390709478114,HIBRIDO_ANALOGO_CLIM,ANALOGO_DTW_HIBRIDO_CLIMATOLOGIA,30,10,0.2385661930661815,OK_ANALOGOS_CONTINUIDAD_CORREGIDA,-0.05067474607428135,0.05067474607428135,0.0,CORREGIDO_ANCLA_OBSERVADO
2026-10-10,SAN REGIS,34.0,2026-10-08,2026-10-28,30,20,5.918775018645151,6.022373257650257,5.918775018645151,5.06,5.607980301629836,5.144175018645152,6.693375018645151,HIBRIDO_ANALOGO_CLIM,ANALOGO_DTW_HIBRIDO_CLIMATOLOGIA,30,10,0.2385661930661815,OK_ANALOGOS_CONTINUIDAD_CORREGIDA,-0.05067474607428135,0.05067474607428135,0.0,CORREGIDO_ANCLA_OBSERVADO
2026-10-10,SAN REGIS,34.0,2026-10-08,2026-10-29,30,21,5.946589459076409,6.040783252299341,5.946589459076409,5.06,5.664008079407615,5.125739459076409,6.767439459076409,HIBRIDO_ANALOGO_CLIM,ANALOGO_DTW_HIBRIDO_CLIMATOLOGIA,30,10,0.2385661930661815,OK_ANALOGOS_CONTINUIDAD_CORREGIDA,-0.05067474607428135,0.05067474607428135,0.0,CORREGIDO_ANCLA_OBSERVADO
2026-10-10,SAN REGIS,34.0,2026-10-08,2026-10-30,30,22,5.963760845512051,6.0523913971764935,5.963760845512051,5.06,5.697869190518726,5.185760845512051,6.741760845512051,HIBRIDO_ANALOGO_CLIM,ANALOGO_DTW_HIBRIDO_CLIMATOLOGIA,30,10,0.2385661930661815,OK_ANALOGOS_CONTINUIDAD_CORREGIDA,-0.05067474607428135,0.05067474607428135,0.0,CORREGIDO_ANCLA_OBSERVADO
2026-10-10,SAN REGIS,34.0,2026-10-08,2026-10-31,30,23,5.9730677611776715,6.061735803249173,5.9730677611776715,5.06,5.70706363496317,5.159067761177671,6.787067761177671,HIBRIDO_ANALOGO_CLIM,ANALOGO_DTW_HIBRIDO_CLIMATOLOGIA,30,10,0.2385661930661815,OK_ANALOGOS_CONTINUIDAD_CORREGIDA,-0.05067474607428135,0.05067474607428135,0.0,CORREGIDO_ANCLA_OBSERVADO
2026-10-10,SAN REGIS,34.0,2026-10-08,2026-11-01,30,24,5.976063450280356,6.0994737201034335,5.976063450280356,5.06,5.605832640811124,5.027063450280356,6.925063450280356,HIBRIDO_ANALOGO_CLIM,ANALOGO_DTW_HIBRIDO_CLIMATOLOGIA,30,10,0.2385661930661815,OK_ANALOGOS_CONTINUIDAD_CORREGIDA,-0.05067474607428135,0.05067474607428135,0.0,CORREGIDO_ANCLA_OBSERVADO
2026-10-10,SAN REGIS,34.0,2026-10-08,2026-11-02,30,25,5.981414024427081,6.106908313792544,5.981414024427081,5.06,5.604931156330691,4.937164024427081,7.025664024427082,HIBRIDO_ANALOGO_CLIM,ANALOGO_DTW_HIBRIDO_CLIMATOLOGIA,30,10,0.2385661930661815,OK_ANALOGOS_CONTINUIDAD_CORREGIDA,-0.05067474607428135,0.05067474607428135,0.0,CORREGIDO_ANCLA_OBSERVADO
2026-10-10,SAN REGIS,34.0,2026-10-08,2026-11-03,30,26,6.007471052414043,6.1153561459802885,6.007471052414043,5.06,5.683815771715307,4.986371052414042,7.028571052414042,HIBRIDO_ANALOGO_CLIM,ANALOGO_DTW_HIBRIDO_CLIMATOLOGIA,30,10,0.2385661930661815,OK_ANALOGOS_CONTINUIDAD_CORREGIDA,-0.05067474607428135,0.05067474607428135,0.0,CORREGIDO_ANCLA_OBSERVADO
2026-10-10,SAN REGIS,34.0,2026-10-08,2026-11-04,30,27,6.029699744362796,6.12017816259572,6.029699744362796,5.06,5.758264489664025,5.049599744362796,7.0097997443627955,HIBRIDO_ANALOGO_CLIM,ANALOGO_DTW_HIBRIDO_CLIMATOLOGIA,30,10,0.2385661930661815,OK_ANALOGOS_CONTINUIDAD_CORREGIDA,-0.05067474607428135,0.05067474607428135,0.0,CORREGIDO_ANCLA_OBSERVADO
2026-10-10,SAN REGIS,34.0,2026-10-08,2026-11-05,30,28,6.068979578599719,6.1488974287577705,6.068979578599719,5.06,5.8292260281255635,5.083479578599719,7.054479578599719,HIBRIDO_ANALOGO_CLIM,ANALOGO_DTW_HIBRIDO_CLIMATOLOGIA,30,10,0.2385661930661815,OK_ANALOGOS_CONTINUIDAD_CORREGIDA,-0.05067474607428135,0.05067474607428135,0.0,CORREGIDO_ANCLA_OBSERVADO
2026-10-10,SAN REGIS,34.0,2026-10-08,2026-11-06,30,29,6.113822192470173,6.180238862636325,6.113822192470173,5.06,5.914572181971717,5.125822192470173,7.1018221924701725,HIBRIDO_ANALOGO_CLIM,ANALOGO_DTW_HIBRIDO_CLIMATOLOGIA,30,10,0.2385661930661815,OK_ANALOGOS_CONTINUIDAD_CORREGIDA,-0.05067474607428135,0.05067474607428135,0.0,CORREGIDO_ANCLA_OBSERVADO
2026-10-10,SAN REGIS,34.0,2026-10-08,2026-11-07,30,30,6.150694768003867,6.207222809501763,6.150694768003867,5.06,5.981110643510179,5.130694768003868,7.170694768003867,HIBRIDO_ANALOGO_CLIM,ANALOGO_DTW_HIBRIDO_CLIMATOLOGIA,30,10,0.2385661930661815,OK_ANALOGOS_CONTINUIDAD_CORREGIDA,-0.05067474607428135,0.05067474607428135,0.0,CORREGIDO_ANCLA_OBSERVADO
2026-10-10,SAN REGIS,34.0,2026-10-08,2026-10-09,60,1,5.06,5.143205640197461,5.06,5.06,4.810383079407615,4.9209000000000005,5.1991,HIBRIDO_ANALOGO_CLIM,ANALOGO_DTW_HIBRIDO_CLIMATOLOGIA,30,10,0.2385661930661815,OK_ANALOGOS_CONTINUIDAD_CORREGIDA,-0.05067474607428135,0.05067474607428135,0.0,CORREGIDO_ANCLA_OBSERVADO
2026-10-10,SAN REGIS,34.0,2026-10-08,2026-10-10,60,2,5.122198351541646,5.2134145533641,5.122198351541646,5.06,4.848549746074282,4.7986983515416455,5.445698351541646,HIBRIDO_ANALOGO_CLIM,ANALOGO_DTW_HIBRIDO_CLIMATOLOGIA,30,10,0.2385661930661815,OK_ANALOGOS_CONTINUIDAD_CORREGIDA,-0.05067474607428135,0.05067474607428135,0.0,CORREGIDO_ANCLA_OBSERVADO
2026-10-10,SAN REGIS,34.0,2026-10-08,2026-10-11,60,3,5.165281251394412,5.2449834198344565,5.165281251394412,5.06,4.926174746074281,4.743181251394413,5.587381251394412,HIBRIDO_ANALOGO_CLIM,ANALOGO_DTW_HIBRIDO_CLIMATOLOGIA,30,10,0.2385661930661815,OK_ANALOGOS_CONTINUIDAD_CORREGIDA,-0.05067474607428135,0.05067474607428135,0.0,CORREGIDO_ANCLA_OBSERVADO
2026-10-10,SAN REGIS,34.0,2026-10-08,2026-10-12,60,4,5.262188298725072,5.3453363347938545,5.262188298725072,5.06,5.012744190518726,4.648188298725072,5.876188298725072,HIBRIDO_ANALOGO_CLIM,ANALOGO_DTW_HIBRIDO_CLIMATOLOGIA,30,10,0.2385661930661815,OK_ANALOGOS_CONTINUIDAD_CORREGIDA,-0.05067474607428135,0.05067474607428135,0.0,CORREGIDO_ANCLA_OBSERVADO
2026-10-10,SAN REGIS,34.0,2026-10-08,2026-10-13,60,5,5.360012637431579,5.447111378995123,5.360012637431579,5.06,5.098716412740948,4.582512637431579,6.137512637431579,HIBRIDO_ANALOGO_CLIM,ANALOGO_DTW_HIBRIDO_CLIMATOLOGIA,30,10,0.2385661930661815,OK_ANALOGOS_CONTINUIDAD_CORREGIDA,-0.05067474607428135,0.05067474607428135,0.0,CORREGIDO_ANCLA_OBSERVADO
2026-10-10,SAN REGIS,34.0,2026-10-08,2026-10-14,60,6,5.490000557111096,5.595099901530776,5.490000557111096,5.06,5.174702523852059,4.371500557111096,6.608500557111096,HIBRIDO_ANALOGO_CLIM,ANALOGO_DTW_HIBRIDO_CLIMATOLOGIA,30,10,0.2385661930661815,OK_ANALOGOS_CONTINUIDAD_CORREGIDA,-0.05067474607428135,0.05067474607428135,0.0,CORREGIDO_ANCLA_OBSERVADO
2026-10-10,SAN REGIS,34.0,2026-10-08,2026-10-15,60,7,5.588557215221732,5.707777297530141,5.588557215221732,5.06,5.230896968296504,4.3931572152217315,6.783957215221731,HIBRIDO_ANALOGO_CLIM,ANALOGO_DTW_HIBRIDO_CLIMATOLOGIA,30,10,0.2385661930661815,OK_ANALOGOS_CONTINUIDAD_CORREGIDA,-0.05067474607428135,0.05067474607428135,0.0,CORREGIDO_ANCLA_OBSERVADO
2026-10-10,SAN REGIS,34.0,2026-10-08,2026-10-16,60,8,5.63694361945872,5.76465361429057,5.63694361945872,5.06,5.25381363496317,4.451843619458721,6.822043619458721,HIBRIDO_ANALOGO_CLIM,ANALOGO_DTW_HIBRIDO_CLIMATOLOGIA,30,10,0.2385661930661815,OK_ANALOGOS_CONTINUIDAD_CORREGIDA,-0.05067474607428135,0.05067474607428135,0.0,CORREGIDO_ANCLA_OBSERVADO
2026-10-10,SAN REGIS,34.0,2026-10-08,2026-10-17,60,9,5.670259059088643,5.805203830093431,5.670259059088643,5.06,5.265424746074281,4.607509059088643,6.733009059088643,HIBRIDO_ANALOGO_CLIM,ANALOGO_DTW_HIBRIDO_CLIMATOLOGIA,30,10,0.2385661930661815,OK_ANALOGOS_CONTINUIDAD_CORREGIDA,-0.05067474607428135,0.05067474607428135,0.0,CORREGIDO_ANCLA_OBSERVADO
2026-10-10,SAN REGIS,34.0,2026-10-08,2026-10-18,60,10,5.650552527887348,5.778252529232444,5.650552527887348,5.06,5.267452523852059,4.726952527887349,6.574152527887348,HIBRIDO_ANALOGO_CLIM,ANALOGO_DTW_HIBRIDO_CLIMATOLOGIA,30,10,0.2385661930661815,OK_ANALOGOS_CONTINUIDAD_CORREGIDA,-0.05067474607428135,0.05067474607428135,0.0,CORREGIDO_ANCLA_OBSERVADO
2026-10-10,SAN REGIS,34.0,2026-10-08,2026-10-19,60,11,5.6425787228651485,5.749755048462103,5.6425787228651485,5.06,5.321049746074281,4.851978722865149,6.433178722865149,HIBRIDO_ANALOGO_CLIM,ANALOGO_DTW_HIBRIDO_CLIMATOLOGIA,30,10,0.2385661930661815,OK_ANALOGOS_CONTINUIDAD_CORREGIDA,-0.05067474607428135,0.05067474607428135,0.0,CORREGIDO_ANCLA_OBSERVADO
2026-10-10,SAN REGIS,34.0,2026-10-08,2026-10-20,60,12,5.668554205249302,5.770564950900234,5.668554205249302,5.06,5.3625219682965035,5.0080542052493024,6.329054205249303,HIBRIDO_ANALOGO_CLIM,ANALOGO_DTW_HIBRIDO_CLIMATOLOGIA,30,10,0.2385661930661815,OK_ANALOGOS_CONTINUIDAD_CORREGIDA,-0.05067474607428135,0.05067474607428135,0.0,CORREGIDO_ANCLA_OBSERVADO
2026-10-10,SAN REGIS,34.0,2026-10-08,2026-10-21,60,13,5.6755445607941155,5.772778943478505,5.6755445607941155,5.06,5.383841412740948,5.007044560794116,6.344044560794116,HIBRIDO_ANALOGO_CLIM,ANALOGO_DTW_HIBRIDO_CLIMATOLOGIA,30,10,0.2385661930661815,OK_ANALOGOS_CONTINUIDAD_CORREGIDA,-0.05067474607428135,0.05067474607428135,0.0,CORREGIDO_ANCLA_OBSERVADO
2026-10-10,SAN REGIS,34.0,2026-10-08,2026-10-22,60,14,5.710731891024285,5.810991680081694,5.710731891024285,5.06,5.409952523852059,4.988731891024285,6.432731891024285,HIBRIDO_ANALOGO_CLIM,ANALOGO_DTW_HIBRIDO_CLIMATOLOGIA,30,10,0.2385661930661815,OK_ANALOGOS_CONTINUIDAD_CORREGIDA,-0.05067474607428135,0.05067474607428135,0.0,CORREGIDO_ANCLA_OBSERVADO
2026-10-10,SAN REGIS,34.0,2026-10-08,2026-10-23,60,15,5.737242023323398,5.832634819443474,5.737242023323398,5.06,5.4510636349631705,4.950742023323397,6.523742023323397,HIBRIDO_ANALOGO_CLIM,ANALOGO_DTW_HIBRIDO_CLIMATOLOGIA,30,10,0.2385661930661815,OK_ANALOGOS_CONTINUIDAD_CORREGIDA,-0.05067474607428135,0.05067474607428135,0.0,CORREGIDO_ANCLA_OBSERVADO
2026-10-10,SAN REGIS,34.0,2026-10-08,2026-10-24,60,16,5.7348450742466115,5.823526850304055,5.7348450742466115,5.06,5.468799746074281,5.001845074246611,6.467845074246611,HIBRIDO_ANALOGO_CLIM,ANALOGO_DTW_HIBRIDO_CLIMATOLOGIA,30,10,0.2385661930661815,OK_ANALOGOS_CONTINUIDAD_CORREGIDA,-0.05067474607428135,0.05067474607428135,0.0,CORREGIDO_ANCLA_OBSERVADO
2026-10-10,SAN REGIS,34.0,2026-10-08,2026-10-25,60,17,5.774559696332553,5.880229679751977,5.774559696332553,5.06,5.457549746074282,5.029059696332554,6.520059696332553,HIBRIDO_ANALOGO_CLIM,ANALOGO_DTW_HIBRIDO_CLIMATOLOGIA,30,10,0.2385661930661815,OK_ANALOGOS_CONTINUIDAD_CORREGIDA,-0.05067474607428135,0.05067474607428135,0.0,CORREGIDO_ANCLA_OBSERVADO
2026-10-10,SAN REGIS,34.0,2026-10-08,2026-10-26,60,18,5.818135746866367,5.927900524908172,5.818135746866367,5.06,5.488841412740948,5.033135746866367,6.603135746866367,HIBRIDO_ANALOGO_CLIM,ANALOGO_DTW_HIBRIDO_CLIMATOLOGIA,30,10,0.2385661930661815,OK_ANALOGOS_CONTINUIDAD_CORREGIDA,-0.05067474607428135,0.05067474607428135,0.0,CORREGIDO_ANCLA_OBSERVADO
2026-10-10,SAN REGIS,34.0,2026-10-08,2026-10-27,60,19,5.871890709478113,5.9794117713534645,5.871890709478113,5.06,5.549327523852059,5.078390709478113,6.665390709478114,HIBRIDO_ANALOGO_CLIM,ANALOGO_DTW_HIBRIDO_CLIMATOLOGIA,30,10,0.2385661930661815,OK_ANALOGOS_CONTINUIDAD_CORREGIDA,-0.05067474607428135,0.05067474607428135,0.0,CORREGIDO_ANCLA_OBSERVADO
2026-10-10,SAN REGIS,34.0,2026-10-08,2026-10-28,60,20,5.918775018645151,6.022373257650257,5.918775018645151,5.06,5.607980301629836,5.144175018645152,6.693375018645151,HIBRIDO_ANALOGO_CLIM,ANALOGO_DTW_HIBRIDO_CLIMATOLOGIA,30,10,0.2385661930661815,OK_ANALOGOS_CONTINUIDAD_CORREGIDA,-0.05067474607428135,0.05067474607428135,0.0,CORREGIDO_ANCLA_OBSERVADO
2026-10-10,SAN REGIS,34.0,2026-10-08,2026-10-29,60,21,5.946589459076409,6.040783252299341,5.946589459076409,5.06,5.664008079407615,5.125739459076409,6.767439459076409,HIBRIDO_ANALOGO_CLIM,ANALOGO_DTW_HIBRIDO_CLIMATOLOGIA,30,10,0.2385661930661815,OK_ANALOGOS_CONTINUIDAD_CORREGIDA,-0.05067474607428135,0.05067474607428135,0.0,CORREGIDO_ANCLA_OBSERVADO
2026-10-10,SAN REGIS,34.0,2026-10-08,2026-10-30,60,22,5.963760845512051,6.0523913971764935,5.963760845512051,5.06,5.697869190518726,5.185760845512051,6.741760845512051,HIBRIDO_ANALOGO_CLIM,ANALOGO_DTW_HIBRIDO_CLIMATOLOGIA,30,10,0.2385661930661815,OK_ANALOGOS_CONTINUIDAD_CORREGIDA,-0.05067474607428135,0.05067474607428135,0.0,CORREGIDO_ANCLA_OBSERVADO
2026-10-10,SAN REGIS,34.0,2026-10-08,2026-10-31,60,23,5.9730677611776715,6.061735803249173,5.9730677611776715,5.06,5.70706363496317,5.159067761177671,6.787067761177671,HIBRIDO_ANALOGO_CLIM,ANALOGO_DTW_HIBRIDO_CLIMATOLOGIA,30,10,0.2385661930661815,OK_ANALOGOS_CONTINUIDAD_CORREGIDA,-0.05067474607428135,0.05067474607428135,0.0,CORREGIDO_ANCLA_OBSERVADO
2026-10-10,SAN REGIS,34.0,2026-10-08,2026-11-01,60,24,5.976063450280356,6.0994737201034335,5.976063450280356,5.06,5.605832640811124,5.027063450280356,6.925063450280356,HIBRIDO_ANALOGO_CLIM,ANALOGO_DTW_HIBRIDO_CLIMATOLOGIA,30,10,0.2385661930661815,OK_ANALOGOS_CONTINUIDAD_CORREGIDA,-0.05067474607428135,0.05067474607428135,0.0,CORREGIDO_ANCLA_OBSERVADO
2026-10-10,SAN REGIS,34.0,2026-10-08,2026-11-02,60,25,5.981414024427081,6.106908313792544,5.981414024427081,5.06,5.604931156330691,4.937164024427081,7.025664024427082,HIBRIDO_ANALOGO_CLIM,ANALOGO_DTW_HIBRIDO_CLIMATOLOGIA,30,10,0.2385661930661815,OK_ANALOGOS_CONTINUIDAD_CORREGIDA,-0.05067474607428135,0.05067474607428135,0.0,CORREGIDO_ANCLA_OBSERVADO
2026-10-10,SAN REGIS,34.0,2026-10-08,2026-11-03,60,26,6.007471052414043,6.1153561459802885,6.007471052414043,5.06,5.683815771715307,4.986371052414042,7.028571052414042,HIBRIDO_ANALOGO_CLIM,ANALOGO_DTW_HIBRIDO_CLIMATOLOGIA,30,10,0.2385661930661815,OK_ANALOGOS_CONTINUIDAD_CORREGIDA,-0.05067474607428135,0.05067474607428135,0.0,CORREGIDO_ANCLA_OBSERVADO
2026-10-10,SAN REGIS,34.0,2026-10-08,2026-11-04,60,27,6.029699744362796,6.12017816259572,6.029699744362796,5.06,5.758264489664025,5.049599744362796,7.0097997443627955,HIBRIDO_ANALOGO_CLIM,ANALOGO_DTW_HIBRIDO_CLIMATOLOGIA,30,10,0.2385661930661815,OK_ANALOGOS_CONTINUIDAD_CORREGIDA,-0.05067474607428135,0.05067474607428135,0.0,CORREGIDO_ANCLA_OBSERVADO
2026-10-10,SAN REGIS,34.0,2026-10-08,2026-11-05,60,28,6.068979578599719,6.1488974287577705,6.068979578599719,5.06,5.8292260281255635,5.083479578599719,7.054479578599719,HIBRIDO_ANALOGO_CLIM,ANALOGO_DTW_HIBRIDO_CLIMATOLOGIA,30,10,0.2385661930661815,OK_ANALOGOS_CONTINUIDAD_CORREGIDA,-0.05067474607428135,0.05067474607428135,0.0,CORREGIDO_ANCLA_OBSERVADO
2026-10-10,SAN REGIS,34.0,2026-10-08,2026-11-06,60,29,6.113822192470173,6.180238862636325,6.113822192470173,5.06,5.914572181971717,5.125822192470173,7.1018221924701725,HIBRIDO_ANALOGO_CLIM,ANALOGO_DTW_HIBRIDO_CLIMATOLOGIA,30,10,0.2385661930661815,OK_ANALOGOS_CONTINUIDAD_CORREGIDA,-0.05067474607428135,0.05067474607428135,0.0,CORREGIDO_ANCLA_OBSERVADO
2026-10-10,SAN REGIS,34.0,2026-10-08,2026-11-07,60,30,6.150694768003867,6.207222809501763,6.150694768003867,5.06,5.981110643510179,5.130694768003868,7.170694768003867,HIBRIDO_ANALOGO_CLIM,ANALOGO_DTW_HIBRIDO_CLIMATOLOGIA,30,10,0.2385661930661815,OK_ANALOGOS_CONTINUIDAD_CORREGIDA,-0.05067474607428135,0.05067474607428135,0.0,CORREGIDO_ANCLA_OBSERVADO
2026-10-10,SAN REGIS,34.0,2026-10-08,2026-11-08,60,31,6.169522411606786,6.221082431090737,6.169522411606786,5.06,6.021495258894794,5.114522411606786,7.224522411606785,HIBRIDO_ANALOGO_CLIM,ANALOGO_DTW_HIBRIDO_CLIMATOLOGIA,30,10,0.2385661930661815,OK_ANALOGOS_CONTINUIDAD_CORREGIDA,-0.05067474607428135,0.05067474607428135,0.0,CORREGIDO_ANCLA_OBSERVADO
2026-10-10,SAN REGIS,34.0,2026-10-08,2026-11-09,60,32,6.187726644312995,6.2371441177984,6.187726644312995,5.06,6.051828592228128,5.108726644312994,7.266726644312994,HIBRIDO_ANALOGO_CLIM,ANALOGO_DTW_HIBRIDO_CLIMATOLOGIA,30,10,0.2385661930661815,OK_ANALOGOS_CONTINUIDAD_CORREGIDA,-0.05067474607428135,0.05067474607428135,0.0,CORREGIDO_ANCLA_OBSERVADO
2026-10-10,SAN REGIS,34.0,2026-10-08,2026-11-10,60,33,6.200607245733829,6.238327884419899,6.200607245733829,5.06,6.101161925561461,5.121607245733829,7.279607245733828,HIBRIDO_ANALOGO_CLIM,ANALOGO_DTW_HIBRIDO_CLIMATOLOGIA,30,10,0.2385661930661815,OK_ANALOGOS_CONTINUIDAD_CORREGIDA,-0.05067474607428135,0.05067474607428135,0.0,CORREGIDO_ANCLA_OBSERVADO
2026-10-10,SAN REGIS,34.0,2026-10-08,2026-11-11,60,34,6.216490553080758,6.238151781491787,6.216490553080758,5.06,6.161700387099922,5.2084905530807575,7.224490553080758,HIBRIDO_ANALOGO_CLIM,ANALOGO_DTW_HIBRIDO_CLIMATOLOGIA,30,10,0.2385661930661815,OK_ANALOGOS_CONTINUIDAD_CORREGIDA,-0.05067474607428135,0.05067474607428135,0.0,CORREGIDO_ANCLA_OBSERVADO
2026-10-10,SAN REGIS,34.0,2026-10-08,2026-11-12,60,35,6.267569101358837,6.288546716732417,6.267569101358837,5.06,6.216623464023,5.207319101358837,7.327819101358837,HIBRIDO_ANALOGO_CLIM,ANALOGO_DTW_HIBRIDO_CLIMATOLOGIA,30,10,0.2385661930661815,OK_ANALOGOS_CONTINUIDAD_CORREGIDA,-0.05067474607428135,0.05067474607428135,0.0,CORREGIDO_ANCLA_OBSERVADO
2026-10-10,SAN REGIS,34.0,2026-10-08,2026-11-13,60,36,6.283677682748549,6.301123996268291,6.283677682748549,5.06,6.242969617869154,5.217777682748549,7.349577682748549,HIBRIDO_ANALOGO_CLIM,ANALOGO_DTW_HIBRIDO_CLIMATOLOGIA,30,10,0.2385661930661815,OK_ANALOGOS_CONTINUIDAD_CORREGIDA,-0.05067474607428135,0.05067474607428135,0.0,CORREGIDO_ANCLA_OBSERVADO
2026-10-10,SAN REGIS,34.0,2026-10-08,2026-11-14,60,37,6.302962795970318,6.329775324855082,6.302962795970318,5.06,6.242815771715307,5.280112795970318,7.325812795970318,HIBRIDO_ANALOGO_CLIM,ANALOGO_DTW_HIBRIDO_CLIMATOLOGIA,30,10,0.2385661930661815,OK_ANALOGOS_CONTINUIDAD_CORREGIDA,-0.05067474607428135,0.05067474607428135,0.0,CORREGIDO_ANCLA_OBSERVADO
2026-10-10,SAN REGIS,34.0,2026-10-08,2026-11-15,60,38,6.327406025734363,6.358229276658766,6.327406025734363,5.06,6.26089269479223,5.292006025734363,7.362806025734363,HIBRIDO_ANALOGO_CLIM,ANALOGO_DTW_HIBRIDO_CLIMATOLOGIA,30,10,0.2385661930661815,OK_ANALOGOS_CONTINUIDAD_CORREGIDA,-0.05067474607428135,0.05067474607428135,0.0,CORREGIDO_ANCLA_OBSERVADO
2026-10-10,SAN REGIS,34.0,2026-10-08,2026-11-16,60,39,6.346202805717238,6.389691624557673,6.346202805717238,5.06,6.255879874279409,5.287852805717237,7.404552805717238,HIBRIDO_ANALOGO_CLIM,ANALOGO_DTW_HIBRIDO_CLIMATOLOGIA,30,10,0.2385661930661815,OK_ANALOGOS_CONTINUIDAD_CORREGIDA,-0.05067474607428135,0.05067474607428135,0.0,CORREGIDO_ANCLA_OBSERVADO
2026-10-10,SAN REGIS,34.0,2026-10-08,2026-11-17,60,40,6.580090606627762,6.725202383058348,6.580090606627762,5.06,6.289867053766589,5.289440606627761,7.870740606627762,HIBRIDO_ANALOGO_CLIM,ANALOGO_DTW_HIBRIDO_CLIMATOLOGIA,30,10,0.2385661930661815,OK_ANALOGOS_CONTINUIDAD_CORREGIDA,-0.05067474607428135,0.05067474607428135,0.0,CORREGIDO_ANCLA_OBSERVADO
2026-10-10,SAN REGIS,34.0,2026-10-08,2026-11-18,60,41,6.656653410178056,6.824321824297478,6.656653410178056,5.06,6.333585002484538,5.104553410178056,8.208753410178058,HIBRIDO_ANALOGO_CLIM,ANALOGO_DTW_HIBRIDO_CLIMATOLOGIA,30,10,0.2385661930661815,OK_ANALOGOS_CONTINUIDAD_CORREGIDA,-0.05067474607428135,0.05067474607428135,0.0,CORREGIDO_ANCLA_OBSERVADO
2026-10-10,SAN REGIS,34.0,2026-10-08,2026-11-19,60,42,6.73966190877645,6.922607659107205,6.73966190877645,5.06,6.399905515305051,5.19406190877645,8.285261908776452,HIBRIDO_ANALOGO_CLIM,ANALOGO_DTW_HIBRIDO_CLIMATOLOGIA,30,10,0.2385661930661815,OK_ANALOGOS_CONTINUIDAD_CORREGIDA,-0.05067474607428135,0.05067474607428135,0.0,CORREGIDO_ANCLA_OBSERVADO
2026-10-10,SAN REGIS,34.0,2026-10-08,2026-11-20,60,43,6.789927262901358,6.979236776960301,6.789927262901358,5.06,6.450931156330692,5.347527262901358,8.232327262901357,HIBRIDO_ANALOGO_CLIM,ANALOGO_DTW_HIBRIDO_CLIMATOLOGIA,30,10,0.2385661930661815,OK_ANALOGOS_CONTINUIDAD_CORREGIDA,-0.05067474607428135,0.05067474607428135,0.0,CORREGIDO_ANCLA_OBSERVADO
2026-10-10,SAN REGIS,34.0,2026-10-08,2026-11-21,60,44,6.829924137181791,7.03162385214147,6.829924137181791,5.06,6.481533720433256,5.520424137181792,8.139424137181791,HIBRIDO_ANALOGO_CLIM,ANALOGO_DTW_HIBRIDO_CLIMATOLOGIA,30,10,0.2385661930661815,OK_ANALOGOS_CONTINUIDAD_CORREGIDA,-0.05067474607428135,0.05067474607428135,0.0,CORREGIDO_ANCLA_OBSERVADO
2026-10-10,SAN REGIS,34.0,2026-10-08,2026-11-22,60,45,6.860838388255069,7.073021188948158,6.860838388255069,5.06,6.507200387099922,5.70308838825507,8.018588388255068,HIBRIDO_ANALOGO_CLIM,ANALOGO_DTW_HIBRIDO_CLIMATOLOGIA,30,10,0.2385661930661815,OK_ANALOGOS_CONTINUIDAD_CORREGIDA,-0.05067474607428135,0.05067474607428135,0.0,CORREGIDO_ANCLA_OBSERVADO
2026-10-10,SAN REGIS,34.0,2026-10-08,2026-11-23,60,46,6.880350725646035,7.095875918768601,6.880350725646035,5.06,6.533636284535819,5.734250725646035,8.026450725646034,HIBRIDO_ANALOGO_CLIM,ANALOGO_DTW_HIBRIDO_CLIMATOLOGIA,30,10,0.2385661930661815,OK_ANALOGOS_CONTINUIDAD_CORREGIDA,-0.05067474607428135,0.05067474607428135,0.0,CORREGIDO_ANCLA_OBSERVADO
2026-10-10,SAN REGIS,34.0,2026-10-08,2026-11-24,60,47,6.893518273358061,7.1108441200426995,6.893518273358061,5.06,6.555969617869153,5.793618273358062,7.99341827335806,HIBRIDO_ANALOGO_CLIM,ANALOGO_DTW_HIBRIDO_CLIMATOLOGIA,30,10,0.2385661930661815,OK_ANALOGOS_CONTINUIDAD_CORREGIDA,-0.05067474607428135,0.05067474607428135,0.0,CORREGIDO_ANCLA_OBSERVADO
2026-10-10,SAN REGIS,34.0,2026-10-08,2026-11-25,60,48,6.922711125833189,7.136906319176734,6.922711125833189,5.06,6.601418335817871,5.8389611258331895,8.006461125833189,HIBRIDO_ANALOGO_CLIM,ANALOGO_DTW_HIBRIDO_CLIMATOLOGIA,30,10,0.2385661930661815,OK_ANALOGOS_CONTINUIDAD_CORREGIDA,-0.05067474607428135,0.05067474607428135,0.0,CORREGIDO_ANCLA_OBSERVADO
2026-10-10,SAN REGIS,34.0,2026-10-08,2026-11-26,60,49,6.949164190993861,7.140193201192965,6.949164190993861,5.06,6.672367053766589,5.9215641909938626,7.976764190993861,HIBRIDO_ANALOGO_CLIM,ANALOGO_DTW_HIBRIDO_CLIMATOLOGIA,30,10,0.2385661930661815,OK_ANALOGOS_CONTINUIDAD_CORREGIDA,-0.05067474607428135,0.05067474607428135,0.0,CORREGIDO_ANCLA_OBSERVADO
2026-10-10,SAN REGIS,34.0,2026-10-08,2026-11-27,60,50,6.962348964471144,7.129662050871834,6.962348964471144,5.06,6.728110643510179,5.989598964471144,7.935098964471145,HIBRIDO_ANALOGO_CLIM,ANALOGO_DTW_HIBRIDO_CLIMATOLOGIA,30,10,0.2385661930661815,OK_ANALOGOS_CONTINUIDAD_CORREGIDA,-0.05067474607428135,0.05067474607428135,0.0,CORREGIDO_ANCLA_OBSERVADO
2026-10-10,SAN REGIS,34.0,2026-10-08,2026-11-28,60,51,6.9726736138855845,7.110056277607874,6.9726736138855845,5.06,6.786802951202486,5.979073613885585,7.966273613885583,HIBRIDO_ANALOGO_CLIM,ANALOGO_DTW_HIBRIDO_CLIMATOLOGIA,30,10,0.2385661930661815,OK_ANALOGOS_CONTINUIDAD_CORREGIDA,-0.05067474607428135,0.05067474607428135,0.0,CORREGIDO_ANCLA_OBSERVADO
2026-10-10,SAN REGIS,34.0,2026-10-08,2026-11-29,60,52,7.006387366376992,7.133471527000634,7.006387366376992,5.06,6.840200387099922,5.985887366376991,8.026887366376993,HIBRIDO_ANALOGO_CLIM,ANALOGO_DTW_HIBRIDO_CLIMATOLOGIA,30,10,0.2385661930661815,OK_ANALOGOS_CONTINUIDAD_CORREGIDA,-0.05067474607428135,0.05067474607428135,0.0,CORREGIDO_ANCLA_OBSERVADO
2026-10-10,SAN REGIS,34.0,2026-10-08,2026-11-30,60,53,7.052233470080069,7.184516241806042,7.052233470080069,5.06,6.885008079407615,5.98583347008007,8.11863347008007,HIBRIDO_ANALOGO_CLIM,ANALOGO_DTW_HIBRIDO_CLIMATOLOGIA,30,10,0.2385661930661815,OK_ANALOGOS_CONTINUIDAD_CORREGIDA,-0.05067474607428135,0.05067474607428135,0.0,CORREGIDO_ANCLA_OBSERVADO
2026-10-10,SAN REGIS,34.0,2026-10-08,2026-12-01,60,54,7.096544705964537,7.255273237740776,7.096544705964537,5.06,6.902543167126913,5.965794705964537,8.227294705964535,HIBRIDO_ANALOGO_CLIM,ANALOGO_DTW_HIBRIDO_CLIMATOLOGIA,30,10,0.2385661930661815,OK_ANALOGOS_CONTINUIDAD_CORREGIDA,-0.05067474607428135,0.05067474607428135,0.0,CORREGIDO_ANCLA_OBSERVADO
2026-10-10,SAN REGIS,34.0,2026-10-08,2026-12-02,60,55,7.127894812616751,7.313434453121503,7.127894812616751,5.06,6.908620692020227,5.951894812616752,8.30389481261675,HIBRIDO_ANALOGO_CLIM,ANALOGO_DTW_HIBRIDO_CLIMATOLOGIA,30,10,0.2385661930661815,OK_ANALOGOS_CONTINUIDAD_CORREGIDA,-0.05067474607428135,0.05067474607428135,0.0,CORREGIDO_ANCLA_OBSERVADO
2026-10-10,SAN REGIS,34.0,2026-10-08,2026-12-03,60,56,7.1562293305451465,7.348209524389587,7.1562293305451465,5.06,6.936823394722929,5.925979330545146,8.386479330545146,HIBRIDO_ANALOGO_CLIM,ANALOGO_DTW_HIBRIDO_CLIMATOLOGIA,30,10,0.2385661930661815,OK_ANALOGOS_CONTINUIDAD_CORREGIDA,-0.05067474607428135,0.05067474607428135,0.0,CORREGIDO_ANCLA_OBSERVADO
2026-10-10,SAN REGIS,34.0,2026-10-08,2026-12-04,60,57,7.195932292908286,7.3859452342523095,7.195932292908286,5.06,6.9859179893175245,5.9171822929082865,8.474682292908287,HIBRIDO_ANALOGO_CLIM,ANALOGO_DTW_HIBRIDO_CLIMATOLOGIA,30,10,0.2385661930661815,OK_ANALOGOS_CONTINUIDAD_CORREGIDA,-0.05067474607428135,0.05067474607428135,0.0,CORREGIDO_ANCLA_OBSERVADO
2026-10-10,SAN REGIS,34.0,2026-10-08,2026-12-05,60,58,7.253374919195379,7.43594360773848,7.253374919195379,5.06,7.058215286614822,5.92897491919538,8.577774919195381,HIBRIDO_ANALOGO_CLIM,ANALOGO_DTW_HIBRIDO_CLIMATOLOGIA,30,10,0.2385661930661815,OK_ANALOGOS_CONTINUIDAD_CORREGIDA,-0.05067474607428135,0.05067474607428135,0.0,CORREGIDO_ANCLA_OBSERVADO
2026-10-10,SAN REGIS,34.0,2026-10-08,2026-12-06,60,59,7.309541317246096,7.46918541333297,7.309541317246096,5.06,7.144485556885092,5.925691317246096,8.693391317246096,HIBRIDO_ANALOGO_CLIM,ANALOGO_DTW_HIBRIDO_CLIMATOLOGIA,30,10,0.2385661930661815,OK_ANALOGOS_CONTINUIDAD_CORREGIDA,-0.05067474607428135,0.05067474607428135,0.0,CORREGIDO_ANCLA_OBSERVADO
2026-10-10,SAN REGIS,34.0,2026-10-08,2026-12-07,60,60,7.346190926344669,7.500950349858301,7.346190926344669,5.06,7.191431502831039,5.909290926344671,8.78309092634467,HIBRIDO_ANALOGO_CLIM,ANALOGO_DTW_HIBRIDO_CLIMATOLOGIA,30,10,0.2385661930661815,OK_ANALOGOS_CONTINUIDAD_CORREGIDA,-0.05067474607428135,0.05067474607428135,0.0,CORREGIDO_ANCLA_OBSERVADO
2026-10-10,SAN REGIS,34.0,2026-10-08,2026-10-09,90,1,5.06,5.143205640197461,5.06,5.06,4.810383079407615,4.9209000000000005,5.1991,HIBRIDO_ANALOGO_CLIM,ANALOGO_DTW_HIBRIDO_CLIMATOLOGIA,30,10,0.2385661930661815,OK_ANALOGOS_CONTINUIDAD_CORREGIDA,-0.05067474607428135,0.05067474607428135,0.0,CORREGIDO_ANCLA_OBSERVADO
2026-10-10,SAN REGIS,34.0,2026-10-08,2026-10-10,90,2,5.122198351541646,5.2134145533641,5.122198351541646,5.06,4.848549746074282,4.7986983515416455,5.445698351541646,HIBRIDO_ANALOGO_CLIM,ANALOGO_DTW_HIBRIDO_CLIMATOLOGIA,30,10,0.2385661930661815,OK_ANALOGOS_CONTINUIDAD_CORREGIDA,-0.05067474607428135,0.05067474607428135,0.0,CORREGIDO_ANCLA_OBSERVADO
2026-10-10,SAN REGIS,34.0,2026-10-08,2026-10-11,90,3,5.165281251394412,5.2449834198344565,5.165281251394412,5.06,4.926174746074281,4.743181251394413,5.587381251394412,HIBRIDO_ANALOGO_CLIM,ANALOGO_DTW_HIBRIDO_CLIMATOLOGIA,30,10,0.2385661930661815,OK_ANALOGOS_CONTINUIDAD_CORREGIDA,-0.05067474607428135,0.05067474607428135,0.0,CORREGIDO_ANCLA_OBSERVADO
2026-10-10,SAN REGIS,34.0,2026-10-08,2026-10-12,90,4,5.262188298725072,5.3453363347938545,5.262188298725072,5.06,5.012744190518726,4.648188298725072,5.876188298725072,HIBRIDO_ANALOGO_CLIM,ANALOGO_DTW_HIBRIDO_CLIMATOLOGIA,30,10,0.2385661930661815,OK_ANALOGOS_CONTINUIDAD_CORREGIDA,-0.05067474607428135,0.05067474607428135,0.0,CORREGIDO_ANCLA_OBSERVADO
2026-10-10,SAN REGIS,34.0,2026-10-08,2026-10-13,90,5,5.360012637431579,5.447111378995123,5.360012637431579,5.06,5.098716412740948,4.582512637431579,6.137512637431579,HIBRIDO_ANALOGO_CLIM,ANALOGO_DTW_HIBRIDO_CLIMATOLOGIA,30,10,0.2385661930661815,OK_ANALOGOS_CONTINUIDAD_CORREGIDA,-0.05067474607428135,0.05067474607428135,0.0,CORREGIDO_ANCLA_OBSERVADO
2026-10-10,SAN REGIS,34.0,2026-10-08,2026-10-14,90,6,5.490000557111096,5.595099901530776,5.490000557111096,5.06,5.174702523852059,4.371500557111096,6.608500557111096,HIBRIDO_ANALOGO_CLIM,ANALOGO_DTW_HIBRIDO_CLIMATOLOGIA,30,10,0.2385661930661815,OK_ANALOGOS_CONTINUIDAD_CORREGIDA,-0.05067474607428135,0.05067474607428135,0.0,CORREGIDO_ANCLA_OBSERVADO
2026-10-10,SAN REGIS,34.0,2026-10-08,2026-10-15,90,7,5.588557215221732,5.707777297530141,5.588557215221732,5.06,5.230896968296504,4.3931572152217315,6.783957215221731,HIBRIDO_ANALOGO_CLIM,ANALOGO_DTW_HIBRIDO_CLIMATOLOGIA,30,10,0.2385661930661815,OK_ANALOGOS_CONTINUIDAD_CORREGIDA,-0.05067474607428135,0.05067474607428135,0.0,CORREGIDO_ANCLA_OBSERVADO
2026-10-10,SAN REGIS,34.0,2026-10-08,2026-10-16,90,8,5.63694361945872,5.76465361429057,5.63694361945872,5.06,5.25381363496317,4.451843619458721,6.822043619458721,HIBRIDO_ANALOGO_CLIM,ANALOGO_DTW_HIBRIDO_CLIMATOLOGIA,30,10,0.2385661930661815,OK_ANALOGOS_CONTINUIDAD_CORREGIDA,-0.05067474607428135,0.05067474607428135,0.0,CORREGIDO_ANCLA_OBSERVADO
2026-10-10,SAN REGIS,34.0,2026-10-08,2026-10-17,90,9,5.670259059088643,5.805203830093431,5.670259059088643,5.06,5.265424746074281,4.607509059088643,6.733009059088643,HIBRIDO_ANALOGO_CLIM,ANALOGO_DTW_HIBRIDO_CLIMATOLOGIA,30,10,0.2385661930661815,OK_ANALOGOS_CONTINUIDAD_CORREGIDA,-0.05067474607428135,0.05067474607428135,0.0,CORREGIDO_ANCLA_OBSERVADO
2026-10-10,SAN REGIS,34.0,2026-10-08,2026-10-18,90,10,5.650552527887348,5.778252529232444,5.650552527887348,5.06,5.267452523852059,4.726952527887349,6.574152527887348,HIBRIDO_ANALOGO_CLIM,ANALOGO_DTW_HIBRIDO_CLIMATOLOGIA,30,10,0.2385661930661815,OK_ANALOGOS_CONTINUIDAD_CORREGIDA,-0.05067474607428135,0.05067474607428135,0.0,CORREGIDO_ANCLA_OBSERVADO
2026-10-10,SAN REGIS,34.0,2026-10-08,2026-10-19,90,11,5.6425787228651485,5.749755048462103,5.6425787228651485,5.06,5.321049746074281,4.851978722865149,6.433178722865149,HIBRIDO_ANALOGO_CLIM,ANALOGO_DTW_HIBRIDO_CLIMATOLOGIA,30,10,0.2385661930661815,OK_ANALOGOS_CONTINUIDAD_CORREGIDA,-0.05067474607428135,0.05067474607428135,0.0,CORREGIDO_ANCLA_OBSERVADO
2026-10-10,SAN REGIS,34.0,2026-10-08,2026-10-20,90,12,5.668554205249302,5.770564950900234,5.668554205249302,5.06,5.3625219682965035,5.0080542052493024,6.329054205249303,HIBRIDO_ANALOGO_CLIM,ANALOGO_DTW_HIBRIDO_CLIMATOLOGIA,30,10,0.2385661930661815,OK_ANALOGOS_CONTINUIDAD_CORREGIDA,-0.05067474607428135,0.05067474607428135,0.0,CORREGIDO_ANCLA_OBSERVADO
2026-10-10,SAN REGIS,34.0,2026-10-08,2026-10-21,90,13,5.6755445607941155,5.772778943478505,5.6755445607941155,5.06,5.383841412740948,5.007044560794116,6.344044560794116,HIBRIDO_ANALOGO_CLIM,ANALOGO_DTW_HIBRIDO_CLIMATOLOGIA,30,10,0.2385661930661815,OK_ANALOGOS_CONTINUIDAD_CORREGIDA,-0.05067474607428135,0.05067474607428135,0.0,CORREGIDO_ANCLA_OBSERVADO
2026-10-10,SAN REGIS,34.0,2026-10-08,2026-10-22,90,14,5.710731891024285,5.810991680081694,5.710731891024285,5.06,5.409952523852059,4.988731891024285,6.432731891024285,HIBRIDO_ANALOGO_CLIM,ANALOGO_DTW_HIBRIDO_CLIMATOLOGIA,30,10,0.2385661930661815,OK_ANALOGOS_CONTINUIDAD_CORREGIDA,-0.05067474607428135,0.05067474607428135,0.0,CORREGIDO_ANCLA_OBSERVADO
2026-10-10,SAN REGIS,34.0,2026-10-08,2026-10-23,90,15,5.737242023323398,5.832634819443474,5.737242023323398,5.06,5.4510636349631705,4.950742023323397,6.523742023323397,HIBRIDO_ANALOGO_CLIM,ANALOGO_DTW_HIBRIDO_CLIMATOLOGIA,30,10,0.2385661930661815,OK_ANALOGOS_CONTINUIDAD_CORREGIDA,-0.05067474607428135,0.05067474607428135,0.0,CORREGIDO_ANCLA_OBSERVADO
2026-10-10,SAN REGIS,34.0,2026-10-08,2026-10-24,90,16,5.7348450742466115,5.823526850304055,5.7348450742466115,5.06,5.468799746074281,5.001845074246611,6.467845074246611,HIBRIDO_ANALOGO_CLIM,ANALOGO_DTW_HIBRIDO_CLIMATOLOGIA,30,10,0.2385661930661815,OK_ANALOGOS_CONTINUIDAD_CORREGIDA,-0.05067474607428135,0.05067474607428135,0.0,CORREGIDO_ANCLA_OBSERVADO
2026-10-10,SAN REGIS,34.0,2026-10-08,2026-10-25,90,17,5.774559696332553,5.880229679751977,5.774559696332553,5.06,5.457549746074282,5.029059696332554,6.520059696332553,HIBRIDO_ANALOGO_CLIM,ANALOGO_DTW_HIBRIDO_CLIMATOLOGIA,30,10,0.2385661930661815,OK_ANALOGOS_CONTINUIDAD_CORREGIDA,-0.05067474607428135,0.05067474607428135,0.0,CORREGIDO_ANCLA_OBSERVADO
2026-10-10,SAN REGIS,34.0,2026-10-08,2026-10-26,90,18,5.818135746866367,5.927900524908172,5.818135746866367,5.06,5.488841412740948,5.033135746866367,6.603135746866367,HIBRIDO_ANALOGO_CLIM,ANALOGO_DTW_HIBRIDO_CLIMATOLOGIA,30,10,0.2385661930661815,OK_ANALOGOS_CONTINUIDAD_CORREGIDA,-0.05067474607428135,0.05067474607428135,0.0,CORREGIDO_ANCLA_OBSERVADO
2026-10-10,SAN REGIS,34.0,2026-10-08,2026-10-27,90,19,5.871890709478113,5.9794117713534645,5.871890709478113,5.06,5.549327523852059,5.078390709478113,6.665390709478114,HIBRIDO_ANALOGO_CLIM,ANALOGO_DTW_HIBRIDO_CLIMATOLOGIA,30,10,0.2385661930661815,OK_ANALOGOS_CONTINUIDAD_CORREGIDA,-0.05067474607428135,0.05067474607428135,0.0,CORREGIDO_ANCLA_OBSERVADO
2026-10-10,SAN REGIS,34.0,2026-10-08,2026-10-28,90,20,5.918775018645151,6.022373257650257,5.918775018645151,5.06,5.607980301629836,5.144175018645152,6.693375018645151,HIBRIDO_ANALOGO_CLIM,ANALOGO_DTW_HIBRIDO_CLIMATOLOGIA,30,10,0.2385661930661815,OK_ANALOGOS_CONTINUIDAD_CORREGIDA,-0.05067474607428135,0.05067474607428135,0.0,CORREGIDO_ANCLA_OBSERVADO
2026-10-10,SAN REGIS,34.0,2026-10-08,2026-10-29,90,21,5.946589459076409,6.040783252299341,5.946589459076409,5.06,5.664008079407615,5.125739459076409,6.767439459076409,HIBRIDO_ANALOGO_CLIM,ANALOGO_DTW_HIBRIDO_CLIMATOLOGIA,30,10,0.2385661930661815,OK_ANALOGOS_CONTINUIDAD_CORREGIDA,-0.05067474607428135,0.05067474607428135,0.0,CORREGIDO_ANCLA_OBSERVADO
2026-10-10,SAN REGIS,34.0,2026-10-08,2026-10-30,90,22,5.963760845512051,6.0523913971764935,5.963760845512051,5.06,5.697869190518726,5.185760845512051,6.741760845512051,HIBRIDO_ANALOGO_CLIM,ANALOGO_DTW_HIBRIDO_CLIMATOLOGIA,30,10,0.2385661930661815,OK_ANALOGOS_CONTINUIDAD_CORREGIDA,-0.05067474607428135,0.05067474607428135,0.0,CORREGIDO_ANCLA_OBSERVADO
2026-10-10,SAN REGIS,34.0,2026-10-08,2026-10-31,90,23,5.9730677611776715,6.061735803249173,5.9730677611776715,5.06,5.70706363496317,5.159067761177671,6.787067761177671,HIBRIDO_ANALOGO_CLIM,ANALOGO_DTW_HIBRIDO_CLIMATOLOGIA,30,10,0.2385661930661815,OK_ANALOGOS_CONTINUIDAD_CORREGIDA,-0.05067474607428135,0.05067474607428135,0.0,CORREGIDO_ANCLA_OBSERVADO
2026-10-10,SAN REGIS,34.0,2026-10-08,2026-11-01,90,24,5.976063450280356,6.0994737201034335,5.976063450280356,5.06,5.605832640811124,5.027063450280356,6.925063450280356,HIBRIDO_ANALOGO_CLIM,ANALOGO_DTW_HIBRIDO_CLIMATOLOGIA,30,10,0.2385661930661815,OK_ANALOGOS_CONTINUIDAD_CORREGIDA,-0.05067474607428135,0.05067474607428135,0.0,CORREGIDO_ANCLA_OBSERVADO
2026-10-10,SAN REGIS,34.0,2026-10-08,2026-11-02,90,25,5.981414024427081,6.106908313792544,5.981414024427081,5.06,5.604931156330691,4.937164024427081,7.025664024427082,HIBRIDO_ANALOGO_CLIM,ANALOGO_DTW_HIBRIDO_CLIMATOLOGIA,30,10,0.2385661930661815,OK_ANALOGOS_CONTINUIDAD_CORREGIDA,-0.05067474607428135,0.05067474607428135,0.0,CORREGIDO_ANCLA_OBSERVADO
2026-10-10,SAN REGIS,34.0,2026-10-08,2026-11-03,90,26,6.007471052414043,6.1153561459802885,6.007471052414043,5.06,5.683815771715307,4.986371052414042,7.028571052414042,HIBRIDO_ANALOGO_CLIM,ANALOGO_DTW_HIBRIDO_CLIMATOLOGIA,30,10,0.2385661930661815,OK_ANALOGOS_CONTINUIDAD_CORREGIDA,-0.05067474607428135,0.05067474607428135,0.0,CORREGIDO_ANCLA_OBSERVADO
2026-10-10,SAN REGIS,34.0,2026-10-08,2026-11-04,90,27,6.029699744362796,6.12017816259572,6.029699744362796,5.06,5.758264489664025,5.049599744362796,7.0097997443627955,HIBRIDO_ANALOGO_CLIM,ANALOGO_DTW_HIBRIDO_CLIMATOLOGIA,30,10,0.2385661930661815,OK_ANALOGOS_CONTINUIDAD_CORREGIDA,-0.05067474607428135,0.05067474607428135,0.0,CORREGIDO_ANCLA_OBSERVADO
2026-10-10,SAN REGIS,34.0,2026-10-08,2026-11-05,90,28,6.068979578599719,6.1488974287577705,6.068979578599719,5.06,5.8292260281255635,5.083479578599719,7.054479578599719,HIBRIDO_ANALOGO_CLIM,ANALOGO_DTW_HIBRIDO_CLIMATOLOGIA,30,10,0.2385661930661815,OK_ANALOGOS_CONTINUIDAD_CORREGIDA,-0.05067474607428135,0.05067474607428135,0.0,CORREGIDO_ANCLA_OBSERVADO
2026-10-10,SAN REGIS,34.0,2026-10-08,2026-11-06,90,29,6.113822192470173,6.180238862636325,6.113822192470173,5.06,5.914572181971717,5.125822192470173,7.1018221924701725,HIBRIDO_ANALOGO_CLIM,ANALOGO_DTW_HIBRIDO_CLIMATOLOGIA,30,10,0.2385661930661815,OK_ANALOGOS_CONTINUIDAD_CORREGIDA,-0.05067474607428135,0.05067474607428135,0.0,CORREGIDO_ANCLA_OBSERVADO
2026-10-10,SAN REGIS,34.0,2026-10-08,2026-11-07,90,30,6.150694768003867,6.207222809501763,6.150694768003867,5.06,5.981110643510179,5.130694768003868,7.170694768003867,HIBRIDO_ANALOGO_CLIM,ANALOGO_DTW_HIBRIDO_CLIMATOLOGIA,30,10,0.2385661930661815,OK_ANALOGOS_CONTINUIDAD_CORREGIDA,-0.05067474607428135,0.05067474607428135,0.0,CORREGIDO_ANCLA_OBSERVADO
2026-10-10,SAN REGIS,34.0,2026-10-08,2026-11-08,90,31,6.169522411606786,6.221082431090737,6.169522411606786,5.06,6.021495258894794,5.114522411606786,7.224522411606785,HIBRIDO_ANALOGO_CLIM,ANALOGO_DTW_HIBRIDO_CLIMATOLOGIA,30,10,0.2385661930661815,OK_ANALOGOS_CONTINUIDAD_CORREGIDA,-0.05067474607428135,0.05067474607428135,0.0,CORREGIDO_ANCLA_OBSERVADO
2026-10-10,SAN REGIS,34.0,2026-10-08,2026-11-09,90,32,6.187726644312995,6.2371441177984,6.187726644312995,5.06,6.051828592228128,5.108726644312994,7.266726644312994,HIBRIDO_ANALOGO_CLIM,ANALOGO_DTW_HIBRIDO_CLIMATOLOGIA,30,10,0.2385661930661815,OK_ANALOGOS_CONTINUIDAD_CORREGIDA,-0.05067474607428135,0.05067474607428135,0.0,CORREGIDO_ANCLA_OBSERVADO
2026-10-10,SAN REGIS,34.0,2026-10-08,2026-11-10,90,33,6.200607245733829,6.238327884419899,6.200607245733829,5.06,6.101161925561461,5.121607245733829,7.279607245733828,HIBRIDO_ANALOGO_CLIM,ANALOGO_DTW_HIBRIDO_CLIMATOLOGIA,30,10,0.2385661930661815,OK_ANALOGOS_CONTINUIDAD_CORREGIDA,-0.05067474607428135,0.05067474607428135,0.0,CORREGIDO_ANCLA_OBSERVADO
2026-10-10,SAN REGIS,34.0,2026-10-08,2026-11-11,90,34,6.216490553080758,6.238151781491787,6.216490553080758,5.06,6.161700387099922,5.2084905530807575,7.224490553080758,HIBRIDO_ANALOGO_CLIM,ANALOGO_DTW_HIBRIDO_CLIMATOLOGIA,30,10,0.2385661930661815,OK_ANALOGOS_CONTINUIDAD_CORREGIDA,-0.05067474607428135,0.05067474607428135,0.0,CORREGIDO_ANCLA_OBSERVADO
2026-10-10,SAN REGIS,34.0,2026-10-08,2026-11-12,90,35,6.267569101358837,6.288546716732417,6.267569101358837,5.06,6.216623464023,5.207319101358837,7.327819101358837,HIBRIDO_ANALOGO_CLIM,ANALOGO_DTW_HIBRIDO_CLIMATOLOGIA,30,10,0.2385661930661815,OK_ANALOGOS_CONTINUIDAD_CORREGIDA,-0.05067474607428135,0.05067474607428135,0.0,CORREGIDO_ANCLA_OBSERVADO
2026-10-10,SAN REGIS,34.0,2026-10-08,2026-11-13,90,36,6.283677682748549,6.301123996268291,6.283677682748549,5.06,6.242969617869154,5.217777682748549,7.349577682748549,HIBRIDO_ANALOGO_CLIM,ANALOGO_DTW_HIBRIDO_CLIMATOLOGIA,30,10,0.2385661930661815,OK_ANALOGOS_CONTINUIDAD_CORREGIDA,-0.05067474607428135,0.05067474607428135,0.0,CORREGIDO_ANCLA_OBSERVADO
2026-10-10,SAN REGIS,34.0,2026-10-08,2026-11-14,90,37,6.302962795970318,6.329775324855082,6.302962795970318,5.06,6.242815771715307,5.280112795970318,7.325812795970318,HIBRIDO_ANALOGO_CLIM,ANALOGO_DTW_HIBRIDO_CLIMATOLOGIA,30,10,0.2385661930661815,OK_ANALOGOS_CONTINUIDAD_CORREGIDA,-0.05067474607428135,0.05067474607428135,0.0,CORREGIDO_ANCLA_OBSERVADO
2026-10-10,SAN REGIS,34.0,2026-10-08,2026-11-15,90,38,6.327406025734363,6.358229276658766,6.327406025734363,5.06,6.26089269479223,5.292006025734363,7.362806025734363,HIBRIDO_ANALOGO_CLIM,ANALOGO_DTW_HIBRIDO_CLIMATOLOGIA,30,10,0.2385661930661815,OK_ANALOGOS_CONTINUIDAD_CORREGIDA,-0.05067474607428135,0.05067474607428135,0.0,CORREGIDO_ANCLA_OBSERVADO
2026-10-10,SAN REGIS,34.0,2026-10-08,2026-11-16,90,39,6.346202805717238,6.389691624557673,6.346202805717238,5.06,6.255879874279409,5.287852805717237,7.404552805717238,HIBRIDO_ANALOGO_CLIM,ANALOGO_DTW_HIBRIDO_CLIMATOLOGIA,30,10,0.2385661930661815,OK_ANALOGOS_CONTINUIDAD_CORREGIDA,-0.05067474607428135,0.05067474607428135,0.0,CORREGIDO_ANCLA_OBSERVADO
2026-10-10,SAN REGIS,34.0,2026-10-08,2026-11-17,90,40,6.580090606627762,6.725202383058348,6.580090606627762,5.06,6.289867053766589,5.289440606627761,7.870740606627762,HIBRIDO_ANALOGO_CLIM,ANALOGO_DTW_HIBRIDO_CLIMATOLOGIA,30,10,0.2385661930661815,OK_ANALOGOS_CONTINUIDAD_CORREGIDA,-0.05067474607428135,0.05067474607428135,0.0,CORREGIDO_ANCLA_OBSERVADO
2026-10-10,SAN REGIS,34.0,2026-10-08,2026-11-18,90,41,6.656653410178056,6.824321824297478,6.656653410178056,5.06,6.333585002484538,5.104553410178056,8.208753410178058,HIBRIDO_ANALOGO_CLIM,ANALOGO_DTW_HIBRIDO_CLIMATOLOGIA,30,10,0.2385661930661815,OK_ANALOGOS_CONTINUIDAD_CORREGIDA,-0.05067474607428135,0.05067474607428135,0.0,CORREGIDO_ANCLA_OBSERVADO
2026-10-10,SAN REGIS,34.0,2026-10-08,2026-11-19,90,42,6.73966190877645,6.922607659107205,6.73966190877645,5.06,6.399905515305051,5.19406190877645,8.285261908776452,HIBRIDO_ANALOGO_CLIM,ANALOGO_DTW_HIBRIDO_CLIMATOLOGIA,30,10,0.2385661930661815,OK_ANALOGOS_CONTINUIDAD_CORREGIDA,-0.05067474607428135,0.05067474607428135,0.0,CORREGIDO_ANCLA_OBSERVADO
2026-10-10,SAN REGIS,34.0,2026-10-08,2026-11-20,90,43,6.789927262901358,6.979236776960301,6.789927262901358,5.06,6.450931156330692,5.347527262901358,8.232327262901357,HIBRIDO_ANALOGO_CLIM,ANALOGO_DTW_HIBRIDO_CLIMATOLOGIA,30,10,0.2385661930661815,OK_ANALOGOS_CONTINUIDAD_CORREGIDA,-0.05067474607428135,0.05067474607428135,0.0,CORREGIDO_ANCLA_OBSERVADO
2026-10-10,SAN REGIS,34.0,2026-10-08,2026-11-21,90,44,6.829924137181791,7.03162385214147,6.829924137181791,5.06,6.481533720433256,5.520424137181792,8.139424137181791,HIBRIDO_ANALOGO_CLIM,ANALOGO_DTW_HIBRIDO_CLIMATOLOGIA,30,10,0.2385661930661815,OK_ANALOGOS_CONTINUIDAD_CORREGIDA,-0.05067474607428135,0.05067474607428135,0.0,CORREGIDO_ANCLA_OBSERVADO
2026-10-10,SAN REGIS,34.0,2026-10-08,2026-11-22,90,45,6.860838388255069,7.073021188948158,6.860838388255069,5.06,6.507200387099922,5.70308838825507,8.018588388255068,HIBRIDO_ANALOGO_CLIM,ANALOGO_DTW_HIBRIDO_CLIMATOLOGIA,30,10,0.2385661930661815,OK_ANALOGOS_CONTINUIDAD_CORREGIDA,-0.05067474607428135,0.05067474607428135,0.0,CORREGIDO_ANCLA_OBSERVADO
2026-10-10,SAN REGIS,34.0,2026-10-08,2026-11-23,90,46,6.880350725646035,7.095875918768601,6.880350725646035,5.06,6.533636284535819,5.734250725646035,8.026450725646034,HIBRIDO_ANALOGO_CLIM,ANALOGO_DTW_HIBRIDO_CLIMATOLOGIA,30,10,0.2385661930661815,OK_ANALOGOS_CONTINUIDAD_CORREGIDA,-0.05067474607428135,0.05067474607428135,0.0,CORREGIDO_ANCLA_OBSERVADO
2026-10-10,SAN REGIS,34.0,2026-10-08,2026-11-24,90,47,6.893518273358061,7.1108441200426995,6.893518273358061,5.06,6.555969617869153,5.793618273358062,7.99341827335806,HIBRIDO_ANALOGO_CLIM,ANALOGO_DTW_HIBRIDO_CLIMATOLOGIA,30,10,0.2385661930661815,OK_ANALOGOS_CONTINUIDAD_CORREGIDA,-0.05067474607428135,0.05067474607428135,0.0,CORREGIDO_ANCLA_OBSERVADO
2026-10-10,SAN REGIS,34.0,2026-10-08,2026-11-25,90,48,6.922711125833189,7.136906319176734,6.922711125833189,5.06,6.601418335817871,5.8389611258331895,8.006461125833189,HIBRIDO_ANALOGO_CLIM,ANALOGO_DTW_HIBRIDO_CLIMATOLOGIA,30,10,0.2385661930661815,OK_ANALOGOS_CONTINUIDAD_CORREGIDA,-0.05067474607428135,0.05067474607428135,0.0,CORREGIDO_ANCLA_OBSERVADO
2026-10-10,SAN REGIS,34.0,2026-10-08,2026-11-26,90,49,6.949164190993861,7.140193201192965,6.949164190993861,5.06,6.672367053766589,5.9215641909938626,7.976764190993861,HIBRIDO_ANALOGO_CLIM,ANALOGO_DTW_HIBRIDO_CLIMATOLOGIA,30,10,0.2385661930661815,OK_ANALOGOS_CONTINUIDAD_CORREGIDA,-0.05067474607428135,0.05067474607428135,0.0,CORREGIDO_ANCLA_OBSERVADO
2026-10-10,SAN REGIS,34.0,2026-10-08,2026-11-27,90,50,6.962348964471144,7.129662050871834,6.962348964471144,5.06,6.728110643510179,5.989598964471144,7.935098964471145,HIBRIDO_ANALOGO_CLIM,ANALOGO_DTW_HIBRIDO_CLIMATOLOGIA,30,10,0.2385661930661815,OK_ANALOGOS_CONTINUIDAD_CORREGIDA,-0.05067474607428135,0.05067474607428135,0.0,CORREGIDO_ANCLA_OBSERVADO
2026-10-10,SAN REGIS,34.0,2026-10-08,2026-11-28,90,51,6.9726736138855845,7.110056277607874,6.9726736138855845,5.06,6.786802951202486,5.979073613885585,7.966273613885583,HIBRIDO_ANALOGO_CLIM,ANALOGO_DTW_HIBRIDO_CLIMATOLOGIA,30,10,0.2385661930661815,OK_ANALOGOS_CONTINUIDAD_CORREGIDA,-0.05067474607428135,0.05067474607428135,0.0,CORREGIDO_ANCLA_OBSERVADO
2026-10-10,SAN REGIS,34.0,2026-10-08,2026-11-29,90,52,7.006387366376992,7.133471527000634,7.006387366376992,5.06,6.840200387099922,5.985887366376991,8.026887366376993,HIBRIDO_ANALOGO_CLIM,ANALOGO_DTW_HIBRIDO_CLIMATOLOGIA,30,10,0.2385661930661815,OK_ANALOGOS_CONTINUIDAD_CORREGIDA,-0.05067474607428135,0.05067474607428135,0.0,CORREGIDO_ANCLA_OBSERVADO
2026-10-10,SAN REGIS,34.0,2026-10-08,2026-11-30,90,53,7.052233470080069,7.184516241806042,7.052233470080069,5.06,6.885008079407615,5.98583347008007,8.11863347008007,HIBRIDO_ANALOGO_CLIM,ANALOGO_DTW_HIBRIDO_CLIMATOLOGIA,30,10,0.2385661930661815,OK_ANALOGOS_CONTINUIDAD_CORREGIDA,-0.05067474607428135,0.05067474607428135,0.0,CORREGIDO_ANCLA_OBSERVADO
2026-10-10,SAN REGIS,34.0,2026-10-08,2026-12-01,90,54,7.096544705964537,7.255273237740776,7.096544705964537,5.06,6.902543167126913,5.965794705964537,8.227294705964535,HIBRIDO_ANALOGO_CLIM,ANALOGO_DTW_HIBRIDO_CLIMATOLOGIA,30,10,0.2385661930661815,OK_ANALOGOS_CONTINUIDAD_CORREGIDA,-0.05067474607428135,0.05067474607428135,0.0,CORREGIDO_ANCLA_OBSERVADO
2026-10-10,SAN REGIS,34.0,2026-10-08,2026-12-02,90,55,7.127894812616751,7.313434453121503,7.127894812616751,5.06,6.908620692020227,5.951894812616752,8.30389481261675,HIBRIDO_ANALOGO_CLIM,ANALOGO_DTW_HIBRIDO_CLIMATOLOGIA,30,10,0.2385661930661815,OK_ANALOGOS_CONTINUIDAD_CORREGIDA,-0.05067474607428135,0.05067474607428135,0.0,CORREGIDO_ANCLA_OBSERVADO
2026-10-10,SAN REGIS,34.0,2026-10-08,2026-12-03,90,56,7.1562293305451465,7.348209524389587,7.1562293305451465,5.06,6.936823394722929,5.925979330545146,8.386479330545146,HIBRIDO_ANALOGO_CLIM,ANALOGO_DTW_HIBRIDO_CLIMATOLOGIA,30,10,0.2385661930661815,OK_ANALOGOS_CONTINUIDAD_CORREGIDA,-0.05067474607428135,0.05067474607428135,0.0,CORREGIDO_ANCLA_OBSERVADO
2026-10-10,SAN REGIS,34.0,2026-10-08,2026-12-04,90,57,7.195932292908286,7.3859452342523095,7.195932292908286,5.06,6.9859179893175245,5.9171822929082865,8.474682292908287,HIBRIDO_ANALOGO_CLIM,ANALOGO_DTW_HIBRIDO_CLIMATOLOGIA,30,10,0.2385661930661815,OK_ANALOGOS_CONTINUIDAD_CORREGIDA,-0.05067474607428135,0.05067474607428135,0.0,CORREGIDO_ANCLA_OBSERVADO
2026-10-10,SAN REGIS,34.0,2026-10-08,2026-12-05,90,58,7.253374919195379,7.43594360773848,7.253374919195379,5.06,7.058215286614822,5.92897491919538,8.577774919195381,HIBRIDO_ANALOGO_CLIM,ANALOGO_DTW_HIBRIDO_CLIMATOLOGIA,30,10,0.2385661930661815,OK_ANALOGOS_CONTINUIDAD_CORREGIDA,-0.05067474607428135,0.05067474607428135,0.0,CORREGIDO_ANCLA_OBSERVADO
2026-10-10,SAN REGIS,34.0,2026-10-08,2026-12-06,90,59,7.309541317246096,7.46918541333297,7.309541317246096,5.06,7.144485556885092,5.925691317246096,8.693391317246096,HIBRIDO_ANALOGO_CLIM,ANALOGO_DTW_HIBRIDO_CLIMATOLOGIA,30,10,0.2385661930661815,OK_ANALOGOS_CONTINUIDAD_CORREGIDA,-0.05067474607428135,0.05067474607428135,0.0,CORREGIDO_ANCLA_OBSERVADO
2026-10-10,SAN REGIS,34.0,2026-10-08,2026-12-07,90,60,7.346190926344669,7.500950349858301,7.346190926344669,5.06,7.191431502831039,5.909290926344671,8.78309092634467,HIBRIDO_ANALOGO_CLIM,ANALOGO_DTW_HIBRIDO_CLIMATOLOGIA,30,10,0.2385661930661815,OK_ANALOGOS_CONTINUIDAD_CORREGIDA,-0.05067474607428135,0.05067474607428135,0.0,CORREGIDO_ANCLA_OBSERVADO
2026-10-10,SAN REGIS,34.0,2026-10-08,2026-12-08,90,61,7.375372411837236,7.543864684685148,7.375372411837236,5.06,7.212404475804011,5.9616224118372365,8.789122411837237,HIBRIDO_ANALOGO_CLIM,ANALOGO_DTW_HIBRIDO_CLIMATOLOGIA,30,10,0.2385661930661815,OK_ANALOGOS_CONTINUIDAD_CORREGIDA,-0.05067474607428135,0.05067474607428135,0.0,CORREGIDO_ANCLA_OBSERVADO
2026-10-10,SAN REGIS,34.0,2026-10-08,2026-12-09,90,62,7.391834067663857,7.564064488785239,7.391834067663857,5.06,7.230715286614822,5.9929840676638575,8.790684067663857,HIBRIDO_ANALOGO_CLIM,ANALOGO_DTW_HIBRIDO_CLIMATOLOGIA,30,10,0.2385661930661815,OK_ANALOGOS_CONTINUIDAD_CORREGIDA,-0.05067474607428135,0.05067474607428135,0.0,CORREGIDO_ANCLA_OBSERVADO
2026-10-10,SAN REGIS,34.0,2026-10-08,2026-12-10,90,63,7.419772212001669,7.611822327258539,7.419772212001669,5.06,7.24601258391212,6.069772212001668,8.76977221200167,HIBRIDO_ANALOGO_CLIM,ANALOGO_DTW_HIBRIDO_CLIMATOLOGIA,30,10,0.2385661930661815,OK_ANALOGOS_CONTINUIDAD_CORREGIDA,-0.05067474607428135,0.05067474607428135,0.0,CORREGIDO_ANCLA_OBSERVADO
2026-10-10,SAN REGIS,34.0,2026-10-08,2026-12-11,90,64,7.453394649288587,7.652873766475592,7.453394649288587,5.06,7.278850421749957,6.138894649288587,8.767894649288586,HIBRIDO_ANALOGO_CLIM,ANALOGO_DTW_HIBRIDO_CLIMATOLOGIA,30,10,0.2385661930661815,OK_ANALOGOS_CONTINUIDAD_CORREGIDA,-0.05067474607428135,0.05067474607428135,0.0,CORREGIDO_ANCLA_OBSERVADO
2026-10-10,SAN REGIS,34.0,2026-10-08,2026-12-12,90,65,7.503025750105933,7.705755069366927,7.503025750105933,5.06,7.331485556885092,6.229525750105933,8.776525750105932,HIBRIDO_ANALOGO_CLIM,ANALOGO_DTW_HIBRIDO_CLIMATOLOGIA,30,10,0.2385661930661815,OK_ANALOGOS_CONTINUIDAD_CORREGIDA,-0.05067474607428135,0.05067474607428135,0.0,CORREGIDO_ANCLA_OBSERVADO
2026-10-10,SAN REGIS,34.0,2026-10-08,2026-12-13,90,66,7.545159219145291,7.758335436982833,7.545159219145291,5.06,7.370742313641848,6.294759219145291,8.795559219145293,HIBRIDO_ANALOGO_CLIM,ANALOGO_DTW_HIBRIDO_CLIMATOLOGIA,30,10,0.2385661930661815,OK_ANALOGOS_CONTINUIDAD_CORREGIDA,-0.05067474607428135,0.05067474607428135,0.0,CORREGIDO_ANCLA_OBSERVADO
2026-10-10,SAN REGIS,34.0,2026-10-08,2026-12-14,90,67,7.570500420932835,7.795777242949335,7.570500420932835,5.06,7.392296367695903,6.328100420932836,8.812900420932834,HIBRIDO_ANALOGO_CLIM,ANALOGO_DTW_HIBRIDO_CLIMATOLOGIA,30,10,0.2385661930661815,OK_ANALOGOS_CONTINUIDAD_CORREGIDA,-0.05067474607428135,0.05067474607428135,0.0,CORREGIDO_ANCLA_OBSERVADO
2026-10-10,SAN REGIS,34.0,2026-10-08,2026-12-15,90,68,7.5866325963839145,7.8155119889925615,7.5866325963839145,5.06,7.4116071785067135,6.354382596383915,8.818882596383915,HIBRIDO_ANALOGO_CLIM,ANALOGO_DTW_HIBRIDO_CLIMATOLOGIA,30,10,0.2385661930661815,OK_ANALOGOS_CONTINUIDAD_CORREGIDA,-0.05067474607428135,0.05067474607428135,0.0,CORREGIDO_ANCLA_OBSERVADO
2026-10-10,SAN REGIS,34.0,2026-10-08,2026-12-16,90,69,7.586066509047514,7.821880325089201,7.586066509047514,5.06,7.411769340668876,6.324216509047514,8.847916509047515,HIBRIDO_ANALOGO_CLIM,ANALOGO_DTW_HIBRIDO_CLIMATOLOGIA,30,10,0.2385661930661815,OK_ANALOGOS_CONTINUIDAD_CORREGIDA,-0.05067474607428135,0.05067474607428135,0.0,CORREGIDO_ANCLA_OBSERVADO
2026-10-10,SAN REGIS,34.0,2026-10-08,2026-12-17,90,70,7.600164839001169,7.875421239369082,7.600164839001169,5.06,7.40355312445266,6.52026483900117,8.680064839001169,HIBRIDO_ANALOGO_CLIM,ANALOGO_DTW_HIBRIDO_CLIMATOLOGIA,30,10,0.2385661930661815,OK_ANALOGOS_CONTINUIDAD_CORREGIDA,-0.05067474607428135,0.05067474607428135,0.0,CORREGIDO_ANCLA_OBSERVADO
2026-10-10,SAN REGIS,34.0,2026-10-08,2026-12-18,90,71,7.614001320045195,7.920287536163007,7.614001320045195,5.06,7.402620692020227,6.582251320045195,8.645751320045196,HIBRIDO_ANALOGO_CLIM,ANALOGO_DTW_HIBRIDO_CLIMATOLOGIA,30,10,0.2385661930661815,OK_ANALOGOS_CONTINUIDAD_CORREGIDA,-0.05067474607428135,0.05067474607428135,0.0,CORREGIDO_ANCLA_OBSERVADO
2026-10-10,SAN REGIS,34.0,2026-10-08,2026-12-19,90,72,7.634393852372658,7.9454049442526555,7.634393852372658,5.06,7.42705312445266,6.6143938523726575,8.654393852372657,HIBRIDO_ANALOGO_CLIM,ANALOGO_DTW_HIBRIDO_CLIMATOLOGIA,30,10,0.2385661930661815,OK_ANALOGOS_CONTINUIDAD_CORREGIDA,-0.05067474607428135,0.05067474607428135,0.0,CORREGIDO_ANCLA_OBSERVADO
2026-10-10,SAN REGIS,34.0,2026-10-08,2026-12-20,90,73,7.628180036110508,7.881883192170224,7.628180036110508,5.06,7.464836908236443,6.660930036110508,8.595430036110507,HIBRIDO_ANALOGO_CLIM,ANALOGO_DTW_HIBRIDO_CLIMATOLOGIA,30,10,0.2385661930661815,OK_ANALOGOS_CONTINUIDAD_CORREGIDA,-0.05067474607428135,0.05067474607428135,0.0,CORREGIDO_ANCLA_OBSERVADO
2026-10-10,SAN REGIS,34.0,2026-10-08,2026-12-21,90,74,7.647377429981808,7.859007834528698,7.647377429981808,5.06,7.515823394722931,6.753277429981809,8.541477429981807,HIBRIDO_ANALOGO_CLIM,ANALOGO_DTW_HIBRIDO_CLIMATOLOGIA,30,10,0.2385661930661815,OK_ANALOGOS_CONTINUIDAD_CORREGIDA,-0.05067474607428135,0.05067474607428135,0.0,CORREGIDO_ANCLA_OBSERVADO
2026-10-10,SAN REGIS,34.0,2026-10-08,2026-12-22,90,75,7.656694742965027,7.78753888192708,7.656694742965027,5.06,7.578188259587796,6.822944742965028,8.490444742965028,HIBRIDO_ANALOGO_CLIM,ANALOGO_DTW_HIBRIDO_CLIMATOLOGIA,30,10,0.2385661930661815,OK_ANALOGOS_CONTINUIDAD_CORREGIDA,-0.05067474607428135,0.05067474607428135,0.0,CORREGIDO_ANCLA_OBSERVADO
2026-10-10,SAN REGIS,34.0,2026-10-08,2026-12-23,90,76,7.670571330258858,7.7183595334081385,7.670571330258858,5.06,7.642904475804012,6.871971330258858,8.46917133025886,HIBRIDO_ANALOGO_CLIM,ANALOGO_DTW_HIBRIDO_CLIMATOLOGIA,30,10,0.2385661930661815,OK_ANALOGOS_CONTINUIDAD_CORREGIDA,-0.05067474607428135,0.05067474607428135,0.0,CORREGIDO_ANCLA_OBSERVADO
2026-10-10,SAN REGIS,34.0,2026-10-08,2026-12-24,90,77,7.68651427550659,7.687993420291411,7.68651427550659,5.06,7.685688259587795,6.922614275506589,8.450414275506589,HIBRIDO_ANALOGO_CLIM,ANALOGO_DTW_HIBRIDO_CLIMATOLOGIA,30,10,0.2385661930661815,OK_ANALOGOS_CONTINUIDAD_CORREGIDA,-0.05067474607428135,0.05067474607428135,0.0,CORREGIDO_ANCLA_OBSERVADO
2026-10-10,SAN REGIS,34.0,2026-10-08,2026-12-25,90,78,7.706333411322372,7.687805681532147,7.706333411322372,5.06,7.7163098812094155,6.954583411322372,8.45808341132237,HIBRIDO_ANALOGO_CLIM,ANALOGO_DTW_HIBRIDO_CLIMATOLOGIA,30,10,0.2385661930661815,OK_ANALOGOS_CONTINUIDAD_CORREGIDA,-0.05067474607428135,0.05067474607428135,0.0,CORREGIDO_ANCLA_OBSERVADO
2026-10-10,SAN REGIS,34.0,2026-10-08,2026-12-26,90,79,7.730702600566955,7.70341612639562,7.730702600566955,5.06,7.744863935263471,7.011302600566956,8.450102600566954,HIBRIDO_ANALOGO_CLIM,ANALOGO_DTW_HIBRIDO_CLIMATOLOGIA,30,10,0.2385661930661815,OK_ANALOGOS_CONTINUIDAD_CORREGIDA,-0.05067474607428135,0.05067474607428135,0.0,CORREGIDO_ANCLA_OBSERVADO
2026-10-10,SAN REGIS,34.0,2026-10-08,2026-12-27,90,80,7.758181973546882,7.71930453660019,7.758181973546882,5.06,7.777620692020227,7.031931973546882,8.48443197354688,HIBRIDO_ANALOGO_CLIM,ANALOGO_DTW_HIBRIDO_CLIMATOLOGIA,30,10,0.2385661930661815,OK_ANALOGOS_CONTINUIDAD_CORREGIDA,-0.05067474607428135,0.05067474607428135,0.0,CORREGIDO_ANCLA_OBSERVADO
2026-10-10,SAN REGIS,34.0,2026-10-08,2026-12-28,90,81,7.779356098264411,7.745323189403577,7.779356098264411,5.06,7.795742313641849,7.049356098264411,8.509356098264412,HIBRIDO_ANALOGO_CLIM,ANALOGO_DTW_HIBRIDO_CLIMATOLOGIA,30,10,0.2385661930661815,OK_ANALOGOS_CONTINUIDAD_CORREGIDA,-0.05067474607428135,0.05067474607428135,0.0,CORREGIDO_ANCLA_OBSERVADO
2026-10-10,SAN REGIS,34.0,2026-10-08,2026-12-29,90,82,7.799894662225299,7.785322276451605,7.799894662225299,5.06,7.8066477190472545,7.057894662225299,8.5418946622253,HIBRIDO_ANALOGO_CLIM,ANALOGO_DTW_HIBRIDO_CLIMATOLOGIA,30,10,0.2385661930661815,OK_ANALOGOS_CONTINUIDAD_CORREGIDA,-0.05067474607428135,0.05067474607428135,0.0,CORREGIDO_ANCLA_OBSERVADO
2026-10-10,SAN REGIS,34.0,2026-10-08,2026-12-30,90,83,7.834613823543166,7.845844946192507,7.834613823543166,5.06,7.829607178506714,6.997113823543167,8.672113823543167,HIBRIDO_ANALOGO_CLIM,ANALOGO_DTW_HIBRIDO_CLIMATOLOGIA,30,10,0.2385661930661815,OK_ANALOGOS_CONTINUIDAD_CORREGIDA,-0.05067474607428135,0.05067474607428135,0.0,CORREGIDO_ANCLA_OBSERVADO
2026-10-10,SAN REGIS,34.0,2026-10-08,2026-12-31,90,84,7.873073650288771,7.885576498861316,7.873073650288771,5.06,7.867715286614822,6.953573650288772,8.79257365028877,HIBRIDO_ANALOGO_CLIM,ANALOGO_DTW_HIBRIDO_CLIMATOLOGIA,30,10,0.2385661930661815,OK_ANALOGOS_CONTINUIDAD_CORREGIDA,-0.05067474607428135,0.05067474607428135,0.0,CORREGIDO_ANCLA_OBSERVADO
2026-10-10,SAN REGIS,34.0,2026-10-08,2027-01-01,90,85,7.995460214804706,7.911682800036469,7.995460214804706,5.06,8.029956797356332,7.039210214804706,8.951710214804706,HIBRIDO_ANALOGO_CLIM,ANALOGO_DTW_HIBRIDO_CLIMATOLOGIA,30,10,0.2385661930661815,OK_ANALOGOS_CONTINUIDAD_CORREGIDA,-0.05067474607428135,0.05067474607428135,0.0,CORREGIDO_ANCLA_OBSERVADO
2026-10-10,SAN REGIS,34.0,2026-10-08,2027-01-02,90,86,8.031858147459673,7.956115408580793,8.031858147459673,5.06,8.061802951202488,7.034758147459673,9.028958147459672,HIBRIDO_ANALOGO_CLIM,ANALOGO_DTW_HIBRIDO_CLIMATOLOGIA,30,10,0.2385661930661815,OK_ANALOGOS_CONTINUIDAD_CORREGIDA,-0.05067474607428135,0.05067474607428135,0.0,CORREGIDO_ANCLA_OBSERVADO
2026-10-10,SAN REGIS,34.0,2026-10-08,2027-01-03,90,87,8.048675064238916,7.971004574365259,8.048675064238916,5.06,8.07813628453582,7.009575064238916,9.087775064238915,HIBRIDO_ANALOGO_CLIM,ANALOGO_DTW_HIBRIDO_CLIMATOLOGIA,30,10,0.2385661930661815,OK_ANALOGOS_CONTINUIDAD_CORREGIDA,-0.05067474607428135,0.05067474607428135,0.0,CORREGIDO_ANCLA_OBSERVADO
2026-10-10,SAN REGIS,34.0,2026-10-08,2027-01-04,90,88,8.108557058859496,8.115884060044479,8.108557058859496,5.06,8.105892694792232,7.022807058859497,9.194307058859497,HIBRIDO_ANALOGO_CLIM,ANALOGO_DTW_HIBRIDO_CLIMATOLOGIA,30,10,0.2385661930661815,OK_ANALOGOS_CONTINUIDAD_CORREGIDA,-0.05067474607428135,0.05067474607428135,0.0,CORREGIDO_ANCLA_OBSERVADO
2026-10-10,SAN REGIS,34.0,2026-10-08,2027-01-05,90,89,8.130019561521383,8.113710094537836,8.130019561521383,5.06,8.13570038709992,7.027119561521383,9.232919561521381,HIBRIDO_ANALOGO_CLIM,ANALOGO_DTW_HIBRIDO_CLIMATOLOGIA,30,10,0.2385661930661815,OK_ANALOGOS_CONTINUIDAD_CORREGIDA,-0.05067474607428135,0.05067474607428135,0.0,CORREGIDO_ANCLA_OBSERVADO
2026-10-10,SAN REGIS,34.0,2026-10-08,2027-01-06,90,90,8.140394420868159,8.098053445249782,8.140394420868159,5.06,8.154508079407616,6.969894420868158,9.31089442086816,HIBRIDO_ANALOGO_CLIM,ANALOGO_DTW_HIBRIDO_CLIMATOLOGIA,30,10,0.2385661930661815,OK_ANALOGOS_CONTINUIDAD_CORREGIDA,-0.05067474607428135,0.05067474607428135,0.0,CORREGIDO_ANCLA_OBSERVADO
2026-10-10,SANTA MARIA DE NANAY,30.0,2026-10-08,2026-10-09,30,1,3.22,2.723026266772058,3.22,3.22,4.710921199683827,3.0505000000000004,3.3895000000000004,HIBRIDO_ANALOGO_CLIM,ANALOGO_DTW_HIBRIDO_CLIMATOLOGIA,30,10,0.2307307812554082,OK_ANALOGOS_CONTINUIDAD_CORREGIDA,0.5066899114272845,-0.5066899114272845,0.0,CORREGIDO_ANCLA_OBSERVADO
2026-10-10,SANTA MARIA DE NANAY,30.0,2026-10-08,2026-10-10,30,2,3.2572829351787,2.7367368470103237,3.2572829351787,3.22,4.818921199683827,2.8610829351786995,3.6534829351787,HIBRIDO_ANALOGO_CLIM,ANALOGO_DTW_HIBRIDO_CLIMATOLOGIA,30,10,0.2307307812554082,OK_ANALOGOS_CONTINUIDAD_CORREGIDA,0.5066899114272845,-0.5066899114272845,0.0,CORREGIDO_ANCLA_OBSERVADO
2026-10-10,SANTA MARIA DE NANAY,30.0,2026-10-08,2026-10-11,30,3,3.3235823461357636,2.79841383939752,3.3235823461357636,3.22,4.899087866350493,2.7699323461357634,3.877232346135764,HIBRIDO_ANALOGO_CLIM,ANALOGO_DTW_HIBRIDO_CLIMATOLOGIA,30,10,0.2307307812554082,OK_ANALOGOS_CONTINUIDAD_CORREGIDA,0.5066899114272845,-0.5066899114272845,0.0,CORREGIDO_ANCLA_OBSERVADO
2026-10-10,SANTA MARIA DE NANAY,30.0,2026-10-08,2026-10-12,30,4,3.408972888360214,2.896304932733825,3.408972888360214,3.22,4.946976755239382,2.766122888360214,4.051822888360214,HIBRIDO_ANALOGO_CLIM,ANALOGO_DTW_HIBRIDO_CLIMATOLOGIA,30,10,0.2307307812554082,OK_ANALOGOS_CONTINUIDAD_CORREGIDA,0.5066899114272845,-0.5066899114272845,0.0,CORREGIDO_ANCLA_OBSERVADO
2026-10-10,SANTA MARIA DE NANAY,30.0,2026-10-08,2026-10-13,30,5,3.511871967804555,3.0215037053262797,3.511871967804555,3.22,4.982976755239382,2.530721967804555,4.493021967804554,HIBRIDO_ANALOGO_CLIM,ANALOGO_DTW_HIBRIDO_CLIMATOLOGIA,30,10,0.2307307812554082,OK_ANALOGOS_CONTINUIDAD_CORREGIDA,0.5066899114272845,-0.5066899114272845,0.0,CORREGIDO_ANCLA_OBSERVADO
2026-10-10,SANTA MARIA DE NANAY,30.0,2026-10-08,2026-10-14,30,6,3.530597112467875,3.0432483426551507,3.530597112467875,3.22,4.992643421906049,2.443597112467876,4.617597112467875,HIBRIDO_ANALOGO_CLIM,ANALOGO_DTW_HIBRIDO_CLIMATOLOGIA,30,10,0.2307307812554082,OK_ANALOGOS_CONTINUIDAD_CORREGIDA,0.5066899114272845,-0.5066899114272845,0.0,CORREGIDO_ANCLA_OBSERVADO
2026-10-10,SANTA MARIA DE NANAY,30.0,2026-10-08,2026-10-15,30,7,3.475563164243595,2.9767586339116665,3.475563164243595,3.22,4.971976755239382,2.3891131642435957,4.562013164243594,HIBRIDO_ANALOGO_CLIM,ANALOGO_DTW_HIBRIDO_CLIMATOLOGIA,30,10,0.2307307812554082,OK_ANALOGOS_CONTINUIDAD_CORREGIDA,0.5066899114272845,-0.5066899114272845,0.0,CORREGIDO_ANCLA_OBSERVADO
2026-10-10,SANTA MARIA DE NANAY,30.0,2026-10-08,2026-10-16,30,8,3.4056019904025048,2.8715141058272495,3.4056019904025048,3.22,5.007865644128271,2.229101990402505,4.582101990402505,HIBRIDO_ANALOGO_CLIM,ANALOGO_DTW_HIBRIDO_CLIMATOLOGIA,30,10,0.2307307812554082,OK_ANALOGOS_CONTINUIDAD_CORREGIDA,0.5066899114272845,-0.5066899114272845,0.0,CORREGIDO_ANCLA_OBSERVADO
2026-10-10,SANTA MARIA DE NANAY,30.0,2026-10-08,2026-10-17,30,9,3.378657144081137,2.813587644065425,3.378657144081137,3.22,5.073865644128271,2.028457144081137,4.728857144081136,HIBRIDO_ANALOGO_CLIM,ANALOGO_DTW_HIBRIDO_CLIMATOLOGIA,30,10,0.2307307812554082,OK_ANALOGOS_CONTINUIDAD_CORREGIDA,0.5066899114272845,-0.5066899114272845,0.0,CORREGIDO_ANCLA_OBSERVADO
2026-10-10,SANTA MARIA DE NANAY,30.0,2026-10-08,2026-10-18,30,10,3.330684359187503,2.7374387456887286,3.330684359187503,3.22,5.1104211996838265,2.0479843591875033,4.613384359187502,HIBRIDO_ANALOGO_CLIM,ANALOGO_DTW_HIBRIDO_CLIMATOLOGIA,30,10,0.2307307812554082,OK_ANALOGOS_CONTINUIDAD_CORREGIDA,0.5066899114272845,-0.5066899114272845,0.0,CORREGIDO_ANCLA_OBSERVADO
2026-10-10,SANTA MARIA DE NANAY,30.0,2026-10-08,2026-10-19,30,11,3.3100413413445136,2.699914721898076,3.3100413413445136,3.22,5.140421199683827,2.126441341344514,4.493641341344514,HIBRIDO_ANALOGO_CLIM,ANALOGO_DTW_HIBRIDO_CLIMATOLOGIA,30,10,0.2307307812554082,OK_ANALOGOS_CONTINUIDAD_CORREGIDA,0.5066899114272845,-0.5066899114272845,0.0,CORREGIDO_ANCLA_OBSERVADO
2026-10-10,SANTA MARIA DE NANAY,30.0,2026-10-08,2026-10-20,30,12,3.271875745537069,2.6631754089696313,3.271875745537069,3.22,5.097976755239382,2.0268257455370695,4.516925745537069,HIBRIDO_ANALOGO_CLIM,ANALOGO_DTW_HIBRIDO_CLIMATOLOGIA,30,10,0.2307307812554082,OK_ANALOGOS_CONTINUIDAD_CORREGIDA,0.5066899114272845,-0.5066899114272845,0.0,CORREGIDO_ANCLA_OBSERVADO
2026-10-10,SANTA MARIA DE NANAY,30.0,2026-10-08,2026-10-21,30,13,3.2269199209641144,2.6194565317612475,3.2269199209641144,3.22,5.049310088572716,1.9106199209641144,4.5432199209641135,HIBRIDO_ANALOGO_CLIM,ANALOGO_DTW_HIBRIDO_CLIMATOLOGIA,30,10,0.2307307812554082,OK_ANALOGOS_CONTINUIDAD_CORREGIDA,0.5066899114272845,-0.5066899114272845,0.0,CORREGIDO_ANCLA_OBSERVADO
2026-10-10,SANTA MARIA DE NANAY,30.0,2026-10-08,2026-10-22,30,14,3.150884827546606,2.5375208516490138,3.150884827546606,3.22,4.990976755239382,1.8227848275466059,4.478984827546606,HIBRIDO_ANALOGO_CLIM,ANALOGO_DTW_HIBRIDO_CLIMATOLOGIA,30,10,0.2307307812554082,OK_ANALOGOS_CONTINUIDAD_CORREGIDA,0.5066899114272845,-0.5066899114272845,0.0,CORREGIDO_ANCLA_OBSERVADO
2026-10-10,SANTA MARIA DE NANAY,30.0,2026-10-08,2026-10-23,30,15,3.0821467592352,2.4520923161226946,3.0821467592352,3.22,4.972310088572716,1.6585467592352012,4.5057467592351985,HIBRIDO_ANALOGO_CLIM,ANALOGO_DTW_HIBRIDO_CLIMATOLOGIA,30,10,0.2307307812554082,OK_ANALOGOS_CONTINUIDAD_CORREGIDA,0.5066899114272845,-0.5066899114272845,0.0,CORREGIDO_ANCLA_OBSERVADO
2026-10-10,SANTA MARIA DE NANAY,30.0,2026-10-08,2026-10-24,30,16,3.071865907623499,2.415643773233019,3.071865907623499,3.22,5.040532310794937,1.457715907623499,4.686015907623498,HIBRIDO_ANALOGO_CLIM,ANALOGO_DTW_HIBRIDO_CLIMATOLOGIA,30,10,0.2307307812554082,OK_ANALOGOS_CONTINUIDAD_CORREGIDA,0.5066899114272845,-0.5066899114272845,0.0,CORREGIDO_ANCLA_OBSERVADO
2026-10-10,SANTA MARIA DE NANAY,30.0,2026-10-08,2026-10-25,30,17,3.104808332770962,2.452344784540748,3.104808332770962,3.22,5.0621989774616045,1.5233583327709623,4.6862583327709615,HIBRIDO_ANALOGO_CLIM,ANALOGO_DTW_HIBRIDO_CLIMATOLOGIA,30,10,0.2307307812554082,OK_ANALOGOS_CONTINUIDAD_CORREGIDA,0.5066899114272845,-0.5066899114272845,0.0,CORREGIDO_ANCLA_OBSERVADO
2026-10-10,SANTA MARIA DE NANAY,30.0,2026-10-08,2026-10-26,30,18,3.175218554178495,2.548447301973014,3.175218554178495,3.22,5.055532310794938,1.5853685541784954,4.765068554178495,HIBRIDO_ANALOGO_CLIM,ANALOGO_DTW_HIBRIDO_CLIMATOLOGIA,30,10,0.2307307812554082,OK_ANALOGOS_CONTINUIDAD_CORREGIDA,0.5066899114272845,-0.5066899114272845,0.0,CORREGIDO_ANCLA_OBSERVADO
2026-10-10,SANTA MARIA DE NANAY,30.0,2026-10-08,2026-10-27,30,19,3.2233065268521077,2.613157191463757,3.2233065268521077,3.22,5.05375453301716,1.5031565268521079,4.943456526852107,HIBRIDO_ANALOGO_CLIM,ANALOGO_DTW_HIBRIDO_CLIMATOLOGIA,30,10,0.2307307812554082,OK_ANALOGOS_CONTINUIDAD_CORREGIDA,0.5066899114272845,-0.5066899114272845,0.0,CORREGIDO_ANCLA_OBSERVADO
2026-10-10,SANTA MARIA DE NANAY,30.0,2026-10-08,2026-10-28,30,20,3.2494865831315214,2.638397266502975,3.2494865831315214,3.22,5.08275453301716,1.3779865831315217,5.120986583131521,HIBRIDO_ANALOGO_CLIM,ANALOGO_DTW_HIBRIDO_CLIMATOLOGIA,30,10,0.2307307812554082,OK_ANALOGOS_CONTINUIDAD_CORREGIDA,0.5066899114272845,-0.5066899114272845,0.0,CORREGIDO_ANCLA_OBSERVADO
2026-10-10,SANTA MARIA DE NANAY,30.0,2026-10-08,2026-10-29,30,21,3.2936080869882254,2.6850777901637657,3.2936080869882254,3.22,5.119198977461604,1.2686080869882252,5.318608086988225,HIBRIDO_ANALOGO_CLIM,ANALOGO_DTW_HIBRIDO_CLIMATOLOGIA,30,10,0.2307307812554082,OK_ANALOGOS_CONTINUIDAD_CORREGIDA,0.5066899114272845,-0.5066899114272845,0.0,CORREGIDO_ANCLA_OBSERVADO
2026-10-10,SANTA MARIA DE NANAY,30.0,2026-10-08,2026-10-30,30,22,3.3434638969167056,2.7222373885869247,3.3434638969167056,3.22,5.207143421906049,1.1312138969167058,5.555713896916706,HIBRIDO_ANALOGO_CLIM,ANALOGO_DTW_HIBRIDO_CLIMATOLOGIA,30,10,0.2307307812554082,OK_ANALOGOS_CONTINUIDAD_CORREGIDA,0.5066899114272845,-0.5066899114272845,0.0,CORREGIDO_ANCLA_OBSERVADO
2026-10-10,SANTA MARIA DE NANAY,30.0,2026-10-08,2026-10-31,30,23,3.37239676664739,2.7435738074870963,3.37239676664739,3.22,5.258865644128271,1.0001467666473904,5.7446467666473895,HIBRIDO_ANALOGO_CLIM,ANALOGO_DTW_HIBRIDO_CLIMATOLOGIA,30,10,0.2307307812554082,OK_ANALOGOS_CONTINUIDAD_CORREGIDA,0.5066899114272845,-0.5066899114272845,0.0,CORREGIDO_ANCLA_OBSERVADO
2026-10-10,SANTA MARIA DE NANAY,30.0,2026-10-08,2026-11-01,30,24,3.4293132713053773,2.7800180359199684,3.4293132713053773,3.22,5.377198977461604,1.0265632713053776,5.832063271305377,HIBRIDO_ANALOGO_CLIM,ANALOGO_DTW_HIBRIDO_CLIMATOLOGIA,30,10,0.2307307812554082,OK_ANALOGOS_CONTINUIDAD_CORREGIDA,0.5066899114272845,-0.5066899114272845,0.0,CORREGIDO_ANCLA_OBSERVADO
2026-10-10,SANTA MARIA DE NANAY,30.0,2026-10-08,2026-11-02,30,25,3.4967970786859492,2.8575149642792494,3.4967970786859492,3.22,5.414643421906049,1.0024970786859497,5.991097078685949,HIBRIDO_ANALOGO_CLIM,ANALOGO_DTW_HIBRIDO_CLIMATOLOGIA,30,10,0.2307307812554082,OK_ANALOGOS_CONTINUIDAD_CORREGIDA,0.5066899114272845,-0.5066899114272845,0.0,CORREGIDO_ANCLA_OBSERVADO
2026-10-10,SANTA MARIA DE NANAY,30.0,2026-10-08,2026-11-03,30,26,3.5712816467063666,2.9450129068249917,3.5712816467063666,3.22,5.450087866350493,0.9447816467063672,6.197781646706367,HIBRIDO_ANALOGO_CLIM,ANALOGO_DTW_HIBRIDO_CLIMATOLOGIA,30,10,0.2307307812554082,OK_ANALOGOS_CONTINUIDAD_CORREGIDA,0.5066899114272845,-0.5066899114272845,0.0,CORREGIDO_ANCLA_OBSERVADO
2026-10-10,SANTA MARIA DE NANAY,30.0,2026-10-08,2026-11-04,30,27,3.592682854685827,2.991844147093901,3.592682854685827,3.22,5.395198977461605,0.9308328546858271,6.254532854685826,HIBRIDO_ANALOGO_CLIM,ANALOGO_DTW_HIBRIDO_CLIMATOLOGIA,30,10,0.2307307812554082,OK_ANALOGOS_CONTINUIDAD_CORREGIDA,0.5066899114272845,-0.5066899114272845,0.0,CORREGIDO_ANCLA_OBSERVADO
2026-10-10,SANTA MARIA DE NANAY,30.0,2026-10-08,2026-11-05,30,28,3.556740956511761,2.9656253198988507,3.556740956511761,3.22,5.330087866350493,0.804690956511761,6.308790956511761,HIBRIDO_ANALOGO_CLIM,ANALOGO_DTW_HIBRIDO_CLIMATOLOGIA,30,10,0.2307307812554082,OK_ANALOGOS_CONTINUIDAD_CORREGIDA,0.5066899114272845,-0.5066899114272845,0.0,CORREGIDO_ANCLA_OBSERVADO
2026-10-10,SANTA MARIA DE NANAY,30.0,2026-10-08,2026-11-06,30,29,3.506288593061643,2.9060962427060995,3.506288593061643,3.22,5.306865644128272,0.7326885930616436,6.279888593061643,HIBRIDO_ANALOGO_CLIM,ANALOGO_DTW_HIBRIDO_CLIMATOLOGIA,30,10,0.2307307812554082,OK_ANALOGOS_CONTINUIDAD_CORREGIDA,0.5066899114272845,-0.5066899114272845,0.0,CORREGIDO_ANCLA_OBSERVADO
2026-10-10,SANTA MARIA DE NANAY,30.0,2026-10-08,2026-11-07,30,30,3.5307366535661098,2.9268047678231666,3.5307366535661098,3.22,5.342532310794938,0.7671866535661103,6.29428665356611,HIBRIDO_ANALOGO_CLIM,ANALOGO_DTW_HIBRIDO_CLIMATOLOGIA,30,10,0.2307307812554082,OK_ANALOGOS_CONTINUIDAD_CORREGIDA,0.5066899114272845,-0.5066899114272845,0.0,CORREGIDO_ANCLA_OBSERVADO
2026-10-10,SANTA MARIA DE NANAY,30.0,2026-10-08,2026-10-09,60,1,3.22,2.723026266772058,3.22,3.22,4.710921199683827,3.0505000000000004,3.3895000000000004,HIBRIDO_ANALOGO_CLIM,ANALOGO_DTW_HIBRIDO_CLIMATOLOGIA,30,10,0.2307307812554082,OK_ANALOGOS_CONTINUIDAD_CORREGIDA,0.5066899114272845,-0.5066899114272845,0.0,CORREGIDO_ANCLA_OBSERVADO
2026-10-10,SANTA MARIA DE NANAY,30.0,2026-10-08,2026-10-10,60,2,3.2572829351787,2.7367368470103237,3.2572829351787,3.22,4.818921199683827,2.8610829351786995,3.6534829351787,HIBRIDO_ANALOGO_CLIM,ANALOGO_DTW_HIBRIDO_CLIMATOLOGIA,30,10,0.2307307812554082,OK_ANALOGOS_CONTINUIDAD_CORREGIDA,0.5066899114272845,-0.5066899114272845,0.0,CORREGIDO_ANCLA_OBSERVADO
2026-10-10,SANTA MARIA DE NANAY,30.0,2026-10-08,2026-10-11,60,3,3.3235823461357636,2.79841383939752,3.3235823461357636,3.22,4.899087866350493,2.7699323461357634,3.877232346135764,HIBRIDO_ANALOGO_CLIM,ANALOGO_DTW_HIBRIDO_CLIMATOLOGIA,30,10,0.2307307812554082,OK_ANALOGOS_CONTINUIDAD_CORREGIDA,0.5066899114272845,-0.5066899114272845,0.0,CORREGIDO_ANCLA_OBSERVADO
2026-10-10,SANTA MARIA DE NANAY,30.0,2026-10-08,2026-10-12,60,4,3.408972888360214,2.896304932733825,3.408972888360214,3.22,4.946976755239382,2.766122888360214,4.051822888360214,HIBRIDO_ANALOGO_CLIM,ANALOGO_DTW_HIBRIDO_CLIMATOLOGIA,30,10,0.2307307812554082,OK_ANALOGOS_CONTINUIDAD_CORREGIDA,0.5066899114272845,-0.5066899114272845,0.0,CORREGIDO_ANCLA_OBSERVADO
2026-10-10,SANTA MARIA DE NANAY,30.0,2026-10-08,2026-10-13,60,5,3.511871967804555,3.0215037053262797,3.511871967804555,3.22,4.982976755239382,2.530721967804555,4.493021967804554,HIBRIDO_ANALOGO_CLIM,ANALOGO_DTW_HIBRIDO_CLIMATOLOGIA,30,10,0.2307307812554082,OK_ANALOGOS_CONTINUIDAD_CORREGIDA,0.5066899114272845,-0.5066899114272845,0.0,CORREGIDO_ANCLA_OBSERVADO
2026-10-10,SANTA MARIA DE NANAY,30.0,2026-10-08,2026-10-14,60,6,3.530597112467875,3.0432483426551507,3.530597112467875,3.22,4.992643421906049,2.443597112467876,4.617597112467875,HIBRIDO_ANALOGO_CLIM,ANALOGO_DTW_HIBRIDO_CLIMATOLOGIA,30,10,0.2307307812554082,OK_ANALOGOS_CONTINUIDAD_CORREGIDA,0.5066899114272845,-0.5066899114272845,0.0,CORREGIDO_ANCLA_OBSERVADO
2026-10-10,SANTA MARIA DE NANAY,30.0,2026-10-08,2026-10-15,60,7,3.475563164243595,2.9767586339116665,3.475563164243595,3.22,4.971976755239382,2.3891131642435957,4.562013164243594,HIBRIDO_ANALOGO_CLIM,ANALOGO_DTW_HIBRIDO_CLIMATOLOGIA,30,10,0.2307307812554082,OK_ANALOGOS_CONTINUIDAD_CORREGIDA,0.5066899114272845,-0.5066899114272845,0.0,CORREGIDO_ANCLA_OBSERVADO
2026-10-10,SANTA MARIA DE NANAY,30.0,2026-10-08,2026-10-16,60,8,3.4056019904025048,2.8715141058272495,3.4056019904025048,3.22,5.007865644128271,2.229101990402505,4.582101990402505,HIBRIDO_ANALOGO_CLIM,ANALOGO_DTW_HIBRIDO_CLIMATOLOGIA,30,10,0.2307307812554082,OK_ANALOGOS_CONTINUIDAD_CORREGIDA,0.5066899114272845,-0.5066899114272845,0.0,CORREGIDO_ANCLA_OBSERVADO
2026-10-10,SANTA MARIA DE NANAY,30.0,2026-10-08,2026-10-17,60,9,3.378657144081137,2.813587644065425,3.378657144081137,3.22,5.073865644128271,2.028457144081137,4.728857144081136,HIBRIDO_ANALOGO_CLIM,ANALOGO_DTW_HIBRIDO_CLIMATOLOGIA,30,10,0.2307307812554082,OK_ANALOGOS_CONTINUIDAD_CORREGIDA,0.5066899114272845,-0.5066899114272845,0.0,CORREGIDO_ANCLA_OBSERVADO
2026-10-10,SANTA MARIA DE NANAY,30.0,2026-10-08,2026-10-18,60,10,3.330684359187503,2.7374387456887286,3.330684359187503,3.22,5.1104211996838265,2.0479843591875033,4.613384359187502,HIBRIDO_ANALOGO_CLIM,ANALOGO_DTW_HIBRIDO_CLIMATOLOGIA,30,10,0.2307307812554082,OK_ANALOGOS_CONTINUIDAD_CORREGIDA,0.5066899114272845,-0.5066899114272845,0.0,CORREGIDO_ANCLA_OBSERVADO
2026-10-10,SANTA MARIA DE NANAY,30.0,2026-10-08,2026-10-19,60,11,3.3100413413445136,2.699914721898076,3.3100413413445136,3.22,5.140421199683827,2.126441341344514,4.493641341344514,HIBRIDO_ANALOGO_CLIM,ANALOGO_DTW_HIBRIDO_CLIMATOLOGIA,30,10,0.2307307812554082,OK_ANALOGOS_CONTINUIDAD_CORREGIDA,0.5066899114272845,-0.5066899114272845,0.0,CORREGIDO_ANCLA_OBSERVADO
2026-10-10,SANTA MARIA DE NANAY,30.0,2026-10-08,2026-10-20,60,12,3.271875745537069,2.6631754089696313,3.271875745537069,3.22,5.097976755239382,2.0268257455370695,4.516925745537069,HIBRIDO_ANALOGO_CLIM,ANALOGO_DTW_HIBRIDO_CLIMATOLOGIA,30,10,0.2307307812554082,OK_ANALOGOS_CONTINUIDAD_CORREGIDA,0.5066899114272845,-0.5066899114272845,0.0,CORREGIDO_ANCLA_OBSERVADO
2026-10-10,SANTA MARIA DE NANAY,30.0,2026-10-08,2026-10-21,60,13,3.2269199209641144,2.6194565317612475,3.2269199209641144,3.22,5.049310088572716,1.9106199209641144,4.5432199209641135,HIBRIDO_ANALOGO_CLIM,ANALOGO_DTW_HIBRIDO_CLIMATOLOGIA,30,10,0.2307307812554082,OK_ANALOGOS_CONTINUIDAD_CORREGIDA,0.5066899114272845,-0.5066899114272845,0.0,CORREGIDO_ANCLA_OBSERVADO
2026-10-10,SANTA MARIA DE NANAY,30.0,2026-10-08,2026-10-22,60,14,3.150884827546606,2.5375208516490138,3.150884827546606,3.22,4.990976755239382,1.8227848275466059,4.478984827546606,HIBRIDO_ANALOGO_CLIM,ANALOGO_DTW_HIBRIDO_CLIMATOLOGIA,30,10,0.2307307812554082,OK_ANALOGOS_CONTINUIDAD_CORREGIDA,0.5066899114272845,-0.5066899114272845,0.0,CORREGIDO_ANCLA_OBSERVADO
2026-10-10,SANTA MARIA DE NANAY,30.0,2026-10-08,2026-10-23,60,15,3.0821467592352,2.4520923161226946,3.0821467592352,3.22,4.972310088572716,1.6585467592352012,4.5057467592351985,HIBRIDO_ANALOGO_CLIM,ANALOGO_DTW_HIBRIDO_CLIMATOLOGIA,30,10,0.2307307812554082,OK_ANALOGOS_CONTINUIDAD_CORREGIDA,0.5066899114272845,-0.5066899114272845,0.0,CORREGIDO_ANCLA_OBSERVADO
2026-10-10,SANTA MARIA DE NANAY,30.0,2026-10-08,2026-10-24,60,16,3.071865907623499,2.415643773233019,3.071865907623499,3.22,5.040532310794937,1.457715907623499,4.686015907623498,HIBRIDO_ANALOGO_CLIM,ANALOGO_DTW_HIBRIDO_CLIMATOLOGIA,30,10,0.2307307812554082,OK_ANALOGOS_CONTINUIDAD_CORREGIDA,0.5066899114272845,-0.5066899114272845,0.0,CORREGIDO_ANCLA_OBSERVADO
2026-10-10,SANTA MARIA DE NANAY,30.0,2026-10-08,2026-10-25,60,17,3.104808332770962,2.452344784540748,3.104808332770962,3.22,5.0621989774616045,1.5233583327709623,4.6862583327709615,HIBRIDO_ANALOGO_CLIM,ANALOGO_DTW_HIBRIDO_CLIMATOLOGIA,30,10,0.2307307812554082,OK_ANALOGOS_CONTINUIDAD_CORREGIDA,0.5066899114272845,-0.5066899114272845,0.0,CORREGIDO_ANCLA_OBSERVADO
2026-10-10,SANTA MARIA DE NANAY,30.0,2026-10-08,2026-10-26,60,18,3.175218554178495,2.548447301973014,3.175218554178495,3.22,5.055532310794938,1.5853685541784954,4.765068554178495,HIBRIDO_ANALOGO_CLIM,ANALOGO_DTW_HIBRIDO_CLIMATOLOGIA,30,10,0.2307307812554082,OK_ANALOGOS_CONTINUIDAD_CORREGIDA,0.5066899114272845,-0.5066899114272845,0.0,CORREGIDO_ANCLA_OBSERVADO
2026-10-10,SANTA MARIA DE NANAY,30.0,2026-10-08,2026-10-27,60,19,3.2233065268521077,2.613157191463757,3.2233065268521077,3.22,5.05375453301716,1.5031565268521079,4.943456526852107,HIBRIDO_ANALOGO_CLIM,ANALOGO_DTW_HIBRIDO_CLIMATOLOGIA,30,10,0.2307307812554082,OK_ANALOGOS_CONTINUIDAD_CORREGIDA,0.5066899114272845,-0.5066899114272845,0.0,CORREGIDO_ANCLA_OBSERVADO
2026-10-10,SANTA MARIA DE NANAY,30.0,2026-10-08,2026-10-28,60,20,3.2494865831315214,2.638397266502975,3.2494865831315214,3.22,5.08275453301716,1.3779865831315217,5.120986583131521,HIBRIDO_ANALOGO_CLIM,ANALOGO_DTW_HIBRIDO_CLIMATOLOGIA,30,10,0.2307307812554082,OK_ANALOGOS_CONTINUIDAD_CORREGIDA,0.5066899114272845,-0.5066899114272845,0.0,CORREGIDO_ANCLA_OBSERVADO
2026-10-10,SANTA MARIA DE NANAY,30.0,2026-10-08,2026-10-29,60,21,3.2936080869882254,2.6850777901637657,3.2936080869882254,3.22,5.119198977461604,1.2686080869882252,5.318608086988225,HIBRIDO_ANALOGO_CLIM,ANALOGO_DTW_HIBRIDO_CLIMATOLOGIA,30,10,0.2307307812554082,OK_ANALOGOS_CONTINUIDAD_CORREGIDA,0.5066899114272845,-0.5066899114272845,0.0,CORREGIDO_ANCLA_OBSERVADO
2026-10-10,SANTA MARIA DE NANAY,30.0,2026-10-08,2026-10-30,60,22,3.3434638969167056,2.7222373885869247,3.3434638969167056,3.22,5.207143421906049,1.1312138969167058,5.555713896916706,HIBRIDO_ANALOGO_CLIM,ANALOGO_DTW_HIBRIDO_CLIMATOLOGIA,30,10,0.2307307812554082,OK_ANALOGOS_CONTINUIDAD_CORREGIDA,0.5066899114272845,-0.5066899114272845,0.0,CORREGIDO_ANCLA_OBSERVADO
2026-10-10,SANTA MARIA DE NANAY,30.0,2026-10-08,2026-10-31,60,23,3.37239676664739,2.7435738074870963,3.37239676664739,3.22,5.258865644128271,1.0001467666473904,5.7446467666473895,HIBRIDO_ANALOGO_CLIM,ANALOGO_DTW_HIBRIDO_CLIMATOLOGIA,30,10,0.2307307812554082,OK_ANALOGOS_CONTINUIDAD_CORREGIDA,0.5066899114272845,-0.5066899114272845,0.0,CORREGIDO_ANCLA_OBSERVADO
2026-10-10,SANTA MARIA DE NANAY,30.0,2026-10-08,2026-11-01,60,24,3.4293132713053773,2.7800180359199684,3.4293132713053773,3.22,5.377198977461604,1.0265632713053776,5.832063271305377,HIBRIDO_ANALOGO_CLIM,ANALOGO_DTW_HIBRIDO_CLIMATOLOGIA,30,10,0.2307307812554082,OK_ANALOGOS_CONTINUIDAD_CORREGIDA,0.5066899114272845,-0.5066899114272845,0.0,CORREGIDO_ANCLA_OBSERVADO
2026-10-10,SANTA MARIA DE NANAY,30.0,2026-10-08,2026-11-02,60,25,3.4967970786859492,2.8575149642792494,3.4967970786859492,3.22,5.414643421906049,1.0024970786859497,5.991097078685949,HIBRIDO_ANALOGO_CLIM,ANALOGO_DTW_HIBRIDO_CLIMATOLOGIA,30,10,0.2307307812554082,OK_ANALOGOS_CONTINUIDAD_CORREGIDA,0.5066899114272845,-0.5066899114272845,0.0,CORREGIDO_ANCLA_OBSERVADO
2026-10-10,SANTA MARIA DE NANAY,30.0,2026-10-08,2026-11-03,60,26,3.5712816467063666,2.9450129068249917,3.5712816467063666,3.22,5.450087866350493,0.9447816467063672,6.197781646706367,HIBRIDO_ANALOGO_CLIM,ANALOGO_DTW_HIBRIDO_CLIMATOLOGIA,30,10,0.2307307812554082,OK_ANALOGOS_CONTINUIDAD_CORREGIDA,0.5066899114272845,-0.5066899114272845,0.0,CORREGIDO_ANCLA_OBSERVADO
2026-10-10,SANTA MARIA DE NANAY,30.0,2026-10-08,2026-11-04,60,27,3.592682854685827,2.991844147093901,3.592682854685827,3.22,5.395198977461605,0.9308328546858271,6.254532854685826,HIBRIDO_ANALOGO_CLIM,ANALOGO_DTW_HIBRIDO_CLIMATOLOGIA,30,10,0.2307307812554082,OK_ANALOGOS_CONTINUIDAD_CORREGIDA,0.5066899114272845,-0.5066899114272845,0.0,CORREGIDO_ANCLA_OBSERVADO
2026-10-10,SANTA MARIA DE NANAY,30.0,2026-10-08,2026-11-05,60,28,3.556740956511761,2.9656253198988507,3.556740956511761,3.22,5.330087866350493,0.804690956511761,6.308790956511761,HIBRIDO_ANALOGO_CLIM,ANALOGO_DTW_HIBRIDO_CLIMATOLOGIA,30,10,0.2307307812554082,OK_ANALOGOS_CONTINUIDAD_CORREGIDA,0.5066899114272845,-0.5066899114272845,0.0,CORREGIDO_ANCLA_OBSERVADO
2026-10-10,SANTA MARIA DE NANAY,30.0,2026-10-08,2026-11-06,60,29,3.506288593061643,2.9060962427060995,3.506288593061643,3.22,5.306865644128272,0.7326885930616436,6.279888593061643,HIBRIDO_ANALOGO_CLIM,ANALOGO_DTW_HIBRIDO_CLIMATOLOGIA,30,10,0.2307307812554082,OK_ANALOGOS_CONTINUIDAD_CORREGIDA,0.5066899114272845,-0.5066899114272845,0.0,CORREGIDO_ANCLA_OBSERVADO
2026-10-10,SANTA MARIA DE NANAY,30.0,2026-10-08,2026-11-07,60,30,3.5307366535661098,2.9268047678231666,3.5307366535661098,3.22,5.342532310794938,0.7671866535661103,6.29428665356611,HIBRIDO_ANALOGO_CLIM,ANALOGO_DTW_HIBRIDO_CLIMATOLOGIA,30,10,0.2307307812554082,OK_ANALOGOS_CONTINUIDAD_CORREGIDA,0.5066899114272845,-0.5066899114272845,0.0,CORREGIDO_ANCLA_OBSERVADO
2026-10-10,SANTA MARIA DE NANAY,30.0,2026-10-08,2026-11-08,60,31,3.559707850064002,2.9403108156770714,3.559707850064002,3.22,5.337976755239382,0.8377078500640025,6.281707850064001,HIBRIDO_ANALOGO_CLIM,ANALOGO_DTW_HIBRIDO_CLIMATOLOGIA,30,10,0.2307307812554082,OK_ANALOGOS_CONTINUIDAD_CORREGIDA,0.5066899114272845,-0.5066899114272845,0.0,CORREGIDO_ANCLA_OBSERVADO
2026-10-10,SANTA MARIA DE NANAY,30.0,2026-10-08,2026-11-09,60,32,3.551156088371804,2.912877866076523,3.551156088371804,3.22,5.306421199683826,0.8962060883718039,6.206106088371803,HIBRIDO_ANALOGO_CLIM,ANALOGO_DTW_HIBRIDO_CLIMATOLOGIA,30,10,0.2307307812554082,OK_ANALOGOS_CONTINUIDAD_CORREGIDA,0.5066899114272845,-0.5066899114272845,0.0,CORREGIDO_ANCLA_OBSERVADO
2026-10-10,SANTA MARIA DE NANAY,30.0,2026-10-08,2026-11-10,60,33,3.6093859326255533,2.9807288773045992,3.6093859326255533,3.22,5.26675453301716,1.0438359326255535,6.174935932625553,HIBRIDO_ANALOGO_CLIM,ANALOGO_DTW_HIBRIDO_CLIMATOLOGIA,30,10,0.2307307812554082,OK_ANALOGOS_CONTINUIDAD_CORREGIDA,0.5066899114272845,-0.5066899114272845,0.0,CORREGIDO_ANCLA_OBSERVADO
2026-10-10,SANTA MARIA DE NANAY,30.0,2026-10-08,2026-11-11,60,34,3.7070427407132938,3.1057871742469083,3.7070427407132938,3.22,5.227865644128271,1.192642740713294,6.221442740713293,HIBRIDO_ANALOGO_CLIM,ANALOGO_DTW_HIBRIDO_CLIMATOLOGIA,30,10,0.2307307812554082,OK_ANALOGOS_CONTINUIDAD_CORREGIDA,0.5066899114272845,-0.5066899114272845,0.0,CORREGIDO_ANCLA_OBSERVADO
2026-10-10,SANTA MARIA DE NANAY,30.0,2026-10-08,2026-11-12,60,35,3.822150264544871,3.2775485069386336,3.822150264544871,3.22,5.14475453301716,1.1050002645448718,6.539300264544871,HIBRIDO_ANALOGO_CLIM,ANALOGO_DTW_HIBRIDO_CLIMATOLOGIA,30,10,0.2307307812554082,OK_ANALOGOS_CONTINUIDAD_CORREGIDA,0.5066899114272845,-0.5066899114272845,0.0,CORREGIDO_ANCLA_OBSERVADO
2026-10-10,SANTA MARIA DE NANAY,30.0,2026-10-08,2026-11-13,60,36,3.855633892765897,3.3363440945629748,3.855633892765897,3.22,5.067310088572715,0.9863838927658972,6.724883892765897,HIBRIDO_ANALOGO_CLIM,ANALOGO_DTW_HIBRIDO_CLIMATOLOGIA,30,10,0.2307307812554082,OK_ANALOGOS_CONTINUIDAD_CORREGIDA,0.5066899114272845,-0.5066899114272845,0.0,CORREGIDO_ANCLA_OBSERVADO
2026-10-10,SANTA MARIA DE NANAY,30.0,2026-10-08,2026-11-14,60,37,3.8929963296381374,3.374782164008667,3.8929963296381374,3.22,5.055476755239382,0.7773963296381381,7.008596329638137,HIBRIDO_ANALOGO_CLIM,ANALOGO_DTW_HIBRIDO_CLIMATOLOGIA,30,10,0.2307307812554082,OK_ANALOGOS_CONTINUIDAD_CORREGIDA,0.5066899114272845,-0.5066899114272845,0.0,CORREGIDO_ANCLA_OBSERVADO
2026-10-10,SANTA MARIA DE NANAY,30.0,2026-10-08,2026-11-15,60,38,3.903866970275371,3.332168397839474,3.903866970275371,3.22,5.1375323107949376,0.5948669702753713,7.21286697027537,HIBRIDO_ANALOGO_CLIM,ANALOGO_DTW_HIBRIDO_CLIMATOLOGIA,30,10,0.2307307812554082,OK_ANALOGOS_CONTINUIDAD_CORREGIDA,0.5066899114272845,-0.5066899114272845,0.0,CORREGIDO_ANCLA_OBSERVADO
2026-10-10,SANTA MARIA DE NANAY,30.0,2026-10-08,2026-11-16,60,39,3.9174134775923326,3.3014344509063043,3.9174134775923326,3.22,5.1967545330171605,0.4638134775923326,7.371013477592332,HIBRIDO_ANALOGO_CLIM,ANALOGO_DTW_HIBRIDO_CLIMATOLOGIA,30,10,0.2307307812554082,OK_ANALOGOS_CONTINUIDAD_CORREGIDA,0.5066899114272845,-0.5066899114272845,0.0,CORREGIDO_ANCLA_OBSERVADO
2026-10-10,SANTA MARIA DE NANAY,30.0,2026-10-08,2026-11-17,60,40,3.9343874933072316,3.267870640118935,3.9343874933072316,3.22,5.2674211996838265,0.5678874933072313,7.300887493307232,HIBRIDO_ANALOGO_CLIM,ANALOGO_DTW_HIBRIDO_CLIMATOLOGIA,30,10,0.2307307812554082,OK_ANALOGOS_CONTINUIDAD_CORREGIDA,0.5066899114272845,-0.5066899114272845,0.0,CORREGIDO_ANCLA_OBSERVADO
2026-10-10,SANTA MARIA DE NANAY,30.0,2026-10-08,2026-11-18,60,41,3.939032379459885,3.229259559962509,3.939032379459885,3.22,5.306643421906049,0.648782379459885,7.229282379459885,HIBRIDO_ANALOGO_CLIM,ANALOGO_DTW_HIBRIDO_CLIMATOLOGIA,30,10,0.2307307812554082,OK_ANALOGOS_CONTINUIDAD_CORREGIDA,0.5066899114272845,-0.5066899114272845,0.0,CORREGIDO_ANCLA_OBSERVADO
2026-10-10,SANTA MARIA DE NANAY,30.0,2026-10-08,2026-11-19,60,42,3.964983352299451,3.2583757934514535,3.964983352299451,3.22,5.277254533017159,0.7206833522994514,7.20928335229945,HIBRIDO_ANALOGO_CLIM,ANALOGO_DTW_HIBRIDO_CLIMATOLOGIA,30,10,0.2307307812554082,OK_ANALOGOS_CONTINUIDAD_CORREGIDA,0.5066899114272845,-0.5066899114272845,0.0,CORREGIDO_ANCLA_OBSERVADO
2026-10-10,SANTA MARIA DE NANAY,30.0,2026-10-08,2026-11-20,60,43,4.03026543943925,3.357380476647545,4.03026543943925,3.22,5.235198977461605,0.7388654394392513,7.32166543943925,HIBRIDO_ANALOGO_CLIM,ANALOGO_DTW_HIBRIDO_CLIMATOLOGIA,30,10,0.2307307812554082,OK_ANALOGOS_CONTINUIDAD_CORREGIDA,0.5066899114272845,-0.5066899114272845,0.0,CORREGIDO_ANCLA_OBSERVADO
2026-10-10,SANTA MARIA DE NANAY,30.0,2026-10-08,2026-11-21,60,44,4.107970292406519,3.443785264216734,4.107970292406519,3.22,5.255198977461604,0.8579702924065198,7.357970292406519,HIBRIDO_ANALOGO_CLIM,ANALOGO_DTW_HIBRIDO_CLIMATOLOGIA,30,10,0.2307307812554082,OK_ANALOGOS_CONTINUIDAD_CORREGIDA,0.5066899114272845,-0.5066899114272845,0.0,CORREGIDO_ANCLA_OBSERVADO
2026-10-10,SANTA MARIA DE NANAY,30.0,2026-10-08,2026-11-22,60,45,4.194042028088863,3.5033478584652187,4.194042028088863,3.22,5.345198977461605,0.8642920280888635,7.523792028088864,HIBRIDO_ANALOGO_CLIM,ANALOGO_DTW_HIBRIDO_CLIMATOLOGIA,30,10,0.2307307812554082,OK_ANALOGOS_CONTINUIDAD_CORREGIDA,0.5066899114272845,-0.5066899114272845,0.0,CORREGIDO_ANCLA_OBSERVADO
2026-10-10,SANTA MARIA DE NANAY,30.0,2026-10-08,2026-11-23,60,46,4.309041107186004,3.6447057343720433,4.309041107186004,3.22,5.37775453301716,0.8279411071860039,7.790141107186003,HIBRIDO_ANALOGO_CLIM,ANALOGO_DTW_HIBRIDO_CLIMATOLOGIA,30,10,0.2307307812554082,OK_ANALOGOS_CONTINUIDAD_CORREGIDA,0.5066899114272845,-0.5066899114272845,0.0,CORREGIDO_ANCLA_OBSERVADO
2026-10-10,SANTA MARIA DE NANAY,30.0,2026-10-08,2026-11-24,60,47,4.388214672753225,3.7400253867689877,4.388214672753225,3.22,5.394976755239382,0.7632146727532254,8.013214672753225,HIBRIDO_ANALOGO_CLIM,ANALOGO_DTW_HIBRIDO_CLIMATOLOGIA,30,10,0.2307307812554082,OK_ANALOGOS_CONTINUIDAD_CORREGIDA,0.5066899114272845,-0.5066899114272845,0.0,CORREGIDO_ANCLA_OBSERVADO
2026-10-10,SANTA MARIA DE NANAY,30.0,2026-10-08,2026-11-25,60,48,4.460024447709375,3.8263525389856676,4.460024447709375,3.22,5.410532310794937,0.8698244477093757,8.050224447709375,HIBRIDO_ANALOGO_CLIM,ANALOGO_DTW_HIBRIDO_CLIMATOLOGIA,30,10,0.2307307812554082,OK_ANALOGOS_CONTINUIDAD_CORREGIDA,0.5066899114272845,-0.5066899114272845,0.0,CORREGIDO_ANCLA_OBSERVADO
2026-10-10,SANTA MARIA DE NANAY,30.0,2026-10-08,2026-11-26,60,49,4.533529148490849,3.9426130380431132,4.533529148490849,3.22,5.38975453301716,1.1193791484908493,7.947679148490848,HIBRIDO_ANALOGO_CLIM,ANALOGO_DTW_HIBRIDO_CLIMATOLOGIA,30,10,0.2307307812554082,OK_ANALOGOS_CONTINUIDAD_CORREGIDA,0.5066899114272845,-0.5066899114272845,0.0,CORREGIDO_ANCLA_OBSERVADO
2026-10-10,SANTA MARIA DE NANAY,30.0,2026-10-08,2026-11-27,60,50,4.6657914562044995,4.085421004512916,4.6657914562044995,3.22,5.478310088572716,1.7114914562044996,7.6200914562044995,HIBRIDO_ANALOGO_CLIM,ANALOGO_DTW_HIBRIDO_CLIMATOLOGIA,30,10,0.2307307812554082,OK_ANALOGOS_CONTINUIDAD_CORREGIDA,0.5066899114272845,-0.5066899114272845,0.0,CORREGIDO_ANCLA_OBSERVADO
2026-10-10,SANTA MARIA DE NANAY,30.0,2026-10-08,2026-11-28,60,51,4.7611810128436405,4.197046961700894,4.7611810128436405,3.22,5.524421199683827,1.8451310128436407,7.677231012843641,HIBRIDO_ANALOGO_CLIM,ANALOGO_DTW_HIBRIDO_CLIMATOLOGIA,30,10,0.2307307812554082,OK_ANALOGOS_CONTINUIDAD_CORREGIDA,0.5066899114272845,-0.5066899114272845,0.0,CORREGIDO_ANCLA_OBSERVADO
2026-10-10,SANTA MARIA DE NANAY,30.0,2026-10-08,2026-11-29,60,52,4.860793377938004,4.330032233204269,4.860793377938004,3.22,5.554865644128271,1.778393377938004,7.943193377938004,HIBRIDO_ANALOGO_CLIM,ANALOGO_DTW_HIBRIDO_CLIMATOLOGIA,30,10,0.2307307812554082,OK_ANALOGOS_CONTINUIDAD_CORREGIDA,0.5066899114272845,-0.5066899114272845,0.0,CORREGIDO_ANCLA_OBSERVADO
2026-10-10,SANTA MARIA DE NANAY,30.0,2026-10-08,2026-11-30,60,53,4.953236074096451,4.437680012893833,4.953236074096451,3.22,5.604976755239382,1.8250860740964514,8.081386074096454,HIBRIDO_ANALOGO_CLIM,ANALOGO_DTW_HIBRIDO_CLIMATOLOGIA,30,10,0.2307307812554082,OK_ANALOGOS_CONTINUIDAD_CORREGIDA,0.5066899114272845,-0.5066899114272845,0.0,CORREGIDO_ANCLA_OBSERVADO
2026-10-10,SANTA MARIA DE NANAY,30.0,2026-10-08,2026-12-01,60,54,5.052992045040404,4.501640918513968,5.052992045040404,3.22,5.726865644128272,1.8907420450404029,8.215242045040405,HIBRIDO_ANALOGO_CLIM,ANALOGO_DTW_HIBRIDO_CLIMATOLOGIA,30,10,0.2307307812554082,OK_ANALOGOS_CONTINUIDAD_CORREGIDA,0.5066899114272845,-0.5066899114272845,0.0,CORREGIDO_ANCLA_OBSERVADO
2026-10-10,SANTA MARIA DE NANAY,30.0,2026-10-08,2026-12-02,60,55,5.116605401179743,4.495120238342953,5.116605401179743,3.22,5.851087866350493,2.0104554011797435,8.222755401179743,HIBRIDO_ANALOGO_CLIM,ANALOGO_DTW_HIBRIDO_CLIMATOLOGIA,30,10,0.2307307812554082,OK_ANALOGOS_CONTINUIDAD_CORREGIDA,0.5066899114272845,-0.5066899114272845,0.0,CORREGIDO_ANCLA_OBSERVADO
2026-10-10,SANTA MARIA DE NANAY,30.0,2026-10-08,2026-12-03,60,56,5.116089252534205,4.464021021000508,5.116089252534205,3.22,5.861310088572715,1.9693392525342048,8.262839252534206,HIBRIDO_ANALOGO_CLIM,ANALOGO_DTW_HIBRIDO_CLIMATOLOGIA,30,10,0.2307307812554082,OK_ANALOGOS_CONTINUIDAD_CORREGIDA,0.5066899114272845,-0.5066899114272845,0.0,CORREGIDO_ANCLA_OBSERVADO
2026-10-10,SANTA MARIA DE NANAY,30.0,2026-10-08,2026-12-04,60,57,5.0911776474449875,4.373078983779159,5.0911776474449875,3.22,5.884865644128271,1.8538276474449877,8.32852764744499,HIBRIDO_ANALOGO_CLIM,ANALOGO_DTW_HIBRIDO_CLIMATOLOGIA,30,10,0.2307307812554082,OK_ANALOGOS_CONTINUIDAD_CORREGIDA,0.5066899114272845,-0.5066899114272845,0.0,CORREGIDO_ANCLA_OBSERVADO
2026-10-10,SANTA MARIA DE NANAY,30.0,2026-10-08,2026-12-05,60,58,5.080339313244651,4.346635469658182,5.080339313244651,3.22,5.864643421906049,1.858589313244651,8.30208931324465,HIBRIDO_ANALOGO_CLIM,ANALOGO_DTW_HIBRIDO_CLIMATOLOGIA,30,10,0.2307307812554082,OK_ANALOGOS_CONTINUIDAD_CORREGIDA,0.5066899114272845,-0.5066899114272845,0.0,CORREGIDO_ANCLA_OBSERVADO
2026-10-10,SANTA MARIA DE NANAY,30.0,2026-10-08,2026-12-06,60,59,5.092535343908183,4.349933541691668,5.092535343908183,3.22,5.8603100885727155,1.9484353439081823,8.236635343908183,HIBRIDO_ANALOGO_CLIM,ANALOGO_DTW_HIBRIDO_CLIMATOLOGIA,30,10,0.2307307812554082,OK_ANALOGOS_CONTINUIDAD_CORREGIDA,0.5066899114272845,-0.5066899114272845,0.0,CORREGIDO_ANCLA_OBSERVADO
2026-10-10,SANTA MARIA DE NANAY,30.0,2026-10-08,2026-12-07,60,60,5.130004232263421,4.391587264843015,5.130004232263421,3.22,5.8684211996838265,2.052604232263421,8.207404232263421,HIBRIDO_ANALOGO_CLIM,ANALOGO_DTW_HIBRIDO_CLIMATOLOGIA,30,10,0.2307307812554082,OK_ANALOGOS_CONTINUIDAD_CORREGIDA,0.5066899114272845,-0.5066899114272845,0.0,CORREGIDO_ANCLA_OBSERVADO
2026-10-10,SANTA MARIA DE NANAY,30.0,2026-10-08,2026-10-09,90,1,3.22,2.723026266772058,3.22,3.22,4.710921199683827,3.0505000000000004,3.3895000000000004,HIBRIDO_ANALOGO_CLIM,ANALOGO_DTW_HIBRIDO_CLIMATOLOGIA,30,10,0.2307307812554082,OK_ANALOGOS_CONTINUIDAD_CORREGIDA,0.5066899114272845,-0.5066899114272845,0.0,CORREGIDO_ANCLA_OBSERVADO
2026-10-10,SANTA MARIA DE NANAY,30.0,2026-10-08,2026-10-10,90,2,3.2572829351787,2.7367368470103237,3.2572829351787,3.22,4.818921199683827,2.8610829351786995,3.6534829351787,HIBRIDO_ANALOGO_CLIM,ANALOGO_DTW_HIBRIDO_CLIMATOLOGIA,30,10,0.2307307812554082,OK_ANALOGOS_CONTINUIDAD_CORREGIDA,0.5066899114272845,-0.5066899114272845,0.0,CORREGIDO_ANCLA_OBSERVADO
2026-10-10,SANTA MARIA DE NANAY,30.0,2026-10-08,2026-10-11,90,3,3.3235823461357636,2.79841383939752,3.3235823461357636,3.22,4.899087866350493,2.7699323461357634,3.877232346135764,HIBRIDO_ANALOGO_CLIM,ANALOGO_DTW_HIBRIDO_CLIMATOLOGIA,30,10,0.2307307812554082,OK_ANALOGOS_CONTINUIDAD_CORREGIDA,0.5066899114272845,-0.5066899114272845,0.0,CORREGIDO_ANCLA_OBSERVADO
2026-10-10,SANTA MARIA DE NANAY,30.0,2026-10-08,2026-10-12,90,4,3.408972888360214,2.896304932733825,3.408972888360214,3.22,4.946976755239382,2.766122888360214,4.051822888360214,HIBRIDO_ANALOGO_CLIM,ANALOGO_DTW_HIBRIDO_CLIMATOLOGIA,30,10,0.2307307812554082,OK_ANALOGOS_CONTINUIDAD_CORREGIDA,0.5066899114272845,-0.5066899114272845,0.0,CORREGIDO_ANCLA_OBSERVADO
2026-10-10,SANTA MARIA DE NANAY,30.0,2026-10-08,2026-10-13,90,5,3.511871967804555,3.0215037053262797,3.511871967804555,3.22,4.982976755239382,2.530721967804555,4.493021967804554,HIBRIDO_ANALOGO_CLIM,ANALOGO_DTW_HIBRIDO_CLIMATOLOGIA,30,10,0.2307307812554082,OK_ANALOGOS_CONTINUIDAD_CORREGIDA,0.5066899114272845,-0.5066899114272845,0.0,CORREGIDO_ANCLA_OBSERVADO
2026-10-10,SANTA MARIA DE NANAY,30.0,2026-10-08,2026-10-14,90,6,3.530597112467875,3.0432483426551507,3.530597112467875,3.22,4.992643421906049,2.443597112467876,4.617597112467875,HIBRIDO_ANALOGO_CLIM,ANALOGO_DTW_HIBRIDO_CLIMATOLOGIA,30,10,0.2307307812554082,OK_ANALOGOS_CONTINUIDAD_CORREGIDA,0.5066899114272845,-0.5066899114272845,0.0,CORREGIDO_ANCLA_OBSERVADO
2026-10-10,SANTA MARIA DE NANAY,30.0,2026-10-08,2026-10-15,90,7,3.475563164243595,2.9767586339116665,3.475563164243595,3.22,4.971976755239382,2.3891131642435957,4.562013164243594,HIBRIDO_ANALOGO_CLIM,ANALOGO_DTW_HIBRIDO_CLIMATOLOGIA,30,10,0.2307307812554082,OK_ANALOGOS_CONTINUIDAD_CORREGIDA,0.5066899114272845,-0.5066899114272845,0.0,CORREGIDO_ANCLA_OBSERVADO
2026-10-10,SANTA MARIA DE NANAY,30.0,2026-10-08,2026-10-16,90,8,3.4056019904025048,2.8715141058272495,3.4056019904025048,3.22,5.007865644128271,2.229101990402505,4.582101990402505,HIBRIDO_ANALOGO_CLIM,ANALOGO_DTW_HIBRIDO_CLIMATOLOGIA,30,10,0.2307307812554082,OK_ANALOGOS_CONTINUIDAD_CORREGIDA,0.5066899114272845,-0.5066899114272845,0.0,CORREGIDO_ANCLA_OBSERVADO
2026-10-10,SANTA MARIA DE NANAY,30.0,2026-10-08,2026-10-17,90,9,3.378657144081137,2.813587644065425,3.378657144081137,3.22,5.073865644128271,2.028457144081137,4.728857144081136,HIBRIDO_ANALOGO_CLIM,ANALOGO_DTW_HIBRIDO_CLIMATOLOGIA,30,10,0.2307307812554082,OK_ANALOGOS_CONTINUIDAD_CORREGIDA,0.5066899114272845,-0.5066899114272845,0.0,CORREGIDO_ANCLA_OBSERVADO
2026-10-10,SANTA MARIA DE NANAY,30.0,2026-10-08,2026-10-18,90,10,3.330684359187503,2.7374387456887286,3.330684359187503,3.22,5.1104211996838265,2.0479843591875033,4.613384359187502,HIBRIDO_ANALOGO_CLIM,ANALOGO_DTW_HIBRIDO_CLIMATOLOGIA,30,10,0.2307307812554082,OK_ANALOGOS_CONTINUIDAD_CORREGIDA,0.5066899114272845,-0.5066899114272845,0.0,CORREGIDO_ANCLA_OBSERVADO
2026-10-10,SANTA MARIA DE NANAY,30.0,2026-10-08,2026-10-19,90,11,3.3100413413445136,2.699914721898076,3.3100413413445136,3.22,5.140421199683827,2.126441341344514,4.493641341344514,HIBRIDO_ANALOGO_CLIM,ANALOGO_DTW_HIBRIDO_CLIMATOLOGIA,30,10,0.2307307812554082,OK_ANALOGOS_CONTINUIDAD_CORREGIDA,0.5066899114272845,-0.5066899114272845,0.0,CORREGIDO_ANCLA_OBSERVADO
2026-10-10,SANTA MARIA DE NANAY,30.0,2026-10-08,2026-10-20,90,12,3.271875745537069,2.6631754089696313,3.271875745537069,3.22,5.097976755239382,2.0268257455370695,4.516925745537069,HIBRIDO_ANALOGO_CLIM,ANALOGO_DTW_HIBRIDO_CLIMATOLOGIA,30,10,0.2307307812554082,OK_ANALOGOS_CONTINUIDAD_CORREGIDA,0.5066899114272845,-0.5066899114272845,0.0,CORREGIDO_ANCLA_OBSERVADO
2026-10-10,SANTA MARIA DE NANAY,30.0,2026-10-08,2026-10-21,90,13,3.2269199209641144,2.6194565317612475,3.2269199209641144,3.22,5.049310088572716,1.9106199209641144,4.5432199209641135,HIBRIDO_ANALOGO_CLIM,ANALOGO_DTW_HIBRIDO_CLIMATOLOGIA,30,10,0.2307307812554082,OK_ANALOGOS_CONTINUIDAD_CORREGIDA,0.5066899114272845,-0.5066899114272845,0.0,CORREGIDO_ANCLA_OBSERVADO
2026-10-10,SANTA MARIA DE NANAY,30.0,2026-10-08,2026-10-22,90,14,3.150884827546606,2.5375208516490138,3.150884827546606,3.22,4.990976755239382,1.8227848275466059,4.478984827546606,HIBRIDO_ANALOGO_CLIM,ANALOGO_DTW_HIBRIDO_CLIMATOLOGIA,30,10,0.2307307812554082,OK_ANALOGOS_CONTINUIDAD_CORREGIDA,0.5066899114272845,-0.5066899114272845,0.0,CORREGIDO_ANCLA_OBSERVADO
2026-10-10,SANTA MARIA DE NANAY,30.0,2026-10-08,2026-10-23,90,15,3.0821467592352,2.4520923161226946,3.0821467592352,3.22,4.972310088572716,1.6585467592352012,4.5057467592351985,HIBRIDO_ANALOGO_CLIM,ANALOGO_DTW_HIBRIDO_CLIMATOLOGIA,30,10,0.2307307812554082,OK_ANALOGOS_CONTINUIDAD_CORREGIDA,0.5066899114272845,-0.5066899114272845,0.0,CORREGIDO_ANCLA_OBSERVADO
2026-10-10,SANTA MARIA DE NANAY,30.0,2026-10-08,2026-10-24,90,16,3.071865907623499,2.415643773233019,3.071865907623499,3.22,5.040532310794937,1.457715907623499,4.686015907623498,HIBRIDO_ANALOGO_CLIM,ANALOGO_DTW_HIBRIDO_CLIMATOLOGIA,30,10,0.2307307812554082,OK_ANALOGOS_CONTINUIDAD_CORREGIDA,0.5066899114272845,-0.5066899114272845,0.0,CORREGIDO_ANCLA_OBSERVADO
2026-10-10,SANTA MARIA DE NANAY,30.0,2026-10-08,2026-10-25,90,17,3.104808332770962,2.452344784540748,3.104808332770962,3.22,5.0621989774616045,1.5233583327709623,4.6862583327709615,HIBRIDO_ANALOGO_CLIM,ANALOGO_DTW_HIBRIDO_CLIMATOLOGIA,30,10,0.2307307812554082,OK_ANALOGOS_CONTINUIDAD_CORREGIDA,0.5066899114272845,-0.5066899114272845,0.0,CORREGIDO_ANCLA_OBSERVADO
2026-10-10,SANTA MARIA DE NANAY,30.0,2026-10-08,2026-10-26,90,18,3.175218554178495,2.548447301973014,3.175218554178495,3.22,5.055532310794938,1.5853685541784954,4.765068554178495,HIBRIDO_ANALOGO_CLIM,ANALOGO_DTW_HIBRIDO_CLIMATOLOGIA,30,10,0.2307307812554082,OK_ANALOGOS_CONTINUIDAD_CORREGIDA,0.5066899114272845,-0.5066899114272845,0.0,CORREGIDO_ANCLA_OBSERVADO
2026-10-10,SANTA MARIA DE NANAY,30.0,2026-10-08,2026-10-27,90,19,3.2233065268521077,2.613157191463757,3.2233065268521077,3.22,5.05375453301716,1.5031565268521079,4.943456526852107,HIBRIDO_ANALOGO_CLIM,ANALOGO_DTW_HIBRIDO_CLIMATOLOGIA,30,10,0.2307307812554082,OK_ANALOGOS_CONTINUIDAD_CORREGIDA,0.5066899114272845,-0.5066899114272845,0.0,CORREGIDO_ANCLA_OBSERVADO
2026-10-10,SANTA MARIA DE NANAY,30.0,2026-10-08,2026-10-28,90,20,3.2494865831315214,2.638397266502975,3.2494865831315214,3.22,5.08275453301716,1.3779865831315217,5.120986583131521,HIBRIDO_ANALOGO_CLIM,ANALOGO_DTW_HIBRIDO_CLIMATOLOGIA,30,10,0.2307307812554082,OK_ANALOGOS_CONTINUIDAD_CORREGIDA,0.5066899114272845,-0.5066899114272845,0.0,CORREGIDO_ANCLA_OBSERVADO
2026-10-10,SANTA MARIA DE NANAY,30.0,2026-10-08,2026-10-29,90,21,3.2936080869882254,2.6850777901637657,3.2936080869882254,3.22,5.119198977461604,1.2686080869882252,5.318608086988225,HIBRIDO_ANALOGO_CLIM,ANALOGO_DTW_HIBRIDO_CLIMATOLOGIA,30,10,0.2307307812554082,OK_ANALOGOS_CONTINUIDAD_CORREGIDA,0.5066899114272845,-0.5066899114272845,0.0,CORREGIDO_ANCLA_OBSERVADO
2026-10-10,SANTA MARIA DE NANAY,30.0,2026-10-08,2026-10-30,90,22,3.3434638969167056,2.7222373885869247,3.3434638969167056,3.22,5.207143421906049,1.1312138969167058,5.555713896916706,HIBRIDO_ANALOGO_CLIM,ANALOGO_DTW_HIBRIDO_CLIMATOLOGIA,30,10,0.2307307812554082,OK_ANALOGOS_CONTINUIDAD_CORREGIDA,0.5066899114272845,-0.5066899114272845,0.0,CORREGIDO_ANCLA_OBSERVADO
2026-10-10,SANTA MARIA DE NANAY,30.0,2026-10-08,2026-10-31,90,23,3.37239676664739,2.7435738074870963,3.37239676664739,3.22,5.258865644128271,1.0001467666473904,5.7446467666473895,HIBRIDO_ANALOGO_CLIM,ANALOGO_DTW_HIBRIDO_CLIMATOLOGIA,30,10,0.2307307812554082,OK_ANALOGOS_CONTINUIDAD_CORREGIDA,0.5066899114272845,-0.5066899114272845,0.0,CORREGIDO_ANCLA_OBSERVADO
2026-10-10,SANTA MARIA DE NANAY,30.0,2026-10-08,2026-11-01,90,24,3.4293132713053773,2.7800180359199684,3.4293132713053773,3.22,5.377198977461604,1.0265632713053776,5.832063271305377,HIBRIDO_ANALOGO_CLIM,ANALOGO_DTW_HIBRIDO_CLIMATOLOGIA,30,10,0.2307307812554082,OK_ANALOGOS_CONTINUIDAD_CORREGIDA,0.5066899114272845,-0.5066899114272845,0.0,CORREGIDO_ANCLA_OBSERVADO
2026-10-10,SANTA MARIA DE NANAY,30.0,2026-10-08,2026-11-02,90,25,3.4967970786859492,2.8575149642792494,3.4967970786859492,3.22,5.414643421906049,1.0024970786859497,5.991097078685949,HIBRIDO_ANALOGO_CLIM,ANALOGO_DTW_HIBRIDO_CLIMATOLOGIA,30,10,0.2307307812554082,OK_ANALOGOS_CONTINUIDAD_CORREGIDA,0.5066899114272845,-0.5066899114272845,0.0,CORREGIDO_ANCLA_OBSERVADO
2026-10-10,SANTA MARIA DE NANAY,30.0,2026-10-08,2026-11-03,90,26,3.5712816467063666,2.9450129068249917,3.5712816467063666,3.22,5.450087866350493,0.9447816467063672,6.197781646706367,HIBRIDO_ANALOGO_CLIM,ANALOGO_DTW_HIBRIDO_CLIMATOLOGIA,30,10,0.2307307812554082,OK_ANALOGOS_CONTINUIDAD_CORREGIDA,0.5066899114272845,-0.5066899114272845,0.0,CORREGIDO_ANCLA_OBSERVADO
2026-10-10,SANTA MARIA DE NANAY,30.0,2026-10-08,2026-11-04,90,27,3.592682854685827,2.991844147093901,3.592682854685827,3.22,5.395198977461605,0.9308328546858271,6.254532854685826,HIBRIDO_ANALOGO_CLIM,ANALOGO_DTW_HIBRIDO_CLIMATOLOGIA,30,10,0.2307307812554082,OK_ANALOGOS_CONTINUIDAD_CORREGIDA,0.5066899114272845,-0.5066899114272845,0.0,CORREGIDO_ANCLA_OBSERVADO
2026-10-10,SANTA MARIA DE NANAY,30.0,2026-10-08,2026-11-05,90,28,3.556740956511761,2.9656253198988507,3.556740956511761,3.22,5.330087866350493,0.804690956511761,6.308790956511761,HIBRIDO_ANALOGO_CLIM,ANALOGO_DTW_HIBRIDO_CLIMATOLOGIA,30,10,0.2307307812554082,OK_ANALOGOS_CONTINUIDAD_CORREGIDA,0.5066899114272845,-0.5066899114272845,0.0,CORREGIDO_ANCLA_OBSERVADO
2026-10-10,SANTA MARIA DE NANAY,30.0,2026-10-08,2026-11-06,90,29,3.506288593061643,2.9060962427060995,3.506288593061643,3.22,5.306865644128272,0.7326885930616436,6.279888593061643,HIBRIDO_ANALOGO_CLIM,ANALOGO_DTW_HIBRIDO_CLIMATOLOGIA,30,10,0.2307307812554082,OK_ANALOGOS_CONTINUIDAD_CORREGIDA,0.5066899114272845,-0.5066899114272845,0.0,CORREGIDO_ANCLA_OBSERVADO
2026-10-10,SANTA MARIA DE NANAY,30.0,2026-10-08,2026-11-07,90,30,3.5307366535661098,2.9268047678231666,3.5307366535661098,3.22,5.342532310794938,0.7671866535661103,6.29428665356611,HIBRIDO_ANALOGO_CLIM,ANALOGO_DTW_HIBRIDO_CLIMATOLOGIA,30,10,0.2307307812554082,OK_ANALOGOS_CONTINUIDAD_CORREGIDA,0.5066899114272845,-0.5066899114272845,0.0,CORREGIDO_ANCLA_OBSERVADO
2026-10-10,SANTA MARIA DE NANAY,30.0,2026-10-08,2026-11-08,90,31,3.559707850064002,2.9403108156770714,3.559707850064002,3.22,5.337976755239382,0.8377078500640025,6.281707850064001,HIBRIDO_ANALOGO_CLIM,ANALOGO_DTW_HIBRIDO_CLIMATOLOGIA,30,10,0.2307307812554082,OK_ANALOGOS_CONTINUIDAD_CORREGIDA,0.5066899114272845,-0.5066899114272845,0.0,CORREGIDO_ANCLA_OBSERVADO
2026-10-10,SANTA MARIA DE NANAY,30.0,2026-10-08,2026-11-09,90,32,3.551156088371804,2.912877866076523,3.551156088371804,3.22,5.306421199683826,0.8962060883718039,6.206106088371803,HIBRIDO_ANALOGO_CLIM,ANALOGO_DTW_HIBRIDO_CLIMATOLOGIA,30,10,0.2307307812554082,OK_ANALOGOS_CONTINUIDAD_CORREGIDA,0.5066899114272845,-0.5066899114272845,0.0,CORREGIDO_ANCLA_OBSERVADO
2026-10-10,SANTA MARIA DE NANAY,30.0,2026-10-08,2026-11-10,90,33,3.6093859326255533,2.9807288773045992,3.6093859326255533,3.22,5.26675453301716,1.0438359326255535,6.174935932625553,HIBRIDO_ANALOGO_CLIM,ANALOGO_DTW_HIBRIDO_CLIMATOLOGIA,30,10,0.2307307812554082,OK_ANALOGOS_CONTINUIDAD_CORREGIDA,0.5066899114272845,-0.5066899114272845,0.0,CORREGIDO_ANCLA_OBSERVADO
2026-10-10,SANTA MARIA DE NANAY,30.0,2026-10-08,2026-11-11,90,34,3.7070427407132938,3.1057871742469083,3.7070427407132938,3.22,5.227865644128271,1.192642740713294,6.221442740713293,HIBRIDO_ANALOGO_CLIM,ANALOGO_DTW_HIBRIDO_CLIMATOLOGIA,30,10,0.2307307812554082,OK_ANALOGOS_CONTINUIDAD_CORREGIDA,0.5066899114272845,-0.5066899114272845,0.0,CORREGIDO_ANCLA_OBSERVADO
2026-10-10,SANTA MARIA DE NANAY,30.0,2026-10-08,2026-11-12,90,35,3.822150264544871,3.2775485069386336,3.822150264544871,3.22,5.14475453301716,1.1050002645448718,6.539300264544871,HIBRIDO_ANALOGO_CLIM,ANALOGO_DTW_HIBRIDO_CLIMATOLOGIA,30,10,0.2307307812554082,OK_ANALOGOS_CONTINUIDAD_CORREGIDA,0.5066899114272845,-0.5066899114272845,0.0,CORREGIDO_ANCLA_OBSERVADO
2026-10-10,SANTA MARIA DE NANAY,30.0,2026-10-08,2026-11-13,90,36,3.855633892765897,3.3363440945629748,3.855633892765897,3.22,5.067310088572715,0.9863838927658972,6.724883892765897,HIBRIDO_ANALOGO_CLIM,ANALOGO_DTW_HIBRIDO_CLIMATOLOGIA,30,10,0.2307307812554082,OK_ANALOGOS_CONTINUIDAD_CORREGIDA,0.5066899114272845,-0.5066899114272845,0.0,CORREGIDO_ANCLA_OBSERVADO
2026-10-10,SANTA MARIA DE NANAY,30.0,2026-10-08,2026-11-14,90,37,3.8929963296381374,3.374782164008667,3.8929963296381374,3.22,5.055476755239382,0.7773963296381381,7.008596329638137,HIBRIDO_ANALOGO_CLIM,ANALOGO_DTW_HIBRIDO_CLIMATOLOGIA,30,10,0.2307307812554082,OK_ANALOGOS_CONTINUIDAD_CORREGIDA,0.5066899114272845,-0.5066899114272845,0.0,CORREGIDO_ANCLA_OBSERVADO
2026-10-10,SANTA MARIA DE NANAY,30.0,2026-10-08,2026-11-15,90,38,3.903866970275371,3.332168397839474,3.903866970275371,3.22,5.1375323107949376,0.5948669702753713,7.21286697027537,HIBRIDO_ANALOGO_CLIM,ANALOGO_DTW_HIBRIDO_CLIMATOLOGIA,30,10,0.2307307812554082,OK_ANALOGOS_CONTINUIDAD_CORREGIDA,0.5066899114272845,-0.5066899114272845,0.0,CORREGIDO_ANCLA_OBSERVADO
2026-10-10,SANTA MARIA DE NANAY,30.0,2026-10-08,2026-11-16,90,39,3.9174134775923326,3.3014344509063043,3.9174134775923326,3.22,5.1967545330171605,0.4638134775923326,7.371013477592332,HIBRIDO_ANALOGO_CLIM,ANALOGO_DTW_HIBRIDO_CLIMATOLOGIA,30,10,0.2307307812554082,OK_ANALOGOS_CONTINUIDAD_CORREGIDA,0.5066899114272845,-0.5066899114272845,0.0,CORREGIDO_ANCLA_OBSERVADO
2026-10-10,SANTA MARIA DE NANAY,30.0,2026-10-08,2026-11-17,90,40,3.9343874933072316,3.267870640118935,3.9343874933072316,3.22,5.2674211996838265,0.5678874933072313,7.300887493307232,HIBRIDO_ANALOGO_CLIM,ANALOGO_DTW_HIBRIDO_CLIMATOLOGIA,30,10,0.2307307812554082,OK_ANALOGOS_CONTINUIDAD_CORREGIDA,0.5066899114272845,-0.5066899114272845,0.0,CORREGIDO_ANCLA_OBSERVADO
2026-10-10,SANTA MARIA DE NANAY,30.0,2026-10-08,2026-11-18,90,41,3.939032379459885,3.229259559962509,3.939032379459885,3.22,5.306643421906049,0.648782379459885,7.229282379459885,HIBRIDO_ANALOGO_CLIM,ANALOGO_DTW_HIBRIDO_CLIMATOLOGIA,30,10,0.2307307812554082,OK_ANALOGOS_CONTINUIDAD_CORREGIDA,0.5066899114272845,-0.5066899114272845,0.0,CORREGIDO_ANCLA_OBSERVADO
2026-10-10,SANTA MARIA DE NANAY,30.0,2026-10-08,2026-11-19,90,42,3.964983352299451,3.2583757934514535,3.964983352299451,3.22,5.277254533017159,0.7206833522994514,7.20928335229945,HIBRIDO_ANALOGO_CLIM,ANALOGO_DTW_HIBRIDO_CLIMATOLOGIA,30,10,0.2307307812554082,OK_ANALOGOS_CONTINUIDAD_CORREGIDA,0.5066899114272845,-0.5066899114272845,0.0,CORREGIDO_ANCLA_OBSERVADO
2026-10-10,SANTA MARIA DE NANAY,30.0,2026-10-08,2026-11-20,90,43,4.03026543943925,3.357380476647545,4.03026543943925,3.22,5.235198977461605,0.7388654394392513,7.32166543943925,HIBRIDO_ANALOGO_CLIM,ANALOGO_DTW_HIBRIDO_CLIMATOLOGIA,30,10,0.2307307812554082,OK_ANALOGOS_CONTINUIDAD_CORREGIDA,0.5066899114272845,-0.5066899114272845,0.0,CORREGIDO_ANCLA_OBSERVADO
2026-10-10,SANTA MARIA DE NANAY,30.0,2026-10-08,2026-11-21,90,44,4.107970292406519,3.443785264216734,4.107970292406519,3.22,5.255198977461604,0.8579702924065198,7.357970292406519,HIBRIDO_ANALOGO_CLIM,ANALOGO_DTW_HIBRIDO_CLIMATOLOGIA,30,10,0.2307307812554082,OK_ANALOGOS_CONTINUIDAD_CORREGIDA,0.5066899114272845,-0.5066899114272845,0.0,CORREGIDO_ANCLA_OBSERVADO
2026-10-10,SANTA MARIA DE NANAY,30.0,2026-10-08,2026-11-22,90,45,4.194042028088863,3.5033478584652187,4.194042028088863,3.22,5.345198977461605,0.8642920280888635,7.523792028088864,HIBRIDO_ANALOGO_CLIM,ANALOGO_DTW_HIBRIDO_CLIMATOLOGIA,30,10,0.2307307812554082,OK_ANALOGOS_CONTINUIDAD_CORREGIDA,0.5066899114272845,-0.5066899114272845,0.0,CORREGIDO_ANCLA_OBSERVADO
2026-10-10,SANTA MARIA DE NANAY,30.0,2026-10-08,2026-11-23,90,46,4.309041107186004,3.6447057343720433,4.309041107186004,3.22,5.37775453301716,0.8279411071860039,7.790141107186003,HIBRIDO_ANALOGO_CLIM,ANALOGO_DTW_HIBRIDO_CLIMATOLOGIA,30,10,0.2307307812554082,OK_ANALOGOS_CONTINUIDAD_CORREGIDA,0.5066899114272845,-0.5066899114272845,0.0,CORREGIDO_ANCLA_OBSERVADO
2026-10-10,SANTA MARIA DE NANAY,30.0,2026-10-08,2026-11-24,90,47,4.388214672753225,3.7400253867689877,4.388214672753225,3.22,5.394976755239382,0.7632146727532254,8.013214672753225,HIBRIDO_ANALOGO_CLIM,ANALOGO_DTW_HIBRIDO_CLIMATOLOGIA,30,10,0.2307307812554082,OK_ANALOGOS_CONTINUIDAD_CORREGIDA,0.5066899114272845,-0.5066899114272845,0.0,CORREGIDO_ANCLA_OBSERVADO
2026-10-10,SANTA MARIA DE NANAY,30.0,2026-10-08,2026-11-25,90,48,4.460024447709375,3.8263525389856676,4.460024447709375,3.22,5.410532310794937,0.8698244477093757,8.050224447709375,HIBRIDO_ANALOGO_CLIM,ANALOGO_DTW_HIBRIDO_CLIMATOLOGIA,30,10,0.2307307812554082,OK_ANALOGOS_CONTINUIDAD_CORREGIDA,0.5066899114272845,-0.5066899114272845,0.0,CORREGIDO_ANCLA_OBSERVADO
2026-10-10,SANTA MARIA DE NANAY,30.0,2026-10-08,2026-11-26,90,49,4.533529148490849,3.9426130380431132,4.533529148490849,3.22,5.38975453301716,1.1193791484908493,7.947679148490848,HIBRIDO_ANALOGO_CLIM,ANALOGO_DTW_HIBRIDO_CLIMATOLOGIA,30,10,0.2307307812554082,OK_ANALOGOS_CONTINUIDAD_CORREGIDA,0.5066899114272845,-0.5066899114272845,0.0,CORREGIDO_ANCLA_OBSERVADO
2026-10-10,SANTA MARIA DE NANAY,30.0,2026-10-08,2026-11-27,90,50,4.6657914562044995,4.085421004512916,4.6657914562044995,3.22,5.478310088572716,1.7114914562044996,7.6200914562044995,HIBRIDO_ANALOGO_CLIM,ANALOGO_DTW_HIBRIDO_CLIMATOLOGIA,30,10,0.2307307812554082,OK_ANALOGOS_CONTINUIDAD_CORREGIDA,0.5066899114272845,-0.5066899114272845,0.0,CORREGIDO_ANCLA_OBSERVADO
2026-10-10,SANTA MARIA DE NANAY,30.0,2026-10-08,2026-11-28,90,51,4.7611810128436405,4.197046961700894,4.7611810128436405,3.22,5.524421199683827,1.8451310128436407,7.677231012843641,HIBRIDO_ANALOGO_CLIM,ANALOGO_DTW_HIBRIDO_CLIMATOLOGIA,30,10,0.2307307812554082,OK_ANALOGOS_CONTINUIDAD_CORREGIDA,0.5066899114272845,-0.5066899114272845,0.0,CORREGIDO_ANCLA_OBSERVADO
2026-10-10,SANTA MARIA DE NANAY,30.0,2026-10-08,2026-11-29,90,52,4.860793377938004,4.330032233204269,4.860793377938004,3.22,5.554865644128271,1.778393377938004,7.943193377938004,HIBRIDO_ANALOGO_CLIM,ANALOGO_DTW_HIBRIDO_CLIMATOLOGIA,30,10,0.2307307812554082,OK_ANALOGOS_CONTINUIDAD_CORREGIDA,0.5066899114272845,-0.5066899114272845,0.0,CORREGIDO_ANCLA_OBSERVADO
2026-10-10,SANTA MARIA DE NANAY,30.0,2026-10-08,2026-11-30,90,53,4.953236074096451,4.437680012893833,4.953236074096451,3.22,5.604976755239382,1.8250860740964514,8.081386074096454,HIBRIDO_ANALOGO_CLIM,ANALOGO_DTW_HIBRIDO_CLIMATOLOGIA,30,10,0.2307307812554082,OK_ANALOGOS_CONTINUIDAD_CORREGIDA,0.5066899114272845,-0.5066899114272845,0.0,CORREGIDO_ANCLA_OBSERVADO
2026-10-10,SANTA MARIA DE NANAY,30.0,2026-10-08,2026-12-01,90,54,5.052992045040404,4.501640918513968,5.052992045040404,3.22,5.726865644128272,1.8907420450404029,8.215242045040405,HIBRIDO_ANALOGO_CLIM,ANALOGO_DTW_HIBRIDO_CLIMATOLOGIA,30,10,0.2307307812554082,OK_ANALOGOS_CONTINUIDAD_CORREGIDA,0.5066899114272845,-0.5066899114272845,0.0,CORREGIDO_ANCLA_OBSERVADO
2026-10-10,SANTA MARIA DE NANAY,30.0,2026-10-08,2026-12-02,90,55,5.116605401179743,4.495120238342953,5.116605401179743,3.22,5.851087866350493,2.0104554011797435,8.222755401179743,HIBRIDO_ANALOGO_CLIM,ANALOGO_DTW_HIBRIDO_CLIMATOLOGIA,30,10,0.2307307812554082,OK_ANALOGOS_CONTINUIDAD_CORREGIDA,0.5066899114272845,-0.5066899114272845,0.0,CORREGIDO_ANCLA_OBSERVADO
2026-10-10,SANTA MARIA DE NANAY,30.0,2026-10-08,2026-12-03,90,56,5.116089252534205,4.464021021000508,5.116089252534205,3.22,5.861310088572715,1.9693392525342048,8.262839252534206,HIBRIDO_ANALOGO_CLIM,ANALOGO_DTW_HIBRIDO_CLIMATOLOGIA,30,10,0.2307307812554082,OK_ANALOGOS_CONTINUIDAD_CORREGIDA,0.5066899114272845,-0.5066899114272845,0.0,CORREGIDO_ANCLA_OBSERVADO
2026-10-10,SANTA MARIA DE NANAY,30.0,2026-10-08,2026-12-04,90,57,5.0911776474449875,4.373078983779159,5.0911776474449875,3.22,5.884865644128271,1.8538276474449877,8.32852764744499,HIBRIDO_ANALOGO_CLIM,ANALOGO_DTW_HIBRIDO_CLIMATOLOGIA,30,10,0.2307307812554082,OK_ANALOGOS_CONTINUIDAD_CORREGIDA,0.5066899114272845,-0.5066899114272845,0.0,CORREGIDO_ANCLA_OBSERVADO
2026-10-10,SANTA MARIA DE NANAY,30.0,2026-10-08,2026-12-05,90,58,5.080339313244651,4.346635469658182,5.080339313244651,3.22,5.864643421906049,1.858589313244651,8.30208931324465,HIBRIDO_ANALOGO_CLIM,ANALOGO_DTW_HIBRIDO_CLIMATOLOGIA,30,10,0.2307307812554082,OK_ANALOGOS_CONTINUIDAD_CORREGIDA,0.5066899114272845,-0.5066899114272845,0.0,CORREGIDO_ANCLA_OBSERVADO
2026-10-10,SANTA MARIA DE NANAY,30.0,2026-10-08,2026-12-06,90,59,5.092535343908183,4.349933541691668,5.092535343908183,3.22,5.8603100885727155,1.9484353439081823,8.236635343908183,HIBRIDO_ANALOGO_CLIM,ANALOGO_DTW_HIBRIDO_CLIMATOLOGIA,30,10,0.2307307812554082,OK_ANALOGOS_CONTINUIDAD_CORREGIDA,0.5066899114272845,-0.5066899114272845,0.0,CORREGIDO_ANCLA_OBSERVADO
2026-10-10,SANTA MARIA DE NANAY,30.0,2026-10-08,2026-12-07,90,60,5.130004232263421,4.391587264843015,5.130004232263421,3.22,5.8684211996838265,2.052604232263421,8.207404232263421,HIBRIDO_ANALOGO_CLIM,ANALOGO_DTW_HIBRIDO_CLIMATOLOGIA,30,10,0.2307307812554082,OK_ANALOGOS_CONTINUIDAD_CORREGIDA,0.5066899114272845,-0.5066899114272845,0.0,CORREGIDO_ANCLA_OBSERVADO
2026-10-10,SANTA MARIA DE NANAY,30.0,2026-10-08,2026-12-08,90,61,5.178916232802495,4.464429929944017,5.178916232802495,3.22,5.8699767552393824,2.1771662328024943,8.180666232802494,HIBRIDO_ANALOGO_CLIM,ANALOGO_DTW_HIBRIDO_CLIMATOLOGIA,30,10,0.2307307812554082,OK_ANALOGOS_CONTINUIDAD_CORREGIDA,0.5066899114272845,-0.5066899114272845,0.0,CORREGIDO_ANCLA_OBSERVADO
2026-10-10,SANTA MARIA DE NANAY,30.0,2026-10-08,2026-12-09,90,62,5.266273291319314,4.570456178546523,5.266273291319314,3.22,5.917198977461604,2.324673291319314,8.207873291319316,HIBRIDO_ANALOGO_CLIM,ANALOGO_DTW_HIBRIDO_CLIMATOLOGIA,30,10,0.2307307812554082,OK_ANALOGOS_CONTINUIDAD_CORREGIDA,0.5066899114272845,-0.5066899114272845,0.0,CORREGIDO_ANCLA_OBSERVADO
2026-10-10,SANTA MARIA DE NANAY,30.0,2026-10-08,2026-12-10,90,63,5.365248130239653,4.65068842190662,5.365248130239653,3.22,6.01175453301716,2.544498130239653,8.185998130239653,HIBRIDO_ANALOGO_CLIM,ANALOGO_DTW_HIBRIDO_CLIMATOLOGIA,30,10,0.2307307812554082,OK_ANALOGOS_CONTINUIDAD_CORREGIDA,0.5066899114272845,-0.5066899114272845,0.0,CORREGIDO_ANCLA_OBSERVADO
2026-10-10,SANTA MARIA DE NANAY,30.0,2026-10-08,2026-12-11,90,64,5.4331726980112895,4.660825204036327,5.4331726980112895,3.22,6.108976755239381,2.72612269801129,8.14022269801129,HIBRIDO_ANALOGO_CLIM,ANALOGO_DTW_HIBRIDO_CLIMATOLOGIA,30,10,0.2307307812554082,OK_ANALOGOS_CONTINUIDAD_CORREGIDA,0.5066899114272845,-0.5066899114272845,0.0,CORREGIDO_ANCLA_OBSERVADO
2026-10-10,SANTA MARIA DE NANAY,30.0,2026-10-08,2026-12-12,90,65,5.456215063769605,4.617668418295222,5.456215063769605,3.22,6.16575453301716,2.7158650637696056,8.196565063769604,HIBRIDO_ANALOGO_CLIM,ANALOGO_DTW_HIBRIDO_CLIMATOLOGIA,30,10,0.2307307812554082,OK_ANALOGOS_CONTINUIDAD_CORREGIDA,0.5066899114272845,-0.5066899114272845,0.0,CORREGIDO_ANCLA_OBSERVADO
2026-10-10,SANTA MARIA DE NANAY,30.0,2026-10-08,2026-12-13,90,66,5.454569963298817,4.575702402778867,5.454569963298817,3.22,6.173643421906049,2.6980699632988165,8.211069963298819,HIBRIDO_ANALOGO_CLIM,ANALOGO_DTW_HIBRIDO_CLIMATOLOGIA,30,10,0.2307307812554082,OK_ANALOGOS_CONTINUIDAD_CORREGIDA,0.5066899114272845,-0.5066899114272845,0.0,CORREGIDO_ANCLA_OBSERVADO
2026-10-10,SANTA MARIA DE NANAY,30.0,2026-10-08,2026-12-14,90,67,5.44310230738454,4.534757879593197,5.44310230738454,3.22,6.1616434219060485,2.99575230738454,7.89045230738454,HIBRIDO_ANALOGO_CLIM,ANALOGO_DTW_HIBRIDO_CLIMATOLOGIA,30,10,0.2307307812554082,OK_ANALOGOS_CONTINUIDAD_CORREGIDA,0.5066899114272845,-0.5066899114272845,0.0,CORREGIDO_ANCLA_OBSERVADO
2026-10-10,SANTA MARIA DE NANAY,30.0,2026-10-08,2026-12-15,90,68,5.44333325242649,4.512867817124164,5.44333325242649,3.22,6.154865644128271,3.0325832524264906,7.8540832524264905,HIBRIDO_ANALOGO_CLIM,ANALOGO_DTW_HIBRIDO_CLIMATOLOGIA,30,10,0.2307307812554082,OK_ANALOGOS_CONTINUIDAD_CORREGIDA,0.5066899114272845,-0.5066899114272845,0.0,CORREGIDO_ANCLA_OBSERVADO
2026-10-10,SANTA MARIA DE NANAY,30.0,2026-10-08,2026-12-16,90,69,5.441064226627399,4.463607406871318,5.441064226627399,3.22,6.163532310794938,3.026914226627399,7.855214226627399,HIBRIDO_ANALOGO_CLIM,ANALOGO_DTW_HIBRIDO_CLIMATOLOGIA,30,10,0.2307307812554082,OK_ANALOGOS_CONTINUIDAD_CORREGIDA,0.5066899114272845,-0.5066899114272845,0.0,CORREGIDO_ANCLA_OBSERVADO
2026-10-10,SANTA MARIA DE NANAY,30.0,2026-10-08,2026-12-17,90,70,5.516365563077263,4.432065449605852,5.516365563077263,3.22,6.290865644128271,3.1718655630772625,7.860865563077261,HIBRIDO_ANALOGO_CLIM,ANALOGO_DTW_HIBRIDO_CLIMATOLOGIA,30,10,0.2307307812554082,OK_ANALOGOS_CONTINUIDAD_CORREGIDA,0.5066899114272845,-0.5066899114272845,0.0,CORREGIDO_ANCLA_OBSERVADO
2026-10-10,SANTA MARIA DE NANAY,30.0,2026-10-08,2026-12-18,90,71,5.644138123187598,4.395995524817779,5.644138123187598,3.22,6.505532310794938,3.4347881231875976,7.853488123187598,HIBRIDO_ANALOGO_CLIM,ANALOGO_DTW_HIBRIDO_CLIMATOLOGIA,30,10,0.2307307812554082,OK_ANALOGOS_CONTINUIDAD_CORREGIDA,0.5066899114272845,-0.5066899114272845,0.0,CORREGIDO_ANCLA_OBSERVADO
2026-10-10,SANTA MARIA DE NANAY,30.0,2026-10-08,2026-12-19,90,72,5.7118181521980445,4.3335802476360366,5.7118181521980445,3.22,6.63064342190605,3.615568152198045,7.808068152198044,HIBRIDO_ANALOGO_CLIM,ANALOGO_DTW_HIBRIDO_CLIMATOLOGIA,30,10,0.2307307812554082,OK_ANALOGOS_CONTINUIDAD_CORREGIDA,0.5066899114272845,-0.5066899114272845,0.0,CORREGIDO_ANCLA_OBSERVADO
2026-10-10,SANTA MARIA DE NANAY,30.0,2026-10-08,2026-12-20,90,73,5.752400755628175,4.28322242999091,5.752400755628175,3.22,6.698310088572716,3.6989007556281743,7.805900755628175,HIBRIDO_ANALOGO_CLIM,ANALOGO_DTW_HIBRIDO_CLIMATOLOGIA,30,10,0.2307307812554082,OK_ANALOGOS_CONTINUIDAD_CORREGIDA,0.5066899114272845,-0.5066899114272845,0.0,CORREGIDO_ANCLA_OBSERVADO
2026-10-10,SANTA MARIA DE NANAY,30.0,2026-10-08,2026-12-21,90,74,5.787716429837491,4.253138225205463,5.787716429837491,3.22,6.741643421906049,3.7240914298374914,7.851341429837491,HIBRIDO_ANALOGO_CLIM,ANALOGO_DTW_HIBRIDO_CLIMATOLOGIA,30,10,0.2307307812554082,OK_ANALOGOS_CONTINUIDAD_CORREGIDA,0.5066899114272845,-0.5066899114272845,0.0,CORREGIDO_ANCLA_OBSERVADO
2026-10-10,SANTA MARIA DE NANAY,30.0,2026-10-08,2026-12-22,90,75,5.85643831868699,4.316652035544114,5.85643831868699,3.22,6.780310088572715,3.9812883186869907,7.731588318686991,HIBRIDO_ANALOGO_CLIM,ANALOGO_DTW_HIBRIDO_CLIMATOLOGIA,30,10,0.2307307812554082,OK_ANALOGOS_CONTINUIDAD_CORREGIDA,0.5066899114272845,-0.5066899114272845,0.0,CORREGIDO_ANCLA_OBSERVADO
2026-10-10,SANTA MARIA DE NANAY,30.0,2026-10-08,2026-12-23,90,76,5.864835528564629,4.36666229865167,5.864835528564629,3.22,6.732198977461605,4.039235528564629,7.690435528564628,HIBRIDO_ANALOGO_CLIM,ANALOGO_DTW_HIBRIDO_CLIMATOLOGIA,30,10,0.2307307812554082,OK_ANALOGOS_CONTINUIDAD_CORREGIDA,0.5066899114272845,-0.5066899114272845,0.0,CORREGIDO_ANCLA_OBSERVADO
2026-10-10,SANTA MARIA DE NANAY,30.0,2026-10-08,2026-12-24,90,77,5.834527420559091,4.432601350963632,5.834527420559091,3.22,6.617421199683827,4.070427420559092,7.598627420559091,HIBRIDO_ANALOGO_CLIM,ANALOGO_DTW_HIBRIDO_CLIMATOLOGIA,30,10,0.2307307812554082,OK_ANALOGOS_CONTINUIDAD_CORREGIDA,0.5066899114272845,-0.5066899114272845,0.0,CORREGIDO_ANCLA_OBSERVADO
2026-10-10,SANTA MARIA DE NANAY,30.0,2026-10-08,2026-12-25,90,78,5.7549928655814435,4.448625959391305,5.7549928655814435,3.22,6.458421199683826,4.081717865581443,7.428267865581443,HIBRIDO_ANALOGO_CLIM,ANALOGO_DTW_HIBRIDO_CLIMATOLOGIA,30,10,0.2307307812554082,OK_ANALOGOS_CONTINUIDAD_CORREGIDA,0.5066899114272845,-0.5066899114272845,0.0,CORREGIDO_ANCLA_OBSERVADO
2026-10-10,SANTA MARIA DE NANAY,30.0,2026-10-08,2026-12-26,90,79,5.695224793109969,4.486510307814541,5.695224793109969,3.22,6.322532310794938,4.0061247931099695,7.384324793109969,HIBRIDO_ANALOGO_CLIM,ANALOGO_DTW_HIBRIDO_CLIMATOLOGIA,30,10,0.2307307812554082,OK_ANALOGOS_CONTINUIDAD_CORREGIDA,0.5066899114272845,-0.5066899114272845,0.0,CORREGIDO_ANCLA_OBSERVADO
2026-10-10,SANTA MARIA DE NANAY,30.0,2026-10-08,2026-12-27,90,80,5.5852546059147885,4.491365862821159,5.5852546059147885,3.22,6.132198977461605,3.7506046059147886,7.419904605914788,HIBRIDO_ANALOGO_CLIM,ANALOGO_DTW_HIBRIDO_CLIMATOLOGIA,30,10,0.2307307812554082,OK_ANALOGOS_CONTINUIDAD_CORREGIDA,0.5066899114272845,-0.5066899114272845,0.0,CORREGIDO_ANCLA_OBSERVADO
2026-10-10,SANTA MARIA DE NANAY,30.0,2026-10-08,2026-12-28,90,81,5.544899202780048,4.500507363056815,5.544899202780048,3.22,6.0477545330171605,3.5453992027800485,7.544399202780048,HIBRIDO_ANALOGO_CLIM,ANALOGO_DTW_HIBRIDO_CLIMATOLOGIA,30,10,0.2307307812554082,OK_ANALOGOS_CONTINUIDAD_CORREGIDA,0.5066899114272845,-0.5066899114272845,0.0,CORREGIDO_ANCLA_OBSERVADO
2026-10-10,SANTA MARIA DE NANAY,30.0,2026-10-08,2026-12-29,90,82,5.597777552984609,4.580739508352965,5.597777552984609,3.22,6.069087866350493,3.3557775529846094,7.839777552984608,HIBRIDO_ANALOGO_CLIM,ANALOGO_DTW_HIBRIDO_CLIMATOLOGIA,30,10,0.2307307812554082,OK_ANALOGOS_CONTINUIDAD_CORREGIDA,0.5066899114272845,-0.5066899114272845,0.0,CORREGIDO_ANCLA_OBSERVADO
2026-10-10,SANTA MARIA DE NANAY,30.0,2026-10-08,2026-12-30,90,83,5.66290225309051,4.562299691213008,5.66290225309051,3.22,6.153532310794938,3.315402253090511,8.010402253090511,HIBRIDO_ANALOGO_CLIM,ANALOGO_DTW_HIBRIDO_CLIMATOLOGIA,30,10,0.2307307812554082,OK_ANALOGOS_CONTINUIDAD_CORREGIDA,0.5066899114272845,-0.5066899114272845,0.0,CORREGIDO_ANCLA_OBSERVADO
2026-10-10,SANTA MARIA DE NANAY,30.0,2026-10-08,2026-12-31,90,84,5.661241194565452,4.558969330770727,5.661241194565452,3.22,6.133643421906049,3.3888911945654527,7.9335911945654525,HIBRIDO_ANALOGO_CLIM,ANALOGO_DTW_HIBRIDO_CLIMATOLOGIA,30,10,0.2307307812554082,OK_ANALOGOS_CONTINUIDAD_CORREGIDA,0.5066899114272845,-0.5066899114272845,0.0,CORREGIDO_ANCLA_OBSERVADO
2026-10-10,SANTA MARIA DE NANAY,30.0,2026-10-08,2027-01-01,90,85,5.727218731252134,4.54889686347358,5.727218731252134,3.22,6.212410088572716,3.221118731252134,8.233318731252133,HIBRIDO_ANALOGO_CLIM,ANALOGO_DTW_HIBRIDO_CLIMATOLOGIA,30,10,0.2307307812554082,OK_ANALOGOS_CONTINUIDAD_CORREGIDA,0.5066899114272845,-0.5066899114272845,0.0,CORREGIDO_ANCLA_OBSERVADO
2026-10-10,SANTA MARIA DE NANAY,30.0,2026-10-08,2027-01-02,90,86,5.714416274351255,4.5286436854381495,5.714416274351255,3.22,6.183210088572715,3.1568662743512554,8.271966274351254,HIBRIDO_ANALOGO_CLIM,ANALOGO_DTW_HIBRIDO_CLIMATOLOGIA,30,10,0.2307307812554082,OK_ANALOGOS_CONTINUIDAD_CORREGIDA,0.5066899114272845,-0.5066899114272845,0.0,CORREGIDO_ANCLA_OBSERVADO
2026-10-10,SANTA MARIA DE NANAY,30.0,2026-10-08,2027-01-03,90,87,5.771005594569535,4.490248292197508,5.771005594569535,3.22,6.256810088572716,3.105505594569536,8.436505594569535,HIBRIDO_ANALOGO_CLIM,ANALOGO_DTW_HIBRIDO_CLIMATOLOGIA,30,10,0.2307307812554082,OK_ANALOGOS_CONTINUIDAD_CORREGIDA,0.5066899114272845,-0.5066899114272845,0.0,CORREGIDO_ANCLA_OBSERVADO
2026-10-10,SANTA MARIA DE NANAY,30.0,2026-10-08,2027-01-04,90,88,5.8007061818210754,4.446870438254068,5.8007061818210754,3.22,6.293010088572715,3.024806181821076,8.576606181821074,HIBRIDO_ANALOGO_CLIM,ANALOGO_DTW_HIBRIDO_CLIMATOLOGIA,30,10,0.2307307812554082,OK_ANALOGOS_CONTINUIDAD_CORREGIDA,0.5066899114272845,-0.5066899114272845,0.0,CORREGIDO_ANCLA_OBSERVADO
2026-10-10,SANTA MARIA DE NANAY,30.0,2026-10-08,2027-01-05,90,89,5.791695742660102,4.392919072136792,5.791695742660102,3.22,6.278910088572715,2.8928957426601016,8.6904957426601,HIBRIDO_ANALOGO_CLIM,ANALOGO_DTW_HIBRIDO_CLIMATOLOGIA,30,10,0.2307307812554082,OK_ANALOGOS_CONTINUIDAD_CORREGIDA,0.5066899114272845,-0.5066899114272845,0.0,CORREGIDO_ANCLA_OBSERVADO
2026-10-10,SANTA MARIA DE NANAY,30.0,2026-10-08,2027-01-06,90,90,5.762636655036424,4.395316354427548,5.762636655036424,3.22,6.218410088572716,2.8272866550364237,8.697986655036424,HIBRIDO_ANALOGO_CLIM,ANALOGO_DTW_HIBRIDO_CLIMATOLOGIA,30,10,0.2307307812554082,OK_ANALOGOS_CONTINUIDAD_CORREGIDA,0.5066899114272845,-0.5066899114272845,0.0,CORREGIDO_ANCLA_OBSERVADO
2026-10-10,TAMSHIYACU,3.0,2026-10-08,2026-10-09,30,1,1.9,1.95309500156444,1.9,1.9,1.7407149953066798,1.7729999999999997,2.027,HIBRIDO_ANALOGO_CLIM,ANALOGO_DTW_HIBRIDO_CLIMATOLOGIA,30,10,0.24836663774222068,OK_ANALOGOS_CONTINUIDAD_CORREGIDA,-0.07410586206172098,0.07410586206172098,0.0,CORREGIDO_ANCLA_OBSERVADO
2026-10-10,TAMSHIYACU,3.0,2026-10-08,2026-10-10,30,2,1.9342545447458155,1.9616342052679787,1.9342545447458155,1.9,1.852115563179326,1.6492545447458151,2.219254544745816,HIBRIDO_ANALOGO_CLIM,ANALOGO_DTW_HIBRIDO_CLIMATOLOGIA,30,10,0.24836663774222068,OK_ANALOGOS_CONTINUIDAD_CORREGIDA,-0.07410586206172098,0.07410586206172098,0.0,CORREGIDO_ANCLA_OBSERVADO
2026-10-10,TAMSHIYACU,3.0,2026-10-08,2026-10-11,30,3,1.9775225869315545,2.0114942212803646,1.9775225869315545,1.9,1.8756076838851246,1.5630225869315544,2.392022586931555,HIBRIDO_ANALOGO_CLIM,ANALOGO_DTW_HIBRIDO_CLIMATOLOGIA,30,10,0.24836663774222068,OK_ANALOGOS_CONTINUIDAD_CORREGIDA,-0.07410586206172098,0.07410586206172098,0.0,CORREGIDO_ANCLA_OBSERVADO
2026-10-10,TAMSHIYACU,3.0,2026-10-08,2026-10-12,30,4,2.0011320206566565,2.0437780622781103,2.0011320206566565,1.9,1.8731938957922953,1.4786320206566563,2.5236320206566565,HIBRIDO_ANALOGO_CLIM,ANALOGO_DTW_HIBRIDO_CLIMATOLOGIA,30,10,0.24836663774222068,OK_ANALOGOS_CONTINUIDAD_CORREGIDA,-0.07410586206172098,0.07410586206172098,0.0,CORREGIDO_ANCLA_OBSERVADO
2026-10-10,TAMSHIYACU,3.0,2026-10-08,2026-10-13,30,5,2.0848770806919825,2.116082240094292,2.0848770806919825,1.9,1.9912616024850536,1.4208770806919826,2.7488770806919827,HIBRIDO_ANALOGO_CLIM,ANALOGO_DTW_HIBRIDO_CLIMATOLOGIA,30,10,0.24836663774222068,OK_ANALOGOS_CONTINUIDAD_CORREGIDA,-0.07410586206172098,0.07410586206172098,0.0,CORREGIDO_ANCLA_OBSERVADO
2026-10-10,TAMSHIYACU,3.0,2026-10-08,2026-10-14,30,6,2.183165670963266,2.225341938727563,2.183165670963266,1.9,2.056636867670375,1.3826656709632663,2.983665670963266,HIBRIDO_ANALOGO_CLIM,ANALOGO_DTW_HIBRIDO_CLIMATOLOGIA,30,10,0.24836663774222068,OK_ANALOGOS_CONTINUIDAD_CORREGIDA,-0.07410586206172098,0.07410586206172098,0.0,CORREGIDO_ANCLA_OBSERVADO
2026-10-10,TAMSHIYACU,3.0,2026-10-08,2026-10-15,30,7,2.241926223593992,2.3010984108861505,2.241926223593992,1.9,2.064409661717517,1.4279262235939918,3.055926223593992,HIBRIDO_ANALOGO_CLIM,ANALOGO_DTW_HIBRIDO_CLIMATOLOGIA,30,10,0.24836663774222068,OK_ANALOGOS_CONTINUIDAD_CORREGIDA,-0.07410586206172098,0.07410586206172098,0.0,CORREGIDO_ANCLA_OBSERVADO
2026-10-10,TAMSHIYACU,3.0,2026-10-08,2026-10-16,30,8,2.28759023219292,2.3454463994953896,2.28759023219292,1.9,2.114021730285511,1.4245902321929196,3.15059023219292,HIBRIDO_ANALOGO_CLIM,ANALOGO_DTW_HIBRIDO_CLIMATOLOGIA,30,10,0.24836663774222068,OK_ANALOGOS_CONTINUIDAD_CORREGIDA,-0.07410586206172098,0.07410586206172098,0.0,CORREGIDO_ANCLA_OBSERVADO
2026-10-10,TAMSHIYACU,3.0,2026-10-08,2026-10-17,30,9,2.095753529381933,2.097477376279526,2.095753529381933,1.9,2.0905819886891557,0.8517535293819334,3.339753529381933,HIBRIDO_ANALOGO_CLIM,ANALOGO_DTW_HIBRIDO_CLIMATOLOGIA,30,10,0.24836663774222068,OK_ANALOGOS_CONTINUIDAD_CORREGIDA,-0.07410586206172098,0.07410586206172098,0.0,CORREGIDO_ANCLA_OBSERVADO
2026-10-10,TAMSHIYACU,3.0,2026-10-08,2026-10-18,30,10,2.1718953368576925,2.170206531250512,2.1718953368576925,1.9,2.176961753679235,0.9538953368576928,3.3898953368576925,HIBRIDO_ANALOGO_CLIM,ANALOGO_DTW_HIBRIDO_CLIMATOLOGIA,30,10,0.24836663774222068,OK_ANALOGOS_CONTINUIDAD_CORREGIDA,-0.07410586206172098,0.07410586206172098,0.0,CORREGIDO_ANCLA_OBSERVADO
2026-10-10,TAMSHIYACU,3.0,2026-10-08,2026-10-19,30,11,2.1973572994381136,2.2519879878429734,2.1973572994381136,1.9,2.0334652342235344,1.057357299438114,3.3373572994381133,HIBRIDO_ANALOGO_CLIM,ANALOGO_DTW_HIBRIDO_CLIMATOLOGIA,30,10,0.24836663774222068,OK_ANALOGOS_CONTINUIDAD_CORREGIDA,-0.07410586206172098,0.07410586206172098,0.0,CORREGIDO_ANCLA_OBSERVADO
2026-10-10,TAMSHIYACU,3.0,2026-10-08,2026-10-20,30,12,2.2777303635564037,2.3453266351391036,2.2777303635564037,1.9,2.0749415488083054,1.212230363556404,3.3432303635564034,HIBRIDO_ANALOGO_CLIM,ANALOGO_DTW_HIBRIDO_CLIMATOLOGIA,30,10,0.24836663774222068,OK_ANALOGOS_CONTINUIDAD_CORREGIDA,-0.07410586206172098,0.07410586206172098,0.0,CORREGIDO_ANCLA_OBSERVADO
2026-10-10,TAMSHIYACU,3.0,2026-10-08,2026-10-21,30,13,2.3674761023564073,2.4622837333741816,2.3674761023564073,1.9,2.083053209303085,1.2824761023564073,3.4524761023564072,HIBRIDO_ANALOGO_CLIM,ANALOGO_DTW_HIBRIDO_CLIMATOLOGIA,30,10,0.24836663774222068,OK_ANALOGOS_CONTINUIDAD_CORREGIDA,-0.07410586206172098,0.07410586206172098,0.0,CORREGIDO_ANCLA_OBSERVADO
2026-10-10,TAMSHIYACU,3.0,2026-10-08,2026-10-22,30,14,2.4760983394076455,2.618688871923845,2.4760983394076455,1.9,2.0483267418590465,1.273598339407645,3.6785983394076456,HIBRIDO_ANALOGO_CLIM,ANALOGO_DTW_HIBRIDO_CLIMATOLOGIA,30,10,0.24836663774222068,OK_ANALOGOS_CONTINUIDAD_CORREGIDA,-0.07410586206172098,0.07410586206172098,0.0,CORREGIDO_ANCLA_OBSERVADO
2026-10-10,TAMSHIYACU,3.0,2026-10-08,2026-10-23,30,15,2.587617125539995,2.75638841801817,2.587617125539995,1.9,2.0813032481054714,1.294117125539995,3.881117125539995,HIBRIDO_ANALOGO_CLIM,ANALOGO_DTW_HIBRIDO_CLIMATOLOGIA,30,10,0.24836663774222068,OK_ANALOGOS_CONTINUIDAD_CORREGIDA,-0.07410586206172098,0.07410586206172098,0.0,CORREGIDO_ANCLA_OBSERVADO
2026-10-10,TAMSHIYACU,3.0,2026-10-08,2026-10-24,30,16,2.654440500528407,2.839195247661576,2.654440500528407,1.9,2.1001762591288995,1.335440500528407,3.973440500528407,HIBRIDO_ANALOGO_CLIM,ANALOGO_DTW_HIBRIDO_CLIMATOLOGIA,30,10,0.24836663774222068,OK_ANALOGOS_CONTINUIDAD_CORREGIDA,-0.07410586206172098,0.07410586206172098,0.0,CORREGIDO_ANCLA_OBSERVADO
2026-10-10,TAMSHIYACU,3.0,2026-10-08,2026-10-25,30,17,2.7119397866723163,2.8924562918498644,2.7119397866723163,1.9,2.1703902711396723,1.3974397866723158,4.0264397866723165,HIBRIDO_ANALOGO_CLIM,ANALOGO_DTW_HIBRIDO_CLIMATOLOGIA,30,10,0.24836663774222068,OK_ANALOGOS_CONTINUIDAD_CORREGIDA,-0.07410586206172098,0.07410586206172098,0.0,CORREGIDO_ANCLA_OBSERVADO
2026-10-10,TAMSHIYACU,3.0,2026-10-08,2026-10-26,30,18,2.7888954241761184,2.9617007161668303,2.7888954241761184,1.9,2.270479548203983,1.4783954241761186,4.099395424176119,HIBRIDO_ANALOGO_CLIM,ANALOGO_DTW_HIBRIDO_CLIMATOLOGIA,30,10,0.24836663774222068,OK_ANALOGOS_CONTINUIDAD_CORREGIDA,-0.07410586206172098,0.07410586206172098,0.0,CORREGIDO_ANCLA_OBSERVADO
2026-10-10,TAMSHIYACU,3.0,2026-10-08,2026-10-27,30,19,2.854860515351905,3.0294901510893357,2.854860515351905,1.9,2.3309716081396137,1.504860515351905,4.204860515351905,HIBRIDO_ANALOGO_CLIM,ANALOGO_DTW_HIBRIDO_CLIMATOLOGIA,30,10,0.24836663774222068,OK_ANALOGOS_CONTINUIDAD_CORREGIDA,-0.07410586206172098,0.07410586206172098,0.0,CORREGIDO_ANCLA_OBSERVADO
2026-10-10,TAMSHIYACU,3.0,2026-10-08,2026-10-28,30,20,2.9347516475318853,3.1200939511462424,2.9347516475318853,1.9,2.3787247366888127,1.4767516475318856,4.3927516475318855,HIBRIDO_ANALOGO_CLIM,ANALOGO_DTW_HIBRIDO_CLIMATOLOGIA,30,10,0.24836663774222068,OK_ANALOGOS_CONTINUIDAD_CORREGIDA,-0.07410586206172098,0.07410586206172098,0.0,CORREGIDO_ANCLA_OBSERVADO
2026-10-10,TAMSHIYACU,3.0,2026-10-08,2026-10-29,30,21,3.018368474554042,3.2018793849528473,3.018368474554042,1.9,2.467835743357626,1.4988684745540422,4.537868474554042,HIBRIDO_ANALOGO_CLIM,ANALOGO_DTW_HIBRIDO_CLIMATOLOGIA,30,10,0.24836663774222068,OK_ANALOGOS_CONTINUIDAD_CORREGIDA,-0.07410586206172098,0.07410586206172098,0.0,CORREGIDO_ANCLA_OBSERVADO
2026-10-10,TAMSHIYACU,3.0,2026-10-08,2026-10-30,30,22,3.0558120770699677,3.2544123190598984,3.0558120770699677,1.9,2.4600113511001767,1.5053120770699677,4.606312077069967,HIBRIDO_ANALOGO_CLIM,ANALOGO_DTW_HIBRIDO_CLIMATOLOGIA,30,10,0.24836663774222068,OK_ANALOGOS_CONTINUIDAD_CORREGIDA,-0.07410586206172098,0.07410586206172098,0.0,CORREGIDO_ANCLA_OBSERVADO
2026-10-10,TAMSHIYACU,3.0,2026-10-08,2026-10-31,30,23,3.0815625977952195,3.2767156265783215,3.0815625977952195,1.9,2.496103511445914,1.5185625977952193,4.644562597795219,HIBRIDO_ANALOGO_CLIM,ANALOGO_DTW_HIBRIDO_CLIMATOLOGIA,30,10,0.24836663774222068,OK_ANALOGOS_CONTINUIDAD_CORREGIDA,-0.07410586206172098,0.07410586206172098,0.0,CORREGIDO_ANCLA_OBSERVADO
2026-10-10,TAMSHIYACU,3.0,2026-10-08,2026-11-01,30,24,3.1066907484795574,3.2968205386763465,3.1066907484795574,1.9,2.5363013778891896,1.5916907484795573,4.6216907484795575,HIBRIDO_ANALOGO_CLIM,ANALOGO_DTW_HIBRIDO_CLIMATOLOGIA,30,10,0.24836663774222068,OK_ANALOGOS_CONTINUIDAD_CORREGIDA,-0.07410586206172098,0.07410586206172098,0.0,CORREGIDO_ANCLA_OBSERVADO
2026-10-10,TAMSHIYACU,3.0,2026-10-08,2026-11-02,30,25,3.136529685869909,3.3148747563418652,3.136529685869909,1.9,2.601494474454041,1.666029685869909,4.607029685869909,HIBRIDO_ANALOGO_CLIM,ANALOGO_DTW_HIBRIDO_CLIMATOLOGIA,30,10,0.24836663774222068,OK_ANALOGOS_CONTINUIDAD_CORREGIDA,-0.07410586206172098,0.07410586206172098,0.0,CORREGIDO_ANCLA_OBSERVADO
2026-10-10,TAMSHIYACU,3.0,2026-10-08,2026-11-03,30,26,3.1558829938939894,3.317074351017699,3.1558829938939894,1.9,2.6723089225228596,1.7203829938939899,4.591382993893989,HIBRIDO_ANALOGO_CLIM,ANALOGO_DTW_HIBRIDO_CLIMATOLOGIA,30,10,0.24836663774222068,OK_ANALOGOS_CONTINUIDAD_CORREGIDA,-0.07410586206172098,0.07410586206172098,0.0,CORREGIDO_ANCLA_OBSERVADO
2026-10-10,TAMSHIYACU,3.0,2026-10-08,2026-11-04,30,27,3.170140800056666,3.316433873828654,3.170140800056666,1.9,2.7312615787407024,1.7421408000566667,4.598140800056665,HIBRIDO_ANALOGO_CLIM,ANALOGO_DTW_HIBRIDO_CLIMATOLOGIA,30,10,0.24836663774222068,OK_ANALOGOS_CONTINUIDAD_CORREGIDA,-0.07410586206172098,0.07410586206172098,0.0,CORREGIDO_ANCLA_OBSERVADO
2026-10-10,TAMSHIYACU,3.0,2026-10-08,2026-11-05,30,28,3.182398033485306,3.30941774478498,3.182398033485306,1.9,2.8013388995862836,1.744398033485306,4.620398033485306,HIBRIDO_ANALOGO_CLIM,ANALOGO_DTW_HIBRIDO_CLIMATOLOGIA,30,10,0.24836663774222068,OK_ANALOGOS_CONTINUIDAD_CORREGIDA,-0.07410586206172098,0.07410586206172098,0.0,CORREGIDO_ANCLA_OBSERVADO
2026-10-10,TAMSHIYACU,3.0,2026-10-08,2026-11-06,30,29,3.1906245256301924,3.3112130252863516,3.1906245256301924,1.9,2.828859026661714,1.6811245256301928,4.7001245256301925,HIBRIDO_ANALOGO_CLIM,ANALOGO_DTW_HIBRIDO_CLIMATOLOGIA,30,10,0.24836663774222068,OK_ANALOGOS_CONTINUIDAD_CORREGIDA,-0.07410586206172098,0.07410586206172098,0.0,CORREGIDO_ANCLA_OBSERVADO
2026-10-10,TAMSHIYACU,3.0,2026-10-08,2026-11-07,30,30,3.2068717865735454,3.33318580521234,3.2068717865735454,1.9,2.8279297306571607,1.697371786573546,4.716371786573545,HIBRIDO_ANALOGO_CLIM,ANALOGO_DTW_HIBRIDO_CLIMATOLOGIA,30,10,0.24836663774222068,OK_ANALOGOS_CONTINUIDAD_CORREGIDA,-0.07410586206172098,0.07410586206172098,0.0,CORREGIDO_ANCLA_OBSERVADO
2026-10-10,TAMSHIYACU,3.0,2026-10-08,2026-10-09,60,1,1.9,1.955593788283239,1.9,1.9,1.733218635150283,1.8254999999999997,1.9745000000000001,HIBRIDO_ANALOGO_CLIM,ANALOGO_DTW_HIBRIDO_CLIMATOLOGIA,30,10,0.32398643835135,OK_ANALOGOS_CONTINUIDAD_CORREGIDA,-0.06660950190532411,0.06660950190532411,0.0,CORREGIDO_ANCLA_OBSERVADO
2026-10-10,TAMSHIYACU,3.0,2026-10-08,2026-10-10,60,2,1.9436517376786981,1.9766625825639546,1.9436517376786981,1.9,1.8446192030229291,1.795151737678698,2.092151737678698,HIBRIDO_ANALOGO_CLIM,ANALOGO_DTW_HIBRIDO_CLIMATOLOGIA,30,10,0.32398643835135,OK_ANALOGOS_CONTINUIDAD_CORREGIDA,-0.06660950190532411,0.06660950190532411,0.0,CORREGIDO_ANCLA_OBSERVADO
2026-10-10,TAMSHIYACU,3.0,2026-10-08,2026-10-11,60,3,1.98229887981985,2.0203613985168904,1.98229887981985,1.9,1.8681113237287277,1.69029887981985,2.2742988798198502,HIBRIDO_ANALOGO_CLIM,ANALOGO_DTW_HIBRIDO_CLIMATOLOGIA,30,10,0.32398643835135,OK_ANALOGOS_CONTINUIDAD_CORREGIDA,-0.06660950190532411,0.06660950190532411,0.0,CORREGIDO_ANCLA_OBSERVADO
2026-10-10,TAMSHIYACU,3.0,2026-10-08,2026-10-12,60,4,2.019794576793452,2.071160257179303,2.019794576793452,1.9,1.8656975356358985,1.563294576793452,2.4762945767934523,HIBRIDO_ANALOGO_CLIM,ANALOGO_DTW_HIBRIDO_CLIMATOLOGIA,30,10,0.32398643835135,OK_ANALOGOS_CONTINUIDAD_CORREGIDA,-0.06660950190532411,0.06660950190532411,0.0,CORREGIDO_ANCLA_OBSERVADO
2026-10-10,TAMSHIYACU,3.0,2026-10-08,2026-10-13,60,5,2.1045090682254632,2.1447570101910656,2.1045090682254632,1.9,1.9837652423286567,1.499509068225463,2.7095090682254632,HIBRIDO_ANALOGO_CLIM,ANALOGO_DTW_HIBRIDO_CLIMATOLOGIA,30,10,0.32398643835135,OK_ANALOGOS_CONTINUIDAD_CORREGIDA,-0.06660950190532411,0.06660950190532411,0.0,CORREGIDO_ANCLA_OBSERVADO
2026-10-10,TAMSHIYACU,3.0,2026-10-08,2026-10-14,60,6,2.195866947760316,2.2447757611757626,2.195866947760316,1.9,2.049140507513978,1.4228669477603155,2.9688669477603162,HIBRIDO_ANALOGO_CLIM,ANALOGO_DTW_HIBRIDO_CLIMATOLOGIA,30,10,0.32398643835135,OK_ANALOGOS_CONTINUIDAD_CORREGIDA,-0.06660950190532411,0.06660950190532411,0.0,CORREGIDO_ANCLA_OBSERVADO
2026-10-10,TAMSHIYACU,3.0,2026-10-08,2026-10-15,60,7,2.252362156830004,2.317511775252965,2.252362156830004,1.9,2.0569133015611203,1.4353621568300037,3.069362156830004,HIBRIDO_ANALOGO_CLIM,ANALOGO_DTW_HIBRIDO_CLIMATOLOGIA,30,10,0.32398643835135,OK_ANALOGOS_CONTINUIDAD_CORREGIDA,-0.06660950190532411,0.06660950190532411,0.0,CORREGIDO_ANCLA_OBSERVADO
2026-10-10,TAMSHIYACU,3.0,2026-10-08,2026-10-16,60,8,2.364791582167305,2.4508803195133684,2.364791582167305,1.9,2.106525370129114,1.500291582167305,3.229291582167305,HIBRIDO_ANALOGO_CLIM,ANALOGO_DTW_HIBRIDO_CLIMATOLOGIA,30,10,0.32398643835135,OK_ANALOGOS_CONTINUIDAD_CORREGIDA,-0.06660950190532411,0.06660950190532411,0.0,CORREGIDO_ANCLA_OBSERVADO
2026-10-10,TAMSHIYACU,3.0,2026-10-08,2026-10-17,60,9,2.1489249150488376,2.1708713438875304,2.1489249150488376,1.9,2.083085628532759,1.2924249150488376,3.0054249150488372,HIBRIDO_ANALOGO_CLIM,ANALOGO_DTW_HIBRIDO_CLIMATOLOGIA,30,10,0.32398643835135,OK_ANALOGOS_CONTINUIDAD_CORREGIDA,-0.06660950190532411,0.06660950190532411,0.0,CORREGIDO_ANCLA_OBSERVADO
2026-10-10,TAMSHIYACU,3.0,2026-10-08,2026-10-18,60,10,2.287636490967548,2.3270268567824512,2.287636490967548,1.9,2.169465393522838,1.448636490967548,3.126636490967548,HIBRIDO_ANALOGO_CLIM,ANALOGO_DTW_HIBRIDO_CLIMATOLOGIA,30,10,0.32398643835135,OK_ANALOGOS_CONTINUIDAD_CORREGIDA,-0.06660950190532411,0.06660950190532411,0.0,CORREGIDO_ANCLA_OBSERVADO
2026-10-10,TAMSHIYACU,3.0,2026-10-08,2026-10-19,60,11,2.3824877660402874,2.501327396698004,2.3824877660402874,1.9,2.0259688740671375,1.4344877660402875,3.3304877660402874,HIBRIDO_ANALOGO_CLIM,ANALOGO_DTW_HIBRIDO_CLIMATOLOGIA,30,10,0.32398643835135,OK_ANALOGOS_CONTINUIDAD_CORREGIDA,-0.06660950190532411,0.06660950190532411,0.0,CORREGIDO_ANCLA_OBSERVADO
2026-10-10,TAMSHIYACU,3.0,2026-10-08,2026-10-20,60,12,2.5072759899150134,2.653886257002715,2.5072759899150134,1.9,2.0674451886519085,1.3852759899150138,3.6292759899150133,HIBRIDO_ANALOGO_CLIM,ANALOGO_DTW_HIBRIDO_CLIMATOLOGIA,30,10,0.32398643835135,OK_ANALOGOS_CONTINUIDAD_CORREGIDA,-0.06660950190532411,0.06660950190532411,0.0,CORREGIDO_ANCLA_OBSERVADO
2026-10-10,TAMSHIYACU,3.0,2026-10-08,2026-10-21,60,13,2.586519168223537,2.756839941249153,2.586519168223537,1.9,2.0755568491466883,1.308519168223537,3.864519168223537,HIBRIDO_ANALOGO_CLIM,ANALOGO_DTW_HIBRIDO_CLIMATOLOGIA,30,10,0.32398643835135,OK_ANALOGOS_CONTINUIDAD_CORREGIDA,-0.06660950190532411,0.06660950190532411,0.0,CORREGIDO_ANCLA_OBSERVADO
2026-10-10,TAMSHIYACU,3.0,2026-10-08,2026-10-22,60,14,2.645337234596461,2.846839518894398,2.645337234596461,1.9,2.0408303817026496,1.2143372345964614,4.07633723459646,HIBRIDO_ANALOGO_CLIM,ANALOGO_DTW_HIBRIDO_CLIMATOLOGIA,30,10,0.32398643835135,OK_ANALOGOS_CONTINUIDAD_CORREGIDA,-0.06660950190532411,0.06660950190532411,0.0,CORREGIDO_ANCLA_OBSERVADO
2026-10-10,TAMSHIYACU,3.0,2026-10-08,2026-10-23,60,15,2.7330845220553526,2.9528437334241118,2.7330845220553526,1.9,2.0738068879490745,1.2655845220553528,4.200584522055353,HIBRIDO_ANALOGO_CLIM,ANALOGO_DTW_HIBRIDO_CLIMATOLOGIA,30,10,0.32398643835135,OK_ANALOGOS_CONTINUIDAD_CORREGIDA,-0.06660950190532411,0.06660950190532411,0.0,CORREGIDO_ANCLA_OBSERVADO
2026-10-10,TAMSHIYACU,3.0,2026-10-08,2026-10-24,60,16,2.783749822758053,3.0141064640199033,2.783749822758053,1.9,2.0926798989725026,1.2492498227580535,4.318249822758053,HIBRIDO_ANALOGO_CLIM,ANALOGO_DTW_HIBRIDO_CLIMATOLOGIA,30,10,0.32398643835135,OK_ANALOGOS_CONTINUIDAD_CORREGIDA,-0.06660950190532411,0.06660950190532411,0.0,CORREGIDO_ANCLA_OBSERVADO
2026-10-10,TAMSHIYACU,3.0,2026-10-08,2026-10-25,60,17,2.8480776642221417,3.0764722486350973,2.8480776642221417,1.9,2.1628939109832754,1.2120776642221418,4.484077664222141,HIBRIDO_ANALOGO_CLIM,ANALOGO_DTW_HIBRIDO_CLIMATOLOGIA,30,10,0.32398643835135,OK_ANALOGOS_CONTINUIDAD_CORREGIDA,-0.06660950190532411,0.06660950190532411,0.0,CORREGIDO_ANCLA_OBSERVADO
2026-10-10,TAMSHIYACU,3.0,2026-10-08,2026-10-26,60,18,2.9526574328135053,3.182548847735478,2.9526574328135053,1.9,2.262983188047586,1.2476574328135055,4.6576574328135045,HIBRIDO_ANALOGO_CLIM,ANALOGO_DTW_HIBRIDO_CLIMATOLOGIA,30,10,0.32398643835135,OK_ANALOGOS_CONTINUIDAD_CORREGIDA,-0.06660950190532411,0.06660950190532411,0.0,CORREGIDO_ANCLA_OBSERVADO
2026-10-10,TAMSHIYACU,3.0,2026-10-08,2026-10-27,60,19,3.024028802888727,3.2575466545238974,3.024028802888727,1.9,2.323475247983217,1.299028802888727,4.749028802888727,HIBRIDO_ANALOGO_CLIM,ANALOGO_DTW_HIBRIDO_CLIMATOLOGIA,30,10,0.32398643835135,OK_ANALOGOS_CONTINUIDAD_CORREGIDA,-0.06660950190532411,0.06660950190532411,0.0,CORREGIDO_ANCLA_OBSERVADO
2026-10-10,TAMSHIYACU,3.0,2026-10-08,2026-10-28,60,20,3.1242641613438322,3.3752760896143044,3.1242641613438322,1.9,2.371228376532416,1.4257641613438323,4.822764161343832,HIBRIDO_ANALOGO_CLIM,ANALOGO_DTW_HIBRIDO_CLIMATOLOGIA,30,10,0.32398643835135,OK_ANALOGOS_CONTINUIDAD_CORREGIDA,-0.06660950190532411,0.06660950190532411,0.0,CORREGIDO_ANCLA_OBSERVADO
2026-10-10,TAMSHIYACU,3.0,2026-10-08,2026-10-29,60,21,3.217345477453234,3.469680842203902,3.217345477453234,1.9,2.4603393832012292,1.5283454774532346,4.906345477453234,HIBRIDO_ANALOGO_CLIM,ANALOGO_DTW_HIBRIDO_CLIMATOLOGIA,30,10,0.32398643835135,OK_ANALOGOS_CONTINUIDAD_CORREGIDA,-0.06660950190532411,0.06660950190532411,0.0,CORREGIDO_ANCLA_OBSERVADO
2026-10-10,TAMSHIYACU,3.0,2026-10-08,2026-10-30,60,22,3.253676928992036,3.5207309083414553,3.253676928992036,1.9,2.45251499094378,1.4476769289920368,5.059676928992035,HIBRIDO_ANALOGO_CLIM,ANALOGO_DTW_HIBRIDO_CLIMATOLOGIA,30,10,0.32398643835135,OK_ANALOGOS_CONTINUIDAD_CORREGIDA,-0.06660950190532411,0.06660950190532411,0.0,CORREGIDO_ANCLA_OBSERVADO
2026-10-10,TAMSHIYACU,3.0,2026-10-08,2026-10-31,60,23,3.232564020263591,3.4805496432549488,3.232564020263591,1.9,2.488607151289517,1.3515640202635908,5.11356402026359,HIBRIDO_ANALOGO_CLIM,ANALOGO_DTW_HIBRIDO_CLIMATOLOGIA,30,10,0.32398643835135,OK_ANALOGOS_CONTINUIDAD_CORREGIDA,-0.06660950190532411,0.06660950190532411,0.0,CORREGIDO_ANCLA_OBSERVADO
2026-10-10,TAMSHIYACU,3.0,2026-10-08,2026-11-01,60,24,3.230927468467684,3.4649682853793147,3.230927468467684,1.9,2.5288050177327928,1.338927468467684,5.122927468467684,HIBRIDO_ANALOGO_CLIM,ANALOGO_DTW_HIBRIDO_CLIMATOLOGIA,30,10,0.32398643835135,OK_ANALOGOS_CONTINUIDAD_CORREGIDA,-0.06660950190532411,0.06660950190532411,0.0,CORREGIDO_ANCLA_OBSERVADO
2026-10-10,TAMSHIYACU,3.0,2026-10-08,2026-11-02,60,25,3.243190227122688,3.459587598064369,3.243190227122688,1.9,2.5939981142976443,1.3386902271226881,5.147690227122688,HIBRIDO_ANALOGO_CLIM,ANALOGO_DTW_HIBRIDO_CLIMATOLOGIA,30,10,0.32398643835135,OK_ANALOGOS_CONTINUIDAD_CORREGIDA,-0.06660950190532411,0.06660950190532411,0.0,CORREGIDO_ANCLA_OBSERVADO
2026-10-10,TAMSHIYACU,3.0,2026-10-08,2026-11-03,60,26,3.2607255516167024,3.4593632147001157,3.2607255516167024,1.9,2.6648125623664627,1.3722255516167032,5.149225551616702,HIBRIDO_ANALOGO_CLIM,ANALOGO_DTW_HIBRIDO_CLIMATOLOGIA,30,10,0.32398643835135,OK_ANALOGOS_CONTINUIDAD_CORREGIDA,-0.06660950190532411,0.06660950190532411,0.0,CORREGIDO_ANCLA_OBSERVADO
2026-10-10,TAMSHIYACU,3.0,2026-10-08,2026-11-04,60,27,3.2625455248978072,3.4421389603356416,3.2625455248978072,1.9,2.7237652185843055,1.3720455248978074,5.153045524897807,HIBRIDO_ANALOGO_CLIM,ANALOGO_DTW_HIBRIDO_CLIMATOLOGIA,30,10,0.32398643835135,OK_ANALOGOS_CONTINUIDAD_CORREGIDA,-0.06660950190532411,0.06660950190532411,0.0,CORREGIDO_ANCLA_OBSERVADO
2026-10-10,TAMSHIYACU,3.0,2026-10-08,2026-11-05,60,28,3.2598345281915058,3.4151651911120453,3.2598345281915058,1.9,2.7938425394298867,1.3368345281915062,5.182834528191505,HIBRIDO_ANALOGO_CLIM,ANALOGO_DTW_HIBRIDO_CLIMATOLOGIA,30,10,0.32398643835135,OK_ANALOGOS_CONTINUIDAD_CORREGIDA,-0.06660950190532411,0.06660950190532411,0.0,CORREGIDO_ANCLA_OBSERVADO
2026-10-10,TAMSHIYACU,3.0,2026-10-08,2026-11-06,60,29,3.2599763794409684,3.406180950419519,3.2599763794409684,1.9,2.8213626665053173,1.2669763794409685,5.252976379440969,HIBRIDO_ANALOGO_CLIM,ANALOGO_DTW_HIBRIDO_CLIMATOLOGIA,30,10,0.32398643835135,OK_ANALOGOS_CONTINUIDAD_CORREGIDA,-0.06660950190532411,0.06660950190532411,0.0,CORREGIDO_ANCLA_OBSERVADO
2026-10-10,TAMSHIYACU,3.0,2026-10-08,2026-11-07,60,30,3.242564363702767,3.383274694770101,3.242564363702767,1.9,2.820433370500764,1.2345643637027672,5.250564363702766,HIBRIDO_ANALOGO_CLIM,ANALOGO_DTW_HIBRIDO_CLIMATOLOGIA,30,10,0.32398643835135,OK_ANALOGOS_CONTINUIDAD_CORREGIDA,-0.06660950190532411,0.06660950190532411,0.0,CORREGIDO_ANCLA_OBSERVADO
2026-10-10,TAMSHIYACU,3.0,2026-10-08,2026-11-08,60,31,3.232150777331997,3.3507717511910635,3.232150777331997,1.9,2.8915937878656446,1.1661507773319963,5.298150777331998,HIBRIDO_ANALOGO_CLIM,ANALOGO_DTW_HIBRIDO_CLIMATOLOGIA,30,10,0.32398643835135,OK_ANALOGOS_CONTINUIDAD_CORREGIDA,-0.06660950190532411,0.06660950190532411,0.0,CORREGIDO_ANCLA_OBSERVADO
2026-10-10,TAMSHIYACU,3.0,2026-10-08,2026-11-09,60,32,3.249854966244339,3.3386767105989876,3.249854966244339,1.9,3.005595169269054,1.1538549662443383,5.345854966244339,HIBRIDO_ANALOGO_CLIM,ANALOGO_DTW_HIBRIDO_CLIMATOLOGIA,30,10,0.32398643835135,OK_ANALOGOS_CONTINUIDAD_CORREGIDA,-0.06660950190532411,0.06660950190532411,0.0,CORREGIDO_ANCLA_OBSERVADO
2026-10-10,TAMSHIYACU,3.0,2026-10-08,2026-11-10,60,33,3.275778444838071,3.3530110006340164,3.275778444838071,1.9,3.0721653431942157,1.1417784448380712,5.4097784448380715,HIBRIDO_ANALOGO_CLIM,ANALOGO_DTW_HIBRIDO_CLIMATOLOGIA,30,10,0.32398643835135,OK_ANALOGOS_CONTINUIDAD_CORREGIDA,-0.06660950190532411,0.06660950190532411,0.0,CORREGIDO_ANCLA_OBSERVADO
2026-10-10,TAMSHIYACU,3.0,2026-10-08,2026-11-11,60,34,3.353399340793759,3.3966582752193952,3.353399340793759,1.9,3.2439796831289143,1.202899340793759,5.503899340793759,HIBRIDO_ANALOGO_CLIM,ANALOGO_DTW_HIBRIDO_CLIMATOLOGIA,30,10,0.32398643835135,OK_ANALOGOS_CONTINUIDAD_CORREGIDA,-0.06660950190532411,0.06660950190532411,0.0,CORREGIDO_ANCLA_OBSERVADO
2026-10-10,TAMSHIYACU,3.0,2026-10-08,2026-11-12,60,35,3.4010245906310574,3.4355481196855875,3.4010245906310574,1.9,3.3171817343557697,1.2185245906310578,5.5835245906310575,HIBRIDO_ANALOGO_CLIM,ANALOGO_DTW_HIBRIDO_CLIMATOLOGIA,30,10,0.32398643835135,OK_ANALOGOS_CONTINUIDAD_CORREGIDA,-0.06660950190532411,0.06660950190532411,0.0,CORREGIDO_ANCLA_OBSERVADO
2026-10-10,TAMSHIYACU,3.0,2026-10-08,2026-11-13,60,36,3.433439647232519,3.485671159248595,3.433439647232519,1.9,3.311566119195008,1.2154396472325188,5.65143964723252,HIBRIDO_ANALOGO_CLIM,ANALOGO_DTW_HIBRIDO_CLIMATOLOGIA,30,10,0.32398643835135,OK_ANALOGOS_CONTINUIDAD_CORREGIDA,-0.06660950190532411,0.06660950190532411,0.0,CORREGIDO_ANCLA_OBSERVADO
2026-10-10,TAMSHIYACU,3.0,2026-10-08,2026-11-14,60,37,3.491396087096859,3.5739741647858647,3.491396087096859,1.9,3.3061533722809813,1.2173960870968585,5.765396087096859,HIBRIDO_ANALOGO_CLIM,ANALOGO_DTW_HIBRIDO_CLIMATOLOGIA,30,10,0.32398643835135,OK_ANALOGOS_CONTINUIDAD_CORREGIDA,-0.06660950190532411,0.06660950190532411,0.0,CORREGIDO_ANCLA_OBSERVADO
2026-10-10,TAMSHIYACU,3.0,2026-10-08,2026-11-15,60,38,3.5511099623360103,3.646714843609629,3.5511099623360103,1.9,3.3448046922192547,1.2346099623360103,5.86760996233601,HIBRIDO_ANALOGO_CLIM,ANALOGO_DTW_HIBRIDO_CLIMATOLOGIA,30,10,0.32398643835135,OK_ANALOGOS_CONTINUIDAD_CORREGIDA,-0.06660950190532411,0.06660950190532411,0.0,CORREGIDO_ANCLA_OBSERVADO
2026-10-10,TAMSHIYACU,3.0,2026-10-08,2026-11-16,60,39,3.6136930680890718,3.7238546605209986,3.6136930680890718,1.9,3.384895914576608,1.2906930680890716,5.936693068089072,HIBRIDO_ANALOGO_CLIM,ANALOGO_DTW_HIBRIDO_CLIMATOLOGIA,30,10,0.32398643835135,OK_ANALOGOS_CONTINUIDAD_CORREGIDA,-0.06660950190532411,0.06660950190532411,0.0,CORREGIDO_ANCLA_OBSERVADO
2026-10-10,TAMSHIYACU,3.0,2026-10-08,2026-11-17,60,40,3.6592752562986623,3.776979583242343,3.6592752562986623,1.9,3.4238666024113016,1.3072752562986625,6.011275256298663,HIBRIDO_ANALOGO_CLIM,ANALOGO_DTW_HIBRIDO_CLIMATOLOGIA,30,10,0.32398643835135,OK_ANALOGOS_CONTINUIDAD_CORREGIDA,-0.06660950190532411,0.06660950190532411,0.0,CORREGIDO_ANCLA_OBSERVADO
2026-10-10,TAMSHIYACU,3.0,2026-10-08,2026-11-18,60,41,3.7045204793742093,3.8303664698066098,3.7045204793742093,1.9,3.4620367417117786,1.3040204793742087,6.105020479374209,HIBRIDO_ANALOGO_CLIM,ANALOGO_DTW_HIBRIDO_CLIMATOLOGIA,30,10,0.32398643835135,OK_ANALOGOS_CONTINUIDAD_CORREGIDA,-0.06660950190532411,0.06660950190532411,0.0,CORREGIDO_ANCLA_OBSERVADO
2026-10-10,TAMSHIYACU,3.0,2026-10-08,2026-11-19,60,42,3.7252728675330893,3.8434055538001557,3.7252728675330893,1.9,3.50588359303711,1.3247728675330896,6.1257728675330885,HIBRIDO_ANALOGO_CLIM,ANALOGO_DTW_HIBRIDO_CLIMATOLOGIA,30,10,0.32398643835135,OK_ANALOGOS_CONTINUIDAD_CORREGIDA,-0.06660950190532411,0.06660950190532411,0.0,CORREGIDO_ANCLA_OBSERVADO
2026-10-10,TAMSHIYACU,3.0,2026-10-08,2026-11-20,60,43,3.77491155401711,3.851616110746444,3.77491155401711,1.9,3.6375568826645805,1.3464115540171107,6.2034115540171095,HIBRIDO_ANALOGO_CLIM,ANALOGO_DTW_HIBRIDO_CLIMATOLOGIA,30,10,0.32398643835135,OK_ANALOGOS_CONTINUIDAD_CORREGIDA,-0.06660950190532411,0.06660950190532411,0.0,CORREGIDO_ANCLA_OBSERVADO
2026-10-10,TAMSHIYACU,3.0,2026-10-08,2026-11-21,60,44,3.456210782090473,3.312840284989487,3.456210782090473,1.9,3.7038507316285387,1.0967107820904731,5.815710782090473,HIBRIDO_ANALOGO_CLIM,ANALOGO_DTW_HIBRIDO_CLIMATOLOGIA,30,10,0.32398643835135,OK_ANALOGOS_CONTINUIDAD_CORREGIDA,-0.06660950190532411,0.06660950190532411,0.0,CORREGIDO_ANCLA_OBSERVADO
2026-10-10,TAMSHIYACU,3.0,2026-10-08,2026-11-22,60,45,3.450747124594442,3.2664931964545167,3.450747124594442,1.9,3.757837004827651,1.027747124594442,5.873747124594443,HIBRIDO_ANALOGO_CLIM,ANALOGO_DTW_HIBRIDO_CLIMATOLOGIA,30,10,0.32398643835135,OK_ANALOGOS_CONTINUIDAD_CORREGIDA,-0.06660950190532411,0.06660950190532411,0.0,CORREGIDO_ANCLA_OBSERVADO
2026-10-10,TAMSHIYACU,3.0,2026-10-08,2026-11-23,60,46,3.4510972458951965,3.2260397995261956,3.4510972458951965,1.9,3.813146181358372,0.9855972458951965,5.916597245895196,HIBRIDO_ANALOGO_CLIM,ANALOGO_DTW_HIBRIDO_CLIMATOLOGIA,30,10,0.32398643835135,OK_ANALOGOS_CONTINUIDAD_CORREGIDA,-0.06660950190532411,0.06660950190532411,0.0,CORREGIDO_ANCLA_OBSERVADO
2026-10-10,TAMSHIYACU,3.0,2026-10-08,2026-11-24,60,47,3.447560632302797,3.179481211300252,3.447560632302797,1.9,3.8639393074769632,1.0290606323027975,5.866060632302796,HIBRIDO_ANALOGO_CLIM,ANALOGO_DTW_HIBRIDO_CLIMATOLOGIA,30,10,0.32398643835135,OK_ANALOGOS_CONTINUIDAD_CORREGIDA,-0.06660950190532411,0.06660950190532411,0.0,CORREGIDO_ANCLA_OBSERVADO
2026-10-10,TAMSHIYACU,3.0,2026-10-08,2026-11-25,60,48,3.456312419651137,3.1528916926197526,3.456312419651137,1.9,3.9114435101982137,0.9923124196511376,5.920312419651136,HIBRIDO_ANALOGO_CLIM,ANALOGO_DTW_HIBRIDO_CLIMATOLOGIA,30,10,0.32398643835135,OK_ANALOGOS_CONTINUIDAD_CORREGIDA,-0.06660950190532411,0.06660950190532411,0.0,CORREGIDO_ANCLA_OBSERVADO
2026-10-10,TAMSHIYACU,3.0,2026-10-08,2026-11-26,60,49,3.4834828222814656,3.1497267893016385,3.4834828222814656,1.9,3.9670885027216234,0.9534828222814655,6.013482822281466,HIBRIDO_ANALOGO_CLIM,ANALOGO_DTW_HIBRIDO_CLIMATOLOGIA,30,10,0.32398643835135,OK_ANALOGOS_CONTINUIDAD_CORREGIDA,-0.06660950190532411,0.06660950190532411,0.0,CORREGIDO_ANCLA_OBSERVADO
2026-10-10,TAMSHIYACU,3.0,2026-10-08,2026-11-27,60,50,3.5115833642594794,3.1429846337161225,3.5115833642594794,1.9,4.027621587020178,0.9510833642594789,6.07208336425948,HIBRIDO_ANALOGO_CLIM,ANALOGO_DTW_HIBRIDO_CLIMATOLOGIA,30,10,0.32398643835135,OK_ANALOGOS_CONTINUIDAD_CORREGIDA,-0.06660950190532411,0.06660950190532411,0.0,CORREGIDO_ANCLA_OBSERVADO
2026-10-10,TAMSHIYACU,3.0,2026-10-08,2026-11-28,60,51,3.508352634822151,3.1422658994379096,3.508352634822151,1.9,4.003646453283183,0.9343526348221515,6.082352634822151,HIBRIDO_ANALOGO_CLIM,ANALOGO_DTW_HIBRIDO_CLIMATOLOGIA,30,10,0.32398643835135,OK_ANALOGOS_CONTINUIDAD_CORREGIDA,-0.06660950190532411,0.06660950190532411,0.0,CORREGIDO_ANCLA_OBSERVADO
2026-10-10,TAMSHIYACU,3.0,2026-10-08,2026-11-29,60,52,3.5470886496610405,3.142029049379237,3.5470886496610405,1.9,4.076781973106476,0.9270886496610402,6.167088649661041,HIBRIDO_ANALOGO_CLIM,ANALOGO_DTW_HIBRIDO_CLIMATOLOGIA,30,10,0.32398643835135,OK_ANALOGOS_CONTINUIDAD_CORREGIDA,-0.06660950190532411,0.06660950190532411,0.0,CORREGIDO_ANCLA_OBSERVADO
2026-10-10,TAMSHIYACU,3.0,2026-10-08,2026-11-30,60,53,3.568251765155269,3.1139433732083215,3.568251765155269,1.9,4.142566147427826,0.911751765155269,6.224751765155269,HIBRIDO_ANALOGO_CLIM,ANALOGO_DTW_HIBRIDO_CLIMATOLOGIA,30,10,0.32398643835135,OK_ANALOGOS_CONTINUIDAD_CORREGIDA,-0.06660950190532411,0.06660950190532411,0.0,CORREGIDO_ANCLA_OBSERVADO
2026-10-10,TAMSHIYACU,3.0,2026-10-08,2026-12-01,60,54,3.5643747307496443,3.102503684881457,3.5643747307496443,1.9,4.128883786810762,0.9013747307496446,6.227374730749643,HIBRIDO_ANALOGO_CLIM,ANALOGO_DTW_HIBRIDO_CLIMATOLOGIA,30,10,0.32398643835135,OK_ANALOGOS_CONTINUIDAD_CORREGIDA,-0.06660950190532411,0.06660950190532411,0.0,CORREGIDO_ANCLA_OBSERVADO
2026-10-10,TAMSHIYACU,3.0,2026-10-08,2026-12-02,60,55,3.570724538850701,3.103957262025194,3.570724538850701,1.9,4.122358593280847,0.9012245388507012,6.240224538850701,HIBRIDO_ANALOGO_CLIM,ANALOGO_DTW_HIBRIDO_CLIMATOLOGIA,30,10,0.32398643835135,OK_ANALOGOS_CONTINUIDAD_CORREGIDA,-0.06660950190532411,0.06660950190532411,0.0,CORREGIDO_ANCLA_OBSERVADO
2026-10-10,TAMSHIYACU,3.0,2026-10-08,2026-12-03,60,56,3.6070818396495925,3.1235973751424067,3.6070818396495925,1.9,4.159635513372091,0.9015818396495929,6.312581839649592,HIBRIDO_ANALOGO_CLIM,ANALOGO_DTW_HIBRIDO_CLIMATOLOGIA,30,10,0.32398643835135,OK_ANALOGOS_CONTINUIDAD_CORREGIDA,-0.06660950190532411,0.06660950190532411,0.0,CORREGIDO_ANCLA_OBSERVADO
2026-10-10,TAMSHIYACU,3.0,2026-10-08,2026-12-04,60,57,3.6470112371368133,3.158221682583933,3.6470112371368133,1.9,4.187252323747892,0.8760112371368138,6.418011237136813,HIBRIDO_ANALOGO_CLIM,ANALOGO_DTW_HIBRIDO_CLIMATOLOGIA,30,10,0.32398643835135,OK_ANALOGOS_CONTINUIDAD_CORREGIDA,-0.06660950190532411,0.06660950190532411,0.0,CORREGIDO_ANCLA_OBSERVADO
2026-10-10,TAMSHIYACU,3.0,2026-10-08,2026-12-05,60,58,3.6720736357081076,3.171541711753845,3.6720736357081076,1.9,4.207125002693699,0.864573635708108,6.479573635708108,HIBRIDO_ANALOGO_CLIM,ANALOGO_DTW_HIBRIDO_CLIMATOLOGIA,30,10,0.32398643835135,OK_ANALOGOS_CONTINUIDAD_CORREGIDA,-0.06660950190532411,0.06660950190532411,0.0,CORREGIDO_ANCLA_OBSERVADO
2026-10-10,TAMSHIYACU,3.0,2026-10-08,2026-12-06,60,59,3.725754500940875,3.1916447329970876,3.725754500940875,1.9,4.277969684747163,0.8657545009408747,6.585754500940875,HIBRIDO_ANALOGO_CLIM,ANALOGO_DTW_HIBRIDO_CLIMATOLOGIA,30,10,0.32398643835135,OK_ANALOGOS_CONTINUIDAD_CORREGIDA,-0.06660950190532411,0.06660950190532411,0.0,CORREGIDO_ANCLA_OBSERVADO
2026-10-10,TAMSHIYACU,3.0,2026-10-08,2026-12-07,60,60,3.7645553223343224,3.1949101476080615,3.7645553223343224,1.9,4.334200497060584,0.9155553223343221,6.613555322334323,HIBRIDO_ANALOGO_CLIM,ANALOGO_DTW_HIBRIDO_CLIMATOLOGIA,30,10,0.32398643835135,OK_ANALOGOS_CONTINUIDAD_CORREGIDA,-0.06660950190532411,0.06660950190532411,0.0,CORREGIDO_ANCLA_OBSERVADO
2026-10-10,TAMSHIYACU,3.0,2026-10-08,2026-10-09,90,1,1.9,1.9512375865916616,1.9,1.9,1.7462872402250142,1.742,2.058,HIBRIDO_ANALOGO_CLIM,ANALOGO_DTW_HIBRIDO_CLIMATOLOGIA,30,10,0.28055710137432843,OK_ANALOGOS_CONTINUIDAD_CORREGIDA,-0.0796781069800554,0.0796781069800554,0.0,CORREGIDO_ANCLA_OBSERVADO
2026-10-10,TAMSHIYACU,3.0,2026-10-08,2026-10-10,90,2,1.9328300735581443,1.9578774953783058,1.9328300735581443,1.9,1.8576878080976604,1.6843300735581441,2.1813300735581445,HIBRIDO_ANALOGO_CLIM,ANALOGO_DTW_HIBRIDO_CLIMATOLOGIA,30,10,0.28055710137432843,OK_ANALOGOS_CONTINUIDAD_CORREGIDA,-0.0796781069800554,0.0796781069800554,0.0,CORREGIDO_ANCLA_OBSERVADO
2026-10-10,TAMSHIYACU,3.0,2026-10-08,2026-10-11,90,3,1.9922873914710673,2.02932321236027,1.9922873914710673,1.9,1.881179928803459,1.5757873914710674,2.4087873914710674,HIBRIDO_ANALOGO_CLIM,ANALOGO_DTW_HIBRIDO_CLIMATOLOGIA,30,10,0.28055710137432843,OK_ANALOGOS_CONTINUIDAD_CORREGIDA,-0.0796781069800554,0.0796781069800554,0.0,CORREGIDO_ANCLA_OBSERVADO
2026-10-10,TAMSHIYACU,3.0,2026-10-08,2026-10-12,90,4,2.029330459655824,2.079518565970889,2.029330459655824,1.9,1.8787661407106298,1.512830459655824,2.5458304596558237,HIBRIDO_ANALOGO_CLIM,ANALOGO_DTW_HIBRIDO_CLIMATOLOGIA,30,10,0.28055710137432843,OK_ANALOGOS_CONTINUIDAD_CORREGIDA,-0.0796781069800554,0.0796781069800554,0.0,CORREGIDO_ANCLA_OBSERVADO
2026-10-10,TAMSHIYACU,3.0,2026-10-08,2026-10-13,90,5,2.1502236869084217,2.2013536334100996,2.1502236869084217,1.9,1.996833847403388,1.5282236869084218,2.7722236869084216,HIBRIDO_ANALOGO_CLIM,ANALOGO_DTW_HIBRIDO_CLIMATOLOGIA,30,10,0.28055710137432843,OK_ANALOGOS_CONTINUIDAD_CORREGIDA,-0.0796781069800554,0.0796781069800554,0.0,CORREGIDO_ANCLA_OBSERVADO
2026-10-10,TAMSHIYACU,3.0,2026-10-08,2026-10-14,90,6,2.2797106674450687,2.352211185730522,2.2797106674450687,1.9,2.062209112588709,1.4797106674450684,3.079710667445069,HIBRIDO_ANALOGO_CLIM,ANALOGO_DTW_HIBRIDO_CLIMATOLOGIA,30,10,0.28055710137432843,OK_ANALOGOS_CONTINUIDAD_CORREGIDA,-0.0796781069800554,0.0796781069800554,0.0,CORREGIDO_ANCLA_OBSERVADO
2026-10-10,TAMSHIYACU,3.0,2026-10-08,2026-10-15,90,7,2.402840755340753,2.5137937049090535,2.402840755340753,1.9,2.0699819066358516,1.7283407553407526,3.077340755340753,HIBRIDO_ANALOGO_CLIM,ANALOGO_DTW_HIBRIDO_CLIMATOLOGIA,30,10,0.28055710137432843,OK_ANALOGOS_CONTINUIDAD_CORREGIDA,-0.0796781069800554,0.0796781069800554,0.0,CORREGIDO_ANCLA_OBSERVADO
2026-10-10,TAMSHIYACU,3.0,2026-10-08,2026-10-16,90,8,2.583983492802423,2.7387799986686154,2.583983492802423,1.9,2.1195939752038453,2.093483492802423,3.0744834928024227,HIBRIDO_ANALOGO_CLIM,ANALOGO_DTW_HIBRIDO_CLIMATOLOGIA,30,10,0.28055710137432843,OK_ANALOGOS_CONTINUIDAD_CORREGIDA,-0.0796781069800554,0.0796781069800554,0.0,CORREGIDO_ANCLA_OBSERVADO
2026-10-10,TAMSHIYACU,3.0,2026-10-08,2026-10-17,90,9,2.4480117386017146,2.5652975735997896,2.4480117386017146,1.9,2.09615423360749,1.609511738601715,3.2865117386017144,HIBRIDO_ANALOGO_CLIM,ANALOGO_DTW_HIBRIDO_CLIMATOLOGIA,30,10,0.28055710137432843,OK_ANALOGOS_CONTINUIDAD_CORREGIDA,-0.0796781069800554,0.0796781069800554,0.0,CORREGIDO_ANCLA_OBSERVADO
2026-10-10,TAMSHIYACU,3.0,2026-10-08,2026-10-18,90,10,2.579902139802988,2.712358186871461,2.579902139802988,1.9,2.1825339985975694,1.7679021398029884,3.391902139802988,HIBRIDO_ANALOGO_CLIM,ANALOGO_DTW_HIBRIDO_CLIMATOLOGIA,30,10,0.28055710137432843,OK_ANALOGOS_CONTINUIDAD_CORREGIDA,-0.0796781069800554,0.0796781069800554,0.0,CORREGIDO_ANCLA_OBSERVADO
2026-10-10,TAMSHIYACU,3.0,2026-10-08,2026-10-19,90,11,2.6593946813897844,2.8661804154724226,2.6593946813897844,1.9,2.039037479141869,1.9093946813897853,3.409394681389784,HIBRIDO_ANALOGO_CLIM,ANALOGO_DTW_HIBRIDO_CLIMATOLOGIA,30,10,0.28055710137432843,OK_ANALOGOS_CONTINUIDAD_CORREGIDA,-0.0796781069800554,0.0796781069800554,0.0,CORREGIDO_ANCLA_OBSERVADO
2026-10-10,TAMSHIYACU,3.0,2026-10-08,2026-10-20,90,12,2.782282039236727,3.0162047877400893,2.782282039236727,1.9,2.08051379372664,2.056282039236727,3.5082820392367267,HIBRIDO_ANALOGO_CLIM,ANALOGO_DTW_HIBRIDO_CLIMATOLOGIA,30,10,0.28055710137432843,OK_ANALOGOS_CONTINUIDAD_CORREGIDA,-0.0796781069800554,0.0796781069800554,0.0,CORREGIDO_ANCLA_OBSERVADO
2026-10-10,TAMSHIYACU,3.0,2026-10-08,2026-10-21,90,13,2.884333706388931,3.149569790444769,2.884333706388931,1.9,2.0886254542214195,2.0563337063889313,3.712333706388931,HIBRIDO_ANALOGO_CLIM,ANALOGO_DTW_HIBRIDO_CLIMATOLOGIA,30,10,0.28055710137432843,OK_ANALOGOS_CONTINUIDAD_CORREGIDA,-0.0796781069800554,0.0796781069800554,0.0,CORREGIDO_ANCLA_OBSERVADO
2026-10-10,TAMSHIYACU,3.0,2026-10-08,2026-10-22,90,14,2.9568583722798474,3.2578448341140027,2.9568583722798474,1.9,2.053898986777381,1.9713583722798478,3.9423583722798474,HIBRIDO_ANALOGO_CLIM,ANALOGO_DTW_HIBRIDO_CLIMATOLOGIA,30,10,0.28055710137432843,OK_ANALOGOS_CONTINUIDAD_CORREGIDA,-0.0796781069800554,0.0796781069800554,0.0,CORREGIDO_ANCLA_OBSERVADO
2026-10-10,TAMSHIYACU,3.0,2026-10-08,2026-10-23,90,15,3.0410248908919346,3.359074690181311,3.0410248908919346,1.9,2.086875493023806,1.9605248908919348,4.121524890891934,HIBRIDO_ANALOGO_CLIM,ANALOGO_DTW_HIBRIDO_CLIMATOLOGIA,30,10,0.28055710137432843,OK_ANALOGOS_CONTINUIDAD_CORREGIDA,-0.0796781069800554,0.0796781069800554,0.0,CORREGIDO_ANCLA_OBSERVADO
2026-10-10,TAMSHIYACU,3.0,2026-10-08,2026-10-24,90,16,3.108754848713476,3.4430902969355572,3.108754848713476,1.9,2.105748504047234,2.0107548487134768,4.206754848713476,HIBRIDO_ANALOGO_CLIM,ANALOGO_DTW_HIBRIDO_CLIMATOLOGIA,30,10,0.28055710137432843,OK_ANALOGOS_CONTINUIDAD_CORREGIDA,-0.0796781069800554,0.0796781069800554,0.0,CORREGIDO_ANCLA_OBSERVADO
2026-10-10,TAMSHIYACU,3.0,2026-10-08,2026-10-25,90,17,3.1855127378807926,3.522029478488388,3.1855127378807926,1.9,2.1759625160580067,2.017512737880793,4.353512737880792,HIBRIDO_ANALOGO_CLIM,ANALOGO_DTW_HIBRIDO_CLIMATOLOGIA,30,10,0.28055710137432843,OK_ANALOGOS_CONTINUIDAD_CORREGIDA,-0.0796781069800554,0.0796781069800554,0.0,CORREGIDO_ANCLA_OBSERVADO
2026-10-10,TAMSHIYACU,3.0,2026-10-08,2026-10-26,90,18,3.2870408013325676,3.6240371374026505,3.2870408013325676,1.9,2.2760517931223174,2.0860408013325675,4.488040801332567,HIBRIDO_ANALOGO_CLIM,ANALOGO_DTW_HIBRIDO_CLIMATOLOGIA,30,10,0.28055710137432843,OK_ANALOGOS_CONTINUIDAD_CORREGIDA,-0.0796781069800554,0.0796781069800554,0.0,CORREGIDO_ANCLA_OBSERVADO
2026-10-10,TAMSHIYACU,3.0,2026-10-08,2026-10-27,90,19,3.337068551357981,3.670576784124659,3.337068551357981,1.9,2.336543853057948,2.0485685513579814,4.62556855135798,HIBRIDO_ANALOGO_CLIM,ANALOGO_DTW_HIBRIDO_CLIMATOLOGIA,30,10,0.28055710137432843,OK_ANALOGOS_CONTINUIDAD_CORREGIDA,-0.0796781069800554,0.0796781069800554,0.0,CORREGIDO_ANCLA_OBSERVADO
2026-10-10,TAMSHIYACU,3.0,2026-10-08,2026-10-28,90,20,3.4096184653788044,3.75139229330269,3.4096184653788044,1.9,2.384296981607147,1.983118465378805,4.836118465378804,HIBRIDO_ANALOGO_CLIM,ANALOGO_DTW_HIBRIDO_CLIMATOLOGIA,30,10,0.28055710137432843,OK_ANALOGOS_CONTINUIDAD_CORREGIDA,-0.0796781069800554,0.0796781069800554,0.0,CORREGIDO_ANCLA_OBSERVADO
2026-10-10,TAMSHIYACU,3.0,2026-10-08,2026-10-29,90,21,3.468189879488955,3.7997838432266198,3.468189879488955,1.9,2.4734079882759605,1.9511898794889553,4.985189879488955,HIBRIDO_ANALOGO_CLIM,ANALOGO_DTW_HIBRIDO_CLIMATOLOGIA,30,10,0.28055710137432843,OK_ANALOGOS_CONTINUIDAD_CORREGIDA,-0.0796781069800554,0.0796781069800554,0.0,CORREGIDO_ANCLA_OBSERVADO
2026-10-10,TAMSHIYACU,3.0,2026-10-08,2026-10-30,90,22,3.4688814825139116,3.8033141113457116,3.4688814825139116,1.9,2.465583596018511,1.8653814825139117,5.072381482513911,HIBRIDO_ANALOGO_CLIM,ANALOGO_DTW_HIBRIDO_CLIMATOLOGIA,30,10,0.28055710137432843,OK_ANALOGOS_CONTINUIDAD_CORREGIDA,-0.0796781069800554,0.0796781069800554,0.0,CORREGIDO_ANCLA_OBSERVADO
2026-10-10,TAMSHIYACU,3.0,2026-10-08,2026-10-31,90,23,3.410896427807155,3.7139699849547907,3.410896427807155,1.9,2.501675756364248,1.7593964278071552,5.062396427807156,HIBRIDO_ANALOGO_CLIM,ANALOGO_DTW_HIBRIDO_CLIMATOLOGIA,30,10,0.28055710137432843,OK_ANALOGOS_CONTINUIDAD_CORREGIDA,-0.0796781069800554,0.0796781069800554,0.0,CORREGIDO_ANCLA_OBSERVADO
2026-10-10,TAMSHIYACU,3.0,2026-10-08,2026-11-01,90,24,3.3628111541024244,3.6364569978673913,3.3628111541024244,1.9,2.541873622807524,1.6778111541024243,5.0478111541024235,HIBRIDO_ANALOGO_CLIM,ANALOGO_DTW_HIBRIDO_CLIMATOLOGIA,30,10,0.28055710137432843,OK_ANALOGOS_CONTINUIDAD_CORREGIDA,-0.0796781069800554,0.0796781069800554,0.0,CORREGIDO_ANCLA_OBSERVADO
2026-10-10,TAMSHIYACU,3.0,2026-10-08,2026-11-02,90,25,3.349574870039125,3.5970775869280414,3.349574870039125,1.9,2.6070667193723756,1.6070748700391249,5.0920748700391245,HIBRIDO_ANALOGO_CLIM,ANALOGO_DTW_HIBRIDO_CLIMATOLOGIA,30,10,0.28055710137432843,OK_ANALOGOS_CONTINUIDAD_CORREGIDA,-0.0796781069800554,0.0796781069800554,0.0,CORREGIDO_ANCLA_OBSERVADO
2026-10-10,TAMSHIYACU,3.0,2026-10-08,2026-11-03,90,26,3.3389595396381164,3.559318997037091,3.3389595396381164,1.9,2.677881167441194,1.5854595396381168,5.092459539638116,HIBRIDO_ANALOGO_CLIM,ANALOGO_DTW_HIBRIDO_CLIMATOLOGIA,30,10,0.28055710137432843,OK_ANALOGOS_CONTINUIDAD_CORREGIDA,-0.0796781069800554,0.0796781069800554,0.0,CORREGIDO_ANCLA_OBSERVADO
2026-10-10,TAMSHIYACU,3.0,2026-10-08,2026-11-04,90,27,3.3307585858944853,3.5287335066396346,3.3307585858944853,1.9,2.736833823659037,1.480758585894485,5.180758585894485,HIBRIDO_ANALOGO_CLIM,ANALOGO_DTW_HIBRIDO_CLIMATOLOGIA,30,10,0.28055710137432843,OK_ANALOGOS_CONTINUIDAD_CORREGIDA,-0.0796781069800554,0.0796781069800554,0.0,CORREGIDO_ANCLA_OBSERVADO
2026-10-10,TAMSHIYACU,3.0,2026-10-08,2026-11-05,90,28,3.3390579014186224,3.5164401537232903,3.3390579014186224,1.9,2.806911144504618,1.371057901418622,5.307057901418623,HIBRIDO_ANALOGO_CLIM,ANALOGO_DTW_HIBRIDO_CLIMATOLOGIA,30,10,0.28055710137432843,OK_ANALOGOS_CONTINUIDAD_CORREGIDA,-0.0796781069800554,0.0796781069800554,0.0,CORREGIDO_ANCLA_OBSERVADO
2026-10-10,TAMSHIYACU,3.0,2026-10-08,2026-11-06,90,29,3.3589322004920907,3.5337658434627714,3.3589322004920907,1.9,2.8344312715800486,1.3074322004920904,5.4104322004920915,HIBRIDO_ANALOGO_CLIM,ANALOGO_DTW_HIBRIDO_CLIMATOLOGIA,30,10,0.28055710137432843,OK_ANALOGOS_CONTINUIDAD_CORREGIDA,-0.0796781069800554,0.0796781069800554,0.0,CORREGIDO_ANCLA_OBSERVADO
2026-10-10,TAMSHIYACU,3.0,2026-10-08,2026-11-07,90,30,3.3756873279795507,3.5564157787809028,3.3756873279795507,1.9,2.833501975575495,1.2641873279795508,5.487187327979551,HIBRIDO_ANALOGO_CLIM,ANALOGO_DTW_HIBRIDO_CLIMATOLOGIA,30,10,0.28055710137432843,OK_ANALOGOS_CONTINUIDAD_CORREGIDA,-0.0796781069800554,0.0796781069800554,0.0,CORREGIDO_ANCLA_OBSERVADO
2026-10-10,TAMSHIYACU,3.0,2026-10-08,2026-11-08,90,31,3.532799618909374,3.7515889897525083,3.532799618909374,1.9,2.904662392940376,1.3787996189093743,5.686799618909374,HIBRIDO_ANALOGO_CLIM,ANALOGO_DTW_HIBRIDO_CLIMATOLOGIA,30,10,0.28055710137432843,OK_ANALOGOS_CONTINUIDAD_CORREGIDA,-0.0796781069800554,0.0796781069800554,0.0,CORREGIDO_ANCLA_OBSERVADO
2026-10-10,TAMSHIYACU,3.0,2026-10-08,2026-11-09,90,32,3.594482726211579,3.8038714359816863,3.594482726211579,1.9,3.018663774343785,1.3974827262115788,5.791482726211579,HIBRIDO_ANALOGO_CLIM,ANALOGO_DTW_HIBRIDO_CLIMATOLOGIA,30,10,0.28055710137432843,OK_ANALOGOS_CONTINUIDAD_CORREGIDA,-0.0796781069800554,0.0796781069800554,0.0,CORREGIDO_ANCLA_OBSERVADO
2026-10-10,TAMSHIYACU,3.0,2026-10-08,2026-11-10,90,33,3.6782485148674002,3.903185074611641,3.6782485148674002,1.9,3.085233948268947,1.5887485148673997,5.7677485148674,HIBRIDO_ANALOGO_CLIM,ANALOGO_DTW_HIBRIDO_CLIMATOLOGIA,30,10,0.28055710137432843,OK_ANALOGOS_CONTINUIDAD_CORREGIDA,-0.0796781069800554,0.0796781069800554,0.0,CORREGIDO_ANCLA_OBSERVADO
2026-10-10,TAMSHIYACU,3.0,2026-10-08,2026-11-11,90,34,3.762048074904771,3.9616991533680066,3.762048074904771,1.9,3.2570482882036456,1.755048074904771,5.769048074904771,HIBRIDO_ANALOGO_CLIM,ANALOGO_DTW_HIBRIDO_CLIMATOLOGIA,30,10,0.28055710137432843,OK_ANALOGOS_CONTINUIDAD_CORREGIDA,-0.0796781069800554,0.0796781069800554,0.0,CORREGIDO_ANCLA_OBSERVADO
2026-10-10,TAMSHIYACU,3.0,2026-10-08,2026-11-12,90,35,3.822160553254682,4.0247118177705214,3.822160553254682,1.9,3.330250339430501,1.8691605532546818,5.775160553254682,HIBRIDO_ANALOGO_CLIM,ANALOGO_DTW_HIBRIDO_CLIMATOLOGIA,30,10,0.28055710137432843,OK_ANALOGOS_CONTINUIDAD_CORREGIDA,-0.0796781069800554,0.0796781069800554,0.0,CORREGIDO_ANCLA_OBSERVADO
2026-10-10,TAMSHIYACU,3.0,2026-10-08,2026-11-13,90,36,3.85700271098233,4.08516041957344,3.85700271098233,1.9,3.3246347242697394,1.9595027109823295,5.75450271098233,HIBRIDO_ANALOGO_CLIM,ANALOGO_DTW_HIBRIDO_CLIMATOLOGIA,30,10,0.28055710137432843,OK_ANALOGOS_CONTINUIDAD_CORREGIDA,-0.0796781069800554,0.0796781069800554,0.0,CORREGIDO_ANCLA_OBSERVADO
2026-10-10,TAMSHIYACU,3.0,2026-10-08,2026-11-14,90,37,3.886204706580919,4.1389560437054085,3.886204706580919,1.9,3.3192219773557126,2.015704706580919,5.756704706580918,HIBRIDO_ANALOGO_CLIM,ANALOGO_DTW_HIBRIDO_CLIMATOLOGIA,30,10,0.28055710137432843,OK_ANALOGOS_CONTINUIDAD_CORREGIDA,-0.0796781069800554,0.0796781069800554,0.0,CORREGIDO_ANCLA_OBSERVADO
2026-10-10,TAMSHIYACU,3.0,2026-10-08,2026-11-15,90,38,3.917119080641109,4.1762817607288,3.917119080641109,1.9,3.357873297293986,2.018119080641109,5.816119080641109,HIBRIDO_ANALOGO_CLIM,ANALOGO_DTW_HIBRIDO_CLIMATOLOGIA,30,10,0.28055710137432843,OK_ANALOGOS_CONTINUIDAD_CORREGIDA,-0.0796781069800554,0.0796781069800554,0.0,CORREGIDO_ANCLA_OBSERVADO
2026-10-10,TAMSHIYACU,3.0,2026-10-08,2026-11-16,90,39,3.882479089831266,4.11576388288086,3.882479089831266,1.9,3.3979645196513393,1.9959790898312666,5.768979089831266,HIBRIDO_ANALOGO_CLIM,ANALOGO_DTW_HIBRIDO_CLIMATOLOGIA,30,10,0.28055710137432843,OK_ANALOGOS_CONTINUIDAD_CORREGIDA,-0.0796781069800554,0.0796781069800554,0.0,CORREGIDO_ANCLA_OBSERVADO
2026-10-10,TAMSHIYACU,3.0,2026-10-08,2026-11-17,90,40,3.912246201796515,4.149901698951756,3.912246201796515,1.9,3.436935207486033,2.0012462017965156,5.823246201796516,HIBRIDO_ANALOGO_CLIM,ANALOGO_DTW_HIBRIDO_CLIMATOLOGIA,30,10,0.28055710137432843,OK_ANALOGOS_CONTINUIDAD_CORREGIDA,-0.0796781069800554,0.0796781069800554,0.0,CORREGIDO_ANCLA_OBSERVADO
2026-10-10,TAMSHIYACU,3.0,2026-10-08,2026-11-18,90,41,3.959782398518243,4.21132365321446,3.959782398518243,1.9,3.47510534678651,2.0002823985182427,5.919282398518243,HIBRIDO_ANALOGO_CLIM,ANALOGO_DTW_HIBRIDO_CLIMATOLOGIA,30,10,0.28055710137432843,OK_ANALOGOS_CONTINUIDAD_CORREGIDA,-0.0796781069800554,0.0796781069800554,0.0,CORREGIDO_ANCLA_OBSERVADO
2026-10-10,TAMSHIYACU,3.0,2026-10-08,2026-11-19,90,42,3.99656106442215,4.253735069358471,3.99656106442215,1.9,3.5189521981118412,1.9965610644221499,5.99656106442215,HIBRIDO_ANALOGO_CLIM,ANALOGO_DTW_HIBRIDO_CLIMATOLOGIA,30,10,0.28055710137432843,OK_ANALOGOS_CONTINUIDAD_CORREGIDA,-0.0796781069800554,0.0796781069800554,0.0,CORREGIDO_ANCLA_OBSERVADO
2026-10-10,TAMSHIYACU,3.0,2026-10-08,2026-11-20,90,43,4.039029185683661,4.255929952068167,4.039029185683661,1.9,3.650625487739312,2.0155291856836604,6.062529185683661,HIBRIDO_ANALOGO_CLIM,ANALOGO_DTW_HIBRIDO_CLIMATOLOGIA,30,10,0.28055710137432843,OK_ANALOGOS_CONTINUIDAD_CORREGIDA,-0.0796781069800554,0.0796781069800554,0.0,CORREGIDO_ANCLA_OBSERVADO
2026-10-10,TAMSHIYACU,3.0,2026-10-08,2026-11-21,90,44,3.778605360447124,3.814318321561987,3.778605360447124,1.9,3.71691933670327,1.890105360447124,5.667105360447124,HIBRIDO_ANALOGO_CLIM,ANALOGO_DTW_HIBRIDO_CLIMATOLOGIA,30,10,0.28055710137432843,OK_ANALOGOS_CONTINUIDAD_CORREGIDA,-0.0796781069800554,0.0796781069800554,0.0,CORREGIDO_ANCLA_OBSERVADO
2026-10-10,TAMSHIYACU,3.0,2026-10-08,2026-11-22,90,45,3.7839925648287718,3.7918447377846056,3.7839925648287718,1.9,3.7709056099023823,1.8284925648287715,5.7394925648287725,HIBRIDO_ANALOGO_CLIM,ANALOGO_DTW_HIBRIDO_CLIMATOLOGIA,30,10,0.28055710137432843,OK_ANALOGOS_CONTINUIDAD_CORREGIDA,-0.0796781069800554,0.0796781069800554,0.0,CORREGIDO_ANCLA_OBSERVADO
2026-10-10,TAMSHIYACU,3.0,2026-10-08,2026-11-23,90,46,3.786209636872729,3.761341570929794,3.786209636872729,1.9,3.8262147864331033,1.7537096368727285,5.81870963687273,HIBRIDO_ANALOGO_CLIM,ANALOGO_DTW_HIBRIDO_CLIMATOLOGIA,30,10,0.28055710137432843,OK_ANALOGOS_CONTINUIDAD_CORREGIDA,-0.0796781069800554,0.0796781069800554,0.0,CORREGIDO_ANCLA_OBSERVADO
2026-10-10,TAMSHIYACU,3.0,2026-10-08,2026-11-24,90,47,3.7814923067827033,3.7199959578629422,3.7814923067827033,1.9,3.8770079125516945,1.6414923067827034,5.921492306782703,HIBRIDO_ANALOGO_CLIM,ANALOGO_DTW_HIBRIDO_CLIMATOLOGIA,30,10,0.28055710137432843,OK_ANALOGOS_CONTINUIDAD_CORREGIDA,-0.0796781069800554,0.0796781069800554,0.0,CORREGIDO_ANCLA_OBSERVADO
2026-10-10,TAMSHIYACU,3.0,2026-10-08,2026-11-25,90,48,3.7858987350889977,3.693489814966366,3.7858987350889977,1.9,3.924512115272945,1.5658987350889975,6.005898735088999,HIBRIDO_ANALOGO_CLIM,ANALOGO_DTW_HIBRIDO_CLIMATOLOGIA,30,10,0.28055710137432843,OK_ANALOGOS_CONTINUIDAD_CORREGIDA,-0.0796781069800554,0.0796781069800554,0.0,CORREGIDO_ANCLA_OBSERVADO
2026-10-10,TAMSHIYACU,3.0,2026-10-08,2026-11-26,90,49,3.802930012715346,3.680618355546763,3.802930012715346,1.9,3.9801571077963547,1.5124300127153465,6.093430012715346,HIBRIDO_ANALOGO_CLIM,ANALOGO_DTW_HIBRIDO_CLIMATOLOGIA,30,10,0.28055710137432843,OK_ANALOGOS_CONTINUIDAD_CORREGIDA,-0.0796781069800554,0.0796781069800554,0.0,CORREGIDO_ANCLA_OBSERVADO
2026-10-10,TAMSHIYACU,3.0,2026-10-08,2026-11-27,90,50,3.8270650779749076,3.674475710746335,3.8270650779749076,1.9,4.04069019209491,1.4765650779749078,6.177565077974908,HIBRIDO_ANALOGO_CLIM,ANALOGO_DTW_HIBRIDO_CLIMATOLOGIA,30,10,0.28055710137432843,OK_ANALOGOS_CONTINUIDAD_CORREGIDA,-0.0796781069800554,0.0796781069800554,0.0,CORREGIDO_ANCLA_OBSERVADO
2026-10-10,TAMSHIYACU,3.0,2026-10-08,2026-11-28,90,51,3.8197394371290256,3.6741487605685417,3.8197394371290256,1.9,4.016715058357915,1.4442394371290261,6.195239437129025,HIBRIDO_ANALOGO_CLIM,ANALOGO_DTW_HIBRIDO_CLIMATOLOGIA,30,10,0.28055710137432843,OK_ANALOGOS_CONTINUIDAD_CORREGIDA,-0.0796781069800554,0.0796781069800554,0.0,CORREGIDO_ANCLA_OBSERVADO
2026-10-10,TAMSHIYACU,3.0,2026-10-08,2026-11-29,90,52,3.857992196769037,3.6806887286303187,3.857992196769037,1.9,4.089850578181207,1.4469921967690371,6.2689921967690365,HIBRIDO_ANALOGO_CLIM,ANALOGO_DTW_HIBRIDO_CLIMATOLOGIA,30,10,0.28055710137432843,OK_ANALOGOS_CONTINUIDAD_CORREGIDA,-0.0796781069800554,0.0796781069800554,0.0,CORREGIDO_ANCLA_OBSERVADO
2026-10-10,TAMSHIYACU,3.0,2026-10-08,2026-11-30,90,53,3.8990205016487667,3.696027139033082,3.8990205016487667,1.9,4.155634752502557,1.4780205016487664,6.320020501648767,HIBRIDO_ANALOGO_CLIM,ANALOGO_DTW_HIBRIDO_CLIMATOLOGIA,30,10,0.28055710137432843,OK_ANALOGOS_CONTINUIDAD_CORREGIDA,-0.0796781069800554,0.0796781069800554,0.0,CORREGIDO_ANCLA_OBSERVADO
2026-10-10,TAMSHIYACU,3.0,2026-10-08,2026-12-01,90,54,3.9145992908287663,3.728583117236899,3.9145992908287663,1.9,4.141952391885494,1.5140992908287667,6.3150992908287655,HIBRIDO_ANALOGO_CLIM,ANALOGO_DTW_HIBRIDO_CLIMATOLOGIA,30,10,0.28055710137432843,OK_ANALOGOS_CONTINUIDAD_CORREGIDA,-0.0796781069800554,0.0796781069800554,0.0,CORREGIDO_ANCLA_OBSERVADO
2026-10-10,TAMSHIYACU,3.0,2026-10-08,2026-12-02,90,55,3.9353071880700488,3.765974871674601,3.9353071880700488,1.9,4.135427198355578,1.585307188070049,6.285307188070049,HIBRIDO_ANALOGO_CLIM,ANALOGO_DTW_HIBRIDO_CLIMATOLOGIA,30,10,0.28055710137432843,OK_ANALOGOS_CONTINUIDAD_CORREGIDA,-0.0796781069800554,0.0796781069800554,0.0,CORREGIDO_ANCLA_OBSERVADO
2026-10-10,TAMSHIYACU,3.0,2026-10-08,2026-12-03,90,56,3.977850677642513,3.807353916938742,3.977850677642513,1.9,4.1727041184468225,1.6658506776425126,6.289850677642513,HIBRIDO_ANALOGO_CLIM,ANALOGO_DTW_HIBRIDO_CLIMATOLOGIA,30,10,0.28055710137432843,OK_ANALOGOS_CONTINUIDAD_CORREGIDA,-0.0796781069800554,0.0796781069800554,0.0,CORREGIDO_ANCLA_OBSERVADO
2026-10-10,TAMSHIYACU,3.0,2026-10-08,2026-12-04,90,57,4.019735384720443,3.856348463866089,4.019735384720443,1.9,4.200320928822623,1.7732353847204432,6.266235384720443,HIBRIDO_ANALOGO_CLIM,ANALOGO_DTW_HIBRIDO_CLIMATOLOGIA,30,10,0.28055710137432843,OK_ANALOGOS_CONTINUIDAD_CORREGIDA,-0.0796781069800554,0.0796781069800554,0.0,CORREGIDO_ANCLA_OBSERVADO
2026-10-10,TAMSHIYACU,3.0,2026-10-08,2026-12-05,90,58,4.04574393672681,3.8825490831717455,4.04574393672681,1.9,4.22019360776843,1.8232439367268098,6.268243936726809,HIBRIDO_ANALOGO_CLIM,ANALOGO_DTW_HIBRIDO_CLIMATOLOGIA,30,10,0.28055710137432843,OK_ANALOGOS_CONTINUIDAD_CORREGIDA,-0.0796781069800554,0.0796781069800554,0.0,CORREGIDO_ANCLA_OBSERVADO
2026-10-10,TAMSHIYACU,3.0,2026-10-08,2026-12-06,90,59,4.096714383604531,3.908761753000851,4.096714383604531,1.9,4.291038289821894,1.8922143836045304,6.301214383604531,HIBRIDO_ANALOGO_CLIM,ANALOGO_DTW_HIBRIDO_CLIMATOLOGIA,30,10,0.28055710137432843,OK_ANALOGOS_CONTINUIDAD_CORREGIDA,-0.0796781069800554,0.0796781069800554,0.0,CORREGIDO_ANCLA_OBSERVADO
2026-10-10,TAMSHIYACU,3.0,2026-10-08,2026-12-07,90,60,4.14723867790929,3.947208253683265,4.14723867790929,1.9,4.347269102135315,2.042738677909291,6.25173867790929,HIBRIDO_ANALOGO_CLIM,ANALOGO_DTW_HIBRIDO_CLIMATOLOGIA,30,10,0.28055710137432843,OK_ANALOGOS_CONTINUIDAD_CORREGIDA,-0.0796781069800554,0.0796781069800554,0.0,CORREGIDO_ANCLA_OBSERVADO
2026-10-10,TAMSHIYACU,3.0,2026-10-08,2026-12-08,90,61,4.204348641558691,3.9998582790141004,4.204348641558691,1.9,4.4021344020526385,2.2313486415586907,6.177348641558691,HIBRIDO_ANALOGO_CLIM,ANALOGO_DTW_HIBRIDO_CLIMATOLOGIA,30,10,0.28055710137432843,OK_ANALOGOS_CONTINUIDAD_CORREGIDA,-0.0796781069800554,0.0796781069800554,0.0,CORREGIDO_ANCLA_OBSERVADO
2026-10-10,TAMSHIYACU,3.0,2026-10-08,2026-12-09,90,62,4.266833903569199,4.078739578191561,4.266833903569199,1.9,4.4427931111805385,2.3773339035691996,6.156333903569199,HIBRIDO_ANALOGO_CLIM,ANALOGO_DTW_HIBRIDO_CLIMATOLOGIA,30,10,0.28055710137432843,OK_ANALOGOS_CONTINUIDAD_CORREGIDA,-0.0796781069800554,0.0796781069800554,0.0,CORREGIDO_ANCLA_OBSERVADO
2026-10-10,TAMSHIYACU,3.0,2026-10-08,2026-12-10,90,63,4.20649501530988,3.899630101211674,4.20649501530988,1.9,4.484134699493971,1.2884950153098802,7.12449501530988,HIBRIDO_ANALOGO_CLIM,ANALOGO_DTW_HIBRIDO_CLIMATOLOGIA,30,10,0.28055710137432843,OK_ANALOGOS_CONTINUIDAD_CORREGIDA,-0.0796781069800554,0.0796781069800554,0.0,CORREGIDO_ANCLA_OBSERVADO
2026-10-10,TAMSHIYACU,3.0,2026-10-08,2026-12-11,90,64,4.273410944455562,3.9831867584140994,4.273410944455562,1.9,4.527357107241842,1.3814109444555627,7.165410944455561,HIBRIDO_ANALOGO_CLIM,ANALOGO_DTW_HIBRIDO_CLIMATOLOGIA,30,10,0.28055710137432843,OK_ANALOGOS_CONTINUIDAD_CORREGIDA,-0.0796781069800554,0.0796781069800554,0.0,CORREGIDO_ANCLA_OBSERVADO
2026-10-10,TAMSHIYACU,3.0,2026-10-08,2026-12-12,90,65,4.368402645171039,4.05558854976312,4.368402645171039,1.9,4.633091495131585,1.5204026451710393,7.216402645171039,HIBRIDO_ANALOGO_CLIM,ANALOGO_DTW_HIBRIDO_CLIMATOLOGIA,30,10,0.28055710137432843,OK_ANALOGOS_CONTINUIDAD_CORREGIDA,-0.0796781069800554,0.0796781069800554,0.0,CORREGIDO_ANCLA_OBSERVADO
2026-10-10,TAMSHIYACU,3.0,2026-10-08,2026-12-13,90,66,4.597319965630764,4.567906833401953,4.597319965630764,1.9,4.621385255636155,1.7608199656307648,7.433819965630764,HIBRIDO_ANALOGO_CLIM,ANALOGO_DTW_HIBRIDO_CLIMATOLOGIA,30,10,0.28055710137432843,OK_ANALOGOS_CONTINUIDAD_CORREGIDA,-0.0796781069800554,0.0796781069800554,0.0,CORREGIDO_ANCLA_OBSERVADO
2026-10-10,TAMSHIYACU,3.0,2026-10-08,2026-12-14,90,67,4.584439860088413,4.481236554742686,4.584439860088413,1.9,4.666078295660405,1.7849398600884132,7.383939860088413,HIBRIDO_ANALOGO_CLIM,ANALOGO_DTW_HIBRIDO_CLIMATOLOGIA,30,10,0.28055710137432843,OK_ANALOGOS_CONTINUIDAD_CORREGIDA,-0.0796781069800554,0.0796781069800554,0.0,CORREGIDO_ANCLA_OBSERVADO
2026-10-10,TAMSHIYACU,3.0,2026-10-08,2026-12-15,90,68,4.646261778426475,4.574929631924606,4.646261778426475,1.9,4.7008098904573155,1.9337617784264753,7.358761778426476,HIBRIDO_ANALOGO_CLIM,ANALOGO_DTW_HIBRIDO_CLIMATOLOGIA,30,10,0.28055710137432843,OK_ANALOGOS_CONTINUIDAD_CORREGIDA,-0.0796781069800554,0.0796781069800554,0.0,CORREGIDO_ANCLA_OBSERVADO
2026-10-10,TAMSHIYACU,3.0,2026-10-08,2026-12-16,90,69,4.681971691463545,4.635011219211442,4.681971691463545,1.9,4.716681605736838,2.086971691463545,7.276971691463546,HIBRIDO_ANALOGO_CLIM,ANALOGO_DTW_HIBRIDO_CLIMATOLOGIA,30,10,0.28055710137432843,OK_ANALOGOS_CONTINUIDAD_CORREGIDA,-0.0796781069800554,0.0796781069800554,0.0,CORREGIDO_ANCLA_OBSERVADO
2026-10-10,TAMSHIYACU,3.0,2026-10-08,2026-12-17,90,70,4.683472974128083,4.6256933237749225,4.683472974128083,1.9,4.72474415295177,2.1649729741280836,7.201972974128083,HIBRIDO_ANALOGO_CLIM,ANALOGO_DTW_HIBRIDO_CLIMATOLOGIA,30,10,0.28055710137432843,OK_ANALOGOS_CONTINUIDAD_CORREGIDA,-0.0796781069800554,0.0796781069800554,0.0,CORREGIDO_ANCLA_OBSERVADO
2026-10-10,TAMSHIYACU,3.0,2026-10-08,2026-12-18,90,71,4.7307573786870005,4.736427986014664,4.7307573786870005,1.9,4.726843860953824,2.2927573786870004,7.168757378687,HIBRIDO_ANALOGO_CLIM,ANALOGO_DTW_HIBRIDO_CLIMATOLOGIA,30,10,0.28055710137432843,OK_ANALOGOS_CONTINUIDAD_CORREGIDA,-0.0796781069800554,0.0796781069800554,0.0,CORREGIDO_ANCLA_OBSERVADO
2026-10-10,TAMSHIYACU,3.0,2026-10-08,2026-12-19,90,72,4.758173447586368,4.786002112886426,4.758173447586368,1.9,4.739621004052997,2.367173447586368,7.149173447586368,HIBRIDO_ANALOGO_CLIM,ANALOGO_DTW_HIBRIDO_CLIMATOLOGIA,30,10,0.28055710137432843,OK_ANALOGOS_CONTINUIDAD_CORREGIDA,-0.0796781069800554,0.0796781069800554,0.0,CORREGIDO_ANCLA_OBSERVADO
2026-10-10,TAMSHIYACU,3.0,2026-10-08,2026-12-20,90,73,4.785436566860153,4.836039116571607,4.785436566860153,1.9,4.752856843073326,2.435436566860154,7.135436566860153,HIBRIDO_ANALOGO_CLIM,ANALOGO_DTW_HIBRIDO_CLIMATOLOGIA,30,10,0.28055710137432843,OK_ANALOGOS_CONTINUIDAD_CORREGIDA,-0.0796781069800554,0.0796781069800554,0.0,CORREGIDO_ANCLA_OBSERVADO
2026-10-10,TAMSHIYACU,3.0,2026-10-08,2026-12-21,90,74,4.8239576838504465,4.9054565462691695,4.8239576838504465,1.9,4.773296228833403,2.5219576838504465,7.125957683850446,HIBRIDO_ANALOGO_CLIM,ANALOGO_DTW_HIBRIDO_CLIMATOLOGIA,30,10,0.28055710137432843,OK_ANALOGOS_CONTINUIDAD_CORREGIDA,-0.0796781069800554,0.0796781069800554,0.0,CORREGIDO_ANCLA_OBSERVADO
2026-10-10,TAMSHIYACU,3.0,2026-10-08,2026-12-22,90,75,4.869024651571651,4.973567889403279,4.869024651571651,1.9,4.806298708872674,2.6465246515716516,7.091524651571651,HIBRIDO_ANALOGO_CLIM,ANALOGO_DTW_HIBRIDO_CLIMATOLOGIA,30,10,0.28055710137432843,OK_ANALOGOS_CONTINUIDAD_CORREGIDA,-0.0796781069800554,0.0796781069800554,0.0,CORREGIDO_ANCLA_OBSERVADO
2026-10-10,TAMSHIYACU,3.0,2026-10-08,2026-12-23,90,76,4.921256572174284,5.043873251968189,4.921256572174284,1.9,4.850267968083076,2.777756572174284,7.064756572174283,HIBRIDO_ANALOGO_CLIM,ANALOGO_DTW_HIBRIDO_CLIMATOLOGIA,30,10,0.28055710137432843,OK_ANALOGOS_CONTINUIDAD_CORREGIDA,-0.0796781069800554,0.0796781069800554,0.0,CORREGIDO_ANCLA_OBSERVADO
2026-10-10,TAMSHIYACU,3.0,2026-10-08,2026-12-24,90,77,4.976722170203063,5.118896181091148,4.976722170203063,1.9,4.897326293992833,2.8912221702030627,7.0622221702030625,HIBRIDO_ANALOGO_CLIM,ANALOGO_DTW_HIBRIDO_CLIMATOLOGIA,30,10,0.28055710137432843,OK_ANALOGOS_CONTINUIDAD_CORREGIDA,-0.0796781069800554,0.0796781069800554,0.0,CORREGIDO_ANCLA_OBSERVADO
2026-10-10,TAMSHIYACU,3.0,2026-10-08,2026-12-25,90,78,5.036222878989851,5.1937330805192685,5.036222878989851,1.9,4.951409693550934,3.0167228789898513,7.055722878989851,HIBRIDO_ANALOGO_CLIM,ANALOGO_DTW_HIBRIDO_CLIMATOLOGIA,30,10,0.28055710137432843,OK_ANALOGOS_CONTINUIDAD_CORREGIDA,-0.0796781069800554,0.0796781069800554,0.0,CORREGIDO_ANCLA_OBSERVADO
2026-10-10,TAMSHIYACU,3.0,2026-10-08,2026-12-26,90,79,5.091000609982161,5.269781079522756,5.091000609982161,1.9,4.998215809334511,3.193500609982161,6.988500609982161,HIBRIDO_ANALOGO_CLIM,ANALOGO_DTW_HIBRIDO_CLIMATOLOGIA,30,10,0.28055710137432843,OK_ANALOGOS_CONTINUIDAD_CORREGIDA,-0.0796781069800554,0.0796781069800554,0.0,CORREGIDO_ANCLA_OBSERVADO
2026-10-10,TAMSHIYACU,3.0,2026-10-08,2026-12-27,90,80,5.122853998225242,5.3705902829326355,5.122853998225242,1.9,4.998985855871545,3.331853998225242,6.913853998225242,HIBRIDO_ANALOGO_CLIM,ANALOGO_DTW_HIBRIDO_CLIMATOLOGIA,30,10,0.28055710137432843,OK_ANALOGOS_CONTINUIDAD_CORREGIDA,-0.0796781069800554,0.0796781069800554,0.0,CORREGIDO_ANCLA_OBSERVADO
2026-10-10,TAMSHIYACU,3.0,2026-10-08,2026-12-28,90,81,5.19711690736459,5.440573658261154,5.19711690736459,1.9,5.079896990266244,3.5356169073645907,6.85861690736459,HIBRIDO_ANALOGO_CLIM,ANALOGO_DTW_HIBRIDO_CLIMATOLOGIA,30,10,0.28055710137432843,OK_ANALOGOS_CONTINUIDAD_CORREGIDA,-0.0796781069800554,0.0796781069800554,0.0,CORREGIDO_ANCLA_OBSERVADO
2026-10-10,TAMSHIYACU,3.0,2026-10-08,2026-12-29,90,82,5.2387155148334825,5.502550943007709,5.2387155148334825,1.9,5.116450316411281,3.721215514833482,6.756215514833483,HIBRIDO_ANALOGO_CLIM,ANALOGO_DTW_HIBRIDO_CLIMATOLOGIA,30,10,0.28055710137432843,OK_ANALOGOS_CONTINUIDAD_CORREGIDA,-0.0796781069800554,0.0796781069800554,0.0,CORREGIDO_ANCLA_OBSERVADO
2026-10-10,TAMSHIYACU,3.0,2026-10-08,2026-12-30,90,83,5.272418345630284,5.542756854443075,5.272418345630284,1.9,5.151905998328198,3.890418345630284,6.654418345630285,HIBRIDO_ANALOGO_CLIM,ANALOGO_DTW_HIBRIDO_CLIMATOLOGIA,30,10,0.28055710137432843,OK_ANALOGOS_CONTINUIDAD_CORREGIDA,-0.0796781069800554,0.0796781069800554,0.0,CORREGIDO_ANCLA_OBSERVADO
2026-10-10,TAMSHIYACU,3.0,2026-10-08,2026-12-31,90,84,5.301255473187305,5.587364856238179,5.301255473187305,1.9,5.178637166165502,4.012755473187305,6.589755473187305,HIBRIDO_ANALOGO_CLIM,ANALOGO_DTW_HIBRIDO_CLIMATOLOGIA,30,10,0.28055710137432843,OK_ANALOGOS_CONTINUIDAD_CORREGIDA,-0.0796781069800554,0.0796781069800554,0.0,CORREGIDO_ANCLA_OBSERVADO
2026-10-10,TAMSHIYACU,3.0,2026-10-08,2027-01-01,90,85,5.306584010480424,5.609819454713204,5.306584010480424,1.9,5.1817223569728075,4.079584010480424,6.533584010480424,HIBRIDO_ANALOGO_CLIM,ANALOGO_DTW_HIBRIDO_CLIMATOLOGIA,30,10,0.28055710137432843,OK_ANALOGOS_CONTINUIDAD_CORREGIDA,-0.0796781069800554,0.0796781069800554,0.0,CORREGIDO_ANCLA_OBSERVADO
2026-10-10,TAMSHIYACU,3.0,2026-10-08,2027-01-02,90,86,5.331014929820987,5.621339960347038,5.331014929820987,1.9,5.216235266589758,4.181514929820987,6.480514929820987,HIBRIDO_ANALOGO_CLIM,ANALOGO_DTW_HIBRIDO_CLIMATOLOGIA,30,10,0.28055710137432843,OK_ANALOGOS_CONTINUIDAD_CORREGIDA,-0.0796781069800554,0.0796781069800554,0.0,CORREGIDO_ANCLA_OBSERVADO
2026-10-10,TAMSHIYACU,3.0,2026-10-08,2027-01-03,90,87,5.354939032467532,5.635973500843897,5.354939032467532,1.9,5.248339751359255,4.230439032467532,6.479439032467532,HIBRIDO_ANALOGO_CLIM,ANALOGO_DTW_HIBRIDO_CLIMATOLOGIA,30,10,0.28055710137432843,OK_ANALOGOS_CONTINUIDAD_CORREGIDA,-0.0796781069800554,0.0796781069800554,0.0,CORREGIDO_ANCLA_OBSERVADO
2026-10-10,TAMSHIYACU,3.0,2026-10-08,2027-01-04,90,88,5.37778264041094,5.622404877776518,5.37778264041094,1.9,5.28882909955073,4.30578264041094,6.44978264041094,HIBRIDO_ANALOGO_CLIM,ANALOGO_DTW_HIBRIDO_CLIMATOLOGIA,30,10,0.28055710137432843,OK_ANALOGOS_CONTINUIDAD_CORREGIDA,-0.0796781069800554,0.0796781069800554,0.0,CORREGIDO_ANCLA_OBSERVADO
2026-10-10,TAMSHIYACU,3.0,2026-10-08,2027-01-05,90,89,5.385104167162809,5.625019914697394,5.385104167162809,1.9,5.30153800790919,4.345104167162809,6.425104167162809,HIBRIDO_ANALOGO_CLIM,ANALOGO_DTW_HIBRIDO_CLIMATOLOGIA,30,10,0.28055710137432843,OK_ANALOGOS_CONTINUIDAD_CORREGIDA,-0.0796781069800554,0.0796781069800554,0.0,CORREGIDO_ANCLA_OBSERVADO
2026-10-10,TAMSHIYACU,3.0,2026-10-08,2027-01-06,90,90,5.4028293225896995,5.621348861088592,5.4028293225896995,1.9,5.3299894764234015,4.3798293225897,6.425829322589699,HIBRIDO_ANALOGO_CLIM,ANALOGO_DTW_HIBRIDO_CLIMATOLOGIA,30,10,0.28055710137432843,OK_ANALOGOS_CONTINUIDAD_CORREGIDA,-0.0796781069800554,0.0796781069800554,0.0,CORREGIDO_ANCLA_OBSERVADO
2026-10-10,YURIMAGUAS,27.0,2026-10-02,2026-10-03,30,1,129.46,129.52187472443217,129.46,129.46,129.27437582670353,129.2770766993187,129.64292330068133,HIBRIDO_ANALOGO_CLIM,ANALOGO_DTW_HIBRIDO_CLIMATOLOGIA,30,10,0.31148541635476745,OK_ANALOGOS_CONTINUIDAD_CORREGIDA,0.029123095631348406,-0.029123095631348406,0.0,CORREGIDO_ANCLA_OBSERVADO
2026-10-10,YURIMAGUAS,27.0,2026-10-02,2026-10-04,30,2,129.47539426921884,129.53775689404412,129.47539426921884,129.46,129.28830639474296,129.27786333162896,129.6729252068087,HIBRIDO_ANALOGO_CLIM,ANALOGO_DTW_HIBRIDO_CLIMATOLOGIA,30,10,0.31148541635476745,OK_ANALOGOS_CONTINUIDAD_CORREGIDA,0.029123095631348406,-0.029123095631348406,0.0,CORREGIDO_ANCLA_OBSERVADO
2026-10-10,YURIMAGUAS,27.0,2026-10-02,2026-10-05,30,3,129.57726876207937,129.66056363159385,129.57726876207937,129.46,129.32738415353592,129.08507890768004,130.06945861647867,HIBRIDO_ANALOGO_CLIM,ANALOGO_DTW_HIBRIDO_CLIMATOLOGIA,30,10,0.31148541635476745,OK_ANALOGOS_CONTINUIDAD_CORREGIDA,0.029123095631348406,-0.029123095631348406,0.0,CORREGIDO_ANCLA_OBSERVADO
2026-10-10,YURIMAGUAS,27.0,2026-10-02,2026-10-06,30,4,129.67880774419038,129.73549780987352,129.67880774419038,129.46,129.508737547141,129.11465916321362,130.24295632516714,HIBRIDO_ANALOGO_CLIM,ANALOGO_DTW_HIBRIDO_CLIMATOLOGIA,30,10,0.31148541635476745,OK_ANALOGOS_CONTINUIDAD_CORREGIDA,0.029123095631348406,-0.029123095631348406,0.0,CORREGIDO_ANCLA_OBSERVADO
2026-10-10,YURIMAGUAS,27.0,2026-10-02,2026-10-07,30,5,129.7441232159658,129.81993959389735,129.7441232159658,129.46,129.51667408217116,128.9928735001971,130.49537293173452,HIBRIDO_ANALOGO_CLIM,ANALOGO_DTW_HIBRIDO_CLIMATOLOGIA,30,10,0.31148541635476745,OK_ANALOGOS_CONTINUIDAD_CORREGIDA,0.029123095631348406,-0.029123095631348406,0.0,CORREGIDO_ANCLA_OBSERVADO
2026-10-10,YURIMAGUAS,27.0,2026-10-02,2026-10-08,30,6,129.8255228542123,129.91659673658523,129.8255228542123,129.46,129.55230120709354,128.98561865866483,130.66542704975976,HIBRIDO_ANALOGO_CLIM,ANALOGO_DTW_HIBRIDO_CLIMATOLOGIA,30,10,0.31148541635476745,OK_ANALOGOS_CONTINUIDAD_CORREGIDA,0.029123095631348406,-0.029123095631348406,0.0,CORREGIDO_ANCLA_OBSERVADO
2026-10-10,YURIMAGUAS,27.0,2026-10-02,2026-10-09,30,7,129.88242830342864,129.97404093636072,129.88242830342864,129.46,129.6075904046324,128.92943949080686,130.83541711605045,HIBRIDO_ANALOGO_CLIM,ANALOGO_DTW_HIBRIDO_CLIMATOLOGIA,30,10,0.31148541635476745,OK_ANALOGOS_CONTINUIDAD_CORREGIDA,0.029123095631348406,-0.029123095631348406,0.0,CORREGIDO_ANCLA_OBSERVADO
2026-10-10,YURIMAGUAS,27.0,2026-10-02,2026-10-10,30,8,129.90470164812962,129.97519279889065,129.90470164812962,129.46,129.69322819584656,129.17521015213902,130.63419314412025,HIBRIDO_ANALOGO_CLIM,ANALOGO_DTW_HIBRIDO_CLIMATOLOGIA,30,10,0.31148541635476745,OK_ANALOGOS_CONTINUIDAD_CORREGIDA,0.029123095631348406,-0.029123095631348406,0.0,CORREGIDO_ANCLA_OBSERVADO
2026-10-10,YURIMAGUAS,27.0,2026-10-02,2026-10-11,30,9,129.8845340502226,129.91872485866122,129.8845340502226,129.46,129.78196162490678,129.3991524785299,130.36991562191528,HIBRIDO_ANALOGO_CLIM,ANALOGO_DTW_HIBRIDO_CLIMATOLOGIA,30,10,0.31148541635476745,OK_ANALOGOS_CONTINUIDAD_CORREGIDA,0.029123095631348406,-0.029123095631348406,0.0,CORREGIDO_ANCLA_OBSERVADO
2026-10-10,YURIMAGUAS,27.0,2026-10-02,2026-10-12,30,10,129.91647374237914,129.93858030218055,129.91647374237914,129.46,129.8501540629748,129.49199048411208,130.34095700064623,HIBRIDO_ANALOGO_CLIM,ANALOGO_DTW_HIBRIDO_CLIMATOLOGIA,30,10,0.31148541635476745,OK_ANALOGOS_CONTINUIDAD_CORREGIDA,0.029123095631348406,-0.029123095631348406,0.0,CORREGIDO_ANCLA_OBSERVADO
2026-10-10,YURIMAGUAS,27.0,2026-10-02,2026-10-13,30,11,129.9868528671746,130.00938435222557,129.9868528671746,129.46,129.9192584120217,129.32716442471286,130.64654130963632,HIBRIDO_ANALOGO_CLIM,ANALOGO_DTW_HIBRIDO_CLIMATOLOGIA,30,10,0.31148541635476745,OK_ANALOGOS_CONTINUIDAD_CORREGIDA,0.029123095631348406,-0.029123095631348406,0.0,CORREGIDO_ANCLA_OBSERVADO
2026-10-10,YURIMAGUAS,27.0,2026-10-02,2026-10-14,30,12,129.9694231616191,129.99683647257606,129.9694231616191,129.46,129.88718322874823,129.32752393723572,130.61132238600243,HIBRIDO_ANALOGO_CLIM,ANALOGO_DTW_HIBRIDO_CLIMATOLOGIA,30,10,0.31148541635476745,OK_ANALOGOS_CONTINUIDAD_CORREGIDA,0.029123095631348406,-0.029123095631348406,0.0,CORREGIDO_ANCLA_OBSERVADO
2026-10-10,YURIMAGUAS,27.0,2026-10-02,2026-10-15,30,13,129.981279347484,130.023293451898,129.981279347484,129.46,129.85523703424192,129.41064595546618,130.5519127395018,HIBRIDO_ANALOGO_CLIM,ANALOGO_DTW_HIBRIDO_CLIMATOLOGIA,30,10,0.31148541635476745,OK_ANALOGOS_CONTINUIDAD_CORREGIDA,0.029123095631348406,-0.029123095631348406,0.0,CORREGIDO_ANCLA_OBSERVADO
2026-10-10,YURIMAGUAS,27.0,2026-10-02,2026-10-16,30,14,129.94487540136845,129.9665931554605,129.94487540136845,129.46,129.8797221390923,129.3333482668135,130.55640253592344,HIBRIDO_ANALOGO_CLIM,ANALOGO_DTW_HIBRIDO_CLIMATOLOGIA,30,10,0.31148541635476745,OK_ANALOGOS_CONTINUIDAD_CORREGIDA,0.029123095631348406,-0.029123095631348406,0.0,CORREGIDO_ANCLA_OBSERVADO
2026-10-10,YURIMAGUAS,27.0,2026-10-02,2026-10-17,30,15,129.94599411508437,129.93279174651593,129.94599411508437,129.46,129.98560122078976,129.23665861912866,130.65532961104006,HIBRIDO_ANALOGO_CLIM,ANALOGO_DTW_HIBRIDO_CLIMATOLOGIA,30,10,0.31148541635476745,OK_ANALOGOS_CONTINUIDAD_CORREGIDA,0.029123095631348406,-0.029123095631348406,0.0,CORREGIDO_ANCLA_OBSERVADO
2026-10-10,YURIMAGUAS,27.0,2026-10-02,2026-10-18,30,16,129.9740175978487,129.9477571018746,129.9740175978487,129.46,130.05279908577097,129.24993964472625,130.69809555097115,HIBRIDO_ANALOGO_CLIM,ANALOGO_DTW_HIBRIDO_CLIMATOLOGIA,30,10,0.31148541635476745,OK_ANALOGOS_CONTINUIDAD_CORREGIDA,0.029123095631348406,-0.029123095631348406,0.0,CORREGIDO_ANCLA_OBSERVADO
2026-10-10,YURIMAGUAS,27.0,2026-10-02,2026-10-19,30,17,130.00370766528056,129.98045396342798,130.00370766528056,129.46,130.07346877083828,129.30099419214918,130.70642113841197,HIBRIDO_ANALOGO_CLIM,ANALOGO_DTW_HIBRIDO_CLIMATOLOGIA,30,10,0.31148541635476745,OK_ANALOGOS_CONTINUIDAD_CORREGIDA,0.029123095631348406,-0.029123095631348406,0.0,CORREGIDO_ANCLA_OBSERVADO
2026-10-10,YURIMAGUAS,27.0,2026-10-02,2026-10-20,30,18,130.02901705138856,130.00866278076174,130.02901705138856,129.46,130.09007986326898,129.34949775326362,130.7085363495135,HIBRIDO_ANALOGO_CLIM,ANALOGO_DTW_HIBRIDO_CLIMATOLOGIA,30,10,0.31148541635476745,OK_ANALOGOS_CONTINUIDAD_CORREGIDA,0.029123095631348406,-0.029123095631348406,0.0,CORREGIDO_ANCLA_OBSERVADO
2026-10-10,YURIMAGUAS,27.0,2026-10-02,2026-10-21,30,19,130.1709685950192,130.18830271177399,130.1709685950192,129.46,130.11896624475477,129.59825059486226,130.74368659517614,HIBRIDO_ANALOGO_CLIM,ANALOGO_DTW_HIBRIDO_CLIMATOLOGIA,30,10,0.31148541635476745,OK_ANALOGOS_CONTINUIDAD_CORREGIDA,0.029123095631348406,-0.029123095631348406,0.0,CORREGIDO_ANCLA_OBSERVADO
2026-10-10,YURIMAGUAS,27.0,2026-10-02,2026-10-22,30,20,130.21364546957628,130.2299176509809,130.21364546957628,129.46,130.16482892536246,129.65911552652437,130.76817541262815,HIBRIDO_ANALOGO_CLIM,ANALOGO_DTW_HIBRIDO_CLIMATOLOGIA,30,10,0.31148541635476745,OK_ANALOGOS_CONTINUIDAD_CORREGIDA,0.029123095631348406,-0.029123095631348406,0.0,CORREGIDO_ANCLA_OBSERVADO
2026-10-10,YURIMAGUAS,27.0,2026-10-02,2026-10-23,30,21,130.3113384319331,130.36550590779248,130.3113384319331,129.46,130.1488360043549,129.6342128611219,130.98846400274428,HIBRIDO_ANALOGO_CLIM,ANALOGO_DTW_HIBRIDO_CLIMATOLOGIA,30,10,0.31148541635476745,OK_ANALOGOS_CONTINUIDAD_CORREGIDA,0.029123095631348406,-0.029123095631348406,0.0,CORREGIDO_ANCLA_OBSERVADO
2026-10-10,YURIMAGUAS,27.0,2026-10-02,2026-10-24,30,22,130.3922381409132,130.45964799421597,130.3922381409132,129.46,130.19000858100495,129.55400293905325,131.23047334277317,HIBRIDO_ANALOGO_CLIM,ANALOGO_DTW_HIBRIDO_CLIMATOLOGIA,30,10,0.31148541635476745,OK_ANALOGOS_CONTINUIDAD_CORREGIDA,0.029123095631348406,-0.029123095631348406,0.0,CORREGIDO_ANCLA_OBSERVADO
2026-10-10,YURIMAGUAS,27.0,2026-10-02,2026-10-25,30,23,130.43256246588538,130.46447327969486,130.43256246588538,129.46,130.336830024457,129.55592589632937,131.3091990354414,HIBRIDO_ANALOGO_CLIM,ANALOGO_DTW_HIBRIDO_CLIMATOLOGIA,30,10,0.31148541635476745,OK_ANALOGOS_CONTINUIDAD_CORREGIDA,0.029123095631348406,-0.029123095631348406,0.0,CORREGIDO_ANCLA_OBSERVADO
2026-10-10,YURIMAGUAS,27.0,2026-10-02,2026-10-26,30,24,130.44498064584226,130.4598873038477,130.44498064584226,129.46,130.400260671826,129.519371058981,131.37059023270356,HIBRIDO_ANALOGO_CLIM,ANALOGO_DTW_HIBRIDO_CLIMATOLOGIA,30,10,0.31148541635476745,OK_ANALOGOS_CONTINUIDAD_CORREGIDA,0.029123095631348406,-0.029123095631348406,0.0,CORREGIDO_ANCLA_OBSERVADO
2026-10-10,YURIMAGUAS,27.0,2026-10-02,2026-10-27,30,25,130.4739766205129,130.47593696538632,130.4739766205129,129.46,130.4680955858926,129.5611973331623,131.38675590786346,HIBRIDO_ANALOGO_CLIM,ANALOGO_DTW_HIBRIDO_CLIMATOLOGIA,30,10,0.31148541635476745,OK_ANALOGOS_CONTINUIDAD_CORREGIDA,0.029123095631348406,-0.029123095631348406,0.0,CORREGIDO_ANCLA_OBSERVADO
2026-10-10,YURIMAGUAS,27.0,2026-10-02,2026-10-28,30,26,130.50521575418594,130.51725519758648,130.50521575418594,129.46,130.46909742398427,129.5685437465455,131.4418877618264,HIBRIDO_ANALOGO_CLIM,ANALOGO_DTW_HIBRIDO_CLIMATOLOGIA,30,10,0.31148541635476745,OK_ANALOGOS_CONTINUIDAD_CORREGIDA,0.029123095631348406,-0.029123095631348406,0.0,CORREGIDO_ANCLA_OBSERVADO
2026-10-10,YURIMAGUAS,27.0,2026-10-02,2026-10-29,30,27,130.52193233347535,130.53699018552135,130.52193233347535,129.46,130.47675877733732,129.5159532003333,131.52791146661735,HIBRIDO_ANALOGO_CLIM,ANALOGO_DTW_HIBRIDO_CLIMATOLOGIA,30,10,0.31148541635476745,OK_ANALOGOS_CONTINUIDAD_CORREGIDA,0.029123095631348406,-0.029123095631348406,0.0,CORREGIDO_ANCLA_OBSERVADO
2026-10-10,YURIMAGUAS,27.0,2026-10-02,2026-10-30,30,28,130.56451073216687,130.56227918896786,130.56451073216687,129.46,130.57120536176382,129.51200383422773,131.61701763010603,HIBRIDO_ANALOGO_CLIM,ANALOGO_DTW_HIBRIDO_CLIMATOLOGIA,30,10,0.31148541635476745,OK_ANALOGOS_CONTINUIDAD_CORREGIDA,0.029123095631348406,-0.029123095631348406,0.0,CORREGIDO_ANCLA_OBSERVADO
2026-10-10,YURIMAGUAS,27.0,2026-10-02,2026-10-31,30,29,130.67184041233162,130.68428302191927,130.67184041233162,129.46,130.63451258356866,129.46182377990002,131.88185704476322,HIBRIDO_ANALOGO_CLIM,ANALOGO_DTW_HIBRIDO_CLIMATOLOGIA,30,10,0.31148541635476745,OK_ANALOGOS_CONTINUIDAD_CORREGIDA,0.029123095631348406,-0.029123095631348406,0.0,CORREGIDO_ANCLA_OBSERVADO
2026-10-10,YURIMAGUAS,27.0,2026-10-02,2026-11-01,30,30,130.73201231086313,130.77245907943447,130.73201231086313,129.46,130.6106720051491,129.64335410990273,131.8206705118235,HIBRIDO_ANALOGO_CLIM,ANALOGO_DTW_HIBRIDO_CLIMATOLOGIA,30,10,0.31148541635476745,OK_ANALOGOS_CONTINUIDAD_CORREGIDA,0.029123095631348406,-0.029123095631348406,0.0,CORREGIDO_ANCLA_OBSERVADO
2026-10-10,YURIMAGUAS,27.0,2026-10-02,2026-10-03,60,1,129.46,129.52187472443217,129.46,129.46,129.27437582670353,129.2770766993187,129.64292330068133,HIBRIDO_ANALOGO_CLIM,ANALOGO_DTW_HIBRIDO_CLIMATOLOGIA,30,10,0.31148541635476745,OK_ANALOGOS_CONTINUIDAD_CORREGIDA,0.029123095631348406,-0.029123095631348406,0.0,CORREGIDO_ANCLA_OBSERVADO
2026-10-10,YURIMAGUAS,27.0,2026-10-02,2026-10-04,60,2,129.47539426921884,129.53775689404412,129.47539426921884,129.46,129.28830639474296,129.27786333162896,129.6729252068087,HIBRIDO_ANALOGO_CLIM,ANALOGO_DTW_HIBRIDO_CLIMATOLOGIA,30,10,0.31148541635476745,OK_ANALOGOS_CONTINUIDAD_CORREGIDA,0.029123095631348406,-0.029123095631348406,0.0,CORREGIDO_ANCLA_OBSERVADO
2026-10-10,YURIMAGUAS,27.0,2026-10-02,2026-10-05,60,3,129.57726876207937,129.66056363159385,129.57726876207937,129.46,129.32738415353592,129.08507890768004,130.06945861647867,HIBRIDO_ANALOGO_CLIM,ANALOGO_DTW_HIBRIDO_CLIMATOLOGIA,30,10,0.31148541635476745,OK_ANALOGOS_CONTINUIDAD_CORREGIDA,0.029123095631348406,-0.029123095631348406,0.0,CORREGIDO_ANCLA_OBSERVADO
2026-10-10,YURIMAGUAS,27.0,2026-10-02,2026-10-06,60,4,129.67880774419038,129.73549780987352,129.67880774419038,129.46,129.508737547141,129.11465916321362,130.24295632516714,HIBRIDO_ANALOGO_CLIM,ANALOGO_DTW_HIBRIDO_CLIMATOLOGIA,30,10,0.31148541635476745,OK_ANALOGOS_CONTINUIDAD_CORREGIDA,0.029123095631348406,-0.029123095631348406,0.0,CORREGIDO_ANCLA_OBSERVADO
2026-10-10,YURIMAGUAS,27.0,2026-10-02,2026-10-07,60,5,129.7441232159658,129.81993959389735,129.7441232159658,129.46,129.51667408217116,128.9928735001971,130.49537293173452,HIBRIDO_ANALOGO_CLIM,ANALOGO_DTW_HIBRIDO_CLIMATOLOGIA,30,10,0.31148541635476745,OK_ANALOGOS_CONTINUIDAD_CORREGIDA,0.029123095631348406,-0.029123095631348406,0.0,CORREGIDO_ANCLA_OBSERVADO
2026-10-10,YURIMAGUAS,27.0,2026-10-02,2026-10-08,60,6,129.8255228542123,129.91659673658523,129.8255228542123,129.46,129.55230120709354,128.98561865866483,130.66542704975976,HIBRIDO_ANALOGO_CLIM,ANALOGO_DTW_HIBRIDO_CLIMATOLOGIA,30,10,0.31148541635476745,OK_ANALOGOS_CONTINUIDAD_CORREGIDA,0.029123095631348406,-0.029123095631348406,0.0,CORREGIDO_ANCLA_OBSERVADO
2026-10-10,YURIMAGUAS,27.0,2026-10-02,2026-10-09,60,7,129.88242830342864,129.97404093636072,129.88242830342864,129.46,129.6075904046324,128.92943949080686,130.83541711605045,HIBRIDO_ANALOGO_CLIM,ANALOGO_DTW_HIBRIDO_CLIMATOLOGIA,30,10,0.31148541635476745,OK_ANALOGOS_CONTINUIDAD_CORREGIDA,0.029123095631348406,-0.029123095631348406,0.0,CORREGIDO_ANCLA_OBSERVADO
2026-10-10,YURIMAGUAS,27.0,2026-10-02,2026-10-10,60,8,129.90470164812962,129.97519279889065,129.90470164812962,129.46,129.69322819584656,129.17521015213902,130.63419314412025,HIBRIDO_ANALOGO_CLIM,ANALOGO_DTW_HIBRIDO_CLIMATOLOGIA,30,10,0.31148541635476745,OK_ANALOGOS_CONTINUIDAD_CORREGIDA,0.029123095631348406,-0.029123095631348406,0.0,CORREGIDO_ANCLA_OBSERVADO
2026-10-10,YURIMAGUAS,27.0,2026-10-02,2026-10-11,60,9,129.8845340502226,129.91872485866122,129.8845340502226,129.46,129.78196162490678,129.3991524785299,130.36991562191528,HIBRIDO_ANALOGO_CLIM,ANALOGO_DTW_HIBRIDO_CLIMATOLOGIA,30,10,0.31148541635476745,OK_ANALOGOS_CONTINUIDAD_CORREGIDA,0.029123095631348406,-0.029123095631348406,0.0,CORREGIDO_ANCLA_OBSERVADO
2026-10-10,YURIMAGUAS,27.0,2026-10-02,2026-10-12,60,10,129.91647374237914,129.93858030218055,129.91647374237914,129.46,129.8501540629748,129.49199048411208,130.34095700064623,HIBRIDO_ANALOGO_CLIM,ANALOGO_DTW_HIBRIDO_CLIMATOLOGIA,30,10,0.31148541635476745,OK_ANALOGOS_CONTINUIDAD_CORREGIDA,0.029123095631348406,-0.029123095631348406,0.0,CORREGIDO_ANCLA_OBSERVADO
2026-10-10,YURIMAGUAS,27.0,2026-10-02,2026-10-13,60,11,129.9868528671746,130.00938435222557,129.9868528671746,129.46,129.9192584120217,129.32716442471286,130.64654130963632,HIBRIDO_ANALOGO_CLIM,ANALOGO_DTW_HIBRIDO_CLIMATOLOGIA,30,10,0.31148541635476745,OK_ANALOGOS_CONTINUIDAD_CORREGIDA,0.029123095631348406,-0.029123095631348406,0.0,CORREGIDO_ANCLA_OBSERVADO
2026-10-10,YURIMAGUAS,27.0,2026-10-02,2026-10-14,60,12,129.9694231616191,129.99683647257606,129.9694231616191,129.46,129.88718322874823,129.32752393723572,130.61132238600243,HIBRIDO_ANALOGO_CLIM,ANALOGO_DTW_HIBRIDO_CLIMATOLOGIA,30,10,0.31148541635476745,OK_ANALOGOS_CONTINUIDAD_CORREGIDA,0.029123095631348406,-0.029123095631348406,0.0,CORREGIDO_ANCLA_OBSERVADO
2026-10-10,YURIMAGUAS,27.0,2026-10-02,2026-10-15,60,13,129.981279347484,130.023293451898,129.981279347484,129.46,129.85523703424192,129.41064595546618,130.5519127395018,HIBRIDO_ANALOGO_CLIM,ANALOGO_DTW_HIBRIDO_CLIMATOLOGIA,30,10,0.31148541635476745,OK_ANALOGOS_CONTINUIDAD_CORREGIDA,0.029123095631348406,-0.029123095631348406,0.0,CORREGIDO_ANCLA_OBSERVADO
2026-10-10,YURIMAGUAS,27.0,2026-10-02,2026-10-16,60,14,129.94487540136845,129.9665931554605,129.94487540136845,129.46,129.8797221390923,129.3333482668135,130.55640253592344,HIBRIDO_ANALOGO_CLIM,ANALOGO_DTW_HIBRIDO_CLIMATOLOGIA,30,10,0.31148541635476745,OK_ANALOGOS_CONTINUIDAD_CORREGIDA,0.029123095631348406,-0.029123095631348406,0.0,CORREGIDO_ANCLA_OBSERVADO
2026-10-10,YURIMAGUAS,27.0,2026-10-02,2026-10-17,60,15,129.94599411508437,129.93279174651593,129.94599411508437,129.46,129.98560122078976,129.23665861912866,130.65532961104006,HIBRIDO_ANALOGO_CLIM,ANALOGO_DTW_HIBRIDO_CLIMATOLOGIA,30,10,0.31148541635476745,OK_ANALOGOS_CONTINUIDAD_CORREGIDA,0.029123095631348406,-0.029123095631348406,0.0,CORREGIDO_ANCLA_OBSERVADO
2026-10-10,YURIMAGUAS,27.0,2026-10-02,2026-10-18,60,16,129.9740175978487,129.9477571018746,129.9740175978487,129.46,130.05279908577097,129.24993964472625,130.69809555097115,HIBRIDO_ANALOGO_CLIM,ANALOGO_DTW_HIBRIDO_CLIMATOLOGIA,30,10,0.31148541635476745,OK_ANALOGOS_CONTINUIDAD_CORREGIDA,0.029123095631348406,-0.029123095631348406,0.0,CORREGIDO_ANCLA_OBSERVADO
2026-10-10,YURIMAGUAS,27.0,2026-10-02,2026-10-19,60,17,130.00370766528056,129.98045396342798,130.00370766528056,129.46,130.07346877083828,129.30099419214918,130.70642113841197,HIBRIDO_ANALOGO_CLIM,ANALOGO_DTW_HIBRIDO_CLIMATOLOGIA,30,10,0.31148541635476745,OK_ANALOGOS_CONTINUIDAD_CORREGIDA,0.029123095631348406,-0.029123095631348406,0.0,CORREGIDO_ANCLA_OBSERVADO
2026-10-10,YURIMAGUAS,27.0,2026-10-02,2026-10-20,60,18,130.02901705138856,130.00866278076174,130.02901705138856,129.46,130.09007986326898,129.34949775326362,130.7085363495135,HIBRIDO_ANALOGO_CLIM,ANALOGO_DTW_HIBRIDO_CLIMATOLOGIA,30,10,0.31148541635476745,OK_ANALOGOS_CONTINUIDAD_CORREGIDA,0.029123095631348406,-0.029123095631348406,0.0,CORREGIDO_ANCLA_OBSERVADO
2026-10-10,YURIMAGUAS,27.0,2026-10-02,2026-10-21,60,19,130.1709685950192,130.18830271177399,130.1709685950192,129.46,130.11896624475477,129.59825059486226,130.74368659517614,HIBRIDO_ANALOGO_CLIM,ANALOGO_DTW_HIBRIDO_CLIMATOLOGIA,30,10,0.31148541635476745,OK_ANALOGOS_CONTINUIDAD_CORREGIDA,0.029123095631348406,-0.029123095631348406,0.0,CORREGIDO_ANCLA_OBSERVADO
2026-10-10,YURIMAGUAS,27.0,2026-10-02,2026-10-22,60,20,130.21364546957628,130.2299176509809,130.21364546957628,129.46,130.16482892536246,129.65911552652437,130.76817541262815,HIBRIDO_ANALOGO_CLIM,ANALOGO_DTW_HIBRIDO_CLIMATOLOGIA,30,10,0.31148541635476745,OK_ANALOGOS_CONTINUIDAD_CORREGIDA,0.029123095631348406,-0.029123095631348406,0.0,CORREGIDO_ANCLA_OBSERVADO
2026-10-10,YURIMAGUAS,27.0,2026-10-02,2026-10-23,60,21,130.3113384319331,130.36550590779248,130.3113384319331,129.46,130.1488360043549,129.6342128611219,130.98846400274428,HIBRIDO_ANALOGO_CLIM,ANALOGO_DTW_HIBRIDO_CLIMATOLOGIA,30,10,0.31148541635476745,OK_ANALOGOS_CONTINUIDAD_CORREGIDA,0.029123095631348406,-0.029123095631348406,0.0,CORREGIDO_ANCLA_OBSERVADO
2026-10-10,YURIMAGUAS,27.0,2026-10-02,2026-10-24,60,22,130.3922381409132,130.45964799421597,130.3922381409132,129.46,130.19000858100495,129.55400293905325,131.23047334277317,HIBRIDO_ANALOGO_CLIM,ANALOGO_DTW_HIBRIDO_CLIMATOLOGIA,30,10,0.31148541635476745,OK_ANALOGOS_CONTINUIDAD_CORREGIDA,0.029123095631348406,-0.029123095631348406,0.0,CORREGIDO_ANCLA_OBSERVADO
2026-10-10,YURIMAGUAS,27.0,2026-10-02,2026-10-25,60,23,130.43256246588538,130.46447327969486,130.43256246588538,129.46,130.336830024457,129.55592589632937,131.3091990354414,HIBRIDO_ANALOGO_CLIM,ANALOGO_DTW_HIBRIDO_CLIMATOLOGIA,30,10,0.31148541635476745,OK_ANALOGOS_CONTINUIDAD_CORREGIDA,0.029123095631348406,-0.029123095631348406,0.0,CORREGIDO_ANCLA_OBSERVADO
2026-10-10,YURIMAGUAS,27.0,2026-10-02,2026-10-26,60,24,130.44498064584226,130.4598873038477,130.44498064584226,129.46,130.400260671826,129.519371058981,131.37059023270356,HIBRIDO_ANALOGO_CLIM,ANALOGO_DTW_HIBRIDO_CLIMATOLOGIA,30,10,0.31148541635476745,OK_ANALOGOS_CONTINUIDAD_CORREGIDA,0.029123095631348406,-0.029123095631348406,0.0,CORREGIDO_ANCLA_OBSERVADO
2026-10-10,YURIMAGUAS,27.0,2026-10-02,2026-10-27,60,25,130.4739766205129,130.47593696538632,130.4739766205129,129.46,130.4680955858926,129.5611973331623,131.38675590786346,HIBRIDO_ANALOGO_CLIM,ANALOGO_DTW_HIBRIDO_CLIMATOLOGIA,30,10,0.31148541635476745,OK_ANALOGOS_CONTINUIDAD_CORREGIDA,0.029123095631348406,-0.029123095631348406,0.0,CORREGIDO_ANCLA_OBSERVADO
2026-10-10,YURIMAGUAS,27.0,2026-10-02,2026-10-28,60,26,130.50521575418594,130.51725519758648,130.50521575418594,129.46,130.46909742398427,129.5685437465455,131.4418877618264,HIBRIDO_ANALOGO_CLIM,ANALOGO_DTW_HIBRIDO_CLIMATOLOGIA,30,10,0.31148541635476745,OK_ANALOGOS_CONTINUIDAD_CORREGIDA,0.029123095631348406,-0.029123095631348406,0.0,CORREGIDO_ANCLA_OBSERVADO
2026-10-10,YURIMAGUAS,27.0,2026-10-02,2026-10-29,60,27,130.52193233347535,130.53699018552135,130.52193233347535,129.46,130.47675877733732,129.5159532003333,131.52791146661735,HIBRIDO_ANALOGO_CLIM,ANALOGO_DTW_HIBRIDO_CLIMATOLOGIA,30,10,0.31148541635476745,OK_ANALOGOS_CONTINUIDAD_CORREGIDA,0.029123095631348406,-0.029123095631348406,0.0,CORREGIDO_ANCLA_OBSERVADO
2026-10-10,YURIMAGUAS,27.0,2026-10-02,2026-10-30,60,28,130.56451073216687,130.56227918896786,130.56451073216687,129.46,130.57120536176382,129.51200383422773,131.61701763010603,HIBRIDO_ANALOGO_CLIM,ANALOGO_DTW_HIBRIDO_CLIMATOLOGIA,30,10,0.31148541635476745,OK_ANALOGOS_CONTINUIDAD_CORREGIDA,0.029123095631348406,-0.029123095631348406,0.0,CORREGIDO_ANCLA_OBSERVADO
2026-10-10,YURIMAGUAS,27.0,2026-10-02,2026-10-31,60,29,130.67184041233162,130.68428302191927,130.67184041233162,129.46,130.63451258356866,129.46182377990002,131.88185704476322,HIBRIDO_ANALOGO_CLIM,ANALOGO_DTW_HIBRIDO_CLIMATOLOGIA,30,10,0.31148541635476745,OK_ANALOGOS_CONTINUIDAD_CORREGIDA,0.029123095631348406,-0.029123095631348406,0.0,CORREGIDO_ANCLA_OBSERVADO
2026-10-10,YURIMAGUAS,27.0,2026-10-02,2026-11-01,60,30,130.73201231086313,130.77245907943447,130.73201231086313,129.46,130.6106720051491,129.64335410990273,131.8206705118235,HIBRIDO_ANALOGO_CLIM,ANALOGO_DTW_HIBRIDO_CLIMATOLOGIA,30,10,0.31148541635476745,OK_ANALOGOS_CONTINUIDAD_CORREGIDA,0.029123095631348406,-0.029123095631348406,0.0,CORREGIDO_ANCLA_OBSERVADO
2026-10-10,YURIMAGUAS,27.0,2026-10-02,2026-11-02,60,31,130.78736338071886,130.85741189983898,130.78736338071886,129.46,130.58625634195462,130.05892321438535,131.5158035470524,HIBRIDO_ANALOGO_CLIM,ANALOGO_DTW_HIBRIDO_CLIMATOLOGIA,30,10,0.31148541635476745,OK_ANALOGOS_CONTINUIDAD_CORREGIDA,0.029123095631348406,-0.029123095631348406,0.0,CORREGIDO_ANCLA_OBSERVADO
2026-10-10,YURIMAGUAS,27.0,2026-10-02,2026-11-03,60,32,130.85024526294518,130.9181815981374,130.85024526294518,129.46,130.66342034116656,130.20913678063656,131.4913537452538,HIBRIDO_ANALOGO_CLIM,ANALOGO_DTW_HIBRIDO_CLIMATOLOGIA,30,10,0.31148541635476745,OK_ANALOGOS_CONTINUIDAD_CORREGIDA,0.029123095631348406,-0.029123095631348406,0.0,CORREGIDO_ANCLA_OBSERVADO
2026-10-10,YURIMAGUAS,27.0,2026-10-02,2026-11-04,60,33,130.97857872544733,131.05699487579528,130.97857872544733,129.46,130.77184523816638,129.937046213183,132.02011123771166,HIBRIDO_ANALOGO_CLIM,ANALOGO_DTW_HIBRIDO_CLIMATOLOGIA,30,10,0.31148541635476745,OK_ANALOGOS_CONTINUIDAD_CORREGIDA,0.029123095631348406,-0.029123095631348406,0.0,CORREGIDO_ANCLA_OBSERVADO
2026-10-10,YURIMAGUAS,27.0,2026-10-02,2026-11-05,60,34,131.00666974828147,131.10194294271648,131.00666974828147,129.46,130.7656846094164,130.009267710436,132.00407178612693,HIBRIDO_ANALOGO_CLIM,ANALOGO_DTW_HIBRIDO_CLIMATOLOGIA,30,10,0.31148541635476745,OK_ANALOGOS_CONTINUIDAD_CORREGIDA,0.029123095631348406,-0.029123095631348406,0.0,CORREGIDO_ANCLA_OBSERVADO
2026-10-10,YURIMAGUAS,27.0,2026-10-02,2026-11-06,60,35,130.97019157452735,131.0509016517319,130.97019157452735,129.46,130.77418138703055,130.2674407444042,131.67294240465048,HIBRIDO_ANALOGO_CLIM,ANALOGO_DTW_HIBRIDO_CLIMATOLOGIA,30,10,0.31148541635476745,OK_ANALOGOS_CONTINUIDAD_CORREGIDA,0.029123095631348406,-0.029123095631348406,0.0,CORREGIDO_ANCLA_OBSERVADO
2026-10-10,YURIMAGUAS,27.0,2026-10-02,2026-11-07,60,36,130.9645923077062,131.01358840074028,130.9645923077062,129.46,130.85026809062674,130.40646956590703,131.52271504950536,HIBRIDO_ANALOGO_CLIM,ANALOGO_DTW_HIBRIDO_CLIMATOLOGIA,30,10,0.31148541635476745,OK_ANALOGOS_CONTINUIDAD_CORREGIDA,0.029123095631348406,-0.029123095631348406,0.0,CORREGIDO_ANCLA_OBSERVADO
2026-10-10,YURIMAGUAS,27.0,2026-10-02,2026-11-08,60,37,131.0000070849054,131.0487350629424,131.0000070849054,129.46,130.890698377417,130.39266827110373,131.60734589870708,HIBRIDO_ANALOGO_CLIM,ANALOGO_DTW_HIBRIDO_CLIMATOLOGIA,30,10,0.31148541635476745,OK_ANALOGOS_CONTINUIDAD_CORREGIDA,0.029123095631348406,-0.029123095631348406,0.0,CORREGIDO_ANCLA_OBSERVADO
2026-10-10,YURIMAGUAS,27.0,2026-10-02,2026-11-09,60,38,131.04827814582134,131.08598906242,131.04827814582134,129.46,130.96690195737162,130.24925567283535,131.84730061880734,HIBRIDO_ANALOGO_CLIM,ANALOGO_DTW_HIBRIDO_CLIMATOLOGIA,30,10,0.31148541635476745,OK_ANALOGOS_CONTINUIDAD_CORREGIDA,0.029123095631348406,-0.029123095631348406,0.0,CORREGIDO_ANCLA_OBSERVADO
2026-10-10,YURIMAGUAS,27.0,2026-10-02,2026-11-10,60,39,131.1716959997786,131.26026425025285,131.1716959997786,129.46,130.9877465564859,130.12096466012534,132.22242733943185,HIBRIDO_ANALOGO_CLIM,ANALOGO_DTW_HIBRIDO_CLIMATOLOGIA,30,10,0.31148541635476745,OK_ANALOGOS_CONTINUIDAD_CORREGIDA,0.029123095631348406,-0.029123095631348406,0.0,CORREGIDO_ANCLA_OBSERVADO
2026-10-10,YURIMAGUAS,27.0,2026-10-02,2026-11-11,60,40,131.1140071286338,131.2281916951165,131.1140071286338,129.46,130.8856379956684,130.1878722883425,132.0401419689251,HIBRIDO_ANALOGO_CLIM,ANALOGO_DTW_HIBRIDO_CLIMATOLOGIA,30,10,0.31148541635476745,OK_ANALOGOS_CONTINUIDAD_CORREGIDA,0.029123095631348406,-0.029123095631348406,0.0,CORREGIDO_ANCLA_OBSERVADO
2026-10-10,YURIMAGUAS,27.0,2026-10-02,2026-11-12,60,41,131.0617719248311,131.17509497835894,131.0617719248311,129.46,130.8434177485214,130.1949043123912,131.92863953727104,HIBRIDO_ANALOGO_CLIM,ANALOGO_DTW_HIBRIDO_CLIMATOLOGIA,30,10,0.31148541635476745,OK_ANALOGOS_CONTINUIDAD_CORREGIDA,0.029123095631348406,-0.029123095631348406,0.0,CORREGIDO_ANCLA_OBSERVADO
2026-10-10,YURIMAGUAS,27.0,2026-10-02,2026-11-13,60,42,131.03047993801815,131.13365234357903,131.03047993801815,129.46,130.83887404197648,130.2775860101672,131.7833738658691,HIBRIDO_ANALOGO_CLIM,ANALOGO_DTW_HIBRIDO_CLIMATOLOGIA,30,10,0.31148541635476745,OK_ANALOGOS_CONTINUIDAD_CORREGIDA,0.029123095631348406,-0.029123095631348406,0.0,CORREGIDO_ANCLA_OBSERVADO
2026-10-10,YURIMAGUAS,27.0,2026-10-02,2026-11-14,60,43,131.0234552994125,131.08601867281791,131.0234552994125,129.46,130.91142321215165,130.35712997315412,131.68978062567083,HIBRIDO_ANALOGO_CLIM,ANALOGO_DTW_HIBRIDO_CLIMATOLOGIA,30,10,0.31148541635476745,OK_ANALOGOS_CONTINUIDAD_CORREGIDA,0.029123095631348406,-0.029123095631348406,0.0,CORREGIDO_ANCLA_OBSERVADO
2026-10-10,YURIMAGUAS,27.0,2026-10-02,2026-11-15,60,44,131.03907158112247,131.01333736332634,131.03907158112247,129.46,131.08352159367936,130.35745209960737,131.72069106263757,HIBRIDO_ANALOGO_CLIM,ANALOGO_DTW_HIBRIDO_CLIMATOLOGIA,30,10,0.31148541635476745,OK_ANALOGOS_CONTINUIDAD_CORREGIDA,0.029123095631348406,-0.029123095631348406,0.0,CORREGIDO_ANCLA_OBSERVADO
2026-10-10,YURIMAGUAS,27.0,2026-10-02,2026-11-16,60,45,131.00577873010675,130.91917512878314,131.00577873010675,129.46,131.15011806564613,130.1792882553678,131.83226920484572,HIBRIDO_ANALOGO_CLIM,ANALOGO_DTW_HIBRIDO_CLIMATOLOGIA,30,10,0.31148541635476745,OK_ANALOGOS_CONTINUIDAD_CORREGIDA,0.029123095631348406,-0.029123095631348406,0.0,CORREGIDO_ANCLA_OBSERVADO
2026-10-10,YURIMAGUAS,27.0,2026-10-02,2026-11-17,60,46,131.02291737777298,130.91971981754656,131.02291737777298,129.46,131.18893084422422,130.23379896312278,131.8120357924232,HIBRIDO_ANALOGO_CLIM,ANALOGO_DTW_HIBRIDO_CLIMATOLOGIA,30,10,0.31148541635476745,OK_ANALOGOS_CONTINUIDAD_CORREGIDA,0.029123095631348406,-0.029123095631348406,0.0,CORREGIDO_ANCLA_OBSERVADO
2026-10-10,YURIMAGUAS,27.0,2026-10-02,2026-11-18,60,47,131.12311516378554,131.06932444436606,131.12311516378554,129.46,131.20666245139455,130.4942392042123,131.75199112335875,HIBRIDO_ANALOGO_CLIM,ANALOGO_DTW_HIBRIDO_CLIMATOLOGIA,30,10,0.31148541635476745,OK_ANALOGOS_CONTINUIDAD_CORREGIDA,0.029123095631348406,-0.029123095631348406,0.0,CORREGIDO_ANCLA_OBSERVADO
2026-10-10,YURIMAGUAS,27.0,2026-10-02,2026-11-19,60,48,131.14890719648216,131.12816026671584,131.14890719648216,129.46,131.18002759113165,130.29037466667125,132.00743972629306,HIBRIDO_ANALOGO_CLIM,ANALOGO_DTW_HIBRIDO_CLIMATOLOGIA,30,10,0.31148541635476745,OK_ANALOGOS_CONTINUIDAD_CORREGIDA,0.029123095631348406,-0.029123095631348406,0.0,CORREGIDO_ANCLA_OBSERVADO
2026-10-10,YURIMAGUAS,27.0,2026-10-02,2026-11-20,60,49,131.2083427431836,131.22758634745855,131.2083427431836,129.46,131.18045915331584,129.83585461706784,132.58083086929935,HIBRIDO_ANALOGO_CLIM,ANALOGO_DTW_HIBRIDO_CLIMATOLOGIA,30,10,0.31148541635476745,OK_ANALOGOS_CONTINUIDAD_CORREGIDA,0.029123095631348406,-0.029123095631348406,0.0,CORREGIDO_ANCLA_OBSERVADO
2026-10-10,YURIMAGUAS,27.0,2026-10-02,2026-11-21,60,50,131.23349969499836,131.28389109161344,131.23349969499836,129.46,131.16295173973725,129.8462813922523,132.62071799774444,HIBRIDO_ANALOGO_CLIM,ANALOGO_DTW_HIBRIDO_CLIMATOLOGIA,30,10,0.31148541635476745,OK_ANALOGOS_CONTINUIDAD_CORREGIDA,0.029123095631348406,-0.029123095631348406,0.0,CORREGIDO_ANCLA_OBSERVADO
2026-10-10,YURIMAGUAS,27.0,2026-10-02,2026-11-22,60,51,131.2634968228562,131.2942618703685,131.2634968228562,129.46,131.22187352328078,129.7060041644385,132.8209894812739,HIBRIDO_ANALOGO_CLIM,ANALOGO_DTW_HIBRIDO_CLIMATOLOGIA,30,10,0.31148541635476745,OK_ANALOGOS_CONTINUIDAD_CORREGIDA,0.029123095631348406,-0.029123095631348406,0.0,CORREGIDO_ANCLA_OBSERVADO
2026-10-10,YURIMAGUAS,27.0,2026-10-02,2026-11-23,60,52,131.35251701682398,131.39086294784,131.35251701682398,129.46,131.302372337803,129.79286853181887,132.9121655018291,HIBRIDO_ANALOGO_CLIM,ANALOGO_DTW_HIBRIDO_CLIMATOLOGIA,30,10,0.31148541635476745,OK_ANALOGOS_CONTINUIDAD_CORREGIDA,0.029123095631348406,-0.029123095631348406,0.0,CORREGIDO_ANCLA_OBSERVADO
2026-10-10,YURIMAGUAS,27.0,2026-10-02,2026-11-24,60,53,131.40854410691088,131.45407194813993,131.40854410691088,129.46,131.3509900434704,130.24206144855054,132.5750267652712,HIBRIDO_ANALOGO_CLIM,ANALOGO_DTW_HIBRIDO_CLIMATOLOGIA,30,10,0.31148541635476745,OK_ANALOGOS_CONTINUIDAD_CORREGIDA,0.029123095631348406,-0.029123095631348406,0.0,CORREGIDO_ANCLA_OBSERVADO
2026-10-10,YURIMAGUAS,27.0,2026-10-02,2026-11-25,60,54,131.55537702653817,131.65087331868943,131.55537702653817,129.46,131.43865933613108,130.71358840603577,132.39716564704057,HIBRIDO_ANALOGO_CLIM,ANALOGO_DTW_HIBRIDO_CLIMATOLOGIA,30,10,0.31148541635476745,OK_ANALOGOS_CONTINUIDAD_CORREGIDA,0.029123095631348406,-0.029123095631348406,0.0,CORREGIDO_ANCLA_OBSERVADO
2026-10-10,YURIMAGUAS,27.0,2026-10-02,2026-11-26,60,55,131.66306736511254,131.8209369348696,131.66306736511254,129.46,131.47649423721785,130.35950132480374,132.96663340542133,HIBRIDO_ANALOGO_CLIM,ANALOGO_DTW_HIBRIDO_CLIMATOLOGIA,30,10,0.31148541635476745,OK_ANALOGOS_CONTINUIDAD_CORREGIDA,0.029123095631348406,-0.029123095631348406,0.0,CORREGIDO_ANCLA_OBSERVADO
2026-10-10,YURIMAGUAS,27.0,2026-10-02,2026-11-27,60,56,131.726156799202,131.9367604985013,131.726156799202,129.46,131.48546685714567,130.29015113207876,133.16216246632519,HIBRIDO_ANALOGO_CLIM,ANALOGO_DTW_HIBRIDO_CLIMATOLOGIA,30,10,0.31148541635476745,OK_ANALOGOS_CONTINUIDAD_CORREGIDA,0.029123095631348406,-0.029123095631348406,0.0,CORREGIDO_ANCLA_OBSERVADO
2026-10-10,YURIMAGUAS,27.0,2026-10-02,2026-11-28,60,57,131.7996712788204,132.0542658331389,131.7996712788204,129.46,131.5182772977315,130.2474412376083,133.35190132003248,HIBRIDO_ANALOGO_CLIM,ANALOGO_DTW_HIBRIDO_CLIMATOLOGIA,30,10,0.31148541635476745,OK_ANALOGOS_CONTINUIDAD_CORREGIDA,0.029123095631348406,-0.029123095631348406,0.0,CORREGIDO_ANCLA_OBSERVADO
2026-10-10,YURIMAGUAS,27.0,2026-10-02,2026-11-29,60,58,131.79149705571493,132.04555908695323,131.79149705571493,129.46,131.51991350508086,130.20691191201306,133.3760821994168,HIBRIDO_ANALOGO_CLIM,ANALOGO_DTW_HIBRIDO_CLIMATOLOGIA,30,10,0.31148541635476745,OK_ANALOGOS_CONTINUIDAD_CORREGIDA,0.029123095631348406,-0.029123095631348406,0.0,CORREGIDO_ANCLA_OBSERVADO
2026-10-10,YURIMAGUAS,27.0,2026-10-02,2026-11-30,60,59,131.7182350142328,131.97691815819704,131.7182350142328,129.46,131.45078295013417,130.37646179773296,133.06000823073262,HIBRIDO_ANALOGO_CLIM,ANALOGO_DTW_HIBRIDO_CLIMATOLOGIA,30,10,0.31148541635476745,OK_ANALOGOS_CONTINUIDAD_CORREGIDA,0.029123095631348406,-0.029123095631348406,0.0,CORREGIDO_ANCLA_OBSERVADO
2026-10-10,YURIMAGUAS,27.0,2026-10-02,2026-12-01,60,60,131.73087212466527,131.96107584301902,131.73087212466527,129.46,131.50066840631155,130.2718734783841,133.1898707709464,HIBRIDO_ANALOGO_CLIM,ANALOGO_DTW_HIBRIDO_CLIMATOLOGIA,30,10,0.31148541635476745,OK_ANALOGOS_CONTINUIDAD_CORREGIDA,0.029123095631348406,-0.029123095631348406,0.0,CORREGIDO_ANCLA_OBSERVADO
2026-10-10,YURIMAGUAS,27.0,2026-10-02,2026-10-03,90,1,129.46,129.52187472443217,129.46,129.46,129.27437582670353,129.2770766993187,129.64292330068133,HIBRIDO_ANALOGO_CLIM,ANALOGO_DTW_HIBRIDO_CLIMATOLOGIA,30,10,0.31148541635476745,OK_ANALOGOS_CONTINUIDAD_CORREGIDA,0.029123095631348406,-0.029123095631348406,0.0,CORREGIDO_ANCLA_OBSERVADO
2026-10-10,YURIMAGUAS,27.0,2026-10-02,2026-10-04,90,2,129.47539426921884,129.53775689404412,129.47539426921884,129.46,129.28830639474296,129.27786333162896,129.6729252068087,HIBRIDO_ANALOGO_CLIM,ANALOGO_DTW_HIBRIDO_CLIMATOLOGIA,30,10,0.31148541635476745,OK_ANALOGOS_CONTINUIDAD_CORREGIDA,0.029123095631348406,-0.029123095631348406,0.0,CORREGIDO_ANCLA_OBSERVADO
2026-10-10,YURIMAGUAS,27.0,2026-10-02,2026-10-05,90,3,129.57726876207937,129.66056363159385,129.57726876207937,129.46,129.32738415353592,129.08507890768004,130.06945861647867,HIBRIDO_ANALOGO_CLIM,ANALOGO_DTW_HIBRIDO_CLIMATOLOGIA,30,10,0.31148541635476745,OK_ANALOGOS_CONTINUIDAD_CORREGIDA,0.029123095631348406,-0.029123095631348406,0.0,CORREGIDO_ANCLA_OBSERVADO
2026-10-10,YURIMAGUAS,27.0,2026-10-02,2026-10-06,90,4,129.67880774419038,129.73549780987352,129.67880774419038,129.46,129.508737547141,129.11465916321362,130.24295632516714,HIBRIDO_ANALOGO_CLIM,ANALOGO_DTW_HIBRIDO_CLIMATOLOGIA,30,10,0.31148541635476745,OK_ANALOGOS_CONTINUIDAD_CORREGIDA,0.029123095631348406,-0.029123095631348406,0.0,CORREGIDO_ANCLA_OBSERVADO
2026-10-10,YURIMAGUAS,27.0,2026-10-02,2026-10-07,90,5,129.7441232159658,129.81993959389735,129.7441232159658,129.46,129.51667408217116,128.9928735001971,130.49537293173452,HIBRIDO_ANALOGO_CLIM,ANALOGO_DTW_HIBRIDO_CLIMATOLOGIA,30,10,0.31148541635476745,OK_ANALOGOS_CONTINUIDAD_CORREGIDA,0.029123095631348406,-0.029123095631348406,0.0,CORREGIDO_ANCLA_OBSERVADO
2026-10-10,YURIMAGUAS,27.0,2026-10-02,2026-10-08,90,6,129.8255228542123,129.91659673658523,129.8255228542123,129.46,129.55230120709354,128.98561865866483,130.66542704975976,HIBRIDO_ANALOGO_CLIM,ANALOGO_DTW_HIBRIDO_CLIMATOLOGIA,30,10,0.31148541635476745,OK_ANALOGOS_CONTINUIDAD_CORREGIDA,0.029123095631348406,-0.029123095631348406,0.0,CORREGIDO_ANCLA_OBSERVADO
2026-10-10,YURIMAGUAS,27.0,2026-10-02,2026-10-09,90,7,129.88242830342864,129.97404093636072,129.88242830342864,129.46,129.6075904046324,128.92943949080686,130.83541711605045,HIBRIDO_ANALOGO_CLIM,ANALOGO_DTW_HIBRIDO_CLIMATOLOGIA,30,10,0.31148541635476745,OK_ANALOGOS_CONTINUIDAD_CORREGIDA,0.029123095631348406,-0.029123095631348406,0.0,CORREGIDO_ANCLA_OBSERVADO
2026-10-10,YURIMAGUAS,27.0,2026-10-02,2026-10-10,90,8,129.90470164812962,129.97519279889065,129.90470164812962,129.46,129.69322819584656,129.17521015213902,130.63419314412025,HIBRIDO_ANALOGO_CLIM,ANALOGO_DTW_HIBRIDO_CLIMATOLOGIA,30,10,0.31148541635476745,OK_ANALOGOS_CONTINUIDAD_CORREGIDA,0.029123095631348406,-0.029123095631348406,0.0,CORREGIDO_ANCLA_OBSERVADO
2026-10-10,YURIMAGUAS,27.0,2026-10-02,2026-10-11,90,9,129.8845340502226,129.91872485866122,129.8845340502226,129.46,129.78196162490678,129.3991524785299,130.36991562191528,HIBRIDO_ANALOGO_CLIM,ANALOGO_DTW_HIBRIDO_CLIMATOLOGIA,30,10,0.31148541635476745,OK_ANALOGOS_CONTINUIDAD_CORREGIDA,0.029123095631348406,-0.029123095631348406,0.0,CORREGIDO_ANCLA_OBSERVADO
2026-10-10,YURIMAGUAS,27.0,2026-10-02,2026-10-12,90,10,129.91647374237914,129.93858030218055,129.91647374237914,129.46,129.8501540629748,129.49199048411208,130.34095700064623,HIBRIDO_ANALOGO_CLIM,ANALOGO_DTW_HIBRIDO_CLIMATOLOGIA,30,10,0.31148541635476745,OK_ANALOGOS_CONTINUIDAD_CORREGIDA,0.029123095631348406,-0.029123095631348406,0.0,CORREGIDO_ANCLA_OBSERVADO
2026-10-10,YURIMAGUAS,27.0,2026-10-02,2026-10-13,90,11,129.9868528671746,130.00938435222557,129.9868528671746,129.46,129.9192584120217,129.32716442471286,130.64654130963632,HIBRIDO_ANALOGO_CLIM,ANALOGO_DTW_HIBRIDO_CLIMATOLOGIA,30,10,0.31148541635476745,OK_ANALOGOS_CONTINUIDAD_CORREGIDA,0.029123095631348406,-0.029123095631348406,0.0,CORREGIDO_ANCLA_OBSERVADO
2026-10-10,YURIMAGUAS,27.0,2026-10-02,2026-10-14,90,12,129.9694231616191,129.99683647257606,129.9694231616191,129.46,129.88718322874823,129.32752393723572,130.61132238600243,HIBRIDO_ANALOGO_CLIM,ANALOGO_DTW_HIBRIDO_CLIMATOLOGIA,30,10,0.31148541635476745,OK_ANALOGOS_CONTINUIDAD_CORREGIDA,0.029123095631348406,-0.029123095631348406,0.0,CORREGIDO_ANCLA_OBSERVADO
2026-10-10,YURIMAGUAS,27.0,2026-10-02,2026-10-15,90,13,129.981279347484,130.023293451898,129.981279347484,129.46,129.85523703424192,129.41064595546618,130.5519127395018,HIBRIDO_ANALOGO_CLIM,ANALOGO_DTW_HIBRIDO_CLIMATOLOGIA,30,10,0.31148541635476745,OK_ANALOGOS_CONTINUIDAD_CORREGIDA,0.029123095631348406,-0.029123095631348406,0.0,CORREGIDO_ANCLA_OBSERVADO
2026-10-10,YURIMAGUAS,27.0,2026-10-02,2026-10-16,90,14,129.94487540136845,129.9665931554605,129.94487540136845,129.46,129.8797221390923,129.3333482668135,130.55640253592344,HIBRIDO_ANALOGO_CLIM,ANALOGO_DTW_HIBRIDO_CLIMATOLOGIA,30,10,0.31148541635476745,OK_ANALOGOS_CONTINUIDAD_CORREGIDA,0.029123095631348406,-0.029123095631348406,0.0,CORREGIDO_ANCLA_OBSERVADO
2026-10-10,YURIMAGUAS,27.0,2026-10-02,2026-10-17,90,15,129.94599411508437,129.93279174651593,129.94599411508437,129.46,129.98560122078976,129.23665861912866,130.65532961104006,HIBRIDO_ANALOGO_CLIM,ANALOGO_DTW_HIBRIDO_CLIMATOLOGIA,30,10,0.31148541635476745,OK_ANALOGOS_CONTINUIDAD_CORREGIDA,0.029123095631348406,-0.029123095631348406,0.0,CORREGIDO_ANCLA_OBSERVADO
2026-10-10,YURIMAGUAS,27.0,2026-10-02,2026-10-18,90,16,129.9740175978487,129.9477571018746,129.9740175978487,129.46,130.05279908577097,129.24993964472625,130.69809555097115,HIBRIDO_ANALOGO_CLIM,ANALOGO_DTW_HIBRIDO_CLIMATOLOGIA,30,10,0.31148541635476745,OK_ANALOGOS_CONTINUIDAD_CORREGIDA,0.029123095631348406,-0.029123095631348406,0.0,CORREGIDO_ANCLA_OBSERVADO
2026-10-10,YURIMAGUAS,27.0,2026-10-02,2026-10-19,90,17,130.00370766528056,129.98045396342798,130.00370766528056,129.46,130.07346877083828,129.30099419214918,130.70642113841197,HIBRIDO_ANALOGO_CLIM,ANALOGO_DTW_HIBRIDO_CLIMATOLOGIA,30,10,0.31148541635476745,OK_ANALOGOS_CONTINUIDAD_CORREGIDA,0.029123095631348406,-0.029123095631348406,0.0,CORREGIDO_ANCLA_OBSERVADO
2026-10-10,YURIMAGUAS,27.0,2026-10-02,2026-10-20,90,18,130.02901705138856,130.00866278076174,130.02901705138856,129.46,130.09007986326898,129.34949775326362,130.7085363495135,HIBRIDO_ANALOGO_CLIM,ANALOGO_DTW_HIBRIDO_CLIMATOLOGIA,30,10,0.31148541635476745,OK_ANALOGOS_CONTINUIDAD_CORREGIDA,0.029123095631348406,-0.029123095631348406,0.0,CORREGIDO_ANCLA_OBSERVADO
2026-10-10,YURIMAGUAS,27.0,2026-10-02,2026-10-21,90,19,130.1709685950192,130.18830271177399,130.1709685950192,129.46,130.11896624475477,129.59825059486226,130.74368659517614,HIBRIDO_ANALOGO_CLIM,ANALOGO_DTW_HIBRIDO_CLIMATOLOGIA,30,10,0.31148541635476745,OK_ANALOGOS_CONTINUIDAD_CORREGIDA,0.029123095631348406,-0.029123095631348406,0.0,CORREGIDO_ANCLA_OBSERVADO
2026-10-10,YURIMAGUAS,27.0,2026-10-02,2026-10-22,90,20,130.21364546957628,130.2299176509809,130.21364546957628,129.46,130.16482892536246,129.65911552652437,130.76817541262815,HIBRIDO_ANALOGO_CLIM,ANALOGO_DTW_HIBRIDO_CLIMATOLOGIA,30,10,0.31148541635476745,OK_ANALOGOS_CONTINUIDAD_CORREGIDA,0.029123095631348406,-0.029123095631348406,0.0,CORREGIDO_ANCLA_OBSERVADO
2026-10-10,YURIMAGUAS,27.0,2026-10-02,2026-10-23,90,21,130.3113384319331,130.36550590779248,130.3113384319331,129.46,130.1488360043549,129.6342128611219,130.98846400274428,HIBRIDO_ANALOGO_CLIM,ANALOGO_DTW_HIBRIDO_CLIMATOLOGIA,30,10,0.31148541635476745,OK_ANALOGOS_CONTINUIDAD_CORREGIDA,0.029123095631348406,-0.029123095631348406,0.0,CORREGIDO_ANCLA_OBSERVADO
2026-10-10,YURIMAGUAS,27.0,2026-10-02,2026-10-24,90,22,130.3922381409132,130.45964799421597,130.3922381409132,129.46,130.19000858100495,129.55400293905325,131.23047334277317,HIBRIDO_ANALOGO_CLIM,ANALOGO_DTW_HIBRIDO_CLIMATOLOGIA,30,10,0.31148541635476745,OK_ANALOGOS_CONTINUIDAD_CORREGIDA,0.029123095631348406,-0.029123095631348406,0.0,CORREGIDO_ANCLA_OBSERVADO
2026-10-10,YURIMAGUAS,27.0,2026-10-02,2026-10-25,90,23,130.43256246588538,130.46447327969486,130.43256246588538,129.46,130.336830024457,129.55592589632937,131.3091990354414,HIBRIDO_ANALOGO_CLIM,ANALOGO_DTW_HIBRIDO_CLIMATOLOGIA,30,10,0.31148541635476745,OK_ANALOGOS_CONTINUIDAD_CORREGIDA,0.029123095631348406,-0.029123095631348406,0.0,CORREGIDO_ANCLA_OBSERVADO
2026-10-10,YURIMAGUAS,27.0,2026-10-02,2026-10-26,90,24,130.44498064584226,130.4598873038477,130.44498064584226,129.46,130.400260671826,129.519371058981,131.37059023270356,HIBRIDO_ANALOGO_CLIM,ANALOGO_DTW_HIBRIDO_CLIMATOLOGIA,30,10,0.31148541635476745,OK_ANALOGOS_CONTINUIDAD_CORREGIDA,0.029123095631348406,-0.029123095631348406,0.0,CORREGIDO_ANCLA_OBSERVADO
2026-10-10,YURIMAGUAS,27.0,2026-10-02,2026-10-27,90,25,130.4739766205129,130.47593696538632,130.4739766205129,129.46,130.4680955858926,129.5611973331623,131.38675590786346,HIBRIDO_ANALOGO_CLIM,ANALOGO_DTW_HIBRIDO_CLIMATOLOGIA,30,10,0.31148541635476745,OK_ANALOGOS_CONTINUIDAD_CORREGIDA,0.029123095631348406,-0.029123095631348406,0.0,CORREGIDO_ANCLA_OBSERVADO
2026-10-10,YURIMAGUAS,27.0,2026-10-02,2026-10-28,90,26,130.50521575418594,130.51725519758648,130.50521575418594,129.46,130.46909742398427,129.5685437465455,131.4418877618264,HIBRIDO_ANALOGO_CLIM,ANALOGO_DTW_HIBRIDO_CLIMATOLOGIA,30,10,0.31148541635476745,OK_ANALOGOS_CONTINUIDAD_CORREGIDA,0.029123095631348406,-0.029123095631348406,0.0,CORREGIDO_ANCLA_OBSERVADO
2026-10-10,YURIMAGUAS,27.0,2026-10-02,2026-10-29,90,27,130.52193233347535,130.53699018552135,130.52193233347535,129.46,130.47675877733732,129.5159532003333,131.52791146661735,HIBRIDO_ANALOGO_CLIM,ANALOGO_DTW_HIBRIDO_CLIMATOLOGIA,30,10,0.31148541635476745,OK_ANALOGOS_CONTINUIDAD_CORREGIDA,0.029123095631348406,-0.029123095631348406,0.0,CORREGIDO_ANCLA_OBSERVADO
2026-10-10,YURIMAGUAS,27.0,2026-10-02,2026-10-30,90,28,130.56451073216687,130.56227918896786,130.56451073216687,129.46,130.57120536176382,129.51200383422773,131.61701763010603,HIBRIDO_ANALOGO_CLIM,ANALOGO_DTW_HIBRIDO_CLIMATOLOGIA,30,10,0.31148541635476745,OK_ANALOGOS_CONTINUIDAD_CORREGIDA,0.029123095631348406,-0.029123095631348406,0.0,CORREGIDO_ANCLA_OBSERVADO
2026-10-10,YURIMAGUAS,27.0,2026-10-02,2026-10-31,90,29,130.67184041233162,130.68428302191927,130.67184041233162,129.46,130.63451258356866,129.46182377990002,131.88185704476322,HIBRIDO_ANALOGO_CLIM,ANALOGO_DTW_HIBRIDO_CLIMATOLOGIA,30,10,0.31148541635476745,OK_ANALOGOS_CONTINUIDAD_CORREGIDA,0.029123095631348406,-0.029123095631348406,0.0,CORREGIDO_ANCLA_OBSERVADO
2026-10-10,YURIMAGUAS,27.0,2026-10-02,2026-11-01,90,30,130.73201231086313,130.77245907943447,130.73201231086313,129.46,130.6106720051491,129.64335410990273,131.8206705118235,HIBRIDO_ANALOGO_CLIM,ANALOGO_DTW_HIBRIDO_CLIMATOLOGIA,30,10,0.31148541635476745,OK_ANALOGOS_CONTINUIDAD_CORREGIDA,0.029123095631348406,-0.029123095631348406,0.0,CORREGIDO_ANCLA_OBSERVADO
2026-10-10,YURIMAGUAS,27.0,2026-10-02,2026-11-02,90,31,130.78736338071886,130.85741189983898,130.78736338071886,129.46,130.58625634195462,130.05892321438535,131.5158035470524,HIBRIDO_ANALOGO_CLIM,ANALOGO_DTW_HIBRIDO_CLIMATOLOGIA,30,10,0.31148541635476745,OK_ANALOGOS_CONTINUIDAD_CORREGIDA,0.029123095631348406,-0.029123095631348406,0.0,CORREGIDO_ANCLA_OBSERVADO
2026-10-10,YURIMAGUAS,27.0,2026-10-02,2026-11-03,90,32,130.85024526294518,130.9181815981374,130.85024526294518,129.46,130.66342034116656,130.20913678063656,131.4913537452538,HIBRIDO_ANALOGO_CLIM,ANALOGO_DTW_HIBRIDO_CLIMATOLOGIA,30,10,0.31148541635476745,OK_ANALOGOS_CONTINUIDAD_CORREGIDA,0.029123095631348406,-0.029123095631348406,0.0,CORREGIDO_ANCLA_OBSERVADO
2026-10-10,YURIMAGUAS,27.0,2026-10-02,2026-11-04,90,33,130.97857872544733,131.05699487579528,130.97857872544733,129.46,130.77184523816638,129.937046213183,132.02011123771166,HIBRIDO_ANALOGO_CLIM,ANALOGO_DTW_HIBRIDO_CLIMATOLOGIA,30,10,0.31148541635476745,OK_ANALOGOS_CONTINUIDAD_CORREGIDA,0.029123095631348406,-0.029123095631348406,0.0,CORREGIDO_ANCLA_OBSERVADO
2026-10-10,YURIMAGUAS,27.0,2026-10-02,2026-11-05,90,34,131.00666974828147,131.10194294271648,131.00666974828147,129.46,130.7656846094164,130.009267710436,132.00407178612693,HIBRIDO_ANALOGO_CLIM,ANALOGO_DTW_HIBRIDO_CLIMATOLOGIA,30,10,0.31148541635476745,OK_ANALOGOS_CONTINUIDAD_CORREGIDA,0.029123095631348406,-0.029123095631348406,0.0,CORREGIDO_ANCLA_OBSERVADO
2026-10-10,YURIMAGUAS,27.0,2026-10-02,2026-11-06,90,35,130.97019157452735,131.0509016517319,130.97019157452735,129.46,130.77418138703055,130.2674407444042,131.67294240465048,HIBRIDO_ANALOGO_CLIM,ANALOGO_DTW_HIBRIDO_CLIMATOLOGIA,30,10,0.31148541635476745,OK_ANALOGOS_CONTINUIDAD_CORREGIDA,0.029123095631348406,-0.029123095631348406,0.0,CORREGIDO_ANCLA_OBSERVADO
2026-10-10,YURIMAGUAS,27.0,2026-10-02,2026-11-07,90,36,130.9645923077062,131.01358840074028,130.9645923077062,129.46,130.85026809062674,130.40646956590703,131.52271504950536,HIBRIDO_ANALOGO_CLIM,ANALOGO_DTW_HIBRIDO_CLIMATOLOGIA,30,10,0.31148541635476745,OK_ANALOGOS_CONTINUIDAD_CORREGIDA,0.029123095631348406,-0.029123095631348406,0.0,CORREGIDO_ANCLA_OBSERVADO
2026-10-10,YURIMAGUAS,27.0,2026-10-02,2026-11-08,90,37,131.0000070849054,131.0487350629424,131.0000070849054,129.46,130.890698377417,130.39266827110373,131.60734589870708,HIBRIDO_ANALOGO_CLIM,ANALOGO_DTW_HIBRIDO_CLIMATOLOGIA,30,10,0.31148541635476745,OK_ANALOGOS_CONTINUIDAD_CORREGIDA,0.029123095631348406,-0.029123095631348406,0.0,CORREGIDO_ANCLA_OBSERVADO
2026-10-10,YURIMAGUAS,27.0,2026-10-02,2026-11-09,90,38,131.04827814582134,131.08598906242,131.04827814582134,129.46,130.96690195737162,130.24925567283535,131.84730061880734,HIBRIDO_ANALOGO_CLIM,ANALOGO_DTW_HIBRIDO_CLIMATOLOGIA,30,10,0.31148541635476745,OK_ANALOGOS_CONTINUIDAD_CORREGIDA,0.029123095631348406,-0.029123095631348406,0.0,CORREGIDO_ANCLA_OBSERVADO
2026-10-10,YURIMAGUAS,27.0,2026-10-02,2026-11-10,90,39,131.1716959997786,131.26026425025285,131.1716959997786,129.46,130.9877465564859,130.12096466012534,132.22242733943185,HIBRIDO_ANALOGO_CLIM,ANALOGO_DTW_HIBRIDO_CLIMATOLOGIA,30,10,0.31148541635476745,OK_ANALOGOS_CONTINUIDAD_CORREGIDA,0.029123095631348406,-0.029123095631348406,0.0,CORREGIDO_ANCLA_OBSERVADO
2026-10-10,YURIMAGUAS,27.0,2026-10-02,2026-11-11,90,40,131.1140071286338,131.2281916951165,131.1140071286338,129.46,130.8856379956684,130.1878722883425,132.0401419689251,HIBRIDO_ANALOGO_CLIM,ANALOGO_DTW_HIBRIDO_CLIMATOLOGIA,30,10,0.31148541635476745,OK_ANALOGOS_CONTINUIDAD_CORREGIDA,0.029123095631348406,-0.029123095631348406,0.0,CORREGIDO_ANCLA_OBSERVADO
2026-10-10,YURIMAGUAS,27.0,2026-10-02,2026-11-12,90,41,131.0617719248311,131.17509497835894,131.0617719248311,129.46,130.8434177485214,130.1949043123912,131.92863953727104,HIBRIDO_ANALOGO_CLIM,ANALOGO_DTW_HIBRIDO_CLIMATOLOGIA,30,10,0.31148541635476745,OK_ANALOGOS_CONTINUIDAD_CORREGIDA,0.029123095631348406,-0.029123095631348406,0.0,CORREGIDO_ANCLA_OBSERVADO
2026-10-10,YURIMAGUAS,27.0,2026-10-02,2026-11-13,90,42,131.03047993801815,131.13365234357903,131.03047993801815,129.46,130.83887404197648,130.2775860101672,131.7833738658691,HIBRIDO_ANALOGO_CLIM,ANALOGO_DTW_HIBRIDO_CLIMATOLOGIA,30,10,0.31148541635476745,OK_ANALOGOS_CONTINUIDAD_CORREGIDA,0.029123095631348406,-0.029123095631348406,0.0,CORREGIDO_ANCLA_OBSERVADO
2026-10-10,YURIMAGUAS,27.0,2026-10-02,2026-11-14,90,43,131.0234552994125,131.08601867281791,131.0234552994125,129.46,130.91142321215165,130.35712997315412,131.68978062567083,HIBRIDO_ANALOGO_CLIM,ANALOGO_DTW_HIBRIDO_CLIMATOLOGIA,30,10,0.31148541635476745,OK_ANALOGOS_CONTINUIDAD_CORREGIDA,0.029123095631348406,-0.029123095631348406,0.0,CORREGIDO_ANCLA_OBSERVADO
2026-10-10,YURIMAGUAS,27.0,2026-10-02,2026-11-15,90,44,131.03907158112247,131.01333736332634,131.03907158112247,129.46,131.08352159367936,130.35745209960737,131.72069106263757,HIBRIDO_ANALOGO_CLIM,ANALOGO_DTW_HIBRIDO_CLIMATOLOGIA,30,10,0.31148541635476745,OK_ANALOGOS_CONTINUIDAD_CORREGIDA,0.029123095631348406,-0.029123095631348406,0.0,CORREGIDO_ANCLA_OBSERVADO
2026-10-10,YURIMAGUAS,27.0,2026-10-02,2026-11-16,90,45,131.00577873010675,130.91917512878314,131.00577873010675,129.46,131.15011806564613,130.1792882553678,131.83226920484572,HIBRIDO_ANALOGO_CLIM,ANALOGO_DTW_HIBRIDO_CLIMATOLOGIA,30,10,0.31148541635476745,OK_ANALOGOS_CONTINUIDAD_CORREGIDA,0.029123095631348406,-0.029123095631348406,0.0,CORREGIDO_ANCLA_OBSERVADO
2026-10-10,YURIMAGUAS,27.0,2026-10-02,2026-11-17,90,46,131.02291737777298,130.91971981754656,131.02291737777298,129.46,131.18893084422422,130.23379896312278,131.8120357924232,HIBRIDO_ANALOGO_CLIM,ANALOGO_DTW_HIBRIDO_CLIMATOLOGIA,30,10,0.31148541635476745,OK_ANALOGOS_CONTINUIDAD_CORREGIDA,0.029123095631348406,-0.029123095631348406,0.0,CORREGIDO_ANCLA_OBSERVADO
2026-10-10,YURIMAGUAS,27.0,2026-10-02,2026-11-18,90,47,131.12311516378554,131.06932444436606,131.12311516378554,129.46,131.20666245139455,130.4942392042123,131.75199112335875,HIBRIDO_ANALOGO_CLIM,ANALOGO_DTW_HIBRIDO_CLIMATOLOGIA,30,10,0.31148541635476745,OK_ANALOGOS_CONTINUIDAD_CORREGIDA,0.029123095631348406,-0.029123095631348406,0.0,CORREGIDO_ANCLA_OBSERVADO
2026-10-10,YURIMAGUAS,27.0,2026-10-02,2026-11-19,90,48,131.14890719648216,131.12816026671584,131.14890719648216,129.46,131.18002759113165,130.29037466667125,132.00743972629306,HIBRIDO_ANALOGO_CLIM,ANALOGO_DTW_HIBRIDO_CLIMATOLOGIA,30,10,0.31148541635476745,OK_ANALOGOS_CONTINUIDAD_CORREGIDA,0.029123095631348406,-0.029123095631348406,0.0,CORREGIDO_ANCLA_OBSERVADO
2026-10-10,YURIMAGUAS,27.0,2026-10-02,2026-11-20,90,49,131.2083427431836,131.22758634745855,131.2083427431836,129.46,131.18045915331584,129.83585461706784,132.58083086929935,HIBRIDO_ANALOGO_CLIM,ANALOGO_DTW_HIBRIDO_CLIMATOLOGIA,30,10,0.31148541635476745,OK_ANALOGOS_CONTINUIDAD_CORREGIDA,0.029123095631348406,-0.029123095631348406,0.0,CORREGIDO_ANCLA_OBSERVADO
2026-10-10,YURIMAGUAS,27.0,2026-10-02,2026-11-21,90,50,131.23349969499836,131.28389109161344,131.23349969499836,129.46,131.16295173973725,129.8462813922523,132.62071799774444,HIBRIDO_ANALOGO_CLIM,ANALOGO_DTW_HIBRIDO_CLIMATOLOGIA,30,10,0.31148541635476745,OK_ANALOGOS_CONTINUIDAD_CORREGIDA,0.029123095631348406,-0.029123095631348406,0.0,CORREGIDO_ANCLA_OBSERVADO
2026-10-10,YURIMAGUAS,27.0,2026-10-02,2026-11-22,90,51,131.2634968228562,131.2942618703685,131.2634968228562,129.46,131.22187352328078,129.7060041644385,132.8209894812739,HIBRIDO_ANALOGO_CLIM,ANALOGO_DTW_HIBRIDO_CLIMATOLOGIA,30,10,0.31148541635476745,OK_ANALOGOS_CONTINUIDAD_CORREGIDA,0.029123095631348406,-0.029123095631348406,0.0,CORREGIDO_ANCLA_OBSERVADO
2026-10-10,YURIMAGUAS,27.0,2026-10-02,2026-11-23,90,52,131.35251701682398,131.39086294784,131.35251701682398,129.46,131.302372337803,129.79286853181887,132.9121655018291,HIBRIDO_ANALOGO_CLIM,ANALOGO_DTW_HIBRIDO_CLIMATOLOGIA,30,10,0.31148541635476745,OK_ANALOGOS_CONTINUIDAD_CORREGIDA,0.029123095631348406,-0.029123095631348406,0.0,CORREGIDO_ANCLA_OBSERVADO
2026-10-10,YURIMAGUAS,27.0,2026-10-02,2026-11-24,90,53,131.40854410691088,131.45407194813993,131.40854410691088,129.46,131.3509900434704,130.24206144855054,132.5750267652712,HIBRIDO_ANALOGO_CLIM,ANALOGO_DTW_HIBRIDO_CLIMATOLOGIA,30,10,0.31148541635476745,OK_ANALOGOS_CONTINUIDAD_CORREGIDA,0.029123095631348406,-0.029123095631348406,0.0,CORREGIDO_ANCLA_OBSERVADO
2026-10-10,YURIMAGUAS,27.0,2026-10-02,2026-11-25,90,54,131.55537702653817,131.65087331868943,131.55537702653817,129.46,131.43865933613108,130.71358840603577,132.39716564704057,HIBRIDO_ANALOGO_CLIM,ANALOGO_DTW_HIBRIDO_CLIMATOLOGIA,30,10,0.31148541635476745,OK_ANALOGOS_CONTINUIDAD_CORREGIDA,0.029123095631348406,-0.029123095631348406,0.0,CORREGIDO_ANCLA_OBSERVADO
2026-10-10,YURIMAGUAS,27.0,2026-10-02,2026-11-26,90,55,131.66306736511254,131.8209369348696,131.66306736511254,129.46,131.47649423721785,130.35950132480374,132.96663340542133,HIBRIDO_ANALOGO_CLIM,ANALOGO_DTW_HIBRIDO_CLIMATOLOGIA,30,10,0.31148541635476745,OK_ANALOGOS_CONTINUIDAD_CORREGIDA,0.029123095631348406,-0.029123095631348406,0.0,CORREGIDO_ANCLA_OBSERVADO
2026-10-10,YURIMAGUAS,27.0,2026-10-02,2026-11-27,90,56,131.726156799202,131.9367604985013,131.726156799202,129.46,131.48546685714567,130.29015113207876,133.16216246632519,HIBRIDO_ANALOGO_CLIM,ANALOGO_DTW_HIBRIDO_CLIMATOLOGIA,30,10,0.31148541635476745,OK_ANALOGOS_CONTINUIDAD_CORREGIDA,0.029123095631348406,-0.029123095631348406,0.0,CORREGIDO_ANCLA_OBSERVADO
2026-10-10,YURIMAGUAS,27.0,2026-10-02,2026-11-28,90,57,131.7996712788204,132.0542658331389,131.7996712788204,129.46,131.5182772977315,130.2474412376083,133.35190132003248,HIBRIDO_ANALOGO_CLIM,ANALOGO_DTW_HIBRIDO_CLIMATOLOGIA,30,10,0.31148541635476745,OK_ANALOGOS_CONTINUIDAD_CORREGIDA,0.029123095631348406,-0.029123095631348406,0.0,CORREGIDO_ANCLA_OBSERVADO
2026-10-10,YURIMAGUAS,27.0,2026-10-02,2026-11-29,90,58,131.79149705571493,132.04555908695323,131.79149705571493,129.46,131.51991350508086,130.20691191201306,133.3760821994168,HIBRIDO_ANALOGO_CLIM,ANALOGO_DTW_HIBRIDO_CLIMATOLOGIA,30,10,0.31148541635476745,OK_ANALOGOS_CONTINUIDAD_CORREGIDA,0.029123095631348406,-0.029123095631348406,0.0,CORREGIDO_ANCLA_OBSERVADO
2026-10-10,YURIMAGUAS,27.0,2026-10-02,2026-11-30,90,59,131.7182350142328,131.97691815819704,131.7182350142328,129.46,131.45078295013417,130.37646179773296,133.06000823073262,HIBRIDO_ANALOGO_CLIM,ANALOGO_DTW_HIBRIDO_CLIMATOLOGIA,30,10,0.31148541635476745,OK_ANALOGOS_CONTINUIDAD_CORREGIDA,0.029123095631348406,-0.029123095631348406,0.0,CORREGIDO_ANCLA_OBSERVADO
2026-10-10,YURIMAGUAS,27.0,2026-10-02,2026-12-01,90,60,131.73087212466527,131.96107584301902,131.73087212466527,129.46,131.50066840631155,130.2718734783841,133.1898707709464,HIBRIDO_ANALOGO_CLIM,ANALOGO_DTW_HIBRIDO_CLIMATOLOGIA,30,10,0.31148541635476745,OK_ANALOGOS_CONTINUIDAD_CORREGIDA,0.029123095631348406,-0.029123095631348406,0.0,CORREGIDO_ANCLA_OBSERVADO
2026-10-10,YURIMAGUAS,27.0,2026-10-02,2026-12-02,90,61,131.8017953558313,131.9656902851285,131.8017953558313,129.46,131.64327403077337,130.4703151881182,133.1332755235444,HIBRIDO_ANALOGO_CLIM,ANALOGO_DTW_HIBRIDO_CLIMATOLOGIA,30,10,0.31148541635476745,OK_ANALOGOS_CONTINUIDAD_CORREGIDA,0.029123095631348406,-0.029123095631348406,0.0,CORREGIDO_ANCLA_OBSERVADO
2026-10-10,YURIMAGUAS,27.0,2026-10-02,2026-12-03,90,62,131.8820768211245,132.00395980913063,131.8820768211245,129.46,131.76805725169942,130.66621902473364,133.09793461751542,HIBRIDO_ANALOGO_CLIM,ANALOGO_DTW_HIBRIDO_CLIMATOLOGIA,30,10,0.31148541635476745,OK_ANALOGOS_CONTINUIDAD_CORREGIDA,0.029123095631348406,-0.029123095631348406,0.0,CORREGIDO_ANCLA_OBSERVADO
2026-10-10,YURIMAGUAS,27.0,2026-10-02,2026-12-04,90,63,131.91577246583165,132.05373054291857,131.91577246583165,129.46,131.7909532532292,130.6715276760438,133.16001725561952,HIBRIDO_ANALOGO_CLIM,ANALOGO_DTW_HIBRIDO_CLIMATOLOGIA,30,10,0.31148541635476745,OK_ANALOGOS_CONTINUIDAD_CORREGIDA,0.029123095631348406,-0.029123095631348406,0.0,CORREGIDO_ANCLA_OBSERVADO
2026-10-10,YURIMAGUAS,27.0,2026-10-02,2026-12-05,90,64,131.95677282999688,132.11841125772432,131.95677282999688,129.46,131.81533920573537,130.65318873213707,133.2603569278567,HIBRIDO_ANALOGO_CLIM,ANALOGO_DTW_HIBRIDO_CLIMATOLOGIA,30,10,0.31148541635476745,OK_ANALOGOS_CONTINUIDAD_CORREGIDA,0.029123095631348406,-0.029123095631348406,0.0,CORREGIDO_ANCLA_OBSERVADO
2026-10-10,YURIMAGUAS,27.0,2026-10-02,2026-12-06,90,65,131.91528855556038,132.08791026018287,131.91528855556038,129.46,131.76922403626443,130.64321026773666,133.18736684338407,HIBRIDO_ANALOGO_CLIM,ANALOGO_DTW_HIBRIDO_CLIMATOLOGIA,30,10,0.31148541635476745,OK_ANALOGOS_CONTINUIDAD_CORREGIDA,0.029123095631348406,-0.029123095631348406,0.0,CORREGIDO_ANCLA_OBSERVADO
2026-10-10,YURIMAGUAS,27.0,2026-10-02,2026-12-07,90,66,131.89949354641814,132.04949903619575,131.89949354641814,129.46,131.77676178205465,130.51939804370232,133.27958904913396,HIBRIDO_ANALOGO_CLIM,ANALOGO_DTW_HIBRIDO_CLIMATOLOGIA,30,10,0.31148541635476745,OK_ANALOGOS_CONTINUIDAD_CORREGIDA,0.029123095631348406,-0.029123095631348406,0.0,CORREGIDO_ANCLA_OBSERVADO
2026-10-10,YURIMAGUAS,27.0,2026-10-02,2026-12-08,90,67,131.9322683897533,132.09675107618978,131.9322683897533,129.46,131.80215521988566,130.73412791005316,133.1304088694534,HIBRIDO_ANALOGO_CLIM,ANALOGO_DTW_HIBRIDO_CLIMATOLOGIA,30,10,0.31148541635476745,OK_ANALOGOS_CONTINUIDAD_CORREGIDA,0.029123095631348406,-0.029123095631348406,0.0,CORREGIDO_ANCLA_OBSERVADO
2026-10-10,YURIMAGUAS,27.0,2026-10-02,2026-12-09,90,68,131.91246927873166,132.0088388607267,131.91246927873166,129.46,131.83877489250014,130.85703827692018,132.96790028054315,HIBRIDO_ANALOGO_CLIM,ANALOGO_DTW_HIBRIDO_CLIMATOLOGIA,30,10,0.31148541635476745,OK_ANALOGOS_CONTINUIDAD_CORREGIDA,0.029123095631348406,-0.029123095631348406,0.0,CORREGIDO_ANCLA_OBSERVADO
2026-10-10,YURIMAGUAS,27.0,2026-10-02,2026-12-10,90,69,131.94606648264292,132.04275543444226,131.94606648264292,129.46,131.8746007356608,130.95515144056534,132.9369815247205,HIBRIDO_ANALOGO_CLIM,ANALOGO_DTW_HIBRIDO_CLIMATOLOGIA,30,10,0.31148541635476745,OK_ANALOGOS_CONTINUIDAD_CORREGIDA,0.029123095631348406,-0.029123095631348406,0.0,CORREGIDO_ANCLA_OBSERVADO
2026-10-10,YURIMAGUAS,27.0,2026-10-02,2026-12-11,90,70,131.9791697036503,132.06113121242015,131.9791697036503,129.46,131.92062576881472,131.04480004981798,132.91353935748262,HIBRIDO_ANALOGO_CLIM,ANALOGO_DTW_HIBRIDO_CLIMATOLOGIA,30,10,0.31148541635476745,OK_ANALOGOS_CONTINUIDAD_CORREGIDA,0.029123095631348406,-0.029123095631348406,0.0,CORREGIDO_ANCLA_OBSERVADO
2026-10-10,YURIMAGUAS,27.0,2026-10-02,2026-12-12,90,71,132.00805640722822,132.09451016624251,132.00805640722822,129.46,131.94839113692257,131.04060424547808,132.97550856897837,HIBRIDO_ANALOGO_CLIM,ANALOGO_DTW_HIBRIDO_CLIMATOLOGIA,30,10,0.31148541635476745,OK_ANALOGOS_CONTINUIDAD_CORREGIDA,0.029123095631348406,-0.029123095631348406,0.0,CORREGIDO_ANCLA_OBSERVADO
2026-10-10,YURIMAGUAS,27.0,2026-10-02,2026-12-13,90,72,131.98736258743207,132.07701568942906,131.98736258743207,129.46,131.92759385276744,131.05482039592343,132.91990477894072,HIBRIDO_ANALOGO_CLIM,ANALOGO_DTW_HIBRIDO_CLIMATOLOGIA,30,10,0.31148541635476745,OK_ANALOGOS_CONTINUIDAD_CORREGIDA,0.029123095631348406,-0.029123095631348406,0.0,CORREGIDO_ANCLA_OBSERVADO
2026-10-10,YURIMAGUAS,27.0,2026-10-02,2026-12-14,90,73,132.02488328771457,132.19383959297127,132.02488328771457,129.46,131.91610320076848,131.1517101079404,132.89805646748871,HIBRIDO_ANALOGO_CLIM,ANALOGO_DTW_HIBRIDO_CLIMATOLOGIA,30,10,0.31148541635476745,OK_ANALOGOS_CONTINUIDAD_CORREGIDA,0.029123095631348406,-0.029123095631348406,0.0,CORREGIDO_ANCLA_OBSERVADO
2026-10-10,YURIMAGUAS,27.0,2026-10-02,2026-12-15,90,74,132.09773824916346,132.3750787816434,132.09773824916346,129.46,131.92533737762187,130.89017754291436,133.30529895541258,HIBRIDO_ANALOGO_CLIM,ANALOGO_DTW_HIBRIDO_CLIMATOLOGIA,30,10,0.31148541635476745,OK_ANALOGOS_CONTINUIDAD_CORREGIDA,0.029123095631348406,-0.029123095631348406,0.0,CORREGIDO_ANCLA_OBSERVADO
2026-10-10,YURIMAGUAS,27.0,2026-10-02,2026-12-16,90,75,132.0693315915511,132.2887573700421,132.0693315915511,129.46,131.9376761244565,131.15321432476455,132.98544885833766,HIBRIDO_ANALOGO_CLIM,ANALOGO_DTW_HIBRIDO_CLIMATOLOGIA,30,10,0.31148541635476745,OK_ANALOGOS_CONTINUIDAD_CORREGIDA,0.029123095631348406,-0.029123095631348406,0.0,CORREGIDO_ANCLA_OBSERVADO
2026-10-10,YURIMAGUAS,27.0,2026-10-02,2026-12-17,90,76,132.11029196738485,132.40229956678388,132.11029196738485,129.46,131.94123493615385,131.026239464513,133.1943444702567,HIBRIDO_ANALOGO_CLIM,ANALOGO_DTW_HIBRIDO_CLIMATOLOGIA,30,10,0.31148541635476745,OK_ANALOGOS_CONTINUIDAD_CORREGIDA,0.029123095631348406,-0.029123095631348406,0.0,CORREGIDO_ANCLA_OBSERVADO
2026-10-10,YURIMAGUAS,27.0,2026-10-02,2026-12-18,90,77,132.1138290754792,132.41184058594433,132.1138290754792,129.46,131.94740706314153,131.15117051429885,133.07648763665955,HIBRIDO_ANALOGO_CLIM,ANALOGO_DTW_HIBRIDO_CLIMATOLOGIA,30,10,0.31148541635476745,OK_ANALOGOS_CONTINUIDAD_CORREGIDA,0.029123095631348406,-0.029123095631348406,0.0,CORREGIDO_ANCLA_OBSERVADO
2026-10-10,YURIMAGUAS,27.0,2026-10-02,2026-12-19,90,78,132.07225665666127,132.32512776888566,132.07225665666127,129.46,131.93609528854043,131.2794666338885,132.86504667943404,HIBRIDO_ANALOGO_CLIM,ANALOGO_DTW_HIBRIDO_CLIMATOLOGIA,30,10,0.31148541635476745,OK_ANALOGOS_CONTINUIDAD_CORREGIDA,0.029123095631348406,-0.029123095631348406,0.0,CORREGIDO_ANCLA_OBSERVADO
2026-10-10,YURIMAGUAS,27.0,2026-10-02,2026-12-20,90,79,132.08776267577502,132.29356728993213,132.08776267577502,129.46,131.9809526861492,131.24420988589057,132.9313154656595,HIBRIDO_ANALOGO_CLIM,ANALOGO_DTW_HIBRIDO_CLIMATOLOGIA,30,10,0.31148541635476745,OK_ANALOGOS_CONTINUIDAD_CORREGIDA,0.029123095631348406,-0.029123095631348406,0.0,CORREGIDO_ANCLA_OBSERVADO
2026-10-10,YURIMAGUAS,27.0,2026-10-02,2026-12-21,90,80,132.14619998095392,132.42609179646792,132.14619998095392,129.46,132.0062540731969,131.20415389421683,133.08824606769102,HIBRIDO_ANALOGO_CLIM,ANALOGO_DTW_HIBRIDO_CLIMATOLOGIA,30,10,0.31148541635476745,OK_ANALOGOS_CONTINUIDAD_CORREGIDA,0.029123095631348406,-0.029123095631348406,0.0,CORREGIDO_ANCLA_OBSERVADO
2026-10-10,YURIMAGUAS,27.0,2026-10-02,2026-12-22,90,81,132.11071736725034,132.28418534314707,132.11071736725034,129.46,132.027195749226,131.072700964654,133.1487337698467,HIBRIDO_ANALOGO_CLIM,ANALOGO_DTW_HIBRIDO_CLIMATOLOGIA,30,10,0.31148541635476745,OK_ANALOGOS_CONTINUIDAD_CORREGIDA,0.029123095631348406,-0.029123095631348406,0.0,CORREGIDO_ANCLA_OBSERVADO
2026-10-10,YURIMAGUAS,27.0,2026-10-02,2026-12-23,90,82,132.1161936585991,132.24112153153163,132.1161936585991,129.46,132.05830025406937,131.04340281785065,133.18898449934753,HIBRIDO_ANALOGO_CLIM,ANALOGO_DTW_HIBRIDO_CLIMATOLOGIA,30,10,0.31148541635476745,OK_ANALOGOS_CONTINUIDAD_CORREGIDA,0.029123095631348406,-0.029123095631348406,0.0,CORREGIDO_ANCLA_OBSERVADO
2026-10-10,YURIMAGUAS,27.0,2026-10-02,2026-12-24,90,83,132.1169923739606,132.2036176008403,132.1169923739606,129.46,132.07837630896606,131.1712622561296,133.06272249179165,HIBRIDO_ANALOGO_CLIM,ANALOGO_DTW_HIBRIDO_CLIMATOLOGIA,30,10,0.31148541635476745,OK_ANALOGOS_CONTINUIDAD_CORREGIDA,0.029123095631348406,-0.029123095631348406,0.0,CORREGIDO_ANCLA_OBSERVADO
2026-10-10,YURIMAGUAS,27.0,2026-10-02,2026-12-25,90,84,132.1461984746517,132.23033097324236,132.1461984746517,129.46,132.11014168954142,131.28380645992095,133.0085904893824,HIBRIDO_ANALOGO_CLIM,ANALOGO_DTW_HIBRIDO_CLIMATOLOGIA,30,10,0.31148541635476745,OK_ANALOGOS_CONTINUIDAD_CORREGIDA,0.029123095631348406,-0.029123095631348406,0.0,CORREGIDO_ANCLA_OBSERVADO
2026-10-10,YURIMAGUAS,27.0,2026-10-02,2026-12-26,90,85,132.11650636520233,132.1764757050614,132.11650636520233,129.46,132.0918131076133,131.39053515596734,132.84247757443734,HIBRIDO_ANALOGO_CLIM,ANALOGO_DTW_HIBRIDO_CLIMATOLOGIA,30,10,0.31148541635476745,OK_ANALOGOS_CONTINUIDAD_CORREGIDA,0.029123095631348406,-0.029123095631348406,0.0,CORREGIDO_ANCLA_OBSERVADO
2026-10-10,YURIMAGUAS,27.0,2026-10-02,2026-12-27,90,86,132.14764664755126,132.27912558222715,132.14764664755126,129.46,132.09566660360963,131.43180690509945,132.86348639000306,HIBRIDO_ANALOGO_CLIM,ANALOGO_DTW_HIBRIDO_CLIMATOLOGIA,30,10,0.31148541635476745,OK_ANALOGOS_CONTINUIDAD_CORREGIDA,0.029123095631348406,-0.029123095631348406,0.0,CORREGIDO_ANCLA_OBSERVADO
2026-10-10,YURIMAGUAS,27.0,2026-10-02,2026-12-28,90,87,132.1827130114637,132.2278931375754,132.1827130114637,129.46,132.16557572224892,131.50966802389863,132.8557579990288,HIBRIDO_ANALOGO_CLIM,ANALOGO_DTW_HIBRIDO_CLIMATOLOGIA,30,10,0.31148541635476745,OK_ANALOGOS_CONTINUIDAD_CORREGIDA,0.029123095631348406,-0.029123095631348406,0.0,CORREGIDO_ANCLA_OBSERVADO
2026-10-10,YURIMAGUAS,27.0,2026-10-02,2026-12-29,90,88,132.17560034800636,132.21767567753878,132.17560034800636,129.46,132.16030022817637,131.46465033716714,132.8865503588456,HIBRIDO_ANALOGO_CLIM,ANALOGO_DTW_HIBRIDO_CLIMATOLOGIA,30,10,0.31148541635476745,OK_ANALOGOS_CONTINUIDAD_CORREGIDA,0.029123095631348406,-0.029123095631348406,0.0,CORREGIDO_ANCLA_OBSERVADO
2026-10-10,YURIMAGUAS,27.0,2026-10-02,2026-12-30,90,89,132.21112672757604,132.25374646216832,132.21112672757604,129.46,132.1962816514821,131.2511607498841,133.17109270526802,HIBRIDO_ANALOGO_CLIM,ANALOGO_DTW_HIBRIDO_CLIMATOLOGIA,30,10,0.31148541635476745,OK_ANALOGOS_CONTINUIDAD_CORREGIDA,0.029123095631348406,-0.029123095631348406,0.0,CORREGIDO_ANCLA_OBSERVADO
2026-10-10,YURIMAGUAS,27.0,2026-10-02,2026-12-31,90,90,132.2704988533515,132.2699051897556,132.2704988533515,129.46,132.2706967412168,131.21884209461703,133.322155612086,HIBRIDO_ANALOGO_CLIM,ANALOGO_DTW_HIBRIDO_CLIMATOLOGIA,30,10,0.31148541635476745,OK_ANALOGOS_CONTINUIDAD_CORREGIDA,0.029123095631348406,-0.029123095631348406,0.0,CORREGIDO_ANCLA_OBSERVADO
