fecha_emision,estacion,id_estacion,fecha_origen,fecha_pronostico,horizonte_dias,dia_adelante,nivel_pronosticado_m,nivel_analogos_m,nivel_hibrido_m,nivel_persistencia_m,nivel_climatologia_m,p10_m,p90_m,modelo,metodo,ventana_analogos_dias,n_analogos,distancia_media,estado,salto_inicial_original_m,correccion_continuidad_m,salto_inicial_final_m,continuidad_estado
2026-10-09,BELLAVISTA,14.0,2026-10-08,2026-10-09,30,1,3.6,3.3356559886904638,3.6,3.6,4.393032033928609,3.172719533928608,3.457619533928608,HIBRIDO_ANALOGO_CLIM,ANALOGO_ESTADO_V2_HIBRIDO_CLIMATOLOGIA,30,10,1.5716744432321188,OK_ANALOGOS_CONTINUIDAD_CORREGIDA,0.26138046607139165,-0.26138046607139165,0.0,CORREGIDO_ANCLA_OBSERVADO
2026-10-09,BELLAVISTA,14.0,2026-10-08,2026-10-10,30,2,3.4780774625747646,3.1881301054568167,3.4780774625747646,3.6,4.347919533928609,2.757619533928608,3.5896195339286088,HIBRIDO_ANALOGO_CLIM,ANALOGO_ESTADO_V2_HIBRIDO_CLIMATOLOGIA,30,10,1.5716744432321188,OK_ANALOGOS_CONTINUIDAD_CORREGIDA,0.26138046607139165,-0.26138046607139165,0.0,CORREGIDO_ANCLA_OBSERVADO
2026-10-09,BELLAVISTA,14.0,2026-10-08,2026-10-11,30,3,3.457914815080748,3.173942408798128,3.457914815080748,3.6,4.309832033928608,2.595619533928608,3.6496195339286084,HIBRIDO_ANALOGO_CLIM,ANALOGO_ESTADO_V2_HIBRIDO_CLIMATOLOGIA,30,10,1.5716744432321188,OK_ANALOGOS_CONTINUIDAD_CORREGIDA,0.26138046607139165,-0.26138046607139165,0.0,CORREGIDO_ANCLA_OBSERVADO
2026-10-09,BELLAVISTA,14.0,2026-10-08,2026-10-12,30,4,3.4238495647100495,3.1240762416371965,3.4238495647100495,3.6,4.323169533928608,2.4896195339286087,3.5546195339286086,HIBRIDO_ANALOGO_CLIM,ANALOGO_ESTADO_V2_HIBRIDO_CLIMATOLOGIA,30,10,1.5716744432321188,OK_ANALOGOS_CONTINUIDAD_CORREGIDA,0.26138046607139165,-0.26138046607139165,0.0,CORREGIDO_ANCLA_OBSERVADO
2026-10-09,BELLAVISTA,14.0,2026-10-08,2026-10-13,30,5,3.432770261943085,3.1221205046145775,3.432770261943085,3.6,4.364719533928609,2.444619533928608,3.6596195339286086,HIBRIDO_ANALOGO_CLIM,ANALOGO_ESTADO_V2_HIBRIDO_CLIMATOLOGIA,30,10,1.5716744432321188,OK_ANALOGOS_CONTINUIDAD_CORREGIDA,0.26138046607139165,-0.26138046607139165,0.0,CORREGIDO_ANCLA_OBSERVADO
2026-10-09,BELLAVISTA,14.0,2026-10-08,2026-10-14,30,6,3.460304573349703,3.146066253156735,3.460304573349703,3.6,4.4030195339286085,2.388719533928608,3.7296195339286085,HIBRIDO_ANALOGO_CLIM,ANALOGO_ESTADO_V2_HIBRIDO_CLIMATOLOGIA,30,10,1.5716744432321188,OK_ANALOGOS_CONTINUIDAD_CORREGIDA,0.26138046607139165,-0.26138046607139165,0.0,CORREGIDO_ANCLA_OBSERVADO
2026-10-09,BELLAVISTA,14.0,2026-10-08,2026-10-15,30,7,3.6152490780996933,3.3324755928233882,3.6152490780996933,3.6,4.463569533928608,2.264919533928608,3.9746195339286072,HIBRIDO_ANALOGO_CLIM,ANALOGO_ESTADO_V2_HIBRIDO_CLIMATOLOGIA,30,10,1.5716744432321188,OK_ANALOGOS_CONTINUIDAD_CORREGIDA,0.26138046607139165,-0.26138046607139165,0.0,CORREGIDO_ANCLA_OBSERVADO
2026-10-09,BELLAVISTA,14.0,2026-10-08,2026-10-16,30,8,3.783403744476114,3.5441151479919486,3.783403744476114,3.6,4.501269533928609,2.327119533928608,5.001619533928608,HIBRIDO_ANALOGO_CLIM,ANALOGO_ESTADO_V2_HIBRIDO_CLIMATOLOGIA,30,10,1.5716744432321188,OK_ANALOGOS_CONTINUIDAD_CORREGIDA,0.26138046607139165,-0.26138046607139165,0.0,CORREGIDO_ANCLA_OBSERVADO
2026-10-09,BELLAVISTA,14.0,2026-10-08,2026-10-17,30,9,3.817336066121961,3.582091576853079,3.817336066121961,3.6,4.5230695339286076,2.680619533928609,4.930619533928608,HIBRIDO_ANALOGO_CLIM,ANALOGO_ESTADO_V2_HIBRIDO_CLIMATOLOGIA,30,10,1.5716744432321188,OK_ANALOGOS_CONTINUIDAD_CORREGIDA,0.26138046607139165,-0.26138046607139165,0.0,CORREGIDO_ANCLA_OBSERVADO
2026-10-09,BELLAVISTA,14.0,2026-10-08,2026-10-18,30,10,3.813011062915613,3.576454072577948,3.813011062915613,3.6,4.522682033928609,2.6656195339286093,4.829619533928609,HIBRIDO_ANALOGO_CLIM,ANALOGO_ESTADO_V2_HIBRIDO_CLIMATOLOGIA,30,10,1.5716744432321188,OK_ANALOGOS_CONTINUIDAD_CORREGIDA,0.26138046607139165,-0.26138046607139165,0.0,CORREGIDO_ANCLA_OBSERVADO
2026-10-09,BELLAVISTA,14.0,2026-10-08,2026-10-19,30,11,3.829422820832652,3.607407249800667,3.829422820832652,3.6,4.495469533928608,2.6316195339286086,4.734619533928608,HIBRIDO_ANALOGO_CLIM,ANALOGO_ESTADO_V2_HIBRIDO_CLIMATOLOGIA,30,10,1.5716744432321188,OK_ANALOGOS_CONTINUIDAD_CORREGIDA,0.26138046607139165,-0.26138046607139165,0.0,CORREGIDO_ANCLA_OBSERVADO
2026-10-09,BELLAVISTA,14.0,2026-10-08,2026-10-20,30,12,3.8748939459268086,3.6718104165928755,3.8748939459268086,3.6,4.484144533928609,2.5906195339286087,4.834619533928608,HIBRIDO_ANALOGO_CLIM,ANALOGO_ESTADO_V2_HIBRIDO_CLIMATOLOGIA,30,10,1.5716744432321188,OK_ANALOGOS_CONTINUIDAD_CORREGIDA,0.26138046607139165,-0.26138046607139165,0.0,CORREGIDO_ANCLA_OBSERVADO
2026-10-09,BELLAVISTA,14.0,2026-10-08,2026-10-21,30,13,3.985252921725501,3.809439050991131,3.985252921725501,3.6,4.512694533928608,2.485619533928609,4.915619533928609,HIBRIDO_ANALOGO_CLIM,ANALOGO_ESTADO_V2_HIBRIDO_CLIMATOLOGIA,30,10,1.5716744432321188,OK_ANALOGOS_CONTINUIDAD_CORREGIDA,0.26138046607139165,-0.26138046607139165,0.0,CORREGIDO_ANCLA_OBSERVADO
2026-10-09,BELLAVISTA,14.0,2026-10-08,2026-10-22,30,14,4.027650152649548,3.865552025556527,4.027650152649548,3.6,4.513944533928608,2.371619533928609,4.980619533928609,HIBRIDO_ANALOGO_CLIM,ANALOGO_ESTADO_V2_HIBRIDO_CLIMATOLOGIA,30,10,1.5716744432321188,OK_ANALOGOS_CONTINUIDAD_CORREGIDA,0.26138046607139165,-0.26138046607139165,0.0,CORREGIDO_ANCLA_OBSERVADO
2026-10-09,BELLAVISTA,14.0,2026-10-08,2026-10-23,30,15,4.083378760718386,3.946248502981646,4.083378760718386,3.6,4.494769533928608,2.304619533928609,5.075619533928608,HIBRIDO_ANALOGO_CLIM,ANALOGO_ESTADO_V2_HIBRIDO_CLIMATOLOGIA,30,10,1.5716744432321188,OK_ANALOGOS_CONTINUIDAD_CORREGIDA,0.26138046607139165,-0.26138046607139165,0.0,CORREGIDO_ANCLA_OBSERVADO
2026-10-09,BELLAVISTA,14.0,2026-10-08,2026-10-24,30,16,4.157428670725244,4.045281716324123,4.157428670725244,3.6,4.493869533928608,2.2976195339286085,5.06861953392861,HIBRIDO_ANALOGO_CLIM,ANALOGO_ESTADO_V2_HIBRIDO_CLIMATOLOGIA,30,10,1.5716744432321188,OK_ANALOGOS_CONTINUIDAD_CORREGIDA,0.26138046607139165,-0.26138046607139165,0.0,CORREGIDO_ANCLA_OBSERVADO
2026-10-09,BELLAVISTA,14.0,2026-10-08,2026-10-25,30,17,4.12399483181534,4.0105199311109185,4.12399483181534,3.6,4.464419533928609,2.250619533928609,4.678619533928609,HIBRIDO_ANALOGO_CLIM,ANALOGO_ESTADO_V2_HIBRIDO_CLIMATOLOGIA,30,10,1.5716744432321188,OK_ANALOGOS_CONTINUIDAD_CORREGIDA,0.26138046607139165,-0.26138046607139165,0.0,CORREGIDO_ANCLA_OBSERVADO
2026-10-09,BELLAVISTA,14.0,2026-10-08,2026-10-26,30,18,4.2571650363259455,4.194513537125058,4.2571650363259455,3.6,4.445119533928608,2.8466195339286084,5.200619533928608,HIBRIDO_ANALOGO_CLIM,ANALOGO_ESTADO_V2_HIBRIDO_CLIMATOLOGIA,30,10,1.5716744432321188,OK_ANALOGOS_CONTINUIDAD_CORREGIDA,0.26138046607139165,-0.26138046607139165,0.0,CORREGIDO_ANCLA_OBSERVADO
2026-10-09,BELLAVISTA,14.0,2026-10-08,2026-10-27,30,19,4.19164356284614,4.109568239151985,4.19164356284614,3.6,4.437869533928609,2.8646195339286087,5.064619533928608,HIBRIDO_ANALOGO_CLIM,ANALOGO_ESTADO_V2_HIBRIDO_CLIMATOLOGIA,30,10,1.5716744432321188,OK_ANALOGOS_CONTINUIDAD_CORREGIDA,0.26138046607139165,-0.26138046607139165,0.0,CORREGIDO_ANCLA_OBSERVADO
2026-10-09,BELLAVISTA,14.0,2026-10-08,2026-10-28,30,20,4.146208014822179,4.049420841786704,4.146208014822179,3.6,4.436569533928608,2.8756195339286084,4.991619533928608,HIBRIDO_ANALOGO_CLIM,ANALOGO_ESTADO_V2_HIBRIDO_CLIMATOLOGIA,30,10,1.5716744432321188,OK_ANALOGOS_CONTINUIDAD_CORREGIDA,0.26138046607139165,-0.26138046607139165,0.0,CORREGIDO_ANCLA_OBSERVADO
2026-10-09,BELLAVISTA,14.0,2026-10-08,2026-10-29,30,21,4.15021866238239,4.04361003853365,4.15021866238239,3.6,4.470044533928608,2.9126195339286083,4.950619533928609,HIBRIDO_ANALOGO_CLIM,ANALOGO_ESTADO_V2_HIBRIDO_CLIMATOLOGIA,30,10,1.5716744432321188,OK_ANALOGOS_CONTINUIDAD_CORREGIDA,0.26138046607139165,-0.26138046607139165,0.0,CORREGIDO_ANCLA_OBSERVADO
2026-10-09,BELLAVISTA,14.0,2026-10-08,2026-10-30,30,22,4.173451534567841,4.062174701447585,4.173451534567841,3.6,4.5072820339286075,2.9496195339286087,4.903619533928607,HIBRIDO_ANALOGO_CLIM,ANALOGO_ESTADO_V2_HIBRIDO_CLIMATOLOGIA,30,10,1.5716744432321188,OK_ANALOGOS_CONTINUIDAD_CORREGIDA,0.26138046607139165,-0.26138046607139165,0.0,CORREGIDO_ANCLA_OBSERVADO
2026-10-09,BELLAVISTA,14.0,2026-10-08,2026-10-31,30,23,4.1959882780733935,4.0871070261216556,4.1959882780733935,3.6,4.522632033928609,3.0046195339286084,5.12961953392861,HIBRIDO_ANALOGO_CLIM,ANALOGO_ESTADO_V2_HIBRIDO_CLIMATOLOGIA,30,10,1.5716744432321188,OK_ANALOGOS_CONTINUIDAD_CORREGIDA,0.26138046607139165,-0.26138046607139165,0.0,CORREGIDO_ANCLA_OBSERVADO
2026-10-09,BELLAVISTA,14.0,2026-10-08,2026-11-01,30,24,4.1264707848059174,3.998295185504858,4.1264707848059174,3.6,4.510997582709097,3.145619533928609,5.023619533928608,HIBRIDO_ANALOGO_CLIM,ANALOGO_ESTADO_V2_HIBRIDO_CLIMATOLOGIA,30,10,1.5716744432321188,OK_ANALOGOS_CONTINUIDAD_CORREGIDA,0.26138046607139165,-0.26138046607139165,0.0,CORREGIDO_ANCLA_OBSERVADO
2026-10-09,BELLAVISTA,14.0,2026-10-08,2026-11-02,30,25,4.048210756464826,3.8922249038142964,4.048210756464826,3.6,4.516168314416413,3.020619533928609,4.941619533928609,HIBRIDO_ANALOGO_CLIM,ANALOGO_ESTADO_V2_HIBRIDO_CLIMATOLOGIA,30,10,1.5716744432321188,OK_ANALOGOS_CONTINUIDAD_CORREGIDA,0.26138046607139165,-0.26138046607139165,0.0,CORREGIDO_ANCLA_OBSERVADO
2026-10-09,BELLAVISTA,14.0,2026-10-08,2026-11-03,30,26,3.9785261293563923,3.7917470270193117,3.9785261293563923,3.6,4.538863436367633,2.7176195339286084,4.848619533928607,HIBRIDO_ANALOGO_CLIM,ANALOGO_ESTADO_V2_HIBRIDO_CLIMATOLOGIA,30,10,1.5716744432321188,OK_ANALOGOS_CONTINUIDAD_CORREGIDA,0.26138046607139165,-0.26138046607139165,0.0,CORREGIDO_ANCLA_OBSERVADO
2026-10-09,BELLAVISTA,14.0,2026-10-08,2026-11-04,30,27,3.8976448814356606,3.669909428165654,3.8976448814356606,3.6,4.580851241245682,2.5386195339286086,4.811619533928608,HIBRIDO_ANALOGO_CLIM,ANALOGO_ESTADO_V2_HIBRIDO_CLIMATOLOGIA,30,10,1.5716744432321188,OK_ANALOGOS_CONTINUIDAD_CORREGIDA,0.26138046607139165,-0.26138046607139165,0.0,CORREGIDO_ANCLA_OBSERVADO
2026-10-09,BELLAVISTA,14.0,2026-10-08,2026-11-05,30,28,3.862875099333896,3.6133708569080167,3.862875099333896,3.6,4.611387826611535,2.3486195339286087,4.877619533928609,HIBRIDO_ANALOGO_CLIM,ANALOGO_ESTADO_V2_HIBRIDO_CLIMATOLOGIA,30,10,1.5716744432321188,OK_ANALOGOS_CONTINUIDAD_CORREGIDA,0.26138046607139165,-0.26138046607139165,0.0,CORREGIDO_ANCLA_OBSERVADO
2026-10-09,BELLAVISTA,14.0,2026-10-08,2026-11-06,30,29,3.778573261689416,3.4884440164714734,3.778573261689416,3.6,4.648960997343243,2.2106195339286083,4.961619533928609,HIBRIDO_ANALOGO_CLIM,ANALOGO_ESTADO_V2_HIBRIDO_CLIMATOLOGIA,30,10,1.5716744432321188,OK_ANALOGOS_CONTINUIDAD_CORREGIDA,0.26138046607139165,-0.26138046607139165,0.0,CORREGIDO_ANCLA_OBSERVADO
2026-10-09,BELLAVISTA,14.0,2026-10-08,2026-11-07,30,30,3.7716466359033265,3.4757532308705086,3.7716466359033265,3.6,4.659326851001779,2.2596195339286083,4.973619533928607,HIBRIDO_ANALOGO_CLIM,ANALOGO_ESTADO_V2_HIBRIDO_CLIMATOLOGIA,30,10,1.5716744432321188,OK_ANALOGOS_CONTINUIDAD_CORREGIDA,0.26138046607139165,-0.26138046607139165,0.0,CORREGIDO_ANCLA_OBSERVADO
2026-10-09,BELLAVISTA,14.0,2026-10-08,2026-10-09,60,1,3.6,3.3356559886904638,3.6,3.6,4.393032033928609,3.172719533928608,3.457619533928608,HIBRIDO_ANALOGO_CLIM,ANALOGO_ESTADO_V2_HIBRIDO_CLIMATOLOGIA,30,10,1.5716744432321188,OK_ANALOGOS_CONTINUIDAD_CORREGIDA,0.26138046607139165,-0.26138046607139165,0.0,CORREGIDO_ANCLA_OBSERVADO
2026-10-09,BELLAVISTA,14.0,2026-10-08,2026-10-10,60,2,3.4780774625747646,3.1881301054568167,3.4780774625747646,3.6,4.347919533928609,2.757619533928608,3.5896195339286088,HIBRIDO_ANALOGO_CLIM,ANALOGO_ESTADO_V2_HIBRIDO_CLIMATOLOGIA,30,10,1.5716744432321188,OK_ANALOGOS_CONTINUIDAD_CORREGIDA,0.26138046607139165,-0.26138046607139165,0.0,CORREGIDO_ANCLA_OBSERVADO
2026-10-09,BELLAVISTA,14.0,2026-10-08,2026-10-11,60,3,3.457914815080748,3.173942408798128,3.457914815080748,3.6,4.309832033928608,2.595619533928608,3.6496195339286084,HIBRIDO_ANALOGO_CLIM,ANALOGO_ESTADO_V2_HIBRIDO_CLIMATOLOGIA,30,10,1.5716744432321188,OK_ANALOGOS_CONTINUIDAD_CORREGIDA,0.26138046607139165,-0.26138046607139165,0.0,CORREGIDO_ANCLA_OBSERVADO
2026-10-09,BELLAVISTA,14.0,2026-10-08,2026-10-12,60,4,3.4238495647100495,3.1240762416371965,3.4238495647100495,3.6,4.323169533928608,2.4896195339286087,3.5546195339286086,HIBRIDO_ANALOGO_CLIM,ANALOGO_ESTADO_V2_HIBRIDO_CLIMATOLOGIA,30,10,1.5716744432321188,OK_ANALOGOS_CONTINUIDAD_CORREGIDA,0.26138046607139165,-0.26138046607139165,0.0,CORREGIDO_ANCLA_OBSERVADO
2026-10-09,BELLAVISTA,14.0,2026-10-08,2026-10-13,60,5,3.432770261943085,3.1221205046145775,3.432770261943085,3.6,4.364719533928609,2.444619533928608,3.6596195339286086,HIBRIDO_ANALOGO_CLIM,ANALOGO_ESTADO_V2_HIBRIDO_CLIMATOLOGIA,30,10,1.5716744432321188,OK_ANALOGOS_CONTINUIDAD_CORREGIDA,0.26138046607139165,-0.26138046607139165,0.0,CORREGIDO_ANCLA_OBSERVADO
2026-10-09,BELLAVISTA,14.0,2026-10-08,2026-10-14,60,6,3.460304573349703,3.146066253156735,3.460304573349703,3.6,4.4030195339286085,2.388719533928608,3.7296195339286085,HIBRIDO_ANALOGO_CLIM,ANALOGO_ESTADO_V2_HIBRIDO_CLIMATOLOGIA,30,10,1.5716744432321188,OK_ANALOGOS_CONTINUIDAD_CORREGIDA,0.26138046607139165,-0.26138046607139165,0.0,CORREGIDO_ANCLA_OBSERVADO
2026-10-09,BELLAVISTA,14.0,2026-10-08,2026-10-15,60,7,3.6152490780996933,3.3324755928233882,3.6152490780996933,3.6,4.463569533928608,2.264919533928608,3.9746195339286072,HIBRIDO_ANALOGO_CLIM,ANALOGO_ESTADO_V2_HIBRIDO_CLIMATOLOGIA,30,10,1.5716744432321188,OK_ANALOGOS_CONTINUIDAD_CORREGIDA,0.26138046607139165,-0.26138046607139165,0.0,CORREGIDO_ANCLA_OBSERVADO
2026-10-09,BELLAVISTA,14.0,2026-10-08,2026-10-16,60,8,3.783403744476114,3.5441151479919486,3.783403744476114,3.6,4.501269533928609,2.327119533928608,5.001619533928608,HIBRIDO_ANALOGO_CLIM,ANALOGO_ESTADO_V2_HIBRIDO_CLIMATOLOGIA,30,10,1.5716744432321188,OK_ANALOGOS_CONTINUIDAD_CORREGIDA,0.26138046607139165,-0.26138046607139165,0.0,CORREGIDO_ANCLA_OBSERVADO
2026-10-09,BELLAVISTA,14.0,2026-10-08,2026-10-17,60,9,3.817336066121961,3.582091576853079,3.817336066121961,3.6,4.5230695339286076,2.680619533928609,4.930619533928608,HIBRIDO_ANALOGO_CLIM,ANALOGO_ESTADO_V2_HIBRIDO_CLIMATOLOGIA,30,10,1.5716744432321188,OK_ANALOGOS_CONTINUIDAD_CORREGIDA,0.26138046607139165,-0.26138046607139165,0.0,CORREGIDO_ANCLA_OBSERVADO
2026-10-09,BELLAVISTA,14.0,2026-10-08,2026-10-18,60,10,3.813011062915613,3.576454072577948,3.813011062915613,3.6,4.522682033928609,2.6656195339286093,4.829619533928609,HIBRIDO_ANALOGO_CLIM,ANALOGO_ESTADO_V2_HIBRIDO_CLIMATOLOGIA,30,10,1.5716744432321188,OK_ANALOGOS_CONTINUIDAD_CORREGIDA,0.26138046607139165,-0.26138046607139165,0.0,CORREGIDO_ANCLA_OBSERVADO
2026-10-09,BELLAVISTA,14.0,2026-10-08,2026-10-19,60,11,3.829422820832652,3.607407249800667,3.829422820832652,3.6,4.495469533928608,2.6316195339286086,4.734619533928608,HIBRIDO_ANALOGO_CLIM,ANALOGO_ESTADO_V2_HIBRIDO_CLIMATOLOGIA,30,10,1.5716744432321188,OK_ANALOGOS_CONTINUIDAD_CORREGIDA,0.26138046607139165,-0.26138046607139165,0.0,CORREGIDO_ANCLA_OBSERVADO
2026-10-09,BELLAVISTA,14.0,2026-10-08,2026-10-20,60,12,3.8748939459268086,3.6718104165928755,3.8748939459268086,3.6,4.484144533928609,2.5906195339286087,4.834619533928608,HIBRIDO_ANALOGO_CLIM,ANALOGO_ESTADO_V2_HIBRIDO_CLIMATOLOGIA,30,10,1.5716744432321188,OK_ANALOGOS_CONTINUIDAD_CORREGIDA,0.26138046607139165,-0.26138046607139165,0.0,CORREGIDO_ANCLA_OBSERVADO
2026-10-09,BELLAVISTA,14.0,2026-10-08,2026-10-21,60,13,3.985252921725501,3.809439050991131,3.985252921725501,3.6,4.512694533928608,2.485619533928609,4.915619533928609,HIBRIDO_ANALOGO_CLIM,ANALOGO_ESTADO_V2_HIBRIDO_CLIMATOLOGIA,30,10,1.5716744432321188,OK_ANALOGOS_CONTINUIDAD_CORREGIDA,0.26138046607139165,-0.26138046607139165,0.0,CORREGIDO_ANCLA_OBSERVADO
2026-10-09,BELLAVISTA,14.0,2026-10-08,2026-10-22,60,14,4.027650152649548,3.865552025556527,4.027650152649548,3.6,4.513944533928608,2.371619533928609,4.980619533928609,HIBRIDO_ANALOGO_CLIM,ANALOGO_ESTADO_V2_HIBRIDO_CLIMATOLOGIA,30,10,1.5716744432321188,OK_ANALOGOS_CONTINUIDAD_CORREGIDA,0.26138046607139165,-0.26138046607139165,0.0,CORREGIDO_ANCLA_OBSERVADO
2026-10-09,BELLAVISTA,14.0,2026-10-08,2026-10-23,60,15,4.083378760718386,3.946248502981646,4.083378760718386,3.6,4.494769533928608,2.304619533928609,5.075619533928608,HIBRIDO_ANALOGO_CLIM,ANALOGO_ESTADO_V2_HIBRIDO_CLIMATOLOGIA,30,10,1.5716744432321188,OK_ANALOGOS_CONTINUIDAD_CORREGIDA,0.26138046607139165,-0.26138046607139165,0.0,CORREGIDO_ANCLA_OBSERVADO
2026-10-09,BELLAVISTA,14.0,2026-10-08,2026-10-24,60,16,4.157428670725244,4.045281716324123,4.157428670725244,3.6,4.493869533928608,2.2976195339286085,5.06861953392861,HIBRIDO_ANALOGO_CLIM,ANALOGO_ESTADO_V2_HIBRIDO_CLIMATOLOGIA,30,10,1.5716744432321188,OK_ANALOGOS_CONTINUIDAD_CORREGIDA,0.26138046607139165,-0.26138046607139165,0.0,CORREGIDO_ANCLA_OBSERVADO
2026-10-09,BELLAVISTA,14.0,2026-10-08,2026-10-25,60,17,4.12399483181534,4.0105199311109185,4.12399483181534,3.6,4.464419533928609,2.250619533928609,4.678619533928609,HIBRIDO_ANALOGO_CLIM,ANALOGO_ESTADO_V2_HIBRIDO_CLIMATOLOGIA,30,10,1.5716744432321188,OK_ANALOGOS_CONTINUIDAD_CORREGIDA,0.26138046607139165,-0.26138046607139165,0.0,CORREGIDO_ANCLA_OBSERVADO
2026-10-09,BELLAVISTA,14.0,2026-10-08,2026-10-26,60,18,4.2571650363259455,4.194513537125058,4.2571650363259455,3.6,4.445119533928608,2.8466195339286084,5.200619533928608,HIBRIDO_ANALOGO_CLIM,ANALOGO_ESTADO_V2_HIBRIDO_CLIMATOLOGIA,30,10,1.5716744432321188,OK_ANALOGOS_CONTINUIDAD_CORREGIDA,0.26138046607139165,-0.26138046607139165,0.0,CORREGIDO_ANCLA_OBSERVADO
2026-10-09,BELLAVISTA,14.0,2026-10-08,2026-10-27,60,19,4.19164356284614,4.109568239151985,4.19164356284614,3.6,4.437869533928609,2.8646195339286087,5.064619533928608,HIBRIDO_ANALOGO_CLIM,ANALOGO_ESTADO_V2_HIBRIDO_CLIMATOLOGIA,30,10,1.5716744432321188,OK_ANALOGOS_CONTINUIDAD_CORREGIDA,0.26138046607139165,-0.26138046607139165,0.0,CORREGIDO_ANCLA_OBSERVADO
2026-10-09,BELLAVISTA,14.0,2026-10-08,2026-10-28,60,20,4.146208014822179,4.049420841786704,4.146208014822179,3.6,4.436569533928608,2.8756195339286084,4.991619533928608,HIBRIDO_ANALOGO_CLIM,ANALOGO_ESTADO_V2_HIBRIDO_CLIMATOLOGIA,30,10,1.5716744432321188,OK_ANALOGOS_CONTINUIDAD_CORREGIDA,0.26138046607139165,-0.26138046607139165,0.0,CORREGIDO_ANCLA_OBSERVADO
2026-10-09,BELLAVISTA,14.0,2026-10-08,2026-10-29,60,21,4.15021866238239,4.04361003853365,4.15021866238239,3.6,4.470044533928608,2.9126195339286083,4.950619533928609,HIBRIDO_ANALOGO_CLIM,ANALOGO_ESTADO_V2_HIBRIDO_CLIMATOLOGIA,30,10,1.5716744432321188,OK_ANALOGOS_CONTINUIDAD_CORREGIDA,0.26138046607139165,-0.26138046607139165,0.0,CORREGIDO_ANCLA_OBSERVADO
2026-10-09,BELLAVISTA,14.0,2026-10-08,2026-10-30,60,22,4.173451534567841,4.062174701447585,4.173451534567841,3.6,4.5072820339286075,2.9496195339286087,4.903619533928607,HIBRIDO_ANALOGO_CLIM,ANALOGO_ESTADO_V2_HIBRIDO_CLIMATOLOGIA,30,10,1.5716744432321188,OK_ANALOGOS_CONTINUIDAD_CORREGIDA,0.26138046607139165,-0.26138046607139165,0.0,CORREGIDO_ANCLA_OBSERVADO
2026-10-09,BELLAVISTA,14.0,2026-10-08,2026-10-31,60,23,4.1959882780733935,4.0871070261216556,4.1959882780733935,3.6,4.522632033928609,3.0046195339286084,5.12961953392861,HIBRIDO_ANALOGO_CLIM,ANALOGO_ESTADO_V2_HIBRIDO_CLIMATOLOGIA,30,10,1.5716744432321188,OK_ANALOGOS_CONTINUIDAD_CORREGIDA,0.26138046607139165,-0.26138046607139165,0.0,CORREGIDO_ANCLA_OBSERVADO
2026-10-09,BELLAVISTA,14.0,2026-10-08,2026-11-01,60,24,4.1264707848059174,3.998295185504858,4.1264707848059174,3.6,4.510997582709097,3.145619533928609,5.023619533928608,HIBRIDO_ANALOGO_CLIM,ANALOGO_ESTADO_V2_HIBRIDO_CLIMATOLOGIA,30,10,1.5716744432321188,OK_ANALOGOS_CONTINUIDAD_CORREGIDA,0.26138046607139165,-0.26138046607139165,0.0,CORREGIDO_ANCLA_OBSERVADO
2026-10-09,BELLAVISTA,14.0,2026-10-08,2026-11-02,60,25,4.048210756464826,3.8922249038142964,4.048210756464826,3.6,4.516168314416413,3.020619533928609,4.941619533928609,HIBRIDO_ANALOGO_CLIM,ANALOGO_ESTADO_V2_HIBRIDO_CLIMATOLOGIA,30,10,1.5716744432321188,OK_ANALOGOS_CONTINUIDAD_CORREGIDA,0.26138046607139165,-0.26138046607139165,0.0,CORREGIDO_ANCLA_OBSERVADO
2026-10-09,BELLAVISTA,14.0,2026-10-08,2026-11-03,60,26,3.9785261293563923,3.7917470270193117,3.9785261293563923,3.6,4.538863436367633,2.7176195339286084,4.848619533928607,HIBRIDO_ANALOGO_CLIM,ANALOGO_ESTADO_V2_HIBRIDO_CLIMATOLOGIA,30,10,1.5716744432321188,OK_ANALOGOS_CONTINUIDAD_CORREGIDA,0.26138046607139165,-0.26138046607139165,0.0,CORREGIDO_ANCLA_OBSERVADO
2026-10-09,BELLAVISTA,14.0,2026-10-08,2026-11-04,60,27,3.8976448814356606,3.669909428165654,3.8976448814356606,3.6,4.580851241245682,2.5386195339286086,4.811619533928608,HIBRIDO_ANALOGO_CLIM,ANALOGO_ESTADO_V2_HIBRIDO_CLIMATOLOGIA,30,10,1.5716744432321188,OK_ANALOGOS_CONTINUIDAD_CORREGIDA,0.26138046607139165,-0.26138046607139165,0.0,CORREGIDO_ANCLA_OBSERVADO
2026-10-09,BELLAVISTA,14.0,2026-10-08,2026-11-05,60,28,3.862875099333896,3.6133708569080167,3.862875099333896,3.6,4.611387826611535,2.3486195339286087,4.877619533928609,HIBRIDO_ANALOGO_CLIM,ANALOGO_ESTADO_V2_HIBRIDO_CLIMATOLOGIA,30,10,1.5716744432321188,OK_ANALOGOS_CONTINUIDAD_CORREGIDA,0.26138046607139165,-0.26138046607139165,0.0,CORREGIDO_ANCLA_OBSERVADO
2026-10-09,BELLAVISTA,14.0,2026-10-08,2026-11-06,60,29,3.778573261689416,3.4884440164714734,3.778573261689416,3.6,4.648960997343243,2.2106195339286083,4.961619533928609,HIBRIDO_ANALOGO_CLIM,ANALOGO_ESTADO_V2_HIBRIDO_CLIMATOLOGIA,30,10,1.5716744432321188,OK_ANALOGOS_CONTINUIDAD_CORREGIDA,0.26138046607139165,-0.26138046607139165,0.0,CORREGIDO_ANCLA_OBSERVADO
2026-10-09,BELLAVISTA,14.0,2026-10-08,2026-11-07,60,30,3.7716466359033265,3.4757532308705086,3.7716466359033265,3.6,4.659326851001779,2.2596195339286083,4.973619533928607,HIBRIDO_ANALOGO_CLIM,ANALOGO_ESTADO_V2_HIBRIDO_CLIMATOLOGIA,30,10,1.5716744432321188,OK_ANALOGOS_CONTINUIDAD_CORREGIDA,0.26138046607139165,-0.26138046607139165,0.0,CORREGIDO_ANCLA_OBSERVADO
2026-10-09,BELLAVISTA,14.0,2026-10-08,2026-11-08,60,31,3.7673113232284234,3.4501484742835253,3.7673113232284234,3.6,4.677875631489584,2.2166195339286086,4.970619533928609,HIBRIDO_ANALOGO_CLIM,ANALOGO_ESTADO_V2_HIBRIDO_CLIMATOLOGIA,30,10,1.5716744432321188,OK_ANALOGOS_CONTINUIDAD_CORREGIDA,0.26138046607139165,-0.26138046607139165,0.0,CORREGIDO_ANCLA_OBSERVADO
2026-10-09,BELLAVISTA,14.0,2026-10-08,2026-11-09,60,32,3.7276655021689566,3.3792919739902807,3.7276655021689566,3.6,4.685692704660315,2.1586195339286087,4.881619533928609,HIBRIDO_ANALOGO_CLIM,ANALOGO_ESTADO_V2_HIBRIDO_CLIMATOLOGIA,30,10,1.5716744432321188,OK_ANALOGOS_CONTINUIDAD_CORREGIDA,0.26138046607139165,-0.26138046607139165,0.0,CORREGIDO_ANCLA_OBSERVADO
2026-10-09,BELLAVISTA,14.0,2026-10-08,2026-11-10,60,33,3.7211631017089806,3.357878954584462,3.7211631017089806,3.6,4.678912216855437,2.0236195339286085,4.9586195339286085,HIBRIDO_ANALOGO_CLIM,ANALOGO_ESTADO_V2_HIBRIDO_CLIMATOLOGIA,30,10,1.5716744432321188,OK_ANALOGOS_CONTINUIDAD_CORREGIDA,0.26138046607139165,-0.26138046607139165,0.0,CORREGIDO_ANCLA_OBSERVADO
2026-10-09,BELLAVISTA,14.0,2026-10-08,2026-11-11,60,34,3.705219878744027,3.3105953412150115,3.705219878744027,3.6,4.703387826611536,1.8426195339286084,4.962619533928608,HIBRIDO_ANALOGO_CLIM,ANALOGO_ESTADO_V2_HIBRIDO_CLIMATOLOGIA,30,10,1.5716744432321188,OK_ANALOGOS_CONTINUIDAD_CORREGIDA,0.26138046607139165,-0.26138046607139165,0.0,CORREGIDO_ANCLA_OBSERVADO
2026-10-09,BELLAVISTA,14.0,2026-10-08,2026-11-12,60,35,3.7303678846421042,3.3110174924681774,3.7303678846421042,3.6,4.748790265635925,1.6466195339286083,5.178619533928607,HIBRIDO_ANALOGO_CLIM,ANALOGO_ESTADO_V2_HIBRIDO_CLIMATOLOGIA,30,10,1.5716744432321188,OK_ANALOGOS_CONTINUIDAD_CORREGIDA,0.26138046607139165,-0.26138046607139165,0.0,CORREGIDO_ANCLA_OBSERVADO
2026-10-09,BELLAVISTA,14.0,2026-10-08,2026-11-13,60,36,3.783637106167523,3.357205612736814,3.783637106167523,3.6,4.77864392417251,1.4466195339286083,5.113619533928608,HIBRIDO_ANALOGO_CLIM,ANALOGO_ESTADO_V2_HIBRIDO_CLIMATOLOGIA,30,10,1.5716744432321188,OK_ANALOGOS_CONTINUIDAD_CORREGIDA,0.26138046607139165,-0.26138046607139165,0.0,CORREGIDO_ANCLA_OBSERVADO
2026-10-09,BELLAVISTA,14.0,2026-10-08,2026-11-14,60,37,3.806640182329398,3.373620001202156,3.806640182329398,3.6,4.778009777831048,1.4216195339286082,5.0246195339286075,HIBRIDO_ANALOGO_CLIM,ANALOGO_ESTADO_V2_HIBRIDO_CLIMATOLOGIA,30,10,1.5716744432321188,OK_ANALOGOS_CONTINUIDAD_CORREGIDA,0.26138046607139165,-0.26138046607139165,0.0,CORREGIDO_ANCLA_OBSERVADO
2026-10-09,BELLAVISTA,14.0,2026-10-08,2026-11-15,60,38,3.866570467436453,3.4432071582173047,3.866570467436453,3.6,4.78014392417251,1.9346195339286085,5.106619533928608,HIBRIDO_ANALOGO_CLIM,ANALOGO_ESTADO_V2_HIBRIDO_CLIMATOLOGIA,30,10,1.5716744432321188,OK_ANALOGOS_CONTINUIDAD_CORREGIDA,0.26138046607139165,-0.26138046607139165,0.0,CORREGIDO_ANCLA_OBSERVADO
2026-10-09,BELLAVISTA,14.0,2026-10-08,2026-11-16,60,39,3.7778834639806242,3.297186693174594,3.7778834639806242,3.6,4.776253680270072,2.2876195339286083,5.042619533928608,HIBRIDO_ANALOGO_CLIM,ANALOGO_ESTADO_V2_HIBRIDO_CLIMATOLOGIA,30,10,1.5716744432321188,OK_ANALOGOS_CONTINUIDAD_CORREGIDA,0.26138046607139165,-0.26138046607139165,0.0,CORREGIDO_ANCLA_OBSERVADO
2026-10-09,BELLAVISTA,14.0,2026-10-08,2026-11-17,60,40,3.7984525434116185,3.293070267665319,3.7984525434116185,3.6,4.809217094904218,2.2686195339286086,5.031619533928609,HIBRIDO_ANALOGO_CLIM,ANALOGO_ESTADO_V2_HIBRIDO_CLIMATOLOGIA,30,10,1.5716744432321188,OK_ANALOGOS_CONTINUIDAD_CORREGIDA,0.26138046607139165,-0.26138046607139165,0.0,CORREGIDO_ANCLA_OBSERVADO
2026-10-09,BELLAVISTA,14.0,2026-10-08,2026-11-18,60,41,3.841492855132341,3.304870148415292,3.841492855132341,3.6,4.8754731924651935,2.0976195339286083,5.159619533928609,HIBRIDO_ANALOGO_CLIM,ANALOGO_ESTADO_V2_HIBRIDO_CLIMATOLOGIA,30,10,1.5716744432321188,OK_ANALOGOS_CONTINUIDAD_CORREGIDA,0.26138046607139165,-0.26138046607139165,0.0,CORREGIDO_ANCLA_OBSERVADO
2026-10-09,BELLAVISTA,14.0,2026-10-08,2026-11-19,60,42,3.880538298378831,3.3173228863660995,3.880538298378831,3.6,4.926509777831047,1.8936195339286082,5.107619533928608,HIBRIDO_ANALOGO_CLIM,ANALOGO_ESTADO_V2_HIBRIDO_CLIMATOLOGIA,30,10,1.5716744432321188,OK_ANALOGOS_CONTINUIDAD_CORREGIDA,0.26138046607139165,-0.26138046607139165,0.0,CORREGIDO_ANCLA_OBSERVADO
2026-10-09,BELLAVISTA,14.0,2026-10-08,2026-11-20,60,43,3.9018001921013643,3.3096806166685377,3.9018001921013643,3.6,4.962107338806657,1.797619533928608,5.121619533928607,HIBRIDO_ANALOGO_CLIM,ANALOGO_ESTADO_V2_HIBRIDO_CLIMATOLOGIA,30,10,1.5716744432321188,OK_ANALOGOS_CONTINUIDAD_CORREGIDA,0.26138046607139165,-0.26138046607139165,0.0,CORREGIDO_ANCLA_OBSERVADO
2026-10-09,BELLAVISTA,14.0,2026-10-08,2026-11-21,60,44,3.9093421319168695,3.3081918003285593,3.9093421319168695,3.6,4.947692704660316,1.6936195339286082,5.175619533928609,HIBRIDO_ANALOGO_CLIM,ANALOGO_ESTADO_V2_HIBRIDO_CLIMATOLOGIA,30,10,1.5716744432321188,OK_ANALOGOS_CONTINUIDAD_CORREGIDA,0.26138046607139165,-0.26138046607139165,0.0,CORREGIDO_ANCLA_OBSERVADO
2026-10-09,BELLAVISTA,14.0,2026-10-08,2026-11-22,60,45,3.936561201549981,3.31307498261061,3.936561201549981,3.6,4.975704899782267,1.5766195339286082,5.261619533928608,HIBRIDO_ANALOGO_CLIM,ANALOGO_ESTADO_V2_HIBRIDO_CLIMATOLOGIA,30,10,1.5716744432321188,OK_ANALOGOS_CONTINUIDAD_CORREGIDA,0.26138046607139165,-0.26138046607139165,0.0,CORREGIDO_ANCLA_OBSERVADO
2026-10-09,BELLAVISTA,14.0,2026-10-08,2026-11-23,60,46,3.9606075717174485,3.3145230098419542,3.9606075717174485,3.6,4.999960997343242,1.5696195339286083,5.3626195339286085,HIBRIDO_ANALOGO_CLIM,ANALOGO_ESTADO_V2_HIBRIDO_CLIMATOLOGIA,30,10,1.5716744432321188,OK_ANALOGOS_CONTINUIDAD_CORREGIDA,0.26138046607139165,-0.26138046607139165,0.0,CORREGIDO_ANCLA_OBSERVADO
2026-10-09,BELLAVISTA,14.0,2026-10-08,2026-11-24,60,47,3.9935897979717407,3.331370018089053,3.9935897979717407,3.6,5.022143924172511,1.6026195339286082,5.531619533928609,HIBRIDO_ANALOGO_CLIM,ANALOGO_ESTADO_V2_HIBRIDO_CLIMATOLOGIA,30,10,1.5716744432321188,OK_ANALOGOS_CONTINUIDAD_CORREGIDA,0.26138046607139165,-0.26138046607139165,0.0,CORREGIDO_ANCLA_OBSERVADO
2026-10-09,BELLAVISTA,14.0,2026-10-08,2026-11-25,60,48,4.018803997636654,3.3477237214094995,4.018803997636654,3.6,5.025424411977388,1.7656195339286085,5.619619533928608,HIBRIDO_ANALOGO_CLIM,ANALOGO_ESTADO_V2_HIBRIDO_CLIMATOLOGIA,30,10,1.5716744432321188,OK_ANALOGOS_CONTINUIDAD_CORREGIDA,0.26138046607139165,-0.26138046607139165,0.0,CORREGIDO_ANCLA_OBSERVADO
2026-10-09,BELLAVISTA,14.0,2026-10-08,2026-11-26,60,49,4.129288555826891,3.5003418244609175,4.129288555826891,3.6,5.040619533928609,1.9306195339286085,5.631619533928609,HIBRIDO_ANALOGO_CLIM,ANALOGO_ESTADO_V2_HIBRIDO_CLIMATOLOGIA,30,10,1.5716744432321188,OK_ANALOGOS_CONTINUIDAD_CORREGIDA,0.26138046607139165,-0.26138046607139165,0.0,CORREGIDO_ANCLA_OBSERVADO
2026-10-09,BELLAVISTA,14.0,2026-10-08,2026-11-27,60,50,4.143085295144825,3.4968848806825403,4.143085295144825,3.6,5.047765875392024,1.9806195339286083,5.568619533928608,HIBRIDO_ANALOGO_CLIM,ANALOGO_ESTADO_V2_HIBRIDO_CLIMATOLOGIA,30,10,1.5716744432321188,OK_ANALOGOS_CONTINUIDAD_CORREGIDA,0.26138046607139165,-0.26138046607139165,0.0,CORREGIDO_ANCLA_OBSERVADO
2026-10-09,BELLAVISTA,14.0,2026-10-08,2026-11-28,60,51,4.154994614131166,3.4997803308874587,4.154994614131166,3.6,5.041460997343243,1.9626195339286086,5.589619533928609,HIBRIDO_ANALOGO_CLIM,ANALOGO_ESTADO_V2_HIBRIDO_CLIMATOLOGIA,30,10,1.5716744432321188,OK_ANALOGOS_CONTINUIDAD_CORREGIDA,0.26138046607139165,-0.26138046607139165,0.0,CORREGIDO_ANCLA_OBSERVADO
2026-10-09,BELLAVISTA,14.0,2026-10-08,2026-11-29,60,52,4.167646514080992,3.507996414254911,4.167646514080992,3.6,5.030265875392024,1.9466195339286085,5.610619533928608,HIBRIDO_ANALOGO_CLIM,ANALOGO_ESTADO_V2_HIBRIDO_CLIMATOLOGIA,30,10,1.5716744432321188,OK_ANALOGOS_CONTINUIDAD_CORREGIDA,0.26138046607139165,-0.26138046607139165,0.0,CORREGIDO_ANCLA_OBSERVADO
2026-10-09,BELLAVISTA,14.0,2026-10-08,2026-11-30,60,53,4.197967905336274,3.51152014817168,4.197967905336274,3.6,5.06574148514812,2.0166195339286084,5.635619533928608,HIBRIDO_ANALOGO_CLIM,ANALOGO_ESTADO_V2_HIBRIDO_CLIMATOLOGIA,30,10,1.5716744432321188,OK_ANALOGOS_CONTINUIDAD_CORREGIDA,0.26138046607139165,-0.26138046607139165,0.0,CORREGIDO_ANCLA_OBSERVADO
2026-10-09,BELLAVISTA,14.0,2026-10-08,2026-12-01,60,54,4.204223186631028,3.5209523115693697,4.204223186631028,3.6,5.039332033928609,2.0366195339286084,5.672619533928607,HIBRIDO_ANALOGO_CLIM,ANALOGO_ESTADO_V2_HIBRIDO_CLIMATOLOGIA,30,10,1.5716744432321188,OK_ANALOGOS_CONTINUIDAD_CORREGIDA,0.26138046607139165,-0.26138046607139165,0.0,CORREGIDO_ANCLA_OBSERVADO
2026-10-09,BELLAVISTA,14.0,2026-10-08,2026-12-02,60,55,4.166804955658657,3.515011160633391,4.166804955658657,3.6,4.937106713415789,2.0176195339286087,5.621619533928609,HIBRIDO_ANALOGO_CLIM,ANALOGO_ESTADO_V2_HIBRIDO_CLIMATOLOGIA,30,10,1.5716744432321188,OK_ANALOGOS_CONTINUIDAD_CORREGIDA,0.26138046607139165,-0.26138046607139165,0.0,CORREGIDO_ANCLA_OBSERVADO
2026-10-09,BELLAVISTA,14.0,2026-10-08,2026-12-03,60,56,4.178138288551484,3.4965633526926543,4.178138288551484,3.6,4.957081072390148,2.0196195339286085,5.599619533928609,HIBRIDO_ANALOGO_CLIM,ANALOGO_ESTADO_V2_HIBRIDO_CLIMATOLOGIA,30,10,1.5716744432321188,OK_ANALOGOS_CONTINUIDAD_CORREGIDA,0.26138046607139165,-0.26138046607139165,0.0,CORREGIDO_ANCLA_OBSERVADO
2026-10-09,BELLAVISTA,14.0,2026-10-08,2026-12-04,60,57,4.193241714731741,3.5182954827111326,4.193241714731741,3.6,4.939234918543994,1.9856195339286087,5.6446195339286085,HIBRIDO_ANALOGO_CLIM,ANALOGO_ESTADO_V2_HIBRIDO_CLIMATOLOGIA,30,10,1.5716744432321188,OK_ANALOGOS_CONTINUIDAD_CORREGIDA,0.26138046607139165,-0.26138046607139165,0.0,CORREGIDO_ANCLA_OBSERVADO
2026-10-09,BELLAVISTA,14.0,2026-10-08,2026-12-05,60,58,4.077644568570873,3.3149847788110747,4.077644568570873,3.6,4.892901585210659,1.8756195339286084,5.008919533928609,HIBRIDO_ANALOGO_CLIM,ANALOGO_ESTADO_V2_HIBRIDO_CLIMATOLOGIA,30,10,1.5716744432321188,OK_ANALOGOS_CONTINUIDAD_CORREGIDA,0.26138046607139165,-0.26138046607139165,0.0,CORREGIDO_ANCLA_OBSERVADO
2026-10-09,BELLAVISTA,14.0,2026-10-08,2026-12-06,60,59,4.0705744492697775,3.30214202396504,4.0705744492697775,3.6,4.865055431364507,1.7476195339286082,4.961419533928607,HIBRIDO_ANALOGO_CLIM,ANALOGO_ESTADO_V2_HIBRIDO_CLIMATOLOGIA,30,10,1.5716744432321188,OK_ANALOGOS_CONTINUIDAD_CORREGIDA,0.26138046607139165,-0.26138046607139165,0.0,CORREGIDO_ANCLA_OBSERVADO
2026-10-09,BELLAVISTA,14.0,2026-10-08,2026-12-07,60,60,4.0595787812510995,3.2495636695992327,4.0595787812510995,3.6,4.869593892902968,1.686619533928608,4.750119533928608,HIBRIDO_ANALOGO_CLIM,ANALOGO_ESTADO_V2_HIBRIDO_CLIMATOLOGIA,30,10,1.5716744432321188,OK_ANALOGOS_CONTINUIDAD_CORREGIDA,0.26138046607139165,-0.26138046607139165,0.0,CORREGIDO_ANCLA_OBSERVADO
2026-10-09,BELLAVISTA,14.0,2026-10-08,2026-10-09,90,1,3.6,3.334090998666259,3.6,3.6,4.397727004001222,3.162114504001222,3.462314504001222,HIBRIDO_ANALOGO_CLIM,ANALOGO_ESTADO_V2_HIBRIDO_CLIMATOLOGIA,30,10,1.6437171373353707,OK_ANALOGOS_CONTINUIDAD_CORREGIDA,0.25668549599877766,-0.25668549599877766,0.0,CORREGIDO_ANCLA_OBSERVADO
2026-10-09,BELLAVISTA,14.0,2026-10-08,2026-10-10,90,2,3.478667532460143,3.187351875279783,3.478667532460143,3.6,4.352614504001222,2.762314504001222,3.5943145040012228,HIBRIDO_ANALOGO_CLIM,ANALOGO_ESTADO_V2_HIBRIDO_CLIMATOLOGIA,30,10,1.6437171373353707,OK_ANALOGOS_CONTINUIDAD_CORREGIDA,0.25668549599877766,-0.25668549599877766,0.0,CORREGIDO_ANCLA_OBSERVADO
2026-10-09,BELLAVISTA,14.0,2026-10-08,2026-10-11,90,3,3.446944098746248,3.15774979699459,3.446944098746248,3.6,4.3145270040012225,2.600314504001222,3.6543145040012224,HIBRIDO_ANALOGO_CLIM,ANALOGO_ESTADO_V2_HIBRIDO_CLIMATOLOGIA,30,10,1.6437171373353707,OK_ANALOGOS_CONTINUIDAD_CORREGIDA,0.25668549599877766,-0.25668549599877766,0.0,CORREGIDO_ANCLA_OBSERVADO
2026-10-09,BELLAVISTA,14.0,2026-10-08,2026-10-12,90,4,3.3996432929067706,3.0902362225419533,3.3996432929067706,3.6,4.327864504001223,2.4943145040012227,3.5593145040012226,HIBRIDO_ANALOGO_CLIM,ANALOGO_ESTADO_V2_HIBRIDO_CLIMATOLOGIA,30,10,1.6437171373353707,OK_ANALOGOS_CONTINUIDAD_CORREGIDA,0.25668549599877766,-0.25668549599877766,0.0,CORREGIDO_ANCLA_OBSERVADO
2026-10-09,BELLAVISTA,14.0,2026-10-08,2026-10-13,90,5,3.3919477690843185,3.0661255241120173,3.3919477690843185,3.6,4.369414504001222,2.449314504001222,3.6643145040012226,HIBRIDO_ANALOGO_CLIM,ANALOGO_ESTADO_V2_HIBRIDO_CLIMATOLOGIA,30,10,1.6437171373353707,OK_ANALOGOS_CONTINUIDAD_CORREGIDA,0.25668549599877766,-0.25668549599877766,0.0,CORREGIDO_ANCLA_OBSERVADO
2026-10-09,BELLAVISTA,14.0,2026-10-08,2026-10-14,90,6,3.3948026149060637,3.057165318541011,3.3948026149060637,3.6,4.407714504001222,2.393414504001222,3.7343145040012224,HIBRIDO_ANALOGO_CLIM,ANALOGO_ESTADO_V2_HIBRIDO_CLIMATOLOGIA,30,10,1.6437171373353707,OK_ANALOGOS_CONTINUIDAD_CORREGIDA,0.25668549599877766,-0.25668549599877766,0.0,CORREGIDO_ANCLA_OBSERVADO
2026-10-09,BELLAVISTA,14.0,2026-10-08,2026-10-15,90,7,3.537873632742272,3.227743342322622,3.537873632742272,3.6,4.4682645040012225,2.269614504001222,3.9253145040012227,HIBRIDO_ANALOGO_CLIM,ANALOGO_ESTADO_V2_HIBRIDO_CLIMATOLOGIA,30,10,1.6437171373353707,OK_ANALOGOS_CONTINUIDAD_CORREGIDA,0.25668549599877766,-0.25668549599877766,0.0,CORREGIDO_ANCLA_OBSERVADO
2026-10-09,BELLAVISTA,14.0,2026-10-08,2026-10-16,90,8,3.7004904163590395,3.4319990538116456,3.7004904163590395,3.6,4.505964504001222,2.331814504001222,5.006314504001223,HIBRIDO_ANALOGO_CLIM,ANALOGO_ESTADO_V2_HIBRIDO_CLIMATOLOGIA,30,10,1.6437171373353707,OK_ANALOGOS_CONTINUIDAD_CORREGIDA,0.25668549599877766,-0.25668549599877766,0.0,CORREGIDO_ANCLA_OBSERVADO
2026-10-09,BELLAVISTA,14.0,2026-10-08,2026-10-17,90,9,3.7210969806062453,3.452207806141253,3.7210969806062453,3.6,4.527764504001222,2.5026145040012224,4.935314504001221,HIBRIDO_ANALOGO_CLIM,ANALOGO_ESTADO_V2_HIBRIDO_CLIMATOLOGIA,30,10,1.6437171373353707,OK_ANALOGOS_CONTINUIDAD_CORREGIDA,0.25668549599877766,-0.25668549599877766,0.0,CORREGIDO_ANCLA_OBSERVADO
2026-10-09,BELLAVISTA,14.0,2026-10-08,2026-10-18,90,10,3.7317324274699266,3.4665175686261613,3.7317324274699266,3.6,4.527377004001222,2.6631145040012223,4.834314504001222,HIBRIDO_ANALOGO_CLIM,ANALOGO_ESTADO_V2_HIBRIDO_CLIMATOLOGIA,30,10,1.6437171373353707,OK_ANALOGOS_CONTINUIDAD_CORREGIDA,0.25668549599877766,-0.25668549599877766,0.0,CORREGIDO_ANCLA_OBSERVADO
2026-10-09,BELLAVISTA,14.0,2026-10-08,2026-10-19,90,11,3.727084478597982,3.469391136796902,3.727084478597982,3.6,4.500164504001223,2.6363145040012226,4.739314504001223,HIBRIDO_ANALOGO_CLIM,ANALOGO_ESTADO_V2_HIBRIDO_CLIMATOLOGIA,30,10,1.6437171373353707,OK_ANALOGOS_CONTINUIDAD_CORREGIDA,0.25668549599877766,-0.25668549599877766,0.0,CORREGIDO_ANCLA_OBSERVADO
2026-10-09,BELLAVISTA,14.0,2026-10-08,2026-10-20,90,12,3.7670502523776146,3.526453835169745,3.7670502523776146,3.6,4.488839504001222,2.5953145040012227,4.839314504001223,HIBRIDO_ANALOGO_CLIM,ANALOGO_ESTADO_V2_HIBRIDO_CLIMATOLOGIA,30,10,1.6437171373353707,OK_ANALOGOS_CONTINUIDAD_CORREGIDA,0.25668549599877766,-0.25668549599877766,0.0,CORREGIDO_ANCLA_OBSERVADO
2026-10-09,BELLAVISTA,14.0,2026-10-08,2026-10-21,90,13,3.8625085459004516,3.644214893200194,3.8625085459004516,3.6,4.517389504001223,2.490314504001223,4.920314504001222,HIBRIDO_ANALOGO_CLIM,ANALOGO_ESTADO_V2_HIBRIDO_CLIMATOLOGIA,30,10,1.6437171373353707,OK_ANALOGOS_CONTINUIDAD_CORREGIDA,0.25668549599877766,-0.25668549599877766,0.0,CORREGIDO_ANCLA_OBSERVADO
2026-10-09,BELLAVISTA,14.0,2026-10-08,2026-10-22,90,14,3.879467621196205,3.666410326927866,3.879467621196205,3.6,4.518639504001223,2.376314504001223,4.913314504001223,HIBRIDO_ANALOGO_CLIM,ANALOGO_ESTADO_V2_HIBRIDO_CLIMATOLOGIA,30,10,1.6437171373353707,OK_ANALOGOS_CONTINUIDAD_CORREGIDA,0.25668549599877766,-0.25668549599877766,0.0,CORREGIDO_ANCLA_OBSERVADO
2026-10-09,BELLAVISTA,14.0,2026-10-08,2026-10-23,90,15,3.9339247700945204,3.745411525458952,3.9339247700945204,3.6,4.499464504001223,2.309314504001223,4.920314504001222,HIBRIDO_ANALOGO_CLIM,ANALOGO_ESTADO_V2_HIBRIDO_CLIMATOLOGIA,30,10,1.6437171373353707,OK_ANALOGOS_CONTINUIDAD_CORREGIDA,0.25668549599877766,-0.25668549599877766,0.0,CORREGIDO_ANCLA_OBSERVADO
2026-10-09,BELLAVISTA,14.0,2026-10-08,2026-10-24,90,16,3.9869975593800544,3.8164752445063317,3.9869975593800544,3.6,4.498564504001223,2.3023145040012225,4.780314504001222,HIBRIDO_ANALOGO_CLIM,ANALOGO_ESTADO_V2_HIBRIDO_CLIMATOLOGIA,30,10,1.6437171373353707,OK_ANALOGOS_CONTINUIDAD_CORREGIDA,0.25668549599877766,-0.25668549599877766,0.0,CORREGIDO_ANCLA_OBSERVADO
2026-10-09,BELLAVISTA,14.0,2026-10-08,2026-10-25,90,17,3.9763239416231193,3.8120604208304187,3.9763239416231193,3.6,4.469114504001222,2.255314504001223,4.623314504001222,HIBRIDO_ANALOGO_CLIM,ANALOGO_ESTADO_V2_HIBRIDO_CLIMATOLOGIA,30,10,1.6437171373353707,OK_ANALOGOS_CONTINUIDAD_CORREGIDA,0.25668549599877766,-0.25668549599877766,0.0,CORREGIDO_ANCLA_OBSERVADO
2026-10-09,BELLAVISTA,14.0,2026-10-08,2026-10-26,90,18,4.117096783522831,4.006190876696699,4.117096783522831,3.6,4.449814504001223,2.7199145040012223,4.917314504001222,HIBRIDO_ANALOGO_CLIM,ANALOGO_ESTADO_V2_HIBRIDO_CLIMATOLOGIA,30,10,1.6437171373353707,OK_ANALOGOS_CONTINUIDAD_CORREGIDA,0.25668549599877766,-0.25668549599877766,0.0,CORREGIDO_ANCLA_OBSERVADO
2026-10-09,BELLAVISTA,14.0,2026-10-08,2026-10-27,90,19,4.057725368787876,3.929445657050095,4.057725368787876,3.6,4.442564504001222,2.6776145040012223,4.817314504001223,HIBRIDO_ANALOGO_CLIM,ANALOGO_ESTADO_V2_HIBRIDO_CLIMATOLOGIA,30,10,1.6437171373353707,OK_ANALOGOS_CONTINUIDAD_CORREGIDA,0.25668549599877766,-0.25668549599877766,0.0,CORREGIDO_ANCLA_OBSERVADO
2026-10-09,BELLAVISTA,14.0,2026-10-08,2026-10-28,90,20,4.014686379738125,3.872493671650425,4.014686379738125,3.6,4.441264504001223,2.631914504001222,4.672314504001223,HIBRIDO_ANALOGO_CLIM,ANALOGO_ESTADO_V2_HIBRIDO_CLIMATOLOGIA,30,10,1.6437171373353707,OK_ANALOGOS_CONTINUIDAD_CORREGIDA,0.25668549599877766,-0.25668549599877766,0.0,CORREGIDO_ANCLA_OBSERVADO
2026-10-09,BELLAVISTA,14.0,2026-10-08,2026-10-29,90,21,4.016591715536364,3.863875786048078,4.016591715536364,3.6,4.474739504001223,2.545614504001222,4.730314504001223,HIBRIDO_ANALOGO_CLIM,ANALOGO_ESTADO_V2_HIBRIDO_CLIMATOLOGIA,30,10,1.6437171373353707,OK_ANALOGOS_CONTINUIDAD_CORREGIDA,0.25668549599877766,-0.25668549599877766,0.0,CORREGIDO_ANCLA_OBSERVADO
2026-10-09,BELLAVISTA,14.0,2026-10-08,2026-10-30,90,22,4.045054421644181,3.8894135608585017,4.045054421644181,3.6,4.511977004001222,2.612314504001222,4.890314504001221,HIBRIDO_ANALOGO_CLIM,ANALOGO_ESTADO_V2_HIBRIDO_CLIMATOLOGIA,30,10,1.6437171373353707,OK_ANALOGOS_CONTINUIDAD_CORREGIDA,0.25668549599877766,-0.25668549599877766,0.0,CORREGIDO_ANCLA_OBSERVADO
2026-10-09,BELLAVISTA,14.0,2026-10-08,2026-10-31,90,23,4.06541616870811,3.9114458902770726,4.06541616870811,3.6,4.527327004001222,2.679914504001222,5.134314504001223,HIBRIDO_ANALOGO_CLIM,ANALOGO_ESTADO_V2_HIBRIDO_CLIMATOLOGIA,30,10,1.6437171373353707,OK_ANALOGOS_CONTINUIDAD_CORREGIDA,0.25668549599877766,-0.25668549599877766,0.0,CORREGIDO_ANCLA_OBSERVADO
2026-10-09,BELLAVISTA,14.0,2026-10-08,2026-11-01,90,24,3.9851539253485444,3.808307716204155,3.9851539253485444,3.6,4.51569255278171,2.598614504001222,4.785314504001223,HIBRIDO_ANALOGO_CLIM,ANALOGO_ESTADO_V2_HIBRIDO_CLIMATOLOGIA,30,10,1.6437171373353707,OK_ANALOGOS_CONTINUIDAD_CORREGIDA,0.25668549599877766,-0.25668549599877766,0.0,CORREGIDO_ANCLA_OBSERVADO
2026-10-09,BELLAVISTA,14.0,2026-10-08,2026-11-02,90,25,3.9095979365136464,3.7058428205218523,3.9095979365136464,3.6,4.520863284489028,2.581614504001222,4.343314504001222,HIBRIDO_ANALOGO_CLIM,ANALOGO_ESTADO_V2_HIBRIDO_CLIMATOLOGIA,30,10,1.6437171373353707,OK_ANALOGOS_CONTINUIDAD_CORREGIDA,0.25668549599877766,-0.25668549599877766,0.0,CORREGIDO_ANCLA_OBSERVADO
2026-10-09,BELLAVISTA,14.0,2026-10-08,2026-11-03,90,26,3.8442900098883626,3.611200544371067,3.8442900098883626,3.6,4.543558406440248,2.5531145040012224,4.214314504001221,HIBRIDO_ANALOGO_CLIM,ANALOGO_ESTADO_V2_HIBRIDO_CLIMATOLOGIA,30,10,1.6437171373353707,OK_ANALOGOS_CONTINUIDAD_CORREGIDA,0.25668549599877766,-0.25668549599877766,0.0,CORREGIDO_ANCLA_OBSERVADO
2026-10-09,BELLAVISTA,14.0,2026-10-08,2026-11-04,90,27,3.769922731375201,3.498048238060836,3.769922731375201,3.6,4.585546211318295,2.5433145040012226,4.285314504001223,HIBRIDO_ANALOGO_CLIM,ANALOGO_ESTADO_V2_HIBRIDO_CLIMATOLOGIA,30,10,1.6437171373353707,OK_ANALOGOS_CONTINUIDAD_CORREGIDA,0.25668549599877766,-0.25668549599877766,0.0,CORREGIDO_ANCLA_OBSERVADO
2026-10-09,BELLAVISTA,14.0,2026-10-08,2026-11-05,90,28,3.723263253685817,3.42565673935304,3.723263253685817,3.6,4.6160827966841484,2.3533145040012227,4.486314504001221,HIBRIDO_ANALOGO_CLIM,ANALOGO_ESTADO_V2_HIBRIDO_CLIMATOLOGIA,30,10,1.6437171373353707,OK_ANALOGOS_CONTINUIDAD_CORREGIDA,0.25668549599877766,-0.25668549599877766,0.0,CORREGIDO_ANCLA_OBSERVADO
2026-10-09,BELLAVISTA,14.0,2026-10-08,2026-11-06,90,29,3.625164693892994,3.282334269385373,3.625164693892994,3.6,4.653655967415856,2.2153145040012223,4.6783145040012215,HIBRIDO_ANALOGO_CLIM,ANALOGO_ESTADO_V2_HIBRIDO_CLIMATOLOGIA,30,10,1.6437171373353707,OK_ANALOGOS_CONTINUIDAD_CORREGIDA,0.25668549599877766,-0.25668549599877766,0.0,CORREGIDO_ANCLA_OBSERVADO
2026-10-09,BELLAVISTA,14.0,2026-10-08,2026-11-07,90,30,3.610351011849493,3.259127408774526,3.610351011849493,3.6,4.6640218210743924,2.2643145040012223,4.7983145040012225,HIBRIDO_ANALOGO_CLIM,ANALOGO_ESTADO_V2_HIBRIDO_CLIMATOLOGIA,30,10,1.6437171373353707,OK_ANALOGOS_CONTINUIDAD_CORREGIDA,0.25668549599877766,-0.25668549599877766,0.0,CORREGIDO_ANCLA_OBSERVADO
2026-10-09,BELLAVISTA,14.0,2026-10-08,2026-11-08,90,31,3.607852447416079,3.233512416196645,3.607852447416079,3.6,4.6825706015621975,2.2213145040012225,4.795314504001222,HIBRIDO_ANALOGO_CLIM,ANALOGO_ESTADO_V2_HIBRIDO_CLIMATOLOGIA,30,10,1.6437171373353707,OK_ANALOGOS_CONTINUIDAD_CORREGIDA,0.25668549599877766,-0.25668549599877766,0.0,CORREGIDO_ANCLA_OBSERVADO
2026-10-09,BELLAVISTA,14.0,2026-10-08,2026-11-09,90,32,3.589086586114876,3.1886134629810385,3.589086586114876,3.6,4.69038767473293,2.1633145040012227,4.7873145040012215,HIBRIDO_ANALOGO_CLIM,ANALOGO_ESTADO_V2_HIBRIDO_CLIMATOLOGIA,30,10,1.6437171373353707,OK_ANALOGOS_CONTINUIDAD_CORREGIDA,0.25668549599877766,-0.25668549599877766,0.0,CORREGIDO_ANCLA_OBSERVADO
2026-10-09,BELLAVISTA,14.0,2026-10-08,2026-11-10,90,33,3.5910193200146683,3.1765894394613157,3.5910193200146683,3.6,4.683607186928052,2.0283145040012225,4.828314504001222,HIBRIDO_ANALOGO_CLIM,ANALOGO_ESTADO_V2_HIBRIDO_CLIMATOLOGIA,30,10,1.6437171373353707,OK_ANALOGOS_CONTINUIDAD_CORREGIDA,0.25668549599877766,-0.25668549599877766,0.0,CORREGIDO_ANCLA_OBSERVADO
2026-10-09,BELLAVISTA,14.0,2026-10-08,2026-11-11,90,34,3.5939458494268046,3.1534731028366916,3.5939458494268046,3.6,4.708082796684149,1.8473145040012224,4.967314504001223,HIBRIDO_ANALOGO_CLIM,ANALOGO_ESTADO_V2_HIBRIDO_CLIMATOLOGIA,30,10,1.6437171373353707,OK_ANALOGOS_CONTINUIDAD_CORREGIDA,0.25668549599877766,-0.25668549599877766,0.0,CORREGIDO_ANCLA_OBSERVADO
2026-10-09,BELLAVISTA,14.0,2026-10-08,2026-11-12,90,35,3.6378096516676908,3.178413822944988,3.6378096516676908,3.6,4.75348523570854,1.6513145040012223,5.183314504001222,HIBRIDO_ANALOGO_CLIM,ANALOGO_ESTADO_V2_HIBRIDO_CLIMATOLOGIA,30,10,1.6437171373353707,OK_ANALOGOS_CONTINUIDAD_CORREGIDA,0.25668549599877766,-0.25668549599877766,0.0,CORREGIDO_ANCLA_OBSERVADO
2026-10-09,BELLAVISTA,14.0,2026-10-08,2026-11-13,90,36,3.7109378224205547,3.2513373630671674,3.7109378224205547,3.6,4.783338894245125,1.4513145040012223,5.118314504001223,HIBRIDO_ANALOGO_CLIM,ANALOGO_ESTADO_V2_HIBRIDO_CLIMATOLOGIA,30,10,1.6437171373353707,OK_ANALOGOS_CONTINUIDAD_CORREGIDA,0.25668549599877766,-0.25668549599877766,0.0,CORREGIDO_ANCLA_OBSERVADO
2026-10-09,BELLAVISTA,14.0,2026-10-08,2026-11-14,90,37,3.738626745087284,3.2731943823860075,3.738626745087284,3.6,4.7827047479036615,1.4263145040012222,5.029314504001222,HIBRIDO_ANALOGO_CLIM,ANALOGO_ESTADO_V2_HIBRIDO_CLIMATOLOGIA,30,10,1.6437171373353707,OK_ANALOGOS_CONTINUIDAD_CORREGIDA,0.25668549599877766,-0.25668549599877766,0.0,CORREGIDO_ANCLA_OBSERVADO
2026-10-09,BELLAVISTA,14.0,2026-10-08,2026-11-15,90,38,3.7939592594511136,3.3347711360099868,3.7939592594511136,3.6,4.784838894245125,1.9393145040012225,4.967314504001221,HIBRIDO_ANALOGO_CLIM,ANALOGO_ESTADO_V2_HIBRIDO_CLIMATOLOGIA,30,10,1.6437171373353707,OK_ANALOGOS_CONTINUIDAD_CORREGIDA,0.25668549599877766,-0.25668549599877766,0.0,CORREGIDO_ANCLA_OBSERVADO
2026-10-09,BELLAVISTA,14.0,2026-10-08,2026-11-16,90,39,3.6862256741025803,3.159136833690677,3.6862256741025803,3.6,4.780948650342687,2.2923145040012223,4.303314504001223,HIBRIDO_ANALOGO_CLIM,ANALOGO_ESTADO_V2_HIBRIDO_CLIMATOLOGIA,30,10,1.6437171373353707,OK_ANALOGOS_CONTINUIDAD_CORREGIDA,0.25668549599877766,-0.25668549599877766,0.0,CORREGIDO_ANCLA_OBSERVADO
2026-10-09,BELLAVISTA,14.0,2026-10-08,2026-11-17,90,40,3.7043375581753732,3.1495503047746443,3.7043375581753732,3.6,4.813912064976831,2.2733145040012226,4.338314504001222,HIBRIDO_ANALOGO_CLIM,ANALOGO_ESTADO_V2_HIBRIDO_CLIMATOLOGIA,30,10,1.6437171373353707,OK_ANALOGOS_CONTINUIDAD_CORREGIDA,0.25668549599877766,-0.25668549599877766,0.0,CORREGIDO_ANCLA_OBSERVADO
2026-10-09,BELLAVISTA,14.0,2026-10-08,2026-11-18,90,41,3.7491935935565706,3.1622321083890936,3.7491935935565706,3.6,4.880168162537807,2.1023145040012223,4.371314504001223,HIBRIDO_ANALOGO_CLIM,ANALOGO_ESTADO_V2_HIBRIDO_CLIMATOLOGIA,30,10,1.6437171373353707,OK_ANALOGOS_CONTINUIDAD_CORREGIDA,0.25668549599877766,-0.25668549599877766,0.0,CORREGIDO_ANCLA_OBSERVADO
2026-10-09,BELLAVISTA,14.0,2026-10-08,2026-11-19,90,42,3.790668922277097,3.176534246939716,3.790668922277097,3.6,4.931204747903662,1.8983145040012221,4.416614504001222,HIBRIDO_ANALOGO_CLIM,ANALOGO_ESTADO_V2_HIBRIDO_CLIMATOLOGIA,30,10,1.6437171373353707,OK_ANALOGOS_CONTINUIDAD_CORREGIDA,0.25668549599877766,-0.25668549599877766,0.0,CORREGIDO_ANCLA_OBSERVADO
2026-10-09,BELLAVISTA,14.0,2026-10-08,2026-11-20,90,43,3.809471896594306,3.1631704975260795,3.809471896594306,3.6,4.966802308879272,1.802314504001222,4.408114504001221,HIBRIDO_ANALOGO_CLIM,ANALOGO_ESTADO_V2_HIBRIDO_CLIMATOLOGIA,30,10,1.6437171373353707,OK_ANALOGOS_CONTINUIDAD_CORREGIDA,0.25668549599877766,-0.25668549599877766,0.0,CORREGIDO_ANCLA_OBSERVADO
2026-10-09,BELLAVISTA,14.0,2026-10-08,2026-11-21,90,44,3.804349462827591,3.1396957611981846,3.804349462827591,3.6,4.952387674732929,1.6983145040012222,4.399314504001222,HIBRIDO_ANALOGO_CLIM,ANALOGO_ESTADO_V2_HIBRIDO_CLIMATOLOGIA,30,10,1.6437171373353707,OK_ANALOGOS_CONTINUIDAD_CORREGIDA,0.25668549599877766,-0.25668549599877766,0.0,CORREGIDO_ANCLA_OBSERVADO
2026-10-09,BELLAVISTA,14.0,2026-10-08,2026-11-22,90,45,3.7986138430536136,3.0895422269728545,3.7986138430536136,3.6,4.98039986985488,1.5813145040012222,4.429614504001222,HIBRIDO_ANALOGO_CLIM,ANALOGO_ESTADO_V2_HIBRIDO_CLIMATOLOGIA,30,10,1.6437171373353707,OK_ANALOGOS_CONTINUIDAD_CORREGIDA,0.25668549599877766,-0.25668549599877766,0.0,CORREGIDO_ANCLA_OBSERVADO
2026-10-09,BELLAVISTA,14.0,2026-10-08,2026-11-23,90,46,3.80505616153642,3.0593589849086626,3.80505616153642,3.6,5.004655967415857,1.5743145040012223,4.3856145040012215,HIBRIDO_ANALOGO_CLIM,ANALOGO_ESTADO_V2_HIBRIDO_CLIMATOLOGIA,30,10,1.6437171373353707,OK_ANALOGOS_CONTINUIDAD_CORREGIDA,0.25668549599877766,-0.25668549599877766,0.0,CORREGIDO_ANCLA_OBSERVADO
2026-10-09,BELLAVISTA,14.0,2026-10-08,2026-11-24,90,47,3.8327825820320727,3.064006600196272,3.8327825820320727,3.6,5.026838894245126,1.6073145040012222,4.379314504001222,HIBRIDO_ANALOGO_CLIM,ANALOGO_ESTADO_V2_HIBRIDO_CLIMATOLOGIA,30,10,1.6437171373353707,OK_ANALOGOS_CONTINUIDAD_CORREGIDA,0.25668549599877766,-0.25668549599877766,0.0,CORREGIDO_ANCLA_OBSERVADO
2026-10-09,BELLAVISTA,14.0,2026-10-08,2026-11-25,90,48,3.8563214492464577,3.0737894940440937,3.8563214492464577,3.6,5.030119382050003,1.7703145040012225,4.424314504001222,HIBRIDO_ANALOGO_CLIM,ANALOGO_ESTADO_V2_HIBRIDO_CLIMATOLOGIA,30,10,1.6437171373353707,OK_ANALOGOS_CONTINUIDAD_CORREGIDA,0.25668549599877766,-0.25668549599877766,0.0,CORREGIDO_ANCLA_OBSERVADO
2026-10-09,BELLAVISTA,14.0,2026-10-08,2026-11-26,90,49,3.9808530226309577,3.246224676333169,3.9808530226309577,3.6,5.045314504001222,1.9353145040012225,4.462314504001222,HIBRIDO_ANALOGO_CLIM,ANALOGO_ESTADO_V2_HIBRIDO_CLIMATOLOGIA,30,10,1.6437171373353707,OK_ANALOGOS_CONTINUIDAD_CORREGIDA,0.25668549599877766,-0.25668549599877766,0.0,CORREGIDO_ANCLA_OBSERVADO
2026-10-09,BELLAVISTA,14.0,2026-10-08,2026-11-27,90,50,4.0143167583283645,3.2727852675167393,4.0143167583283645,3.6,5.052460845464637,1.9853145040012223,4.465314504001222,HIBRIDO_ANALOGO_CLIM,ANALOGO_ESTADO_V2_HIBRIDO_CLIMATOLOGIA,30,10,1.6437171373353707,OK_ANALOGOS_CONTINUIDAD_CORREGIDA,0.25668549599877766,-0.25668549599877766,0.0,CORREGIDO_ANCLA_OBSERVADO
2026-10-09,BELLAVISTA,14.0,2026-10-08,2026-11-28,90,51,4.048817573403724,3.311654412612147,4.048817573403724,3.6,5.0461559674158565,1.9673145040012225,4.469314504001222,HIBRIDO_ANALOGO_CLIM,ANALOGO_ESTADO_V2_HIBRIDO_CLIMATOLOGIA,30,10,1.6437171373353707,OK_ANALOGOS_CONTINUIDAD_CORREGIDA,0.25668549599877766,-0.25668549599877766,0.0,CORREGIDO_ANCLA_OBSERVADO
2026-10-09,BELLAVISTA,14.0,2026-10-08,2026-11-29,90,52,4.076384053134442,3.343354741352527,4.076384053134442,3.6,5.034960845464637,1.9513145040012225,4.541614504001222,HIBRIDO_ANALOGO_CLIM,ANALOGO_ESTADO_V2_HIBRIDO_CLIMATOLOGIA,30,10,1.6437171373353707,OK_ANALOGOS_CONTINUIDAD_CORREGIDA,0.25668549599877766,-0.25668549599877766,0.0,CORREGIDO_ANCLA_OBSERVADO
2026-10-09,BELLAVISTA,14.0,2026-10-08,2026-11-30,90,53,4.119038970040165,3.3664409593749376,4.119038970040165,3.6,5.070436455220735,2.0213145040012224,4.581914504001222,HIBRIDO_ANALOGO_CLIM,ANALOGO_ESTADO_V2_HIBRIDO_CLIMATOLOGIA,30,10,1.6437171373353707,OK_ANALOGOS_CONTINUIDAD_CORREGIDA,0.25668549599877766,-0.25668549599877766,0.0,CORREGIDO_ANCLA_OBSERVADO
2026-10-09,BELLAVISTA,14.0,2026-10-08,2026-12-01,90,54,4.136036022436999,3.393134310248089,4.136036022436999,3.6,5.044027004001222,2.0413145040012224,4.861914504001222,HIBRIDO_ANALOGO_CLIM,ANALOGO_ESTADO_V2_HIBRIDO_CLIMATOLOGIA,30,10,1.6437171373353707,OK_ANALOGOS_CONTINUIDAD_CORREGIDA,0.25668549599877766,-0.25668549599877766,0.0,CORREGIDO_ANCLA_OBSERVADO
2026-10-09,BELLAVISTA,14.0,2026-10-08,2026-12-02,90,55,4.110235846043739,3.406603214359795,4.110235846043739,3.6,4.941801683488402,2.0223145040012227,5.201114504001222,HIBRIDO_ANALOGO_CLIM,ANALOGO_ESTADO_V2_HIBRIDO_CLIMATOLOGIA,30,10,1.6437171373353707,OK_ANALOGOS_CONTINUIDAD_CORREGIDA,0.25668549599877766,-0.25668549599877766,0.0,CORREGIDO_ANCLA_OBSERVADO
2026-10-09,BELLAVISTA,14.0,2026-10-08,2026-12-03,90,56,4.140069033145503,3.4210753999929002,4.140069033145503,3.6,4.961776042462761,2.0243145040012225,5.584314504001222,HIBRIDO_ANALOGO_CLIM,ANALOGO_ESTADO_V2_HIBRIDO_CLIMATOLOGIA,30,10,1.6437171373353707,OK_ANALOGOS_CONTINUIDAD_CORREGIDA,0.25668549599877766,-0.25668549599877766,0.0,CORREGIDO_ANCLA_OBSERVADO
2026-10-09,BELLAVISTA,14.0,2026-10-08,2026-12-04,90,57,4.172204018506465,3.473975850311572,4.172204018506465,3.6,4.943929888616607,1.9903145040012227,5.726714504001222,HIBRIDO_ANALOGO_CLIM,ANALOGO_ESTADO_V2_HIBRIDO_CLIMATOLOGIA,30,10,1.6437171373353707,OK_ANALOGOS_CONTINUIDAD_CORREGIDA,0.25668549599877766,-0.25668549599877766,0.0,CORREGIDO_ANCLA_OBSERVADO
2026-10-09,BELLAVISTA,14.0,2026-10-08,2026-12-05,90,58,4.186599847612367,3.521473895275069,4.186599847612367,3.6,4.897596555283274,1.8803145040012224,5.871514504001222,HIBRIDO_ANALOGO_CLIM,ANALOGO_ESTADO_V2_HIBRIDO_CLIMATOLOGIA,30,10,1.6437171373353707,OK_ANALOGOS_CONTINUIDAD_CORREGIDA,0.25668549599877766,-0.25668549599877766,0.0,CORREGIDO_ANCLA_OBSERVADO
2026-10-09,BELLAVISTA,14.0,2026-10-08,2026-12-06,90,59,4.182673065237356,3.518122854814632,4.182673065237356,3.6,4.86975040143712,1.7523145040012222,5.898014504001223,HIBRIDO_ANALOGO_CLIM,ANALOGO_ESTADO_V2_HIBRIDO_CLIMATOLOGIA,30,10,1.6437171373353707,OK_ANALOGOS_CONTINUIDAD_CORREGIDA,0.25668549599877766,-0.25668549599877766,0.0,CORREGIDO_ANCLA_OBSERVADO
2026-10-09,BELLAVISTA,14.0,2026-10-08,2026-12-07,90,60,4.174823564757361,3.475358266539139,4.174823564757361,3.6,4.874288862975581,1.691314504001222,5.8547145040012225,HIBRIDO_ANALOGO_CLIM,ANALOGO_ESTADO_V2_HIBRIDO_CLIMATOLOGIA,30,10,1.6437171373353707,OK_ANALOGOS_CONTINUIDAD_CORREGIDA,0.25668549599877766,-0.25668549599877766,0.0,CORREGIDO_ANCLA_OBSERVADO
2026-10-09,BELLAVISTA,14.0,2026-10-08,2026-12-08,90,61,4.159424638951924,3.433596090950064,4.159424638951924,3.6,4.861455529642248,1.6033145040012222,5.781514504001223,HIBRIDO_ANALOGO_CLIM,ANALOGO_ESTADO_V2_HIBRIDO_CLIMATOLOGIA,30,10,1.6437171373353707,OK_ANALOGOS_CONTINUIDAD_CORREGIDA,0.25668549599877766,-0.25668549599877766,0.0,CORREGIDO_ANCLA_OBSERVADO
2026-10-09,BELLAVISTA,14.0,2026-10-08,2026-12-09,90,62,4.156257333266899,3.4269424619867945,4.156257333266899,3.6,4.838519632206351,1.6123145040012221,5.781814504001222,HIBRIDO_ANALOGO_CLIM,ANALOGO_ESTADO_V2_HIBRIDO_CLIMATOLOGIA,30,10,1.6437171373353707,OK_ANALOGOS_CONTINUIDAD_CORREGIDA,0.25668549599877766,-0.25668549599877766,0.0,CORREGIDO_ANCLA_OBSERVADO
2026-10-09,BELLAVISTA,14.0,2026-10-08,2026-12-10,90,63,4.1700767484497945,3.4843949376581356,4.1700767484497945,3.6,4.790455529642248,1.664314504001222,5.835714504001222,HIBRIDO_ANALOGO_CLIM,ANALOGO_ESTADO_V2_HIBRIDO_CLIMATOLOGIA,30,10,1.6437171373353707,OK_ANALOGOS_CONTINUIDAD_CORREGIDA,0.25668549599877766,-0.25668549599877766,0.0,CORREGIDO_ANCLA_OBSERVADO
2026-10-09,BELLAVISTA,14.0,2026-10-08,2026-12-11,90,64,4.192293608692125,3.5512880433571867,4.192293608692125,3.6,4.753173478360196,1.584314504001222,5.902014504001222,HIBRIDO_ANALOGO_CLIM,ANALOGO_ESTADO_V2_HIBRIDO_CLIMATOLOGIA,30,10,1.6437171373353707,OK_ANALOGOS_CONTINUIDAD_CORREGIDA,0.25668549599877766,-0.25668549599877766,0.0,CORREGIDO_ANCLA_OBSERVADO
2026-10-09,BELLAVISTA,14.0,2026-10-08,2026-12-12,90,65,4.19825547380092,3.5973069229581376,4.19825547380092,3.6,4.7067504014371195,1.4113145040012223,5.926514504001222,HIBRIDO_ANALOGO_CLIM,ANALOGO_ESTADO_V2_HIBRIDO_CLIMATOLOGIA,30,10,1.6437171373353707,OK_ANALOGOS_CONTINUIDAD_CORREGIDA,0.25668549599877766,-0.25668549599877766,0.0,CORREGIDO_ANCLA_OBSERVADO
2026-10-09,BELLAVISTA,14.0,2026-10-08,2026-12-13,90,66,4.252108716845248,3.762028139381108,4.252108716845248,3.6,4.653083734770453,1.6743145040012224,5.869514504001222,HIBRIDO_ANALOGO_CLIM,ANALOGO_ESTADO_V2_HIBRIDO_CLIMATOLOGIA,30,10,1.6437171373353707,OK_ANALOGOS_CONTINUIDAD_CORREGIDA,0.25668549599877766,-0.25668549599877766,0.0,CORREGIDO_ANCLA_OBSERVADO
2026-10-09,BELLAVISTA,14.0,2026-10-08,2026-12-14,90,67,4.247502342267143,3.780749474046947,4.247502342267143,3.6,4.616724760411479,1.8473145040012229,5.836714504001222,HIBRIDO_ANALOGO_CLIM,ANALOGO_ESTADO_V2_HIBRIDO_CLIMATOLOGIA,30,10,1.6437171373353707,OK_ANALOGOS_CONTINUIDAD_CORREGIDA,0.25668549599877766,-0.25668549599877766,0.0,CORREGIDO_ANCLA_OBSERVADO
2026-10-09,BELLAVISTA,14.0,2026-10-08,2026-12-15,90,68,4.242074863135608,3.763967601017456,4.242074863135608,3.6,4.607686298873016,1.8763145040012223,5.833014504001222,HIBRIDO_ANALOGO_CLIM,ANALOGO_ESTADO_V2_HIBRIDO_CLIMATOLOGIA,30,10,1.6437171373353707,OK_ANALOGOS_CONTINUIDAD_CORREGIDA,0.25668549599877766,-0.25668549599877766,0.0,CORREGIDO_ANCLA_OBSERVADO
2026-10-09,BELLAVISTA,14.0,2026-10-08,2026-12-16,90,69,4.230126051930206,3.7323356424163276,4.230126051930206,3.6,4.598058093744813,1.8113145040012228,5.738014504001223,HIBRIDO_ANALOGO_CLIM,ANALOGO_ESTADO_V2_HIBRIDO_CLIMATOLOGIA,30,10,1.6437171373353707,OK_ANALOGOS_CONTINUIDAD_CORREGIDA,0.25668549599877766,-0.25668549599877766,0.0,CORREGIDO_ANCLA_OBSERVADO
2026-10-09,BELLAVISTA,14.0,2026-10-08,2026-12-17,90,70,4.193133651515412,3.6809471247019427,4.193133651515412,3.6,4.55898117066789,1.7933145040012226,5.4835145040012225,HIBRIDO_ANALOGO_CLIM,ANALOGO_ESTADO_V2_HIBRIDO_CLIMATOLOGIA,30,10,1.6437171373353707,OK_ANALOGOS_CONTINUIDAD_CORREGIDA,0.25668549599877766,-0.25668549599877766,0.0,CORREGIDO_ANCLA_OBSERVADO
2026-10-09,BELLAVISTA,14.0,2026-10-08,2026-12-18,90,71,4.194599627746452,3.67009204409943,4.194599627746452,3.6,4.556583734770452,1.8283145040012228,5.373514504001223,HIBRIDO_ANALOGO_CLIM,ANALOGO_ESTADO_V2_HIBRIDO_CLIMATOLOGIA,30,10,1.6437171373353707,OK_ANALOGOS_CONTINUIDAD_CORREGIDA,0.25668549599877766,-0.25668549599877766,0.0,CORREGIDO_ANCLA_OBSERVADO
2026-10-09,BELLAVISTA,14.0,2026-10-08,2026-12-19,90,72,4.2256467083270906,3.666106553277431,4.2256467083270906,3.6,4.5986734783601975,2.0583145040012223,5.212714504001221,HIBRIDO_ANALOGO_CLIM,ANALOGO_ESTADO_V2_HIBRIDO_CLIMATOLOGIA,30,10,1.6437171373353707,OK_ANALOGOS_CONTINUIDAD_CORREGIDA,0.25668549599877766,-0.25668549599877766,0.0,CORREGIDO_ANCLA_OBSERVADO
2026-10-09,BELLAVISTA,14.0,2026-10-08,2026-12-20,90,73,4.243127025037625,3.6721176128121154,4.243127025037625,3.6,4.61076322194994,2.2273145040012228,5.047314504001221,HIBRIDO_ANALOGO_CLIM,ANALOGO_ESTADO_V2_HIBRIDO_CLIMATOLOGIA,30,10,1.6437171373353707,OK_ANALOGOS_CONTINUIDAD_CORREGIDA,0.25668549599877766,-0.25668549599877766,0.0,CORREGIDO_ANCLA_OBSERVADO
2026-10-09,BELLAVISTA,14.0,2026-10-08,2026-12-21,90,74,4.2846558213080765,3.699020950487332,4.2846558213080765,3.6,4.648699119385837,2.1953145040012223,5.197314504001222,HIBRIDO_ANALOGO_CLIM,ANALOGO_ESTADO_V2_HIBRIDO_CLIMATOLOGIA,30,10,1.6437171373353707,OK_ANALOGOS_CONTINUIDAD_CORREGIDA,0.25668549599877766,-0.25668549599877766,0.0,CORREGIDO_ANCLA_OBSERVADO
2026-10-09,BELLAVISTA,14.0,2026-10-08,2026-12-22,90,75,4.327123886060457,3.7474044800908035,4.327123886060457,3.6,4.674955529642249,2.0563145040012225,5.663314504001223,HIBRIDO_ANALOGO_CLIM,ANALOGO_ESTADO_V2_HIBRIDO_CLIMATOLOGIA,30,10,1.6437171373353707,OK_ANALOGOS_CONTINUIDAD_CORREGIDA,0.25668549599877766,-0.25668549599877766,0.0,CORREGIDO_ANCLA_OBSERVADO
2026-10-09,BELLAVISTA,14.0,2026-10-08,2026-12-23,90,76,4.318189660519881,3.74624674905211,4.318189660519881,3.6,4.649314504001222,1.9983145040012227,5.684114504001222,HIBRIDO_ANALOGO_CLIM,ANALOGO_ESTADO_V2_HIBRIDO_CLIMATOLOGIA,30,10,1.6437171373353707,OK_ANALOGOS_CONTINUIDAD_CORREGIDA,0.25668549599877766,-0.25668549599877766,0.0,CORREGIDO_ANCLA_OBSERVADO
2026-10-09,BELLAVISTA,14.0,2026-10-08,2026-12-24,90,77,4.31545382438693,3.74653693656241,4.31545382438693,3.6,4.633160657847377,1.9343145040012226,5.67501450400122,HIBRIDO_ANALOGO_CLIM,ANALOGO_ESTADO_V2_HIBRIDO_CLIMATOLOGIA,30,10,1.6437171373353707,OK_ANALOGOS_CONTINUIDAD_CORREGIDA,0.25668549599877766,-0.25668549599877766,0.0,CORREGIDO_ANCLA_OBSERVADO
2026-10-09,BELLAVISTA,14.0,2026-10-08,2026-12-25,90,78,4.323000857821192,3.7300374196773274,4.323000857821192,3.6,4.642288862975581,2.017314504001223,5.8696145040012215,HIBRIDO_ANALOGO_CLIM,ANALOGO_ESTADO_V2_HIBRIDO_CLIMATOLOGIA,30,10,1.6437171373353707,OK_ANALOGOS_CONTINUIDAD_CORREGIDA,0.25668549599877766,-0.25668549599877766,0.0,CORREGIDO_ANCLA_OBSERVADO
2026-10-09,BELLAVISTA,14.0,2026-10-08,2026-12-26,90,79,4.339619097478968,3.7391340771568506,4.339619097478968,3.6,4.6512632219499395,2.0813145040012224,6.109514504001222,HIBRIDO_ANALOGO_CLIM,ANALOGO_ESTADO_V2_HIBRIDO_CLIMATOLOGIA,30,10,1.6437171373353707,OK_ANALOGOS_CONTINUIDAD_CORREGIDA,0.25668549599877766,-0.25668549599877766,0.0,CORREGIDO_ANCLA_OBSERVADO
2026-10-09,BELLAVISTA,14.0,2026-10-08,2026-12-27,90,80,4.332529517224559,3.7367287744404636,4.332529517224559,3.6,4.630429888616607,1.9573145040012223,6.279114504001223,HIBRIDO_ANALOGO_CLIM,ANALOGO_ESTADO_V2_HIBRIDO_CLIMATOLOGIA,30,10,1.6437171373353707,OK_ANALOGOS_CONTINUIDAD_CORREGIDA,0.25668549599877766,-0.25668549599877766,0.0,CORREGIDO_ANCLA_OBSERVADO
2026-10-09,BELLAVISTA,14.0,2026-10-08,2026-12-28,90,81,4.347187093297254,3.7926769089357575,4.347187093297254,3.6,4.614173478360197,1.8373145040012226,6.336414504001221,HIBRIDO_ANALOGO_CLIM,ANALOGO_ESTADO_V2_HIBRIDO_CLIMATOLOGIA,30,10,1.6437171373353707,OK_ANALOGOS_CONTINUIDAD_CORREGIDA,0.25668549599877766,-0.25668549599877766,0.0,CORREGIDO_ANCLA_OBSERVADO
2026-10-09,BELLAVISTA,14.0,2026-10-08,2026-12-29,90,82,4.385981645072109,3.9031122234423496,4.385981645072109,3.6,4.60975040143712,1.8253145040012222,6.337714504001221,HIBRIDO_ANALOGO_CLIM,ANALOGO_ESTADO_V2_HIBRIDO_CLIMATOLOGIA,30,10,1.6437171373353707,OK_ANALOGOS_CONTINUIDAD_CORREGIDA,0.25668549599877766,-0.25668549599877766,0.0,CORREGIDO_ANCLA_OBSERVADO
2026-10-09,BELLAVISTA,14.0,2026-10-08,2026-12-30,90,83,4.413379660140766,4.020383063067797,4.413379660140766,3.6,4.588570914257632,2.0313145040012226,6.336814504001222,HIBRIDO_ANALOGO_CLIM,ANALOGO_ESTADO_V2_HIBRIDO_CLIMATOLOGIA,30,10,1.6437171373353707,OK_ANALOGOS_CONTINUIDAD_CORREGIDA,0.25668549599877766,-0.25668549599877766,0.0,CORREGIDO_ANCLA_OBSERVADO
2026-10-09,BELLAVISTA,14.0,2026-10-08,2026-12-31,90,84,4.465832303819333,4.130741358095781,4.465832303819333,3.6,4.609442709129427,2.4903145040012222,6.32361450400122,HIBRIDO_ANALOGO_CLIM,ANALOGO_ESTADO_V2_HIBRIDO_CLIMATOLOGIA,30,10,1.6437171373353707,OK_ANALOGOS_CONTINUIDAD_CORREGIDA,0.25668549599877766,-0.25668549599877766,0.0,CORREGIDO_ANCLA_OBSERVADO
2026-10-09,BELLAVISTA,14.0,2026-10-08,2027-01-01,90,85,4.5813451641648335,4.133999763934996,4.5813451641648335,3.6,4.765546211318295,2.4303145040012226,6.243814504001222,HIBRIDO_ANALOGO_CLIM,ANALOGO_ESTADO_V2_HIBRIDO_CLIMATOLOGIA,30,10,1.6437171373353707,OK_ANALOGOS_CONTINUIDAD_CORREGIDA,0.25668549599877766,-0.25668549599877766,0.0,CORREGIDO_ANCLA_OBSERVADO
2026-10-09,BELLAVISTA,14.0,2026-10-08,2027-01-02,90,86,4.578550252352773,4.071598493879009,4.578550252352773,3.6,4.778973040586587,2.3383145040012225,6.023514504001222,HIBRIDO_ANALOGO_CLIM,ANALOGO_ESTADO_V2_HIBRIDO_CLIMATOLOGIA,30,10,1.6437171373353707,OK_ANALOGOS_CONTINUIDAD_CORREGIDA,0.25668549599877766,-0.25668549599877766,0.0,CORREGIDO_ANCLA_OBSERVADO
2026-10-09,BELLAVISTA,14.0,2026-10-08,2027-01-03,90,87,4.567848961466622,4.0237236176226325,4.567848961466622,3.6,4.774241333269515,2.2173145040012225,5.968814504001221,HIBRIDO_ANALOGO_CLIM,ANALOGO_ESTADO_V2_HIBRIDO_CLIMATOLOGIA,30,10,1.6437171373353707,OK_ANALOGOS_CONTINUIDAD_CORREGIDA,0.25668549599877766,-0.25668549599877766,0.0,CORREGIDO_ANCLA_OBSERVADO
2026-10-09,BELLAVISTA,14.0,2026-10-08,2027-01-04,90,88,4.531731695785485,3.989619826850745,4.531731695785485,3.6,4.728863284489027,2.0163145040012234,5.841514504001221,HIBRIDO_ANALOGO_CLIM,ANALOGO_ESTADO_V2_HIBRIDO_CLIMATOLOGIA,30,10,1.6437171373353707,OK_ANALOGOS_CONTINUIDAD_CORREGIDA,0.25668549599877766,-0.25668549599877766,0.0,CORREGIDO_ANCLA_OBSERVADO
2026-10-09,BELLAVISTA,14.0,2026-10-08,2027-01-05,90,89,4.480768984241999,3.940581256782201,4.480768984241999,3.6,4.668924260098784,1.8733145040012227,5.61631450400122,HIBRIDO_ANALOGO_CLIM,ANALOGO_ESTADO_V2_HIBRIDO_CLIMATOLOGIA,30,10,1.6437171373353707,OK_ANALOGOS_CONTINUIDAD_CORREGIDA,0.25668549599877766,-0.25668549599877766,0.0,CORREGIDO_ANCLA_OBSERVADO
2026-10-09,BELLAVISTA,14.0,2026-10-08,2027-01-06,90,90,4.438231715585575,3.866117496680101,4.438231715585575,3.6,4.6289364552207335,1.7053145040012228,5.373514504001221,HIBRIDO_ANALOGO_CLIM,ANALOGO_ESTADO_V2_HIBRIDO_CLIMATOLOGIA,30,10,1.6437171373353707,OK_ANALOGOS_CONTINUIDAD_CORREGIDA,0.25668549599877766,-0.25668549599877766,0.0,CORREGIDO_ANCLA_OBSERVADO
2026-10-09,BORJA,26.0,2026-10-08,2026-10-09,30,1,3.18,2.895100002487317,3.18,3.18,4.034699992538052,2.446132424970483,3.2475324249704833,HIBRIDO_ANALOGO_CLIM,ANALOGO_ESTADO_V2_HIBRIDO_CLIMATOLOGIA,30,10,0.73693705886773,OK_ANALOGOS_CONTINUIDAD_CORREGIDA,0.3348675750295169,-0.3348675750295169,0.0,CORREGIDO_ANCLA_OBSERVADO
2026-10-09,BORJA,26.0,2026-10-08,2026-10-10,30,2,3.1886140541325667,2.8953601827721798,3.1886140541325667,3.18,4.068375668213726,2.482732424970483,3.187732424970483,HIBRIDO_ANALOGO_CLIM,ANALOGO_ESTADO_V2_HIBRIDO_CLIMATOLOGIA,30,10,0.73693705886773,OK_ANALOGOS_CONTINUIDAD_CORREGIDA,0.3348675750295169,-0.3348675750295169,0.0,CORREGIDO_ANCLA_OBSERVADO
2026-10-09,BORJA,26.0,2026-10-08,2026-10-11,30,3,3.179253748541669,2.898848243786119,3.179253748541669,3.18,4.02047026280832,2.4011324249704833,3.3791324249704835,HIBRIDO_ANALOGO_CLIM,ANALOGO_ESTADO_V2_HIBRIDO_CLIMATOLOGIA,30,10,0.73693705886773,OK_ANALOGOS_CONTINUIDAD_CORREGIDA,0.3348675750295169,-0.3348675750295169,0.0,CORREGIDO_ANCLA_OBSERVADO
2026-10-09,BORJA,26.0,2026-10-08,2026-10-12,30,4,3.2654752419395217,3.031936361109381,3.2654752419395217,3.18,3.9660918844299426,2.552732424970483,4.1011324249704835,HIBRIDO_ANALOGO_CLIM,ANALOGO_ESTADO_V2_HIBRIDO_CLIMATOLOGIA,30,10,0.73693705886773,OK_ANALOGOS_CONTINUIDAD_CORREGIDA,0.3348675750295169,-0.3348675750295169,0.0,CORREGIDO_ANCLA_OBSERVADO
2026-10-09,BORJA,26.0,2026-10-08,2026-10-13,30,5,3.6391038629515444,3.550684432368655,3.6391038629515444,3.18,3.904362154700212,2.6347324249704833,4.8931324249704815,HIBRIDO_ANALOGO_CLIM,ANALOGO_ESTADO_V2_HIBRIDO_CLIMATOLOGIA,30,10,0.73693705886773,OK_ANALOGOS_CONTINUIDAD_CORREGIDA,0.3348675750295169,-0.3348675750295169,0.0,CORREGIDO_ANCLA_OBSERVADO
2026-10-09,BORJA,26.0,2026-10-08,2026-10-14,30,6,3.7900103187851406,3.7611497969035406,3.7900103187851406,3.18,3.8765918844299425,2.9003324249704834,4.582132424970483,HIBRIDO_ANALOGO_CLIM,ANALOGO_ESTADO_V2_HIBRIDO_CLIMATOLOGIA,30,10,0.73693705886773,OK_ANALOGOS_CONTINUIDAD_CORREGIDA,0.3348675750295169,-0.3348675750295169,0.0,CORREGIDO_ANCLA_OBSERVADO
2026-10-09,BORJA,26.0,2026-10-08,2026-10-15,30,7,3.5816623589045844,3.4620372017474828,3.5816623589045844,3.18,3.9405378303758885,2.8329324249704833,4.026332424970484,HIBRIDO_ANALOGO_CLIM,ANALOGO_ESTADO_V2_HIBRIDO_CLIMATOLOGIA,30,10,0.73693705886773,OK_ANALOGOS_CONTINUIDAD_CORREGIDA,0.3348675750295169,-0.3348675750295169,0.0,CORREGIDO_ANCLA_OBSERVADO
2026-10-09,BORJA,26.0,2026-10-08,2026-10-16,30,8,3.5499268594008773,3.3145204997065036,3.5499268594008773,3.18,4.256145938483996,2.8207324249704833,3.9451324249704824,HIBRIDO_ANALOGO_CLIM,ANALOGO_ESTADO_V2_HIBRIDO_CLIMATOLOGIA,30,10,0.73693705886773,OK_ANALOGOS_CONTINUIDAD_CORREGIDA,0.3348675750295169,-0.3348675750295169,0.0,CORREGIDO_ANCLA_OBSERVADO
2026-10-09,BORJA,26.0,2026-10-08,2026-10-17,30,9,3.4538440726459156,3.158932639889078,3.4538440726459156,3.18,4.338578370916428,2.6551324249704833,3.667132424970483,HIBRIDO_ANALOGO_CLIM,ANALOGO_ESTADO_V2_HIBRIDO_CLIMATOLOGIA,30,10,0.73693705886773,OK_ANALOGOS_CONTINUIDAD_CORREGIDA,0.3348675750295169,-0.3348675750295169,0.0,CORREGIDO_ANCLA_OBSERVADO
2026-10-09,BORJA,26.0,2026-10-08,2026-10-18,30,10,3.4698663704845303,3.2212416496198437,3.4698663704845303,3.18,4.215740533078591,2.858132424970483,3.648132424970483,HIBRIDO_ANALOGO_CLIM,ANALOGO_ESTADO_V2_HIBRIDO_CLIMATOLOGIA,30,10,0.73693705886773,OK_ANALOGOS_CONTINUIDAD_CORREGIDA,0.3348675750295169,-0.3348675750295169,0.0,CORREGIDO_ANCLA_OBSERVADO
2026-10-09,BORJA,26.0,2026-10-08,2026-10-19,30,11,3.6737592364748113,3.520513218687966,3.6737592364748113,3.18,4.133497289835347,2.777132424970483,4.390132424970483,HIBRIDO_ANALOGO_CLIM,ANALOGO_ESTADO_V2_HIBRIDO_CLIMATOLOGIA,30,10,0.73693705886773,OK_ANALOGOS_CONTINUIDAD_CORREGIDA,0.3348675750295169,-0.3348675750295169,0.0,CORREGIDO_ANCLA_OBSERVADO
2026-10-09,BORJA,26.0,2026-10-08,2026-10-20,30,12,3.877529004622565,3.739183720362448,3.877529004622565,3.18,4.292564857402915,2.8744324249704833,4.7691324249704845,HIBRIDO_ANALOGO_CLIM,ANALOGO_ESTADO_V2_HIBRIDO_CLIMATOLOGIA,30,10,0.73693705886773,OK_ANALOGOS_CONTINUIDAD_CORREGIDA,0.3348675750295169,-0.3348675750295169,0.0,CORREGIDO_ANCLA_OBSERVADO
2026-10-09,BORJA,26.0,2026-10-08,2026-10-21,30,13,3.9009356796311887,3.7714421699234957,3.9009356796311887,3.18,4.289416208754266,2.914132424970483,4.924132424970484,HIBRIDO_ANALOGO_CLIM,ANALOGO_ESTADO_V2_HIBRIDO_CLIMATOLOGIA,30,10,0.73693705886773,OK_ANALOGOS_CONTINUIDAD_CORREGIDA,0.3348675750295169,-0.3348675750295169,0.0,CORREGIDO_ANCLA_OBSERVADO
2026-10-09,BORJA,26.0,2026-10-08,2026-10-22,30,14,3.7271547703277306,3.535707263825191,3.7271547703277306,3.18,4.301497289835348,2.821132424970483,4.472132424970484,HIBRIDO_ANALOGO_CLIM,ANALOGO_ESTADO_V2_HIBRIDO_CLIMATOLOGIA,30,10,0.73693705886773,OK_ANALOGOS_CONTINUIDAD_CORREGIDA,0.3348675750295169,-0.3348675750295169,0.0,CORREGIDO_ANCLA_OBSERVADO
2026-10-09,BORJA,26.0,2026-10-08,2026-10-23,30,15,3.853868977588537,3.678551432064825,3.853868977588537,3.18,4.379821614159672,2.774432424970483,5.102132424970483,HIBRIDO_ANALOGO_CLIM,ANALOGO_ESTADO_V2_HIBRIDO_CLIMATOLOGIA,30,10,0.73693705886773,OK_ANALOGOS_CONTINUIDAD_CORREGIDA,0.3348675750295169,-0.3348675750295169,0.0,CORREGIDO_ANCLA_OBSERVADO
2026-10-09,BORJA,26.0,2026-10-08,2026-10-24,30,16,3.910202440623259,3.76367172512013,3.910202440623259,3.18,4.349794587132646,2.672132424970483,5.5401324249704835,HIBRIDO_ANALOGO_CLIM,ANALOGO_ESTADO_V2_HIBRIDO_CLIMATOLOGIA,30,10,0.73693705886773,OK_ANALOGOS_CONTINUIDAD_CORREGIDA,0.3348675750295169,-0.3348675750295169,0.0,CORREGIDO_ANCLA_OBSERVADO
2026-10-09,BORJA,26.0,2026-10-08,2026-10-25,30,17,3.9326214952841627,3.757243978181515,3.9326214952841627,3.18,4.458754046592105,3.0021324249704833,4.9887324249704825,HIBRIDO_ANALOGO_CLIM,ANALOGO_ESTADO_V2_HIBRIDO_CLIMATOLOGIA,30,10,0.73693705886773,OK_ANALOGOS_CONTINUIDAD_CORREGIDA,0.3348675750295169,-0.3348675750295169,0.0,CORREGIDO_ANCLA_OBSERVADO
2026-10-09,BORJA,26.0,2026-10-08,2026-10-26,30,18,4.0419505776434335,3.9113989708767583,4.0419505776434335,3.18,4.433605397943456,3.231632424970483,4.793232424970483,HIBRIDO_ANALOGO_CLIM,ANALOGO_ESTADO_V2_HIBRIDO_CLIMATOLOGIA,30,10,0.73693705886773,OK_ANALOGOS_CONTINUIDAD_CORREGIDA,0.3348675750295169,-0.3348675750295169,0.0,CORREGIDO_ANCLA_OBSERVADO
2026-10-09,BORJA,26.0,2026-10-08,2026-10-27,30,19,4.101071430708341,4.034402450638979,4.101071430708341,3.18,4.301078370916429,3.103532424970483,4.887832424970483,HIBRIDO_ANALOGO_CLIM,ANALOGO_ESTADO_V2_HIBRIDO_CLIMATOLOGIA,30,10,0.73693705886773,OK_ANALOGOS_CONTINUIDAD_CORREGIDA,0.3348675750295169,-0.3348675750295169,0.0,CORREGIDO_ANCLA_OBSERVADO
2026-10-09,BORJA,26.0,2026-10-08,2026-10-28,30,20,4.345479393503014,4.394847301932778,4.345479393503014,3.18,4.197375668213725,3.047932424970483,5.178132424970483,HIBRIDO_ANALOGO_CLIM,ANALOGO_ESTADO_V2_HIBRIDO_CLIMATOLOGIA,30,10,0.73693705886773,OK_ANALOGOS_CONTINUIDAD_CORREGIDA,0.3348675750295169,-0.3348675750295169,0.0,CORREGIDO_ANCLA_OBSERVADO
2026-10-09,BORJA,26.0,2026-10-08,2026-10-29,30,21,4.219273365738012,4.241496021669532,4.219273365738012,3.18,4.152605397943455,2.9329324249704833,5.059132424970484,HIBRIDO_ANALOGO_CLIM,ANALOGO_ESTADO_V2_HIBRIDO_CLIMATOLOGIA,30,10,0.73693705886773,OK_ANALOGOS_CONTINUIDAD_CORREGIDA,0.3348675750295169,-0.3348675750295169,0.0,CORREGIDO_ANCLA_OBSERVADO
2026-10-09,BORJA,26.0,2026-10-08,2026-10-30,30,22,4.2268346219807835,4.1884245435067395,4.2268346219807835,3.18,4.3420648574029155,3.0385324249704833,5.314832424970483,HIBRIDO_ANALOGO_CLIM,ANALOGO_ESTADO_V2_HIBRIDO_CLIMATOLOGIA,30,10,0.73693705886773,OK_ANALOGOS_CONTINUIDAD_CORREGIDA,0.3348675750295169,-0.3348675750295169,0.0,CORREGIDO_ANCLA_OBSERVADO
2026-10-09,BORJA,26.0,2026-10-08,2026-10-31,30,23,4.140469119425864,4.0890318013614415,4.140469119425864,3.18,4.2947810736191325,2.810732424970483,5.128632424970483,HIBRIDO_ANALOGO_CLIM,ANALOGO_ESTADO_V2_HIBRIDO_CLIMATOLOGIA,30,10,0.73693705886773,OK_ANALOGOS_CONTINUIDAD_CORREGIDA,0.3348675750295169,-0.3348675750295169,0.0,CORREGIDO_ANCLA_OBSERVADO
2026-10-09,BORJA,26.0,2026-10-08,2026-11-01,30,24,3.9939204024972432,3.916784913524681,3.9939204024972432,3.18,4.225326869414928,2.9024324249704834,4.812132424970484,HIBRIDO_ANALOGO_CLIM,ANALOGO_ESTADO_V2_HIBRIDO_CLIMATOLOGIA,30,10,0.73693705886773,OK_ANALOGOS_CONTINUIDAD_CORREGIDA,0.3348675750295169,-0.3348675750295169,0.0,CORREGIDO_ANCLA_OBSERVADO
2026-10-09,BORJA,26.0,2026-10-08,2026-11-02,30,25,3.7942022822701396,3.6178877301988543,3.7942022822701396,3.18,4.3231459384839965,2.8054324249704834,4.604432424970483,HIBRIDO_ANALOGO_CLIM,ANALOGO_ESTADO_V2_HIBRIDO_CLIMATOLOGIA,30,10,0.73693705886773,OK_ANALOGOS_CONTINUIDAD_CORREGIDA,0.3348675750295169,-0.3348675750295169,0.0,CORREGIDO_ANCLA_OBSERVADO
2026-10-09,BORJA,26.0,2026-10-08,2026-11-03,30,26,3.703860078560561,3.493724251378875,3.703860078560561,3.18,4.334267560105619,2.7959324249704833,4.366632424970483,HIBRIDO_ANALOGO_CLIM,ANALOGO_ESTADO_V2_HIBRIDO_CLIMATOLOGIA,30,10,0.73693705886773,OK_ANALOGOS_CONTINUIDAD_CORREGIDA,0.3348675750295169,-0.3348675750295169,0.0,CORREGIDO_ANCLA_OBSERVADO
2026-10-09,BORJA,26.0,2026-10-08,2026-11-04,30,27,3.932840650545408,3.8032884374487614,3.932840650545408,3.18,4.321497289835348,2.604732424970483,5.003632424970483,HIBRIDO_ANALOGO_CLIM,ANALOGO_ESTADO_V2_HIBRIDO_CLIMATOLOGIA,30,10,0.73693705886773,OK_ANALOGOS_CONTINUIDAD_CORREGIDA,0.3348675750295169,-0.3348675750295169,0.0,CORREGIDO_ANCLA_OBSERVADO
2026-10-09,BORJA,26.0,2026-10-08,2026-11-05,30,28,4.043773106605414,3.974513694177419,4.043773106605414,3.18,4.2515513438894015,2.456132424970483,5.315932424970484,HIBRIDO_ANALOGO_CLIM,ANALOGO_ESTADO_V2_HIBRIDO_CLIMATOLOGIA,30,10,0.73693705886773,OK_ANALOGOS_CONTINUIDAD_CORREGIDA,0.3348675750295169,-0.3348675750295169,0.0,CORREGIDO_ANCLA_OBSERVADO
2026-10-09,BORJA,26.0,2026-10-08,2026-11-06,30,29,4.100779214416933,4.082066882971155,4.100779214416933,3.18,4.156916208754266,2.5227324249704832,5.3671324249704835,HIBRIDO_ANALOGO_CLIM,ANALOGO_ESTADO_V2_HIBRIDO_CLIMATOLOGIA,30,10,0.73693705886773,OK_ANALOGOS_CONTINUIDAD_CORREGIDA,0.3348675750295169,-0.3348675750295169,0.0,CORREGIDO_ANCLA_OBSERVADO
2026-10-09,BORJA,26.0,2026-10-08,2026-11-07,30,30,4.0515375829527045,3.9910375004783094,4.0515375829527045,3.18,4.233037830375888,2.8144324249704833,5.248132424970484,HIBRIDO_ANALOGO_CLIM,ANALOGO_ESTADO_V2_HIBRIDO_CLIMATOLOGIA,30,10,0.73693705886773,OK_ANALOGOS_CONTINUIDAD_CORREGIDA,0.3348675750295169,-0.3348675750295169,0.0,CORREGIDO_ANCLA_OBSERVADO
2026-10-09,BORJA,26.0,2026-10-08,2026-10-09,60,1,3.18,2.895100002487317,3.18,3.18,4.034699992538052,2.446132424970483,3.2475324249704833,HIBRIDO_ANALOGO_CLIM,ANALOGO_ESTADO_V2_HIBRIDO_CLIMATOLOGIA,30,10,0.73693705886773,OK_ANALOGOS_CONTINUIDAD_CORREGIDA,0.3348675750295169,-0.3348675750295169,0.0,CORREGIDO_ANCLA_OBSERVADO
2026-10-09,BORJA,26.0,2026-10-08,2026-10-10,60,2,3.1886140541325667,2.8953601827721798,3.1886140541325667,3.18,4.068375668213726,2.482732424970483,3.187732424970483,HIBRIDO_ANALOGO_CLIM,ANALOGO_ESTADO_V2_HIBRIDO_CLIMATOLOGIA,30,10,0.73693705886773,OK_ANALOGOS_CONTINUIDAD_CORREGIDA,0.3348675750295169,-0.3348675750295169,0.0,CORREGIDO_ANCLA_OBSERVADO
2026-10-09,BORJA,26.0,2026-10-08,2026-10-11,60,3,3.179253748541669,2.898848243786119,3.179253748541669,3.18,4.02047026280832,2.4011324249704833,3.3791324249704835,HIBRIDO_ANALOGO_CLIM,ANALOGO_ESTADO_V2_HIBRIDO_CLIMATOLOGIA,30,10,0.73693705886773,OK_ANALOGOS_CONTINUIDAD_CORREGIDA,0.3348675750295169,-0.3348675750295169,0.0,CORREGIDO_ANCLA_OBSERVADO
2026-10-09,BORJA,26.0,2026-10-08,2026-10-12,60,4,3.2654752419395217,3.031936361109381,3.2654752419395217,3.18,3.9660918844299426,2.552732424970483,4.1011324249704835,HIBRIDO_ANALOGO_CLIM,ANALOGO_ESTADO_V2_HIBRIDO_CLIMATOLOGIA,30,10,0.73693705886773,OK_ANALOGOS_CONTINUIDAD_CORREGIDA,0.3348675750295169,-0.3348675750295169,0.0,CORREGIDO_ANCLA_OBSERVADO
2026-10-09,BORJA,26.0,2026-10-08,2026-10-13,60,5,3.6391038629515444,3.550684432368655,3.6391038629515444,3.18,3.904362154700212,2.6347324249704833,4.8931324249704815,HIBRIDO_ANALOGO_CLIM,ANALOGO_ESTADO_V2_HIBRIDO_CLIMATOLOGIA,30,10,0.73693705886773,OK_ANALOGOS_CONTINUIDAD_CORREGIDA,0.3348675750295169,-0.3348675750295169,0.0,CORREGIDO_ANCLA_OBSERVADO
2026-10-09,BORJA,26.0,2026-10-08,2026-10-14,60,6,3.7900103187851406,3.7611497969035406,3.7900103187851406,3.18,3.8765918844299425,2.9003324249704834,4.582132424970483,HIBRIDO_ANALOGO_CLIM,ANALOGO_ESTADO_V2_HIBRIDO_CLIMATOLOGIA,30,10,0.73693705886773,OK_ANALOGOS_CONTINUIDAD_CORREGIDA,0.3348675750295169,-0.3348675750295169,0.0,CORREGIDO_ANCLA_OBSERVADO
2026-10-09,BORJA,26.0,2026-10-08,2026-10-15,60,7,3.5816623589045844,3.4620372017474828,3.5816623589045844,3.18,3.9405378303758885,2.8329324249704833,4.026332424970484,HIBRIDO_ANALOGO_CLIM,ANALOGO_ESTADO_V2_HIBRIDO_CLIMATOLOGIA,30,10,0.73693705886773,OK_ANALOGOS_CONTINUIDAD_CORREGIDA,0.3348675750295169,-0.3348675750295169,0.0,CORREGIDO_ANCLA_OBSERVADO
2026-10-09,BORJA,26.0,2026-10-08,2026-10-16,60,8,3.5499268594008773,3.3145204997065036,3.5499268594008773,3.18,4.256145938483996,2.8207324249704833,3.9451324249704824,HIBRIDO_ANALOGO_CLIM,ANALOGO_ESTADO_V2_HIBRIDO_CLIMATOLOGIA,30,10,0.73693705886773,OK_ANALOGOS_CONTINUIDAD_CORREGIDA,0.3348675750295169,-0.3348675750295169,0.0,CORREGIDO_ANCLA_OBSERVADO
2026-10-09,BORJA,26.0,2026-10-08,2026-10-17,60,9,3.4538440726459156,3.158932639889078,3.4538440726459156,3.18,4.338578370916428,2.6551324249704833,3.667132424970483,HIBRIDO_ANALOGO_CLIM,ANALOGO_ESTADO_V2_HIBRIDO_CLIMATOLOGIA,30,10,0.73693705886773,OK_ANALOGOS_CONTINUIDAD_CORREGIDA,0.3348675750295169,-0.3348675750295169,0.0,CORREGIDO_ANCLA_OBSERVADO
2026-10-09,BORJA,26.0,2026-10-08,2026-10-18,60,10,3.4698663704845303,3.2212416496198437,3.4698663704845303,3.18,4.215740533078591,2.858132424970483,3.648132424970483,HIBRIDO_ANALOGO_CLIM,ANALOGO_ESTADO_V2_HIBRIDO_CLIMATOLOGIA,30,10,0.73693705886773,OK_ANALOGOS_CONTINUIDAD_CORREGIDA,0.3348675750295169,-0.3348675750295169,0.0,CORREGIDO_ANCLA_OBSERVADO
2026-10-09,BORJA,26.0,2026-10-08,2026-10-19,60,11,3.6737592364748113,3.520513218687966,3.6737592364748113,3.18,4.133497289835347,2.777132424970483,4.390132424970483,HIBRIDO_ANALOGO_CLIM,ANALOGO_ESTADO_V2_HIBRIDO_CLIMATOLOGIA,30,10,0.73693705886773,OK_ANALOGOS_CONTINUIDAD_CORREGIDA,0.3348675750295169,-0.3348675750295169,0.0,CORREGIDO_ANCLA_OBSERVADO
2026-10-09,BORJA,26.0,2026-10-08,2026-10-20,60,12,3.877529004622565,3.739183720362448,3.877529004622565,3.18,4.292564857402915,2.8744324249704833,4.7691324249704845,HIBRIDO_ANALOGO_CLIM,ANALOGO_ESTADO_V2_HIBRIDO_CLIMATOLOGIA,30,10,0.73693705886773,OK_ANALOGOS_CONTINUIDAD_CORREGIDA,0.3348675750295169,-0.3348675750295169,0.0,CORREGIDO_ANCLA_OBSERVADO
2026-10-09,BORJA,26.0,2026-10-08,2026-10-21,60,13,3.9009356796311887,3.7714421699234957,3.9009356796311887,3.18,4.289416208754266,2.914132424970483,4.924132424970484,HIBRIDO_ANALOGO_CLIM,ANALOGO_ESTADO_V2_HIBRIDO_CLIMATOLOGIA,30,10,0.73693705886773,OK_ANALOGOS_CONTINUIDAD_CORREGIDA,0.3348675750295169,-0.3348675750295169,0.0,CORREGIDO_ANCLA_OBSERVADO
2026-10-09,BORJA,26.0,2026-10-08,2026-10-22,60,14,3.7271547703277306,3.535707263825191,3.7271547703277306,3.18,4.301497289835348,2.821132424970483,4.472132424970484,HIBRIDO_ANALOGO_CLIM,ANALOGO_ESTADO_V2_HIBRIDO_CLIMATOLOGIA,30,10,0.73693705886773,OK_ANALOGOS_CONTINUIDAD_CORREGIDA,0.3348675750295169,-0.3348675750295169,0.0,CORREGIDO_ANCLA_OBSERVADO
2026-10-09,BORJA,26.0,2026-10-08,2026-10-23,60,15,3.853868977588537,3.678551432064825,3.853868977588537,3.18,4.379821614159672,2.774432424970483,5.102132424970483,HIBRIDO_ANALOGO_CLIM,ANALOGO_ESTADO_V2_HIBRIDO_CLIMATOLOGIA,30,10,0.73693705886773,OK_ANALOGOS_CONTINUIDAD_CORREGIDA,0.3348675750295169,-0.3348675750295169,0.0,CORREGIDO_ANCLA_OBSERVADO
2026-10-09,BORJA,26.0,2026-10-08,2026-10-24,60,16,3.910202440623259,3.76367172512013,3.910202440623259,3.18,4.349794587132646,2.672132424970483,5.5401324249704835,HIBRIDO_ANALOGO_CLIM,ANALOGO_ESTADO_V2_HIBRIDO_CLIMATOLOGIA,30,10,0.73693705886773,OK_ANALOGOS_CONTINUIDAD_CORREGIDA,0.3348675750295169,-0.3348675750295169,0.0,CORREGIDO_ANCLA_OBSERVADO
2026-10-09,BORJA,26.0,2026-10-08,2026-10-25,60,17,3.9326214952841627,3.757243978181515,3.9326214952841627,3.18,4.458754046592105,3.0021324249704833,4.9887324249704825,HIBRIDO_ANALOGO_CLIM,ANALOGO_ESTADO_V2_HIBRIDO_CLIMATOLOGIA,30,10,0.73693705886773,OK_ANALOGOS_CONTINUIDAD_CORREGIDA,0.3348675750295169,-0.3348675750295169,0.0,CORREGIDO_ANCLA_OBSERVADO
2026-10-09,BORJA,26.0,2026-10-08,2026-10-26,60,18,4.0419505776434335,3.9113989708767583,4.0419505776434335,3.18,4.433605397943456,3.231632424970483,4.793232424970483,HIBRIDO_ANALOGO_CLIM,ANALOGO_ESTADO_V2_HIBRIDO_CLIMATOLOGIA,30,10,0.73693705886773,OK_ANALOGOS_CONTINUIDAD_CORREGIDA,0.3348675750295169,-0.3348675750295169,0.0,CORREGIDO_ANCLA_OBSERVADO
2026-10-09,BORJA,26.0,2026-10-08,2026-10-27,60,19,4.101071430708341,4.034402450638979,4.101071430708341,3.18,4.301078370916429,3.103532424970483,4.887832424970483,HIBRIDO_ANALOGO_CLIM,ANALOGO_ESTADO_V2_HIBRIDO_CLIMATOLOGIA,30,10,0.73693705886773,OK_ANALOGOS_CONTINUIDAD_CORREGIDA,0.3348675750295169,-0.3348675750295169,0.0,CORREGIDO_ANCLA_OBSERVADO
2026-10-09,BORJA,26.0,2026-10-08,2026-10-28,60,20,4.345479393503014,4.394847301932778,4.345479393503014,3.18,4.197375668213725,3.047932424970483,5.178132424970483,HIBRIDO_ANALOGO_CLIM,ANALOGO_ESTADO_V2_HIBRIDO_CLIMATOLOGIA,30,10,0.73693705886773,OK_ANALOGOS_CONTINUIDAD_CORREGIDA,0.3348675750295169,-0.3348675750295169,0.0,CORREGIDO_ANCLA_OBSERVADO
2026-10-09,BORJA,26.0,2026-10-08,2026-10-29,60,21,4.219273365738012,4.241496021669532,4.219273365738012,3.18,4.152605397943455,2.9329324249704833,5.059132424970484,HIBRIDO_ANALOGO_CLIM,ANALOGO_ESTADO_V2_HIBRIDO_CLIMATOLOGIA,30,10,0.73693705886773,OK_ANALOGOS_CONTINUIDAD_CORREGIDA,0.3348675750295169,-0.3348675750295169,0.0,CORREGIDO_ANCLA_OBSERVADO
2026-10-09,BORJA,26.0,2026-10-08,2026-10-30,60,22,4.2268346219807835,4.1884245435067395,4.2268346219807835,3.18,4.3420648574029155,3.0385324249704833,5.314832424970483,HIBRIDO_ANALOGO_CLIM,ANALOGO_ESTADO_V2_HIBRIDO_CLIMATOLOGIA,30,10,0.73693705886773,OK_ANALOGOS_CONTINUIDAD_CORREGIDA,0.3348675750295169,-0.3348675750295169,0.0,CORREGIDO_ANCLA_OBSERVADO
2026-10-09,BORJA,26.0,2026-10-08,2026-10-31,60,23,4.140469119425864,4.0890318013614415,4.140469119425864,3.18,4.2947810736191325,2.810732424970483,5.128632424970483,HIBRIDO_ANALOGO_CLIM,ANALOGO_ESTADO_V2_HIBRIDO_CLIMATOLOGIA,30,10,0.73693705886773,OK_ANALOGOS_CONTINUIDAD_CORREGIDA,0.3348675750295169,-0.3348675750295169,0.0,CORREGIDO_ANCLA_OBSERVADO
2026-10-09,BORJA,26.0,2026-10-08,2026-11-01,60,24,3.9939204024972432,3.916784913524681,3.9939204024972432,3.18,4.225326869414928,2.9024324249704834,4.812132424970484,HIBRIDO_ANALOGO_CLIM,ANALOGO_ESTADO_V2_HIBRIDO_CLIMATOLOGIA,30,10,0.73693705886773,OK_ANALOGOS_CONTINUIDAD_CORREGIDA,0.3348675750295169,-0.3348675750295169,0.0,CORREGIDO_ANCLA_OBSERVADO
2026-10-09,BORJA,26.0,2026-10-08,2026-11-02,60,25,3.7942022822701396,3.6178877301988543,3.7942022822701396,3.18,4.3231459384839965,2.8054324249704834,4.604432424970483,HIBRIDO_ANALOGO_CLIM,ANALOGO_ESTADO_V2_HIBRIDO_CLIMATOLOGIA,30,10,0.73693705886773,OK_ANALOGOS_CONTINUIDAD_CORREGIDA,0.3348675750295169,-0.3348675750295169,0.0,CORREGIDO_ANCLA_OBSERVADO
2026-10-09,BORJA,26.0,2026-10-08,2026-11-03,60,26,3.703860078560561,3.493724251378875,3.703860078560561,3.18,4.334267560105619,2.7959324249704833,4.366632424970483,HIBRIDO_ANALOGO_CLIM,ANALOGO_ESTADO_V2_HIBRIDO_CLIMATOLOGIA,30,10,0.73693705886773,OK_ANALOGOS_CONTINUIDAD_CORREGIDA,0.3348675750295169,-0.3348675750295169,0.0,CORREGIDO_ANCLA_OBSERVADO
2026-10-09,BORJA,26.0,2026-10-08,2026-11-04,60,27,3.932840650545408,3.8032884374487614,3.932840650545408,3.18,4.321497289835348,2.604732424970483,5.003632424970483,HIBRIDO_ANALOGO_CLIM,ANALOGO_ESTADO_V2_HIBRIDO_CLIMATOLOGIA,30,10,0.73693705886773,OK_ANALOGOS_CONTINUIDAD_CORREGIDA,0.3348675750295169,-0.3348675750295169,0.0,CORREGIDO_ANCLA_OBSERVADO
2026-10-09,BORJA,26.0,2026-10-08,2026-11-05,60,28,4.043773106605414,3.974513694177419,4.043773106605414,3.18,4.2515513438894015,2.456132424970483,5.315932424970484,HIBRIDO_ANALOGO_CLIM,ANALOGO_ESTADO_V2_HIBRIDO_CLIMATOLOGIA,30,10,0.73693705886773,OK_ANALOGOS_CONTINUIDAD_CORREGIDA,0.3348675750295169,-0.3348675750295169,0.0,CORREGIDO_ANCLA_OBSERVADO
2026-10-09,BORJA,26.0,2026-10-08,2026-11-06,60,29,4.100779214416933,4.082066882971155,4.100779214416933,3.18,4.156916208754266,2.5227324249704832,5.3671324249704835,HIBRIDO_ANALOGO_CLIM,ANALOGO_ESTADO_V2_HIBRIDO_CLIMATOLOGIA,30,10,0.73693705886773,OK_ANALOGOS_CONTINUIDAD_CORREGIDA,0.3348675750295169,-0.3348675750295169,0.0,CORREGIDO_ANCLA_OBSERVADO
2026-10-09,BORJA,26.0,2026-10-08,2026-11-07,60,30,4.0515375829527045,3.9910375004783094,4.0515375829527045,3.18,4.233037830375888,2.8144324249704833,5.248132424970484,HIBRIDO_ANALOGO_CLIM,ANALOGO_ESTADO_V2_HIBRIDO_CLIMATOLOGIA,30,10,0.73693705886773,OK_ANALOGOS_CONTINUIDAD_CORREGIDA,0.3348675750295169,-0.3348675750295169,0.0,CORREGIDO_ANCLA_OBSERVADO
2026-10-09,BORJA,26.0,2026-10-08,2026-11-08,60,31,4.022538334525166,3.9268084767235325,4.022538334525166,3.18,4.297375668213727,2.999132424970483,4.643132424970483,HIBRIDO_ANALOGO_CLIM,ANALOGO_ESTADO_V2_HIBRIDO_CLIMATOLOGIA,30,10,0.73693705886773,OK_ANALOGOS_CONTINUIDAD_CORREGIDA,0.3348675750295169,-0.3348675750295169,0.0,CORREGIDO_ANCLA_OBSERVADO
2026-10-09,BORJA,26.0,2026-10-08,2026-11-09,60,32,4.057347674802795,3.9654554314985737,4.057347674802795,3.18,4.310051343889402,3.1504324249704836,4.504132424970482,HIBRIDO_ANALOGO_CLIM,ANALOGO_ESTADO_V2_HIBRIDO_CLIMATOLOGIA,30,10,0.73693705886773,OK_ANALOGOS_CONTINUIDAD_CORREGIDA,0.3348675750295169,-0.3348675750295169,0.0,CORREGIDO_ANCLA_OBSERVADO
2026-10-09,BORJA,26.0,2026-10-08,2026-11-10,60,33,3.937852983894753,3.8325755071773044,3.937852983894753,3.18,4.215402695240753,2.6851324249704835,4.817132424970483,HIBRIDO_ANALOGO_CLIM,ANALOGO_ESTADO_V2_HIBRIDO_CLIMATOLOGIA,30,10,0.73693705886773,OK_ANALOGOS_CONTINUIDAD_CORREGIDA,0.3348675750295169,-0.3348675750295169,0.0,CORREGIDO_ANCLA_OBSERVADO
2026-10-09,BORJA,26.0,2026-10-08,2026-11-11,60,34,3.9440863625062152,3.8524807853283245,3.9440863625062152,3.18,4.1757945871326445,2.467732424970483,5.987132424970483,HIBRIDO_ANALOGO_CLIM,ANALOGO_ESTADO_V2_HIBRIDO_CLIMATOLOGIA,30,10,0.73693705886773,OK_ANALOGOS_CONTINUIDAD_CORREGIDA,0.3348675750295169,-0.3348675750295169,0.0,CORREGIDO_ANCLA_OBSERVADO
2026-10-09,BORJA,26.0,2026-10-08,2026-11-12,60,35,4.093675672792267,4.001207789144958,4.093675672792267,3.18,4.3182405330785905,2.389932424970483,6.103132424970482,HIBRIDO_ANALOGO_CLIM,ANALOGO_ESTADO_V2_HIBRIDO_CLIMATOLOGIA,30,10,0.73693705886773,OK_ANALOGOS_CONTINUIDAD_CORREGIDA,0.3348675750295169,-0.3348675750295169,0.0,CORREGIDO_ANCLA_OBSERVADO
2026-10-09,BORJA,26.0,2026-10-08,2026-11-13,60,36,4.137431995585102,4.0702978347288195,4.137431995585102,3.18,4.294078370916429,2.3844324249704836,6.022132424970483,HIBRIDO_ANALOGO_CLIM,ANALOGO_ESTADO_V2_HIBRIDO_CLIMATOLOGIA,30,10,0.73693705886773,OK_ANALOGOS_CONTINUIDAD_CORREGIDA,0.3348675750295169,-0.3348675750295169,0.0,CORREGIDO_ANCLA_OBSERVADO
2026-10-09,BORJA,26.0,2026-10-08,2026-11-14,60,37,4.120750122294911,4.0617363247166445,4.120750122294911,3.18,4.253132424970483,3.0061324249704833,5.906132424970483,HIBRIDO_ANALOGO_CLIM,ANALOGO_ESTADO_V2_HIBRIDO_CLIMATOLOGIA,30,10,0.73693705886773,OK_ANALOGOS_CONTINUIDAD_CORREGIDA,0.3348675750295169,-0.3348675750295169,0.0,CORREGIDO_ANCLA_OBSERVADO
2026-10-09,BORJA,26.0,2026-10-08,2026-11-15,60,38,4.044869836838188,3.8942824278355483,4.044869836838188,3.18,4.369821614159672,2.7949324249704834,5.485132424970484,HIBRIDO_ANALOGO_CLIM,ANALOGO_ESTADO_V2_HIBRIDO_CLIMATOLOGIA,30,10,0.73693705886773,OK_ANALOGOS_CONTINUIDAD_CORREGIDA,0.3348675750295169,-0.3348675750295169,0.0,CORREGIDO_ANCLA_OBSERVADO
2026-10-09,BORJA,26.0,2026-10-08,2026-11-16,60,39,4.0585168631043,3.899565826810371,4.0585168631043,3.18,4.388645938483997,2.681132424970483,5.031132424970481,HIBRIDO_ANALOGO_CLIM,ANALOGO_ESTADO_V2_HIBRIDO_CLIMATOLOGIA,30,10,0.73693705886773,OK_ANALOGOS_CONTINUIDAD_CORREGIDA,0.3348675750295169,-0.3348675750295169,0.0,CORREGIDO_ANCLA_OBSERVADO
2026-10-09,BORJA,26.0,2026-10-08,2026-11-17,60,40,4.195074354293107,4.0980453189544175,4.195074354293107,3.18,4.389132424970484,2.716732424970483,5.400132424970483,HIBRIDO_ANALOGO_CLIM,ANALOGO_ESTADO_V2_HIBRIDO_CLIMATOLOGIA,30,10,0.73693705886773,OK_ANALOGOS_CONTINUIDAD_CORREGIDA,0.3348675750295169,-0.3348675750295169,0.0,CORREGIDO_ANCLA_OBSERVADO
2026-10-09,BORJA,26.0,2026-10-08,2026-11-18,60,41,4.435418755196213,4.471566843787535,4.435418755196213,3.18,4.365767560105619,2.663732424970483,5.909132424970483,HIBRIDO_ANALOGO_CLIM,ANALOGO_ESTADO_V2_HIBRIDO_CLIMATOLOGIA,30,10,0.73693705886773,OK_ANALOGOS_CONTINUIDAD_CORREGIDA,0.3348675750295169,-0.3348675750295169,0.0,CORREGIDO_ANCLA_OBSERVADO
2026-10-09,BORJA,26.0,2026-10-08,2026-11-19,60,42,4.480803277278783,4.525318351598635,4.480803277278783,3.18,4.398132424970484,2.5347324249704832,5.896132424970483,HIBRIDO_ANALOGO_CLIM,ANALOGO_ESTADO_V2_HIBRIDO_CLIMATOLOGIA,30,10,0.73693705886773,OK_ANALOGOS_CONTINUIDAD_CORREGIDA,0.3348675750295169,-0.3348675750295169,0.0,CORREGIDO_ANCLA_OBSERVADO
2026-10-09,BORJA,26.0,2026-10-08,2026-11-20,60,43,4.337711015825818,4.342305448276095,4.337711015825818,3.18,4.329483776321835,2.3601324249704834,5.706132424970484,HIBRIDO_ANALOGO_CLIM,ANALOGO_ESTADO_V2_HIBRIDO_CLIMATOLOGIA,30,10,0.73693705886773,OK_ANALOGOS_CONTINUIDAD_CORREGIDA,0.3348675750295169,-0.3348675750295169,0.0,CORREGIDO_ANCLA_OBSERVADO
2026-10-09,BORJA,26.0,2026-10-08,2026-11-21,60,44,4.0625336179720986,3.9369700127824205,4.0625336179720986,3.18,4.279416208754267,1.9541324249704832,4.988132424970482,HIBRIDO_ANALOGO_CLIM,ANALOGO_ESTADO_V2_HIBRIDO_CLIMATOLOGIA,30,10,0.73693705886773,OK_ANALOGOS_CONTINUIDAD_CORREGIDA,0.3348675750295169,-0.3348675750295169,0.0,CORREGIDO_ANCLA_OBSERVADO
2026-10-09,BORJA,26.0,2026-10-08,2026-11-22,60,45,3.9759244558849676,3.7147185933525777,3.9759244558849676,3.18,4.4112675601056175,1.9631324249704836,5.018832424970483,HIBRIDO_ANALOGO_CLIM,ANALOGO_ESTADO_V2_HIBRIDO_CLIMATOLOGIA,30,10,0.73693705886773,OK_ANALOGOS_CONTINUIDAD_CORREGIDA,0.3348675750295169,-0.3348675750295169,0.0,CORREGIDO_ANCLA_OBSERVADO
2026-10-09,BORJA,26.0,2026-10-08,2026-11-23,60,46,3.9514162385924716,3.5934210051317796,3.9514162385924716,3.18,4.527321614159673,1.6271324249704833,5.127132424970483,HIBRIDO_ANALOGO_CLIM,ANALOGO_ESTADO_V2_HIBRIDO_CLIMATOLOGIA,30,10,0.73693705886773,OK_ANALOGOS_CONTINUIDAD_CORREGIDA,0.3348675750295169,-0.3348675750295169,0.0,CORREGIDO_ANCLA_OBSERVADO
2026-10-09,BORJA,26.0,2026-10-08,2026-11-24,60,47,3.8603001156562153,3.4150304429803513,3.8603001156562153,3.18,4.55188918172724,1.9511324249704831,4.899632424970484,HIBRIDO_ANALOGO_CLIM,ANALOGO_ESTADO_V2_HIBRIDO_CLIMATOLOGIA,30,10,0.73693705886773,OK_ANALOGOS_CONTINUIDAD_CORREGIDA,0.3348675750295169,-0.3348675750295169,0.0,CORREGIDO_ANCLA_OBSERVADO
2026-10-09,BORJA,26.0,2026-10-08,2026-11-25,60,48,3.8904992050716145,3.38825723865255,3.8904992050716145,3.18,4.643862154700212,2.2821324249704835,4.485232424970484,HIBRIDO_ANALOGO_CLIM,ANALOGO_ESTADO_V2_HIBRIDO_CLIMATOLOGIA,30,10,0.73693705886773,OK_ANALOGOS_CONTINUIDAD_CORREGIDA,0.3348675750295169,-0.3348675750295169,0.0,CORREGIDO_ANCLA_OBSERVADO
2026-10-09,BORJA,26.0,2026-10-08,2026-11-26,60,49,3.9200441489538087,3.3757232336823093,3.9200441489538087,3.18,4.708754046592105,2.407132424970483,4.283232424970484,HIBRIDO_ANALOGO_CLIM,ANALOGO_ESTADO_V2_HIBRIDO_CLIMATOLOGIA,30,10,0.73693705886773,OK_ANALOGOS_CONTINUIDAD_CORREGIDA,0.3348675750295169,-0.3348675750295169,0.0,CORREGIDO_ANCLA_OBSERVADO
2026-10-09,BORJA,26.0,2026-10-08,2026-11-27,60,50,4.066501118492823,3.6402586795029874,4.066501118492823,3.18,4.663240533078591,2.5653324249704834,5.094532424970483,HIBRIDO_ANALOGO_CLIM,ANALOGO_ESTADO_V2_HIBRIDO_CLIMATOLOGIA,30,10,0.73693705886773,OK_ANALOGOS_CONTINUIDAD_CORREGIDA,0.3348675750295169,-0.3348675750295169,0.0,CORREGIDO_ANCLA_OBSERVADO
2026-10-09,BORJA,26.0,2026-10-08,2026-11-28,60,51,4.166315411264687,3.8650452565984765,4.166315411264687,3.18,4.573916208754268,2.870432424970483,5.401932424970482,HIBRIDO_ANALOGO_CLIM,ANALOGO_ESTADO_V2_HIBRIDO_CLIMATOLOGIA,30,10,0.73693705886773,OK_ANALOGOS_CONTINUIDAD_CORREGIDA,0.3348675750295169,-0.3348675750295169,0.0,CORREGIDO_ANCLA_OBSERVADO
2026-10-09,BORJA,26.0,2026-10-08,2026-11-29,60,52,4.3911502164480805,4.2939635037306285,4.3911502164480805,3.18,4.5182405330785915,3.207132424970483,5.317132424970483,HIBRIDO_ANALOGO_CLIM,ANALOGO_ESTADO_V2_HIBRIDO_CLIMATOLOGIA,30,10,0.73693705886773,OK_ANALOGOS_CONTINUIDAD_CORREGIDA,0.3348675750295169,-0.3348675750295169,0.0,CORREGIDO_ANCLA_OBSERVADO
2026-10-09,BORJA,26.0,2026-10-08,2026-11-30,60,53,4.2425321707953305,4.074441368682594,4.2425321707953305,3.18,4.455024316862374,2.9901324249704833,5.663132424970483,HIBRIDO_ANALOGO_CLIM,ANALOGO_ESTADO_V2_HIBRIDO_CLIMATOLOGIA,30,10,0.73693705886773,OK_ANALOGOS_CONTINUIDAD_CORREGIDA,0.3348675750295169,-0.3348675750295169,0.0,CORREGIDO_ANCLA_OBSERVADO
2026-10-09,BORJA,26.0,2026-10-08,2026-12-01,60,54,4.095622777384227,3.926994070507433,4.095622777384227,3.18,4.301724530233642,2.638132424970483,5.133432424970483,HIBRIDO_ANALOGO_CLIM,ANALOGO_ESTADO_V2_HIBRIDO_CLIMATOLOGIA,30,10,0.73693705886773,OK_ANALOGOS_CONTINUIDAD_CORREGIDA,0.3348675750295169,-0.3348675750295169,0.0,CORREGIDO_ANCLA_OBSERVADO
2026-10-09,BORJA,26.0,2026-10-08,2026-12-02,60,55,4.204304212671431,4.159328989374728,4.204304212671431,3.18,4.257456749294807,2.8231324249704834,5.663132424970483,HIBRIDO_ANALOGO_CLIM,ANALOGO_ESTADO_V2_HIBRIDO_CLIMATOLOGIA,30,10,0.73693705886773,OK_ANALOGOS_CONTINUIDAD_CORREGIDA,0.3348675750295169,-0.3348675750295169,0.0,CORREGIDO_ANCLA_OBSERVADO
2026-10-09,BORJA,26.0,2026-10-08,2026-12-03,60,56,4.298340164242077,4.236065855023639,4.298340164242077,3.18,4.369510803348861,2.7321324249704833,5.603932424970482,HIBRIDO_ANALOGO_CLIM,ANALOGO_ESTADO_V2_HIBRIDO_CLIMATOLOGIA,30,10,0.73693705886773,OK_ANALOGOS_CONTINUIDAD_CORREGIDA,0.3348675750295169,-0.3348675750295169,0.0,CORREGIDO_ANCLA_OBSERVADO
2026-10-09,BORJA,26.0,2026-10-08,2026-12-04,60,57,4.218113456769258,4.085524222991314,4.218113456769258,3.18,4.364659451997509,2.997132424970483,5.337632424970483,HIBRIDO_ANALOGO_CLIM,ANALOGO_ESTADO_V2_HIBRIDO_CLIMATOLOGIA,30,10,0.73693705886773,OK_ANALOGOS_CONTINUIDAD_CORREGIDA,0.3348675750295169,-0.3348675750295169,0.0,CORREGIDO_ANCLA_OBSERVADO
2026-10-09,BORJA,26.0,2026-10-08,2026-12-05,60,58,4.09124912732452,3.949013052020144,4.09124912732452,3.18,4.243294587132645,2.896132424970483,5.039432424970483,HIBRIDO_ANALOGO_CLIM,ANALOGO_ESTADO_V2_HIBRIDO_CLIMATOLOGIA,30,10,0.73693705886773,OK_ANALOGOS_CONTINUIDAD_CORREGIDA,0.3348675750295169,-0.3348675750295169,0.0,CORREGIDO_ANCLA_OBSERVADO
2026-10-09,BORJA,26.0,2026-10-08,2026-12-06,60,59,4.094219083564216,3.9072517267676345,4.094219083564216,3.18,4.287524316862376,2.8871324249704835,4.901132424970482,HIBRIDO_ANALOGO_CLIM,ANALOGO_ESTADO_V2_HIBRIDO_CLIMATOLOGIA,30,10,0.73693705886773,OK_ANALOGOS_CONTINUIDAD_CORREGIDA,0.3348675750295169,-0.3348675750295169,0.0,CORREGIDO_ANCLA_OBSERVADO
2026-10-09,BORJA,26.0,2026-10-08,2026-12-07,60,60,4.195977659659333,4.034309380834667,4.195977659659333,3.18,4.357645938483996,2.4911324249704836,5.003132424970483,HIBRIDO_ANALOGO_CLIM,ANALOGO_ESTADO_V2_HIBRIDO_CLIMATOLOGIA,30,10,0.73693705886773,OK_ANALOGOS_CONTINUIDAD_CORREGIDA,0.3348675750295169,-0.3348675750295169,0.0,CORREGIDO_ANCLA_OBSERVADO
2026-10-09,BORJA,26.0,2026-10-08,2026-10-09,90,1,3.18,2.895100002487317,3.18,3.18,4.034699992538052,2.446132424970483,3.2475324249704833,HIBRIDO_ANALOGO_CLIM,ANALOGO_ESTADO_V2_HIBRIDO_CLIMATOLOGIA,30,10,0.73693705886773,OK_ANALOGOS_CONTINUIDAD_CORREGIDA,0.3348675750295169,-0.3348675750295169,0.0,CORREGIDO_ANCLA_OBSERVADO
2026-10-09,BORJA,26.0,2026-10-08,2026-10-10,90,2,3.1886140541325667,2.8953601827721798,3.1886140541325667,3.18,4.068375668213726,2.482732424970483,3.187732424970483,HIBRIDO_ANALOGO_CLIM,ANALOGO_ESTADO_V2_HIBRIDO_CLIMATOLOGIA,30,10,0.73693705886773,OK_ANALOGOS_CONTINUIDAD_CORREGIDA,0.3348675750295169,-0.3348675750295169,0.0,CORREGIDO_ANCLA_OBSERVADO
2026-10-09,BORJA,26.0,2026-10-08,2026-10-11,90,3,3.179253748541669,2.898848243786119,3.179253748541669,3.18,4.02047026280832,2.4011324249704833,3.3791324249704835,HIBRIDO_ANALOGO_CLIM,ANALOGO_ESTADO_V2_HIBRIDO_CLIMATOLOGIA,30,10,0.73693705886773,OK_ANALOGOS_CONTINUIDAD_CORREGIDA,0.3348675750295169,-0.3348675750295169,0.0,CORREGIDO_ANCLA_OBSERVADO
2026-10-09,BORJA,26.0,2026-10-08,2026-10-12,90,4,3.2654752419395217,3.031936361109381,3.2654752419395217,3.18,3.9660918844299426,2.552732424970483,4.1011324249704835,HIBRIDO_ANALOGO_CLIM,ANALOGO_ESTADO_V2_HIBRIDO_CLIMATOLOGIA,30,10,0.73693705886773,OK_ANALOGOS_CONTINUIDAD_CORREGIDA,0.3348675750295169,-0.3348675750295169,0.0,CORREGIDO_ANCLA_OBSERVADO
2026-10-09,BORJA,26.0,2026-10-08,2026-10-13,90,5,3.6391038629515444,3.550684432368655,3.6391038629515444,3.18,3.904362154700212,2.6347324249704833,4.8931324249704815,HIBRIDO_ANALOGO_CLIM,ANALOGO_ESTADO_V2_HIBRIDO_CLIMATOLOGIA,30,10,0.73693705886773,OK_ANALOGOS_CONTINUIDAD_CORREGIDA,0.3348675750295169,-0.3348675750295169,0.0,CORREGIDO_ANCLA_OBSERVADO
2026-10-09,BORJA,26.0,2026-10-08,2026-10-14,90,6,3.7900103187851406,3.7611497969035406,3.7900103187851406,3.18,3.8765918844299425,2.9003324249704834,4.582132424970483,HIBRIDO_ANALOGO_CLIM,ANALOGO_ESTADO_V2_HIBRIDO_CLIMATOLOGIA,30,10,0.73693705886773,OK_ANALOGOS_CONTINUIDAD_CORREGIDA,0.3348675750295169,-0.3348675750295169,0.0,CORREGIDO_ANCLA_OBSERVADO
2026-10-09,BORJA,26.0,2026-10-08,2026-10-15,90,7,3.5816623589045844,3.4620372017474828,3.5816623589045844,3.18,3.9405378303758885,2.8329324249704833,4.026332424970484,HIBRIDO_ANALOGO_CLIM,ANALOGO_ESTADO_V2_HIBRIDO_CLIMATOLOGIA,30,10,0.73693705886773,OK_ANALOGOS_CONTINUIDAD_CORREGIDA,0.3348675750295169,-0.3348675750295169,0.0,CORREGIDO_ANCLA_OBSERVADO
2026-10-09,BORJA,26.0,2026-10-08,2026-10-16,90,8,3.5499268594008773,3.3145204997065036,3.5499268594008773,3.18,4.256145938483996,2.8207324249704833,3.9451324249704824,HIBRIDO_ANALOGO_CLIM,ANALOGO_ESTADO_V2_HIBRIDO_CLIMATOLOGIA,30,10,0.73693705886773,OK_ANALOGOS_CONTINUIDAD_CORREGIDA,0.3348675750295169,-0.3348675750295169,0.0,CORREGIDO_ANCLA_OBSERVADO
2026-10-09,BORJA,26.0,2026-10-08,2026-10-17,90,9,3.4538440726459156,3.158932639889078,3.4538440726459156,3.18,4.338578370916428,2.6551324249704833,3.667132424970483,HIBRIDO_ANALOGO_CLIM,ANALOGO_ESTADO_V2_HIBRIDO_CLIMATOLOGIA,30,10,0.73693705886773,OK_ANALOGOS_CONTINUIDAD_CORREGIDA,0.3348675750295169,-0.3348675750295169,0.0,CORREGIDO_ANCLA_OBSERVADO
2026-10-09,BORJA,26.0,2026-10-08,2026-10-18,90,10,3.4698663704845303,3.2212416496198437,3.4698663704845303,3.18,4.215740533078591,2.858132424970483,3.648132424970483,HIBRIDO_ANALOGO_CLIM,ANALOGO_ESTADO_V2_HIBRIDO_CLIMATOLOGIA,30,10,0.73693705886773,OK_ANALOGOS_CONTINUIDAD_CORREGIDA,0.3348675750295169,-0.3348675750295169,0.0,CORREGIDO_ANCLA_OBSERVADO
2026-10-09,BORJA,26.0,2026-10-08,2026-10-19,90,11,3.6737592364748113,3.520513218687966,3.6737592364748113,3.18,4.133497289835347,2.777132424970483,4.390132424970483,HIBRIDO_ANALOGO_CLIM,ANALOGO_ESTADO_V2_HIBRIDO_CLIMATOLOGIA,30,10,0.73693705886773,OK_ANALOGOS_CONTINUIDAD_CORREGIDA,0.3348675750295169,-0.3348675750295169,0.0,CORREGIDO_ANCLA_OBSERVADO
2026-10-09,BORJA,26.0,2026-10-08,2026-10-20,90,12,3.877529004622565,3.739183720362448,3.877529004622565,3.18,4.292564857402915,2.8744324249704833,4.7691324249704845,HIBRIDO_ANALOGO_CLIM,ANALOGO_ESTADO_V2_HIBRIDO_CLIMATOLOGIA,30,10,0.73693705886773,OK_ANALOGOS_CONTINUIDAD_CORREGIDA,0.3348675750295169,-0.3348675750295169,0.0,CORREGIDO_ANCLA_OBSERVADO
2026-10-09,BORJA,26.0,2026-10-08,2026-10-21,90,13,3.9009356796311887,3.7714421699234957,3.9009356796311887,3.18,4.289416208754266,2.914132424970483,4.924132424970484,HIBRIDO_ANALOGO_CLIM,ANALOGO_ESTADO_V2_HIBRIDO_CLIMATOLOGIA,30,10,0.73693705886773,OK_ANALOGOS_CONTINUIDAD_CORREGIDA,0.3348675750295169,-0.3348675750295169,0.0,CORREGIDO_ANCLA_OBSERVADO
2026-10-09,BORJA,26.0,2026-10-08,2026-10-22,90,14,3.7271547703277306,3.535707263825191,3.7271547703277306,3.18,4.301497289835348,2.821132424970483,4.472132424970484,HIBRIDO_ANALOGO_CLIM,ANALOGO_ESTADO_V2_HIBRIDO_CLIMATOLOGIA,30,10,0.73693705886773,OK_ANALOGOS_CONTINUIDAD_CORREGIDA,0.3348675750295169,-0.3348675750295169,0.0,CORREGIDO_ANCLA_OBSERVADO
2026-10-09,BORJA,26.0,2026-10-08,2026-10-23,90,15,3.853868977588537,3.678551432064825,3.853868977588537,3.18,4.379821614159672,2.774432424970483,5.102132424970483,HIBRIDO_ANALOGO_CLIM,ANALOGO_ESTADO_V2_HIBRIDO_CLIMATOLOGIA,30,10,0.73693705886773,OK_ANALOGOS_CONTINUIDAD_CORREGIDA,0.3348675750295169,-0.3348675750295169,0.0,CORREGIDO_ANCLA_OBSERVADO
2026-10-09,BORJA,26.0,2026-10-08,2026-10-24,90,16,3.910202440623259,3.76367172512013,3.910202440623259,3.18,4.349794587132646,2.672132424970483,5.5401324249704835,HIBRIDO_ANALOGO_CLIM,ANALOGO_ESTADO_V2_HIBRIDO_CLIMATOLOGIA,30,10,0.73693705886773,OK_ANALOGOS_CONTINUIDAD_CORREGIDA,0.3348675750295169,-0.3348675750295169,0.0,CORREGIDO_ANCLA_OBSERVADO
2026-10-09,BORJA,26.0,2026-10-08,2026-10-25,90,17,3.9326214952841627,3.757243978181515,3.9326214952841627,3.18,4.458754046592105,3.0021324249704833,4.9887324249704825,HIBRIDO_ANALOGO_CLIM,ANALOGO_ESTADO_V2_HIBRIDO_CLIMATOLOGIA,30,10,0.73693705886773,OK_ANALOGOS_CONTINUIDAD_CORREGIDA,0.3348675750295169,-0.3348675750295169,0.0,CORREGIDO_ANCLA_OBSERVADO
2026-10-09,BORJA,26.0,2026-10-08,2026-10-26,90,18,4.0419505776434335,3.9113989708767583,4.0419505776434335,3.18,4.433605397943456,3.231632424970483,4.793232424970483,HIBRIDO_ANALOGO_CLIM,ANALOGO_ESTADO_V2_HIBRIDO_CLIMATOLOGIA,30,10,0.73693705886773,OK_ANALOGOS_CONTINUIDAD_CORREGIDA,0.3348675750295169,-0.3348675750295169,0.0,CORREGIDO_ANCLA_OBSERVADO
2026-10-09,BORJA,26.0,2026-10-08,2026-10-27,90,19,4.101071430708341,4.034402450638979,4.101071430708341,3.18,4.301078370916429,3.103532424970483,4.887832424970483,HIBRIDO_ANALOGO_CLIM,ANALOGO_ESTADO_V2_HIBRIDO_CLIMATOLOGIA,30,10,0.73693705886773,OK_ANALOGOS_CONTINUIDAD_CORREGIDA,0.3348675750295169,-0.3348675750295169,0.0,CORREGIDO_ANCLA_OBSERVADO
2026-10-09,BORJA,26.0,2026-10-08,2026-10-28,90,20,4.345479393503014,4.394847301932778,4.345479393503014,3.18,4.197375668213725,3.047932424970483,5.178132424970483,HIBRIDO_ANALOGO_CLIM,ANALOGO_ESTADO_V2_HIBRIDO_CLIMATOLOGIA,30,10,0.73693705886773,OK_ANALOGOS_CONTINUIDAD_CORREGIDA,0.3348675750295169,-0.3348675750295169,0.0,CORREGIDO_ANCLA_OBSERVADO
2026-10-09,BORJA,26.0,2026-10-08,2026-10-29,90,21,4.219273365738012,4.241496021669532,4.219273365738012,3.18,4.152605397943455,2.9329324249704833,5.059132424970484,HIBRIDO_ANALOGO_CLIM,ANALOGO_ESTADO_V2_HIBRIDO_CLIMATOLOGIA,30,10,0.73693705886773,OK_ANALOGOS_CONTINUIDAD_CORREGIDA,0.3348675750295169,-0.3348675750295169,0.0,CORREGIDO_ANCLA_OBSERVADO
2026-10-09,BORJA,26.0,2026-10-08,2026-10-30,90,22,4.2268346219807835,4.1884245435067395,4.2268346219807835,3.18,4.3420648574029155,3.0385324249704833,5.314832424970483,HIBRIDO_ANALOGO_CLIM,ANALOGO_ESTADO_V2_HIBRIDO_CLIMATOLOGIA,30,10,0.73693705886773,OK_ANALOGOS_CONTINUIDAD_CORREGIDA,0.3348675750295169,-0.3348675750295169,0.0,CORREGIDO_ANCLA_OBSERVADO
2026-10-09,BORJA,26.0,2026-10-08,2026-10-31,90,23,4.140469119425864,4.0890318013614415,4.140469119425864,3.18,4.2947810736191325,2.810732424970483,5.128632424970483,HIBRIDO_ANALOGO_CLIM,ANALOGO_ESTADO_V2_HIBRIDO_CLIMATOLOGIA,30,10,0.73693705886773,OK_ANALOGOS_CONTINUIDAD_CORREGIDA,0.3348675750295169,-0.3348675750295169,0.0,CORREGIDO_ANCLA_OBSERVADO
2026-10-09,BORJA,26.0,2026-10-08,2026-11-01,90,24,3.9939204024972432,3.916784913524681,3.9939204024972432,3.18,4.225326869414928,2.9024324249704834,4.812132424970484,HIBRIDO_ANALOGO_CLIM,ANALOGO_ESTADO_V2_HIBRIDO_CLIMATOLOGIA,30,10,0.73693705886773,OK_ANALOGOS_CONTINUIDAD_CORREGIDA,0.3348675750295169,-0.3348675750295169,0.0,CORREGIDO_ANCLA_OBSERVADO
2026-10-09,BORJA,26.0,2026-10-08,2026-11-02,90,25,3.7942022822701396,3.6178877301988543,3.7942022822701396,3.18,4.3231459384839965,2.8054324249704834,4.604432424970483,HIBRIDO_ANALOGO_CLIM,ANALOGO_ESTADO_V2_HIBRIDO_CLIMATOLOGIA,30,10,0.73693705886773,OK_ANALOGOS_CONTINUIDAD_CORREGIDA,0.3348675750295169,-0.3348675750295169,0.0,CORREGIDO_ANCLA_OBSERVADO
2026-10-09,BORJA,26.0,2026-10-08,2026-11-03,90,26,3.703860078560561,3.493724251378875,3.703860078560561,3.18,4.334267560105619,2.7959324249704833,4.366632424970483,HIBRIDO_ANALOGO_CLIM,ANALOGO_ESTADO_V2_HIBRIDO_CLIMATOLOGIA,30,10,0.73693705886773,OK_ANALOGOS_CONTINUIDAD_CORREGIDA,0.3348675750295169,-0.3348675750295169,0.0,CORREGIDO_ANCLA_OBSERVADO
2026-10-09,BORJA,26.0,2026-10-08,2026-11-04,90,27,3.932840650545408,3.8032884374487614,3.932840650545408,3.18,4.321497289835348,2.604732424970483,5.003632424970483,HIBRIDO_ANALOGO_CLIM,ANALOGO_ESTADO_V2_HIBRIDO_CLIMATOLOGIA,30,10,0.73693705886773,OK_ANALOGOS_CONTINUIDAD_CORREGIDA,0.3348675750295169,-0.3348675750295169,0.0,CORREGIDO_ANCLA_OBSERVADO
2026-10-09,BORJA,26.0,2026-10-08,2026-11-05,90,28,4.043773106605414,3.974513694177419,4.043773106605414,3.18,4.2515513438894015,2.456132424970483,5.315932424970484,HIBRIDO_ANALOGO_CLIM,ANALOGO_ESTADO_V2_HIBRIDO_CLIMATOLOGIA,30,10,0.73693705886773,OK_ANALOGOS_CONTINUIDAD_CORREGIDA,0.3348675750295169,-0.3348675750295169,0.0,CORREGIDO_ANCLA_OBSERVADO
2026-10-09,BORJA,26.0,2026-10-08,2026-11-06,90,29,4.100779214416933,4.082066882971155,4.100779214416933,3.18,4.156916208754266,2.5227324249704832,5.3671324249704835,HIBRIDO_ANALOGO_CLIM,ANALOGO_ESTADO_V2_HIBRIDO_CLIMATOLOGIA,30,10,0.73693705886773,OK_ANALOGOS_CONTINUIDAD_CORREGIDA,0.3348675750295169,-0.3348675750295169,0.0,CORREGIDO_ANCLA_OBSERVADO
2026-10-09,BORJA,26.0,2026-10-08,2026-11-07,90,30,4.0515375829527045,3.9910375004783094,4.0515375829527045,3.18,4.233037830375888,2.8144324249704833,5.248132424970484,HIBRIDO_ANALOGO_CLIM,ANALOGO_ESTADO_V2_HIBRIDO_CLIMATOLOGIA,30,10,0.73693705886773,OK_ANALOGOS_CONTINUIDAD_CORREGIDA,0.3348675750295169,-0.3348675750295169,0.0,CORREGIDO_ANCLA_OBSERVADO
2026-10-09,BORJA,26.0,2026-10-08,2026-11-08,90,31,4.022538334525166,3.9268084767235325,4.022538334525166,3.18,4.297375668213727,2.999132424970483,4.643132424970483,HIBRIDO_ANALOGO_CLIM,ANALOGO_ESTADO_V2_HIBRIDO_CLIMATOLOGIA,30,10,0.73693705886773,OK_ANALOGOS_CONTINUIDAD_CORREGIDA,0.3348675750295169,-0.3348675750295169,0.0,CORREGIDO_ANCLA_OBSERVADO
2026-10-09,BORJA,26.0,2026-10-08,2026-11-09,90,32,4.057347674802795,3.9654554314985737,4.057347674802795,3.18,4.310051343889402,3.1504324249704836,4.504132424970482,HIBRIDO_ANALOGO_CLIM,ANALOGO_ESTADO_V2_HIBRIDO_CLIMATOLOGIA,30,10,0.73693705886773,OK_ANALOGOS_CONTINUIDAD_CORREGIDA,0.3348675750295169,-0.3348675750295169,0.0,CORREGIDO_ANCLA_OBSERVADO
2026-10-09,BORJA,26.0,2026-10-08,2026-11-10,90,33,3.937852983894753,3.8325755071773044,3.937852983894753,3.18,4.215402695240753,2.6851324249704835,4.817132424970483,HIBRIDO_ANALOGO_CLIM,ANALOGO_ESTADO_V2_HIBRIDO_CLIMATOLOGIA,30,10,0.73693705886773,OK_ANALOGOS_CONTINUIDAD_CORREGIDA,0.3348675750295169,-0.3348675750295169,0.0,CORREGIDO_ANCLA_OBSERVADO
2026-10-09,BORJA,26.0,2026-10-08,2026-11-11,90,34,3.9440863625062152,3.8524807853283245,3.9440863625062152,3.18,4.1757945871326445,2.467732424970483,5.987132424970483,HIBRIDO_ANALOGO_CLIM,ANALOGO_ESTADO_V2_HIBRIDO_CLIMATOLOGIA,30,10,0.73693705886773,OK_ANALOGOS_CONTINUIDAD_CORREGIDA,0.3348675750295169,-0.3348675750295169,0.0,CORREGIDO_ANCLA_OBSERVADO
2026-10-09,BORJA,26.0,2026-10-08,2026-11-12,90,35,4.093675672792267,4.001207789144958,4.093675672792267,3.18,4.3182405330785905,2.389932424970483,6.103132424970482,HIBRIDO_ANALOGO_CLIM,ANALOGO_ESTADO_V2_HIBRIDO_CLIMATOLOGIA,30,10,0.73693705886773,OK_ANALOGOS_CONTINUIDAD_CORREGIDA,0.3348675750295169,-0.3348675750295169,0.0,CORREGIDO_ANCLA_OBSERVADO
2026-10-09,BORJA,26.0,2026-10-08,2026-11-13,90,36,4.137431995585102,4.0702978347288195,4.137431995585102,3.18,4.294078370916429,2.3844324249704836,6.022132424970483,HIBRIDO_ANALOGO_CLIM,ANALOGO_ESTADO_V2_HIBRIDO_CLIMATOLOGIA,30,10,0.73693705886773,OK_ANALOGOS_CONTINUIDAD_CORREGIDA,0.3348675750295169,-0.3348675750295169,0.0,CORREGIDO_ANCLA_OBSERVADO
2026-10-09,BORJA,26.0,2026-10-08,2026-11-14,90,37,4.120750122294911,4.0617363247166445,4.120750122294911,3.18,4.253132424970483,3.0061324249704833,5.906132424970483,HIBRIDO_ANALOGO_CLIM,ANALOGO_ESTADO_V2_HIBRIDO_CLIMATOLOGIA,30,10,0.73693705886773,OK_ANALOGOS_CONTINUIDAD_CORREGIDA,0.3348675750295169,-0.3348675750295169,0.0,CORREGIDO_ANCLA_OBSERVADO
2026-10-09,BORJA,26.0,2026-10-08,2026-11-15,90,38,4.044869836838188,3.8942824278355483,4.044869836838188,3.18,4.369821614159672,2.7949324249704834,5.485132424970484,HIBRIDO_ANALOGO_CLIM,ANALOGO_ESTADO_V2_HIBRIDO_CLIMATOLOGIA,30,10,0.73693705886773,OK_ANALOGOS_CONTINUIDAD_CORREGIDA,0.3348675750295169,-0.3348675750295169,0.0,CORREGIDO_ANCLA_OBSERVADO
2026-10-09,BORJA,26.0,2026-10-08,2026-11-16,90,39,4.0585168631043,3.899565826810371,4.0585168631043,3.18,4.388645938483997,2.681132424970483,5.031132424970481,HIBRIDO_ANALOGO_CLIM,ANALOGO_ESTADO_V2_HIBRIDO_CLIMATOLOGIA,30,10,0.73693705886773,OK_ANALOGOS_CONTINUIDAD_CORREGIDA,0.3348675750295169,-0.3348675750295169,0.0,CORREGIDO_ANCLA_OBSERVADO
2026-10-09,BORJA,26.0,2026-10-08,2026-11-17,90,40,4.195074354293107,4.0980453189544175,4.195074354293107,3.18,4.389132424970484,2.716732424970483,5.400132424970483,HIBRIDO_ANALOGO_CLIM,ANALOGO_ESTADO_V2_HIBRIDO_CLIMATOLOGIA,30,10,0.73693705886773,OK_ANALOGOS_CONTINUIDAD_CORREGIDA,0.3348675750295169,-0.3348675750295169,0.0,CORREGIDO_ANCLA_OBSERVADO
2026-10-09,BORJA,26.0,2026-10-08,2026-11-18,90,41,4.435418755196213,4.471566843787535,4.435418755196213,3.18,4.365767560105619,2.663732424970483,5.909132424970483,HIBRIDO_ANALOGO_CLIM,ANALOGO_ESTADO_V2_HIBRIDO_CLIMATOLOGIA,30,10,0.73693705886773,OK_ANALOGOS_CONTINUIDAD_CORREGIDA,0.3348675750295169,-0.3348675750295169,0.0,CORREGIDO_ANCLA_OBSERVADO
2026-10-09,BORJA,26.0,2026-10-08,2026-11-19,90,42,4.480803277278783,4.525318351598635,4.480803277278783,3.18,4.398132424970484,2.5347324249704832,5.896132424970483,HIBRIDO_ANALOGO_CLIM,ANALOGO_ESTADO_V2_HIBRIDO_CLIMATOLOGIA,30,10,0.73693705886773,OK_ANALOGOS_CONTINUIDAD_CORREGIDA,0.3348675750295169,-0.3348675750295169,0.0,CORREGIDO_ANCLA_OBSERVADO
2026-10-09,BORJA,26.0,2026-10-08,2026-11-20,90,43,4.337711015825818,4.342305448276095,4.337711015825818,3.18,4.329483776321835,2.3601324249704834,5.706132424970484,HIBRIDO_ANALOGO_CLIM,ANALOGO_ESTADO_V2_HIBRIDO_CLIMATOLOGIA,30,10,0.73693705886773,OK_ANALOGOS_CONTINUIDAD_CORREGIDA,0.3348675750295169,-0.3348675750295169,0.0,CORREGIDO_ANCLA_OBSERVADO
2026-10-09,BORJA,26.0,2026-10-08,2026-11-21,90,44,4.0625336179720986,3.9369700127824205,4.0625336179720986,3.18,4.279416208754267,1.9541324249704832,4.988132424970482,HIBRIDO_ANALOGO_CLIM,ANALOGO_ESTADO_V2_HIBRIDO_CLIMATOLOGIA,30,10,0.73693705886773,OK_ANALOGOS_CONTINUIDAD_CORREGIDA,0.3348675750295169,-0.3348675750295169,0.0,CORREGIDO_ANCLA_OBSERVADO
2026-10-09,BORJA,26.0,2026-10-08,2026-11-22,90,45,3.9759244558849676,3.7147185933525777,3.9759244558849676,3.18,4.4112675601056175,1.9631324249704836,5.018832424970483,HIBRIDO_ANALOGO_CLIM,ANALOGO_ESTADO_V2_HIBRIDO_CLIMATOLOGIA,30,10,0.73693705886773,OK_ANALOGOS_CONTINUIDAD_CORREGIDA,0.3348675750295169,-0.3348675750295169,0.0,CORREGIDO_ANCLA_OBSERVADO
2026-10-09,BORJA,26.0,2026-10-08,2026-11-23,90,46,3.9514162385924716,3.5934210051317796,3.9514162385924716,3.18,4.527321614159673,1.6271324249704833,5.127132424970483,HIBRIDO_ANALOGO_CLIM,ANALOGO_ESTADO_V2_HIBRIDO_CLIMATOLOGIA,30,10,0.73693705886773,OK_ANALOGOS_CONTINUIDAD_CORREGIDA,0.3348675750295169,-0.3348675750295169,0.0,CORREGIDO_ANCLA_OBSERVADO
2026-10-09,BORJA,26.0,2026-10-08,2026-11-24,90,47,3.8603001156562153,3.4150304429803513,3.8603001156562153,3.18,4.55188918172724,1.9511324249704831,4.899632424970484,HIBRIDO_ANALOGO_CLIM,ANALOGO_ESTADO_V2_HIBRIDO_CLIMATOLOGIA,30,10,0.73693705886773,OK_ANALOGOS_CONTINUIDAD_CORREGIDA,0.3348675750295169,-0.3348675750295169,0.0,CORREGIDO_ANCLA_OBSERVADO
2026-10-09,BORJA,26.0,2026-10-08,2026-11-25,90,48,3.8904992050716145,3.38825723865255,3.8904992050716145,3.18,4.643862154700212,2.2821324249704835,4.485232424970484,HIBRIDO_ANALOGO_CLIM,ANALOGO_ESTADO_V2_HIBRIDO_CLIMATOLOGIA,30,10,0.73693705886773,OK_ANALOGOS_CONTINUIDAD_CORREGIDA,0.3348675750295169,-0.3348675750295169,0.0,CORREGIDO_ANCLA_OBSERVADO
2026-10-09,BORJA,26.0,2026-10-08,2026-11-26,90,49,3.9200441489538087,3.3757232336823093,3.9200441489538087,3.18,4.708754046592105,2.407132424970483,4.283232424970484,HIBRIDO_ANALOGO_CLIM,ANALOGO_ESTADO_V2_HIBRIDO_CLIMATOLOGIA,30,10,0.73693705886773,OK_ANALOGOS_CONTINUIDAD_CORREGIDA,0.3348675750295169,-0.3348675750295169,0.0,CORREGIDO_ANCLA_OBSERVADO
2026-10-09,BORJA,26.0,2026-10-08,2026-11-27,90,50,4.066501118492823,3.6402586795029874,4.066501118492823,3.18,4.663240533078591,2.5653324249704834,5.094532424970483,HIBRIDO_ANALOGO_CLIM,ANALOGO_ESTADO_V2_HIBRIDO_CLIMATOLOGIA,30,10,0.73693705886773,OK_ANALOGOS_CONTINUIDAD_CORREGIDA,0.3348675750295169,-0.3348675750295169,0.0,CORREGIDO_ANCLA_OBSERVADO
2026-10-09,BORJA,26.0,2026-10-08,2026-11-28,90,51,4.166315411264687,3.8650452565984765,4.166315411264687,3.18,4.573916208754268,2.870432424970483,5.401932424970482,HIBRIDO_ANALOGO_CLIM,ANALOGO_ESTADO_V2_HIBRIDO_CLIMATOLOGIA,30,10,0.73693705886773,OK_ANALOGOS_CONTINUIDAD_CORREGIDA,0.3348675750295169,-0.3348675750295169,0.0,CORREGIDO_ANCLA_OBSERVADO
2026-10-09,BORJA,26.0,2026-10-08,2026-11-29,90,52,4.3911502164480805,4.2939635037306285,4.3911502164480805,3.18,4.5182405330785915,3.207132424970483,5.317132424970483,HIBRIDO_ANALOGO_CLIM,ANALOGO_ESTADO_V2_HIBRIDO_CLIMATOLOGIA,30,10,0.73693705886773,OK_ANALOGOS_CONTINUIDAD_CORREGIDA,0.3348675750295169,-0.3348675750295169,0.0,CORREGIDO_ANCLA_OBSERVADO
2026-10-09,BORJA,26.0,2026-10-08,2026-11-30,90,53,4.2425321707953305,4.074441368682594,4.2425321707953305,3.18,4.455024316862374,2.9901324249704833,5.663132424970483,HIBRIDO_ANALOGO_CLIM,ANALOGO_ESTADO_V2_HIBRIDO_CLIMATOLOGIA,30,10,0.73693705886773,OK_ANALOGOS_CONTINUIDAD_CORREGIDA,0.3348675750295169,-0.3348675750295169,0.0,CORREGIDO_ANCLA_OBSERVADO
2026-10-09,BORJA,26.0,2026-10-08,2026-12-01,90,54,4.095622777384227,3.926994070507433,4.095622777384227,3.18,4.301724530233642,2.638132424970483,5.133432424970483,HIBRIDO_ANALOGO_CLIM,ANALOGO_ESTADO_V2_HIBRIDO_CLIMATOLOGIA,30,10,0.73693705886773,OK_ANALOGOS_CONTINUIDAD_CORREGIDA,0.3348675750295169,-0.3348675750295169,0.0,CORREGIDO_ANCLA_OBSERVADO
2026-10-09,BORJA,26.0,2026-10-08,2026-12-02,90,55,4.204304212671431,4.159328989374728,4.204304212671431,3.18,4.257456749294807,2.8231324249704834,5.663132424970483,HIBRIDO_ANALOGO_CLIM,ANALOGO_ESTADO_V2_HIBRIDO_CLIMATOLOGIA,30,10,0.73693705886773,OK_ANALOGOS_CONTINUIDAD_CORREGIDA,0.3348675750295169,-0.3348675750295169,0.0,CORREGIDO_ANCLA_OBSERVADO
2026-10-09,BORJA,26.0,2026-10-08,2026-12-03,90,56,4.298340164242077,4.236065855023639,4.298340164242077,3.18,4.369510803348861,2.7321324249704833,5.603932424970482,HIBRIDO_ANALOGO_CLIM,ANALOGO_ESTADO_V2_HIBRIDO_CLIMATOLOGIA,30,10,0.73693705886773,OK_ANALOGOS_CONTINUIDAD_CORREGIDA,0.3348675750295169,-0.3348675750295169,0.0,CORREGIDO_ANCLA_OBSERVADO
2026-10-09,BORJA,26.0,2026-10-08,2026-12-04,90,57,4.218113456769258,4.085524222991314,4.218113456769258,3.18,4.364659451997509,2.997132424970483,5.337632424970483,HIBRIDO_ANALOGO_CLIM,ANALOGO_ESTADO_V2_HIBRIDO_CLIMATOLOGIA,30,10,0.73693705886773,OK_ANALOGOS_CONTINUIDAD_CORREGIDA,0.3348675750295169,-0.3348675750295169,0.0,CORREGIDO_ANCLA_OBSERVADO
2026-10-09,BORJA,26.0,2026-10-08,2026-12-05,90,58,4.09124912732452,3.949013052020144,4.09124912732452,3.18,4.243294587132645,2.896132424970483,5.039432424970483,HIBRIDO_ANALOGO_CLIM,ANALOGO_ESTADO_V2_HIBRIDO_CLIMATOLOGIA,30,10,0.73693705886773,OK_ANALOGOS_CONTINUIDAD_CORREGIDA,0.3348675750295169,-0.3348675750295169,0.0,CORREGIDO_ANCLA_OBSERVADO
2026-10-09,BORJA,26.0,2026-10-08,2026-12-06,90,59,4.094219083564216,3.9072517267676345,4.094219083564216,3.18,4.287524316862376,2.8871324249704835,4.901132424970482,HIBRIDO_ANALOGO_CLIM,ANALOGO_ESTADO_V2_HIBRIDO_CLIMATOLOGIA,30,10,0.73693705886773,OK_ANALOGOS_CONTINUIDAD_CORREGIDA,0.3348675750295169,-0.3348675750295169,0.0,CORREGIDO_ANCLA_OBSERVADO
2026-10-09,BORJA,26.0,2026-10-08,2026-12-07,90,60,4.195977659659333,4.034309380834667,4.195977659659333,3.18,4.357645938483996,2.4911324249704836,5.003132424970483,HIBRIDO_ANALOGO_CLIM,ANALOGO_ESTADO_V2_HIBRIDO_CLIMATOLOGIA,30,10,0.73693705886773,OK_ANALOGOS_CONTINUIDAD_CORREGIDA,0.3348675750295169,-0.3348675750295169,0.0,CORREGIDO_ANCLA_OBSERVADO
2026-10-09,BORJA,26.0,2026-10-08,2026-12-08,90,61,4.299534148098363,4.196419942463743,4.299534148098363,3.18,4.399267560105619,2.3321324249704833,5.753132424970483,HIBRIDO_ANALOGO_CLIM,ANALOGO_ESTADO_V2_HIBRIDO_CLIMATOLOGIA,30,10,0.73693705886773,OK_ANALOGOS_CONTINUIDAD_CORREGIDA,0.3348675750295169,-0.3348675750295169,0.0,CORREGIDO_ANCLA_OBSERVADO
2026-10-09,BORJA,26.0,2026-10-08,2026-12-09,90,62,4.333855324901965,4.112023233775599,4.333855324901965,3.18,4.5413756682137265,2.2141324249704835,5.960432424970483,HIBRIDO_ANALOGO_CLIM,ANALOGO_ESTADO_V2_HIBRIDO_CLIMATOLOGIA,30,10,0.73693705886773,OK_ANALOGOS_CONTINUIDAD_CORREGIDA,0.3348675750295169,-0.3348675750295169,0.0,CORREGIDO_ANCLA_OBSERVADO
2026-10-09,BORJA,26.0,2026-10-08,2026-12-10,90,63,4.186942530959662,3.9300278116902354,4.186942530959662,3.18,4.41938918172724,2.2551324249704834,6.4258324249704835,HIBRIDO_ANALOGO_CLIM,ANALOGO_ESTADO_V2_HIBRIDO_CLIMATOLOGIA,30,10,0.73693705886773,OK_ANALOGOS_CONTINUIDAD_CORREGIDA,0.3348675750295169,-0.3348675750295169,0.0,CORREGIDO_ANCLA_OBSERVADO
2026-10-09,BORJA,26.0,2026-10-08,2026-12-11,90,64,4.17257263366716,3.788921289166067,4.17257263366716,3.18,4.508267560105619,2.375132424970483,5.9014324249704835,HIBRIDO_ANALOGO_CLIM,ANALOGO_ESTADO_V2_HIBRIDO_CLIMATOLOGIA,30,10,0.73693705886773,OK_ANALOGOS_CONTINUIDAD_CORREGIDA,0.3348675750295169,-0.3348675750295169,0.0,CORREGIDO_ANCLA_OBSERVADO
2026-10-09,BORJA,26.0,2026-10-08,2026-12-12,90,65,4.209656215502653,3.621490228392024,4.209656215502653,3.18,4.707335127673186,2.476132424970483,5.730832424970483,HIBRIDO_ANALOGO_CLIM,ANALOGO_ESTADO_V2_HIBRIDO_CLIMATOLOGIA,30,10,0.73693705886773,OK_ANALOGOS_CONTINUIDAD_CORREGIDA,0.3348675750295169,-0.3348675750295169,0.0,CORREGIDO_ANCLA_OBSERVADO
2026-10-09,BORJA,26.0,2026-10-08,2026-12-13,90,66,4.33049199923666,3.865479526943369,4.33049199923666,3.18,4.710956749294807,2.6081324249704836,6.3221324249704836,HIBRIDO_ANALOGO_CLIM,ANALOGO_ESTADO_V2_HIBRIDO_CLIMATOLOGIA,30,10,0.73693705886773,OK_ANALOGOS_CONTINUIDAD_CORREGIDA,0.3348675750295169,-0.3348675750295169,0.0,CORREGIDO_ANCLA_OBSERVADO
2026-10-09,BORJA,26.0,2026-10-08,2026-12-14,90,67,4.229825809579392,3.7230432498881556,4.229825809579392,3.18,4.630713506051565,2.4231324249704835,5.610132424970482,HIBRIDO_ANALOGO_CLIM,ANALOGO_ESTADO_V2_HIBRIDO_CLIMATOLOGIA,30,10,0.73693705886773,OK_ANALOGOS_CONTINUIDAD_CORREGIDA,0.3348675750295169,-0.3348675750295169,0.0,CORREGIDO_ANCLA_OBSERVADO
2026-10-09,BORJA,26.0,2026-10-08,2026-12-15,90,68,4.251782604270856,3.7946401152478493,4.251782604270856,3.18,4.6013621547002135,2.4971324249704834,5.734332424970482,HIBRIDO_ANALOGO_CLIM,ANALOGO_ESTADO_V2_HIBRIDO_CLIMATOLOGIA,30,10,0.73693705886773,OK_ANALOGOS_CONTINUIDAD_CORREGIDA,0.3348675750295169,-0.3348675750295169,0.0,CORREGIDO_ANCLA_OBSERVADO
2026-10-09,BORJA,26.0,2026-10-08,2026-12-16,90,69,4.411480231227895,4.01762328866042,4.411480231227895,3.18,4.702591884429943,2.834132424970483,5.978132424970482,HIBRIDO_ANALOGO_CLIM,ANALOGO_ESTADO_V2_HIBRIDO_CLIMATOLOGIA,30,10,0.73693705886773,OK_ANALOGOS_CONTINUIDAD_CORREGIDA,0.3348675750295169,-0.3348675750295169,0.0,CORREGIDO_ANCLA_OBSERVADO
2026-10-09,BORJA,26.0,2026-10-08,2026-12-17,90,70,4.518676698346098,4.283860302693583,4.518676698346098,3.18,4.686402695240753,2.8921324249704834,5.686532424970483,HIBRIDO_ANALOGO_CLIM,ANALOGO_ESTADO_V2_HIBRIDO_CLIMATOLOGIA,30,10,0.73693705886773,OK_ANALOGOS_CONTINUIDAD_CORREGIDA,0.3348675750295169,-0.3348675750295169,0.0,CORREGIDO_ANCLA_OBSERVADO
2026-10-09,BORJA,26.0,2026-10-08,2026-12-18,90,71,4.487590337519238,4.252168074014316,4.487590337519238,3.18,4.650064857402915,3.0181324249704833,5.282432424970484,HIBRIDO_ANALOGO_CLIM,ANALOGO_ESTADO_V2_HIBRIDO_CLIMATOLOGIA,30,10,0.73693705886773,OK_ANALOGOS_CONTINUIDAD_CORREGIDA,0.3348675750295169,-0.3348675750295169,0.0,CORREGIDO_ANCLA_OBSERVADO
2026-10-09,BORJA,26.0,2026-10-08,2026-12-19,90,72,4.579822248962083,4.220492120084618,4.579822248962083,3.18,4.819375668213727,3.1071324249704833,5.8687324249704815,HIBRIDO_ANALOGO_CLIM,ANALOGO_ESTADO_V2_HIBRIDO_CLIMATOLOGIA,30,10,0.73693705886773,OK_ANALOGOS_CONTINUIDAD_CORREGIDA,0.3348675750295169,-0.3348675750295169,0.0,CORREGIDO_ANCLA_OBSERVADO
2026-10-09,BORJA,26.0,2026-10-08,2026-12-20,90,73,4.564508035290952,4.048361412792728,4.564508035290952,3.18,4.896821614159672,3.084132424970483,5.406132424970483,HIBRIDO_ANALOGO_CLIM,ANALOGO_ESTADO_V2_HIBRIDO_CLIMATOLOGIA,30,10,0.73693705886773,OK_ANALOGOS_CONTINUIDAD_CORREGIDA,0.3348675750295169,-0.3348675750295169,0.0,CORREGIDO_ANCLA_OBSERVADO
2026-10-09,BORJA,26.0,2026-10-08,2026-12-21,90,74,4.5289125900621094,3.92073285564429,4.5289125900621094,3.18,4.90697026280832,2.8557324249704834,5.796432424970483,HIBRIDO_ANALOGO_CLIM,ANALOGO_ESTADO_V2_HIBRIDO_CLIMATOLOGIA,30,10,0.73693705886773,OK_ANALOGOS_CONTINUIDAD_CORREGIDA,0.3348675750295169,-0.3348675750295169,0.0,CORREGIDO_ANCLA_OBSERVADO
2026-10-09,BORJA,26.0,2026-10-08,2026-12-22,90,75,4.542572557725089,4.030468274478261,4.542572557725089,3.18,4.849835127673186,2.708932424970483,5.681432424970483,HIBRIDO_ANALOGO_CLIM,ANALOGO_ESTADO_V2_HIBRIDO_CLIMATOLOGIA,30,10,0.73693705886773,OK_ANALOGOS_CONTINUIDAD_CORREGIDA,0.3348675750295169,-0.3348675750295169,0.0,CORREGIDO_ANCLA_OBSERVADO
2026-10-09,BORJA,26.0,2026-10-08,2026-12-23,90,76,4.660106665927849,4.389673966647818,4.660106665927849,3.18,4.816672965511023,2.5777324249704834,5.913232424970483,HIBRIDO_ANALOGO_CLIM,ANALOGO_ESTADO_V2_HIBRIDO_CLIMATOLOGIA,30,10,0.73693705886773,OK_ANALOGOS_CONTINUIDAD_CORREGIDA,0.3348675750295169,-0.3348675750295169,0.0,CORREGIDO_ANCLA_OBSERVADO
2026-10-09,BORJA,26.0,2026-10-08,2026-12-24,90,77,4.656899664470481,4.263618310187326,4.656899664470481,3.18,4.876524316862374,2.560432424970483,5.319932424970483,HIBRIDO_ANALOGO_CLIM,ANALOGO_ESTADO_V2_HIBRIDO_CLIMATOLOGIA,30,10,0.73693705886773,OK_ANALOGOS_CONTINUIDAD_CORREGIDA,0.3348675750295169,-0.3348675750295169,0.0,CORREGIDO_ANCLA_OBSERVADO
2026-10-09,BORJA,26.0,2026-10-08,2026-12-25,90,78,4.5490790303643145,4.059246278219266,4.5490790303643145,3.18,4.8128351276731856,2.6517324249704832,5.249132424970483,HIBRIDO_ANALOGO_CLIM,ANALOGO_ESTADO_V2_HIBRIDO_CLIMATOLOGIA,30,10,0.73693705886773,OK_ANALOGOS_CONTINUIDAD_CORREGIDA,0.3348675750295169,-0.3348675750295169,0.0,CORREGIDO_ANCLA_OBSERVADO
2026-10-09,BORJA,26.0,2026-10-08,2026-12-26,90,79,4.534370217625307,3.9502179881790656,4.534370217625307,3.18,4.837537830375888,2.864132424970483,5.115632424970483,HIBRIDO_ANALOGO_CLIM,ANALOGO_ESTADO_V2_HIBRIDO_CLIMATOLOGIA,30,10,0.73693705886773,OK_ANALOGOS_CONTINUIDAD_CORREGIDA,0.3348675750295169,-0.3348675750295169,0.0,CORREGIDO_ANCLA_OBSERVADO
2026-10-09,BORJA,26.0,2026-10-08,2026-12-27,90,80,4.615810445274969,4.047085404802861,4.615810445274969,3.18,4.9001729655110235,2.858132424970483,5.310132424970483,HIBRIDO_ANALOGO_CLIM,ANALOGO_ESTADO_V2_HIBRIDO_CLIMATOLOGIA,30,10,0.73693705886773,OK_ANALOGOS_CONTINUIDAD_CORREGIDA,0.3348675750295169,-0.3348675750295169,0.0,CORREGIDO_ANCLA_OBSERVADO
2026-10-09,BORJA,26.0,2026-10-08,2026-12-28,90,81,4.685351829714666,4.136938493622024,4.685351829714666,3.18,4.949402695240753,2.8975324249704832,5.221432424970482,HIBRIDO_ANALOGO_CLIM,ANALOGO_ESTADO_V2_HIBRIDO_CLIMATOLOGIA,30,10,0.73693705886773,OK_ANALOGOS_CONTINUIDAD_CORREGIDA,0.3348675750295169,-0.3348675750295169,0.0,CORREGIDO_ANCLA_OBSERVADO
2026-10-09,BORJA,26.0,2026-10-08,2026-12-29,90,82,4.747678920167765,4.141031741240708,4.747678920167765,3.18,5.028808100646158,3.275732424970483,5.102732424970483,HIBRIDO_ANALOGO_CLIM,ANALOGO_ESTADO_V2_HIBRIDO_CLIMATOLOGIA,30,10,0.73693705886773,OK_ANALOGOS_CONTINUIDAD_CORREGIDA,0.3348675750295169,-0.3348675750295169,0.0,CORREGIDO_ANCLA_OBSERVADO
2026-10-09,BORJA,26.0,2026-10-08,2026-12-30,90,83,4.749569417320435,4.365712224849073,4.749569417320435,3.18,4.920686479024537,3.7339324249704835,5.097832424970482,HIBRIDO_ANALOGO_CLIM,ANALOGO_ESTADO_V2_HIBRIDO_CLIMATOLOGIA,30,10,0.73693705886773,OK_ANALOGOS_CONTINUIDAD_CORREGIDA,0.3348675750295169,-0.3348675750295169,0.0,CORREGIDO_ANCLA_OBSERVADO
2026-10-09,BORJA,26.0,2026-10-08,2026-12-31,90,84,4.734589584352291,4.523417550837772,4.734589584352291,3.18,4.825091884429943,3.632132424970483,5.658232424970482,HIBRIDO_ANALOGO_CLIM,ANALOGO_ESTADO_V2_HIBRIDO_CLIMATOLOGIA,30,10,0.73693705886773,OK_ANALOGOS_CONTINUIDAD_CORREGIDA,0.3348675750295169,-0.3348675750295169,0.0,CORREGIDO_ANCLA_OBSERVADO
2026-10-09,BORJA,26.0,2026-10-08,2027-01-01,90,85,4.7757501194686665,4.2685890625173695,4.7757501194686665,3.18,4.9845811429192,2.9851324249704834,5.518532424970482,HIBRIDO_ANALOGO_CLIM,ANALOGO_ESTADO_V2_HIBRIDO_CLIMATOLOGIA,30,10,0.73693705886773,OK_ANALOGOS_CONTINUIDAD_CORREGIDA,0.3348675750295169,-0.3348675750295169,0.0,CORREGIDO_ANCLA_OBSERVADO
2026-10-09,BORJA,26.0,2026-10-08,2027-01-02,90,86,4.670461122870007,3.9106205895027384,4.670461122870007,3.18,4.970863194201252,2.6751324249704833,5.036732424970484,HIBRIDO_ANALOGO_CLIM,ANALOGO_ESTADO_V2_HIBRIDO_CLIMATOLOGIA,30,10,0.73693705886773,OK_ANALOGOS_CONTINUIDAD_CORREGIDA,0.3348675750295169,-0.3348675750295169,0.0,CORREGIDO_ANCLA_OBSERVADO
2026-10-09,BORJA,26.0,2026-10-08,2027-01-03,90,87,4.593778751362674,3.676439579217146,4.593778751362674,3.18,4.941734989073048,2.697132424970483,4.722132424970484,HIBRIDO_ANALOGO_CLIM,ANALOGO_ESTADO_V2_HIBRIDO_CLIMATOLOGIA,30,10,0.73693705886773,OK_ANALOGOS_CONTINUIDAD_CORREGIDA,0.3348675750295169,-0.3348675750295169,0.0,CORREGIDO_ANCLA_OBSERVADO
2026-10-09,BORJA,26.0,2026-10-08,2027-01-04,90,88,4.6218881029220285,3.82565531985288,4.6218881029220285,3.18,4.911427296765355,2.491132424970483,5.211132424970483,HIBRIDO_ANALOGO_CLIM,ANALOGO_ESTADO_V2_HIBRIDO_CLIMATOLOGIA,30,10,0.73693705886773,OK_ANALOGOS_CONTINUIDAD_CORREGIDA,0.3348675750295169,-0.3348675750295169,0.0,CORREGIDO_ANCLA_OBSERVADO
2026-10-09,BORJA,26.0,2026-10-08,2027-01-05,90,89,4.604246918150116,3.824518965980141,4.604246918150116,3.18,4.875837553175611,2.233132424970483,5.440432424970483,HIBRIDO_ANALOGO_CLIM,ANALOGO_ESTADO_V2_HIBRIDO_CLIMATOLOGIA,30,10,0.73693705886773,OK_ANALOGOS_CONTINUIDAD_CORREGIDA,0.3348675750295169,-0.3348675750295169,0.0,CORREGIDO_ANCLA_OBSERVADO
2026-10-09,BORJA,26.0,2026-10-08,2027-01-06,90,90,4.559788248630417,3.9543326426871412,4.559788248630417,3.18,4.761606783944842,2.058132424970483,6.442132424970483,HIBRIDO_ANALOGO_CLIM,ANALOGO_ESTADO_V2_HIBRIDO_CLIMATOLOGIA,30,10,0.73693705886773,OK_ANALOGOS_CONTINUIDAD_CORREGIDA,0.3348675750295169,-0.3348675750295169,0.0,CORREGIDO_ANCLA_OBSERVADO
2026-10-09,CONTAMANA,2.0,2026-10-08,2026-10-09,30,1,5.9,4.829909561721598,5.9,5.9,9.11027131483521,4.67754054560444,5.01654054560444,HIBRIDO_ANALOGO_CLIM,ANALOGO_ESTADO_V2_HIBRIDO_CLIMATOLOGIA,30,10,2.086217457056443,OK_ANALOGOS_CONTINUIDAD_CORREGIDA,1.0789594543955605,-1.0789594543955605,0.0,CORREGIDO_ANCLA_OBSERVADO
2026-10-09,CONTAMANA,2.0,2026-10-08,2026-10-10,30,2,5.936297666026183,4.875716706166763,5.936297666026183,5.9,9.11804054560444,4.57754054560444,5.24754054560444,HIBRIDO_ANALOGO_CLIM,ANALOGO_ESTADO_V2_HIBRIDO_CLIMATOLOGIA,30,10,2.086217457056443,OK_ANALOGOS_CONTINUIDAD_CORREGIDA,1.0789594543955605,-1.0789594543955605,0.0,CORREGIDO_ANCLA_OBSERVADO
2026-10-09,CONTAMANA,2.0,2026-10-08,2026-10-11,30,3,5.96843456543732,4.918578725894434,5.96843456543732,5.9,9.118002084065978,4.449040545604439,5.51154054560444,HIBRIDO_ANALOGO_CLIM,ANALOGO_ESTADO_V2_HIBRIDO_CLIMATOLOGIA,30,10,2.086217457056443,OK_ANALOGOS_CONTINUIDAD_CORREGIDA,1.0789594543955605,-1.0789594543955605,0.0,CORREGIDO_ANCLA_OBSERVADO
2026-10-09,CONTAMANA,2.0,2026-10-08,2026-10-12,30,4,5.977164675802771,4.922571437150934,5.977164675802771,5.9,9.140944391758284,4.33804054560444,5.629040545604439,HIBRIDO_ANALOGO_CLIM,ANALOGO_ESTADO_V2_HIBRIDO_CLIMATOLOGIA,30,10,2.086217457056443,OK_ANALOGOS_CONTINUIDAD_CORREGIDA,1.0789594543955605,-1.0789594543955605,0.0,CORREGIDO_ANCLA_OBSERVADO
2026-10-09,CONTAMANA,2.0,2026-10-08,2026-10-13,30,5,5.932834992490995,4.856202372222411,5.932834992490995,5.9,9.162732853296747,4.33234054560444,5.53754054560444,HIBRIDO_ANALOGO_CLIM,ANALOGO_ESTADO_V2_HIBRIDO_CLIMATOLOGIA,30,10,2.086217457056443,OK_ANALOGOS_CONTINUIDAD_CORREGIDA,1.0789594543955605,-1.0789594543955605,0.0,CORREGIDO_ANCLA_OBSERVADO
2026-10-09,CONTAMANA,2.0,2026-10-08,2026-10-14,30,6,5.878545994156621,4.778573451366323,5.878545994156621,5.9,9.178463622527516,4.32404054560444,5.35104054560444,HIBRIDO_ANALOGO_CLIM,ANALOGO_ESTADO_V2_HIBRIDO_CLIMATOLOGIA,30,10,2.086217457056443,OK_ANALOGOS_CONTINUIDAD_CORREGIDA,1.0789594543955605,-1.0789594543955605,0.0,CORREGIDO_ANCLA_OBSERVADO
2026-10-09,CONTAMANA,2.0,2026-10-08,2026-10-15,30,7,5.782240883751635,4.649147406723778,5.782240883751635,5.9,9.181521314835209,4.2914405456044395,5.24804054560444,HIBRIDO_ANALOGO_CLIM,ANALOGO_ESTADO_V2_HIBRIDO_CLIMATOLOGIA,30,10,2.086217457056443,OK_ANALOGOS_CONTINUIDAD_CORREGIDA,1.0789594543955605,-1.0789594543955605,0.0,CORREGIDO_ANCLA_OBSERVADO
2026-10-09,CONTAMANA,2.0,2026-10-08,2026-10-16,30,8,5.690218174392404,4.521520973731983,5.690218174392404,5.9,9.196309776373669,4.15264054560444,5.1340405456044405,HIBRIDO_ANALOGO_CLIM,ANALOGO_ESTADO_V2_HIBRIDO_CLIMATOLOGIA,30,10,2.086217457056443,OK_ANALOGOS_CONTINUIDAD_CORREGIDA,1.0789594543955605,-1.0789594543955605,0.0,CORREGIDO_ANCLA_OBSERVADO
2026-10-09,CONTAMANA,2.0,2026-10-08,2026-10-17,30,9,5.677177917723793,4.493031400737936,5.677177917723793,5.9,9.229617468681363,4.063640545604439,4.89804054560444,HIBRIDO_ANALOGO_CLIM,ANALOGO_ESTADO_V2_HIBRIDO_CLIMATOLOGIA,30,10,2.086217457056443,OK_ANALOGOS_CONTINUIDAD_CORREGIDA,1.0789594543955605,-1.0789594543955605,0.0,CORREGIDO_ANCLA_OBSERVADO
2026-10-09,CONTAMANA,2.0,2026-10-08,2026-10-18,30,10,5.690329666478224,4.504964501641281,5.690329666478224,5.9,9.246425160989054,3.9046405456044395,4.8840405456044405,HIBRIDO_ANALOGO_CLIM,ANALOGO_ESTADO_V2_HIBRIDO_CLIMATOLOGIA,30,10,2.086217457056443,OK_ANALOGOS_CONTINUIDAD_CORREGIDA,1.0789594543955605,-1.0789594543955605,0.0,CORREGIDO_ANCLA_OBSERVADO
2026-10-09,CONTAMANA,2.0,2026-10-08,2026-10-19,30,11,5.709536488245703,4.529573597331253,5.709536488245703,5.9,9.249425160989055,3.7136405456044397,5.02374054560444,HIBRIDO_ANALOGO_CLIM,ANALOGO_ESTADO_V2_HIBRIDO_CLIMATOLOGIA,30,10,2.086217457056443,OK_ANALOGOS_CONTINUIDAD_CORREGIDA,1.0789594543955605,-1.0789594543955605,0.0,CORREGIDO_ANCLA_OBSERVADO
2026-10-09,CONTAMANA,2.0,2026-10-08,2026-10-20,30,12,5.7052690465828295,4.521082393062806,5.7052690465828295,5.9,9.257829007142902,3.5910405456044394,5.07834054560444,HIBRIDO_ANALOGO_CLIM,ANALOGO_ESTADO_V2_HIBRIDO_CLIMATOLOGIA,30,10,2.086217457056443,OK_ANALOGOS_CONTINUIDAD_CORREGIDA,1.0789594543955605,-1.0789594543955605,0.0,CORREGIDO_ANCLA_OBSERVADO
2026-10-09,CONTAMANA,2.0,2026-10-08,2026-10-21,30,13,5.7076462041270695,4.519001936455125,5.7076462041270695,5.9,9.273579007142901,3.550740545604439,5.227540545604439,HIBRIDO_ANALOGO_CLIM,ANALOGO_ESTADO_V2_HIBRIDO_CLIMATOLOGIA,30,10,2.086217457056443,OK_ANALOGOS_CONTINUIDAD_CORREGIDA,1.0789594543955605,-1.0789594543955605,0.0,CORREGIDO_ANCLA_OBSERVADO
2026-10-09,CONTAMANA,2.0,2026-10-08,2026-10-22,30,14,5.7469043746705175,4.561269240769467,5.7469043746705175,5.9,9.30380977637367,3.55084054560444,5.512340545604439,HIBRIDO_ANALOGO_CLIM,ANALOGO_ESTADO_V2_HIBRIDO_CLIMATOLOGIA,30,10,2.086217457056443,OK_ANALOGOS_CONTINUIDAD_CORREGIDA,1.0789594543955605,-1.0789594543955605,0.0,CORREGIDO_ANCLA_OBSERVADO
2026-10-09,CONTAMANA,2.0,2026-10-08,2026-10-23,30,15,5.76420698772343,4.580134263301555,5.76420698772343,5.9,9.316425160989054,3.58324054560444,5.627040545604439,HIBRIDO_ANALOGO_CLIM,ANALOGO_ESTADO_V2_HIBRIDO_CLIMATOLOGIA,30,10,2.086217457056443,OK_ANALOGOS_CONTINUIDAD_CORREGIDA,1.0789594543955605,-1.0789594543955605,0.0,CORREGIDO_ANCLA_OBSERVADO
2026-10-09,CONTAMANA,2.0,2026-10-08,2026-10-24,30,16,5.939723349588064,4.807361207326195,5.939723349588064,5.9,9.33680977637367,3.57524054560444,6.80104054560444,HIBRIDO_ANALOGO_CLIM,ANALOGO_ESTADO_V2_HIBRIDO_CLIMATOLOGIA,30,10,2.086217457056443,OK_ANALOGOS_CONTINUIDAD_CORREGIDA,1.0789594543955605,-1.0789594543955605,0.0,CORREGIDO_ANCLA_OBSERVADO
2026-10-09,CONTAMANA,2.0,2026-10-08,2026-10-25,30,17,6.049640663751708,4.9491612159546445,6.049640663751708,5.9,9.3510790071429,3.5947405456044397,7.363040545604441,HIBRIDO_ANALOGO_CLIM,ANALOGO_ESTADO_V2_HIBRIDO_CLIMATOLOGIA,30,10,2.086217457056443,OK_ANALOGOS_CONTINUIDAD_CORREGIDA,1.0789594543955605,-1.0789594543955605,0.0,CORREGIDO_ANCLA_OBSERVADO
2026-10-09,CONTAMANA,2.0,2026-10-08,2026-10-26,30,18,6.048436897049644,4.944504911633942,6.048436897049644,5.9,9.360232853296747,3.63874054560444,7.222040545604438,HIBRIDO_ANALOGO_CLIM,ANALOGO_ESTADO_V2_HIBRIDO_CLIMATOLOGIA,30,10,2.086217457056443,OK_ANALOGOS_CONTINUIDAD_CORREGIDA,1.0789594543955605,-1.0789594543955605,0.0,CORREGIDO_ANCLA_OBSERVADO
2026-10-09,CONTAMANA,2.0,2026-10-08,2026-10-27,30,19,6.070034065633504,4.970031905643192,6.070034065633504,5.9,9.37004054560444,3.7050405456044393,7.24304054560444,HIBRIDO_ANALOGO_CLIM,ANALOGO_ESTADO_V2_HIBRIDO_CLIMATOLOGIA,30,10,2.086217457056443,OK_ANALOGOS_CONTINUIDAD_CORREGIDA,1.0789594543955605,-1.0789594543955605,0.0,CORREGIDO_ANCLA_OBSERVADO
2026-10-09,CONTAMANA,2.0,2026-10-08,2026-10-28,30,20,6.096452001160988,5.003358383782401,6.096452001160988,5.9,9.375732853296748,3.73644054560444,7.42904054560444,HIBRIDO_ANALOGO_CLIM,ANALOGO_ESTADO_V2_HIBRIDO_CLIMATOLOGIA,30,10,2.086217457056443,OK_ANALOGOS_CONTINUIDAD_CORREGIDA,1.0789594543955605,-1.0789594543955605,0.0,CORREGIDO_ANCLA_OBSERVADO
2026-10-09,CONTAMANA,2.0,2026-10-08,2026-10-29,30,21,6.098930588466104,5.0064195771123,6.098930588466104,5.9,9.376463622527517,3.80724054560444,7.63504054560444,HIBRIDO_ANALOGO_CLIM,ANALOGO_ESTADO_V2_HIBRIDO_CLIMATOLOGIA,30,10,2.086217457056443,OK_ANALOGOS_CONTINUIDAD_CORREGIDA,1.0789594543955605,-1.0789594543955605,0.0,CORREGIDO_ANCLA_OBSERVADO
2026-10-09,CONTAMANA,2.0,2026-10-08,2026-10-30,30,22,6.083448514611037,4.98276399145939,6.083448514611037,5.9,9.385502084065978,3.8402405456044404,7.712040545604442,HIBRIDO_ANALOGO_CLIM,ANALOGO_ESTADO_V2_HIBRIDO_CLIMATOLOGIA,30,10,2.086217457056443,OK_ANALOGOS_CONTINUIDAD_CORREGIDA,1.0789594543955605,-1.0789594543955605,0.0,CORREGIDO_ANCLA_OBSERVADO
2026-10-09,CONTAMANA,2.0,2026-10-08,2026-10-31,30,23,6.06734215364598,4.953314484531623,6.06734215364598,5.9,9.409425160989054,3.8985405456044395,7.688040545604439,HIBRIDO_ANALOGO_CLIM,ANALOGO_ESTADO_V2_HIBRIDO_CLIMATOLOGIA,30,10,2.086217457056443,OK_ANALOGOS_CONTINUIDAD_CORREGIDA,1.0789594543955605,-1.0789594543955605,0.0,CORREGIDO_ANCLA_OBSERVADO
2026-10-09,CONTAMANA,2.0,2026-10-08,2026-11-01,30,24,5.908160599433503,4.733674976350884,5.908160599433503,5.9,9.431617468681361,3.7617405456044395,7.59304054560444,HIBRIDO_ANALOGO_CLIM,ANALOGO_ESTADO_V2_HIBRIDO_CLIMATOLOGIA,30,10,2.086217457056443,OK_ANALOGOS_CONTINUIDAD_CORREGIDA,1.0789594543955605,-1.0789594543955605,0.0,CORREGIDO_ANCLA_OBSERVADO
2026-10-09,CONTAMANA,2.0,2026-10-08,2026-11-02,30,25,5.908228049572449,4.704572602177169,5.908228049572449,5.9,9.519194391758287,3.57134054560444,7.5090405456044405,HIBRIDO_ANALOGO_CLIM,ANALOGO_ESTADO_V2_HIBRIDO_CLIMATOLOGIA,30,10,2.086217457056443,OK_ANALOGOS_CONTINUIDAD_CORREGIDA,1.0789594543955605,-1.0789594543955605,0.0,CORREGIDO_ANCLA_OBSERVADO
2026-10-09,CONTAMANA,2.0,2026-10-08,2026-11-03,30,26,5.8829182730908745,4.65832623353507,5.8829182730908745,5.9,9.556694391758285,3.25234054560444,7.460040545604439,HIBRIDO_ANALOGO_CLIM,ANALOGO_ESTADO_V2_HIBRIDO_CLIMATOLOGIA,30,10,2.086217457056443,OK_ANALOGOS_CONTINUIDAD_CORREGIDA,1.0789594543955605,-1.0789594543955605,0.0,CORREGIDO_ANCLA_OBSERVADO
2026-10-09,CONTAMANA,2.0,2026-10-08,2026-11-04,30,27,5.822320117194144,4.568310743621481,5.822320117194144,5.9,9.584348237912131,2.91634054560444,7.3440405456044395,HIBRIDO_ANALOGO_CLIM,ANALOGO_ESTADO_V2_HIBRIDO_CLIMATOLOGIA,30,10,2.086217457056443,OK_ANALOGOS_CONTINUIDAD_CORREGIDA,1.0789594543955605,-1.0789594543955605,0.0,CORREGIDO_ANCLA_OBSERVADO
2026-10-09,CONTAMANA,2.0,2026-10-08,2026-11-05,30,28,5.800651026255231,4.535328878779854,5.800651026255231,5.9,9.596617468681362,2.73634054560444,7.2800405456044395,HIBRIDO_ANALOGO_CLIM,ANALOGO_ESTADO_V2_HIBRIDO_CLIMATOLOGIA,30,10,2.086217457056443,OK_ANALOGOS_CONTINUIDAD_CORREGIDA,1.0789594543955605,-1.0789594543955605,0.0,CORREGIDO_ANCLA_OBSERVADO
2026-10-09,CONTAMANA,2.0,2026-10-08,2026-11-06,30,29,5.806278592881652,4.540845121461236,5.806278592881652,5.9,9.602579007142902,2.78084054560444,7.104040545604439,HIBRIDO_ANALOGO_CLIM,ANALOGO_ESTADO_V2_HIBRIDO_CLIMATOLOGIA,30,10,2.086217457056443,OK_ANALOGOS_CONTINUIDAD_CORREGIDA,1.0789594543955605,-1.0789594543955605,0.0,CORREGIDO_ANCLA_OBSERVADO
2026-10-09,CONTAMANA,2.0,2026-10-08,2026-11-07,30,30,5.808333643453166,4.543200573505304,5.808333643453166,5.9,9.603732853296748,2.64934054560444,6.849040545604439,HIBRIDO_ANALOGO_CLIM,ANALOGO_ESTADO_V2_HIBRIDO_CLIMATOLOGIA,30,10,2.086217457056443,OK_ANALOGOS_CONTINUIDAD_CORREGIDA,1.0789594543955605,-1.0789594543955605,0.0,CORREGIDO_ANCLA_OBSERVADO
2026-10-09,CONTAMANA,2.0,2026-10-08,2026-10-09,60,1,5.9,4.829909561721598,5.9,5.9,9.11027131483521,4.67754054560444,5.01654054560444,HIBRIDO_ANALOGO_CLIM,ANALOGO_ESTADO_V2_HIBRIDO_CLIMATOLOGIA,30,10,2.086217457056443,OK_ANALOGOS_CONTINUIDAD_CORREGIDA,1.0789594543955605,-1.0789594543955605,0.0,CORREGIDO_ANCLA_OBSERVADO
2026-10-09,CONTAMANA,2.0,2026-10-08,2026-10-10,60,2,5.936297666026183,4.875716706166763,5.936297666026183,5.9,9.11804054560444,4.57754054560444,5.24754054560444,HIBRIDO_ANALOGO_CLIM,ANALOGO_ESTADO_V2_HIBRIDO_CLIMATOLOGIA,30,10,2.086217457056443,OK_ANALOGOS_CONTINUIDAD_CORREGIDA,1.0789594543955605,-1.0789594543955605,0.0,CORREGIDO_ANCLA_OBSERVADO
2026-10-09,CONTAMANA,2.0,2026-10-08,2026-10-11,60,3,5.96843456543732,4.918578725894434,5.96843456543732,5.9,9.118002084065978,4.449040545604439,5.51154054560444,HIBRIDO_ANALOGO_CLIM,ANALOGO_ESTADO_V2_HIBRIDO_CLIMATOLOGIA,30,10,2.086217457056443,OK_ANALOGOS_CONTINUIDAD_CORREGIDA,1.0789594543955605,-1.0789594543955605,0.0,CORREGIDO_ANCLA_OBSERVADO
2026-10-09,CONTAMANA,2.0,2026-10-08,2026-10-12,60,4,5.977164675802771,4.922571437150934,5.977164675802771,5.9,9.140944391758284,4.33804054560444,5.629040545604439,HIBRIDO_ANALOGO_CLIM,ANALOGO_ESTADO_V2_HIBRIDO_CLIMATOLOGIA,30,10,2.086217457056443,OK_ANALOGOS_CONTINUIDAD_CORREGIDA,1.0789594543955605,-1.0789594543955605,0.0,CORREGIDO_ANCLA_OBSERVADO
2026-10-09,CONTAMANA,2.0,2026-10-08,2026-10-13,60,5,5.932834992490995,4.856202372222411,5.932834992490995,5.9,9.162732853296747,4.33234054560444,5.53754054560444,HIBRIDO_ANALOGO_CLIM,ANALOGO_ESTADO_V2_HIBRIDO_CLIMATOLOGIA,30,10,2.086217457056443,OK_ANALOGOS_CONTINUIDAD_CORREGIDA,1.0789594543955605,-1.0789594543955605,0.0,CORREGIDO_ANCLA_OBSERVADO
2026-10-09,CONTAMANA,2.0,2026-10-08,2026-10-14,60,6,5.878545994156621,4.778573451366323,5.878545994156621,5.9,9.178463622527516,4.32404054560444,5.35104054560444,HIBRIDO_ANALOGO_CLIM,ANALOGO_ESTADO_V2_HIBRIDO_CLIMATOLOGIA,30,10,2.086217457056443,OK_ANALOGOS_CONTINUIDAD_CORREGIDA,1.0789594543955605,-1.0789594543955605,0.0,CORREGIDO_ANCLA_OBSERVADO
2026-10-09,CONTAMANA,2.0,2026-10-08,2026-10-15,60,7,5.782240883751635,4.649147406723778,5.782240883751635,5.9,9.181521314835209,4.2914405456044395,5.24804054560444,HIBRIDO_ANALOGO_CLIM,ANALOGO_ESTADO_V2_HIBRIDO_CLIMATOLOGIA,30,10,2.086217457056443,OK_ANALOGOS_CONTINUIDAD_CORREGIDA,1.0789594543955605,-1.0789594543955605,0.0,CORREGIDO_ANCLA_OBSERVADO
2026-10-09,CONTAMANA,2.0,2026-10-08,2026-10-16,60,8,5.690218174392404,4.521520973731983,5.690218174392404,5.9,9.196309776373669,4.15264054560444,5.1340405456044405,HIBRIDO_ANALOGO_CLIM,ANALOGO_ESTADO_V2_HIBRIDO_CLIMATOLOGIA,30,10,2.086217457056443,OK_ANALOGOS_CONTINUIDAD_CORREGIDA,1.0789594543955605,-1.0789594543955605,0.0,CORREGIDO_ANCLA_OBSERVADO
2026-10-09,CONTAMANA,2.0,2026-10-08,2026-10-17,60,9,5.677177917723793,4.493031400737936,5.677177917723793,5.9,9.229617468681363,4.063640545604439,4.89804054560444,HIBRIDO_ANALOGO_CLIM,ANALOGO_ESTADO_V2_HIBRIDO_CLIMATOLOGIA,30,10,2.086217457056443,OK_ANALOGOS_CONTINUIDAD_CORREGIDA,1.0789594543955605,-1.0789594543955605,0.0,CORREGIDO_ANCLA_OBSERVADO
2026-10-09,CONTAMANA,2.0,2026-10-08,2026-10-18,60,10,5.690329666478224,4.504964501641281,5.690329666478224,5.9,9.246425160989054,3.9046405456044395,4.8840405456044405,HIBRIDO_ANALOGO_CLIM,ANALOGO_ESTADO_V2_HIBRIDO_CLIMATOLOGIA,30,10,2.086217457056443,OK_ANALOGOS_CONTINUIDAD_CORREGIDA,1.0789594543955605,-1.0789594543955605,0.0,CORREGIDO_ANCLA_OBSERVADO
2026-10-09,CONTAMANA,2.0,2026-10-08,2026-10-19,60,11,5.709536488245703,4.529573597331253,5.709536488245703,5.9,9.249425160989055,3.7136405456044397,5.02374054560444,HIBRIDO_ANALOGO_CLIM,ANALOGO_ESTADO_V2_HIBRIDO_CLIMATOLOGIA,30,10,2.086217457056443,OK_ANALOGOS_CONTINUIDAD_CORREGIDA,1.0789594543955605,-1.0789594543955605,0.0,CORREGIDO_ANCLA_OBSERVADO
2026-10-09,CONTAMANA,2.0,2026-10-08,2026-10-20,60,12,5.7052690465828295,4.521082393062806,5.7052690465828295,5.9,9.257829007142902,3.5910405456044394,5.07834054560444,HIBRIDO_ANALOGO_CLIM,ANALOGO_ESTADO_V2_HIBRIDO_CLIMATOLOGIA,30,10,2.086217457056443,OK_ANALOGOS_CONTINUIDAD_CORREGIDA,1.0789594543955605,-1.0789594543955605,0.0,CORREGIDO_ANCLA_OBSERVADO
2026-10-09,CONTAMANA,2.0,2026-10-08,2026-10-21,60,13,5.7076462041270695,4.519001936455125,5.7076462041270695,5.9,9.273579007142901,3.550740545604439,5.227540545604439,HIBRIDO_ANALOGO_CLIM,ANALOGO_ESTADO_V2_HIBRIDO_CLIMATOLOGIA,30,10,2.086217457056443,OK_ANALOGOS_CONTINUIDAD_CORREGIDA,1.0789594543955605,-1.0789594543955605,0.0,CORREGIDO_ANCLA_OBSERVADO
2026-10-09,CONTAMANA,2.0,2026-10-08,2026-10-22,60,14,5.7469043746705175,4.561269240769467,5.7469043746705175,5.9,9.30380977637367,3.55084054560444,5.512340545604439,HIBRIDO_ANALOGO_CLIM,ANALOGO_ESTADO_V2_HIBRIDO_CLIMATOLOGIA,30,10,2.086217457056443,OK_ANALOGOS_CONTINUIDAD_CORREGIDA,1.0789594543955605,-1.0789594543955605,0.0,CORREGIDO_ANCLA_OBSERVADO
2026-10-09,CONTAMANA,2.0,2026-10-08,2026-10-23,60,15,5.76420698772343,4.580134263301555,5.76420698772343,5.9,9.316425160989054,3.58324054560444,5.627040545604439,HIBRIDO_ANALOGO_CLIM,ANALOGO_ESTADO_V2_HIBRIDO_CLIMATOLOGIA,30,10,2.086217457056443,OK_ANALOGOS_CONTINUIDAD_CORREGIDA,1.0789594543955605,-1.0789594543955605,0.0,CORREGIDO_ANCLA_OBSERVADO
2026-10-09,CONTAMANA,2.0,2026-10-08,2026-10-24,60,16,5.939723349588064,4.807361207326195,5.939723349588064,5.9,9.33680977637367,3.57524054560444,6.80104054560444,HIBRIDO_ANALOGO_CLIM,ANALOGO_ESTADO_V2_HIBRIDO_CLIMATOLOGIA,30,10,2.086217457056443,OK_ANALOGOS_CONTINUIDAD_CORREGIDA,1.0789594543955605,-1.0789594543955605,0.0,CORREGIDO_ANCLA_OBSERVADO
2026-10-09,CONTAMANA,2.0,2026-10-08,2026-10-25,60,17,6.049640663751708,4.9491612159546445,6.049640663751708,5.9,9.3510790071429,3.5947405456044397,7.363040545604441,HIBRIDO_ANALOGO_CLIM,ANALOGO_ESTADO_V2_HIBRIDO_CLIMATOLOGIA,30,10,2.086217457056443,OK_ANALOGOS_CONTINUIDAD_CORREGIDA,1.0789594543955605,-1.0789594543955605,0.0,CORREGIDO_ANCLA_OBSERVADO
2026-10-09,CONTAMANA,2.0,2026-10-08,2026-10-26,60,18,6.048436897049644,4.944504911633942,6.048436897049644,5.9,9.360232853296747,3.63874054560444,7.222040545604438,HIBRIDO_ANALOGO_CLIM,ANALOGO_ESTADO_V2_HIBRIDO_CLIMATOLOGIA,30,10,2.086217457056443,OK_ANALOGOS_CONTINUIDAD_CORREGIDA,1.0789594543955605,-1.0789594543955605,0.0,CORREGIDO_ANCLA_OBSERVADO
2026-10-09,CONTAMANA,2.0,2026-10-08,2026-10-27,60,19,6.070034065633504,4.970031905643192,6.070034065633504,5.9,9.37004054560444,3.7050405456044393,7.24304054560444,HIBRIDO_ANALOGO_CLIM,ANALOGO_ESTADO_V2_HIBRIDO_CLIMATOLOGIA,30,10,2.086217457056443,OK_ANALOGOS_CONTINUIDAD_CORREGIDA,1.0789594543955605,-1.0789594543955605,0.0,CORREGIDO_ANCLA_OBSERVADO
2026-10-09,CONTAMANA,2.0,2026-10-08,2026-10-28,60,20,6.096452001160988,5.003358383782401,6.096452001160988,5.9,9.375732853296748,3.73644054560444,7.42904054560444,HIBRIDO_ANALOGO_CLIM,ANALOGO_ESTADO_V2_HIBRIDO_CLIMATOLOGIA,30,10,2.086217457056443,OK_ANALOGOS_CONTINUIDAD_CORREGIDA,1.0789594543955605,-1.0789594543955605,0.0,CORREGIDO_ANCLA_OBSERVADO
2026-10-09,CONTAMANA,2.0,2026-10-08,2026-10-29,60,21,6.098930588466104,5.0064195771123,6.098930588466104,5.9,9.376463622527517,3.80724054560444,7.63504054560444,HIBRIDO_ANALOGO_CLIM,ANALOGO_ESTADO_V2_HIBRIDO_CLIMATOLOGIA,30,10,2.086217457056443,OK_ANALOGOS_CONTINUIDAD_CORREGIDA,1.0789594543955605,-1.0789594543955605,0.0,CORREGIDO_ANCLA_OBSERVADO
2026-10-09,CONTAMANA,2.0,2026-10-08,2026-10-30,60,22,6.083448514611037,4.98276399145939,6.083448514611037,5.9,9.385502084065978,3.8402405456044404,7.712040545604442,HIBRIDO_ANALOGO_CLIM,ANALOGO_ESTADO_V2_HIBRIDO_CLIMATOLOGIA,30,10,2.086217457056443,OK_ANALOGOS_CONTINUIDAD_CORREGIDA,1.0789594543955605,-1.0789594543955605,0.0,CORREGIDO_ANCLA_OBSERVADO
2026-10-09,CONTAMANA,2.0,2026-10-08,2026-10-31,60,23,6.06734215364598,4.953314484531623,6.06734215364598,5.9,9.409425160989054,3.8985405456044395,7.688040545604439,HIBRIDO_ANALOGO_CLIM,ANALOGO_ESTADO_V2_HIBRIDO_CLIMATOLOGIA,30,10,2.086217457056443,OK_ANALOGOS_CONTINUIDAD_CORREGIDA,1.0789594543955605,-1.0789594543955605,0.0,CORREGIDO_ANCLA_OBSERVADO
2026-10-09,CONTAMANA,2.0,2026-10-08,2026-11-01,60,24,5.908160599433503,4.733674976350884,5.908160599433503,5.9,9.431617468681361,3.7617405456044395,7.59304054560444,HIBRIDO_ANALOGO_CLIM,ANALOGO_ESTADO_V2_HIBRIDO_CLIMATOLOGIA,30,10,2.086217457056443,OK_ANALOGOS_CONTINUIDAD_CORREGIDA,1.0789594543955605,-1.0789594543955605,0.0,CORREGIDO_ANCLA_OBSERVADO
2026-10-09,CONTAMANA,2.0,2026-10-08,2026-11-02,60,25,5.908228049572449,4.704572602177169,5.908228049572449,5.9,9.519194391758287,3.57134054560444,7.5090405456044405,HIBRIDO_ANALOGO_CLIM,ANALOGO_ESTADO_V2_HIBRIDO_CLIMATOLOGIA,30,10,2.086217457056443,OK_ANALOGOS_CONTINUIDAD_CORREGIDA,1.0789594543955605,-1.0789594543955605,0.0,CORREGIDO_ANCLA_OBSERVADO
2026-10-09,CONTAMANA,2.0,2026-10-08,2026-11-03,60,26,5.8829182730908745,4.65832623353507,5.8829182730908745,5.9,9.556694391758285,3.25234054560444,7.460040545604439,HIBRIDO_ANALOGO_CLIM,ANALOGO_ESTADO_V2_HIBRIDO_CLIMATOLOGIA,30,10,2.086217457056443,OK_ANALOGOS_CONTINUIDAD_CORREGIDA,1.0789594543955605,-1.0789594543955605,0.0,CORREGIDO_ANCLA_OBSERVADO
2026-10-09,CONTAMANA,2.0,2026-10-08,2026-11-04,60,27,5.822320117194144,4.568310743621481,5.822320117194144,5.9,9.584348237912131,2.91634054560444,7.3440405456044395,HIBRIDO_ANALOGO_CLIM,ANALOGO_ESTADO_V2_HIBRIDO_CLIMATOLOGIA,30,10,2.086217457056443,OK_ANALOGOS_CONTINUIDAD_CORREGIDA,1.0789594543955605,-1.0789594543955605,0.0,CORREGIDO_ANCLA_OBSERVADO
2026-10-09,CONTAMANA,2.0,2026-10-08,2026-11-05,60,28,5.800651026255231,4.535328878779854,5.800651026255231,5.9,9.596617468681362,2.73634054560444,7.2800405456044395,HIBRIDO_ANALOGO_CLIM,ANALOGO_ESTADO_V2_HIBRIDO_CLIMATOLOGIA,30,10,2.086217457056443,OK_ANALOGOS_CONTINUIDAD_CORREGIDA,1.0789594543955605,-1.0789594543955605,0.0,CORREGIDO_ANCLA_OBSERVADO
2026-10-09,CONTAMANA,2.0,2026-10-08,2026-11-06,60,29,5.806278592881652,4.540845121461236,5.806278592881652,5.9,9.602579007142902,2.78084054560444,7.104040545604439,HIBRIDO_ANALOGO_CLIM,ANALOGO_ESTADO_V2_HIBRIDO_CLIMATOLOGIA,30,10,2.086217457056443,OK_ANALOGOS_CONTINUIDAD_CORREGIDA,1.0789594543955605,-1.0789594543955605,0.0,CORREGIDO_ANCLA_OBSERVADO
2026-10-09,CONTAMANA,2.0,2026-10-08,2026-11-07,60,30,5.808333643453166,4.543200573505304,5.808333643453166,5.9,9.603732853296748,2.64934054560444,6.849040545604439,HIBRIDO_ANALOGO_CLIM,ANALOGO_ESTADO_V2_HIBRIDO_CLIMATOLOGIA,30,10,2.086217457056443,OK_ANALOGOS_CONTINUIDAD_CORREGIDA,1.0789594543955605,-1.0789594543955605,0.0,CORREGIDO_ANCLA_OBSERVADO
2026-10-09,CONTAMANA,2.0,2026-10-08,2026-11-08,60,31,5.847458291266657,4.541102501726356,5.847458291266657,5.9,9.597963622527518,2.5703405456044393,6.60004054560444,HIBRIDO_ANALOGO_CLIM,ANALOGO_ESTADO_V2_HIBRIDO_CLIMATOLOGIA,30,10,2.086217457056443,OK_ANALOGOS_CONTINUIDAD_CORREGIDA,1.0789594543955605,-1.0789594543955605,0.0,CORREGIDO_ANCLA_OBSERVADO
2026-10-09,CONTAMANA,2.0,2026-10-08,2026-11-09,60,32,5.884525162960609,4.538526562278937,5.884525162960609,5.9,9.586021314835207,2.5886405456044397,6.44534054560444,HIBRIDO_ANALOGO_CLIM,ANALOGO_ESTADO_V2_HIBRIDO_CLIMATOLOGIA,30,10,2.086217457056443,OK_ANALOGOS_CONTINUIDAD_CORREGIDA,1.0789594543955605,-1.0789594543955605,0.0,CORREGIDO_ANCLA_OBSERVADO
2026-10-09,CONTAMANA,2.0,2026-10-08,2026-11-10,60,33,5.889932965083753,4.496714439846463,5.889932965083753,5.9,9.562963622527516,2.30734054560444,6.34054054560444,HIBRIDO_ANALOGO_CLIM,ANALOGO_ESTADO_V2_HIBRIDO_CLIMATOLOGIA,30,10,2.086217457056443,OK_ANALOGOS_CONTINUIDAD_CORREGIDA,1.0789594543955605,-1.0789594543955605,0.0,CORREGIDO_ANCLA_OBSERVADO
2026-10-09,CONTAMANA,2.0,2026-10-08,2026-11-11,60,34,5.933115174218633,4.507410331506176,5.933115174218633,5.9,9.53930977637367,2.1790405456044395,6.186040545604439,HIBRIDO_ANALOGO_CLIM,ANALOGO_ESTADO_V2_HIBRIDO_CLIMATOLOGIA,30,10,2.086217457056443,OK_ANALOGOS_CONTINUIDAD_CORREGIDA,1.0789594543955605,-1.0789594543955605,0.0,CORREGIDO_ANCLA_OBSERVADO
2026-10-09,CONTAMANA,2.0,2026-10-08,2026-11-12,60,35,6.023578121235941,4.585584543781039,6.023578121235941,5.9,9.515848237912131,2.2037405456044397,6.41704054560444,HIBRIDO_ANALOGO_CLIM,ANALOGO_ESTADO_V2_HIBRIDO_CLIMATOLOGIA,30,10,2.086217457056443,OK_ANALOGOS_CONTINUIDAD_CORREGIDA,1.0789594543955605,-1.0789594543955605,0.0,CORREGIDO_ANCLA_OBSERVADO
2026-10-09,CONTAMANA,2.0,2026-10-08,2026-11-13,60,36,6.134588864309296,4.692186495402586,6.134588864309296,5.9,9.500194391758285,2.1424405456044395,6.874040545604439,HIBRIDO_ANALOGO_CLIM,ANALOGO_ESTADO_V2_HIBRIDO_CLIMATOLOGIA,30,10,2.086217457056443,OK_ANALOGOS_CONTINUIDAD_CORREGIDA,1.0789594543955605,-1.0789594543955605,0.0,CORREGIDO_ANCLA_OBSERVADO
2026-10-09,CONTAMANA,2.0,2026-10-08,2026-11-14,60,37,6.2247570346405015,4.768840103432295,6.2247570346405015,5.9,9.490732853296748,2.0797405456044395,7.124040545604439,HIBRIDO_ANALOGO_CLIM,ANALOGO_ESTADO_V2_HIBRIDO_CLIMATOLOGIA,30,10,2.086217457056443,OK_ANALOGOS_CONTINUIDAD_CORREGIDA,1.0789594543955605,-1.0789594543955605,0.0,CORREGIDO_ANCLA_OBSERVADO
2026-10-09,CONTAMANA,2.0,2026-10-08,2026-11-15,60,38,6.28101516765584,4.789485583503301,6.28101516765584,5.9,9.4995790071429,2.0678405456044398,7.261040545604439,HIBRIDO_ANALOGO_CLIM,ANALOGO_ESTADO_V2_HIBRIDO_CLIMATOLOGIA,30,10,2.086217457056443,OK_ANALOGOS_CONTINUIDAD_CORREGIDA,1.0789594543955605,-1.0789594543955605,0.0,CORREGIDO_ANCLA_OBSERVADO
2026-10-09,CONTAMANA,2.0,2026-10-08,2026-11-16,60,39,6.910156875535373,5.627690664020638,6.910156875535373,5.9,9.573740545604439,2.16864054560444,8.59404054560444,HIBRIDO_ANALOGO_CLIM,ANALOGO_ESTADO_V2_HIBRIDO_CLIMATOLOGIA,30,10,2.086217457056443,OK_ANALOGOS_CONTINUIDAD_CORREGIDA,1.0789594543955605,-1.0789594543955605,0.0,CORREGIDO_ANCLA_OBSERVADO
2026-10-09,CONTAMANA,2.0,2026-10-08,2026-11-17,60,40,6.930541827083346,5.679100160130491,6.930541827083346,5.9,9.433425160989055,2.2562405456044394,8.603540545604439,HIBRIDO_ANALOGO_CLIM,ANALOGO_ESTADO_V2_HIBRIDO_CLIMATOLOGIA,30,10,2.086217457056443,OK_ANALOGOS_CONTINUIDAD_CORREGIDA,1.0789594543955605,-1.0789594543955605,0.0,CORREGIDO_ANCLA_OBSERVADO
2026-10-09,CONTAMANA,2.0,2026-10-08,2026-11-18,60,41,7.050005619938863,5.728022936998501,7.050005619938863,5.9,9.59724054560444,2.3140405456044397,8.654040545604438,HIBRIDO_ANALOGO_CLIM,ANALOGO_ESTADO_V2_HIBRIDO_CLIMATOLOGIA,30,10,2.086217457056443,OK_ANALOGOS_CONTINUIDAD_CORREGIDA,1.0789594543955605,-1.0789594543955605,0.0,CORREGIDO_ANCLA_OBSERVADO
2026-10-09,CONTAMANA,2.0,2026-10-08,2026-11-19,60,42,7.108724680209585,5.8038830012099885,7.108724680209585,5.9,9.532002084065978,2.25004054560444,8.705790545604438,HIBRIDO_ANALOGO_CLIM,ANALOGO_ESTADO_V2_HIBRIDO_CLIMATOLOGIA,30,10,2.086217457056443,OK_ANALOGOS_CONTINUIDAD_CORREGIDA,1.0789594543955605,-1.0789594543955605,0.0,CORREGIDO_ANCLA_OBSERVADO
2026-10-09,CONTAMANA,2.0,2026-10-08,2026-11-20,60,43,7.163532162168773,5.854626381608792,7.163532162168773,5.9,9.507386699450594,2.1580405456044396,8.751290545604439,HIBRIDO_ANALOGO_CLIM,ANALOGO_ESTADO_V2_HIBRIDO_CLIMATOLOGIA,30,10,2.086217457056443,OK_ANALOGOS_CONTINUIDAD_CORREGIDA,1.0789594543955605,-1.0789594543955605,0.0,CORREGIDO_ANCLA_OBSERVADO
2026-10-09,CONTAMANA,2.0,2026-10-08,2026-11-21,60,44,7.189336889465894,5.830881088543579,7.189336889465894,5.9,9.53576054560444,2.1080405456044398,8.78054054560444,HIBRIDO_ANALOGO_CLIM,ANALOGO_ESTADO_V2_HIBRIDO_CLIMATOLOGIA,30,10,2.086217457056443,OK_ANALOGOS_CONTINUIDAD_CORREGIDA,1.0789594543955605,-1.0789594543955605,0.0,CORREGIDO_ANCLA_OBSERVADO
2026-10-09,CONTAMANA,2.0,2026-10-08,2026-11-22,60,45,7.177609110509117,5.780478249451924,7.177609110509117,5.9,9.50616054560444,2.0860405456044395,8.795540545604439,HIBRIDO_ANALOGO_CLIM,ANALOGO_ESTADO_V2_HIBRIDO_CLIMATOLOGIA,30,10,2.086217457056443,OK_ANALOGOS_CONTINUIDAD_CORREGIDA,1.0789594543955605,-1.0789594543955605,0.0,CORREGIDO_ANCLA_OBSERVADO
2026-10-09,CONTAMANA,2.0,2026-10-08,2026-11-23,60,46,7.150206567182911,5.702478418434396,7.150206567182911,5.9,9.479160545604438,2.0440405456044393,8.818540545604439,HIBRIDO_ANALOGO_CLIM,ANALOGO_ESTADO_V2_HIBRIDO_CLIMATOLOGIA,30,10,2.086217457056443,OK_ANALOGOS_CONTINUIDAD_CORREGIDA,1.0789594543955605,-1.0789594543955605,0.0,CORREGIDO_ANCLA_OBSERVADO
2026-10-09,CONTAMANA,2.0,2026-10-08,2026-11-24,60,47,7.19536656124839,5.743752900087646,7.19536656124839,5.9,9.45000054560444,1.9240405456044396,8.83804054560444,HIBRIDO_ANALOGO_CLIM,ANALOGO_ESTADO_V2_HIBRIDO_CLIMATOLOGIA,30,10,2.086217457056443,OK_ANALOGOS_CONTINUIDAD_CORREGIDA,1.0789594543955605,-1.0789594543955605,0.0,CORREGIDO_ANCLA_OBSERVADO
2026-10-09,CONTAMANA,2.0,2026-10-08,2026-11-25,60,48,7.233210482061578,5.784150439699671,7.233210482061578,5.9,9.40680054560444,1.75504054560444,8.87954054560444,HIBRIDO_ANALOGO_CLIM,ANALOGO_ESTADO_V2_HIBRIDO_CLIMATOLOGIA,30,10,2.086217457056443,OK_ANALOGOS_CONTINUIDAD_CORREGIDA,1.0789594543955605,-1.0789594543955605,0.0,CORREGIDO_ANCLA_OBSERVADO
2026-10-09,CONTAMANA,2.0,2026-10-08,2026-11-26,60,49,7.3162291323853434,5.901984635938364,7.3162291323853434,5.9,9.36544054560444,1.59804054560444,8.92454054560444,HIBRIDO_ANALOGO_CLIM,ANALOGO_ESTADO_V2_HIBRIDO_CLIMATOLOGIA,30,10,2.086217457056443,OK_ANALOGOS_CONTINUIDAD_CORREGIDA,1.0789594543955605,-1.0789594543955605,0.0,CORREGIDO_ANCLA_OBSERVADO
2026-10-09,CONTAMANA,2.0,2026-10-08,2026-11-27,60,50,7.391481096379719,6.01879577550492,7.391481096379719,5.9,9.31324054560444,1.4740405456044399,8.94304054560444,HIBRIDO_ANALOGO_CLIM,ANALOGO_ESTADO_V2_HIBRIDO_CLIMATOLOGIA,30,10,2.086217457056443,OK_ANALOGOS_CONTINUIDAD_CORREGIDA,1.0789594543955605,-1.0789594543955605,0.0,CORREGIDO_ANCLA_OBSERVADO
2026-10-09,CONTAMANA,2.0,2026-10-08,2026-11-28,60,51,7.437040150169693,6.0875355100657496,7.437040150169693,5.9,9.26284054560444,1.3680405456044396,8.93404054560444,HIBRIDO_ANALOGO_CLIM,ANALOGO_ESTADO_V2_HIBRIDO_CLIMATOLOGIA,30,10,2.086217457056443,OK_ANALOGOS_CONTINUIDAD_CORREGIDA,1.0789594543955605,-1.0789594543955605,0.0,CORREGIDO_ANCLA_OBSERVADO
2026-10-09,CONTAMANA,2.0,2026-10-08,2026-11-29,60,52,7.48666395796287,6.14685597917814,7.48666395796287,5.9,9.23872054560444,1.2770405456044398,8.95154054560444,HIBRIDO_ANALOGO_CLIM,ANALOGO_ESTADO_V2_HIBRIDO_CLIMATOLOGIA,30,10,2.086217457056443,OK_ANALOGOS_CONTINUIDAD_CORREGIDA,1.0789594543955605,-1.0789594543955605,0.0,CORREGIDO_ANCLA_OBSERVADO
2026-10-09,CONTAMANA,2.0,2026-10-08,2026-11-30,60,53,7.541180330043771,6.207526129674886,7.541180330043771,5.9,9.22712054560444,1.1930405456044397,9.012790545604439,HIBRIDO_ANALOGO_CLIM,ANALOGO_ESTADO_V2_HIBRIDO_CLIMATOLOGIA,30,10,2.086217457056443,OK_ANALOGOS_CONTINUIDAD_CORREGIDA,1.0789594543955605,-1.0789594543955605,0.0,CORREGIDO_ANCLA_OBSERVADO
2026-10-09,CONTAMANA,2.0,2026-10-08,2026-12-01,60,54,7.592654473826327,6.2722185969169635,7.592654473826327,5.9,9.20652054560444,1.1360405456044398,9.04579054560444,HIBRIDO_ANALOGO_CLIM,ANALOGO_ESTADO_V2_HIBRIDO_CLIMATOLOGIA,30,10,2.086217457056443,OK_ANALOGOS_CONTINUIDAD_CORREGIDA,1.0789594543955605,-1.0789594543955605,0.0,CORREGIDO_ANCLA_OBSERVADO
2026-10-09,CONTAMANA,2.0,2026-10-08,2026-12-02,60,55,7.609994041335069,6.268496230030219,7.609994041335069,5.9,9.19540054560444,1.1050405456044397,9.07504054560444,HIBRIDO_ANALOGO_CLIM,ANALOGO_ESTADO_V2_HIBRIDO_CLIMATOLOGIA,30,10,2.086217457056443,OK_ANALOGOS_CONTINUIDAD_CORREGIDA,1.0789594543955605,-1.0789594543955605,0.0,CORREGIDO_ANCLA_OBSERVADO
2026-10-09,CONTAMANA,2.0,2026-10-08,2026-12-03,60,56,7.625204990250722,6.397925802393142,7.625204990250722,5.9,9.02780977637367,1.1530405456044397,9.397240545604438,HIBRIDO_ANALOGO_CLIM,ANALOGO_ESTADO_V2_HIBRIDO_CLIMATOLOGIA,30,10,2.086217457056443,OK_ANALOGOS_CONTINUIDAD_CORREGIDA,1.0789594543955605,-1.0789594543955605,0.0,CORREGIDO_ANCLA_OBSERVADO
2026-10-09,CONTAMANA,2.0,2026-10-08,2026-12-04,60,57,7.657904826504394,6.433325989076881,7.657904826504394,5.9,9.011386699450593,1.1680405456044394,9.507040545604438,HIBRIDO_ANALOGO_CLIM,ANALOGO_ESTADO_V2_HIBRIDO_CLIMATOLOGIA,30,10,2.086217457056443,OK_ANALOGOS_CONTINUIDAD_CORREGIDA,1.0789594543955605,-1.0789594543955605,0.0,CORREGIDO_ANCLA_OBSERVADO
2026-10-09,CONTAMANA,2.0,2026-10-08,2026-12-05,60,58,7.786845337563873,6.695384807957687,7.786845337563873,5.9,8.953579007142901,1.3740405456044393,11.278240545604438,HIBRIDO_ANALOGO_CLIM,ANALOGO_ESTADO_V2_HIBRIDO_CLIMATOLOGIA,30,10,2.086217457056443,OK_ANALOGOS_CONTINUIDAD_CORREGIDA,1.0789594543955605,-1.0789594543955605,0.0,CORREGIDO_ANCLA_OBSERVADO
2026-10-09,CONTAMANA,2.0,2026-10-08,2026-12-06,60,59,7.7840516680031815,6.721430017158082,7.7840516680031815,5.9,8.882694391758285,1.52504054560444,11.25304054560444,HIBRIDO_ANALOGO_CLIM,ANALOGO_ESTADO_V2_HIBRIDO_CLIMATOLOGIA,30,10,2.086217457056443,OK_ANALOGOS_CONTINUIDAD_CORREGIDA,1.0789594543955605,-1.0789594543955605,0.0,CORREGIDO_ANCLA_OBSERVADO
2026-10-09,CONTAMANA,2.0,2026-10-08,2026-12-07,60,60,7.819452759767868,6.813595743162066,7.819452759767868,5.9,8.825309776373672,1.5720405456044397,11.31874054560444,HIBRIDO_ANALOGO_CLIM,ANALOGO_ESTADO_V2_HIBRIDO_CLIMATOLOGIA,30,10,2.086217457056443,OK_ANALOGOS_CONTINUIDAD_CORREGIDA,1.0789594543955605,-1.0789594543955605,0.0,CORREGIDO_ANCLA_OBSERVADO
2026-10-09,CONTAMANA,2.0,2026-10-08,2026-10-09,90,1,5.9,4.829909561721598,5.9,5.9,9.11027131483521,4.67754054560444,5.01654054560444,HIBRIDO_ANALOGO_CLIM,ANALOGO_ESTADO_V2_HIBRIDO_CLIMATOLOGIA,30,10,2.086217457056443,OK_ANALOGOS_CONTINUIDAD_CORREGIDA,1.0789594543955605,-1.0789594543955605,0.0,CORREGIDO_ANCLA_OBSERVADO
2026-10-09,CONTAMANA,2.0,2026-10-08,2026-10-10,90,2,5.936297666026183,4.875716706166763,5.936297666026183,5.9,9.11804054560444,4.57754054560444,5.24754054560444,HIBRIDO_ANALOGO_CLIM,ANALOGO_ESTADO_V2_HIBRIDO_CLIMATOLOGIA,30,10,2.086217457056443,OK_ANALOGOS_CONTINUIDAD_CORREGIDA,1.0789594543955605,-1.0789594543955605,0.0,CORREGIDO_ANCLA_OBSERVADO
2026-10-09,CONTAMANA,2.0,2026-10-08,2026-10-11,90,3,5.96843456543732,4.918578725894434,5.96843456543732,5.9,9.118002084065978,4.449040545604439,5.51154054560444,HIBRIDO_ANALOGO_CLIM,ANALOGO_ESTADO_V2_HIBRIDO_CLIMATOLOGIA,30,10,2.086217457056443,OK_ANALOGOS_CONTINUIDAD_CORREGIDA,1.0789594543955605,-1.0789594543955605,0.0,CORREGIDO_ANCLA_OBSERVADO
2026-10-09,CONTAMANA,2.0,2026-10-08,2026-10-12,90,4,5.977164675802771,4.922571437150934,5.977164675802771,5.9,9.140944391758284,4.33804054560444,5.629040545604439,HIBRIDO_ANALOGO_CLIM,ANALOGO_ESTADO_V2_HIBRIDO_CLIMATOLOGIA,30,10,2.086217457056443,OK_ANALOGOS_CONTINUIDAD_CORREGIDA,1.0789594543955605,-1.0789594543955605,0.0,CORREGIDO_ANCLA_OBSERVADO
2026-10-09,CONTAMANA,2.0,2026-10-08,2026-10-13,90,5,5.932834992490995,4.856202372222411,5.932834992490995,5.9,9.162732853296747,4.33234054560444,5.53754054560444,HIBRIDO_ANALOGO_CLIM,ANALOGO_ESTADO_V2_HIBRIDO_CLIMATOLOGIA,30,10,2.086217457056443,OK_ANALOGOS_CONTINUIDAD_CORREGIDA,1.0789594543955605,-1.0789594543955605,0.0,CORREGIDO_ANCLA_OBSERVADO
2026-10-09,CONTAMANA,2.0,2026-10-08,2026-10-14,90,6,5.878545994156621,4.778573451366323,5.878545994156621,5.9,9.178463622527516,4.32404054560444,5.35104054560444,HIBRIDO_ANALOGO_CLIM,ANALOGO_ESTADO_V2_HIBRIDO_CLIMATOLOGIA,30,10,2.086217457056443,OK_ANALOGOS_CONTINUIDAD_CORREGIDA,1.0789594543955605,-1.0789594543955605,0.0,CORREGIDO_ANCLA_OBSERVADO
2026-10-09,CONTAMANA,2.0,2026-10-08,2026-10-15,90,7,5.782240883751635,4.649147406723778,5.782240883751635,5.9,9.181521314835209,4.2914405456044395,5.24804054560444,HIBRIDO_ANALOGO_CLIM,ANALOGO_ESTADO_V2_HIBRIDO_CLIMATOLOGIA,30,10,2.086217457056443,OK_ANALOGOS_CONTINUIDAD_CORREGIDA,1.0789594543955605,-1.0789594543955605,0.0,CORREGIDO_ANCLA_OBSERVADO
2026-10-09,CONTAMANA,2.0,2026-10-08,2026-10-16,90,8,5.690218174392404,4.521520973731983,5.690218174392404,5.9,9.196309776373669,4.15264054560444,5.1340405456044405,HIBRIDO_ANALOGO_CLIM,ANALOGO_ESTADO_V2_HIBRIDO_CLIMATOLOGIA,30,10,2.086217457056443,OK_ANALOGOS_CONTINUIDAD_CORREGIDA,1.0789594543955605,-1.0789594543955605,0.0,CORREGIDO_ANCLA_OBSERVADO
2026-10-09,CONTAMANA,2.0,2026-10-08,2026-10-17,90,9,5.677177917723793,4.493031400737936,5.677177917723793,5.9,9.229617468681363,4.063640545604439,4.89804054560444,HIBRIDO_ANALOGO_CLIM,ANALOGO_ESTADO_V2_HIBRIDO_CLIMATOLOGIA,30,10,2.086217457056443,OK_ANALOGOS_CONTINUIDAD_CORREGIDA,1.0789594543955605,-1.0789594543955605,0.0,CORREGIDO_ANCLA_OBSERVADO
2026-10-09,CONTAMANA,2.0,2026-10-08,2026-10-18,90,10,5.690329666478224,4.504964501641281,5.690329666478224,5.9,9.246425160989054,3.9046405456044395,4.8840405456044405,HIBRIDO_ANALOGO_CLIM,ANALOGO_ESTADO_V2_HIBRIDO_CLIMATOLOGIA,30,10,2.086217457056443,OK_ANALOGOS_CONTINUIDAD_CORREGIDA,1.0789594543955605,-1.0789594543955605,0.0,CORREGIDO_ANCLA_OBSERVADO
2026-10-09,CONTAMANA,2.0,2026-10-08,2026-10-19,90,11,5.709536488245703,4.529573597331253,5.709536488245703,5.9,9.249425160989055,3.7136405456044397,5.02374054560444,HIBRIDO_ANALOGO_CLIM,ANALOGO_ESTADO_V2_HIBRIDO_CLIMATOLOGIA,30,10,2.086217457056443,OK_ANALOGOS_CONTINUIDAD_CORREGIDA,1.0789594543955605,-1.0789594543955605,0.0,CORREGIDO_ANCLA_OBSERVADO
2026-10-09,CONTAMANA,2.0,2026-10-08,2026-10-20,90,12,5.7052690465828295,4.521082393062806,5.7052690465828295,5.9,9.257829007142902,3.5910405456044394,5.07834054560444,HIBRIDO_ANALOGO_CLIM,ANALOGO_ESTADO_V2_HIBRIDO_CLIMATOLOGIA,30,10,2.086217457056443,OK_ANALOGOS_CONTINUIDAD_CORREGIDA,1.0789594543955605,-1.0789594543955605,0.0,CORREGIDO_ANCLA_OBSERVADO
2026-10-09,CONTAMANA,2.0,2026-10-08,2026-10-21,90,13,5.7076462041270695,4.519001936455125,5.7076462041270695,5.9,9.273579007142901,3.550740545604439,5.227540545604439,HIBRIDO_ANALOGO_CLIM,ANALOGO_ESTADO_V2_HIBRIDO_CLIMATOLOGIA,30,10,2.086217457056443,OK_ANALOGOS_CONTINUIDAD_CORREGIDA,1.0789594543955605,-1.0789594543955605,0.0,CORREGIDO_ANCLA_OBSERVADO
2026-10-09,CONTAMANA,2.0,2026-10-08,2026-10-22,90,14,5.7469043746705175,4.561269240769467,5.7469043746705175,5.9,9.30380977637367,3.55084054560444,5.512340545604439,HIBRIDO_ANALOGO_CLIM,ANALOGO_ESTADO_V2_HIBRIDO_CLIMATOLOGIA,30,10,2.086217457056443,OK_ANALOGOS_CONTINUIDAD_CORREGIDA,1.0789594543955605,-1.0789594543955605,0.0,CORREGIDO_ANCLA_OBSERVADO
2026-10-09,CONTAMANA,2.0,2026-10-08,2026-10-23,90,15,5.76420698772343,4.580134263301555,5.76420698772343,5.9,9.316425160989054,3.58324054560444,5.627040545604439,HIBRIDO_ANALOGO_CLIM,ANALOGO_ESTADO_V2_HIBRIDO_CLIMATOLOGIA,30,10,2.086217457056443,OK_ANALOGOS_CONTINUIDAD_CORREGIDA,1.0789594543955605,-1.0789594543955605,0.0,CORREGIDO_ANCLA_OBSERVADO
2026-10-09,CONTAMANA,2.0,2026-10-08,2026-10-24,90,16,5.939723349588064,4.807361207326195,5.939723349588064,5.9,9.33680977637367,3.57524054560444,6.80104054560444,HIBRIDO_ANALOGO_CLIM,ANALOGO_ESTADO_V2_HIBRIDO_CLIMATOLOGIA,30,10,2.086217457056443,OK_ANALOGOS_CONTINUIDAD_CORREGIDA,1.0789594543955605,-1.0789594543955605,0.0,CORREGIDO_ANCLA_OBSERVADO
2026-10-09,CONTAMANA,2.0,2026-10-08,2026-10-25,90,17,6.049640663751708,4.9491612159546445,6.049640663751708,5.9,9.3510790071429,3.5947405456044397,7.363040545604441,HIBRIDO_ANALOGO_CLIM,ANALOGO_ESTADO_V2_HIBRIDO_CLIMATOLOGIA,30,10,2.086217457056443,OK_ANALOGOS_CONTINUIDAD_CORREGIDA,1.0789594543955605,-1.0789594543955605,0.0,CORREGIDO_ANCLA_OBSERVADO
2026-10-09,CONTAMANA,2.0,2026-10-08,2026-10-26,90,18,6.048436897049644,4.944504911633942,6.048436897049644,5.9,9.360232853296747,3.63874054560444,7.222040545604438,HIBRIDO_ANALOGO_CLIM,ANALOGO_ESTADO_V2_HIBRIDO_CLIMATOLOGIA,30,10,2.086217457056443,OK_ANALOGOS_CONTINUIDAD_CORREGIDA,1.0789594543955605,-1.0789594543955605,0.0,CORREGIDO_ANCLA_OBSERVADO
2026-10-09,CONTAMANA,2.0,2026-10-08,2026-10-27,90,19,6.070034065633504,4.970031905643192,6.070034065633504,5.9,9.37004054560444,3.7050405456044393,7.24304054560444,HIBRIDO_ANALOGO_CLIM,ANALOGO_ESTADO_V2_HIBRIDO_CLIMATOLOGIA,30,10,2.086217457056443,OK_ANALOGOS_CONTINUIDAD_CORREGIDA,1.0789594543955605,-1.0789594543955605,0.0,CORREGIDO_ANCLA_OBSERVADO
2026-10-09,CONTAMANA,2.0,2026-10-08,2026-10-28,90,20,6.096452001160988,5.003358383782401,6.096452001160988,5.9,9.375732853296748,3.73644054560444,7.42904054560444,HIBRIDO_ANALOGO_CLIM,ANALOGO_ESTADO_V2_HIBRIDO_CLIMATOLOGIA,30,10,2.086217457056443,OK_ANALOGOS_CONTINUIDAD_CORREGIDA,1.0789594543955605,-1.0789594543955605,0.0,CORREGIDO_ANCLA_OBSERVADO
2026-10-09,CONTAMANA,2.0,2026-10-08,2026-10-29,90,21,6.098930588466104,5.0064195771123,6.098930588466104,5.9,9.376463622527517,3.80724054560444,7.63504054560444,HIBRIDO_ANALOGO_CLIM,ANALOGO_ESTADO_V2_HIBRIDO_CLIMATOLOGIA,30,10,2.086217457056443,OK_ANALOGOS_CONTINUIDAD_CORREGIDA,1.0789594543955605,-1.0789594543955605,0.0,CORREGIDO_ANCLA_OBSERVADO
2026-10-09,CONTAMANA,2.0,2026-10-08,2026-10-30,90,22,6.083448514611037,4.98276399145939,6.083448514611037,5.9,9.385502084065978,3.8402405456044404,7.712040545604442,HIBRIDO_ANALOGO_CLIM,ANALOGO_ESTADO_V2_HIBRIDO_CLIMATOLOGIA,30,10,2.086217457056443,OK_ANALOGOS_CONTINUIDAD_CORREGIDA,1.0789594543955605,-1.0789594543955605,0.0,CORREGIDO_ANCLA_OBSERVADO
2026-10-09,CONTAMANA,2.0,2026-10-08,2026-10-31,90,23,6.06734215364598,4.953314484531623,6.06734215364598,5.9,9.409425160989054,3.8985405456044395,7.688040545604439,HIBRIDO_ANALOGO_CLIM,ANALOGO_ESTADO_V2_HIBRIDO_CLIMATOLOGIA,30,10,2.086217457056443,OK_ANALOGOS_CONTINUIDAD_CORREGIDA,1.0789594543955605,-1.0789594543955605,0.0,CORREGIDO_ANCLA_OBSERVADO
2026-10-09,CONTAMANA,2.0,2026-10-08,2026-11-01,90,24,5.908160599433503,4.733674976350884,5.908160599433503,5.9,9.431617468681361,3.7617405456044395,7.59304054560444,HIBRIDO_ANALOGO_CLIM,ANALOGO_ESTADO_V2_HIBRIDO_CLIMATOLOGIA,30,10,2.086217457056443,OK_ANALOGOS_CONTINUIDAD_CORREGIDA,1.0789594543955605,-1.0789594543955605,0.0,CORREGIDO_ANCLA_OBSERVADO
2026-10-09,CONTAMANA,2.0,2026-10-08,2026-11-02,90,25,5.908228049572449,4.704572602177169,5.908228049572449,5.9,9.519194391758287,3.57134054560444,7.5090405456044405,HIBRIDO_ANALOGO_CLIM,ANALOGO_ESTADO_V2_HIBRIDO_CLIMATOLOGIA,30,10,2.086217457056443,OK_ANALOGOS_CONTINUIDAD_CORREGIDA,1.0789594543955605,-1.0789594543955605,0.0,CORREGIDO_ANCLA_OBSERVADO
2026-10-09,CONTAMANA,2.0,2026-10-08,2026-11-03,90,26,5.8829182730908745,4.65832623353507,5.8829182730908745,5.9,9.556694391758285,3.25234054560444,7.460040545604439,HIBRIDO_ANALOGO_CLIM,ANALOGO_ESTADO_V2_HIBRIDO_CLIMATOLOGIA,30,10,2.086217457056443,OK_ANALOGOS_CONTINUIDAD_CORREGIDA,1.0789594543955605,-1.0789594543955605,0.0,CORREGIDO_ANCLA_OBSERVADO
2026-10-09,CONTAMANA,2.0,2026-10-08,2026-11-04,90,27,5.822320117194144,4.568310743621481,5.822320117194144,5.9,9.584348237912131,2.91634054560444,7.3440405456044395,HIBRIDO_ANALOGO_CLIM,ANALOGO_ESTADO_V2_HIBRIDO_CLIMATOLOGIA,30,10,2.086217457056443,OK_ANALOGOS_CONTINUIDAD_CORREGIDA,1.0789594543955605,-1.0789594543955605,0.0,CORREGIDO_ANCLA_OBSERVADO
2026-10-09,CONTAMANA,2.0,2026-10-08,2026-11-05,90,28,5.800651026255231,4.535328878779854,5.800651026255231,5.9,9.596617468681362,2.73634054560444,7.2800405456044395,HIBRIDO_ANALOGO_CLIM,ANALOGO_ESTADO_V2_HIBRIDO_CLIMATOLOGIA,30,10,2.086217457056443,OK_ANALOGOS_CONTINUIDAD_CORREGIDA,1.0789594543955605,-1.0789594543955605,0.0,CORREGIDO_ANCLA_OBSERVADO
2026-10-09,CONTAMANA,2.0,2026-10-08,2026-11-06,90,29,5.806278592881652,4.540845121461236,5.806278592881652,5.9,9.602579007142902,2.78084054560444,7.104040545604439,HIBRIDO_ANALOGO_CLIM,ANALOGO_ESTADO_V2_HIBRIDO_CLIMATOLOGIA,30,10,2.086217457056443,OK_ANALOGOS_CONTINUIDAD_CORREGIDA,1.0789594543955605,-1.0789594543955605,0.0,CORREGIDO_ANCLA_OBSERVADO
2026-10-09,CONTAMANA,2.0,2026-10-08,2026-11-07,90,30,5.808333643453166,4.543200573505304,5.808333643453166,5.9,9.603732853296748,2.64934054560444,6.849040545604439,HIBRIDO_ANALOGO_CLIM,ANALOGO_ESTADO_V2_HIBRIDO_CLIMATOLOGIA,30,10,2.086217457056443,OK_ANALOGOS_CONTINUIDAD_CORREGIDA,1.0789594543955605,-1.0789594543955605,0.0,CORREGIDO_ANCLA_OBSERVADO
2026-10-09,CONTAMANA,2.0,2026-10-08,2026-11-08,90,31,5.847458291266657,4.541102501726356,5.847458291266657,5.9,9.597963622527518,2.5703405456044393,6.60004054560444,HIBRIDO_ANALOGO_CLIM,ANALOGO_ESTADO_V2_HIBRIDO_CLIMATOLOGIA,30,10,2.086217457056443,OK_ANALOGOS_CONTINUIDAD_CORREGIDA,1.0789594543955605,-1.0789594543955605,0.0,CORREGIDO_ANCLA_OBSERVADO
2026-10-09,CONTAMANA,2.0,2026-10-08,2026-11-09,90,32,5.884525162960609,4.538526562278937,5.884525162960609,5.9,9.586021314835207,2.5886405456044397,6.44534054560444,HIBRIDO_ANALOGO_CLIM,ANALOGO_ESTADO_V2_HIBRIDO_CLIMATOLOGIA,30,10,2.086217457056443,OK_ANALOGOS_CONTINUIDAD_CORREGIDA,1.0789594543955605,-1.0789594543955605,0.0,CORREGIDO_ANCLA_OBSERVADO
2026-10-09,CONTAMANA,2.0,2026-10-08,2026-11-10,90,33,5.889932965083753,4.496714439846463,5.889932965083753,5.9,9.562963622527516,2.30734054560444,6.34054054560444,HIBRIDO_ANALOGO_CLIM,ANALOGO_ESTADO_V2_HIBRIDO_CLIMATOLOGIA,30,10,2.086217457056443,OK_ANALOGOS_CONTINUIDAD_CORREGIDA,1.0789594543955605,-1.0789594543955605,0.0,CORREGIDO_ANCLA_OBSERVADO
2026-10-09,CONTAMANA,2.0,2026-10-08,2026-11-11,90,34,5.933115174218633,4.507410331506176,5.933115174218633,5.9,9.53930977637367,2.1790405456044395,6.186040545604439,HIBRIDO_ANALOGO_CLIM,ANALOGO_ESTADO_V2_HIBRIDO_CLIMATOLOGIA,30,10,2.086217457056443,OK_ANALOGOS_CONTINUIDAD_CORREGIDA,1.0789594543955605,-1.0789594543955605,0.0,CORREGIDO_ANCLA_OBSERVADO
2026-10-09,CONTAMANA,2.0,2026-10-08,2026-11-12,90,35,6.023578121235941,4.585584543781039,6.023578121235941,5.9,9.515848237912131,2.2037405456044397,6.41704054560444,HIBRIDO_ANALOGO_CLIM,ANALOGO_ESTADO_V2_HIBRIDO_CLIMATOLOGIA,30,10,2.086217457056443,OK_ANALOGOS_CONTINUIDAD_CORREGIDA,1.0789594543955605,-1.0789594543955605,0.0,CORREGIDO_ANCLA_OBSERVADO
2026-10-09,CONTAMANA,2.0,2026-10-08,2026-11-13,90,36,6.134588864309296,4.692186495402586,6.134588864309296,5.9,9.500194391758285,2.1424405456044395,6.874040545604439,HIBRIDO_ANALOGO_CLIM,ANALOGO_ESTADO_V2_HIBRIDO_CLIMATOLOGIA,30,10,2.086217457056443,OK_ANALOGOS_CONTINUIDAD_CORREGIDA,1.0789594543955605,-1.0789594543955605,0.0,CORREGIDO_ANCLA_OBSERVADO
2026-10-09,CONTAMANA,2.0,2026-10-08,2026-11-14,90,37,6.2247570346405015,4.768840103432295,6.2247570346405015,5.9,9.490732853296748,2.0797405456044395,7.124040545604439,HIBRIDO_ANALOGO_CLIM,ANALOGO_ESTADO_V2_HIBRIDO_CLIMATOLOGIA,30,10,2.086217457056443,OK_ANALOGOS_CONTINUIDAD_CORREGIDA,1.0789594543955605,-1.0789594543955605,0.0,CORREGIDO_ANCLA_OBSERVADO
2026-10-09,CONTAMANA,2.0,2026-10-08,2026-11-15,90,38,6.28101516765584,4.789485583503301,6.28101516765584,5.9,9.4995790071429,2.0678405456044398,7.261040545604439,HIBRIDO_ANALOGO_CLIM,ANALOGO_ESTADO_V2_HIBRIDO_CLIMATOLOGIA,30,10,2.086217457056443,OK_ANALOGOS_CONTINUIDAD_CORREGIDA,1.0789594543955605,-1.0789594543955605,0.0,CORREGIDO_ANCLA_OBSERVADO
2026-10-09,CONTAMANA,2.0,2026-10-08,2026-11-16,90,39,6.910156875535373,5.627690664020638,6.910156875535373,5.9,9.573740545604439,2.16864054560444,8.59404054560444,HIBRIDO_ANALOGO_CLIM,ANALOGO_ESTADO_V2_HIBRIDO_CLIMATOLOGIA,30,10,2.086217457056443,OK_ANALOGOS_CONTINUIDAD_CORREGIDA,1.0789594543955605,-1.0789594543955605,0.0,CORREGIDO_ANCLA_OBSERVADO
2026-10-09,CONTAMANA,2.0,2026-10-08,2026-11-17,90,40,6.930541827083346,5.679100160130491,6.930541827083346,5.9,9.433425160989055,2.2562405456044394,8.603540545604439,HIBRIDO_ANALOGO_CLIM,ANALOGO_ESTADO_V2_HIBRIDO_CLIMATOLOGIA,30,10,2.086217457056443,OK_ANALOGOS_CONTINUIDAD_CORREGIDA,1.0789594543955605,-1.0789594543955605,0.0,CORREGIDO_ANCLA_OBSERVADO
2026-10-09,CONTAMANA,2.0,2026-10-08,2026-11-18,90,41,7.050005619938863,5.728022936998501,7.050005619938863,5.9,9.59724054560444,2.3140405456044397,8.654040545604438,HIBRIDO_ANALOGO_CLIM,ANALOGO_ESTADO_V2_HIBRIDO_CLIMATOLOGIA,30,10,2.086217457056443,OK_ANALOGOS_CONTINUIDAD_CORREGIDA,1.0789594543955605,-1.0789594543955605,0.0,CORREGIDO_ANCLA_OBSERVADO
2026-10-09,CONTAMANA,2.0,2026-10-08,2026-11-19,90,42,7.108724680209585,5.8038830012099885,7.108724680209585,5.9,9.532002084065978,2.25004054560444,8.705790545604438,HIBRIDO_ANALOGO_CLIM,ANALOGO_ESTADO_V2_HIBRIDO_CLIMATOLOGIA,30,10,2.086217457056443,OK_ANALOGOS_CONTINUIDAD_CORREGIDA,1.0789594543955605,-1.0789594543955605,0.0,CORREGIDO_ANCLA_OBSERVADO
2026-10-09,CONTAMANA,2.0,2026-10-08,2026-11-20,90,43,7.163532162168773,5.854626381608792,7.163532162168773,5.9,9.507386699450594,2.1580405456044396,8.751290545604439,HIBRIDO_ANALOGO_CLIM,ANALOGO_ESTADO_V2_HIBRIDO_CLIMATOLOGIA,30,10,2.086217457056443,OK_ANALOGOS_CONTINUIDAD_CORREGIDA,1.0789594543955605,-1.0789594543955605,0.0,CORREGIDO_ANCLA_OBSERVADO
2026-10-09,CONTAMANA,2.0,2026-10-08,2026-11-21,90,44,7.189336889465894,5.830881088543579,7.189336889465894,5.9,9.53576054560444,2.1080405456044398,8.78054054560444,HIBRIDO_ANALOGO_CLIM,ANALOGO_ESTADO_V2_HIBRIDO_CLIMATOLOGIA,30,10,2.086217457056443,OK_ANALOGOS_CONTINUIDAD_CORREGIDA,1.0789594543955605,-1.0789594543955605,0.0,CORREGIDO_ANCLA_OBSERVADO
2026-10-09,CONTAMANA,2.0,2026-10-08,2026-11-22,90,45,7.177609110509117,5.780478249451924,7.177609110509117,5.9,9.50616054560444,2.0860405456044395,8.795540545604439,HIBRIDO_ANALOGO_CLIM,ANALOGO_ESTADO_V2_HIBRIDO_CLIMATOLOGIA,30,10,2.086217457056443,OK_ANALOGOS_CONTINUIDAD_CORREGIDA,1.0789594543955605,-1.0789594543955605,0.0,CORREGIDO_ANCLA_OBSERVADO
2026-10-09,CONTAMANA,2.0,2026-10-08,2026-11-23,90,46,7.150206567182911,5.702478418434396,7.150206567182911,5.9,9.479160545604438,2.0440405456044393,8.818540545604439,HIBRIDO_ANALOGO_CLIM,ANALOGO_ESTADO_V2_HIBRIDO_CLIMATOLOGIA,30,10,2.086217457056443,OK_ANALOGOS_CONTINUIDAD_CORREGIDA,1.0789594543955605,-1.0789594543955605,0.0,CORREGIDO_ANCLA_OBSERVADO
2026-10-09,CONTAMANA,2.0,2026-10-08,2026-11-24,90,47,7.19536656124839,5.743752900087646,7.19536656124839,5.9,9.45000054560444,1.9240405456044396,8.83804054560444,HIBRIDO_ANALOGO_CLIM,ANALOGO_ESTADO_V2_HIBRIDO_CLIMATOLOGIA,30,10,2.086217457056443,OK_ANALOGOS_CONTINUIDAD_CORREGIDA,1.0789594543955605,-1.0789594543955605,0.0,CORREGIDO_ANCLA_OBSERVADO
2026-10-09,CONTAMANA,2.0,2026-10-08,2026-11-25,90,48,7.233210482061578,5.784150439699671,7.233210482061578,5.9,9.40680054560444,1.75504054560444,8.87954054560444,HIBRIDO_ANALOGO_CLIM,ANALOGO_ESTADO_V2_HIBRIDO_CLIMATOLOGIA,30,10,2.086217457056443,OK_ANALOGOS_CONTINUIDAD_CORREGIDA,1.0789594543955605,-1.0789594543955605,0.0,CORREGIDO_ANCLA_OBSERVADO
2026-10-09,CONTAMANA,2.0,2026-10-08,2026-11-26,90,49,7.3162291323853434,5.901984635938364,7.3162291323853434,5.9,9.36544054560444,1.59804054560444,8.92454054560444,HIBRIDO_ANALOGO_CLIM,ANALOGO_ESTADO_V2_HIBRIDO_CLIMATOLOGIA,30,10,2.086217457056443,OK_ANALOGOS_CONTINUIDAD_CORREGIDA,1.0789594543955605,-1.0789594543955605,0.0,CORREGIDO_ANCLA_OBSERVADO
2026-10-09,CONTAMANA,2.0,2026-10-08,2026-11-27,90,50,7.391481096379719,6.01879577550492,7.391481096379719,5.9,9.31324054560444,1.4740405456044399,8.94304054560444,HIBRIDO_ANALOGO_CLIM,ANALOGO_ESTADO_V2_HIBRIDO_CLIMATOLOGIA,30,10,2.086217457056443,OK_ANALOGOS_CONTINUIDAD_CORREGIDA,1.0789594543955605,-1.0789594543955605,0.0,CORREGIDO_ANCLA_OBSERVADO
2026-10-09,CONTAMANA,2.0,2026-10-08,2026-11-28,90,51,7.437040150169693,6.0875355100657496,7.437040150169693,5.9,9.26284054560444,1.3680405456044396,8.93404054560444,HIBRIDO_ANALOGO_CLIM,ANALOGO_ESTADO_V2_HIBRIDO_CLIMATOLOGIA,30,10,2.086217457056443,OK_ANALOGOS_CONTINUIDAD_CORREGIDA,1.0789594543955605,-1.0789594543955605,0.0,CORREGIDO_ANCLA_OBSERVADO
2026-10-09,CONTAMANA,2.0,2026-10-08,2026-11-29,90,52,7.48666395796287,6.14685597917814,7.48666395796287,5.9,9.23872054560444,1.2770405456044398,8.95154054560444,HIBRIDO_ANALOGO_CLIM,ANALOGO_ESTADO_V2_HIBRIDO_CLIMATOLOGIA,30,10,2.086217457056443,OK_ANALOGOS_CONTINUIDAD_CORREGIDA,1.0789594543955605,-1.0789594543955605,0.0,CORREGIDO_ANCLA_OBSERVADO
2026-10-09,CONTAMANA,2.0,2026-10-08,2026-11-30,90,53,7.541180330043771,6.207526129674886,7.541180330043771,5.9,9.22712054560444,1.1930405456044397,9.012790545604439,HIBRIDO_ANALOGO_CLIM,ANALOGO_ESTADO_V2_HIBRIDO_CLIMATOLOGIA,30,10,2.086217457056443,OK_ANALOGOS_CONTINUIDAD_CORREGIDA,1.0789594543955605,-1.0789594543955605,0.0,CORREGIDO_ANCLA_OBSERVADO
2026-10-09,CONTAMANA,2.0,2026-10-08,2026-12-01,90,54,7.592654473826327,6.2722185969169635,7.592654473826327,5.9,9.20652054560444,1.1360405456044398,9.04579054560444,HIBRIDO_ANALOGO_CLIM,ANALOGO_ESTADO_V2_HIBRIDO_CLIMATOLOGIA,30,10,2.086217457056443,OK_ANALOGOS_CONTINUIDAD_CORREGIDA,1.0789594543955605,-1.0789594543955605,0.0,CORREGIDO_ANCLA_OBSERVADO
2026-10-09,CONTAMANA,2.0,2026-10-08,2026-12-02,90,55,7.609994041335069,6.268496230030219,7.609994041335069,5.9,9.19540054560444,1.1050405456044397,9.07504054560444,HIBRIDO_ANALOGO_CLIM,ANALOGO_ESTADO_V2_HIBRIDO_CLIMATOLOGIA,30,10,2.086217457056443,OK_ANALOGOS_CONTINUIDAD_CORREGIDA,1.0789594543955605,-1.0789594543955605,0.0,CORREGIDO_ANCLA_OBSERVADO
2026-10-09,CONTAMANA,2.0,2026-10-08,2026-12-03,90,56,7.625204990250722,6.397925802393142,7.625204990250722,5.9,9.02780977637367,1.1530405456044397,9.397240545604438,HIBRIDO_ANALOGO_CLIM,ANALOGO_ESTADO_V2_HIBRIDO_CLIMATOLOGIA,30,10,2.086217457056443,OK_ANALOGOS_CONTINUIDAD_CORREGIDA,1.0789594543955605,-1.0789594543955605,0.0,CORREGIDO_ANCLA_OBSERVADO
2026-10-09,CONTAMANA,2.0,2026-10-08,2026-12-04,90,57,7.657904826504394,6.433325989076881,7.657904826504394,5.9,9.011386699450593,1.1680405456044394,9.507040545604438,HIBRIDO_ANALOGO_CLIM,ANALOGO_ESTADO_V2_HIBRIDO_CLIMATOLOGIA,30,10,2.086217457056443,OK_ANALOGOS_CONTINUIDAD_CORREGIDA,1.0789594543955605,-1.0789594543955605,0.0,CORREGIDO_ANCLA_OBSERVADO
2026-10-09,CONTAMANA,2.0,2026-10-08,2026-12-05,90,58,7.786845337563873,6.695384807957687,7.786845337563873,5.9,8.953579007142901,1.3740405456044393,11.278240545604438,HIBRIDO_ANALOGO_CLIM,ANALOGO_ESTADO_V2_HIBRIDO_CLIMATOLOGIA,30,10,2.086217457056443,OK_ANALOGOS_CONTINUIDAD_CORREGIDA,1.0789594543955605,-1.0789594543955605,0.0,CORREGIDO_ANCLA_OBSERVADO
2026-10-09,CONTAMANA,2.0,2026-10-08,2026-12-06,90,59,7.7840516680031815,6.721430017158082,7.7840516680031815,5.9,8.882694391758285,1.52504054560444,11.25304054560444,HIBRIDO_ANALOGO_CLIM,ANALOGO_ESTADO_V2_HIBRIDO_CLIMATOLOGIA,30,10,2.086217457056443,OK_ANALOGOS_CONTINUIDAD_CORREGIDA,1.0789594543955605,-1.0789594543955605,0.0,CORREGIDO_ANCLA_OBSERVADO
2026-10-09,CONTAMANA,2.0,2026-10-08,2026-12-07,90,60,7.819452759767868,6.813595743162066,7.819452759767868,5.9,8.825309776373672,1.5720405456044397,11.31874054560444,HIBRIDO_ANALOGO_CLIM,ANALOGO_ESTADO_V2_HIBRIDO_CLIMATOLOGIA,30,10,2.086217457056443,OK_ANALOGOS_CONTINUIDAD_CORREGIDA,1.0789594543955605,-1.0789594543955605,0.0,CORREGIDO_ANCLA_OBSERVADO
2026-10-09,CONTAMANA,2.0,2026-10-08,2026-12-08,90,61,7.8744188485564255,6.928594199587616,7.8744188485564255,5.9,8.789232853296747,1.7410405456044398,11.324340545604441,HIBRIDO_ANALOGO_CLIM,ANALOGO_ESTADO_V2_HIBRIDO_CLIMATOLOGIA,30,10,2.086217457056443,OK_ANALOGOS_CONTINUIDAD_CORREGIDA,1.0789594543955605,-1.0789594543955605,0.0,CORREGIDO_ANCLA_OBSERVADO
2026-10-09,CONTAMANA,2.0,2026-10-08,2026-12-09,90,62,8.004899369745585,7.182755088920338,8.004899369745585,5.9,8.774002084065978,1.9650405456044395,11.27684054560444,HIBRIDO_ANALOGO_CLIM,ANALOGO_ESTADO_V2_HIBRIDO_CLIMATOLOGIA,30,10,2.086217457056443,OK_ANALOGOS_CONTINUIDAD_CORREGIDA,1.0789594543955605,-1.0789594543955605,0.0,CORREGIDO_ANCLA_OBSERVADO
2026-10-09,CONTAMANA,2.0,2026-10-08,2026-12-10,90,63,8.101110590866215,7.3691637178154625,8.101110590866215,5.9,8.763348237912131,2.22004054560444,11.265040545604439,HIBRIDO_ANALOGO_CLIM,ANALOGO_ESTADO_V2_HIBRIDO_CLIMATOLOGIA,30,10,2.086217457056443,OK_ANALOGOS_CONTINUIDAD_CORREGIDA,1.0789594543955605,-1.0789594543955605,0.0,CORREGIDO_ANCLA_OBSERVADO
2026-10-09,CONTAMANA,2.0,2026-10-08,2026-12-11,90,64,8.108606863648577,7.4050782600946246,8.108606863648577,5.9,8.724194391758285,2.12704054560444,11.26634054560444,HIBRIDO_ANALOGO_CLIM,ANALOGO_ESTADO_V2_HIBRIDO_CLIMATOLOGIA,30,10,2.086217457056443,OK_ANALOGOS_CONTINUIDAD_CORREGIDA,1.0789594543955605,-1.0789594543955605,0.0,CORREGIDO_ANCLA_OBSERVADO
2026-10-09,CONTAMANA,2.0,2026-10-08,2026-12-12,90,65,8.096878403420094,7.420504962656775,8.096878403420094,5.9,8.669194391758285,1.8870405456044401,11.251840545604438,HIBRIDO_ANALOGO_CLIM,ANALOGO_ESTADO_V2_HIBRIDO_CLIMATOLOGIA,30,10,2.086217457056443,OK_ANALOGOS_CONTINUIDAD_CORREGIDA,1.0789594543955605,-1.0789594543955605,0.0,CORREGIDO_ANCLA_OBSERVADO
2026-10-09,CONTAMANA,2.0,2026-10-08,2026-12-13,90,66,8.08699546812335,7.446025843509712,8.08699546812335,5.9,8.611425160989054,1.6520405456044402,11.241840545604438,HIBRIDO_ANALOGO_CLIM,ANALOGO_ESTADO_V2_HIBRIDO_CLIMATOLOGIA,30,10,2.086217457056443,OK_ANALOGOS_CONTINUIDAD_CORREGIDA,1.0789594543955605,-1.0789594543955605,0.0,CORREGIDO_ANCLA_OBSERVADO
2026-10-09,CONTAMANA,2.0,2026-10-08,2026-12-14,90,67,8.0541391320597,7.411394384313011,8.0541391320597,5.9,8.5625790071429,1.42904054560444,11.215740545604438,HIBRIDO_ANALOGO_CLIM,ANALOGO_ESTADO_V2_HIBRIDO_CLIMATOLOGIA,30,10,2.086217457056443,OK_ANALOGOS_CONTINUIDAD_CORREGIDA,1.0789594543955605,-1.0789594543955605,0.0,CORREGIDO_ANCLA_OBSERVADO
2026-10-09,CONTAMANA,2.0,2026-10-08,2026-12-15,90,68,8.02157531413365,7.365863384222141,8.02157531413365,5.9,8.523002084065979,1.2580405456044397,11.071440545604439,HIBRIDO_ANALOGO_CLIM,ANALOGO_ESTADO_V2_HIBRIDO_CLIMATOLOGIA,30,10,2.086217457056443,OK_ANALOGOS_CONTINUIDAD_CORREGIDA,1.0789594543955605,-1.0789594543955605,0.0,CORREGIDO_ANCLA_OBSERVADO
2026-10-09,CONTAMANA,2.0,2026-10-08,2026-12-16,90,69,7.983875621980207,7.304319910832492,7.983875621980207,5.9,8.486155930219825,1.0910405456044399,10.932240545604438,HIBRIDO_ANALOGO_CLIM,ANALOGO_ESTADO_V2_HIBRIDO_CLIMATOLOGIA,30,10,2.086217457056443,OK_ANALOGOS_CONTINUIDAD_CORREGIDA,1.0789594543955605,-1.0789594543955605,0.0,CORREGIDO_ANCLA_OBSERVADO
2026-10-09,CONTAMANA,2.0,2026-10-08,2026-12-17,90,70,7.944942106897619,7.244965831169608,7.944942106897619,5.9,8.444925160989055,0.9780405456044399,10.716240545604439,HIBRIDO_ANALOGO_CLIM,ANALOGO_ESTADO_V2_HIBRIDO_CLIMATOLOGIA,30,10,2.086217457056443,OK_ANALOGOS_CONTINUIDAD_CORREGIDA,1.0789594543955605,-1.0789594543955605,0.0,CORREGIDO_ANCLA_OBSERVADO
2026-10-09,CONTAMANA,2.0,2026-10-08,2026-12-18,90,71,7.905802816380865,7.197631820975275,7.905802816380865,5.9,8.394540545604439,0.9930405456044396,10.556240545604439,HIBRIDO_ANALOGO_CLIM,ANALOGO_ESTADO_V2_HIBRIDO_CLIMATOLOGIA,30,10,2.086217457056443,OK_ANALOGOS_CONTINUIDAD_CORREGIDA,1.0789594543955605,-1.0789594543955605,0.0,CORREGIDO_ANCLA_OBSERVADO
2026-10-09,CONTAMANA,2.0,2026-10-08,2026-12-19,90,72,7.88664802250611,7.202059237858617,7.88664802250611,5.9,8.34304054560444,1.6870405456044395,10.34474054560444,HIBRIDO_ANALOGO_CLIM,ANALOGO_ESTADO_V2_HIBRIDO_CLIMATOLOGIA,30,10,2.086217457056443,OK_ANALOGOS_CONTINUIDAD_CORREGIDA,1.0789594543955605,-1.0789594543955605,0.0,CORREGIDO_ANCLA_OBSERVADO
2026-10-09,CONTAMANA,2.0,2026-10-08,2026-12-20,90,73,7.902304123532392,7.291592397597247,7.902304123532392,5.9,8.295502084065978,2.63904054560444,10.105690545604439,HIBRIDO_ANALOGO_CLIM,ANALOGO_ESTADO_V2_HIBRIDO_CLIMATOLOGIA,30,10,2.086217457056443,OK_ANALOGOS_CONTINUIDAD_CORREGIDA,1.0789594543955605,-1.0789594543955605,0.0,CORREGIDO_ANCLA_OBSERVADO
2026-10-09,CONTAMANA,2.0,2026-10-08,2026-12-21,90,74,7.914620557614818,7.3487977675713125,7.914620557614818,5.9,8.266348237912132,2.76804054560444,10.05974054560444,HIBRIDO_ANALOGO_CLIM,ANALOGO_ESTADO_V2_HIBRIDO_CLIMATOLOGIA,30,10,2.086217457056443,OK_ANALOGOS_CONTINUIDAD_CORREGIDA,1.0789594543955605,-1.0789594543955605,0.0,CORREGIDO_ANCLA_OBSERVADO
2026-10-09,CONTAMANA,2.0,2026-10-08,2026-12-22,90,75,7.924698051159142,7.39944773990416,7.924698051159142,5.9,8.239848237912133,2.7310405456044395,10.06824054560444,HIBRIDO_ANALOGO_CLIM,ANALOGO_ESTADO_V2_HIBRIDO_CLIMATOLOGIA,30,10,2.086217457056443,OK_ANALOGOS_CONTINUIDAD_CORREGIDA,1.0789594543955605,-1.0789594543955605,0.0,CORREGIDO_ANCLA_OBSERVADO
2026-10-09,CONTAMANA,2.0,2026-10-08,2026-12-23,90,76,7.933069165640168,7.4783144044431396,7.933069165640168,5.9,8.196348237912131,2.7030405456044404,10.39124054560444,HIBRIDO_ANALOGO_CLIM,ANALOGO_ESTADO_V2_HIBRIDO_CLIMATOLOGIA,30,10,2.086217457056443,OK_ANALOGOS_CONTINUIDAD_CORREGIDA,1.0789594543955605,-1.0789594543955605,0.0,CORREGIDO_ANCLA_OBSERVADO
2026-10-09,CONTAMANA,2.0,2026-10-08,2026-12-24,90,77,7.866791799577596,7.34718179103937,7.866791799577596,5.9,8.156963622527515,1.0070405456044398,10.532740545604439,HIBRIDO_ANALOGO_CLIM,ANALOGO_ESTADO_V2_HIBRIDO_CLIMATOLOGIA,30,10,2.086217457056443,OK_ANALOGOS_CONTINUIDAD_CORREGIDA,1.0789594543955605,-1.0789594543955605,0.0,CORREGIDO_ANCLA_OBSERVADO
2026-10-09,CONTAMANA,2.0,2026-10-08,2026-12-25,90,78,7.891790604362367,7.497826427769944,7.891790604362367,5.9,8.103925160989055,1.0590405456044398,10.789540545604439,HIBRIDO_ANALOGO_CLIM,ANALOGO_ESTADO_V2_HIBRIDO_CLIMATOLOGIA,30,10,2.086217457056443,OK_ANALOGOS_CONTINUIDAD_CORREGIDA,1.0789594543955605,-1.0789594543955605,0.0,CORREGIDO_ANCLA_OBSERVADO
2026-10-09,CONTAMANA,2.0,2026-10-08,2026-12-26,90,79,7.896280856471501,7.638326446078391,7.896280856471501,5.9,8.030155930219824,0.9580405456044394,10.94974054560444,HIBRIDO_ANALOGO_CLIM,ANALOGO_ESTADO_V2_HIBRIDO_CLIMATOLOGIA,30,10,2.086217457056443,OK_ANALOGOS_CONTINUIDAD_CORREGIDA,1.0789594543955605,-1.0789594543955605,0.0,CORREGIDO_ANCLA_OBSERVADO
2026-10-09,CONTAMANA,2.0,2026-10-08,2026-12-27,90,80,7.869174540100211,7.698519452168673,7.869174540100211,5.9,7.954502084065979,1.3740405456044398,11.03574054560444,HIBRIDO_ANALOGO_CLIM,ANALOGO_ESTADO_V2_HIBRIDO_CLIMATOLOGIA,30,10,2.086217457056443,OK_ANALOGOS_CONTINUIDAD_CORREGIDA,1.0789594543955605,-1.0789594543955605,0.0,CORREGIDO_ANCLA_OBSERVADO
2026-10-09,CONTAMANA,2.0,2026-10-08,2026-12-28,90,81,7.807231254827505,7.7101717219120935,7.807231254827505,5.9,7.853963622527516,1.4870405456044402,11.149240545604439,HIBRIDO_ANALOGO_CLIM,ANALOGO_ESTADO_V2_HIBRIDO_CLIMATOLOGIA,30,10,2.086217457056443,OK_ANALOGOS_CONTINUIDAD_CORREGIDA,1.0789594543955605,-1.0789594543955605,0.0,CORREGIDO_ANCLA_OBSERVADO
2026-10-09,CONTAMANA,2.0,2026-10-08,2026-12-29,90,82,7.729362260469829,7.685487661373685,7.729362260469829,5.9,7.749694391758286,1.4250405456044404,11.22154054560444,HIBRIDO_ANALOGO_CLIM,ANALOGO_ESTADO_V2_HIBRIDO_CLIMATOLOGIA,30,10,2.086217457056443,OK_ANALOGOS_CONTINUIDAD_CORREGIDA,1.0789594543955605,-1.0789594543955605,0.0,CORREGIDO_ANCLA_OBSERVADO
2026-10-09,CONTAMANA,2.0,2026-10-08,2026-12-30,90,83,7.660008358684992,7.669426800086072,7.660008358684992,5.9,7.655809776373669,1.3330405456044399,11.22774054560444,HIBRIDO_ANALOGO_CLIM,ANALOGO_ESTADO_V2_HIBRIDO_CLIMATOLOGIA,30,10,2.086217457056443,OK_ANALOGOS_CONTINUIDAD_CORREGIDA,1.0789594543955605,-1.0789594543955605,0.0,CORREGIDO_ANCLA_OBSERVADO
2026-10-09,CONTAMANA,2.0,2026-10-08,2026-12-31,90,84,7.598845608664984,7.673147166062666,7.598845608664984,5.9,7.567002084065978,1.3580405456044398,11.15424054560444,HIBRIDO_ANALOGO_CLIM,ANALOGO_ESTADO_V2_HIBRIDO_CLIMATOLOGIA,30,10,2.086217457056443,OK_ANALOGOS_CONTINUIDAD_CORREGIDA,1.0789594543955605,-1.0789594543955605,0.0,CORREGIDO_ANCLA_OBSERVADO
2026-10-09,CONTAMANA,2.0,2026-10-08,2027-01-01,90,85,7.722105214421422,7.683124904625302,7.722105214421422,5.9,7.738155930219824,1.3970405456044404,11.05954054560444,HIBRIDO_ANALOGO_CLIM,ANALOGO_ESTADO_V2_HIBRIDO_CLIMATOLOGIA,30,10,2.086217457056443,OK_ANALOGOS_CONTINUIDAD_CORREGIDA,1.0789594543955605,-1.0789594543955605,0.0,CORREGIDO_ANCLA_OBSERVADO
2026-10-09,CONTAMANA,2.0,2026-10-08,2027-01-02,90,86,7.698754230595849,7.703088845574118,7.698754230595849,5.9,7.697040545604439,1.3470405456044396,10.977940545604438,HIBRIDO_ANALOGO_CLIM,ANALOGO_ESTADO_V2_HIBRIDO_CLIMATOLOGIA,30,10,2.086217457056443,OK_ANALOGOS_CONTINUIDAD_CORREGIDA,1.0789594543955605,-1.0789594543955605,0.0,CORREGIDO_ANCLA_OBSERVADO
2026-10-09,CONTAMANA,2.0,2026-10-08,2027-01-03,90,87,7.66063162090893,7.716336763494894,7.66063162090893,5.9,7.6395020840659775,1.2470405456044404,10.922040545604439,HIBRIDO_ANALOGO_CLIM,ANALOGO_ESTADO_V2_HIBRIDO_CLIMATOLOGIA,30,10,2.086217457056443,OK_ANALOGOS_CONTINUIDAD_CORREGIDA,1.0789594543955605,-1.0789594543955605,0.0,CORREGIDO_ANCLA_OBSERVADO
2026-10-09,CONTAMANA,2.0,2026-10-08,2027-01-04,90,88,7.623045942732189,7.692604054064262,7.623045942732189,5.9,7.597752084065979,1.1190405456044399,10.810740545604437,HIBRIDO_ANALOGO_CLIM,ANALOGO_ESTADO_V2_HIBRIDO_CLIMATOLOGIA,30,10,2.086217457056443,OK_ANALOGOS_CONTINUIDAD_CORREGIDA,1.0789594543955605,-1.0789594543955605,0.0,CORREGIDO_ANCLA_OBSERVADO
2026-10-09,CONTAMANA,2.0,2026-10-08,2027-01-05,90,89,7.558812889647177,7.679126418325703,7.558812889647177,5.9,7.516905930219824,1.0270405456044402,10.73954054560444,HIBRIDO_ANALOGO_CLIM,ANALOGO_ESTADO_V2_HIBRIDO_CLIMATOLOGIA,30,10,2.086217457056443,OK_ANALOGOS_CONTINUIDAD_CORREGIDA,1.0789594543955605,-1.0789594543955605,0.0,CORREGIDO_ANCLA_OBSERVADO
2026-10-09,CONTAMANA,2.0,2026-10-08,2027-01-06,90,90,7.496508887833565,7.684606222213251,7.496508887833565,5.9,7.4338097763736695,1.1260405456044404,10.78729054560444,HIBRIDO_ANALOGO_CLIM,ANALOGO_ESTADO_V2_HIBRIDO_CLIMATOLOGIA,30,10,2.086217457056443,OK_ANALOGOS_CONTINUIDAD_CORREGIDA,1.0789594543955605,-1.0789594543955605,0.0,CORREGIDO_ANCLA_OBSERVADO
2026-10-09,ENAPU,29.0,2026-10-08,2026-10-09,30,1,27.17155735507886,3.89605083241284,27.17155735507886,3.95,96.99807692307692,3.7300000000000004,4.004,HIBRIDO_ANALOGO_CLIM,ANALOGO_ESTADO_V2_HIBRIDO_CLIMATOLOGIA,30,10,2.9639507467694663,EXCLUIDA_UNIDADES_MIXTAS,23.22155735507886,0.0,23.22155735507886,NO_CORREGIDO_UNIDADES_MIXTAS
2026-10-09,ENAPU,29.0,2026-10-08,2026-10-10,30,2,27.167176205752423,3.8790554538237387,27.167176205752423,3.95,97.03153846153847,3.571,4.074,HIBRIDO_ANALOGO_CLIM,ANALOGO_ESTADO_V2_HIBRIDO_CLIMATOLOGIA,30,10,2.9639507467694663,EXCLUIDA_UNIDADES_MIXTAS,23.22155735507886,0.0,23.22155735507886,NO_CORREGIDO_UNIDADES_MIXTAS
2026-10-09,ENAPU,29.0,2026-10-08,2026-10-11,30,3,27.1914804023846,3.8951789980512586,27.1914804023846,3.95,97.08038461538462,3.4739999999999998,4.088,HIBRIDO_ANALOGO_CLIM,ANALOGO_ESTADO_V2_HIBRIDO_CLIMATOLOGIA,30,10,2.9639507467694663,EXCLUIDA_UNIDADES_MIXTAS,23.22155735507886,0.0,23.22155735507886,NO_CORREGIDO_UNIDADES_MIXTAS
2026-10-09,ENAPU,29.0,2026-10-08,2026-10-12,30,4,27.187937302141663,3.8743010182401627,27.187937302141663,3.95,97.12884615384615,3.3949999999999996,4.114000000000003,HIBRIDO_ANALOGO_CLIM,ANALOGO_ESTADO_V2_HIBRIDO_CLIMATOLOGIA,30,10,2.9639507467694663,EXCLUIDA_UNIDADES_MIXTAS,23.22155735507886,0.0,23.22155735507886,NO_CORREGIDO_UNIDADES_MIXTAS
2026-10-09,ENAPU,29.0,2026-10-08,2026-10-13,30,5,27.167880070845833,3.8170452226662355,27.167880070845833,3.95,97.22038461538462,3.2869999999999995,4.161000000000002,HIBRIDO_ANALOGO_CLIM,ANALOGO_ESTADO_V2_HIBRIDO_CLIMATOLOGIA,30,10,2.9639507467694663,EXCLUIDA_UNIDADES_MIXTAS,23.22155735507886,0.0,23.22155735507886,NO_CORREGIDO_UNIDADES_MIXTAS
2026-10-09,ENAPU,29.0,2026-10-08,2026-10-14,30,6,27.15894723667334,3.774750161718303,27.15894723667334,3.95,97.31153846153846,3.177,4.187999999999999,HIBRIDO_ANALOGO_CLIM,ANALOGO_ESTADO_V2_HIBRIDO_CLIMATOLOGIA,30,10,2.9639507467694663,EXCLUIDA_UNIDADES_MIXTAS,23.22155735507886,0.0,23.22155735507886,NO_CORREGIDO_UNIDADES_MIXTAS
2026-10-09,ENAPU,29.0,2026-10-08,2026-10-15,30,7,27.16717268812845,3.7435379431456264,27.16717268812845,3.95,97.43807692307692,3.2030000000000003,4.205000000000002,HIBRIDO_ANALOGO_CLIM,ANALOGO_ESTADO_V2_HIBRIDO_CLIMATOLOGIA,30,10,2.9639507467694663,EXCLUIDA_UNIDADES_MIXTAS,23.22155735507886,0.0,23.22155735507886,NO_CORREGIDO_UNIDADES_MIXTAS
2026-10-09,ENAPU,29.0,2026-10-08,2026-10-16,30,8,27.165799179052726,3.7106809566856884,27.165799179052726,3.95,97.53115384615384,3.0120000000000005,4.215999999999999,HIBRIDO_ANALOGO_CLIM,ANALOGO_ESTADO_V2_HIBRIDO_CLIMATOLOGIA,30,10,2.9639507467694663,EXCLUIDA_UNIDADES_MIXTAS,23.22155735507886,0.0,23.22155735507886,NO_CORREGIDO_UNIDADES_MIXTAS
2026-10-09,ENAPU,29.0,2026-10-08,2026-10-17,30,9,27.206224361324615,3.732273507407179,27.206224361324615,3.95,97.62807692307692,2.9040000000000004,4.289,HIBRIDO_ANALOGO_CLIM,ANALOGO_ESTADO_V2_HIBRIDO_CLIMATOLOGIA,30,10,2.9639507467694663,EXCLUIDA_UNIDADES_MIXTAS,23.22155735507886,0.0,23.22155735507886,NO_CORREGIDO_UNIDADES_MIXTAS
2026-10-09,ENAPU,29.0,2026-10-08,2026-10-18,30,10,27.232368533468133,3.7487990702652074,27.232368533468133,3.95,97.68307692307691,2.8360000000000003,4.526,HIBRIDO_ANALOGO_CLIM,ANALOGO_ESTADO_V2_HIBRIDO_CLIMATOLOGIA,30,10,2.9639507467694663,EXCLUIDA_UNIDADES_MIXTAS,23.22155735507886,0.0,23.22155735507886,NO_CORREGIDO_UNIDADES_MIXTAS
2026-10-09,ENAPU,29.0,2026-10-08,2026-10-19,30,11,27.24272058870582,3.7449095028898096,27.24272058870582,3.95,97.73615384615384,2.625,4.71,HIBRIDO_ANALOGO_CLIM,ANALOGO_ESTADO_V2_HIBRIDO_CLIMATOLOGIA,30,10,2.9639507467694663,EXCLUIDA_UNIDADES_MIXTAS,23.22155735507886,0.0,23.22155735507886,NO_CORREGIDO_UNIDADES_MIXTAS
2026-10-09,ENAPU,29.0,2026-10-08,2026-10-20,30,12,27.268057591275095,3.7534357627257697,27.268057591275095,3.95,97.81192307692308,2.5860000000000003,4.848999999999999,HIBRIDO_ANALOGO_CLIM,ANALOGO_ESTADO_V2_HIBRIDO_CLIMATOLOGIA,30,10,2.9639507467694663,EXCLUIDA_UNIDADES_MIXTAS,23.22155735507886,0.0,23.22155735507886,NO_CORREGIDO_UNIDADES_MIXTAS
2026-10-09,ENAPU,29.0,2026-10-08,2026-10-21,30,13,35.88295890163729,15.222534945772795,35.88295890163729,3.95,97.86423076923076,2.5420000000000003,11.14749999999998,HIBRIDO_ANALOGO_CLIM,ANALOGO_ESTADO_V2_HIBRIDO_CLIMATOLOGIA,30,10,2.9639507467694663,EXCLUIDA_UNIDADES_MIXTAS,23.22155735507886,0.0,23.22155735507886,NO_CORREGIDO_UNIDADES_MIXTAS
2026-10-09,ENAPU,29.0,2026-10-08,2026-10-22,30,14,35.86314139565217,15.184060322408024,35.86314139565217,3.95,97.90038461538461,2.523,11.044499999999982,HIBRIDO_ANALOGO_CLIM,ANALOGO_ESTADO_V2_HIBRIDO_CLIMATOLOGIA,30,10,2.9639507467694663,EXCLUIDA_UNIDADES_MIXTAS,23.22155735507886,0.0,23.22155735507886,NO_CORREGIDO_UNIDADES_MIXTAS
2026-10-09,ENAPU,29.0,2026-10-08,2026-10-23,30,15,35.824648220350866,15.124274550211412,35.824648220350866,3.95,97.92576923076923,2.491,10.933499999999981,HIBRIDO_ANALOGO_CLIM,ANALOGO_ESTADO_V2_HIBRIDO_CLIMATOLOGIA,30,10,2.9639507467694663,EXCLUIDA_UNIDADES_MIXTAS,23.22155735507886,0.0,23.22155735507886,NO_CORREGIDO_UNIDADES_MIXTAS
2026-10-09,ENAPU,29.0,2026-10-08,2026-10-24,30,16,35.78379366808693,15.060186429244112,35.78379366808693,3.95,97.9546153846154,2.426,10.904499999999981,HIBRIDO_ANALOGO_CLIM,ANALOGO_ESTADO_V2_HIBRIDO_CLIMATOLOGIA,30,10,2.9639507467694663,EXCLUIDA_UNIDADES_MIXTAS,23.22155735507886,0.0,23.22155735507886,NO_CORREGIDO_UNIDADES_MIXTAS
2026-10-09,ENAPU,29.0,2026-10-08,2026-10-25,30,17,35.73351734520121,14.983407742319557,35.73351734520121,3.95,97.98384615384614,2.4130000000000003,10.87449999999998,HIBRIDO_ANALOGO_CLIM,ANALOGO_ESTADO_V2_HIBRIDO_CLIMATOLOGIA,30,10,2.9639507467694663,EXCLUIDA_UNIDADES_MIXTAS,23.22155735507886,0.0,23.22155735507886,NO_CORREGIDO_UNIDADES_MIXTAS
2026-10-09,ENAPU,29.0,2026-10-08,2026-10-26,30,18,35.69659655737272,14.93276976880465,35.69659655737272,3.95,97.98807692307693,2.3930000000000002,10.840499999999981,HIBRIDO_ANALOGO_CLIM,ANALOGO_ESTADO_V2_HIBRIDO_CLIMATOLOGIA,30,10,2.9639507467694663,EXCLUIDA_UNIDADES_MIXTAS,23.22155735507886,0.0,23.22155735507886,NO_CORREGIDO_UNIDADES_MIXTAS
2026-10-09,ENAPU,29.0,2026-10-08,2026-10-27,30,19,35.65241187245962,14.868472240202573,35.65241187245962,3.95,98.00423076923077,2.3680000000000003,10.82049999999998,HIBRIDO_ANALOGO_CLIM,ANALOGO_ESTADO_V2_HIBRIDO_CLIMATOLOGIA,30,10,2.9639507467694663,EXCLUIDA_UNIDADES_MIXTAS,23.22155735507886,0.0,23.22155735507886,NO_CORREGIDO_UNIDADES_MIXTAS
2026-10-09,ENAPU,29.0,2026-10-08,2026-10-28,30,20,35.64509665970937,14.846026315509928,35.64509665970937,3.95,98.04230769230769,2.3120000000000003,10.77349999999998,HIBRIDO_ANALOGO_CLIM,ANALOGO_ESTADO_V2_HIBRIDO_CLIMATOLOGIA,30,10,2.9639507467694663,EXCLUIDA_UNIDADES_MIXTAS,23.22155735507886,0.0,23.22155735507886,NO_CORREGIDO_UNIDADES_MIXTAS
2026-10-09,ENAPU,29.0,2026-10-08,2026-10-29,30,21,35.643684203560184,14.826194322695638,35.643684203560184,3.95,98.09615384615384,2.2600000000000002,10.72649999999998,HIBRIDO_ANALOGO_CLIM,ANALOGO_ESTADO_V2_HIBRIDO_CLIMATOLOGIA,30,10,2.9639507467694663,EXCLUIDA_UNIDADES_MIXTAS,23.22155735507886,0.0,23.22155735507886,NO_CORREGIDO_UNIDADES_MIXTAS
2026-10-09,ENAPU,29.0,2026-10-08,2026-10-30,30,22,35.62116935727063,14.777712989181358,35.62116935727063,3.95,98.15153846153846,2.222,10.66249999999998,HIBRIDO_ANALOGO_CLIM,ANALOGO_ESTADO_V2_HIBRIDO_CLIMATOLOGIA,30,10,2.9639507467694663,EXCLUIDA_UNIDADES_MIXTAS,23.22155735507886,0.0,23.22155735507886,NO_CORREGIDO_UNIDADES_MIXTAS
2026-10-09,ENAPU,29.0,2026-10-08,2026-10-31,30,23,35.620538831999504,14.759308186255751,35.620538831999504,3.95,98.20423076923076,2.258,10.48849999999998,HIBRIDO_ANALOGO_CLIM,ANALOGO_ESTADO_V2_HIBRIDO_CLIMATOLOGIA,30,10,2.9639507467694663,EXCLUIDA_UNIDADES_MIXTAS,23.22155735507886,0.0,23.22155735507886,NO_CORREGIDO_UNIDADES_MIXTAS
2026-10-09,ENAPU,29.0,2026-10-08,2026-11-01,30,24,35.74370969226464,14.750995639068902,35.74370969226464,3.95,98.72185185185184,2.199,10.384499999999981,HIBRIDO_ANALOGO_CLIM,ANALOGO_ESTADO_V2_HIBRIDO_CLIMATOLOGIA,30,10,2.9639507467694663,EXCLUIDA_UNIDADES_MIXTAS,23.22155735507886,0.0,23.22155735507886,NO_CORREGIDO_UNIDADES_MIXTAS
2026-10-09,ENAPU,29.0,2026-10-08,2026-11-02,30,25,35.740060037952645,14.726993630850442,35.740060037952645,3.95,98.77925925925926,2.249,10.29049999999998,HIBRIDO_ANALOGO_CLIM,ANALOGO_ESTADO_V2_HIBRIDO_CLIMATOLOGIA,30,10,2.9639507467694663,EXCLUIDA_UNIDADES_MIXTAS,23.22155735507886,0.0,23.22155735507886,NO_CORREGIDO_UNIDADES_MIXTAS
2026-10-09,ENAPU,29.0,2026-10-08,2026-11-03,30,26,35.7512778236048,14.715037098139737,35.7512778236048,3.95,98.86,2.45,10.204499999999982,HIBRIDO_ANALOGO_CLIM,ANALOGO_ESTADO_V2_HIBRIDO_CLIMATOLOGIA,30,10,2.9639507467694663,EXCLUIDA_UNIDADES_MIXTAS,23.22155735507886,0.0,23.22155735507886,NO_CORREGIDO_UNIDADES_MIXTAS
2026-10-09,ENAPU,29.0,2026-10-08,2026-11-04,30,27,35.77970358628711,14.729481324926029,35.77970358628711,3.95,98.93037037037037,2.6500000000000004,10.18149999999998,HIBRIDO_ANALOGO_CLIM,ANALOGO_ESTADO_V2_HIBRIDO_CLIMATOLOGIA,30,10,2.9639507467694663,EXCLUIDA_UNIDADES_MIXTAS,23.22155735507886,0.0,23.22155735507886,NO_CORREGIDO_UNIDADES_MIXTAS
2026-10-09,ENAPU,29.0,2026-10-08,2026-11-05,30,28,35.784901386914754,14.716658639343134,35.784901386914754,3.95,98.98962962962962,2.4880000000000004,10.221499999999981,HIBRIDO_ANALOGO_CLIM,ANALOGO_ESTADO_V2_HIBRIDO_CLIMATOLOGIA,30,10,2.9639507467694663,EXCLUIDA_UNIDADES_MIXTAS,23.22155735507886,0.0,23.22155735507886,NO_CORREGIDO_UNIDADES_MIXTAS
2026-10-09,ENAPU,29.0,2026-10-08,2026-11-06,30,29,35.76157605578364,14.667410049686834,35.76157605578364,3.95,99.04407407407408,2.2940000000000005,10.213499999999982,HIBRIDO_ANALOGO_CLIM,ANALOGO_ESTADO_V2_HIBRIDO_CLIMATOLOGIA,30,10,2.9639507467694663,EXCLUIDA_UNIDADES_MIXTAS,23.22155735507886,0.0,23.22155735507886,NO_CORREGIDO_UNIDADES_MIXTAS
2026-10-09,ENAPU,29.0,2026-10-08,2026-11-07,30,30,35.74463268018512,14.624942339012259,35.74463268018512,3.95,99.10370370370372,2.0980000000000003,10.167499999999979,HIBRIDO_ANALOGO_CLIM,ANALOGO_ESTADO_V2_HIBRIDO_CLIMATOLOGIA,30,10,2.9639507467694663,EXCLUIDA_UNIDADES_MIXTAS,23.22155735507886,0.0,23.22155735507886,NO_CORREGIDO_UNIDADES_MIXTAS
2026-10-09,ENAPU,29.0,2026-10-08,2026-10-09,60,1,27.17155735507886,3.89605083241284,27.17155735507886,3.95,96.99807692307692,3.7300000000000004,4.004,HIBRIDO_ANALOGO_CLIM,ANALOGO_ESTADO_V2_HIBRIDO_CLIMATOLOGIA,30,10,2.9639507467694663,EXCLUIDA_UNIDADES_MIXTAS,23.22155735507886,0.0,23.22155735507886,NO_CORREGIDO_UNIDADES_MIXTAS
2026-10-09,ENAPU,29.0,2026-10-08,2026-10-10,60,2,27.167176205752423,3.8790554538237387,27.167176205752423,3.95,97.03153846153847,3.571,4.074,HIBRIDO_ANALOGO_CLIM,ANALOGO_ESTADO_V2_HIBRIDO_CLIMATOLOGIA,30,10,2.9639507467694663,EXCLUIDA_UNIDADES_MIXTAS,23.22155735507886,0.0,23.22155735507886,NO_CORREGIDO_UNIDADES_MIXTAS
2026-10-09,ENAPU,29.0,2026-10-08,2026-10-11,60,3,27.1914804023846,3.8951789980512586,27.1914804023846,3.95,97.08038461538462,3.4739999999999998,4.088,HIBRIDO_ANALOGO_CLIM,ANALOGO_ESTADO_V2_HIBRIDO_CLIMATOLOGIA,30,10,2.9639507467694663,EXCLUIDA_UNIDADES_MIXTAS,23.22155735507886,0.0,23.22155735507886,NO_CORREGIDO_UNIDADES_MIXTAS
2026-10-09,ENAPU,29.0,2026-10-08,2026-10-12,60,4,27.187937302141663,3.8743010182401627,27.187937302141663,3.95,97.12884615384615,3.3949999999999996,4.114000000000003,HIBRIDO_ANALOGO_CLIM,ANALOGO_ESTADO_V2_HIBRIDO_CLIMATOLOGIA,30,10,2.9639507467694663,EXCLUIDA_UNIDADES_MIXTAS,23.22155735507886,0.0,23.22155735507886,NO_CORREGIDO_UNIDADES_MIXTAS
2026-10-09,ENAPU,29.0,2026-10-08,2026-10-13,60,5,27.167880070845833,3.8170452226662355,27.167880070845833,3.95,97.22038461538462,3.2869999999999995,4.161000000000002,HIBRIDO_ANALOGO_CLIM,ANALOGO_ESTADO_V2_HIBRIDO_CLIMATOLOGIA,30,10,2.9639507467694663,EXCLUIDA_UNIDADES_MIXTAS,23.22155735507886,0.0,23.22155735507886,NO_CORREGIDO_UNIDADES_MIXTAS
2026-10-09,ENAPU,29.0,2026-10-08,2026-10-14,60,6,27.15894723667334,3.774750161718303,27.15894723667334,3.95,97.31153846153846,3.177,4.187999999999999,HIBRIDO_ANALOGO_CLIM,ANALOGO_ESTADO_V2_HIBRIDO_CLIMATOLOGIA,30,10,2.9639507467694663,EXCLUIDA_UNIDADES_MIXTAS,23.22155735507886,0.0,23.22155735507886,NO_CORREGIDO_UNIDADES_MIXTAS
2026-10-09,ENAPU,29.0,2026-10-08,2026-10-15,60,7,27.16717268812845,3.7435379431456264,27.16717268812845,3.95,97.43807692307692,3.2030000000000003,4.205000000000002,HIBRIDO_ANALOGO_CLIM,ANALOGO_ESTADO_V2_HIBRIDO_CLIMATOLOGIA,30,10,2.9639507467694663,EXCLUIDA_UNIDADES_MIXTAS,23.22155735507886,0.0,23.22155735507886,NO_CORREGIDO_UNIDADES_MIXTAS
2026-10-09,ENAPU,29.0,2026-10-08,2026-10-16,60,8,27.165799179052726,3.7106809566856884,27.165799179052726,3.95,97.53115384615384,3.0120000000000005,4.215999999999999,HIBRIDO_ANALOGO_CLIM,ANALOGO_ESTADO_V2_HIBRIDO_CLIMATOLOGIA,30,10,2.9639507467694663,EXCLUIDA_UNIDADES_MIXTAS,23.22155735507886,0.0,23.22155735507886,NO_CORREGIDO_UNIDADES_MIXTAS
2026-10-09,ENAPU,29.0,2026-10-08,2026-10-17,60,9,27.206224361324615,3.732273507407179,27.206224361324615,3.95,97.62807692307692,2.9040000000000004,4.289,HIBRIDO_ANALOGO_CLIM,ANALOGO_ESTADO_V2_HIBRIDO_CLIMATOLOGIA,30,10,2.9639507467694663,EXCLUIDA_UNIDADES_MIXTAS,23.22155735507886,0.0,23.22155735507886,NO_CORREGIDO_UNIDADES_MIXTAS
2026-10-09,ENAPU,29.0,2026-10-08,2026-10-18,60,10,27.232368533468133,3.7487990702652074,27.232368533468133,3.95,97.68307692307691,2.8360000000000003,4.526,HIBRIDO_ANALOGO_CLIM,ANALOGO_ESTADO_V2_HIBRIDO_CLIMATOLOGIA,30,10,2.9639507467694663,EXCLUIDA_UNIDADES_MIXTAS,23.22155735507886,0.0,23.22155735507886,NO_CORREGIDO_UNIDADES_MIXTAS
2026-10-09,ENAPU,29.0,2026-10-08,2026-10-19,60,11,27.24272058870582,3.7449095028898096,27.24272058870582,3.95,97.73615384615384,2.625,4.71,HIBRIDO_ANALOGO_CLIM,ANALOGO_ESTADO_V2_HIBRIDO_CLIMATOLOGIA,30,10,2.9639507467694663,EXCLUIDA_UNIDADES_MIXTAS,23.22155735507886,0.0,23.22155735507886,NO_CORREGIDO_UNIDADES_MIXTAS
2026-10-09,ENAPU,29.0,2026-10-08,2026-10-20,60,12,27.268057591275095,3.7534357627257697,27.268057591275095,3.95,97.81192307692308,2.5860000000000003,4.848999999999999,HIBRIDO_ANALOGO_CLIM,ANALOGO_ESTADO_V2_HIBRIDO_CLIMATOLOGIA,30,10,2.9639507467694663,EXCLUIDA_UNIDADES_MIXTAS,23.22155735507886,0.0,23.22155735507886,NO_CORREGIDO_UNIDADES_MIXTAS
2026-10-09,ENAPU,29.0,2026-10-08,2026-10-21,60,13,35.88295890163729,15.222534945772795,35.88295890163729,3.95,97.86423076923076,2.5420000000000003,11.14749999999998,HIBRIDO_ANALOGO_CLIM,ANALOGO_ESTADO_V2_HIBRIDO_CLIMATOLOGIA,30,10,2.9639507467694663,EXCLUIDA_UNIDADES_MIXTAS,23.22155735507886,0.0,23.22155735507886,NO_CORREGIDO_UNIDADES_MIXTAS
2026-10-09,ENAPU,29.0,2026-10-08,2026-10-22,60,14,35.86314139565217,15.184060322408024,35.86314139565217,3.95,97.90038461538461,2.523,11.044499999999982,HIBRIDO_ANALOGO_CLIM,ANALOGO_ESTADO_V2_HIBRIDO_CLIMATOLOGIA,30,10,2.9639507467694663,EXCLUIDA_UNIDADES_MIXTAS,23.22155735507886,0.0,23.22155735507886,NO_CORREGIDO_UNIDADES_MIXTAS
2026-10-09,ENAPU,29.0,2026-10-08,2026-10-23,60,15,35.824648220350866,15.124274550211412,35.824648220350866,3.95,97.92576923076923,2.491,10.933499999999981,HIBRIDO_ANALOGO_CLIM,ANALOGO_ESTADO_V2_HIBRIDO_CLIMATOLOGIA,30,10,2.9639507467694663,EXCLUIDA_UNIDADES_MIXTAS,23.22155735507886,0.0,23.22155735507886,NO_CORREGIDO_UNIDADES_MIXTAS
2026-10-09,ENAPU,29.0,2026-10-08,2026-10-24,60,16,35.78379366808693,15.060186429244112,35.78379366808693,3.95,97.9546153846154,2.426,10.904499999999981,HIBRIDO_ANALOGO_CLIM,ANALOGO_ESTADO_V2_HIBRIDO_CLIMATOLOGIA,30,10,2.9639507467694663,EXCLUIDA_UNIDADES_MIXTAS,23.22155735507886,0.0,23.22155735507886,NO_CORREGIDO_UNIDADES_MIXTAS
2026-10-09,ENAPU,29.0,2026-10-08,2026-10-25,60,17,35.73351734520121,14.983407742319557,35.73351734520121,3.95,97.98384615384614,2.4130000000000003,10.87449999999998,HIBRIDO_ANALOGO_CLIM,ANALOGO_ESTADO_V2_HIBRIDO_CLIMATOLOGIA,30,10,2.9639507467694663,EXCLUIDA_UNIDADES_MIXTAS,23.22155735507886,0.0,23.22155735507886,NO_CORREGIDO_UNIDADES_MIXTAS
2026-10-09,ENAPU,29.0,2026-10-08,2026-10-26,60,18,35.69659655737272,14.93276976880465,35.69659655737272,3.95,97.98807692307693,2.3930000000000002,10.840499999999981,HIBRIDO_ANALOGO_CLIM,ANALOGO_ESTADO_V2_HIBRIDO_CLIMATOLOGIA,30,10,2.9639507467694663,EXCLUIDA_UNIDADES_MIXTAS,23.22155735507886,0.0,23.22155735507886,NO_CORREGIDO_UNIDADES_MIXTAS
2026-10-09,ENAPU,29.0,2026-10-08,2026-10-27,60,19,35.65241187245962,14.868472240202573,35.65241187245962,3.95,98.00423076923077,2.3680000000000003,10.82049999999998,HIBRIDO_ANALOGO_CLIM,ANALOGO_ESTADO_V2_HIBRIDO_CLIMATOLOGIA,30,10,2.9639507467694663,EXCLUIDA_UNIDADES_MIXTAS,23.22155735507886,0.0,23.22155735507886,NO_CORREGIDO_UNIDADES_MIXTAS
2026-10-09,ENAPU,29.0,2026-10-08,2026-10-28,60,20,35.64509665970937,14.846026315509928,35.64509665970937,3.95,98.04230769230769,2.3120000000000003,10.77349999999998,HIBRIDO_ANALOGO_CLIM,ANALOGO_ESTADO_V2_HIBRIDO_CLIMATOLOGIA,30,10,2.9639507467694663,EXCLUIDA_UNIDADES_MIXTAS,23.22155735507886,0.0,23.22155735507886,NO_CORREGIDO_UNIDADES_MIXTAS
2026-10-09,ENAPU,29.0,2026-10-08,2026-10-29,60,21,35.643684203560184,14.826194322695638,35.643684203560184,3.95,98.09615384615384,2.2600000000000002,10.72649999999998,HIBRIDO_ANALOGO_CLIM,ANALOGO_ESTADO_V2_HIBRIDO_CLIMATOLOGIA,30,10,2.9639507467694663,EXCLUIDA_UNIDADES_MIXTAS,23.22155735507886,0.0,23.22155735507886,NO_CORREGIDO_UNIDADES_MIXTAS
2026-10-09,ENAPU,29.0,2026-10-08,2026-10-30,60,22,35.62116935727063,14.777712989181358,35.62116935727063,3.95,98.15153846153846,2.222,10.66249999999998,HIBRIDO_ANALOGO_CLIM,ANALOGO_ESTADO_V2_HIBRIDO_CLIMATOLOGIA,30,10,2.9639507467694663,EXCLUIDA_UNIDADES_MIXTAS,23.22155735507886,0.0,23.22155735507886,NO_CORREGIDO_UNIDADES_MIXTAS
2026-10-09,ENAPU,29.0,2026-10-08,2026-10-31,60,23,35.620538831999504,14.759308186255751,35.620538831999504,3.95,98.20423076923076,2.258,10.48849999999998,HIBRIDO_ANALOGO_CLIM,ANALOGO_ESTADO_V2_HIBRIDO_CLIMATOLOGIA,30,10,2.9639507467694663,EXCLUIDA_UNIDADES_MIXTAS,23.22155735507886,0.0,23.22155735507886,NO_CORREGIDO_UNIDADES_MIXTAS
2026-10-09,ENAPU,29.0,2026-10-08,2026-11-01,60,24,35.74370969226464,14.750995639068902,35.74370969226464,3.95,98.72185185185184,2.199,10.384499999999981,HIBRIDO_ANALOGO_CLIM,ANALOGO_ESTADO_V2_HIBRIDO_CLIMATOLOGIA,30,10,2.9639507467694663,EXCLUIDA_UNIDADES_MIXTAS,23.22155735507886,0.0,23.22155735507886,NO_CORREGIDO_UNIDADES_MIXTAS
2026-10-09,ENAPU,29.0,2026-10-08,2026-11-02,60,25,35.740060037952645,14.726993630850442,35.740060037952645,3.95,98.77925925925926,2.249,10.29049999999998,HIBRIDO_ANALOGO_CLIM,ANALOGO_ESTADO_V2_HIBRIDO_CLIMATOLOGIA,30,10,2.9639507467694663,EXCLUIDA_UNIDADES_MIXTAS,23.22155735507886,0.0,23.22155735507886,NO_CORREGIDO_UNIDADES_MIXTAS
2026-10-09,ENAPU,29.0,2026-10-08,2026-11-03,60,26,35.7512778236048,14.715037098139737,35.7512778236048,3.95,98.86,2.45,10.204499999999982,HIBRIDO_ANALOGO_CLIM,ANALOGO_ESTADO_V2_HIBRIDO_CLIMATOLOGIA,30,10,2.9639507467694663,EXCLUIDA_UNIDADES_MIXTAS,23.22155735507886,0.0,23.22155735507886,NO_CORREGIDO_UNIDADES_MIXTAS
2026-10-09,ENAPU,29.0,2026-10-08,2026-11-04,60,27,35.77970358628711,14.729481324926029,35.77970358628711,3.95,98.93037037037037,2.6500000000000004,10.18149999999998,HIBRIDO_ANALOGO_CLIM,ANALOGO_ESTADO_V2_HIBRIDO_CLIMATOLOGIA,30,10,2.9639507467694663,EXCLUIDA_UNIDADES_MIXTAS,23.22155735507886,0.0,23.22155735507886,NO_CORREGIDO_UNIDADES_MIXTAS
2026-10-09,ENAPU,29.0,2026-10-08,2026-11-05,60,28,35.784901386914754,14.716658639343134,35.784901386914754,3.95,98.98962962962962,2.4880000000000004,10.221499999999981,HIBRIDO_ANALOGO_CLIM,ANALOGO_ESTADO_V2_HIBRIDO_CLIMATOLOGIA,30,10,2.9639507467694663,EXCLUIDA_UNIDADES_MIXTAS,23.22155735507886,0.0,23.22155735507886,NO_CORREGIDO_UNIDADES_MIXTAS
2026-10-09,ENAPU,29.0,2026-10-08,2026-11-06,60,29,35.76157605578364,14.667410049686834,35.76157605578364,3.95,99.04407407407408,2.2940000000000005,10.213499999999982,HIBRIDO_ANALOGO_CLIM,ANALOGO_ESTADO_V2_HIBRIDO_CLIMATOLOGIA,30,10,2.9639507467694663,EXCLUIDA_UNIDADES_MIXTAS,23.22155735507886,0.0,23.22155735507886,NO_CORREGIDO_UNIDADES_MIXTAS
2026-10-09,ENAPU,29.0,2026-10-08,2026-11-07,60,30,35.74463268018512,14.624942339012259,35.74463268018512,3.95,99.10370370370372,2.0980000000000003,10.167499999999979,HIBRIDO_ANALOGO_CLIM,ANALOGO_ESTADO_V2_HIBRIDO_CLIMATOLOGIA,30,10,2.9639507467694663,EXCLUIDA_UNIDADES_MIXTAS,23.22155735507886,0.0,23.22155735507886,NO_CORREGIDO_UNIDADES_MIXTAS
2026-10-09,ENAPU,29.0,2026-10-08,2026-11-08,60,31,36.44744758984196,14.591752056216372,36.44744758984196,3.95,99.19444444444444,1.9180000000000004,10.11949999999998,HIBRIDO_ANALOGO_CLIM,ANALOGO_ESTADO_V2_HIBRIDO_CLIMATOLOGIA,30,10,2.9639507467694663,EXCLUIDA_UNIDADES_MIXTAS,23.22155735507886,0.0,23.22155735507886,NO_CORREGIDO_UNIDADES_MIXTAS
2026-10-09,ENAPU,29.0,2026-10-08,2026-11-09,60,32,37.15952616780246,14.578276424107742,37.15952616780246,3.95,99.25796296296296,1.8450000000000002,10.30549999999998,HIBRIDO_ANALOGO_CLIM,ANALOGO_ESTADO_V2_HIBRIDO_CLIMATOLOGIA,30,10,2.9639507467694663,EXCLUIDA_UNIDADES_MIXTAS,23.22155735507886,0.0,23.22155735507886,NO_CORREGIDO_UNIDADES_MIXTAS
2026-10-09,ENAPU,29.0,2026-10-08,2026-11-10,60,33,37.87981582496049,14.56803459892379,37.87981582496049,3.95,99.33814814814815,1.852,10.59849999999998,HIBRIDO_ANALOGO_CLIM,ANALOGO_ESTADO_V2_HIBRIDO_CLIMATOLOGIA,30,10,2.9639507467694663,EXCLUIDA_UNIDADES_MIXTAS,23.22155735507886,0.0,23.22155735507886,NO_CORREGIDO_UNIDADES_MIXTAS
2026-10-09,ENAPU,29.0,2026-10-08,2026-11-11,60,34,38.630989863086164,14.594171901980689,38.630989863086164,3.95,99.43,1.9359999999999997,11.07949999999998,HIBRIDO_ANALOGO_CLIM,ANALOGO_ESTADO_V2_HIBRIDO_CLIMATOLOGIA,30,10,2.9639507467694663,EXCLUIDA_UNIDADES_MIXTAS,23.22155735507886,0.0,23.22155735507886,NO_CORREGIDO_UNIDADES_MIXTAS
2026-10-09,ENAPU,29.0,2026-10-08,2026-11-12,60,35,39.40443419643149,14.654626055092809,39.40443419643149,3.95,99.51111111111112,1.9840000000000002,11.678499999999982,HIBRIDO_ANALOGO_CLIM,ANALOGO_ESTADO_V2_HIBRIDO_CLIMATOLOGIA,30,10,2.9639507467694663,EXCLUIDA_UNIDADES_MIXTAS,23.22155735507886,0.0,23.22155735507886,NO_CORREGIDO_UNIDADES_MIXTAS
2026-10-09,ENAPU,29.0,2026-10-08,2026-11-13,60,36,40.1662396869954,14.686056695707704,40.1662396869954,3.95,99.61999999999999,1.943,12.08749999999998,HIBRIDO_ANALOGO_CLIM,ANALOGO_ESTADO_V2_HIBRIDO_CLIMATOLOGIA,30,10,2.9639507467694663,EXCLUIDA_UNIDADES_MIXTAS,23.22155735507886,0.0,23.22155735507886,NO_CORREGIDO_UNIDADES_MIXTAS
2026-10-09,ENAPU,29.0,2026-10-08,2026-11-14,60,37,40.916061294602514,14.704898971223617,40.916061294602514,3.95,99.71407407407408,1.836,12.274499999999982,HIBRIDO_ANALOGO_CLIM,ANALOGO_ESTADO_V2_HIBRIDO_CLIMATOLOGIA,30,10,2.9639507467694663,EXCLUIDA_UNIDADES_MIXTAS,23.22155735507886,0.0,23.22155735507886,NO_CORREGIDO_UNIDADES_MIXTAS
2026-10-09,ENAPU,29.0,2026-10-08,2026-11-15,60,38,41.63284511945227,14.705654104347499,41.63284511945227,3.95,99.73888888888888,1.7679999999999998,12.294499999999982,HIBRIDO_ANALOGO_CLIM,ANALOGO_ESTADO_V2_HIBRIDO_CLIMATOLOGIA,30,10,2.9639507467694663,EXCLUIDA_UNIDADES_MIXTAS,23.22155735507886,0.0,23.22155735507886,NO_CORREGIDO_UNIDADES_MIXTAS
2026-10-09,ENAPU,29.0,2026-10-08,2026-11-16,60,39,42.344807141404075,14.685653926908653,42.344807141404075,3.95,99.79074074074073,1.66,12.292499999999979,HIBRIDO_ANALOGO_CLIM,ANALOGO_ESTADO_V2_HIBRIDO_CLIMATOLOGIA,30,10,2.9639507467694663,EXCLUIDA_UNIDADES_MIXTAS,23.22155735507886,0.0,23.22155735507886,NO_CORREGIDO_UNIDADES_MIXTAS
2026-10-09,ENAPU,29.0,2026-10-08,2026-11-17,60,40,43.054279099875274,14.670863094257365,43.054279099875274,3.95,99.82111111111111,1.7290000000000003,12.300499999999982,HIBRIDO_ANALOGO_CLIM,ANALOGO_ESTADO_V2_HIBRIDO_CLIMATOLOGIA,30,10,2.9639507467694663,EXCLUIDA_UNIDADES_MIXTAS,23.22155735507886,0.0,23.22155735507886,NO_CORREGIDO_UNIDADES_MIXTAS
2026-10-09,ENAPU,29.0,2026-10-08,2026-11-18,60,41,43.79121210658151,14.693374226593582,43.79121210658151,3.95,99.85777777777777,1.7810000000000004,12.343499999999981,HIBRIDO_ANALOGO_CLIM,ANALOGO_ESTADO_V2_HIBRIDO_CLIMATOLOGIA,30,10,2.9639507467694663,EXCLUIDA_UNIDADES_MIXTAS,23.22155735507886,0.0,23.22155735507886,NO_CORREGIDO_UNIDADES_MIXTAS
2026-10-09,ENAPU,29.0,2026-10-08,2026-11-19,60,42,44.515648098865555,14.686125280305992,44.515648098865555,3.95,99.91333333333333,1.8670000000000002,12.362499999999981,HIBRIDO_ANALOGO_CLIM,ANALOGO_ESTADO_V2_HIBRIDO_CLIMATOLOGIA,30,10,2.9639507467694663,EXCLUIDA_UNIDADES_MIXTAS,23.22155735507886,0.0,23.22155735507886,NO_CORREGIDO_UNIDADES_MIXTAS
2026-10-09,ENAPU,29.0,2026-10-08,2026-11-20,60,43,45.23740829151865,14.677418405252721,45.23740829151865,3.95,99.96111111111111,1.863,12.42449999999998,HIBRIDO_ANALOGO_CLIM,ANALOGO_ESTADO_V2_HIBRIDO_CLIMATOLOGIA,30,10,2.9639507467694663,EXCLUIDA_UNIDADES_MIXTAS,23.22155735507886,0.0,23.22155735507886,NO_CORREGIDO_UNIDADES_MIXTAS
2026-10-09,ENAPU,29.0,2026-10-08,2026-11-21,60,44,45.96054417111697,14.66532315517495,45.96054417111697,3.95,100.01592592592591,1.794,12.454499999999982,HIBRIDO_ANALOGO_CLIM,ANALOGO_ESTADO_V2_HIBRIDO_CLIMATOLOGIA,30,10,2.9639507467694663,EXCLUIDA_UNIDADES_MIXTAS,23.22155735507886,0.0,23.22155735507886,NO_CORREGIDO_UNIDADES_MIXTAS
2026-10-09,ENAPU,29.0,2026-10-08,2026-11-22,60,45,46.70138151009621,14.679543749487276,46.70138151009621,3.95,100.07111111111111,1.7839999999999998,12.641499999999981,HIBRIDO_ANALOGO_CLIM,ANALOGO_ESTADO_V2_HIBRIDO_CLIMATOLOGIA,30,10,2.9639507467694663,EXCLUIDA_UNIDADES_MIXTAS,23.22155735507886,0.0,23.22155735507886,NO_CORREGIDO_UNIDADES_MIXTAS
2026-10-09,ENAPU,29.0,2026-10-08,2026-11-23,60,46,47.439020209595625,14.689312051596511,47.439020209595625,3.95,100.12333333333333,1.7520000000000002,12.738499999999982,HIBRIDO_ANALOGO_CLIM,ANALOGO_ESTADO_V2_HIBRIDO_CLIMATOLOGIA,30,10,2.9639507467694663,EXCLUIDA_UNIDADES_MIXTAS,23.22155735507886,0.0,23.22155735507886,NO_CORREGIDO_UNIDADES_MIXTAS
2026-10-09,ENAPU,29.0,2026-10-08,2026-11-24,60,47,48.147722540439915,14.665611887887032,48.147722540439915,3.95,100.15185185185184,1.5250000000000004,12.735499999999982,HIBRIDO_ANALOGO_CLIM,ANALOGO_ESTADO_V2_HIBRIDO_CLIMATOLOGIA,30,10,2.9639507467694663,EXCLUIDA_UNIDADES_MIXTAS,23.22155735507886,0.0,23.22155735507886,NO_CORREGIDO_UNIDADES_MIXTAS
2026-10-09,ENAPU,29.0,2026-10-08,2026-11-25,60,48,48.87745652119053,14.681192967416322,48.87745652119053,3.95,100.17185185185184,1.4600000000000004,12.660499999999981,HIBRIDO_ANALOGO_CLIM,ANALOGO_ESTADO_V2_HIBRIDO_CLIMATOLOGIA,30,10,2.9639507467694663,EXCLUIDA_UNIDADES_MIXTAS,23.22155735507886,0.0,23.22155735507886,NO_CORREGIDO_UNIDADES_MIXTAS
2026-10-09,ENAPU,29.0,2026-10-08,2026-11-26,60,49,49.63369122944378,14.721246522377594,49.63369122944378,3.95,100.2211111111111,1.3490000000000002,12.43849999999998,HIBRIDO_ANALOGO_CLIM,ANALOGO_ESTADO_V2_HIBRIDO_CLIMATOLOGIA,30,10,2.9639507467694663,EXCLUIDA_UNIDADES_MIXTAS,23.22155735507886,0.0,23.22155735507886,NO_CORREGIDO_UNIDADES_MIXTAS
2026-10-09,ENAPU,29.0,2026-10-08,2026-11-27,60,50,50.37414984836357,14.732140480792559,50.37414984836357,3.95,100.27296296296296,1.211,12.34149999999998,HIBRIDO_ANALOGO_CLIM,ANALOGO_ESTADO_V2_HIBRIDO_CLIMATOLOGIA,30,10,2.9639507467694663,EXCLUIDA_UNIDADES_MIXTAS,23.22155735507886,0.0,23.22155735507886,NO_CORREGIDO_UNIDADES_MIXTAS
2026-10-09,ENAPU,29.0,2026-10-08,2026-11-28,60,51,51.129984983062926,14.751342643652098,51.129984983062926,3.95,100.34814814814816,1.1559999999999997,12.227499999999981,HIBRIDO_ANALOGO_CLIM,ANALOGO_ESTADO_V2_HIBRIDO_CLIMATOLOGIA,30,10,2.9639507467694663,EXCLUIDA_UNIDADES_MIXTAS,23.22155735507886,0.0,23.22155735507886,NO_CORREGIDO_UNIDADES_MIXTAS
2026-10-09,ENAPU,29.0,2026-10-08,2026-11-29,60,52,51.882871939521635,14.755198847521829,51.882871939521635,3.95,100.43444444444445,1.0959999999999999,12.166499999999981,HIBRIDO_ANALOGO_CLIM,ANALOGO_ESTADO_V2_HIBRIDO_CLIMATOLOGIA,30,10,2.9639507467694663,EXCLUIDA_UNIDADES_MIXTAS,23.22155735507886,0.0,23.22155735507886,NO_CORREGIDO_UNIDADES_MIXTAS
2026-10-09,ENAPU,29.0,2026-10-08,2026-11-30,60,53,52.623118545922836,14.744501983852958,52.623118545922836,3.95,100.5074074074074,1.019,12.250499999999981,HIBRIDO_ANALOGO_CLIM,ANALOGO_ESTADO_V2_HIBRIDO_CLIMATOLOGIA,30,10,2.9639507467694663,EXCLUIDA_UNIDADES_MIXTAS,23.22155735507886,0.0,23.22155735507886,NO_CORREGIDO_UNIDADES_MIXTAS
2026-10-09,ENAPU,29.0,2026-10-08,2026-12-01,60,54,53.37726282406414,14.74381119526815,53.37726282406414,3.95,100.59592592592593,1.013,12.448499999999981,HIBRIDO_ANALOGO_CLIM,ANALOGO_ESTADO_V2_HIBRIDO_CLIMATOLOGIA,30,10,2.9639507467694663,EXCLUIDA_UNIDADES_MIXTAS,23.22155735507886,0.0,23.22155735507886,NO_CORREGIDO_UNIDADES_MIXTAS
2026-10-09,ENAPU,29.0,2026-10-08,2026-12-02,60,55,54.15821248258972,14.808352389510372,54.15821248258972,3.95,100.66259259259259,0.9070000000000006,12.901499999999983,HIBRIDO_ANALOGO_CLIM,ANALOGO_ESTADO_V2_HIBRIDO_CLIMATOLOGIA,30,10,2.9639507467694663,EXCLUIDA_UNIDADES_MIXTAS,23.22155735507886,0.0,23.22155735507886,NO_CORREGIDO_UNIDADES_MIXTAS
2026-10-09,ENAPU,29.0,2026-10-08,2026-12-03,60,56,54.91144279240541,14.839649680204595,54.91144279240541,3.95,100.70777777777778,0.6730000000000002,13.439499999999981,HIBRIDO_ANALOGO_CLIM,ANALOGO_ESTADO_V2_HIBRIDO_CLIMATOLOGIA,30,10,2.9639507467694663,EXCLUIDA_UNIDADES_MIXTAS,23.22155735507886,0.0,23.22155735507886,NO_CORREGIDO_UNIDADES_MIXTAS
2026-10-09,ENAPU,29.0,2026-10-08,2026-12-04,60,57,55.67279947062448,14.881963718297083,55.67279947062448,3.95,100.7574074074074,0.556,13.928499999999982,HIBRIDO_ANALOGO_CLIM,ANALOGO_ESTADO_V2_HIBRIDO_CLIMATOLOGIA,30,10,2.9639507467694663,EXCLUIDA_UNIDADES_MIXTAS,23.22155735507886,0.0,23.22155735507886,NO_CORREGIDO_UNIDADES_MIXTAS
2026-10-09,ENAPU,29.0,2026-10-08,2026-12-05,60,58,56.12479403891964,14.931781771863585,56.12479403891964,3.95,100.1587037037037,0.5680000000000001,14.231499999999983,HIBRIDO_ANALOGO_CLIM,ANALOGO_ESTADO_V2_HIBRIDO_CLIMATOLOGIA,30,10,2.9639507467694663,EXCLUIDA_UNIDADES_MIXTAS,23.22155735507886,0.0,23.22155735507886,NO_CORREGIDO_UNIDADES_MIXTAS
2026-10-09,ENAPU,29.0,2026-10-08,2026-12-06,60,59,56.898265120049196,14.985869655308262,56.898265120049196,3.95,100.23141975308643,0.5680000000000001,14.443499999999982,HIBRIDO_ANALOGO_CLIM,ANALOGO_ESTADO_V2_HIBRIDO_CLIMATOLOGIA,30,10,2.9639507467694663,EXCLUIDA_UNIDADES_MIXTAS,23.22155735507886,0.0,23.22155735507886,NO_CORREGIDO_UNIDADES_MIXTAS
2026-10-09,ENAPU,29.0,2026-10-08,2026-12-07,60,60,57.68207156503599,15.035686339948526,57.68207156503599,3.95,100.32845679012345,0.5560000000000003,14.664499999999983,HIBRIDO_ANALOGO_CLIM,ANALOGO_ESTADO_V2_HIBRIDO_CLIMATOLOGIA,30,10,2.9639507467694663,EXCLUIDA_UNIDADES_MIXTAS,23.22155735507886,0.0,23.22155735507886,NO_CORREGIDO_UNIDADES_MIXTAS
2026-10-09,ENAPU,29.0,2026-10-08,2026-10-09,90,1,27.17155735507886,3.89605083241284,27.17155735507886,3.95,96.99807692307692,3.7300000000000004,4.004,HIBRIDO_ANALOGO_CLIM,ANALOGO_ESTADO_V2_HIBRIDO_CLIMATOLOGIA,30,10,2.9639507467694663,EXCLUIDA_UNIDADES_MIXTAS,23.22155735507886,0.0,23.22155735507886,NO_CORREGIDO_UNIDADES_MIXTAS
2026-10-09,ENAPU,29.0,2026-10-08,2026-10-10,90,2,27.167176205752423,3.8790554538237387,27.167176205752423,3.95,97.03153846153847,3.571,4.074,HIBRIDO_ANALOGO_CLIM,ANALOGO_ESTADO_V2_HIBRIDO_CLIMATOLOGIA,30,10,2.9639507467694663,EXCLUIDA_UNIDADES_MIXTAS,23.22155735507886,0.0,23.22155735507886,NO_CORREGIDO_UNIDADES_MIXTAS
2026-10-09,ENAPU,29.0,2026-10-08,2026-10-11,90,3,27.1914804023846,3.8951789980512586,27.1914804023846,3.95,97.08038461538462,3.4739999999999998,4.088,HIBRIDO_ANALOGO_CLIM,ANALOGO_ESTADO_V2_HIBRIDO_CLIMATOLOGIA,30,10,2.9639507467694663,EXCLUIDA_UNIDADES_MIXTAS,23.22155735507886,0.0,23.22155735507886,NO_CORREGIDO_UNIDADES_MIXTAS
2026-10-09,ENAPU,29.0,2026-10-08,2026-10-12,90,4,27.187937302141663,3.8743010182401627,27.187937302141663,3.95,97.12884615384615,3.3949999999999996,4.114000000000003,HIBRIDO_ANALOGO_CLIM,ANALOGO_ESTADO_V2_HIBRIDO_CLIMATOLOGIA,30,10,2.9639507467694663,EXCLUIDA_UNIDADES_MIXTAS,23.22155735507886,0.0,23.22155735507886,NO_CORREGIDO_UNIDADES_MIXTAS
2026-10-09,ENAPU,29.0,2026-10-08,2026-10-13,90,5,27.167880070845833,3.8170452226662355,27.167880070845833,3.95,97.22038461538462,3.2869999999999995,4.161000000000002,HIBRIDO_ANALOGO_CLIM,ANALOGO_ESTADO_V2_HIBRIDO_CLIMATOLOGIA,30,10,2.9639507467694663,EXCLUIDA_UNIDADES_MIXTAS,23.22155735507886,0.0,23.22155735507886,NO_CORREGIDO_UNIDADES_MIXTAS
2026-10-09,ENAPU,29.0,2026-10-08,2026-10-14,90,6,27.15894723667334,3.774750161718303,27.15894723667334,3.95,97.31153846153846,3.177,4.187999999999999,HIBRIDO_ANALOGO_CLIM,ANALOGO_ESTADO_V2_HIBRIDO_CLIMATOLOGIA,30,10,2.9639507467694663,EXCLUIDA_UNIDADES_MIXTAS,23.22155735507886,0.0,23.22155735507886,NO_CORREGIDO_UNIDADES_MIXTAS
2026-10-09,ENAPU,29.0,2026-10-08,2026-10-15,90,7,27.16717268812845,3.7435379431456264,27.16717268812845,3.95,97.43807692307692,3.2030000000000003,4.205000000000002,HIBRIDO_ANALOGO_CLIM,ANALOGO_ESTADO_V2_HIBRIDO_CLIMATOLOGIA,30,10,2.9639507467694663,EXCLUIDA_UNIDADES_MIXTAS,23.22155735507886,0.0,23.22155735507886,NO_CORREGIDO_UNIDADES_MIXTAS
2026-10-09,ENAPU,29.0,2026-10-08,2026-10-16,90,8,27.165799179052726,3.7106809566856884,27.165799179052726,3.95,97.53115384615384,3.0120000000000005,4.215999999999999,HIBRIDO_ANALOGO_CLIM,ANALOGO_ESTADO_V2_HIBRIDO_CLIMATOLOGIA,30,10,2.9639507467694663,EXCLUIDA_UNIDADES_MIXTAS,23.22155735507886,0.0,23.22155735507886,NO_CORREGIDO_UNIDADES_MIXTAS
2026-10-09,ENAPU,29.0,2026-10-08,2026-10-17,90,9,27.206224361324615,3.732273507407179,27.206224361324615,3.95,97.62807692307692,2.9040000000000004,4.289,HIBRIDO_ANALOGO_CLIM,ANALOGO_ESTADO_V2_HIBRIDO_CLIMATOLOGIA,30,10,2.9639507467694663,EXCLUIDA_UNIDADES_MIXTAS,23.22155735507886,0.0,23.22155735507886,NO_CORREGIDO_UNIDADES_MIXTAS
2026-10-09,ENAPU,29.0,2026-10-08,2026-10-18,90,10,27.232368533468133,3.7487990702652074,27.232368533468133,3.95,97.68307692307691,2.8360000000000003,4.526,HIBRIDO_ANALOGO_CLIM,ANALOGO_ESTADO_V2_HIBRIDO_CLIMATOLOGIA,30,10,2.9639507467694663,EXCLUIDA_UNIDADES_MIXTAS,23.22155735507886,0.0,23.22155735507886,NO_CORREGIDO_UNIDADES_MIXTAS
2026-10-09,ENAPU,29.0,2026-10-08,2026-10-19,90,11,27.24272058870582,3.7449095028898096,27.24272058870582,3.95,97.73615384615384,2.625,4.71,HIBRIDO_ANALOGO_CLIM,ANALOGO_ESTADO_V2_HIBRIDO_CLIMATOLOGIA,30,10,2.9639507467694663,EXCLUIDA_UNIDADES_MIXTAS,23.22155735507886,0.0,23.22155735507886,NO_CORREGIDO_UNIDADES_MIXTAS
2026-10-09,ENAPU,29.0,2026-10-08,2026-10-20,90,12,27.268057591275095,3.7534357627257697,27.268057591275095,3.95,97.81192307692308,2.5860000000000003,4.848999999999999,HIBRIDO_ANALOGO_CLIM,ANALOGO_ESTADO_V2_HIBRIDO_CLIMATOLOGIA,30,10,2.9639507467694663,EXCLUIDA_UNIDADES_MIXTAS,23.22155735507886,0.0,23.22155735507886,NO_CORREGIDO_UNIDADES_MIXTAS
2026-10-09,ENAPU,29.0,2026-10-08,2026-10-21,90,13,35.88295890163729,15.222534945772795,35.88295890163729,3.95,97.86423076923076,2.5420000000000003,11.14749999999998,HIBRIDO_ANALOGO_CLIM,ANALOGO_ESTADO_V2_HIBRIDO_CLIMATOLOGIA,30,10,2.9639507467694663,EXCLUIDA_UNIDADES_MIXTAS,23.22155735507886,0.0,23.22155735507886,NO_CORREGIDO_UNIDADES_MIXTAS
2026-10-09,ENAPU,29.0,2026-10-08,2026-10-22,90,14,35.86314139565217,15.184060322408024,35.86314139565217,3.95,97.90038461538461,2.523,11.044499999999982,HIBRIDO_ANALOGO_CLIM,ANALOGO_ESTADO_V2_HIBRIDO_CLIMATOLOGIA,30,10,2.9639507467694663,EXCLUIDA_UNIDADES_MIXTAS,23.22155735507886,0.0,23.22155735507886,NO_CORREGIDO_UNIDADES_MIXTAS
2026-10-09,ENAPU,29.0,2026-10-08,2026-10-23,90,15,35.824648220350866,15.124274550211412,35.824648220350866,3.95,97.92576923076923,2.491,10.933499999999981,HIBRIDO_ANALOGO_CLIM,ANALOGO_ESTADO_V2_HIBRIDO_CLIMATOLOGIA,30,10,2.9639507467694663,EXCLUIDA_UNIDADES_MIXTAS,23.22155735507886,0.0,23.22155735507886,NO_CORREGIDO_UNIDADES_MIXTAS
2026-10-09,ENAPU,29.0,2026-10-08,2026-10-24,90,16,35.78379366808693,15.060186429244112,35.78379366808693,3.95,97.9546153846154,2.426,10.904499999999981,HIBRIDO_ANALOGO_CLIM,ANALOGO_ESTADO_V2_HIBRIDO_CLIMATOLOGIA,30,10,2.9639507467694663,EXCLUIDA_UNIDADES_MIXTAS,23.22155735507886,0.0,23.22155735507886,NO_CORREGIDO_UNIDADES_MIXTAS
2026-10-09,ENAPU,29.0,2026-10-08,2026-10-25,90,17,35.73351734520121,14.983407742319557,35.73351734520121,3.95,97.98384615384614,2.4130000000000003,10.87449999999998,HIBRIDO_ANALOGO_CLIM,ANALOGO_ESTADO_V2_HIBRIDO_CLIMATOLOGIA,30,10,2.9639507467694663,EXCLUIDA_UNIDADES_MIXTAS,23.22155735507886,0.0,23.22155735507886,NO_CORREGIDO_UNIDADES_MIXTAS
2026-10-09,ENAPU,29.0,2026-10-08,2026-10-26,90,18,35.69659655737272,14.93276976880465,35.69659655737272,3.95,97.98807692307693,2.3930000000000002,10.840499999999981,HIBRIDO_ANALOGO_CLIM,ANALOGO_ESTADO_V2_HIBRIDO_CLIMATOLOGIA,30,10,2.9639507467694663,EXCLUIDA_UNIDADES_MIXTAS,23.22155735507886,0.0,23.22155735507886,NO_CORREGIDO_UNIDADES_MIXTAS
2026-10-09,ENAPU,29.0,2026-10-08,2026-10-27,90,19,35.65241187245962,14.868472240202573,35.65241187245962,3.95,98.00423076923077,2.3680000000000003,10.82049999999998,HIBRIDO_ANALOGO_CLIM,ANALOGO_ESTADO_V2_HIBRIDO_CLIMATOLOGIA,30,10,2.9639507467694663,EXCLUIDA_UNIDADES_MIXTAS,23.22155735507886,0.0,23.22155735507886,NO_CORREGIDO_UNIDADES_MIXTAS
2026-10-09,ENAPU,29.0,2026-10-08,2026-10-28,90,20,35.64509665970937,14.846026315509928,35.64509665970937,3.95,98.04230769230769,2.3120000000000003,10.77349999999998,HIBRIDO_ANALOGO_CLIM,ANALOGO_ESTADO_V2_HIBRIDO_CLIMATOLOGIA,30,10,2.9639507467694663,EXCLUIDA_UNIDADES_MIXTAS,23.22155735507886,0.0,23.22155735507886,NO_CORREGIDO_UNIDADES_MIXTAS
2026-10-09,ENAPU,29.0,2026-10-08,2026-10-29,90,21,35.643684203560184,14.826194322695638,35.643684203560184,3.95,98.09615384615384,2.2600000000000002,10.72649999999998,HIBRIDO_ANALOGO_CLIM,ANALOGO_ESTADO_V2_HIBRIDO_CLIMATOLOGIA,30,10,2.9639507467694663,EXCLUIDA_UNIDADES_MIXTAS,23.22155735507886,0.0,23.22155735507886,NO_CORREGIDO_UNIDADES_MIXTAS
2026-10-09,ENAPU,29.0,2026-10-08,2026-10-30,90,22,35.62116935727063,14.777712989181358,35.62116935727063,3.95,98.15153846153846,2.222,10.66249999999998,HIBRIDO_ANALOGO_CLIM,ANALOGO_ESTADO_V2_HIBRIDO_CLIMATOLOGIA,30,10,2.9639507467694663,EXCLUIDA_UNIDADES_MIXTAS,23.22155735507886,0.0,23.22155735507886,NO_CORREGIDO_UNIDADES_MIXTAS
2026-10-09,ENAPU,29.0,2026-10-08,2026-10-31,90,23,35.620538831999504,14.759308186255751,35.620538831999504,3.95,98.20423076923076,2.258,10.48849999999998,HIBRIDO_ANALOGO_CLIM,ANALOGO_ESTADO_V2_HIBRIDO_CLIMATOLOGIA,30,10,2.9639507467694663,EXCLUIDA_UNIDADES_MIXTAS,23.22155735507886,0.0,23.22155735507886,NO_CORREGIDO_UNIDADES_MIXTAS
2026-10-09,ENAPU,29.0,2026-10-08,2026-11-01,90,24,35.74370969226464,14.750995639068902,35.74370969226464,3.95,98.72185185185184,2.199,10.384499999999981,HIBRIDO_ANALOGO_CLIM,ANALOGO_ESTADO_V2_HIBRIDO_CLIMATOLOGIA,30,10,2.9639507467694663,EXCLUIDA_UNIDADES_MIXTAS,23.22155735507886,0.0,23.22155735507886,NO_CORREGIDO_UNIDADES_MIXTAS
2026-10-09,ENAPU,29.0,2026-10-08,2026-11-02,90,25,35.740060037952645,14.726993630850442,35.740060037952645,3.95,98.77925925925926,2.249,10.29049999999998,HIBRIDO_ANALOGO_CLIM,ANALOGO_ESTADO_V2_HIBRIDO_CLIMATOLOGIA,30,10,2.9639507467694663,EXCLUIDA_UNIDADES_MIXTAS,23.22155735507886,0.0,23.22155735507886,NO_CORREGIDO_UNIDADES_MIXTAS
2026-10-09,ENAPU,29.0,2026-10-08,2026-11-03,90,26,35.7512778236048,14.715037098139737,35.7512778236048,3.95,98.86,2.45,10.204499999999982,HIBRIDO_ANALOGO_CLIM,ANALOGO_ESTADO_V2_HIBRIDO_CLIMATOLOGIA,30,10,2.9639507467694663,EXCLUIDA_UNIDADES_MIXTAS,23.22155735507886,0.0,23.22155735507886,NO_CORREGIDO_UNIDADES_MIXTAS
2026-10-09,ENAPU,29.0,2026-10-08,2026-11-04,90,27,35.77970358628711,14.729481324926029,35.77970358628711,3.95,98.93037037037037,2.6500000000000004,10.18149999999998,HIBRIDO_ANALOGO_CLIM,ANALOGO_ESTADO_V2_HIBRIDO_CLIMATOLOGIA,30,10,2.9639507467694663,EXCLUIDA_UNIDADES_MIXTAS,23.22155735507886,0.0,23.22155735507886,NO_CORREGIDO_UNIDADES_MIXTAS
2026-10-09,ENAPU,29.0,2026-10-08,2026-11-05,90,28,35.784901386914754,14.716658639343134,35.784901386914754,3.95,98.98962962962962,2.4880000000000004,10.221499999999981,HIBRIDO_ANALOGO_CLIM,ANALOGO_ESTADO_V2_HIBRIDO_CLIMATOLOGIA,30,10,2.9639507467694663,EXCLUIDA_UNIDADES_MIXTAS,23.22155735507886,0.0,23.22155735507886,NO_CORREGIDO_UNIDADES_MIXTAS
2026-10-09,ENAPU,29.0,2026-10-08,2026-11-06,90,29,35.76157605578364,14.667410049686834,35.76157605578364,3.95,99.04407407407408,2.2940000000000005,10.213499999999982,HIBRIDO_ANALOGO_CLIM,ANALOGO_ESTADO_V2_HIBRIDO_CLIMATOLOGIA,30,10,2.9639507467694663,EXCLUIDA_UNIDADES_MIXTAS,23.22155735507886,0.0,23.22155735507886,NO_CORREGIDO_UNIDADES_MIXTAS
2026-10-09,ENAPU,29.0,2026-10-08,2026-11-07,90,30,35.74463268018512,14.624942339012259,35.74463268018512,3.95,99.10370370370372,2.0980000000000003,10.167499999999979,HIBRIDO_ANALOGO_CLIM,ANALOGO_ESTADO_V2_HIBRIDO_CLIMATOLOGIA,30,10,2.9639507467694663,EXCLUIDA_UNIDADES_MIXTAS,23.22155735507886,0.0,23.22155735507886,NO_CORREGIDO_UNIDADES_MIXTAS
2026-10-09,ENAPU,29.0,2026-10-08,2026-11-08,90,31,36.44744758984196,14.591752056216372,36.44744758984196,3.95,99.19444444444444,1.9180000000000004,10.11949999999998,HIBRIDO_ANALOGO_CLIM,ANALOGO_ESTADO_V2_HIBRIDO_CLIMATOLOGIA,30,10,2.9639507467694663,EXCLUIDA_UNIDADES_MIXTAS,23.22155735507886,0.0,23.22155735507886,NO_CORREGIDO_UNIDADES_MIXTAS
2026-10-09,ENAPU,29.0,2026-10-08,2026-11-09,90,32,37.15952616780246,14.578276424107742,37.15952616780246,3.95,99.25796296296296,1.8450000000000002,10.30549999999998,HIBRIDO_ANALOGO_CLIM,ANALOGO_ESTADO_V2_HIBRIDO_CLIMATOLOGIA,30,10,2.9639507467694663,EXCLUIDA_UNIDADES_MIXTAS,23.22155735507886,0.0,23.22155735507886,NO_CORREGIDO_UNIDADES_MIXTAS
2026-10-09,ENAPU,29.0,2026-10-08,2026-11-10,90,33,37.87981582496049,14.56803459892379,37.87981582496049,3.95,99.33814814814815,1.852,10.59849999999998,HIBRIDO_ANALOGO_CLIM,ANALOGO_ESTADO_V2_HIBRIDO_CLIMATOLOGIA,30,10,2.9639507467694663,EXCLUIDA_UNIDADES_MIXTAS,23.22155735507886,0.0,23.22155735507886,NO_CORREGIDO_UNIDADES_MIXTAS
2026-10-09,ENAPU,29.0,2026-10-08,2026-11-11,90,34,38.630989863086164,14.594171901980689,38.630989863086164,3.95,99.43,1.9359999999999997,11.07949999999998,HIBRIDO_ANALOGO_CLIM,ANALOGO_ESTADO_V2_HIBRIDO_CLIMATOLOGIA,30,10,2.9639507467694663,EXCLUIDA_UNIDADES_MIXTAS,23.22155735507886,0.0,23.22155735507886,NO_CORREGIDO_UNIDADES_MIXTAS
2026-10-09,ENAPU,29.0,2026-10-08,2026-11-12,90,35,39.40443419643149,14.654626055092809,39.40443419643149,3.95,99.51111111111112,1.9840000000000002,11.678499999999982,HIBRIDO_ANALOGO_CLIM,ANALOGO_ESTADO_V2_HIBRIDO_CLIMATOLOGIA,30,10,2.9639507467694663,EXCLUIDA_UNIDADES_MIXTAS,23.22155735507886,0.0,23.22155735507886,NO_CORREGIDO_UNIDADES_MIXTAS
2026-10-09,ENAPU,29.0,2026-10-08,2026-11-13,90,36,40.1662396869954,14.686056695707704,40.1662396869954,3.95,99.61999999999999,1.943,12.08749999999998,HIBRIDO_ANALOGO_CLIM,ANALOGO_ESTADO_V2_HIBRIDO_CLIMATOLOGIA,30,10,2.9639507467694663,EXCLUIDA_UNIDADES_MIXTAS,23.22155735507886,0.0,23.22155735507886,NO_CORREGIDO_UNIDADES_MIXTAS
2026-10-09,ENAPU,29.0,2026-10-08,2026-11-14,90,37,40.916061294602514,14.704898971223617,40.916061294602514,3.95,99.71407407407408,1.836,12.274499999999982,HIBRIDO_ANALOGO_CLIM,ANALOGO_ESTADO_V2_HIBRIDO_CLIMATOLOGIA,30,10,2.9639507467694663,EXCLUIDA_UNIDADES_MIXTAS,23.22155735507886,0.0,23.22155735507886,NO_CORREGIDO_UNIDADES_MIXTAS
2026-10-09,ENAPU,29.0,2026-10-08,2026-11-15,90,38,41.63284511945227,14.705654104347499,41.63284511945227,3.95,99.73888888888888,1.7679999999999998,12.294499999999982,HIBRIDO_ANALOGO_CLIM,ANALOGO_ESTADO_V2_HIBRIDO_CLIMATOLOGIA,30,10,2.9639507467694663,EXCLUIDA_UNIDADES_MIXTAS,23.22155735507886,0.0,23.22155735507886,NO_CORREGIDO_UNIDADES_MIXTAS
2026-10-09,ENAPU,29.0,2026-10-08,2026-11-16,90,39,42.344807141404075,14.685653926908653,42.344807141404075,3.95,99.79074074074073,1.66,12.292499999999979,HIBRIDO_ANALOGO_CLIM,ANALOGO_ESTADO_V2_HIBRIDO_CLIMATOLOGIA,30,10,2.9639507467694663,EXCLUIDA_UNIDADES_MIXTAS,23.22155735507886,0.0,23.22155735507886,NO_CORREGIDO_UNIDADES_MIXTAS
2026-10-09,ENAPU,29.0,2026-10-08,2026-11-17,90,40,43.054279099875274,14.670863094257365,43.054279099875274,3.95,99.82111111111111,1.7290000000000003,12.300499999999982,HIBRIDO_ANALOGO_CLIM,ANALOGO_ESTADO_V2_HIBRIDO_CLIMATOLOGIA,30,10,2.9639507467694663,EXCLUIDA_UNIDADES_MIXTAS,23.22155735507886,0.0,23.22155735507886,NO_CORREGIDO_UNIDADES_MIXTAS
2026-10-09,ENAPU,29.0,2026-10-08,2026-11-18,90,41,43.79121210658151,14.693374226593582,43.79121210658151,3.95,99.85777777777777,1.7810000000000004,12.343499999999981,HIBRIDO_ANALOGO_CLIM,ANALOGO_ESTADO_V2_HIBRIDO_CLIMATOLOGIA,30,10,2.9639507467694663,EXCLUIDA_UNIDADES_MIXTAS,23.22155735507886,0.0,23.22155735507886,NO_CORREGIDO_UNIDADES_MIXTAS
2026-10-09,ENAPU,29.0,2026-10-08,2026-11-19,90,42,44.515648098865555,14.686125280305992,44.515648098865555,3.95,99.91333333333333,1.8670000000000002,12.362499999999981,HIBRIDO_ANALOGO_CLIM,ANALOGO_ESTADO_V2_HIBRIDO_CLIMATOLOGIA,30,10,2.9639507467694663,EXCLUIDA_UNIDADES_MIXTAS,23.22155735507886,0.0,23.22155735507886,NO_CORREGIDO_UNIDADES_MIXTAS
2026-10-09,ENAPU,29.0,2026-10-08,2026-11-20,90,43,45.23740829151865,14.677418405252721,45.23740829151865,3.95,99.96111111111111,1.863,12.42449999999998,HIBRIDO_ANALOGO_CLIM,ANALOGO_ESTADO_V2_HIBRIDO_CLIMATOLOGIA,30,10,2.9639507467694663,EXCLUIDA_UNIDADES_MIXTAS,23.22155735507886,0.0,23.22155735507886,NO_CORREGIDO_UNIDADES_MIXTAS
2026-10-09,ENAPU,29.0,2026-10-08,2026-11-21,90,44,45.96054417111697,14.66532315517495,45.96054417111697,3.95,100.01592592592591,1.794,12.454499999999982,HIBRIDO_ANALOGO_CLIM,ANALOGO_ESTADO_V2_HIBRIDO_CLIMATOLOGIA,30,10,2.9639507467694663,EXCLUIDA_UNIDADES_MIXTAS,23.22155735507886,0.0,23.22155735507886,NO_CORREGIDO_UNIDADES_MIXTAS
2026-10-09,ENAPU,29.0,2026-10-08,2026-11-22,90,45,46.70138151009621,14.679543749487276,46.70138151009621,3.95,100.07111111111111,1.7839999999999998,12.641499999999981,HIBRIDO_ANALOGO_CLIM,ANALOGO_ESTADO_V2_HIBRIDO_CLIMATOLOGIA,30,10,2.9639507467694663,EXCLUIDA_UNIDADES_MIXTAS,23.22155735507886,0.0,23.22155735507886,NO_CORREGIDO_UNIDADES_MIXTAS
2026-10-09,ENAPU,29.0,2026-10-08,2026-11-23,90,46,47.439020209595625,14.689312051596511,47.439020209595625,3.95,100.12333333333333,1.7520000000000002,12.738499999999982,HIBRIDO_ANALOGO_CLIM,ANALOGO_ESTADO_V2_HIBRIDO_CLIMATOLOGIA,30,10,2.9639507467694663,EXCLUIDA_UNIDADES_MIXTAS,23.22155735507886,0.0,23.22155735507886,NO_CORREGIDO_UNIDADES_MIXTAS
2026-10-09,ENAPU,29.0,2026-10-08,2026-11-24,90,47,48.147722540439915,14.665611887887032,48.147722540439915,3.95,100.15185185185184,1.5250000000000004,12.735499999999982,HIBRIDO_ANALOGO_CLIM,ANALOGO_ESTADO_V2_HIBRIDO_CLIMATOLOGIA,30,10,2.9639507467694663,EXCLUIDA_UNIDADES_MIXTAS,23.22155735507886,0.0,23.22155735507886,NO_CORREGIDO_UNIDADES_MIXTAS
2026-10-09,ENAPU,29.0,2026-10-08,2026-11-25,90,48,48.87745652119053,14.681192967416322,48.87745652119053,3.95,100.17185185185184,1.4600000000000004,12.660499999999981,HIBRIDO_ANALOGO_CLIM,ANALOGO_ESTADO_V2_HIBRIDO_CLIMATOLOGIA,30,10,2.9639507467694663,EXCLUIDA_UNIDADES_MIXTAS,23.22155735507886,0.0,23.22155735507886,NO_CORREGIDO_UNIDADES_MIXTAS
2026-10-09,ENAPU,29.0,2026-10-08,2026-11-26,90,49,49.63369122944378,14.721246522377594,49.63369122944378,3.95,100.2211111111111,1.3490000000000002,12.43849999999998,HIBRIDO_ANALOGO_CLIM,ANALOGO_ESTADO_V2_HIBRIDO_CLIMATOLOGIA,30,10,2.9639507467694663,EXCLUIDA_UNIDADES_MIXTAS,23.22155735507886,0.0,23.22155735507886,NO_CORREGIDO_UNIDADES_MIXTAS
2026-10-09,ENAPU,29.0,2026-10-08,2026-11-27,90,50,50.37414984836357,14.732140480792559,50.37414984836357,3.95,100.27296296296296,1.211,12.34149999999998,HIBRIDO_ANALOGO_CLIM,ANALOGO_ESTADO_V2_HIBRIDO_CLIMATOLOGIA,30,10,2.9639507467694663,EXCLUIDA_UNIDADES_MIXTAS,23.22155735507886,0.0,23.22155735507886,NO_CORREGIDO_UNIDADES_MIXTAS
2026-10-09,ENAPU,29.0,2026-10-08,2026-11-28,90,51,51.129984983062926,14.751342643652098,51.129984983062926,3.95,100.34814814814816,1.1559999999999997,12.227499999999981,HIBRIDO_ANALOGO_CLIM,ANALOGO_ESTADO_V2_HIBRIDO_CLIMATOLOGIA,30,10,2.9639507467694663,EXCLUIDA_UNIDADES_MIXTAS,23.22155735507886,0.0,23.22155735507886,NO_CORREGIDO_UNIDADES_MIXTAS
2026-10-09,ENAPU,29.0,2026-10-08,2026-11-29,90,52,51.882871939521635,14.755198847521829,51.882871939521635,3.95,100.43444444444445,1.0959999999999999,12.166499999999981,HIBRIDO_ANALOGO_CLIM,ANALOGO_ESTADO_V2_HIBRIDO_CLIMATOLOGIA,30,10,2.9639507467694663,EXCLUIDA_UNIDADES_MIXTAS,23.22155735507886,0.0,23.22155735507886,NO_CORREGIDO_UNIDADES_MIXTAS
2026-10-09,ENAPU,29.0,2026-10-08,2026-11-30,90,53,52.623118545922836,14.744501983852958,52.623118545922836,3.95,100.5074074074074,1.019,12.250499999999981,HIBRIDO_ANALOGO_CLIM,ANALOGO_ESTADO_V2_HIBRIDO_CLIMATOLOGIA,30,10,2.9639507467694663,EXCLUIDA_UNIDADES_MIXTAS,23.22155735507886,0.0,23.22155735507886,NO_CORREGIDO_UNIDADES_MIXTAS
2026-10-09,ENAPU,29.0,2026-10-08,2026-12-01,90,54,53.37726282406414,14.74381119526815,53.37726282406414,3.95,100.59592592592593,1.013,12.448499999999981,HIBRIDO_ANALOGO_CLIM,ANALOGO_ESTADO_V2_HIBRIDO_CLIMATOLOGIA,30,10,2.9639507467694663,EXCLUIDA_UNIDADES_MIXTAS,23.22155735507886,0.0,23.22155735507886,NO_CORREGIDO_UNIDADES_MIXTAS
2026-10-09,ENAPU,29.0,2026-10-08,2026-12-02,90,55,54.15821248258972,14.808352389510372,54.15821248258972,3.95,100.66259259259259,0.9070000000000006,12.901499999999983,HIBRIDO_ANALOGO_CLIM,ANALOGO_ESTADO_V2_HIBRIDO_CLIMATOLOGIA,30,10,2.9639507467694663,EXCLUIDA_UNIDADES_MIXTAS,23.22155735507886,0.0,23.22155735507886,NO_CORREGIDO_UNIDADES_MIXTAS
2026-10-09,ENAPU,29.0,2026-10-08,2026-12-03,90,56,54.91144279240541,14.839649680204595,54.91144279240541,3.95,100.70777777777778,0.6730000000000002,13.439499999999981,HIBRIDO_ANALOGO_CLIM,ANALOGO_ESTADO_V2_HIBRIDO_CLIMATOLOGIA,30,10,2.9639507467694663,EXCLUIDA_UNIDADES_MIXTAS,23.22155735507886,0.0,23.22155735507886,NO_CORREGIDO_UNIDADES_MIXTAS
2026-10-09,ENAPU,29.0,2026-10-08,2026-12-04,90,57,55.67279947062448,14.881963718297083,55.67279947062448,3.95,100.7574074074074,0.556,13.928499999999982,HIBRIDO_ANALOGO_CLIM,ANALOGO_ESTADO_V2_HIBRIDO_CLIMATOLOGIA,30,10,2.9639507467694663,EXCLUIDA_UNIDADES_MIXTAS,23.22155735507886,0.0,23.22155735507886,NO_CORREGIDO_UNIDADES_MIXTAS
2026-10-09,ENAPU,29.0,2026-10-08,2026-12-05,90,58,56.12479403891964,14.931781771863585,56.12479403891964,3.95,100.1587037037037,0.5680000000000001,14.231499999999983,HIBRIDO_ANALOGO_CLIM,ANALOGO_ESTADO_V2_HIBRIDO_CLIMATOLOGIA,30,10,2.9639507467694663,EXCLUIDA_UNIDADES_MIXTAS,23.22155735507886,0.0,23.22155735507886,NO_CORREGIDO_UNIDADES_MIXTAS
2026-10-09,ENAPU,29.0,2026-10-08,2026-12-06,90,59,56.898265120049196,14.985869655308262,56.898265120049196,3.95,100.23141975308643,0.5680000000000001,14.443499999999982,HIBRIDO_ANALOGO_CLIM,ANALOGO_ESTADO_V2_HIBRIDO_CLIMATOLOGIA,30,10,2.9639507467694663,EXCLUIDA_UNIDADES_MIXTAS,23.22155735507886,0.0,23.22155735507886,NO_CORREGIDO_UNIDADES_MIXTAS
2026-10-09,ENAPU,29.0,2026-10-08,2026-12-07,90,60,57.68207156503599,15.035686339948526,57.68207156503599,3.95,100.32845679012345,0.5560000000000003,14.664499999999983,HIBRIDO_ANALOGO_CLIM,ANALOGO_ESTADO_V2_HIBRIDO_CLIMATOLOGIA,30,10,2.9639507467694663,EXCLUIDA_UNIDADES_MIXTAS,23.22155735507886,0.0,23.22155735507886,NO_CORREGIDO_UNIDADES_MIXTAS
2026-10-09,ENAPU,29.0,2026-10-08,2026-12-08,90,61,58.46285621367339,15.062694579808621,58.46285621367339,3.95,100.44006172839507,0.5140000000000002,14.950499999999982,HIBRIDO_ANALOGO_CLIM,ANALOGO_ESTADO_V2_HIBRIDO_CLIMATOLOGIA,30,10,2.9639507467694663,EXCLUIDA_UNIDADES_MIXTAS,23.22155735507886,0.0,23.22155735507886,NO_CORREGIDO_UNIDADES_MIXTAS
2026-10-09,ENAPU,29.0,2026-10-08,2026-12-09,90,62,59.23266715752412,15.108687690748056,59.23266715752412,3.95,100.50993827160494,0.45400000000000024,15.095499999999983,HIBRIDO_ANALOGO_CLIM,ANALOGO_ESTADO_V2_HIBRIDO_CLIMATOLOGIA,30,10,2.9639507467694663,EXCLUIDA_UNIDADES_MIXTAS,23.22155735507886,0.0,23.22155735507886,NO_CORREGIDO_UNIDADES_MIXTAS
2026-10-09,ENAPU,29.0,2026-10-08,2026-12-10,90,63,60.00505320205996,15.147256253849426,60.00505320205996,3.95,100.59067901234567,0.3860000000000002,15.088499999999982,HIBRIDO_ANALOGO_CLIM,ANALOGO_ESTADO_V2_HIBRIDO_CLIMATOLOGIA,30,10,2.9639507467694663,EXCLUIDA_UNIDADES_MIXTAS,23.22155735507886,0.0,23.22155735507886,NO_CORREGIDO_UNIDADES_MIXTAS
2026-10-09,ENAPU,29.0,2026-10-08,2026-12-11,90,64,60.75504326725674,15.178655325779442,60.75504326725674,3.95,100.63438271604937,0.32199999999999995,15.124499999999983,HIBRIDO_ANALOGO_CLIM,ANALOGO_ESTADO_V2_HIBRIDO_CLIMATOLOGIA,30,10,2.9639507467694663,EXCLUIDA_UNIDADES_MIXTAS,23.22155735507886,0.0,23.22155735507886,NO_CORREGIDO_UNIDADES_MIXTAS
2026-10-09,ENAPU,29.0,2026-10-08,2026-12-12,90,65,61.504804843092316,15.19641483161781,61.504804843092316,3.95,100.68882716049383,0.3210000000000002,15.195499999999983,HIBRIDO_ANALOGO_CLIM,ANALOGO_ESTADO_V2_HIBRIDO_CLIMATOLOGIA,30,10,2.9639507467694663,EXCLUIDA_UNIDADES_MIXTAS,23.22155735507886,0.0,23.22155735507886,NO_CORREGIDO_UNIDADES_MIXTAS
2026-10-09,ENAPU,29.0,2026-10-08,2026-12-13,90,66,62.6221349624563,15.219723784882314,62.6221349624563,3.95,101.40592592592593,0.2700000000000003,15.219499999999982,HIBRIDO_ANALOGO_CLIM,ANALOGO_ESTADO_V2_HIBRIDO_CLIMATOLOGIA,30,10,2.9639507467694663,EXCLUIDA_UNIDADES_MIXTAS,23.22155735507886,0.0,23.22155735507886,NO_CORREGIDO_UNIDADES_MIXTAS
2026-10-09,ENAPU,29.0,2026-10-08,2026-12-14,90,67,63.384363951757464,15.242585048004306,63.384363951757464,3.95,101.46666666666667,0.3280000000000002,15.219499999999982,HIBRIDO_ANALOGO_CLIM,ANALOGO_ESTADO_V2_HIBRIDO_CLIMATOLOGIA,30,10,2.9639507467694663,EXCLUIDA_UNIDADES_MIXTAS,23.22155735507886,0.0,23.22155735507886,NO_CORREGIDO_UNIDADES_MIXTAS
2026-10-09,ENAPU,29.0,2026-10-08,2026-12-15,90,68,64.15290749022647,15.289216715337439,64.15290749022647,3.95,101.51925925925926,0.5290000000000001,15.212499999999983,HIBRIDO_ANALOGO_CLIM,ANALOGO_ESTADO_V2_HIBRIDO_CLIMATOLOGIA,30,10,2.9639507467694663,EXCLUIDA_UNIDADES_MIXTAS,23.22155735507886,0.0,23.22155735507886,NO_CORREGIDO_UNIDADES_MIXTAS
2026-10-09,ENAPU,29.0,2026-10-08,2026-12-16,90,69,64.94387053846586,15.386362051292226,64.94387053846586,3.95,101.57333333333334,0.7470000000000002,15.220499999999983,HIBRIDO_ANALOGO_CLIM,ANALOGO_ESTADO_V2_HIBRIDO_CLIMATOLOGIA,30,10,2.9639507467694663,EXCLUIDA_UNIDADES_MIXTAS,23.22155735507886,0.0,23.22155735507886,NO_CORREGIDO_UNIDADES_MIXTAS
2026-10-09,ENAPU,29.0,2026-10-08,2026-12-17,90,70,65.7167000938173,15.464524669605932,65.7167000938173,3.95,101.61111111111111,0.801,15.278499999999983,HIBRIDO_ANALOGO_CLIM,ANALOGO_ESTADO_V2_HIBRIDO_CLIMATOLOGIA,30,10,2.9639507467694663,EXCLUIDA_UNIDADES_MIXTAS,23.22155735507886,0.0,23.22155735507886,NO_CORREGIDO_UNIDADES_MIXTAS
2026-10-09,ENAPU,29.0,2026-10-08,2026-12-18,90,71,66.47319370159552,15.524722292645093,66.47319370159552,3.95,101.63481481481482,0.8320000000000001,15.316499999999984,HIBRIDO_ANALOGO_CLIM,ANALOGO_ESTADO_V2_HIBRIDO_CLIMATOLOGIA,30,10,2.9639507467694663,EXCLUIDA_UNIDADES_MIXTAS,23.22155735507886,0.0,23.22155735507886,NO_CORREGIDO_UNIDADES_MIXTAS
2026-10-09,ENAPU,29.0,2026-10-08,2026-12-19,90,72,67.22802720195288,15.558401338215543,67.22802720195288,3.95,101.67444444444445,0.8160000000000001,15.349499999999983,HIBRIDO_ANALOGO_CLIM,ANALOGO_ESTADO_V2_HIBRIDO_CLIMATOLOGIA,30,10,2.9639507467694663,EXCLUIDA_UNIDADES_MIXTAS,23.22155735507886,0.0,23.22155735507886,NO_CORREGIDO_UNIDADES_MIXTAS
2026-10-09,ENAPU,29.0,2026-10-08,2026-12-20,90,73,67.96121914900088,15.590070955683888,67.96121914900088,3.95,101.67962962962963,0.7890000000000003,15.389499999999984,HIBRIDO_ANALOGO_CLIM,ANALOGO_ESTADO_V2_HIBRIDO_CLIMATOLOGIA,30,10,2.9639507467694663,EXCLUIDA_UNIDADES_MIXTAS,23.22155735507886,0.0,23.22155735507886,NO_CORREGIDO_UNIDADES_MIXTAS
2026-10-09,ENAPU,29.0,2026-10-08,2026-12-21,90,74,68.71222551899716,15.613953849879856,68.71222551899716,3.95,101.71925925925926,0.6800000000000002,15.350499999999982,HIBRIDO_ANALOGO_CLIM,ANALOGO_ESTADO_V2_HIBRIDO_CLIMATOLOGIA,30,10,2.9639507467694663,EXCLUIDA_UNIDADES_MIXTAS,23.22155735507886,0.0,23.22155735507886,NO_CORREGIDO_UNIDADES_MIXTAS
2026-10-09,ENAPU,29.0,2026-10-08,2026-12-22,90,75,69.46818073324155,15.640457263952785,69.46818073324155,3.95,101.76481481481481,0.5880000000000001,15.543499999999982,HIBRIDO_ANALOGO_CLIM,ANALOGO_ESTADO_V2_HIBRIDO_CLIMATOLOGIA,30,10,2.9639507467694663,EXCLUIDA_UNIDADES_MIXTAS,23.22155735507886,0.0,23.22155735507886,NO_CORREGIDO_UNIDADES_MIXTAS
2026-10-09,ENAPU,29.0,2026-10-08,2026-12-23,90,76,70.22174017559524,15.642927751623422,70.22174017559524,3.95,101.82,0.474,15.736499999999982,HIBRIDO_ANALOGO_CLIM,ANALOGO_ESTADO_V2_HIBRIDO_CLIMATOLOGIA,30,10,2.9639507467694663,EXCLUIDA_UNIDADES_MIXTAS,23.22155735507886,0.0,23.22155735507886,NO_CORREGIDO_UNIDADES_MIXTAS
2026-10-09,ENAPU,29.0,2026-10-08,2026-12-24,90,77,70.96774894309311,15.624527627581116,70.96774894309311,3.95,101.87370370370371,0.3690000000000001,15.895499999999984,HIBRIDO_ANALOGO_CLIM,ANALOGO_ESTADO_V2_HIBRIDO_CLIMATOLOGIA,30,10,2.9639507467694663,EXCLUIDA_UNIDADES_MIXTAS,23.22155735507886,0.0,23.22155735507886,NO_CORREGIDO_UNIDADES_MIXTAS
2026-10-09,ENAPU,29.0,2026-10-08,2026-12-25,90,78,71.71547431950981,15.584900172144408,71.71547431950981,3.95,101.93962962962962,0.02200000000000013,16.038499999999985,HIBRIDO_ANALOGO_CLIM,ANALOGO_ESTADO_V2_HIBRIDO_CLIMATOLOGIA,30,10,2.9639507467694663,EXCLUIDA_UNIDADES_MIXTAS,23.22155735507886,0.0,23.22155735507886,NO_CORREGIDO_UNIDADES_MIXTAS
2026-10-09,ENAPU,29.0,2026-10-08,2026-12-26,90,79,72.46065979790626,15.542680889987608,72.46065979790626,3.95,102.00037037037038,-0.08499999999999994,16.097499999999982,HIBRIDO_ANALOGO_CLIM,ANALOGO_ESTADO_V2_HIBRIDO_CLIMATOLOGIA,30,10,2.9639507467694663,EXCLUIDA_UNIDADES_MIXTAS,23.22155735507886,0.0,23.22155735507886,NO_CORREGIDO_UNIDADES_MIXTAS
2026-10-09,ENAPU,29.0,2026-10-08,2026-12-27,90,80,73.20084212731503,15.50993378935251,73.20084212731503,3.95,102.04629629629629,-0.14399999999999977,16.158499999999982,HIBRIDO_ANALOGO_CLIM,ANALOGO_ESTADO_V2_HIBRIDO_CLIMATOLOGIA,30,10,2.9639507467694663,EXCLUIDA_UNIDADES_MIXTAS,23.22155735507886,0.0,23.22155735507886,NO_CORREGIDO_UNIDADES_MIXTAS
2026-10-09,ENAPU,29.0,2026-10-08,2026-12-28,90,81,73.95822708496708,15.546852569129474,73.95822708496708,3.95,102.08222222222221,-0.18899999999999983,16.227499999999985,HIBRIDO_ANALOGO_CLIM,ANALOGO_ESTADO_V2_HIBRIDO_CLIMATOLOGIA,30,10,2.9639507467694663,EXCLUIDA_UNIDADES_MIXTAS,23.22155735507886,0.0,23.22155735507886,NO_CORREGIDO_UNIDADES_MIXTAS
2026-10-09,ENAPU,29.0,2026-10-08,2026-12-29,90,82,74.71876089235072,15.624936931010055,74.71876089235072,3.95,102.10370370370372,-0.16599999999999984,16.277499999999982,HIBRIDO_ANALOGO_CLIM,ANALOGO_ESTADO_V2_HIBRIDO_CLIMATOLOGIA,30,10,2.9639507467694663,EXCLUIDA_UNIDADES_MIXTAS,23.22155735507886,0.0,23.22155735507886,NO_CORREGIDO_UNIDADES_MIXTAS
2026-10-09,ENAPU,29.0,2026-10-08,2026-12-30,90,83,75.50951499099774,15.780829400232935,75.50951499099774,3.95,102.13555555555556,-0.07799999999999979,16.331499999999984,HIBRIDO_ANALOGO_CLIM,ANALOGO_ESTADO_V2_HIBRIDO_CLIMATOLOGIA,30,10,2.9639507467694663,EXCLUIDA_UNIDADES_MIXTAS,23.22155735507886,0.0,23.22155735507886,NO_CORREGIDO_UNIDADES_MIXTAS
2026-10-09,ENAPU,29.0,2026-10-08,2026-12-31,90,84,76.30195638527653,15.947508938576092,76.30195638527653,3.95,102.16814814814815,0.019000000000000072,16.368499999999983,HIBRIDO_ANALOGO_CLIM,ANALOGO_ESTADO_V2_HIBRIDO_CLIMATOLOGIA,30,10,2.9639507467694663,EXCLUIDA_UNIDADES_MIXTAS,23.22155735507886,0.0,23.22155735507886,NO_CORREGIDO_UNIDADES_MIXTAS
2026-10-09,ENAPU,29.0,2026-10-08,2027-01-01,90,85,77.3059367256201,16.109078977636262,77.3059367256201,3.95,102.50464285714285,0.10400000000000015,16.452499999999983,HIBRIDO_ANALOGO_CLIM,ANALOGO_ESTADO_V2_HIBRIDO_CLIMATOLOGIA,30,10,2.9639507467694663,EXCLUIDA_UNIDADES_MIXTAS,23.22155735507886,0.0,23.22155735507886,NO_CORREGIDO_UNIDADES_MIXTAS
2026-10-09,ENAPU,29.0,2026-10-08,2027-01-02,90,86,78.088552464466,16.196508698115277,78.088552464466,3.95,102.5575,0.10200000000000015,16.487499999999983,HIBRIDO_ANALOGO_CLIM,ANALOGO_ESTADO_V2_HIBRIDO_CLIMATOLOGIA,30,10,2.9639507467694663,EXCLUIDA_UNIDADES_MIXTAS,23.22155735507886,0.0,23.22155735507886,NO_CORREGIDO_UNIDADES_MIXTAS
2026-10-09,ENAPU,29.0,2026-10-08,2027-01-03,90,87,78.88339631441195,16.27306451993962,78.88339631441195,3.95,102.63214285714285,0.06300000000000014,16.53749999999998,HIBRIDO_ANALOGO_CLIM,ANALOGO_ESTADO_V2_HIBRIDO_CLIMATOLOGIA,30,10,2.9639507467694663,EXCLUIDA_UNIDADES_MIXTAS,23.22155735507886,0.0,23.22155735507886,NO_CORREGIDO_UNIDADES_MIXTAS
2026-10-09,ENAPU,29.0,2026-10-08,2027-01-04,90,88,79.6520845224198,16.332191959074297,79.6520845224198,3.95,102.6775,0.015000000000000097,16.571499999999983,HIBRIDO_ANALOGO_CLIM,ANALOGO_ESTADO_V2_HIBRIDO_CLIMATOLOGIA,30,10,2.9639507467694663,EXCLUIDA_UNIDADES_MIXTAS,23.22155735507886,0.0,23.22155735507886,NO_CORREGIDO_UNIDADES_MIXTAS
2026-10-09,ENAPU,29.0,2026-10-08,2027-01-05,90,89,80.43438427127309,16.427466764375094,80.43438427127309,3.95,102.72892857142857,-0.0939999999999998,16.596499999999985,HIBRIDO_ANALOGO_CLIM,ANALOGO_ESTADO_V2_HIBRIDO_CLIMATOLOGIA,30,10,2.9639507467694663,EXCLUIDA_UNIDADES_MIXTAS,23.22155735507886,0.0,23.22155735507886,NO_CORREGIDO_UNIDADES_MIXTAS
2026-10-09,ENAPU,29.0,2026-10-08,2027-01-06,90,90,81.21608375698763,16.527549313664817,81.21608375698763,3.95,102.77892857142857,-0.14199999999999985,16.633499999999984,HIBRIDO_ANALOGO_CLIM,ANALOGO_ESTADO_V2_HIBRIDO_CLIMATOLOGIA,30,10,2.9639507467694663,EXCLUIDA_UNIDADES_MIXTAS,23.22155735507886,0.0,23.22155735507886,NO_CORREGIDO_UNIDADES_MIXTAS
2026-10-09,LAGUNAS,33.0,2026-10-08,2026-10-09,30,1,4.47,4.236418462208464,4.47,4.47,5.170744613374607,4.020890067920061,4.505090067920062,HIBRIDO_ANALOGO_CLIM,ANALOGO_ESTADO_V2_HIBRIDO_CLIMATOLOGIA,30,10,1.3529962037950252,OK_ANALOGOS_CONTINUIDAD_CORREGIDA,0.1417099320799382,-0.1417099320799382,0.0,CORREGIDO_ANCLA_OBSERVADO
2026-10-09,LAGUNAS,33.0,2026-10-08,2026-10-10,30,2,4.48245972918437,4.2156223435452,4.48245972918437,4.47,5.28297188610188,3.7981900679200615,4.757590067920061,HIBRIDO_ANALOGO_CLIM,ANALOGO_ESTADO_V2_HIBRIDO_CLIMATOLOGIA,30,10,1.3529962037950252,OK_ANALOGOS_CONTINUIDAD_CORREGIDA,0.1417099320799382,-0.1417099320799382,0.0,CORREGIDO_ANCLA_OBSERVADO
2026-10-09,LAGUNAS,33.0,2026-10-08,2026-10-11,30,3,4.422117377521391,4.085832541327895,4.422117377521391,4.47,5.43097188610188,3.6791900679200618,4.690790067920061,HIBRIDO_ANALOGO_CLIM,ANALOGO_ESTADO_V2_HIBRIDO_CLIMATOLOGIA,30,10,1.3529962037950252,OK_ANALOGOS_CONTINUIDAD_CORREGIDA,0.1417099320799382,-0.1417099320799382,0.0,CORREGIDO_ANCLA_OBSERVADO
2026-10-09,LAGUNAS,33.0,2026-10-08,2026-10-12,30,4,4.340701440315107,3.962884018992244,4.340701440315107,4.47,5.474153704283698,3.5690900679200617,4.696990067920061,HIBRIDO_ANALOGO_CLIM,ANALOGO_ESTADO_V2_HIBRIDO_CLIMATOLOGIA,30,10,1.3529962037950252,OK_ANALOGOS_CONTINUIDAD_CORREGIDA,0.1417099320799382,-0.1417099320799382,0.0,CORREGIDO_ANCLA_OBSERVADO
2026-10-09,LAGUNAS,33.0,2026-10-08,2026-10-13,30,5,4.392170529786757,3.9948731079847457,4.392170529786757,4.47,5.584062795192789,3.335590067920062,5.0485900679200615,HIBRIDO_ANALOGO_CLIM,ANALOGO_ESTADO_V2_HIBRIDO_CLIMATOLOGIA,30,10,1.3529962037950252,OK_ANALOGOS_CONTINUIDAD_CORREGIDA,0.1417099320799382,-0.1417099320799382,0.0,CORREGIDO_ANCLA_OBSERVADO
2026-10-09,LAGUNAS,33.0,2026-10-08,2026-10-14,30,6,4.539348396690498,4.133549657795795,4.539348396690498,4.47,5.7567446133746065,3.154390067920062,5.341990067920062,HIBRIDO_ANALOGO_CLIM,ANALOGO_ESTADO_V2_HIBRIDO_CLIMATOLOGIA,30,10,1.3529962037950252,OK_ANALOGOS_CONTINUIDAD_CORREGIDA,0.1417099320799382,-0.1417099320799382,0.0,CORREGIDO_ANCLA_OBSERVADO
2026-10-09,LAGUNAS,33.0,2026-10-08,2026-10-15,30,7,4.814592856053082,4.480678633915604,4.814592856053082,4.47,5.816335522465517,3.1758900679200615,6.336590067920062,HIBRIDO_ANALOGO_CLIM,ANALOGO_ESTADO_V2_HIBRIDO_CLIMATOLOGIA,30,10,1.3529962037950252,OK_ANALOGOS_CONTINUIDAD_CORREGIDA,0.1417099320799382,-0.1417099320799382,0.0,CORREGIDO_ANCLA_OBSERVADO
2026-10-09,LAGUNAS,33.0,2026-10-08,2026-10-16,30,8,4.927924482462319,4.6395147418551925,4.927924482462319,4.47,5.793153704283698,3.110890067920061,6.5927900679200615,HIBRIDO_ANALOGO_CLIM,ANALOGO_ESTADO_V2_HIBRIDO_CLIMATOLOGIA,30,10,1.3529962037950252,OK_ANALOGOS_CONTINUIDAD_CORREGIDA,0.1417099320799382,-0.1417099320799382,0.0,CORREGIDO_ANCLA_OBSERVADO
2026-10-09,LAGUNAS,33.0,2026-10-08,2026-10-17,30,9,5.000571774022329,4.769514160904903,5.000571774022329,4.47,5.693744613374607,3.0482900679200613,6.547790067920062,HIBRIDO_ANALOGO_CLIM,ANALOGO_ESTADO_V2_HIBRIDO_CLIMATOLOGIA,30,10,1.3529962037950252,OK_ANALOGOS_CONTINUIDAD_CORREGIDA,0.1417099320799382,-0.1417099320799382,0.0,CORREGIDO_ANCLA_OBSERVADO
2026-10-09,LAGUNAS,33.0,2026-10-08,2026-10-18,30,10,5.056421508806509,4.8081774436474465,5.056421508806509,4.47,5.801153704283698,2.9409900679200613,6.550290067920061,HIBRIDO_ANALOGO_CLIM,ANALOGO_ESTADO_V2_HIBRIDO_CLIMATOLOGIA,30,10,1.3529962037950252,OK_ANALOGOS_CONTINUIDAD_CORREGIDA,0.1417099320799382,-0.1417099320799382,0.0,CORREGIDO_ANCLA_OBSERVADO
2026-10-09,LAGUNAS,33.0,2026-10-08,2026-10-19,30,11,5.32511614142848,4.741588468961589,5.32511614142848,4.47,7.075699158829152,2.811890067920061,6.261490067920062,HIBRIDO_ANALOGO_CLIM,ANALOGO_ESTADO_V2_HIBRIDO_CLIMATOLOGIA,30,10,1.3529962037950252,OK_ANALOGOS_CONTINUIDAD_CORREGIDA,0.1417099320799382,-0.1417099320799382,0.0,CORREGIDO_ANCLA_OBSERVADO
2026-10-09,LAGUNAS,33.0,2026-10-08,2026-10-20,30,12,5.039757229582622,4.790594768318627,5.039757229582622,4.47,5.787244613374607,2.7880900679200615,6.131490067920061,HIBRIDO_ANALOGO_CLIM,ANALOGO_ESTADO_V2_HIBRIDO_CLIMATOLOGIA,30,10,1.3529962037950252,OK_ANALOGOS_CONTINUIDAD_CORREGIDA,0.1417099320799382,-0.1417099320799382,0.0,CORREGIDO_ANCLA_OBSERVADO
2026-10-09,LAGUNAS,33.0,2026-10-08,2026-10-21,30,13,5.174709449534316,4.959728031284523,5.174709449534316,4.47,5.819653704283699,3.1510900679200615,6.592590067920061,HIBRIDO_ANALOGO_CLIM,ANALOGO_ESTADO_V2_HIBRIDO_CLIMATOLOGIA,30,10,1.3529962037950252,OK_ANALOGOS_CONTINUIDAD_CORREGIDA,0.1417099320799382,-0.1417099320799382,0.0,CORREGIDO_ANCLA_OBSERVADO
2026-10-09,LAGUNAS,33.0,2026-10-08,2026-10-22,30,14,5.109522568667028,4.867039462855411,5.109522568667028,4.47,5.83697188610188,2.8423900679200615,6.581390067920061,HIBRIDO_ANALOGO_CLIM,ANALOGO_ESTADO_V2_HIBRIDO_CLIMATOLOGIA,30,10,1.3529962037950252,OK_ANALOGOS_CONTINUIDAD_CORREGIDA,0.1417099320799382,-0.1417099320799382,0.0,CORREGIDO_ANCLA_OBSERVADO
2026-10-09,LAGUNAS,33.0,2026-10-08,2026-10-23,30,15,4.994432483676503,4.73281328892865,4.994432483676503,4.47,5.779290067920062,2.7352900679200616,6.130790067920062,HIBRIDO_ANALOGO_CLIM,ANALOGO_ESTADO_V2_HIBRIDO_CLIMATOLOGIA,30,10,1.3529962037950252,OK_ANALOGOS_CONTINUIDAD_CORREGIDA,0.1417099320799382,-0.1417099320799382,0.0,CORREGIDO_ANCLA_OBSERVADO
2026-10-09,LAGUNAS,33.0,2026-10-08,2026-10-24,30,16,5.841197979889439,5.848697586909534,5.841197979889439,4.47,5.818699158829152,2.826090067920062,7.739590067920058,HIBRIDO_ANALOGO_CLIM,ANALOGO_ESTADO_V2_HIBRIDO_CLIMATOLOGIA,30,10,1.3529962037950252,OK_ANALOGOS_CONTINUIDAD_CORREGIDA,0.1417099320799382,-0.1417099320799382,0.0,CORREGIDO_ANCLA_OBSERVADO
2026-10-09,LAGUNAS,33.0,2026-10-08,2026-10-25,30,17,4.84946337713048,4.515566601412741,4.84946337713048,4.47,5.851153704283698,2.7530900679200614,6.119090067920062,HIBRIDO_ANALOGO_CLIM,ANALOGO_ESTADO_V2_HIBRIDO_CLIMATOLOGIA,30,10,1.3529962037950252,OK_ANALOGOS_CONTINUIDAD_CORREGIDA,0.1417099320799382,-0.1417099320799382,0.0,CORREGIDO_ANCLA_OBSERVADO
2026-10-09,LAGUNAS,33.0,2026-10-08,2026-10-26,30,18,4.928079405955603,4.523251609543207,4.928079405955603,4.47,6.14256279519279,2.657290067920062,6.379490067920062,HIBRIDO_ANALOGO_CLIM,ANALOGO_ESTADO_V2_HIBRIDO_CLIMATOLOGIA,30,10,1.3529962037950252,OK_ANALOGOS_CONTINUIDAD_CORREGIDA,0.1417099320799382,-0.1417099320799382,0.0,CORREGIDO_ANCLA_OBSERVADO
2026-10-09,LAGUNAS,33.0,2026-10-08,2026-10-27,30,19,5.040711230574822,4.650745557520349,5.040711230574822,4.47,6.210608249738244,2.574090067920062,6.543790067920062,HIBRIDO_ANALOGO_CLIM,ANALOGO_ESTADO_V2_HIBRIDO_CLIMATOLOGIA,30,10,1.3529962037950252,OK_ANALOGOS_CONTINUIDAD_CORREGIDA,0.1417099320799382,-0.1417099320799382,0.0,CORREGIDO_ANCLA_OBSERVADO
2026-10-09,LAGUNAS,33.0,2026-10-08,2026-10-28,30,20,5.143935306269844,4.736498870568256,5.143935306269844,4.47,6.366244613374608,2.463090067920062,6.949290067920061,HIBRIDO_ANALOGO_CLIM,ANALOGO_ESTADO_V2_HIBRIDO_CLIMATOLOGIA,30,10,1.3529962037950252,OK_ANALOGOS_CONTINUIDAD_CORREGIDA,0.1417099320799382,-0.1417099320799382,0.0,CORREGIDO_ANCLA_OBSERVADO
2026-10-09,LAGUNAS,33.0,2026-10-08,2026-10-29,30,21,5.186774957847695,4.743663860550845,5.186774957847695,4.47,6.516108249738244,2.3839900679200614,7.101090067920061,HIBRIDO_ANALOGO_CLIM,ANALOGO_ESTADO_V2_HIBRIDO_CLIMATOLOGIA,30,10,1.3529962037950252,OK_ANALOGOS_CONTINUIDAD_CORREGIDA,0.1417099320799382,-0.1417099320799382,0.0,CORREGIDO_ANCLA_OBSERVADO
2026-10-09,LAGUNAS,33.0,2026-10-08,2026-10-30,30,22,5.221561228310611,4.76484858480443,5.221561228310611,4.47,6.591699158829153,2.3246900679200615,6.936590067920061,HIBRIDO_ANALOGO_CLIM,ANALOGO_ESTADO_V2_HIBRIDO_CLIMATOLOGIA,30,10,1.3529962037950252,OK_ANALOGOS_CONTINUIDAD_CORREGIDA,0.1417099320799382,-0.1417099320799382,0.0,CORREGIDO_ANCLA_OBSERVADO
2026-10-09,LAGUNAS,33.0,2026-10-08,2026-10-31,30,23,5.235823101892716,4.7575159313987525,5.235823101892716,4.47,6.670744613374607,2.331490067920061,6.9292900679200615,HIBRIDO_ANALOGO_CLIM,ANALOGO_ESTADO_V2_HIBRIDO_CLIMATOLOGIA,30,10,1.3529962037950252,OK_ANALOGOS_CONTINUIDAD_CORREGIDA,0.1417099320799382,-0.1417099320799382,0.0,CORREGIDO_ANCLA_OBSERVADO
2026-10-09,LAGUNAS,33.0,2026-10-08,2026-11-01,30,24,5.3826038244687835,4.920572046348661,5.3826038244687835,4.47,6.768699158829152,2.4754900679200613,7.003790067920061,HIBRIDO_ANALOGO_CLIM,ANALOGO_ESTADO_V2_HIBRIDO_CLIMATOLOGIA,30,10,1.3529962037950252,OK_ANALOGOS_CONTINUIDAD_CORREGIDA,0.1417099320799382,-0.1417099320799382,0.0,CORREGIDO_ANCLA_OBSERVADO
2026-10-09,LAGUNAS,33.0,2026-10-08,2026-11-02,30,25,5.438698934066143,4.992214010660292,5.438698934066143,4.47,6.778153704283698,2.5890900679200612,7.001290067920062,HIBRIDO_ANALOGO_CLIM,ANALOGO_ESTADO_V2_HIBRIDO_CLIMATOLOGIA,30,10,1.3529962037950252,OK_ANALOGOS_CONTINUIDAD_CORREGIDA,0.1417099320799382,-0.1417099320799382,0.0,CORREGIDO_ANCLA_OBSERVADO
2026-10-09,LAGUNAS,33.0,2026-10-08,2026-11-03,30,26,5.5198175888569265,5.1191449443207295,5.5198175888569265,4.47,6.721835522465516,2.6076900679200614,6.891490067920062,HIBRIDO_ANALOGO_CLIM,ANALOGO_ESTADO_V2_HIBRIDO_CLIMATOLOGIA,30,10,1.3529962037950252,OK_ANALOGOS_CONTINUIDAD_CORREGIDA,0.1417099320799382,-0.1417099320799382,0.0,CORREGIDO_ANCLA_OBSERVADO
2026-10-09,LAGUNAS,33.0,2026-10-08,2026-11-04,30,27,5.534507013081739,5.121049025105328,5.534507013081739,4.47,6.77488097701097,2.6072900679200615,7.101790067920061,HIBRIDO_ANALOGO_CLIM,ANALOGO_ESTADO_V2_HIBRIDO_CLIMATOLOGIA,30,10,1.3529962037950252,OK_ANALOGOS_CONTINUIDAD_CORREGIDA,0.1417099320799382,-0.1417099320799382,0.0,CORREGIDO_ANCLA_OBSERVADO
2026-10-09,LAGUNAS,33.0,2026-10-08,2026-11-05,30,28,5.531702081632814,5.099536389234035,5.531702081632814,4.47,6.828199158829152,2.6312900679200615,6.901590067920061,HIBRIDO_ANALOGO_CLIM,ANALOGO_ESTADO_V2_HIBRIDO_CLIMATOLOGIA,30,10,1.3529962037950252,OK_ANALOGOS_CONTINUIDAD_CORREGIDA,0.1417099320799382,-0.1417099320799382,0.0,CORREGIDO_ANCLA_OBSERVADO
2026-10-09,LAGUNAS,33.0,2026-10-08,2026-11-06,30,29,5.53749962143191,5.069963411996466,5.53749962143191,4.47,6.940108249738244,2.582690067920061,6.813390067920061,HIBRIDO_ANALOGO_CLIM,ANALOGO_ESTADO_V2_HIBRIDO_CLIMATOLOGIA,30,10,1.3529962037950252,OK_ANALOGOS_CONTINUIDAD_CORREGIDA,0.1417099320799382,-0.1417099320799382,0.0,CORREGIDO_ANCLA_OBSERVADO
2026-10-09,LAGUNAS,33.0,2026-10-08,2026-11-07,30,30,5.52226981089843,5.022914573709402,5.52226981089843,4.47,7.020335522465516,2.4209900679200613,6.706790067920061,HIBRIDO_ANALOGO_CLIM,ANALOGO_ESTADO_V2_HIBRIDO_CLIMATOLOGIA,30,10,1.3529962037950252,OK_ANALOGOS_CONTINUIDAD_CORREGIDA,0.1417099320799382,-0.1417099320799382,0.0,CORREGIDO_ANCLA_OBSERVADO
2026-10-09,LAGUNAS,33.0,2026-10-08,2026-10-09,60,1,4.47,4.236418462208464,4.47,4.47,5.170744613374607,4.020890067920061,4.505090067920062,HIBRIDO_ANALOGO_CLIM,ANALOGO_ESTADO_V2_HIBRIDO_CLIMATOLOGIA,30,10,1.3529962037950252,OK_ANALOGOS_CONTINUIDAD_CORREGIDA,0.1417099320799382,-0.1417099320799382,0.0,CORREGIDO_ANCLA_OBSERVADO
2026-10-09,LAGUNAS,33.0,2026-10-08,2026-10-10,60,2,4.48245972918437,4.2156223435452,4.48245972918437,4.47,5.28297188610188,3.7981900679200615,4.757590067920061,HIBRIDO_ANALOGO_CLIM,ANALOGO_ESTADO_V2_HIBRIDO_CLIMATOLOGIA,30,10,1.3529962037950252,OK_ANALOGOS_CONTINUIDAD_CORREGIDA,0.1417099320799382,-0.1417099320799382,0.0,CORREGIDO_ANCLA_OBSERVADO
2026-10-09,LAGUNAS,33.0,2026-10-08,2026-10-11,60,3,4.422117377521391,4.085832541327895,4.422117377521391,4.47,5.43097188610188,3.6791900679200618,4.690790067920061,HIBRIDO_ANALOGO_CLIM,ANALOGO_ESTADO_V2_HIBRIDO_CLIMATOLOGIA,30,10,1.3529962037950252,OK_ANALOGOS_CONTINUIDAD_CORREGIDA,0.1417099320799382,-0.1417099320799382,0.0,CORREGIDO_ANCLA_OBSERVADO
2026-10-09,LAGUNAS,33.0,2026-10-08,2026-10-12,60,4,4.340701440315107,3.962884018992244,4.340701440315107,4.47,5.474153704283698,3.5690900679200617,4.696990067920061,HIBRIDO_ANALOGO_CLIM,ANALOGO_ESTADO_V2_HIBRIDO_CLIMATOLOGIA,30,10,1.3529962037950252,OK_ANALOGOS_CONTINUIDAD_CORREGIDA,0.1417099320799382,-0.1417099320799382,0.0,CORREGIDO_ANCLA_OBSERVADO
2026-10-09,LAGUNAS,33.0,2026-10-08,2026-10-13,60,5,4.392170529786757,3.9948731079847457,4.392170529786757,4.47,5.584062795192789,3.335590067920062,5.0485900679200615,HIBRIDO_ANALOGO_CLIM,ANALOGO_ESTADO_V2_HIBRIDO_CLIMATOLOGIA,30,10,1.3529962037950252,OK_ANALOGOS_CONTINUIDAD_CORREGIDA,0.1417099320799382,-0.1417099320799382,0.0,CORREGIDO_ANCLA_OBSERVADO
2026-10-09,LAGUNAS,33.0,2026-10-08,2026-10-14,60,6,4.539348396690498,4.133549657795795,4.539348396690498,4.47,5.7567446133746065,3.154390067920062,5.341990067920062,HIBRIDO_ANALOGO_CLIM,ANALOGO_ESTADO_V2_HIBRIDO_CLIMATOLOGIA,30,10,1.3529962037950252,OK_ANALOGOS_CONTINUIDAD_CORREGIDA,0.1417099320799382,-0.1417099320799382,0.0,CORREGIDO_ANCLA_OBSERVADO
2026-10-09,LAGUNAS,33.0,2026-10-08,2026-10-15,60,7,4.814592856053082,4.480678633915604,4.814592856053082,4.47,5.816335522465517,3.1758900679200615,6.336590067920062,HIBRIDO_ANALOGO_CLIM,ANALOGO_ESTADO_V2_HIBRIDO_CLIMATOLOGIA,30,10,1.3529962037950252,OK_ANALOGOS_CONTINUIDAD_CORREGIDA,0.1417099320799382,-0.1417099320799382,0.0,CORREGIDO_ANCLA_OBSERVADO
2026-10-09,LAGUNAS,33.0,2026-10-08,2026-10-16,60,8,4.927924482462319,4.6395147418551925,4.927924482462319,4.47,5.793153704283698,3.110890067920061,6.5927900679200615,HIBRIDO_ANALOGO_CLIM,ANALOGO_ESTADO_V2_HIBRIDO_CLIMATOLOGIA,30,10,1.3529962037950252,OK_ANALOGOS_CONTINUIDAD_CORREGIDA,0.1417099320799382,-0.1417099320799382,0.0,CORREGIDO_ANCLA_OBSERVADO
2026-10-09,LAGUNAS,33.0,2026-10-08,2026-10-17,60,9,5.000571774022329,4.769514160904903,5.000571774022329,4.47,5.693744613374607,3.0482900679200613,6.547790067920062,HIBRIDO_ANALOGO_CLIM,ANALOGO_ESTADO_V2_HIBRIDO_CLIMATOLOGIA,30,10,1.3529962037950252,OK_ANALOGOS_CONTINUIDAD_CORREGIDA,0.1417099320799382,-0.1417099320799382,0.0,CORREGIDO_ANCLA_OBSERVADO
2026-10-09,LAGUNAS,33.0,2026-10-08,2026-10-18,60,10,5.056421508806509,4.8081774436474465,5.056421508806509,4.47,5.801153704283698,2.9409900679200613,6.550290067920061,HIBRIDO_ANALOGO_CLIM,ANALOGO_ESTADO_V2_HIBRIDO_CLIMATOLOGIA,30,10,1.3529962037950252,OK_ANALOGOS_CONTINUIDAD_CORREGIDA,0.1417099320799382,-0.1417099320799382,0.0,CORREGIDO_ANCLA_OBSERVADO
2026-10-09,LAGUNAS,33.0,2026-10-08,2026-10-19,60,11,5.32511614142848,4.741588468961589,5.32511614142848,4.47,7.075699158829152,2.811890067920061,6.261490067920062,HIBRIDO_ANALOGO_CLIM,ANALOGO_ESTADO_V2_HIBRIDO_CLIMATOLOGIA,30,10,1.3529962037950252,OK_ANALOGOS_CONTINUIDAD_CORREGIDA,0.1417099320799382,-0.1417099320799382,0.0,CORREGIDO_ANCLA_OBSERVADO
2026-10-09,LAGUNAS,33.0,2026-10-08,2026-10-20,60,12,5.039757229582622,4.790594768318627,5.039757229582622,4.47,5.787244613374607,2.7880900679200615,6.131490067920061,HIBRIDO_ANALOGO_CLIM,ANALOGO_ESTADO_V2_HIBRIDO_CLIMATOLOGIA,30,10,1.3529962037950252,OK_ANALOGOS_CONTINUIDAD_CORREGIDA,0.1417099320799382,-0.1417099320799382,0.0,CORREGIDO_ANCLA_OBSERVADO
2026-10-09,LAGUNAS,33.0,2026-10-08,2026-10-21,60,13,5.174709449534316,4.959728031284523,5.174709449534316,4.47,5.819653704283699,3.1510900679200615,6.592590067920061,HIBRIDO_ANALOGO_CLIM,ANALOGO_ESTADO_V2_HIBRIDO_CLIMATOLOGIA,30,10,1.3529962037950252,OK_ANALOGOS_CONTINUIDAD_CORREGIDA,0.1417099320799382,-0.1417099320799382,0.0,CORREGIDO_ANCLA_OBSERVADO
2026-10-09,LAGUNAS,33.0,2026-10-08,2026-10-22,60,14,5.109522568667028,4.867039462855411,5.109522568667028,4.47,5.83697188610188,2.8423900679200615,6.581390067920061,HIBRIDO_ANALOGO_CLIM,ANALOGO_ESTADO_V2_HIBRIDO_CLIMATOLOGIA,30,10,1.3529962037950252,OK_ANALOGOS_CONTINUIDAD_CORREGIDA,0.1417099320799382,-0.1417099320799382,0.0,CORREGIDO_ANCLA_OBSERVADO
2026-10-09,LAGUNAS,33.0,2026-10-08,2026-10-23,60,15,4.994432483676503,4.73281328892865,4.994432483676503,4.47,5.779290067920062,2.7352900679200616,6.130790067920062,HIBRIDO_ANALOGO_CLIM,ANALOGO_ESTADO_V2_HIBRIDO_CLIMATOLOGIA,30,10,1.3529962037950252,OK_ANALOGOS_CONTINUIDAD_CORREGIDA,0.1417099320799382,-0.1417099320799382,0.0,CORREGIDO_ANCLA_OBSERVADO
2026-10-09,LAGUNAS,33.0,2026-10-08,2026-10-24,60,16,5.841197979889439,5.848697586909534,5.841197979889439,4.47,5.818699158829152,2.826090067920062,7.739590067920058,HIBRIDO_ANALOGO_CLIM,ANALOGO_ESTADO_V2_HIBRIDO_CLIMATOLOGIA,30,10,1.3529962037950252,OK_ANALOGOS_CONTINUIDAD_CORREGIDA,0.1417099320799382,-0.1417099320799382,0.0,CORREGIDO_ANCLA_OBSERVADO
2026-10-09,LAGUNAS,33.0,2026-10-08,2026-10-25,60,17,4.84946337713048,4.515566601412741,4.84946337713048,4.47,5.851153704283698,2.7530900679200614,6.119090067920062,HIBRIDO_ANALOGO_CLIM,ANALOGO_ESTADO_V2_HIBRIDO_CLIMATOLOGIA,30,10,1.3529962037950252,OK_ANALOGOS_CONTINUIDAD_CORREGIDA,0.1417099320799382,-0.1417099320799382,0.0,CORREGIDO_ANCLA_OBSERVADO
2026-10-09,LAGUNAS,33.0,2026-10-08,2026-10-26,60,18,4.928079405955603,4.523251609543207,4.928079405955603,4.47,6.14256279519279,2.657290067920062,6.379490067920062,HIBRIDO_ANALOGO_CLIM,ANALOGO_ESTADO_V2_HIBRIDO_CLIMATOLOGIA,30,10,1.3529962037950252,OK_ANALOGOS_CONTINUIDAD_CORREGIDA,0.1417099320799382,-0.1417099320799382,0.0,CORREGIDO_ANCLA_OBSERVADO
2026-10-09,LAGUNAS,33.0,2026-10-08,2026-10-27,60,19,5.040711230574822,4.650745557520349,5.040711230574822,4.47,6.210608249738244,2.574090067920062,6.543790067920062,HIBRIDO_ANALOGO_CLIM,ANALOGO_ESTADO_V2_HIBRIDO_CLIMATOLOGIA,30,10,1.3529962037950252,OK_ANALOGOS_CONTINUIDAD_CORREGIDA,0.1417099320799382,-0.1417099320799382,0.0,CORREGIDO_ANCLA_OBSERVADO
2026-10-09,LAGUNAS,33.0,2026-10-08,2026-10-28,60,20,5.143935306269844,4.736498870568256,5.143935306269844,4.47,6.366244613374608,2.463090067920062,6.949290067920061,HIBRIDO_ANALOGO_CLIM,ANALOGO_ESTADO_V2_HIBRIDO_CLIMATOLOGIA,30,10,1.3529962037950252,OK_ANALOGOS_CONTINUIDAD_CORREGIDA,0.1417099320799382,-0.1417099320799382,0.0,CORREGIDO_ANCLA_OBSERVADO
2026-10-09,LAGUNAS,33.0,2026-10-08,2026-10-29,60,21,5.186774957847695,4.743663860550845,5.186774957847695,4.47,6.516108249738244,2.3839900679200614,7.101090067920061,HIBRIDO_ANALOGO_CLIM,ANALOGO_ESTADO_V2_HIBRIDO_CLIMATOLOGIA,30,10,1.3529962037950252,OK_ANALOGOS_CONTINUIDAD_CORREGIDA,0.1417099320799382,-0.1417099320799382,0.0,CORREGIDO_ANCLA_OBSERVADO
2026-10-09,LAGUNAS,33.0,2026-10-08,2026-10-30,60,22,5.221561228310611,4.76484858480443,5.221561228310611,4.47,6.591699158829153,2.3246900679200615,6.936590067920061,HIBRIDO_ANALOGO_CLIM,ANALOGO_ESTADO_V2_HIBRIDO_CLIMATOLOGIA,30,10,1.3529962037950252,OK_ANALOGOS_CONTINUIDAD_CORREGIDA,0.1417099320799382,-0.1417099320799382,0.0,CORREGIDO_ANCLA_OBSERVADO
2026-10-09,LAGUNAS,33.0,2026-10-08,2026-10-31,60,23,5.235823101892716,4.7575159313987525,5.235823101892716,4.47,6.670744613374607,2.331490067920061,6.9292900679200615,HIBRIDO_ANALOGO_CLIM,ANALOGO_ESTADO_V2_HIBRIDO_CLIMATOLOGIA,30,10,1.3529962037950252,OK_ANALOGOS_CONTINUIDAD_CORREGIDA,0.1417099320799382,-0.1417099320799382,0.0,CORREGIDO_ANCLA_OBSERVADO
2026-10-09,LAGUNAS,33.0,2026-10-08,2026-11-01,60,24,5.3826038244687835,4.920572046348661,5.3826038244687835,4.47,6.768699158829152,2.4754900679200613,7.003790067920061,HIBRIDO_ANALOGO_CLIM,ANALOGO_ESTADO_V2_HIBRIDO_CLIMATOLOGIA,30,10,1.3529962037950252,OK_ANALOGOS_CONTINUIDAD_CORREGIDA,0.1417099320799382,-0.1417099320799382,0.0,CORREGIDO_ANCLA_OBSERVADO
2026-10-09,LAGUNAS,33.0,2026-10-08,2026-11-02,60,25,5.438698934066143,4.992214010660292,5.438698934066143,4.47,6.778153704283698,2.5890900679200612,7.001290067920062,HIBRIDO_ANALOGO_CLIM,ANALOGO_ESTADO_V2_HIBRIDO_CLIMATOLOGIA,30,10,1.3529962037950252,OK_ANALOGOS_CONTINUIDAD_CORREGIDA,0.1417099320799382,-0.1417099320799382,0.0,CORREGIDO_ANCLA_OBSERVADO
2026-10-09,LAGUNAS,33.0,2026-10-08,2026-11-03,60,26,5.5198175888569265,5.1191449443207295,5.5198175888569265,4.47,6.721835522465516,2.6076900679200614,6.891490067920062,HIBRIDO_ANALOGO_CLIM,ANALOGO_ESTADO_V2_HIBRIDO_CLIMATOLOGIA,30,10,1.3529962037950252,OK_ANALOGOS_CONTINUIDAD_CORREGIDA,0.1417099320799382,-0.1417099320799382,0.0,CORREGIDO_ANCLA_OBSERVADO
2026-10-09,LAGUNAS,33.0,2026-10-08,2026-11-04,60,27,5.534507013081739,5.121049025105328,5.534507013081739,4.47,6.77488097701097,2.6072900679200615,7.101790067920061,HIBRIDO_ANALOGO_CLIM,ANALOGO_ESTADO_V2_HIBRIDO_CLIMATOLOGIA,30,10,1.3529962037950252,OK_ANALOGOS_CONTINUIDAD_CORREGIDA,0.1417099320799382,-0.1417099320799382,0.0,CORREGIDO_ANCLA_OBSERVADO
2026-10-09,LAGUNAS,33.0,2026-10-08,2026-11-05,60,28,5.531702081632814,5.099536389234035,5.531702081632814,4.47,6.828199158829152,2.6312900679200615,6.901590067920061,HIBRIDO_ANALOGO_CLIM,ANALOGO_ESTADO_V2_HIBRIDO_CLIMATOLOGIA,30,10,1.3529962037950252,OK_ANALOGOS_CONTINUIDAD_CORREGIDA,0.1417099320799382,-0.1417099320799382,0.0,CORREGIDO_ANCLA_OBSERVADO
2026-10-09,LAGUNAS,33.0,2026-10-08,2026-11-06,60,29,5.53749962143191,5.069963411996466,5.53749962143191,4.47,6.940108249738244,2.582690067920061,6.813390067920061,HIBRIDO_ANALOGO_CLIM,ANALOGO_ESTADO_V2_HIBRIDO_CLIMATOLOGIA,30,10,1.3529962037950252,OK_ANALOGOS_CONTINUIDAD_CORREGIDA,0.1417099320799382,-0.1417099320799382,0.0,CORREGIDO_ANCLA_OBSERVADO
2026-10-09,LAGUNAS,33.0,2026-10-08,2026-11-07,60,30,5.52226981089843,5.022914573709402,5.52226981089843,4.47,7.020335522465516,2.4209900679200613,6.706790067920061,HIBRIDO_ANALOGO_CLIM,ANALOGO_ESTADO_V2_HIBRIDO_CLIMATOLOGIA,30,10,1.3529962037950252,OK_ANALOGOS_CONTINUIDAD_CORREGIDA,0.1417099320799382,-0.1417099320799382,0.0,CORREGIDO_ANCLA_OBSERVADO
2026-10-09,LAGUNAS,33.0,2026-10-08,2026-11-08,60,31,5.652127914463656,5.1299953359870125,5.652127914463656,4.47,7.151153704283697,2.3119900679200613,6.632990067920061,HIBRIDO_ANALOGO_CLIM,ANALOGO_ESTADO_V2_HIBRIDO_CLIMATOLOGIA,30,10,1.3529962037950252,OK_ANALOGOS_CONTINUIDAD_CORREGIDA,0.1417099320799382,-0.1417099320799382,0.0,CORREGIDO_ANCLA_OBSERVADO
2026-10-09,LAGUNAS,33.0,2026-10-08,2026-11-09,60,32,5.765924450108474,5.2182212502431025,5.765924450108474,4.47,7.2721082497382445,2.736890067920062,6.735590067920061,HIBRIDO_ANALOGO_CLIM,ANALOGO_ESTADO_V2_HIBRIDO_CLIMATOLOGIA,30,10,1.3529962037950252,OK_ANALOGOS_CONTINUIDAD_CORREGIDA,0.1417099320799382,-0.1417099320799382,0.0,CORREGIDO_ANCLA_OBSERVADO
2026-10-09,LAGUNAS,33.0,2026-10-08,2026-11-10,60,33,5.778761816060274,5.244871789492769,5.778761816060274,4.47,7.186290067920062,3.2480900679200615,6.835790067920062,HIBRIDO_ANALOGO_CLIM,ANALOGO_ESTADO_V2_HIBRIDO_CLIMATOLOGIA,30,10,1.3529962037950252,OK_ANALOGOS_CONTINUIDAD_CORREGIDA,0.1417099320799382,-0.1417099320799382,0.0,CORREGIDO_ANCLA_OBSERVADO
2026-10-09,LAGUNAS,33.0,2026-10-08,2026-11-11,60,34,5.699265060897065,5.160286886873174,5.699265060897065,4.47,7.062562795192789,3.0952900679200614,6.8965900679200605,HIBRIDO_ANALOGO_CLIM,ANALOGO_ESTADO_V2_HIBRIDO_CLIMATOLOGIA,30,10,1.3529962037950252,OK_ANALOGOS_CONTINUIDAD_CORREGIDA,0.1417099320799382,-0.1417099320799382,0.0,CORREGIDO_ANCLA_OBSERVADO
2026-10-09,LAGUNAS,33.0,2026-10-08,2026-11-12,60,35,5.6702629577170525,5.105872115547899,5.6702629577170525,4.47,7.040926431556425,2.851590067920062,6.846590067920061,HIBRIDO_ANALOGO_CLIM,ANALOGO_ESTADO_V2_HIBRIDO_CLIMATOLOGIA,30,10,1.3529962037950252,OK_ANALOGOS_CONTINUIDAD_CORREGIDA,0.1417099320799382,-0.1417099320799382,0.0,CORREGIDO_ANCLA_OBSERVADO
2026-10-09,LAGUNAS,33.0,2026-10-08,2026-11-13,60,36,5.666522124132311,5.09157612224925,5.666522124132311,4.47,7.008062795192789,2.6020900679200616,7.140590067920061,HIBRIDO_ANALOGO_CLIM,ANALOGO_ESTADO_V2_HIBRIDO_CLIMATOLOGIA,30,10,1.3529962037950252,OK_ANALOGOS_CONTINUIDAD_CORREGIDA,0.1417099320799382,-0.1417099320799382,0.0,CORREGIDO_ANCLA_OBSERVADO
2026-10-09,LAGUNAS,33.0,2026-10-08,2026-11-14,60,37,5.722619897811795,5.143228595255316,5.722619897811795,4.47,7.022335522465517,2.2990900679200617,7.803290067920062,HIBRIDO_ANALOGO_CLIM,ANALOGO_ESTADO_V2_HIBRIDO_CLIMATOLOGIA,30,10,1.3529962037950252,OK_ANALOGOS_CONTINUIDAD_CORREGIDA,0.1417099320799382,-0.1417099320799382,0.0,CORREGIDO_ANCLA_OBSERVADO
2026-10-09,LAGUNAS,33.0,2026-10-08,2026-11-15,60,38,5.867331676616155,5.325703508583968,5.867331676616155,4.47,7.036108249738243,2.0372900679200616,7.967590067920061,HIBRIDO_ANALOGO_CLIM,ANALOGO_ESTADO_V2_HIBRIDO_CLIMATOLOGIA,30,10,1.3529962037950252,OK_ANALOGOS_CONTINUIDAD_CORREGIDA,0.1417099320799382,-0.1417099320799382,0.0,CORREGIDO_ANCLA_OBSERVADO
2026-10-09,LAGUNAS,33.0,2026-10-08,2026-11-16,60,39,6.01719249403035,5.48467076653463,6.01719249403035,4.47,7.123199158829153,1.9126900679200616,8.02079006792006,HIBRIDO_ANALOGO_CLIM,ANALOGO_ESTADO_V2_HIBRIDO_CLIMATOLOGIA,30,10,1.3529962037950252,OK_ANALOGOS_CONTINUIDAD_CORREGIDA,0.1417099320799382,-0.1417099320799382,0.0,CORREGIDO_ANCLA_OBSERVADO
2026-10-09,LAGUNAS,33.0,2026-10-08,2026-11-17,60,40,6.116001662828402,5.536607460282571,6.116001662828402,4.47,7.274790067920062,1.8689900679200613,7.866290067920061,HIBRIDO_ANALOGO_CLIM,ANALOGO_ESTADO_V2_HIBRIDO_CLIMATOLOGIA,30,10,1.3529962037950252,OK_ANALOGOS_CONTINUIDAD_CORREGIDA,0.1417099320799382,-0.1417099320799382,0.0,CORREGIDO_ANCLA_OBSERVADO
2026-10-09,LAGUNAS,33.0,2026-10-08,2026-11-18,60,41,6.2837296041902,5.695331711046164,6.2837296041902,4.47,7.41747188610188,1.8540900679200618,7.819090067920062,HIBRIDO_ANALOGO_CLIM,ANALOGO_ESTADO_V2_HIBRIDO_CLIMATOLOGIA,30,10,1.3529962037950252,OK_ANALOGOS_CONTINUIDAD_CORREGIDA,0.1417099320799382,-0.1417099320799382,0.0,CORREGIDO_ANCLA_OBSERVADO
2026-10-09,LAGUNAS,33.0,2026-10-08,2026-11-19,60,42,6.40903000401375,5.858337522050211,6.40903000401375,4.47,7.431744613374608,2.0560900679200618,8.364790067920062,HIBRIDO_ANALOGO_CLIM,ANALOGO_ESTADO_V2_HIBRIDO_CLIMATOLOGIA,30,10,1.3529962037950252,OK_ANALOGOS_CONTINUIDAD_CORREGIDA,0.1417099320799382,-0.1417099320799382,0.0,CORREGIDO_ANCLA_OBSERVADO
2026-10-09,LAGUNAS,33.0,2026-10-08,2026-11-20,60,43,6.442781957459239,5.863394311357741,6.442781957459239,4.47,7.480290067920062,2.5427900679200617,8.431290067920063,HIBRIDO_ANALOGO_CLIM,ANALOGO_ESTADO_V2_HIBRIDO_CLIMATOLOGIA,30,10,1.3529962037950252,OK_ANALOGOS_CONTINUIDAD_CORREGIDA,0.1417099320799382,-0.1417099320799382,0.0,CORREGIDO_ANCLA_OBSERVADO
2026-10-09,LAGUNAS,33.0,2026-10-08,2026-11-21,60,44,6.429108024353423,5.845713157025368,6.429108024353423,4.47,7.436790067920062,2.4968900679200616,8.495590067920062,HIBRIDO_ANALOGO_CLIM,ANALOGO_ESTADO_V2_HIBRIDO_CLIMATOLOGIA,30,10,1.3529962037950252,OK_ANALOGOS_CONTINUIDAD_CORREGIDA,0.1417099320799382,-0.1417099320799382,0.0,CORREGIDO_ANCLA_OBSERVADO
2026-10-09,LAGUNAS,33.0,2026-10-08,2026-11-22,60,45,6.441569014926233,5.897236383129936,6.441569014926233,4.47,7.348790067920062,2.6403900679200616,8.549790067920064,HIBRIDO_ANALOGO_CLIM,ANALOGO_ESTADO_V2_HIBRIDO_CLIMATOLOGIA,30,10,1.3529962037950252,OK_ANALOGOS_CONTINUIDAD_CORREGIDA,0.1417099320799382,-0.1417099320799382,0.0,CORREGIDO_ANCLA_OBSERVADO
2026-10-09,LAGUNAS,33.0,2026-10-08,2026-11-23,60,46,6.4240902549439545,5.9468997078113865,6.4240902549439545,4.47,7.191744613374606,3.0662900679200615,8.55279006792006,HIBRIDO_ANALOGO_CLIM,ANALOGO_ESTADO_V2_HIBRIDO_CLIMATOLOGIA,30,10,1.3529962037950252,OK_ANALOGOS_CONTINUIDAD_CORREGIDA,0.1417099320799382,-0.1417099320799382,0.0,CORREGIDO_ANCLA_OBSERVADO
2026-10-09,LAGUNAS,33.0,2026-10-08,2026-11-24,60,47,6.476945651864006,6.071429383992299,6.476945651864006,4.47,7.106790067920061,3.626090067920062,8.532290067920062,HIBRIDO_ANALOGO_CLIM,ANALOGO_ESTADO_V2_HIBRIDO_CLIMATOLOGIA,30,10,1.3529962037950252,OK_ANALOGOS_CONTINUIDAD_CORREGIDA,0.1417099320799382,-0.1417099320799382,0.0,CORREGIDO_ANCLA_OBSERVADO
2026-10-09,LAGUNAS,33.0,2026-10-08,2026-11-25,60,48,6.575125817305598,6.169864801744439,6.575125817305598,4.47,7.183017340647335,3.936690067920061,8.52399006792006,HIBRIDO_ANALOGO_CLIM,ANALOGO_ESTADO_V2_HIBRIDO_CLIMATOLOGIA,30,10,1.3529962037950252,OK_ANALOGOS_CONTINUIDAD_CORREGIDA,0.1417099320799382,-0.1417099320799382,0.0,CORREGIDO_ANCLA_OBSERVADO
2026-10-09,LAGUNAS,33.0,2026-10-08,2026-11-26,60,49,6.72082754847106,6.3633604575837195,6.72082754847106,4.47,7.238790067920062,3.6097900679200614,8.446290067920064,HIBRIDO_ANALOGO_CLIM,ANALOGO_ESTADO_V2_HIBRIDO_CLIMATOLOGIA,30,10,1.3529962037950252,OK_ANALOGOS_CONTINUIDAD_CORREGIDA,0.1417099320799382,-0.1417099320799382,0.0,CORREGIDO_ANCLA_OBSERVADO
2026-10-09,LAGUNAS,33.0,2026-10-08,2026-11-27,60,50,6.68117509395141,6.279989073584191,6.68117509395141,4.47,7.2428355224655165,3.324490067920062,8.279090067920063,HIBRIDO_ANALOGO_CLIM,ANALOGO_ESTADO_V2_HIBRIDO_CLIMATOLOGIA,30,10,1.3529962037950252,OK_ANALOGOS_CONTINUIDAD_CORREGIDA,0.1417099320799382,-0.1417099320799382,0.0,CORREGIDO_ANCLA_OBSERVADO
2026-10-09,LAGUNAS,33.0,2026-10-08,2026-11-28,60,51,6.643967853437931,6.203006374749557,6.643967853437931,4.47,7.240562795192789,3.0063900679200612,8.186290067920062,HIBRIDO_ANALOGO_CLIM,ANALOGO_ESTADO_V2_HIBRIDO_CLIMATOLOGIA,30,10,1.3529962037950252,OK_ANALOGOS_CONTINUIDAD_CORREGIDA,0.1417099320799382,-0.1417099320799382,0.0,CORREGIDO_ANCLA_OBSERVADO
2026-10-09,LAGUNAS,33.0,2026-10-08,2026-11-29,60,52,6.6577352001986165,6.136407146272591,6.6577352001986165,4.47,7.33947188610188,2.833590067920062,8.045290067920064,HIBRIDO_ANALOGO_CLIM,ANALOGO_ESTADO_V2_HIBRIDO_CLIMATOLOGIA,30,10,1.3529962037950252,OK_ANALOGOS_CONTINUIDAD_CORREGIDA,0.1417099320799382,-0.1417099320799382,0.0,CORREGIDO_ANCLA_OBSERVADO
2026-10-09,LAGUNAS,33.0,2026-10-08,2026-11-30,60,53,6.706298016541203,6.148114344961996,6.706298016541203,4.47,7.4119264315564255,3.2943900679200615,7.895790067920061,HIBRIDO_ANALOGO_CLIM,ANALOGO_ESTADO_V2_HIBRIDO_CLIMATOLOGIA,30,10,1.3529962037950252,OK_ANALOGOS_CONTINUIDAD_CORREGIDA,0.1417099320799382,-0.1417099320799382,0.0,CORREGIDO_ANCLA_OBSERVADO
2026-10-09,LAGUNAS,33.0,2026-10-08,2026-12-01,60,54,6.759941541581599,6.1929539043294675,6.759941541581599,4.47,7.452926431556425,3.804090067920062,7.837590067920062,HIBRIDO_ANALOGO_CLIM,ANALOGO_ESTADO_V2_HIBRIDO_CLIMATOLOGIA,30,10,1.3529962037950252,OK_ANALOGOS_CONTINUIDAD_CORREGIDA,0.1417099320799382,-0.1417099320799382,0.0,CORREGIDO_ANCLA_OBSERVADO
2026-10-09,LAGUNAS,33.0,2026-10-08,2026-12-02,60,55,6.851770876987005,6.22510079235134,6.851770876987005,4.47,7.592380977010971,4.008890067920062,7.647090067920061,HIBRIDO_ANALOGO_CLIM,ANALOGO_ESTADO_V2_HIBRIDO_CLIMATOLOGIA,30,10,1.3529962037950252,OK_ANALOGOS_CONTINUIDAD_CORREGIDA,0.1417099320799382,-0.1417099320799382,0.0,CORREGIDO_ANCLA_OBSERVADO
2026-10-09,LAGUNAS,33.0,2026-10-08,2026-12-03,60,56,6.869410049257655,6.202128669291686,6.869410049257655,4.47,7.632017340647334,3.9430900679200613,7.574790067920061,HIBRIDO_ANALOGO_CLIM,ANALOGO_ESTADO_V2_HIBRIDO_CLIMATOLOGIA,30,10,1.3529962037950252,OK_ANALOGOS_CONTINUIDAD_CORREGIDA,0.1417099320799382,-0.1417099320799382,0.0,CORREGIDO_ANCLA_OBSERVADO
2026-10-09,LAGUNAS,33.0,2026-10-08,2026-12-04,60,57,6.900917216716093,6.1785798751505965,6.900917216716093,4.47,7.699290067920062,3.7967900679200612,7.686090067920062,HIBRIDO_ANALOGO_CLIM,ANALOGO_ESTADO_V2_HIBRIDO_CLIMATOLOGIA,30,10,1.3529962037950252,OK_ANALOGOS_CONTINUIDAD_CORREGIDA,0.1417099320799382,-0.1417099320799382,0.0,CORREGIDO_ANCLA_OBSERVADO
2026-10-09,LAGUNAS,33.0,2026-10-08,2026-12-05,60,58,6.982454403495592,6.224015761409359,6.982454403495592,4.47,7.793199158829152,3.715090067920062,7.815590067920061,HIBRIDO_ANALOGO_CLIM,ANALOGO_ESTADO_V2_HIBRIDO_CLIMATOLOGIA,30,10,1.3529962037950252,OK_ANALOGOS_CONTINUIDAD_CORREGIDA,0.1417099320799382,-0.1417099320799382,0.0,CORREGIDO_ANCLA_OBSERVADO
2026-10-09,LAGUNAS,33.0,2026-10-08,2026-12-06,60,59,7.079344904175172,6.262542502877953,7.079344904175172,4.47,7.9238355224655175,3.6163900679200616,7.974990067920062,HIBRIDO_ANALOGO_CLIM,ANALOGO_ESTADO_V2_HIBRIDO_CLIMATOLOGIA,30,10,1.3529962037950252,OK_ANALOGOS_CONTINUIDAD_CORREGIDA,0.1417099320799382,-0.1417099320799382,0.0,CORREGIDO_ANCLA_OBSERVADO
2026-10-09,LAGUNAS,33.0,2026-10-08,2026-12-07,60,60,7.10286192017002,6.25684286332907,7.10286192017002,4.47,7.94888097701097,3.4617900679200613,7.942790067920062,HIBRIDO_ANALOGO_CLIM,ANALOGO_ESTADO_V2_HIBRIDO_CLIMATOLOGIA,30,10,1.3529962037950252,OK_ANALOGOS_CONTINUIDAD_CORREGIDA,0.1417099320799382,-0.1417099320799382,0.0,CORREGIDO_ANCLA_OBSERVADO
2026-10-09,LAGUNAS,33.0,2026-10-08,2026-10-09,90,1,4.47,4.236418462208464,4.47,4.47,5.170744613374607,4.020890067920061,4.505090067920062,HIBRIDO_ANALOGO_CLIM,ANALOGO_ESTADO_V2_HIBRIDO_CLIMATOLOGIA,30,10,1.3529962037950252,OK_ANALOGOS_CONTINUIDAD_CORREGIDA,0.1417099320799382,-0.1417099320799382,0.0,CORREGIDO_ANCLA_OBSERVADO
2026-10-09,LAGUNAS,33.0,2026-10-08,2026-10-10,90,2,4.48245972918437,4.2156223435452,4.48245972918437,4.47,5.28297188610188,3.7981900679200615,4.757590067920061,HIBRIDO_ANALOGO_CLIM,ANALOGO_ESTADO_V2_HIBRIDO_CLIMATOLOGIA,30,10,1.3529962037950252,OK_ANALOGOS_CONTINUIDAD_CORREGIDA,0.1417099320799382,-0.1417099320799382,0.0,CORREGIDO_ANCLA_OBSERVADO
2026-10-09,LAGUNAS,33.0,2026-10-08,2026-10-11,90,3,4.422117377521391,4.085832541327895,4.422117377521391,4.47,5.43097188610188,3.6791900679200618,4.690790067920061,HIBRIDO_ANALOGO_CLIM,ANALOGO_ESTADO_V2_HIBRIDO_CLIMATOLOGIA,30,10,1.3529962037950252,OK_ANALOGOS_CONTINUIDAD_CORREGIDA,0.1417099320799382,-0.1417099320799382,0.0,CORREGIDO_ANCLA_OBSERVADO
2026-10-09,LAGUNAS,33.0,2026-10-08,2026-10-12,90,4,4.340701440315107,3.962884018992244,4.340701440315107,4.47,5.474153704283698,3.5690900679200617,4.696990067920061,HIBRIDO_ANALOGO_CLIM,ANALOGO_ESTADO_V2_HIBRIDO_CLIMATOLOGIA,30,10,1.3529962037950252,OK_ANALOGOS_CONTINUIDAD_CORREGIDA,0.1417099320799382,-0.1417099320799382,0.0,CORREGIDO_ANCLA_OBSERVADO
2026-10-09,LAGUNAS,33.0,2026-10-08,2026-10-13,90,5,4.392170529786757,3.9948731079847457,4.392170529786757,4.47,5.584062795192789,3.335590067920062,5.0485900679200615,HIBRIDO_ANALOGO_CLIM,ANALOGO_ESTADO_V2_HIBRIDO_CLIMATOLOGIA,30,10,1.3529962037950252,OK_ANALOGOS_CONTINUIDAD_CORREGIDA,0.1417099320799382,-0.1417099320799382,0.0,CORREGIDO_ANCLA_OBSERVADO
2026-10-09,LAGUNAS,33.0,2026-10-08,2026-10-14,90,6,4.539348396690498,4.133549657795795,4.539348396690498,4.47,5.7567446133746065,3.154390067920062,5.341990067920062,HIBRIDO_ANALOGO_CLIM,ANALOGO_ESTADO_V2_HIBRIDO_CLIMATOLOGIA,30,10,1.3529962037950252,OK_ANALOGOS_CONTINUIDAD_CORREGIDA,0.1417099320799382,-0.1417099320799382,0.0,CORREGIDO_ANCLA_OBSERVADO
2026-10-09,LAGUNAS,33.0,2026-10-08,2026-10-15,90,7,4.814592856053082,4.480678633915604,4.814592856053082,4.47,5.816335522465517,3.1758900679200615,6.336590067920062,HIBRIDO_ANALOGO_CLIM,ANALOGO_ESTADO_V2_HIBRIDO_CLIMATOLOGIA,30,10,1.3529962037950252,OK_ANALOGOS_CONTINUIDAD_CORREGIDA,0.1417099320799382,-0.1417099320799382,0.0,CORREGIDO_ANCLA_OBSERVADO
2026-10-09,LAGUNAS,33.0,2026-10-08,2026-10-16,90,8,4.927924482462319,4.6395147418551925,4.927924482462319,4.47,5.793153704283698,3.110890067920061,6.5927900679200615,HIBRIDO_ANALOGO_CLIM,ANALOGO_ESTADO_V2_HIBRIDO_CLIMATOLOGIA,30,10,1.3529962037950252,OK_ANALOGOS_CONTINUIDAD_CORREGIDA,0.1417099320799382,-0.1417099320799382,0.0,CORREGIDO_ANCLA_OBSERVADO
2026-10-09,LAGUNAS,33.0,2026-10-08,2026-10-17,90,9,5.000571774022329,4.769514160904903,5.000571774022329,4.47,5.693744613374607,3.0482900679200613,6.547790067920062,HIBRIDO_ANALOGO_CLIM,ANALOGO_ESTADO_V2_HIBRIDO_CLIMATOLOGIA,30,10,1.3529962037950252,OK_ANALOGOS_CONTINUIDAD_CORREGIDA,0.1417099320799382,-0.1417099320799382,0.0,CORREGIDO_ANCLA_OBSERVADO
2026-10-09,LAGUNAS,33.0,2026-10-08,2026-10-18,90,10,5.056421508806509,4.8081774436474465,5.056421508806509,4.47,5.801153704283698,2.9409900679200613,6.550290067920061,HIBRIDO_ANALOGO_CLIM,ANALOGO_ESTADO_V2_HIBRIDO_CLIMATOLOGIA,30,10,1.3529962037950252,OK_ANALOGOS_CONTINUIDAD_CORREGIDA,0.1417099320799382,-0.1417099320799382,0.0,CORREGIDO_ANCLA_OBSERVADO
2026-10-09,LAGUNAS,33.0,2026-10-08,2026-10-19,90,11,5.32511614142848,4.741588468961589,5.32511614142848,4.47,7.075699158829152,2.811890067920061,6.261490067920062,HIBRIDO_ANALOGO_CLIM,ANALOGO_ESTADO_V2_HIBRIDO_CLIMATOLOGIA,30,10,1.3529962037950252,OK_ANALOGOS_CONTINUIDAD_CORREGIDA,0.1417099320799382,-0.1417099320799382,0.0,CORREGIDO_ANCLA_OBSERVADO
2026-10-09,LAGUNAS,33.0,2026-10-08,2026-10-20,90,12,5.039757229582622,4.790594768318627,5.039757229582622,4.47,5.787244613374607,2.7880900679200615,6.131490067920061,HIBRIDO_ANALOGO_CLIM,ANALOGO_ESTADO_V2_HIBRIDO_CLIMATOLOGIA,30,10,1.3529962037950252,OK_ANALOGOS_CONTINUIDAD_CORREGIDA,0.1417099320799382,-0.1417099320799382,0.0,CORREGIDO_ANCLA_OBSERVADO
2026-10-09,LAGUNAS,33.0,2026-10-08,2026-10-21,90,13,5.174709449534316,4.959728031284523,5.174709449534316,4.47,5.819653704283699,3.1510900679200615,6.592590067920061,HIBRIDO_ANALOGO_CLIM,ANALOGO_ESTADO_V2_HIBRIDO_CLIMATOLOGIA,30,10,1.3529962037950252,OK_ANALOGOS_CONTINUIDAD_CORREGIDA,0.1417099320799382,-0.1417099320799382,0.0,CORREGIDO_ANCLA_OBSERVADO
2026-10-09,LAGUNAS,33.0,2026-10-08,2026-10-22,90,14,5.109522568667028,4.867039462855411,5.109522568667028,4.47,5.83697188610188,2.8423900679200615,6.581390067920061,HIBRIDO_ANALOGO_CLIM,ANALOGO_ESTADO_V2_HIBRIDO_CLIMATOLOGIA,30,10,1.3529962037950252,OK_ANALOGOS_CONTINUIDAD_CORREGIDA,0.1417099320799382,-0.1417099320799382,0.0,CORREGIDO_ANCLA_OBSERVADO
2026-10-09,LAGUNAS,33.0,2026-10-08,2026-10-23,90,15,4.994432483676503,4.73281328892865,4.994432483676503,4.47,5.779290067920062,2.7352900679200616,6.130790067920062,HIBRIDO_ANALOGO_CLIM,ANALOGO_ESTADO_V2_HIBRIDO_CLIMATOLOGIA,30,10,1.3529962037950252,OK_ANALOGOS_CONTINUIDAD_CORREGIDA,0.1417099320799382,-0.1417099320799382,0.0,CORREGIDO_ANCLA_OBSERVADO
2026-10-09,LAGUNAS,33.0,2026-10-08,2026-10-24,90,16,5.841197979889439,5.848697586909534,5.841197979889439,4.47,5.818699158829152,2.826090067920062,7.739590067920058,HIBRIDO_ANALOGO_CLIM,ANALOGO_ESTADO_V2_HIBRIDO_CLIMATOLOGIA,30,10,1.3529962037950252,OK_ANALOGOS_CONTINUIDAD_CORREGIDA,0.1417099320799382,-0.1417099320799382,0.0,CORREGIDO_ANCLA_OBSERVADO
2026-10-09,LAGUNAS,33.0,2026-10-08,2026-10-25,90,17,4.84946337713048,4.515566601412741,4.84946337713048,4.47,5.851153704283698,2.7530900679200614,6.119090067920062,HIBRIDO_ANALOGO_CLIM,ANALOGO_ESTADO_V2_HIBRIDO_CLIMATOLOGIA,30,10,1.3529962037950252,OK_ANALOGOS_CONTINUIDAD_CORREGIDA,0.1417099320799382,-0.1417099320799382,0.0,CORREGIDO_ANCLA_OBSERVADO
2026-10-09,LAGUNAS,33.0,2026-10-08,2026-10-26,90,18,4.928079405955603,4.523251609543207,4.928079405955603,4.47,6.14256279519279,2.657290067920062,6.379490067920062,HIBRIDO_ANALOGO_CLIM,ANALOGO_ESTADO_V2_HIBRIDO_CLIMATOLOGIA,30,10,1.3529962037950252,OK_ANALOGOS_CONTINUIDAD_CORREGIDA,0.1417099320799382,-0.1417099320799382,0.0,CORREGIDO_ANCLA_OBSERVADO
2026-10-09,LAGUNAS,33.0,2026-10-08,2026-10-27,90,19,5.040711230574822,4.650745557520349,5.040711230574822,4.47,6.210608249738244,2.574090067920062,6.543790067920062,HIBRIDO_ANALOGO_CLIM,ANALOGO_ESTADO_V2_HIBRIDO_CLIMATOLOGIA,30,10,1.3529962037950252,OK_ANALOGOS_CONTINUIDAD_CORREGIDA,0.1417099320799382,-0.1417099320799382,0.0,CORREGIDO_ANCLA_OBSERVADO
2026-10-09,LAGUNAS,33.0,2026-10-08,2026-10-28,90,20,5.143935306269844,4.736498870568256,5.143935306269844,4.47,6.366244613374608,2.463090067920062,6.949290067920061,HIBRIDO_ANALOGO_CLIM,ANALOGO_ESTADO_V2_HIBRIDO_CLIMATOLOGIA,30,10,1.3529962037950252,OK_ANALOGOS_CONTINUIDAD_CORREGIDA,0.1417099320799382,-0.1417099320799382,0.0,CORREGIDO_ANCLA_OBSERVADO
2026-10-09,LAGUNAS,33.0,2026-10-08,2026-10-29,90,21,5.186774957847695,4.743663860550845,5.186774957847695,4.47,6.516108249738244,2.3839900679200614,7.101090067920061,HIBRIDO_ANALOGO_CLIM,ANALOGO_ESTADO_V2_HIBRIDO_CLIMATOLOGIA,30,10,1.3529962037950252,OK_ANALOGOS_CONTINUIDAD_CORREGIDA,0.1417099320799382,-0.1417099320799382,0.0,CORREGIDO_ANCLA_OBSERVADO
2026-10-09,LAGUNAS,33.0,2026-10-08,2026-10-30,90,22,5.221561228310611,4.76484858480443,5.221561228310611,4.47,6.591699158829153,2.3246900679200615,6.936590067920061,HIBRIDO_ANALOGO_CLIM,ANALOGO_ESTADO_V2_HIBRIDO_CLIMATOLOGIA,30,10,1.3529962037950252,OK_ANALOGOS_CONTINUIDAD_CORREGIDA,0.1417099320799382,-0.1417099320799382,0.0,CORREGIDO_ANCLA_OBSERVADO
2026-10-09,LAGUNAS,33.0,2026-10-08,2026-10-31,90,23,5.235823101892716,4.7575159313987525,5.235823101892716,4.47,6.670744613374607,2.331490067920061,6.9292900679200615,HIBRIDO_ANALOGO_CLIM,ANALOGO_ESTADO_V2_HIBRIDO_CLIMATOLOGIA,30,10,1.3529962037950252,OK_ANALOGOS_CONTINUIDAD_CORREGIDA,0.1417099320799382,-0.1417099320799382,0.0,CORREGIDO_ANCLA_OBSERVADO
2026-10-09,LAGUNAS,33.0,2026-10-08,2026-11-01,90,24,5.3826038244687835,4.920572046348661,5.3826038244687835,4.47,6.768699158829152,2.4754900679200613,7.003790067920061,HIBRIDO_ANALOGO_CLIM,ANALOGO_ESTADO_V2_HIBRIDO_CLIMATOLOGIA,30,10,1.3529962037950252,OK_ANALOGOS_CONTINUIDAD_CORREGIDA,0.1417099320799382,-0.1417099320799382,0.0,CORREGIDO_ANCLA_OBSERVADO
2026-10-09,LAGUNAS,33.0,2026-10-08,2026-11-02,90,25,5.438698934066143,4.992214010660292,5.438698934066143,4.47,6.778153704283698,2.5890900679200612,7.001290067920062,HIBRIDO_ANALOGO_CLIM,ANALOGO_ESTADO_V2_HIBRIDO_CLIMATOLOGIA,30,10,1.3529962037950252,OK_ANALOGOS_CONTINUIDAD_CORREGIDA,0.1417099320799382,-0.1417099320799382,0.0,CORREGIDO_ANCLA_OBSERVADO
2026-10-09,LAGUNAS,33.0,2026-10-08,2026-11-03,90,26,5.5198175888569265,5.1191449443207295,5.5198175888569265,4.47,6.721835522465516,2.6076900679200614,6.891490067920062,HIBRIDO_ANALOGO_CLIM,ANALOGO_ESTADO_V2_HIBRIDO_CLIMATOLOGIA,30,10,1.3529962037950252,OK_ANALOGOS_CONTINUIDAD_CORREGIDA,0.1417099320799382,-0.1417099320799382,0.0,CORREGIDO_ANCLA_OBSERVADO
2026-10-09,LAGUNAS,33.0,2026-10-08,2026-11-04,90,27,5.534507013081739,5.121049025105328,5.534507013081739,4.47,6.77488097701097,2.6072900679200615,7.101790067920061,HIBRIDO_ANALOGO_CLIM,ANALOGO_ESTADO_V2_HIBRIDO_CLIMATOLOGIA,30,10,1.3529962037950252,OK_ANALOGOS_CONTINUIDAD_CORREGIDA,0.1417099320799382,-0.1417099320799382,0.0,CORREGIDO_ANCLA_OBSERVADO
2026-10-09,LAGUNAS,33.0,2026-10-08,2026-11-05,90,28,5.531702081632814,5.099536389234035,5.531702081632814,4.47,6.828199158829152,2.6312900679200615,6.901590067920061,HIBRIDO_ANALOGO_CLIM,ANALOGO_ESTADO_V2_HIBRIDO_CLIMATOLOGIA,30,10,1.3529962037950252,OK_ANALOGOS_CONTINUIDAD_CORREGIDA,0.1417099320799382,-0.1417099320799382,0.0,CORREGIDO_ANCLA_OBSERVADO
2026-10-09,LAGUNAS,33.0,2026-10-08,2026-11-06,90,29,5.53749962143191,5.069963411996466,5.53749962143191,4.47,6.940108249738244,2.582690067920061,6.813390067920061,HIBRIDO_ANALOGO_CLIM,ANALOGO_ESTADO_V2_HIBRIDO_CLIMATOLOGIA,30,10,1.3529962037950252,OK_ANALOGOS_CONTINUIDAD_CORREGIDA,0.1417099320799382,-0.1417099320799382,0.0,CORREGIDO_ANCLA_OBSERVADO
2026-10-09,LAGUNAS,33.0,2026-10-08,2026-11-07,90,30,5.52226981089843,5.022914573709402,5.52226981089843,4.47,7.020335522465516,2.4209900679200613,6.706790067920061,HIBRIDO_ANALOGO_CLIM,ANALOGO_ESTADO_V2_HIBRIDO_CLIMATOLOGIA,30,10,1.3529962037950252,OK_ANALOGOS_CONTINUIDAD_CORREGIDA,0.1417099320799382,-0.1417099320799382,0.0,CORREGIDO_ANCLA_OBSERVADO
2026-10-09,LAGUNAS,33.0,2026-10-08,2026-11-08,90,31,5.652127914463656,5.1299953359870125,5.652127914463656,4.47,7.151153704283697,2.3119900679200613,6.632990067920061,HIBRIDO_ANALOGO_CLIM,ANALOGO_ESTADO_V2_HIBRIDO_CLIMATOLOGIA,30,10,1.3529962037950252,OK_ANALOGOS_CONTINUIDAD_CORREGIDA,0.1417099320799382,-0.1417099320799382,0.0,CORREGIDO_ANCLA_OBSERVADO
2026-10-09,LAGUNAS,33.0,2026-10-08,2026-11-09,90,32,5.765924450108474,5.2182212502431025,5.765924450108474,4.47,7.2721082497382445,2.736890067920062,6.735590067920061,HIBRIDO_ANALOGO_CLIM,ANALOGO_ESTADO_V2_HIBRIDO_CLIMATOLOGIA,30,10,1.3529962037950252,OK_ANALOGOS_CONTINUIDAD_CORREGIDA,0.1417099320799382,-0.1417099320799382,0.0,CORREGIDO_ANCLA_OBSERVADO
2026-10-09,LAGUNAS,33.0,2026-10-08,2026-11-10,90,33,5.778761816060274,5.244871789492769,5.778761816060274,4.47,7.186290067920062,3.2480900679200615,6.835790067920062,HIBRIDO_ANALOGO_CLIM,ANALOGO_ESTADO_V2_HIBRIDO_CLIMATOLOGIA,30,10,1.3529962037950252,OK_ANALOGOS_CONTINUIDAD_CORREGIDA,0.1417099320799382,-0.1417099320799382,0.0,CORREGIDO_ANCLA_OBSERVADO
2026-10-09,LAGUNAS,33.0,2026-10-08,2026-11-11,90,34,5.699265060897065,5.160286886873174,5.699265060897065,4.47,7.062562795192789,3.0952900679200614,6.8965900679200605,HIBRIDO_ANALOGO_CLIM,ANALOGO_ESTADO_V2_HIBRIDO_CLIMATOLOGIA,30,10,1.3529962037950252,OK_ANALOGOS_CONTINUIDAD_CORREGIDA,0.1417099320799382,-0.1417099320799382,0.0,CORREGIDO_ANCLA_OBSERVADO
2026-10-09,LAGUNAS,33.0,2026-10-08,2026-11-12,90,35,5.6702629577170525,5.105872115547899,5.6702629577170525,4.47,7.040926431556425,2.851590067920062,6.846590067920061,HIBRIDO_ANALOGO_CLIM,ANALOGO_ESTADO_V2_HIBRIDO_CLIMATOLOGIA,30,10,1.3529962037950252,OK_ANALOGOS_CONTINUIDAD_CORREGIDA,0.1417099320799382,-0.1417099320799382,0.0,CORREGIDO_ANCLA_OBSERVADO
2026-10-09,LAGUNAS,33.0,2026-10-08,2026-11-13,90,36,5.666522124132311,5.09157612224925,5.666522124132311,4.47,7.008062795192789,2.6020900679200616,7.140590067920061,HIBRIDO_ANALOGO_CLIM,ANALOGO_ESTADO_V2_HIBRIDO_CLIMATOLOGIA,30,10,1.3529962037950252,OK_ANALOGOS_CONTINUIDAD_CORREGIDA,0.1417099320799382,-0.1417099320799382,0.0,CORREGIDO_ANCLA_OBSERVADO
2026-10-09,LAGUNAS,33.0,2026-10-08,2026-11-14,90,37,5.722619897811795,5.143228595255316,5.722619897811795,4.47,7.022335522465517,2.2990900679200617,7.803290067920062,HIBRIDO_ANALOGO_CLIM,ANALOGO_ESTADO_V2_HIBRIDO_CLIMATOLOGIA,30,10,1.3529962037950252,OK_ANALOGOS_CONTINUIDAD_CORREGIDA,0.1417099320799382,-0.1417099320799382,0.0,CORREGIDO_ANCLA_OBSERVADO
2026-10-09,LAGUNAS,33.0,2026-10-08,2026-11-15,90,38,5.867331676616155,5.325703508583968,5.867331676616155,4.47,7.036108249738243,2.0372900679200616,7.967590067920061,HIBRIDO_ANALOGO_CLIM,ANALOGO_ESTADO_V2_HIBRIDO_CLIMATOLOGIA,30,10,1.3529962037950252,OK_ANALOGOS_CONTINUIDAD_CORREGIDA,0.1417099320799382,-0.1417099320799382,0.0,CORREGIDO_ANCLA_OBSERVADO
2026-10-09,LAGUNAS,33.0,2026-10-08,2026-11-16,90,39,6.01719249403035,5.48467076653463,6.01719249403035,4.47,7.123199158829153,1.9126900679200616,8.02079006792006,HIBRIDO_ANALOGO_CLIM,ANALOGO_ESTADO_V2_HIBRIDO_CLIMATOLOGIA,30,10,1.3529962037950252,OK_ANALOGOS_CONTINUIDAD_CORREGIDA,0.1417099320799382,-0.1417099320799382,0.0,CORREGIDO_ANCLA_OBSERVADO
2026-10-09,LAGUNAS,33.0,2026-10-08,2026-11-17,90,40,6.116001662828402,5.536607460282571,6.116001662828402,4.47,7.274790067920062,1.8689900679200613,7.866290067920061,HIBRIDO_ANALOGO_CLIM,ANALOGO_ESTADO_V2_HIBRIDO_CLIMATOLOGIA,30,10,1.3529962037950252,OK_ANALOGOS_CONTINUIDAD_CORREGIDA,0.1417099320799382,-0.1417099320799382,0.0,CORREGIDO_ANCLA_OBSERVADO
2026-10-09,LAGUNAS,33.0,2026-10-08,2026-11-18,90,41,6.2837296041902,5.695331711046164,6.2837296041902,4.47,7.41747188610188,1.8540900679200618,7.819090067920062,HIBRIDO_ANALOGO_CLIM,ANALOGO_ESTADO_V2_HIBRIDO_CLIMATOLOGIA,30,10,1.3529962037950252,OK_ANALOGOS_CONTINUIDAD_CORREGIDA,0.1417099320799382,-0.1417099320799382,0.0,CORREGIDO_ANCLA_OBSERVADO
2026-10-09,LAGUNAS,33.0,2026-10-08,2026-11-19,90,42,6.40903000401375,5.858337522050211,6.40903000401375,4.47,7.431744613374608,2.0560900679200618,8.364790067920062,HIBRIDO_ANALOGO_CLIM,ANALOGO_ESTADO_V2_HIBRIDO_CLIMATOLOGIA,30,10,1.3529962037950252,OK_ANALOGOS_CONTINUIDAD_CORREGIDA,0.1417099320799382,-0.1417099320799382,0.0,CORREGIDO_ANCLA_OBSERVADO
2026-10-09,LAGUNAS,33.0,2026-10-08,2026-11-20,90,43,6.442781957459239,5.863394311357741,6.442781957459239,4.47,7.480290067920062,2.5427900679200617,8.431290067920063,HIBRIDO_ANALOGO_CLIM,ANALOGO_ESTADO_V2_HIBRIDO_CLIMATOLOGIA,30,10,1.3529962037950252,OK_ANALOGOS_CONTINUIDAD_CORREGIDA,0.1417099320799382,-0.1417099320799382,0.0,CORREGIDO_ANCLA_OBSERVADO
2026-10-09,LAGUNAS,33.0,2026-10-08,2026-11-21,90,44,6.429108024353423,5.845713157025368,6.429108024353423,4.47,7.436790067920062,2.4968900679200616,8.495590067920062,HIBRIDO_ANALOGO_CLIM,ANALOGO_ESTADO_V2_HIBRIDO_CLIMATOLOGIA,30,10,1.3529962037950252,OK_ANALOGOS_CONTINUIDAD_CORREGIDA,0.1417099320799382,-0.1417099320799382,0.0,CORREGIDO_ANCLA_OBSERVADO
2026-10-09,LAGUNAS,33.0,2026-10-08,2026-11-22,90,45,6.441569014926233,5.897236383129936,6.441569014926233,4.47,7.348790067920062,2.6403900679200616,8.549790067920064,HIBRIDO_ANALOGO_CLIM,ANALOGO_ESTADO_V2_HIBRIDO_CLIMATOLOGIA,30,10,1.3529962037950252,OK_ANALOGOS_CONTINUIDAD_CORREGIDA,0.1417099320799382,-0.1417099320799382,0.0,CORREGIDO_ANCLA_OBSERVADO
2026-10-09,LAGUNAS,33.0,2026-10-08,2026-11-23,90,46,6.4240902549439545,5.9468997078113865,6.4240902549439545,4.47,7.191744613374606,3.0662900679200615,8.55279006792006,HIBRIDO_ANALOGO_CLIM,ANALOGO_ESTADO_V2_HIBRIDO_CLIMATOLOGIA,30,10,1.3529962037950252,OK_ANALOGOS_CONTINUIDAD_CORREGIDA,0.1417099320799382,-0.1417099320799382,0.0,CORREGIDO_ANCLA_OBSERVADO
2026-10-09,LAGUNAS,33.0,2026-10-08,2026-11-24,90,47,6.476945651864006,6.071429383992299,6.476945651864006,4.47,7.106790067920061,3.626090067920062,8.532290067920062,HIBRIDO_ANALOGO_CLIM,ANALOGO_ESTADO_V2_HIBRIDO_CLIMATOLOGIA,30,10,1.3529962037950252,OK_ANALOGOS_CONTINUIDAD_CORREGIDA,0.1417099320799382,-0.1417099320799382,0.0,CORREGIDO_ANCLA_OBSERVADO
2026-10-09,LAGUNAS,33.0,2026-10-08,2026-11-25,90,48,6.575125817305598,6.169864801744439,6.575125817305598,4.47,7.183017340647335,3.936690067920061,8.52399006792006,HIBRIDO_ANALOGO_CLIM,ANALOGO_ESTADO_V2_HIBRIDO_CLIMATOLOGIA,30,10,1.3529962037950252,OK_ANALOGOS_CONTINUIDAD_CORREGIDA,0.1417099320799382,-0.1417099320799382,0.0,CORREGIDO_ANCLA_OBSERVADO
2026-10-09,LAGUNAS,33.0,2026-10-08,2026-11-26,90,49,6.72082754847106,6.3633604575837195,6.72082754847106,4.47,7.238790067920062,3.6097900679200614,8.446290067920064,HIBRIDO_ANALOGO_CLIM,ANALOGO_ESTADO_V2_HIBRIDO_CLIMATOLOGIA,30,10,1.3529962037950252,OK_ANALOGOS_CONTINUIDAD_CORREGIDA,0.1417099320799382,-0.1417099320799382,0.0,CORREGIDO_ANCLA_OBSERVADO
2026-10-09,LAGUNAS,33.0,2026-10-08,2026-11-27,90,50,6.68117509395141,6.279989073584191,6.68117509395141,4.47,7.2428355224655165,3.324490067920062,8.279090067920063,HIBRIDO_ANALOGO_CLIM,ANALOGO_ESTADO_V2_HIBRIDO_CLIMATOLOGIA,30,10,1.3529962037950252,OK_ANALOGOS_CONTINUIDAD_CORREGIDA,0.1417099320799382,-0.1417099320799382,0.0,CORREGIDO_ANCLA_OBSERVADO
2026-10-09,LAGUNAS,33.0,2026-10-08,2026-11-28,90,51,6.643967853437931,6.203006374749557,6.643967853437931,4.47,7.240562795192789,3.0063900679200612,8.186290067920062,HIBRIDO_ANALOGO_CLIM,ANALOGO_ESTADO_V2_HIBRIDO_CLIMATOLOGIA,30,10,1.3529962037950252,OK_ANALOGOS_CONTINUIDAD_CORREGIDA,0.1417099320799382,-0.1417099320799382,0.0,CORREGIDO_ANCLA_OBSERVADO
2026-10-09,LAGUNAS,33.0,2026-10-08,2026-11-29,90,52,6.6577352001986165,6.136407146272591,6.6577352001986165,4.47,7.33947188610188,2.833590067920062,8.045290067920064,HIBRIDO_ANALOGO_CLIM,ANALOGO_ESTADO_V2_HIBRIDO_CLIMATOLOGIA,30,10,1.3529962037950252,OK_ANALOGOS_CONTINUIDAD_CORREGIDA,0.1417099320799382,-0.1417099320799382,0.0,CORREGIDO_ANCLA_OBSERVADO
2026-10-09,LAGUNAS,33.0,2026-10-08,2026-11-30,90,53,6.706298016541203,6.148114344961996,6.706298016541203,4.47,7.4119264315564255,3.2943900679200615,7.895790067920061,HIBRIDO_ANALOGO_CLIM,ANALOGO_ESTADO_V2_HIBRIDO_CLIMATOLOGIA,30,10,1.3529962037950252,OK_ANALOGOS_CONTINUIDAD_CORREGIDA,0.1417099320799382,-0.1417099320799382,0.0,CORREGIDO_ANCLA_OBSERVADO
2026-10-09,LAGUNAS,33.0,2026-10-08,2026-12-01,90,54,6.759941541581599,6.1929539043294675,6.759941541581599,4.47,7.452926431556425,3.804090067920062,7.837590067920062,HIBRIDO_ANALOGO_CLIM,ANALOGO_ESTADO_V2_HIBRIDO_CLIMATOLOGIA,30,10,1.3529962037950252,OK_ANALOGOS_CONTINUIDAD_CORREGIDA,0.1417099320799382,-0.1417099320799382,0.0,CORREGIDO_ANCLA_OBSERVADO
2026-10-09,LAGUNAS,33.0,2026-10-08,2026-12-02,90,55,6.851770876987005,6.22510079235134,6.851770876987005,4.47,7.592380977010971,4.008890067920062,7.647090067920061,HIBRIDO_ANALOGO_CLIM,ANALOGO_ESTADO_V2_HIBRIDO_CLIMATOLOGIA,30,10,1.3529962037950252,OK_ANALOGOS_CONTINUIDAD_CORREGIDA,0.1417099320799382,-0.1417099320799382,0.0,CORREGIDO_ANCLA_OBSERVADO
2026-10-09,LAGUNAS,33.0,2026-10-08,2026-12-03,90,56,6.869410049257655,6.202128669291686,6.869410049257655,4.47,7.632017340647334,3.9430900679200613,7.574790067920061,HIBRIDO_ANALOGO_CLIM,ANALOGO_ESTADO_V2_HIBRIDO_CLIMATOLOGIA,30,10,1.3529962037950252,OK_ANALOGOS_CONTINUIDAD_CORREGIDA,0.1417099320799382,-0.1417099320799382,0.0,CORREGIDO_ANCLA_OBSERVADO
2026-10-09,LAGUNAS,33.0,2026-10-08,2026-12-04,90,57,6.900917216716093,6.1785798751505965,6.900917216716093,4.47,7.699290067920062,3.7967900679200612,7.686090067920062,HIBRIDO_ANALOGO_CLIM,ANALOGO_ESTADO_V2_HIBRIDO_CLIMATOLOGIA,30,10,1.3529962037950252,OK_ANALOGOS_CONTINUIDAD_CORREGIDA,0.1417099320799382,-0.1417099320799382,0.0,CORREGIDO_ANCLA_OBSERVADO
2026-10-09,LAGUNAS,33.0,2026-10-08,2026-12-05,90,58,6.982454403495592,6.224015761409359,6.982454403495592,4.47,7.793199158829152,3.715090067920062,7.815590067920061,HIBRIDO_ANALOGO_CLIM,ANALOGO_ESTADO_V2_HIBRIDO_CLIMATOLOGIA,30,10,1.3529962037950252,OK_ANALOGOS_CONTINUIDAD_CORREGIDA,0.1417099320799382,-0.1417099320799382,0.0,CORREGIDO_ANCLA_OBSERVADO
2026-10-09,LAGUNAS,33.0,2026-10-08,2026-12-06,90,59,7.079344904175172,6.262542502877953,7.079344904175172,4.47,7.9238355224655175,3.6163900679200616,7.974990067920062,HIBRIDO_ANALOGO_CLIM,ANALOGO_ESTADO_V2_HIBRIDO_CLIMATOLOGIA,30,10,1.3529962037950252,OK_ANALOGOS_CONTINUIDAD_CORREGIDA,0.1417099320799382,-0.1417099320799382,0.0,CORREGIDO_ANCLA_OBSERVADO
2026-10-09,LAGUNAS,33.0,2026-10-08,2026-12-07,90,60,7.10286192017002,6.25684286332907,7.10286192017002,4.47,7.94888097701097,3.4617900679200613,7.942790067920062,HIBRIDO_ANALOGO_CLIM,ANALOGO_ESTADO_V2_HIBRIDO_CLIMATOLOGIA,30,10,1.3529962037950252,OK_ANALOGOS_CONTINUIDAD_CORREGIDA,0.1417099320799382,-0.1417099320799382,0.0,CORREGIDO_ANCLA_OBSERVADO
2026-10-09,LAGUNAS,33.0,2026-10-08,2026-12-08,90,61,7.1985902466786245,6.396360539355044,7.1985902466786245,4.47,7.974517340647334,3.8964900679200616,7.897890067920064,HIBRIDO_ANALOGO_CLIM,ANALOGO_ESTADO_V2_HIBRIDO_CLIMATOLOGIA,30,10,1.3529962037950252,OK_ANALOGOS_CONTINUIDAD_CORREGIDA,0.1417099320799382,-0.1417099320799382,0.0,CORREGIDO_ANCLA_OBSERVADO
2026-10-09,LAGUNAS,33.0,2026-10-08,2026-12-09,90,62,7.302342392984648,6.55407387526372,7.302342392984648,4.47,8.002335522465515,3.811590067920061,7.967790067920061,HIBRIDO_ANALOGO_CLIM,ANALOGO_ESTADO_V2_HIBRIDO_CLIMATOLOGIA,30,10,1.3529962037950252,OK_ANALOGOS_CONTINUIDAD_CORREGIDA,0.1417099320799382,-0.1417099320799382,0.0,CORREGIDO_ANCLA_OBSERVADO
2026-10-09,LAGUNAS,33.0,2026-10-08,2026-12-10,90,63,7.352257933626467,6.6264664359144065,7.352257933626467,4.47,8.008926431556425,3.7081900679200612,8.37619006792006,HIBRIDO_ANALOGO_CLIM,ANALOGO_ESTADO_V2_HIBRIDO_CLIMATOLOGIA,30,10,1.3529962037950252,OK_ANALOGOS_CONTINUIDAD_CORREGIDA,0.1417099320799382,-0.1417099320799382,0.0,CORREGIDO_ANCLA_OBSERVADO
2026-10-09,LAGUNAS,33.0,2026-10-08,2026-12-11,90,64,7.405735608957797,6.649257785728195,7.405735608957797,4.47,8.067653704283696,3.5347900679200617,8.54519006792006,HIBRIDO_ANALOGO_CLIM,ANALOGO_ESTADO_V2_HIBRIDO_CLIMATOLOGIA,30,10,1.3529962037950252,OK_ANALOGOS_CONTINUIDAD_CORREGIDA,0.1417099320799382,-0.1417099320799382,0.0,CORREGIDO_ANCLA_OBSERVADO
2026-10-09,LAGUNAS,33.0,2026-10-08,2026-12-12,90,65,7.41720067101941,6.681896673029382,7.41720067101941,4.47,8.039380977010971,3.5137900679200613,8.67799006792006,HIBRIDO_ANALOGO_CLIM,ANALOGO_ESTADO_V2_HIBRIDO_CLIMATOLOGIA,30,10,1.3529962037950252,OK_ANALOGOS_CONTINUIDAD_CORREGIDA,0.1417099320799382,-0.1417099320799382,0.0,CORREGIDO_ANCLA_OBSERVADO
2026-10-09,LAGUNAS,33.0,2026-10-08,2026-12-13,90,66,7.4178494650270315,6.708866505935551,7.4178494650270315,4.47,7.997926431556425,3.6099900679200614,8.861290067920063,HIBRIDO_ANALOGO_CLIM,ANALOGO_ESTADO_V2_HIBRIDO_CLIMATOLOGIA,30,10,1.3529962037950252,OK_ANALOGOS_CONTINUIDAD_CORREGIDA,0.1417099320799382,-0.1417099320799382,0.0,CORREGIDO_ANCLA_OBSERVADO
2026-10-09,LAGUNAS,33.0,2026-10-08,2026-12-14,90,67,7.471858836667592,6.755344570058552,7.471858836667592,4.47,8.0386537042837,4.082990067920062,8.80589006792006,HIBRIDO_ANALOGO_CLIM,ANALOGO_ESTADO_V2_HIBRIDO_CLIMATOLOGIA,30,10,1.3529962037950252,OK_ANALOGOS_CONTINUIDAD_CORREGIDA,0.1417099320799382,-0.1417099320799382,0.0,CORREGIDO_ANCLA_OBSERVADO
2026-10-09,LAGUNAS,33.0,2026-10-08,2026-12-15,90,68,7.478511230597574,6.739359883889146,7.478511230597574,4.47,8.043744613374606,3.8289900679200617,8.832590067920062,HIBRIDO_ANALOGO_CLIM,ANALOGO_ESTADO_V2_HIBRIDO_CLIMATOLOGIA,30,10,1.3529962037950252,OK_ANALOGOS_CONTINUIDAD_CORREGIDA,0.1417099320799382,-0.1417099320799382,0.0,CORREGIDO_ANCLA_OBSERVADO
2026-10-09,LAGUNAS,33.0,2026-10-08,2026-12-16,90,69,7.481030993680328,6.802118984147425,7.481030993680328,4.47,7.982835522465517,3.8399900679200614,8.948090067920063,HIBRIDO_ANALOGO_CLIM,ANALOGO_ESTADO_V2_HIBRIDO_CLIMATOLOGIA,30,10,1.3529962037950252,OK_ANALOGOS_CONTINUIDAD_CORREGIDA,0.1417099320799382,-0.1417099320799382,0.0,CORREGIDO_ANCLA_OBSERVADO
2026-10-09,LAGUNAS,33.0,2026-10-08,2026-12-17,90,70,7.532629252580988,6.961522292924467,7.532629252580988,4.47,7.940562795192789,4.115690067920062,8.806090067920064,HIBRIDO_ANALOGO_CLIM,ANALOGO_ESTADO_V2_HIBRIDO_CLIMATOLOGIA,30,10,1.3529962037950252,OK_ANALOGOS_CONTINUIDAD_CORREGIDA,0.1417099320799382,-0.1417099320799382,0.0,CORREGIDO_ANCLA_OBSERVADO
2026-10-09,LAGUNAS,33.0,2026-10-08,2026-12-18,90,71,7.548510062278852,7.069018996590937,7.548510062278852,4.47,7.879426431556426,4.266490067920061,8.627290067920061,HIBRIDO_ANALOGO_CLIM,ANALOGO_ESTADO_V2_HIBRIDO_CLIMATOLOGIA,30,10,1.3529962037950252,OK_ANALOGOS_CONTINUIDAD_CORREGIDA,0.1417099320799382,-0.1417099320799382,0.0,CORREGIDO_ANCLA_OBSERVADO
2026-10-09,LAGUNAS,33.0,2026-10-08,2026-12-19,90,72,7.601994898043846,7.111256688684068,7.601994898043846,4.47,7.929153704283698,4.425690067920061,8.654090067920063,HIBRIDO_ANALOGO_CLIM,ANALOGO_ESTADO_V2_HIBRIDO_CLIMATOLOGIA,30,10,1.3529962037950252,OK_ANALOGOS_CONTINUIDAD_CORREGIDA,0.1417099320799382,-0.1417099320799382,0.0,CORREGIDO_ANCLA_OBSERVADO
2026-10-09,LAGUNAS,33.0,2026-10-08,2026-12-20,90,73,7.665855330715522,7.163922847204409,7.665855330715522,4.47,7.989017340647334,5.078090067920062,8.60029006792006,HIBRIDO_ANALOGO_CLIM,ANALOGO_ESTADO_V2_HIBRIDO_CLIMATOLOGIA,30,10,1.3529962037950252,OK_ANALOGOS_CONTINUIDAD_CORREGIDA,0.1417099320799382,-0.1417099320799382,0.0,CORREGIDO_ANCLA_OBSERVADO
2026-10-09,LAGUNAS,33.0,2026-10-08,2026-12-21,90,74,7.71560110378273,7.229105418391845,7.71560110378273,4.47,8.018017340647333,5.5222900679200615,8.50249006792006,HIBRIDO_ANALOGO_CLIM,ANALOGO_ESTADO_V2_HIBRIDO_CLIMATOLOGIA,30,10,1.3529962037950252,OK_ANALOGOS_CONTINUIDAD_CORREGIDA,0.1417099320799382,-0.1417099320799382,0.0,CORREGIDO_ANCLA_OBSERVADO
2026-10-09,LAGUNAS,33.0,2026-10-08,2026-12-22,90,75,7.7562426772998245,7.2277546020236745,7.7562426772998245,4.47,8.073335522465516,5.464590067920062,8.434990067920062,HIBRIDO_ANALOGO_CLIM,ANALOGO_ESTADO_V2_HIBRIDO_CLIMATOLOGIA,30,10,1.3529962037950252,OK_ANALOGOS_CONTINUIDAD_CORREGIDA,0.1417099320799382,-0.1417099320799382,0.0,CORREGIDO_ANCLA_OBSERVADO
2026-10-09,LAGUNAS,33.0,2026-10-08,2026-12-23,90,76,7.772464260542136,7.144273403170349,7.772464260542136,4.47,8.136153704283696,5.239790067920062,8.354190067920062,HIBRIDO_ANALOGO_CLIM,ANALOGO_ESTADO_V2_HIBRIDO_CLIMATOLOGIA,30,10,1.3529962037950252,OK_ANALOGOS_CONTINUIDAD_CORREGIDA,0.1417099320799382,-0.1417099320799382,0.0,CORREGIDO_ANCLA_OBSERVADO
2026-10-09,LAGUNAS,33.0,2026-10-08,2026-12-24,90,77,7.758452725739114,7.084139345554628,7.758452725739114,4.47,8.135017340647334,5.070490067920061,8.358590067920062,HIBRIDO_ANALOGO_CLIM,ANALOGO_ESTADO_V2_HIBRIDO_CLIMATOLOGIA,30,10,1.3529962037950252,OK_ANALOGOS_CONTINUIDAD_CORREGIDA,0.1417099320799382,-0.1417099320799382,0.0,CORREGIDO_ANCLA_OBSERVADO
2026-10-09,LAGUNAS,33.0,2026-10-08,2026-12-25,90,78,7.75371356315386,7.116487067289356,7.75371356315386,4.47,8.096835522465515,5.086090067920062,8.378290067920062,HIBRIDO_ANALOGO_CLIM,ANALOGO_ESTADO_V2_HIBRIDO_CLIMATOLOGIA,30,10,1.3529962037950252,OK_ANALOGOS_CONTINUIDAD_CORREGIDA,0.1417099320799382,-0.1417099320799382,0.0,CORREGIDO_ANCLA_OBSERVADO
2026-10-09,LAGUNAS,33.0,2026-10-08,2026-12-26,90,79,7.765763151421957,7.151928582825832,7.765763151421957,4.47,8.084335522465516,5.022790067920062,8.31339006792006,HIBRIDO_ANALOGO_CLIM,ANALOGO_ESTADO_V2_HIBRIDO_CLIMATOLOGIA,30,10,1.3529962037950252,OK_ANALOGOS_CONTINUIDAD_CORREGIDA,0.1417099320799382,-0.1417099320799382,0.0,CORREGIDO_ANCLA_OBSERVADO
2026-10-09,LAGUNAS,33.0,2026-10-08,2026-12-27,90,80,7.706667842445383,7.134514300586936,7.706667842445383,4.47,7.992744613374607,5.134090067920062,8.406290067920061,HIBRIDO_ANALOGO_CLIM,ANALOGO_ESTADO_V2_HIBRIDO_CLIMATOLOGIA,30,10,1.3529962037950252,OK_ANALOGOS_CONTINUIDAD_CORREGIDA,0.1417099320799382,-0.1417099320799382,0.0,CORREGIDO_ANCLA_OBSERVADO
2026-10-09,LAGUNAS,33.0,2026-10-08,2026-12-28,90,81,7.692360355851117,7.150618226589044,7.692360355851117,4.47,7.953199158829153,5.2985900679200615,8.45249006792006,HIBRIDO_ANALOGO_CLIM,ANALOGO_ESTADO_V2_HIBRIDO_CLIMATOLOGIA,30,10,1.3529962037950252,OK_ANALOGOS_CONTINUIDAD_CORREGIDA,0.1417099320799382,-0.1417099320799382,0.0,CORREGIDO_ANCLA_OBSERVADO
2026-10-09,LAGUNAS,33.0,2026-10-08,2026-12-29,90,82,7.691108567660974,7.175960928345907,7.691108567660974,4.47,7.929835522465518,4.931090067920062,8.578290067920062,HIBRIDO_ANALOGO_CLIM,ANALOGO_ESTADO_V2_HIBRIDO_CLIMATOLOGIA,30,10,1.3529962037950252,OK_ANALOGOS_CONTINUIDAD_CORREGIDA,0.1417099320799382,-0.1417099320799382,0.0,CORREGIDO_ANCLA_OBSERVADO
2026-10-09,LAGUNAS,33.0,2026-10-08,2026-12-30,90,83,7.726344828706177,7.18217528717724,7.726344828706177,4.47,7.968926431556425,4.681790067920062,8.68749006792006,HIBRIDO_ANALOGO_CLIM,ANALOGO_ESTADO_V2_HIBRIDO_CLIMATOLOGIA,30,10,1.3529962037950252,OK_ANALOGOS_CONTINUIDAD_CORREGIDA,0.1417099320799382,-0.1417099320799382,0.0,CORREGIDO_ANCLA_OBSERVADO
2026-10-09,LAGUNAS,33.0,2026-10-08,2026-12-31,90,84,7.838725116881888,7.236891746277662,7.838725116881888,4.47,8.0966537042837,4.606390067920062,8.725790067920062,HIBRIDO_ANALOGO_CLIM,ANALOGO_ESTADO_V2_HIBRIDO_CLIMATOLOGIA,30,10,1.3529962037950252,OK_ANALOGOS_CONTINUIDAD_CORREGIDA,0.1417099320799382,-0.1417099320799382,0.0,CORREGIDO_ANCLA_OBSERVADO
2026-10-09,LAGUNAS,33.0,2026-10-08,2027-01-01,90,85,8.040385291970058,7.325098693234326,8.040385291970058,4.47,8.334915067920061,4.515590067920062,8.799590067920061,HIBRIDO_ANALOGO_CLIM,ANALOGO_ESTADO_V2_HIBRIDO_CLIMATOLOGIA,30,10,1.3529962037950252,OK_ANALOGOS_CONTINUIDAD_CORREGIDA,0.1417099320799382,-0.1417099320799382,0.0,CORREGIDO_ANCLA_OBSERVADO
2026-10-09,LAGUNAS,33.0,2026-10-08,2027-01-02,90,86,8.063748304892965,7.384390218020509,8.063748304892965,4.47,8.332331734586727,4.437090067920062,8.844190067920064,HIBRIDO_ANALOGO_CLIM,ANALOGO_ESTADO_V2_HIBRIDO_CLIMATOLOGIA,30,10,1.3529962037950252,OK_ANALOGOS_CONTINUIDAD_CORREGIDA,0.1417099320799382,-0.1417099320799382,0.0,CORREGIDO_ANCLA_OBSERVADO
2026-10-09,LAGUNAS,33.0,2026-10-08,2027-01-03,90,87,8.077497738285317,7.386219475308864,8.077497738285317,4.47,8.339706734586727,4.112090067920062,8.854990067920063,HIBRIDO_ANALOGO_CLIM,ANALOGO_ESTADO_V2_HIBRIDO_CLIMATOLOGIA,30,10,1.3529962037950252,OK_ANALOGOS_CONTINUIDAD_CORREGIDA,0.1417099320799382,-0.1417099320799382,0.0,CORREGIDO_ANCLA_OBSERVADO
2026-10-09,LAGUNAS,33.0,2026-10-08,2027-01-04,90,88,8.12449317329375,7.356426713071397,8.12449317329375,4.47,8.403790067920063,3.8712900679200617,8.874790067920063,HIBRIDO_ANALOGO_CLIM,ANALOGO_ESTADO_V2_HIBRIDO_CLIMATOLOGIA,30,10,1.3529962037950252,OK_ANALOGOS_CONTINUIDAD_CORREGIDA,0.1417099320799382,-0.1417099320799382,0.0,CORREGIDO_ANCLA_OBSERVADO
2026-10-09,LAGUNAS,33.0,2026-10-08,2027-01-05,90,89,8.16083058944102,7.334108215743119,8.16083058944102,4.47,8.448790067920061,3.6367900679200615,8.909290067920061,HIBRIDO_ANALOGO_CLIM,ANALOGO_ESTADO_V2_HIBRIDO_CLIMATOLOGIA,30,10,1.3529962037950252,OK_ANALOGOS_CONTINUIDAD_CORREGIDA,0.1417099320799382,-0.1417099320799382,0.0,CORREGIDO_ANCLA_OBSERVADO
2026-10-09,LAGUNAS,33.0,2026-10-08,2027-01-06,90,90,8.14581949946534,7.3065327941011695,8.14581949946534,4.47,8.425581734586729,3.572490067920062,8.954790067920062,HIBRIDO_ANALOGO_CLIM,ANALOGO_ESTADO_V2_HIBRIDO_CLIMATOLOGIA,30,10,1.3529962037950252,OK_ANALOGOS_CONTINUIDAD_CORREGIDA,0.1417099320799382,-0.1417099320799382,0.0,CORREGIDO_ANCLA_OBSERVADO
2026-10-09,NAUTA,10.0,2026-10-08,2026-10-09,30,1,5.28,5.608903228291176,5.28,5.28,4.293290315126473,5.367594662952561,5.875894662952561,HIBRIDO_ANALOGO_CLIM,ANALOGO_ESTADO_V2_HIBRIDO_CLIMATOLOGIA,30,10,2.519972070151433,OK_ANALOGOS_CONTINUIDAD_CORREGIDA,-0.3640946629525601,0.3640946629525601,0.0,CORREGIDO_ANCLA_OBSERVADO
2026-10-09,NAUTA,10.0,2026-10-08,2026-10-10,30,2,5.232914802959697,5.513021516295409,5.232914802959697,5.28,4.39259466295256,4.98959466295256,5.96889466295256,HIBRIDO_ANALOGO_CLIM,ANALOGO_ESTADO_V2_HIBRIDO_CLIMATOLOGIA,30,10,2.519972070151433,OK_ANALOGOS_CONTINUIDAD_CORREGIDA,-0.3640946629525601,0.3640946629525601,0.0,CORREGIDO_ANCLA_OBSERVADO
2026-10-09,NAUTA,10.0,2026-10-08,2026-10-11,30,3,5.184770437345776,5.423481202723225,5.184770437345776,5.28,4.46863814121343,4.6527946629525605,5.97909466295256,HIBRIDO_ANALOGO_CLIM,ANALOGO_ESTADO_V2_HIBRIDO_CLIMATOLOGIA,30,10,2.519972070151433,OK_ANALOGOS_CONTINUIDAD_CORREGIDA,-0.3640946629525601,0.3640946629525601,0.0,CORREGIDO_ANCLA_OBSERVADO
2026-10-09,NAUTA,10.0,2026-10-08,2026-10-12,30,4,5.13895529410031,5.33315521462782,5.13895529410031,5.28,4.556355532517777,4.48309466295256,5.98909466295256,HIBRIDO_ANALOGO_CLIM,ANALOGO_ESTADO_V2_HIBRIDO_CLIMATOLOGIA,30,10,2.519972070151433,OK_ANALOGOS_CONTINUIDAD_CORREGIDA,-0.3640946629525601,0.3640946629525601,0.0,CORREGIDO_ANCLA_OBSERVADO
2026-10-09,NAUTA,10.0,2026-10-08,2026-10-13,30,5,5.120877593044231,5.271022627712469,5.120877593044231,5.28,4.670442489039516,4.341794662952561,6.07709466295256,HIBRIDO_ANALOGO_CLIM,ANALOGO_ESTADO_V2_HIBRIDO_CLIMATOLOGIA,30,10,2.519972070151433,OK_ANALOGOS_CONTINUIDAD_CORREGIDA,-0.3640946629525601,0.3640946629525601,0.0,CORREGIDO_ANCLA_OBSERVADO
2026-10-09,NAUTA,10.0,2026-10-08,2026-10-14,30,6,5.127163517363398,5.245635744195996,5.127163517363398,5.28,4.771746836865604,4.21709466295256,6.21709466295256,HIBRIDO_ANALOGO_CLIM,ANALOGO_ESTADO_V2_HIBRIDO_CLIMATOLOGIA,30,10,2.519972070151433,OK_ANALOGOS_CONTINUIDAD_CORREGIDA,-0.3640946629525601,0.3640946629525601,0.0,CORREGIDO_ANCLA_OBSERVADO
2026-10-09,NAUTA,10.0,2026-10-08,2026-10-15,30,7,5.149414006598361,5.243911758828122,5.149414006598361,5.28,4.8659207499090815,4.10309466295256,6.411094662952561,HIBRIDO_ANALOGO_CLIM,ANALOGO_ESTADO_V2_HIBRIDO_CLIMATOLOGIA,30,10,2.519972070151433,OK_ANALOGOS_CONTINUIDAD_CORREGIDA,-0.3640946629525601,0.3640946629525601,0.0,CORREGIDO_ANCLA_OBSERVADO
2026-10-09,NAUTA,10.0,2026-10-08,2026-10-16,30,8,5.113008990363591,5.17427753428321,5.113008990363591,5.28,4.929203358604734,3.85609466295256,6.398094662952561,HIBRIDO_ANALOGO_CLIM,ANALOGO_ESTADO_V2_HIBRIDO_CLIMATOLOGIA,30,10,2.519972070151433,OK_ANALOGOS_CONTINUIDAD_CORREGIDA,-0.3640946629525601,0.3640946629525601,0.0,CORREGIDO_ANCLA_OBSERVADO
2026-10-09,NAUTA,10.0,2026-10-08,2026-10-17,30,9,5.05285539117885,5.077601720877468,5.05285539117885,5.28,4.978616402082995,3.5090946629525606,6.53889466295256,HIBRIDO_ANALOGO_CLIM,ANALOGO_ESTADO_V2_HIBRIDO_CLIMATOLOGIA,30,10,2.519972070151433,OK_ANALOGOS_CONTINUIDAD_CORREGIDA,-0.3640946629525601,0.3640946629525601,0.0,CORREGIDO_ANCLA_OBSERVADO
2026-10-09,NAUTA,10.0,2026-10-08,2026-10-18,30,10,5.011247662950612,5.011356633964454,5.011247662950612,5.28,5.010920749909082,3.2127946629525597,6.62729466295256,HIBRIDO_ANALOGO_CLIM,ANALOGO_ESTADO_V2_HIBRIDO_CLIMATOLOGIA,30,10,2.519972070151433,OK_ANALOGOS_CONTINUIDAD_CORREGIDA,-0.3640946629525601,0.3640946629525601,0.0,CORREGIDO_ANCLA_OBSERVADO
2026-10-09,NAUTA,10.0,2026-10-08,2026-10-19,30,11,4.957230685249701,4.915420953551646,4.957230685249701,5.28,5.082659880343864,2.93609466295256,6.62159466295256,HIBRIDO_ANALOGO_CLIM,ANALOGO_ESTADO_V2_HIBRIDO_CLIMATOLOGIA,30,10,2.519972070151433,OK_ANALOGOS_CONTINUIDAD_CORREGIDA,-0.3640946629525601,0.3640946629525601,0.0,CORREGIDO_ANCLA_OBSERVADO
2026-10-09,NAUTA,10.0,2026-10-08,2026-10-20,30,12,4.903070070268463,4.8199531770549235,4.903070070268463,5.28,5.152420749909082,2.61239466295256,6.544894662952561,HIBRIDO_ANALOGO_CLIM,ANALOGO_ESTADO_V2_HIBRIDO_CLIMATOLOGIA,30,10,2.519972070151433,OK_ANALOGOS_CONTINUIDAD_CORREGIDA,-0.3640946629525601,0.3640946629525601,0.0,CORREGIDO_ANCLA_OBSERVADO
2026-10-09,NAUTA,10.0,2026-10-08,2026-10-21,30,13,4.862230325303996,4.743985691015343,4.862230325303996,5.28,5.216964228169951,2.41639466295256,6.434594662952561,HIBRIDO_ANALOGO_CLIM,ANALOGO_ESTADO_V2_HIBRIDO_CLIMATOLOGIA,30,10,2.519972070151433,OK_ANALOGOS_CONTINUIDAD_CORREGIDA,-0.3640946629525601,0.3640946629525601,0.0,CORREGIDO_ANCLA_OBSERVADO
2026-10-09,NAUTA,10.0,2026-10-08,2026-10-22,30,14,4.841434443137575,4.708511471315188,4.841434443137575,5.28,5.240203358604734,2.29809466295256,6.253594662952561,HIBRIDO_ANALOGO_CLIM,ANALOGO_ESTADO_V2_HIBRIDO_CLIMATOLOGIA,30,10,2.519972070151433,OK_ANALOGOS_CONTINUIDAD_CORREGIDA,-0.3640946629525601,0.3640946629525601,0.0,CORREGIDO_ANCLA_OBSERVADO
2026-10-09,NAUTA,10.0,2026-10-08,2026-10-23,30,15,4.895948352529478,4.765341611373959,4.895948352529478,5.28,5.287768575996038,2.44009466295256,6.30959466295256,HIBRIDO_ANALOGO_CLIM,ANALOGO_ESTADO_V2_HIBRIDO_CLIMATOLOGIA,30,10,2.519972070151433,OK_ANALOGOS_CONTINUIDAD_CORREGIDA,-0.3640946629525601,0.3640946629525601,0.0,CORREGIDO_ANCLA_OBSERVADO
2026-10-09,NAUTA,10.0,2026-10-08,2026-10-24,30,16,4.976033577379041,4.858230606825549,4.976033577379041,5.28,5.329442489039517,2.68209466295256,6.673294662952561,HIBRIDO_ANALOGO_CLIM,ANALOGO_ESTADO_V2_HIBRIDO_CLIMATOLOGIA,30,10,2.519972070151433,OK_ANALOGOS_CONTINUIDAD_CORREGIDA,-0.3640946629525601,0.3640946629525601,0.0,CORREGIDO_ANCLA_OBSERVADO
2026-10-09,NAUTA,10.0,2026-10-08,2026-10-25,30,17,5.018988366340268,4.9068442384839965,5.018988366340268,5.28,5.355420749909082,2.72579466295256,6.83289466295256,HIBRIDO_ANALOGO_CLIM,ANALOGO_ESTADO_V2_HIBRIDO_CLIMATOLOGIA,30,10,2.519972070151433,OK_ANALOGOS_CONTINUIDAD_CORREGIDA,-0.3640946629525601,0.3640946629525601,0.0,CORREGIDO_ANCLA_OBSERVADO
2026-10-09,NAUTA,10.0,2026-10-08,2026-10-26,30,18,5.0035390594218345,4.869440814766665,5.0035390594218345,5.28,5.405833793387343,2.53809466295256,6.91359466295256,HIBRIDO_ANALOGO_CLIM,ANALOGO_ESTADO_V2_HIBRIDO_CLIMATOLOGIA,30,10,2.519972070151433,OK_ANALOGOS_CONTINUIDAD_CORREGIDA,-0.3640946629525601,0.3640946629525601,0.0,CORREGIDO_ANCLA_OBSERVADO
2026-10-09,NAUTA,10.0,2026-10-08,2026-10-27,30,19,4.936430767129476,4.7644848308406225,4.936430767129476,5.28,5.452268575996038,2.2707946629525604,6.8390946629525615,HIBRIDO_ANALOGO_CLIM,ANALOGO_ESTADO_V2_HIBRIDO_CLIMATOLOGIA,30,10,2.519972070151433,OK_ANALOGOS_CONTINUIDAD_CORREGIDA,-0.3640946629525601,0.3640946629525601,0.0,CORREGIDO_ANCLA_OBSERVADO
2026-10-09,NAUTA,10.0,2026-10-08,2026-10-28,30,20,4.893288689273658,4.692751915438661,4.893288689273658,5.28,5.494899010778647,2.1067946629525602,6.770094662952561,HIBRIDO_ANALOGO_CLIM,ANALOGO_ESTADO_V2_HIBRIDO_CLIMATOLOGIA,30,10,2.519972070151433,OK_ANALOGOS_CONTINUIDAD_CORREGIDA,-0.3640946629525601,0.3640946629525601,0.0,CORREGIDO_ANCLA_OBSERVADO
2026-10-09,NAUTA,10.0,2026-10-08,2026-10-29,30,21,4.884411296127281,4.667111043417405,4.884411296127281,5.28,5.536312054256908,2.06109466295256,6.778094662952561,HIBRIDO_ANALOGO_CLIM,ANALOGO_ESTADO_V2_HIBRIDO_CLIMATOLOGIA,30,10,2.519972070151433,OK_ANALOGOS_CONTINUIDAD_CORREGIDA,-0.3640946629525601,0.3640946629525601,0.0,CORREGIDO_ANCLA_OBSERVADO
2026-10-09,NAUTA,10.0,2026-10-08,2026-10-30,30,22,4.921576437227599,4.703823985174352,4.921576437227599,5.28,5.574833793387342,2.2643946629525598,6.7640946629525605,HIBRIDO_ANALOGO_CLIM,ANALOGO_ESTADO_V2_HIBRIDO_CLIMATOLOGIA,30,10,2.519972070151433,OK_ANALOGOS_CONTINUIDAD_CORREGIDA,-0.3640946629525601,0.3640946629525601,0.0,CORREGIDO_ANCLA_OBSERVADO
2026-10-09,NAUTA,10.0,2026-10-08,2026-10-31,30,23,4.958801543244974,4.733834271458386,4.958801543244974,5.28,5.633703358604734,2.48509466295256,6.834094662952561,HIBRIDO_ANALOGO_CLIM,ANALOGO_ESTADO_V2_HIBRIDO_CLIMATOLOGIA,30,10,2.519972070151433,OK_ANALOGOS_CONTINUIDAD_CORREGIDA,-0.3640946629525601,0.3640946629525601,0.0,CORREGIDO_ANCLA_OBSERVADO
2026-10-09,NAUTA,10.0,2026-10-08,2026-11-01,30,24,4.998957786663933,4.764151291669173,4.998957786663933,5.28,5.703377271648212,2.4533946629525603,6.6680946629525595,HIBRIDO_ANALOGO_CLIM,ANALOGO_ESTADO_V2_HIBRIDO_CLIMATOLOGIA,30,10,2.519972070151433,OK_ANALOGOS_CONTINUIDAD_CORREGIDA,-0.3640946629525601,0.3640946629525601,0.0,CORREGIDO_ANCLA_OBSERVADO
2026-10-09,NAUTA,10.0,2026-10-08,2026-11-02,30,25,5.000011321329787,4.781122429677752,5.000011321329787,5.28,5.656677996285893,2.43139466295256,6.68209466295256,HIBRIDO_ANALOGO_CLIM,ANALOGO_ESTADO_V2_HIBRIDO_CLIMATOLOGIA,30,10,2.519972070151433,OK_ANALOGOS_CONTINUIDAD_CORREGIDA,-0.3640946629525601,0.3640946629525601,0.0,CORREGIDO_ANCLA_OBSERVADO
2026-10-09,NAUTA,10.0,2026-10-08,2026-11-03,30,26,5.012356306097627,4.771311576034871,5.012356306097627,5.28,5.735490496285894,2.38139466295256,6.84909466295256,HIBRIDO_ANALOGO_CLIM,ANALOGO_ESTADO_V2_HIBRIDO_CLIMATOLOGIA,30,10,2.519972070151433,OK_ANALOGOS_CONTINUIDAD_CORREGIDA,-0.3640946629525601,0.3640946629525601,0.0,CORREGIDO_ANCLA_OBSERVADO
2026-10-09,NAUTA,10.0,2026-10-08,2026-11-04,30,27,5.030426741587335,4.770349934465593,5.030426741587335,5.28,5.81065716295256,2.3513946629525604,7.01009466295256,HIBRIDO_ANALOGO_CLIM,ANALOGO_ESTADO_V2_HIBRIDO_CLIMATOLOGIA,30,10,2.519972070151433,OK_ANALOGOS_CONTINUIDAD_CORREGIDA,-0.3640946629525601,0.3640946629525601,0.0,CORREGIDO_ANCLA_OBSERVADO
2026-10-09,NAUTA,10.0,2026-10-08,2026-11-05,30,28,5.199467104087269,4.976973195576616,5.199467104087269,5.28,5.8669488296192265,2.72479466295256,7.142094662952561,HIBRIDO_ANALOGO_CLIM,ANALOGO_ESTADO_V2_HIBRIDO_CLIMATOLOGIA,30,10,2.519972070151433,OK_ANALOGOS_CONTINUIDAD_CORREGIDA,-0.3640946629525601,0.3640946629525601,0.0,CORREGIDO_ANCLA_OBSERVADO
2026-10-09,NAUTA,10.0,2026-10-08,2026-11-06,30,29,5.227386623144518,4.990143665430727,5.227386623144518,5.28,5.939115496285893,2.99079466295256,7.2610946629525595,HIBRIDO_ANALOGO_CLIM,ANALOGO_ESTADO_V2_HIBRIDO_CLIMATOLOGIA,30,10,2.519972070151433,OK_ANALOGOS_CONTINUIDAD_CORREGIDA,-0.3640946629525601,0.3640946629525601,0.0,CORREGIDO_ANCLA_OBSERVADO
2026-10-09,NAUTA,10.0,2026-10-08,2026-11-07,30,30,5.2278292164358895,4.970803234263666,5.2278292164358895,5.28,5.99890716295256,3.09209466295256,7.3330946629525595,HIBRIDO_ANALOGO_CLIM,ANALOGO_ESTADO_V2_HIBRIDO_CLIMATOLOGIA,30,10,2.519972070151433,OK_ANALOGOS_CONTINUIDAD_CORREGIDA,-0.3640946629525601,0.3640946629525601,0.0,CORREGIDO_ANCLA_OBSERVADO
2026-10-09,NAUTA,10.0,2026-10-08,2026-10-09,60,1,5.28,5.608903228291176,5.28,5.28,4.293290315126473,5.367594662952561,5.875894662952561,HIBRIDO_ANALOGO_CLIM,ANALOGO_ESTADO_V2_HIBRIDO_CLIMATOLOGIA,30,10,2.519972070151433,OK_ANALOGOS_CONTINUIDAD_CORREGIDA,-0.3640946629525601,0.3640946629525601,0.0,CORREGIDO_ANCLA_OBSERVADO
2026-10-09,NAUTA,10.0,2026-10-08,2026-10-10,60,2,5.232914802959697,5.513021516295409,5.232914802959697,5.28,4.39259466295256,4.98959466295256,5.96889466295256,HIBRIDO_ANALOGO_CLIM,ANALOGO_ESTADO_V2_HIBRIDO_CLIMATOLOGIA,30,10,2.519972070151433,OK_ANALOGOS_CONTINUIDAD_CORREGIDA,-0.3640946629525601,0.3640946629525601,0.0,CORREGIDO_ANCLA_OBSERVADO
2026-10-09,NAUTA,10.0,2026-10-08,2026-10-11,60,3,5.184770437345776,5.423481202723225,5.184770437345776,5.28,4.46863814121343,4.6527946629525605,5.97909466295256,HIBRIDO_ANALOGO_CLIM,ANALOGO_ESTADO_V2_HIBRIDO_CLIMATOLOGIA,30,10,2.519972070151433,OK_ANALOGOS_CONTINUIDAD_CORREGIDA,-0.3640946629525601,0.3640946629525601,0.0,CORREGIDO_ANCLA_OBSERVADO
2026-10-09,NAUTA,10.0,2026-10-08,2026-10-12,60,4,5.13895529410031,5.33315521462782,5.13895529410031,5.28,4.556355532517777,4.48309466295256,5.98909466295256,HIBRIDO_ANALOGO_CLIM,ANALOGO_ESTADO_V2_HIBRIDO_CLIMATOLOGIA,30,10,2.519972070151433,OK_ANALOGOS_CONTINUIDAD_CORREGIDA,-0.3640946629525601,0.3640946629525601,0.0,CORREGIDO_ANCLA_OBSERVADO
2026-10-09,NAUTA,10.0,2026-10-08,2026-10-13,60,5,5.120877593044231,5.271022627712469,5.120877593044231,5.28,4.670442489039516,4.341794662952561,6.07709466295256,HIBRIDO_ANALOGO_CLIM,ANALOGO_ESTADO_V2_HIBRIDO_CLIMATOLOGIA,30,10,2.519972070151433,OK_ANALOGOS_CONTINUIDAD_CORREGIDA,-0.3640946629525601,0.3640946629525601,0.0,CORREGIDO_ANCLA_OBSERVADO
2026-10-09,NAUTA,10.0,2026-10-08,2026-10-14,60,6,5.127163517363398,5.245635744195996,5.127163517363398,5.28,4.771746836865604,4.21709466295256,6.21709466295256,HIBRIDO_ANALOGO_CLIM,ANALOGO_ESTADO_V2_HIBRIDO_CLIMATOLOGIA,30,10,2.519972070151433,OK_ANALOGOS_CONTINUIDAD_CORREGIDA,-0.3640946629525601,0.3640946629525601,0.0,CORREGIDO_ANCLA_OBSERVADO
2026-10-09,NAUTA,10.0,2026-10-08,2026-10-15,60,7,5.149414006598361,5.243911758828122,5.149414006598361,5.28,4.8659207499090815,4.10309466295256,6.411094662952561,HIBRIDO_ANALOGO_CLIM,ANALOGO_ESTADO_V2_HIBRIDO_CLIMATOLOGIA,30,10,2.519972070151433,OK_ANALOGOS_CONTINUIDAD_CORREGIDA,-0.3640946629525601,0.3640946629525601,0.0,CORREGIDO_ANCLA_OBSERVADO
2026-10-09,NAUTA,10.0,2026-10-08,2026-10-16,60,8,5.113008990363591,5.17427753428321,5.113008990363591,5.28,4.929203358604734,3.85609466295256,6.398094662952561,HIBRIDO_ANALOGO_CLIM,ANALOGO_ESTADO_V2_HIBRIDO_CLIMATOLOGIA,30,10,2.519972070151433,OK_ANALOGOS_CONTINUIDAD_CORREGIDA,-0.3640946629525601,0.3640946629525601,0.0,CORREGIDO_ANCLA_OBSERVADO
2026-10-09,NAUTA,10.0,2026-10-08,2026-10-17,60,9,5.05285539117885,5.077601720877468,5.05285539117885,5.28,4.978616402082995,3.5090946629525606,6.53889466295256,HIBRIDO_ANALOGO_CLIM,ANALOGO_ESTADO_V2_HIBRIDO_CLIMATOLOGIA,30,10,2.519972070151433,OK_ANALOGOS_CONTINUIDAD_CORREGIDA,-0.3640946629525601,0.3640946629525601,0.0,CORREGIDO_ANCLA_OBSERVADO
2026-10-09,NAUTA,10.0,2026-10-08,2026-10-18,60,10,5.011247662950612,5.011356633964454,5.011247662950612,5.28,5.010920749909082,3.2127946629525597,6.62729466295256,HIBRIDO_ANALOGO_CLIM,ANALOGO_ESTADO_V2_HIBRIDO_CLIMATOLOGIA,30,10,2.519972070151433,OK_ANALOGOS_CONTINUIDAD_CORREGIDA,-0.3640946629525601,0.3640946629525601,0.0,CORREGIDO_ANCLA_OBSERVADO
2026-10-09,NAUTA,10.0,2026-10-08,2026-10-19,60,11,4.957230685249701,4.915420953551646,4.957230685249701,5.28,5.082659880343864,2.93609466295256,6.62159466295256,HIBRIDO_ANALOGO_CLIM,ANALOGO_ESTADO_V2_HIBRIDO_CLIMATOLOGIA,30,10,2.519972070151433,OK_ANALOGOS_CONTINUIDAD_CORREGIDA,-0.3640946629525601,0.3640946629525601,0.0,CORREGIDO_ANCLA_OBSERVADO
2026-10-09,NAUTA,10.0,2026-10-08,2026-10-20,60,12,4.903070070268463,4.8199531770549235,4.903070070268463,5.28,5.152420749909082,2.61239466295256,6.544894662952561,HIBRIDO_ANALOGO_CLIM,ANALOGO_ESTADO_V2_HIBRIDO_CLIMATOLOGIA,30,10,2.519972070151433,OK_ANALOGOS_CONTINUIDAD_CORREGIDA,-0.3640946629525601,0.3640946629525601,0.0,CORREGIDO_ANCLA_OBSERVADO
2026-10-09,NAUTA,10.0,2026-10-08,2026-10-21,60,13,4.862230325303996,4.743985691015343,4.862230325303996,5.28,5.216964228169951,2.41639466295256,6.434594662952561,HIBRIDO_ANALOGO_CLIM,ANALOGO_ESTADO_V2_HIBRIDO_CLIMATOLOGIA,30,10,2.519972070151433,OK_ANALOGOS_CONTINUIDAD_CORREGIDA,-0.3640946629525601,0.3640946629525601,0.0,CORREGIDO_ANCLA_OBSERVADO
2026-10-09,NAUTA,10.0,2026-10-08,2026-10-22,60,14,4.841434443137575,4.708511471315188,4.841434443137575,5.28,5.240203358604734,2.29809466295256,6.253594662952561,HIBRIDO_ANALOGO_CLIM,ANALOGO_ESTADO_V2_HIBRIDO_CLIMATOLOGIA,30,10,2.519972070151433,OK_ANALOGOS_CONTINUIDAD_CORREGIDA,-0.3640946629525601,0.3640946629525601,0.0,CORREGIDO_ANCLA_OBSERVADO
2026-10-09,NAUTA,10.0,2026-10-08,2026-10-23,60,15,4.895948352529478,4.765341611373959,4.895948352529478,5.28,5.287768575996038,2.44009466295256,6.30959466295256,HIBRIDO_ANALOGO_CLIM,ANALOGO_ESTADO_V2_HIBRIDO_CLIMATOLOGIA,30,10,2.519972070151433,OK_ANALOGOS_CONTINUIDAD_CORREGIDA,-0.3640946629525601,0.3640946629525601,0.0,CORREGIDO_ANCLA_OBSERVADO
2026-10-09,NAUTA,10.0,2026-10-08,2026-10-24,60,16,4.976033577379041,4.858230606825549,4.976033577379041,5.28,5.329442489039517,2.68209466295256,6.673294662952561,HIBRIDO_ANALOGO_CLIM,ANALOGO_ESTADO_V2_HIBRIDO_CLIMATOLOGIA,30,10,2.519972070151433,OK_ANALOGOS_CONTINUIDAD_CORREGIDA,-0.3640946629525601,0.3640946629525601,0.0,CORREGIDO_ANCLA_OBSERVADO
2026-10-09,NAUTA,10.0,2026-10-08,2026-10-25,60,17,5.018988366340268,4.9068442384839965,5.018988366340268,5.28,5.355420749909082,2.72579466295256,6.83289466295256,HIBRIDO_ANALOGO_CLIM,ANALOGO_ESTADO_V2_HIBRIDO_CLIMATOLOGIA,30,10,2.519972070151433,OK_ANALOGOS_CONTINUIDAD_CORREGIDA,-0.3640946629525601,0.3640946629525601,0.0,CORREGIDO_ANCLA_OBSERVADO
2026-10-09,NAUTA,10.0,2026-10-08,2026-10-26,60,18,5.0035390594218345,4.869440814766665,5.0035390594218345,5.28,5.405833793387343,2.53809466295256,6.91359466295256,HIBRIDO_ANALOGO_CLIM,ANALOGO_ESTADO_V2_HIBRIDO_CLIMATOLOGIA,30,10,2.519972070151433,OK_ANALOGOS_CONTINUIDAD_CORREGIDA,-0.3640946629525601,0.3640946629525601,0.0,CORREGIDO_ANCLA_OBSERVADO
2026-10-09,NAUTA,10.0,2026-10-08,2026-10-27,60,19,4.936430767129476,4.7644848308406225,4.936430767129476,5.28,5.452268575996038,2.2707946629525604,6.8390946629525615,HIBRIDO_ANALOGO_CLIM,ANALOGO_ESTADO_V2_HIBRIDO_CLIMATOLOGIA,30,10,2.519972070151433,OK_ANALOGOS_CONTINUIDAD_CORREGIDA,-0.3640946629525601,0.3640946629525601,0.0,CORREGIDO_ANCLA_OBSERVADO
2026-10-09,NAUTA,10.0,2026-10-08,2026-10-28,60,20,4.893288689273658,4.692751915438661,4.893288689273658,5.28,5.494899010778647,2.1067946629525602,6.770094662952561,HIBRIDO_ANALOGO_CLIM,ANALOGO_ESTADO_V2_HIBRIDO_CLIMATOLOGIA,30,10,2.519972070151433,OK_ANALOGOS_CONTINUIDAD_CORREGIDA,-0.3640946629525601,0.3640946629525601,0.0,CORREGIDO_ANCLA_OBSERVADO
2026-10-09,NAUTA,10.0,2026-10-08,2026-10-29,60,21,4.884411296127281,4.667111043417405,4.884411296127281,5.28,5.536312054256908,2.06109466295256,6.778094662952561,HIBRIDO_ANALOGO_CLIM,ANALOGO_ESTADO_V2_HIBRIDO_CLIMATOLOGIA,30,10,2.519972070151433,OK_ANALOGOS_CONTINUIDAD_CORREGIDA,-0.3640946629525601,0.3640946629525601,0.0,CORREGIDO_ANCLA_OBSERVADO
2026-10-09,NAUTA,10.0,2026-10-08,2026-10-30,60,22,4.921576437227599,4.703823985174352,4.921576437227599,5.28,5.574833793387342,2.2643946629525598,6.7640946629525605,HIBRIDO_ANALOGO_CLIM,ANALOGO_ESTADO_V2_HIBRIDO_CLIMATOLOGIA,30,10,2.519972070151433,OK_ANALOGOS_CONTINUIDAD_CORREGIDA,-0.3640946629525601,0.3640946629525601,0.0,CORREGIDO_ANCLA_OBSERVADO
2026-10-09,NAUTA,10.0,2026-10-08,2026-10-31,60,23,4.958801543244974,4.733834271458386,4.958801543244974,5.28,5.633703358604734,2.48509466295256,6.834094662952561,HIBRIDO_ANALOGO_CLIM,ANALOGO_ESTADO_V2_HIBRIDO_CLIMATOLOGIA,30,10,2.519972070151433,OK_ANALOGOS_CONTINUIDAD_CORREGIDA,-0.3640946629525601,0.3640946629525601,0.0,CORREGIDO_ANCLA_OBSERVADO
2026-10-09,NAUTA,10.0,2026-10-08,2026-11-01,60,24,4.998957786663933,4.764151291669173,4.998957786663933,5.28,5.703377271648212,2.4533946629525603,6.6680946629525595,HIBRIDO_ANALOGO_CLIM,ANALOGO_ESTADO_V2_HIBRIDO_CLIMATOLOGIA,30,10,2.519972070151433,OK_ANALOGOS_CONTINUIDAD_CORREGIDA,-0.3640946629525601,0.3640946629525601,0.0,CORREGIDO_ANCLA_OBSERVADO
2026-10-09,NAUTA,10.0,2026-10-08,2026-11-02,60,25,5.000011321329787,4.781122429677752,5.000011321329787,5.28,5.656677996285893,2.43139466295256,6.68209466295256,HIBRIDO_ANALOGO_CLIM,ANALOGO_ESTADO_V2_HIBRIDO_CLIMATOLOGIA,30,10,2.519972070151433,OK_ANALOGOS_CONTINUIDAD_CORREGIDA,-0.3640946629525601,0.3640946629525601,0.0,CORREGIDO_ANCLA_OBSERVADO
2026-10-09,NAUTA,10.0,2026-10-08,2026-11-03,60,26,5.012356306097627,4.771311576034871,5.012356306097627,5.28,5.735490496285894,2.38139466295256,6.84909466295256,HIBRIDO_ANALOGO_CLIM,ANALOGO_ESTADO_V2_HIBRIDO_CLIMATOLOGIA,30,10,2.519972070151433,OK_ANALOGOS_CONTINUIDAD_CORREGIDA,-0.3640946629525601,0.3640946629525601,0.0,CORREGIDO_ANCLA_OBSERVADO
2026-10-09,NAUTA,10.0,2026-10-08,2026-11-04,60,27,5.030426741587335,4.770349934465593,5.030426741587335,5.28,5.81065716295256,2.3513946629525604,7.01009466295256,HIBRIDO_ANALOGO_CLIM,ANALOGO_ESTADO_V2_HIBRIDO_CLIMATOLOGIA,30,10,2.519972070151433,OK_ANALOGOS_CONTINUIDAD_CORREGIDA,-0.3640946629525601,0.3640946629525601,0.0,CORREGIDO_ANCLA_OBSERVADO
2026-10-09,NAUTA,10.0,2026-10-08,2026-11-05,60,28,5.199467104087269,4.976973195576616,5.199467104087269,5.28,5.8669488296192265,2.72479466295256,7.142094662952561,HIBRIDO_ANALOGO_CLIM,ANALOGO_ESTADO_V2_HIBRIDO_CLIMATOLOGIA,30,10,2.519972070151433,OK_ANALOGOS_CONTINUIDAD_CORREGIDA,-0.3640946629525601,0.3640946629525601,0.0,CORREGIDO_ANCLA_OBSERVADO
2026-10-09,NAUTA,10.0,2026-10-08,2026-11-06,60,29,5.227386623144518,4.990143665430727,5.227386623144518,5.28,5.939115496285893,2.99079466295256,7.2610946629525595,HIBRIDO_ANALOGO_CLIM,ANALOGO_ESTADO_V2_HIBRIDO_CLIMATOLOGIA,30,10,2.519972070151433,OK_ANALOGOS_CONTINUIDAD_CORREGIDA,-0.3640946629525601,0.3640946629525601,0.0,CORREGIDO_ANCLA_OBSERVADO
2026-10-09,NAUTA,10.0,2026-10-08,2026-11-07,60,30,5.2278292164358895,4.970803234263666,5.2278292164358895,5.28,5.99890716295256,3.09209466295256,7.3330946629525595,HIBRIDO_ANALOGO_CLIM,ANALOGO_ESTADO_V2_HIBRIDO_CLIMATOLOGIA,30,10,2.519972070151433,OK_ANALOGOS_CONTINUIDAD_CORREGIDA,-0.3640946629525601,0.3640946629525601,0.0,CORREGIDO_ANCLA_OBSERVADO
2026-10-09,NAUTA,10.0,2026-10-08,2026-11-08,60,31,5.252542203104614,4.96420651484297,5.252542203104614,5.28,6.08034466295256,3.0193946629525605,7.367094662952561,HIBRIDO_ANALOGO_CLIM,ANALOGO_ESTADO_V2_HIBRIDO_CLIMATOLOGIA,30,10,2.519972070151433,OK_ANALOGOS_CONTINUIDAD_CORREGIDA,-0.3640946629525601,0.3640946629525601,0.0,CORREGIDO_ANCLA_OBSERVADO
2026-10-09,NAUTA,10.0,2026-10-08,2026-11-09,60,32,5.25111911264171,4.937681033740795,5.25111911264171,5.28,6.1130738296192275,2.8275946629525603,7.60659466295256,HIBRIDO_ANALOGO_CLIM,ANALOGO_ESTADO_V2_HIBRIDO_CLIMATOLOGIA,30,10,2.519972070151433,OK_ANALOGOS_CONTINUIDAD_CORREGIDA,-0.3640946629525601,0.3640946629525601,0.0,CORREGIDO_ANCLA_OBSERVADO
2026-10-09,NAUTA,10.0,2026-10-08,2026-11-10,60,33,5.213009852574629,4.862400096914034,5.213009852574629,5.28,6.13734466295256,2.62759466295256,7.79009466295256,HIBRIDO_ANALOGO_CLIM,ANALOGO_ESTADO_V2_HIBRIDO_CLIMATOLOGIA,30,10,2.519972070151433,OK_ANALOGOS_CONTINUIDAD_CORREGIDA,-0.3640946629525601,0.3640946629525601,0.0,CORREGIDO_ANCLA_OBSERVADO
2026-10-09,NAUTA,10.0,2026-10-08,2026-11-11,60,34,5.191898735517457,4.795154609167145,5.191898735517457,5.28,6.195427996285893,2.45239466295256,7.73029466295256,HIBRIDO_ANALOGO_CLIM,ANALOGO_ESTADO_V2_HIBRIDO_CLIMATOLOGIA,30,10,2.519972070151433,OK_ANALOGOS_CONTINUIDAD_CORREGIDA,-0.3640946629525601,0.3640946629525601,0.0,CORREGIDO_ANCLA_OBSERVADO
2026-10-09,NAUTA,10.0,2026-10-08,2026-11-12,60,35,5.209182781961824,4.7742325466519135,5.209182781961824,5.28,6.265490496285893,2.3300946629525603,7.580594662952561,HIBRIDO_ANALOGO_CLIM,ANALOGO_ESTADO_V2_HIBRIDO_CLIMATOLOGIA,30,10,2.519972070151433,OK_ANALOGOS_CONTINUIDAD_CORREGIDA,-0.3640946629525601,0.3640946629525601,0.0,CORREGIDO_ANCLA_OBSERVADO
2026-10-09,NAUTA,10.0,2026-10-08,2026-11-13,60,36,5.271519883492761,4.827755692295704,5.271519883492761,5.28,6.30696966295256,2.28059466295256,7.32059466295256,HIBRIDO_ANALOGO_CLIM,ANALOGO_ESTADO_V2_HIBRIDO_CLIMATOLOGIA,30,10,2.519972070151433,OK_ANALOGOS_CONTINUIDAD_CORREGIDA,-0.3640946629525601,0.3640946629525601,0.0,CORREGIDO_ANCLA_OBSERVADO
2026-10-09,NAUTA,10.0,2026-10-08,2026-11-14,60,37,5.30956196955247,4.837741672494598,5.30956196955247,5.28,6.36796966295256,2.35959466295256,7.12959466295256,HIBRIDO_ANALOGO_CLIM,ANALOGO_ESTADO_V2_HIBRIDO_CLIMATOLOGIA,30,10,2.519972070151433,OK_ANALOGOS_CONTINUIDAD_CORREGIDA,-0.3640946629525601,0.3640946629525601,0.0,CORREGIDO_ANCLA_OBSERVADO
2026-10-09,NAUTA,10.0,2026-10-08,2026-11-15,60,38,5.344147115082228,4.85130099533744,5.344147115082228,5.28,6.40765716295256,2.55139466295256,7.00829466295256,HIBRIDO_ANALOGO_CLIM,ANALOGO_ESTADO_V2_HIBRIDO_CLIMATOLOGIA,30,10,2.519972070151433,OK_ANALOGOS_CONTINUIDAD_CORREGIDA,-0.3640946629525601,0.3640946629525601,0.0,CORREGIDO_ANCLA_OBSERVADO
2026-10-09,NAUTA,10.0,2026-10-08,2026-11-16,60,39,5.417225437529681,4.91395969936311,5.417225437529681,5.28,6.46246966295256,2.7103946629525604,6.97029466295256,HIBRIDO_ANALOGO_CLIM,ANALOGO_ESTADO_V2_HIBRIDO_CLIMATOLOGIA,30,10,2.519972070151433,OK_ANALOGOS_CONTINUIDAD_CORREGIDA,-0.3640946629525601,0.3640946629525601,0.0,CORREGIDO_ANCLA_OBSERVADO
2026-10-09,NAUTA,10.0,2026-10-08,2026-11-17,60,40,5.472162944721535,4.953895002272689,5.472162944721535,5.28,6.5086988296192265,2.4185946629525596,7.22309466295256,HIBRIDO_ANALOGO_CLIM,ANALOGO_ESTADO_V2_HIBRIDO_CLIMATOLOGIA,30,10,2.519972070151433,OK_ANALOGOS_CONTINUIDAD_CORREGIDA,-0.3640946629525601,0.3640946629525601,0.0,CORREGIDO_ANCLA_OBSERVADO
2026-10-09,NAUTA,10.0,2026-10-08,2026-11-18,60,41,5.454711841869714,4.890892909408996,5.454711841869714,5.28,6.54109466295256,2.1454946629525606,7.6222946629525605,HIBRIDO_ANALOGO_CLIM,ANALOGO_ESTADO_V2_HIBRIDO_CLIMATOLOGIA,30,10,2.519972070151433,OK_ANALOGOS_CONTINUIDAD_CORREGIDA,-0.3640946629525601,0.3640946629525601,0.0,CORREGIDO_ANCLA_OBSERVADO
2026-10-09,NAUTA,10.0,2026-10-08,2026-11-19,60,42,5.468092762166799,4.8516093668719025,5.468092762166799,5.28,6.612990496285893,1.96389466295256,7.689094662952561,HIBRIDO_ANALOGO_CLIM,ANALOGO_ESTADO_V2_HIBRIDO_CLIMATOLOGIA,30,10,2.519972070151433,OK_ANALOGOS_CONTINUIDAD_CORREGIDA,-0.3640946629525601,0.3640946629525601,0.0,CORREGIDO_ANCLA_OBSERVADO
2026-10-09,NAUTA,10.0,2026-10-08,2026-11-20,60,43,5.469521215883699,4.791439074446974,5.469521215883699,5.28,6.683761329619227,1.7703946629525602,7.81089466295256,HIBRIDO_ANALOGO_CLIM,ANALOGO_ESTADO_V2_HIBRIDO_CLIMATOLOGIA,30,10,2.519972070151433,OK_ANALOGOS_CONTINUIDAD_CORREGIDA,-0.3640946629525601,0.3640946629525601,0.0,CORREGIDO_ANCLA_OBSERVADO
2026-10-09,NAUTA,10.0,2026-10-08,2026-11-21,60,44,5.50772380646975,4.772137389558649,5.50772380646975,5.28,6.77828216295256,1.6048946629525602,8.076594662952559,HIBRIDO_ANALOGO_CLIM,ANALOGO_ESTADO_V2_HIBRIDO_CLIMATOLOGIA,30,10,2.519972070151433,OK_ANALOGOS_CONTINUIDAD_CORREGIDA,-0.3640946629525601,0.3640946629525601,0.0,CORREGIDO_ANCLA_OBSERVADO
2026-10-09,NAUTA,10.0,2026-10-08,2026-11-22,60,45,5.563860572148274,4.793020117665702,5.563860572148274,5.28,6.84859466295256,1.6120946629525603,8.25989466295256,HIBRIDO_ANALOGO_CLIM,ANALOGO_ESTADO_V2_HIBRIDO_CLIMATOLOGIA,30,10,2.519972070151433,OK_ANALOGOS_CONTINUIDAD_CORREGIDA,-0.3640946629525601,0.3640946629525601,0.0,CORREGIDO_ANCLA_OBSERVADO
2026-10-09,NAUTA,10.0,2026-10-08,2026-11-23,60,46,5.620847070430758,4.833629535439727,5.620847070430758,5.28,6.8872404962858935,1.6959946629525604,8.34559466295256,HIBRIDO_ANALOGO_CLIM,ANALOGO_ESTADO_V2_HIBRIDO_CLIMATOLOGIA,30,10,2.519972070151433,OK_ANALOGOS_CONTINUIDAD_CORREGIDA,-0.3640946629525601,0.3640946629525601,0.0,CORREGIDO_ANCLA_OBSERVADO
2026-10-09,NAUTA,10.0,2026-10-08,2026-11-24,60,47,5.696452041623902,4.912745205517324,5.696452041623902,5.28,6.913698829619226,1.9193946629525604,8.39159466295256,HIBRIDO_ANALOGO_CLIM,ANALOGO_ESTADO_V2_HIBRIDO_CLIMATOLOGIA,30,10,2.519972070151433,OK_ANALOGOS_CONTINUIDAD_CORREGIDA,-0.3640946629525601,0.3640946629525601,0.0,CORREGIDO_ANCLA_OBSERVADO
2026-10-09,NAUTA,10.0,2026-10-08,2026-11-25,60,48,5.767545369393388,4.9555680625761624,5.767545369393388,5.28,6.985511329619226,1.9450946629525603,8.50589466295256,HIBRIDO_ANALOGO_CLIM,ANALOGO_ESTADO_V2_HIBRIDO_CLIMATOLOGIA,30,10,2.519972070151433,OK_ANALOGOS_CONTINUIDAD_CORREGIDA,-0.3640946629525601,0.3640946629525601,0.0,CORREGIDO_ANCLA_OBSERVADO
2026-10-09,NAUTA,10.0,2026-10-08,2026-11-26,60,49,5.674712659741047,4.731328425130285,5.674712659741047,5.28,7.041657162952561,0.9085946629525601,8.82359466295256,HIBRIDO_ANALOGO_CLIM,ANALOGO_ESTADO_V2_HIBRIDO_CLIMATOLOGIA,30,10,2.519972070151433,OK_ANALOGOS_CONTINUIDAD_CORREGIDA,-0.3640946629525601,0.3640946629525601,0.0,CORREGIDO_ANCLA_OBSERVADO
2026-10-09,NAUTA,10.0,2026-10-08,2026-11-27,60,50,5.74778700478635,4.786213082286675,5.74778700478635,5.28,7.093990496285893,0.9385946629525601,9.026794662952561,HIBRIDO_ANALOGO_CLIM,ANALOGO_ESTADO_V2_HIBRIDO_CLIMATOLOGIA,30,10,2.519972070151433,OK_ANALOGOS_CONTINUIDAD_CORREGIDA,-0.3640946629525601,0.3640946629525601,0.0,CORREGIDO_ANCLA_OBSERVADO
2026-10-09,NAUTA,10.0,2026-10-08,2026-11-28,60,51,5.804343260955589,4.8208675870157975,5.804343260955589,5.28,7.134927996285893,0.9335946629525601,9.21229466295256,HIBRIDO_ANALOGO_CLIM,ANALOGO_ESTADO_V2_HIBRIDO_CLIMATOLOGIA,30,10,2.519972070151433,OK_ANALOGOS_CONTINUIDAD_CORREGIDA,-0.3640946629525601,0.3640946629525601,0.0,CORREGIDO_ANCLA_OBSERVADO
2026-10-09,NAUTA,10.0,2026-10-08,2026-11-29,60,52,5.8611981023835735,4.8594328403798395,5.8611981023835735,5.28,7.171198829619226,0.9235946629525605,9.33509466295256,HIBRIDO_ANALOGO_CLIM,ANALOGO_ESTADO_V2_HIBRIDO_CLIMATOLOGIA,30,10,2.519972070151433,OK_ANALOGOS_CONTINUIDAD_CORREGIDA,-0.3640946629525601,0.3640946629525601,0.0,CORREGIDO_ANCLA_OBSERVADO
2026-10-09,NAUTA,10.0,2026-10-08,2026-11-30,60,53,5.936955599902818,4.928032783858494,5.936955599902818,5.28,7.212386329619227,1.0400946629525605,9.475794662952561,HIBRIDO_ANALOGO_CLIM,ANALOGO_ESTADO_V2_HIBRIDO_CLIMATOLOGIA,30,10,2.519972070151433,OK_ANALOGOS_CONTINUIDAD_CORREGIDA,-0.3640946629525601,0.3640946629525601,0.0,CORREGIDO_ANCLA_OBSERVADO
2026-10-09,NAUTA,10.0,2026-10-08,2026-12-01,60,54,5.866266320656635,4.740719495141788,5.866266320656635,5.28,7.24193466295256,1.0190946629525603,9.53189466295256,HIBRIDO_ANALOGO_CLIM,ANALOGO_ESTADO_V2_HIBRIDO_CLIMATOLOGIA,30,10,2.519972070151433,OK_ANALOGOS_CONTINUIDAD_CORREGIDA,-0.3640946629525601,0.3640946629525601,0.0,CORREGIDO_ANCLA_OBSERVADO
2026-10-09,NAUTA,10.0,2026-10-08,2026-12-02,60,55,5.905053385616487,4.726884612485963,5.905053385616487,5.28,7.2974346629525595,0.9695946629525599,9.37109466295256,HIBRIDO_ANALOGO_CLIM,ANALOGO_ESTADO_V2_HIBRIDO_CLIMATOLOGIA,30,10,2.519972070151433,OK_ANALOGOS_CONTINUIDAD_CORREGIDA,-0.3640946629525601,0.3640946629525601,0.0,CORREGIDO_ANCLA_OBSERVADO
2026-10-09,NAUTA,10.0,2026-10-08,2026-12-03,60,56,5.957383160805799,4.744483096427383,5.957383160805799,5.28,7.3435546629525605,0.89809466295256,9.22159466295256,HIBRIDO_ANALOGO_CLIM,ANALOGO_ESTADO_V2_HIBRIDO_CLIMATOLOGIA,30,10,2.519972070151433,OK_ANALOGOS_CONTINUIDAD_CORREGIDA,-0.3640946629525601,0.3640946629525601,0.0,CORREGIDO_ANCLA_OBSERVADO
2026-10-09,NAUTA,10.0,2026-10-08,2026-12-04,60,57,6.014142734035054,4.770174798347786,6.014142734035054,5.28,7.38905466295256,0.8120946629525599,9.15089466295256,HIBRIDO_ANALOGO_CLIM,ANALOGO_ESTADO_V2_HIBRIDO_CLIMATOLOGIA,30,10,2.519972070151433,OK_ANALOGOS_CONTINUIDAD_CORREGIDA,-0.3640946629525601,0.3640946629525601,0.0,CORREGIDO_ANCLA_OBSERVADO
2026-10-09,NAUTA,10.0,2026-10-08,2026-12-05,60,58,6.090423062937364,4.7726709209876645,6.090423062937364,5.28,7.49905466295256,0.7135946629525601,9.41309466295256,HIBRIDO_ANALOGO_CLIM,ANALOGO_ESTADO_V2_HIBRIDO_CLIMATOLOGIA,30,10,2.519972070151433,OK_ANALOGOS_CONTINUIDAD_CORREGIDA,-0.3640946629525601,0.3640946629525601,0.0,CORREGIDO_ANCLA_OBSERVADO
2026-10-09,NAUTA,10.0,2026-10-08,2026-12-06,60,59,6.1323809056113365,4.777940386215728,6.1323809056113365,5.28,7.53273466295256,0.5988946629525601,9.59489466295256,HIBRIDO_ANALOGO_CLIM,ANALOGO_ESTADO_V2_HIBRIDO_CLIMATOLOGIA,30,10,2.519972070151433,OK_ANALOGOS_CONTINUIDAD_CORREGIDA,-0.3640946629525601,0.3640946629525601,0.0,CORREGIDO_ANCLA_OBSERVADO
2026-10-09,NAUTA,10.0,2026-10-08,2026-12-07,60,60,6.213094156151113,4.819813649349666,6.213094156151113,5.28,7.606374662952561,0.5322946629525599,9.60759466295256,HIBRIDO_ANALOGO_CLIM,ANALOGO_ESTADO_V2_HIBRIDO_CLIMATOLOGIA,30,10,2.519972070151433,OK_ANALOGOS_CONTINUIDAD_CORREGIDA,-0.3640946629525601,0.3640946629525601,0.0,CORREGIDO_ANCLA_OBSERVADO
2026-10-09,NAUTA,10.0,2026-10-08,2026-10-09,90,1,5.28,5.607128944948285,5.28,5.28,4.298613165155143,5.372917512981231,5.881217512981231,HIBRIDO_ANALOGO_CLIM,ANALOGO_ESTADO_V2_HIBRIDO_CLIMATOLOGIA,30,10,2.5260791247754693,OK_ANALOGOS_CONTINUIDAD_CORREGIDA,-0.36941751298123027,0.36941751298123027,0.0,CORREGIDO_ANCLA_OBSERVADO
2026-10-09,NAUTA,10.0,2026-10-08,2026-10-10,90,2,5.232228798095127,5.5103325597997594,5.232228798095127,5.28,4.3979175129812305,4.99491751298123,5.97421751298123,HIBRIDO_ANALOGO_CLIM,ANALOGO_ESTADO_V2_HIBRIDO_CLIMATOLOGIA,30,10,2.5260791247754693,OK_ANALOGOS_CONTINUIDAD_CORREGIDA,-0.36941751298123027,0.36941751298123027,0.0,CORREGIDO_ANCLA_OBSERVADO
2026-10-09,NAUTA,10.0,2026-10-08,2026-10-11,90,3,5.181590698848552,5.417467268050703,5.181590698848552,5.28,4.4739609912421,4.658117512981231,5.9844175129812305,HIBRIDO_ANALOGO_CLIM,ANALOGO_ESTADO_V2_HIBRIDO_CLIMATOLOGIA,30,10,2.5260791247754693,OK_ANALOGOS_CONTINUIDAD_CORREGIDA,-0.36941751298123027,0.36941751298123027,0.0,CORREGIDO_ANCLA_OBSERVADO
2026-10-09,NAUTA,10.0,2026-10-08,2026-10-12,90,4,5.129790967282153,5.319161828860722,5.129790967282153,5.28,4.5616783825464475,4.48841751298123,5.99441751298123,HIBRIDO_ANALOGO_CLIM,ANALOGO_ESTADO_V2_HIBRIDO_CLIMATOLOGIA,30,10,2.5260791247754693,OK_ANALOGOS_CONTINUIDAD_CORREGIDA,-0.36941751298123027,0.36941751298123027,0.0,CORREGIDO_ANCLA_OBSERVADO
2026-10-09,NAUTA,10.0,2026-10-08,2026-10-13,90,5,5.105152706447283,5.248281828906983,5.105152706447283,5.28,4.675765339068186,4.34711751298123,6.08241751298123,HIBRIDO_ANALOGO_CLIM,ANALOGO_ESTADO_V2_HIBRIDO_CLIMATOLOGIA,30,10,2.5260791247754693,OK_ANALOGOS_CONTINUIDAD_CORREGIDA,-0.36941751298123027,0.36941751298123027,0.0,CORREGIDO_ANCLA_OBSERVADO
2026-10-09,NAUTA,10.0,2026-10-08,2026-10-14,90,6,5.101396025251527,5.209504804703945,5.101396025251527,5.28,4.777069686894274,4.222417512981231,6.22241751298123,HIBRIDO_ANALOGO_CLIM,ANALOGO_ESTADO_V2_HIBRIDO_CLIMATOLOGIA,30,10,2.5260791247754693,OK_ANALOGOS_CONTINUIDAD_CORREGIDA,-0.36941751298123027,0.36941751298123027,0.0,CORREGIDO_ANCLA_OBSERVADO
2026-10-09,NAUTA,10.0,2026-10-08,2026-10-15,90,7,5.118351112773378,5.200720283718587,5.118351112773378,5.28,4.871243599937752,4.10841751298123,6.416417512981231,HIBRIDO_ANALOGO_CLIM,ANALOGO_ESTADO_V2_HIBRIDO_CLIMATOLOGIA,30,10,2.5260791247754693,OK_ANALOGOS_CONTINUIDAD_CORREGIDA,-0.36941751298123027,0.36941751298123027,0.0,CORREGIDO_ANCLA_OBSERVADO
2026-10-09,NAUTA,10.0,2026-10-08,2026-10-16,90,8,5.080775414892639,5.129525150312384,5.080775414892639,5.28,4.934526208633404,3.8614175129812303,6.403417512981231,HIBRIDO_ANALOGO_CLIM,ANALOGO_ESTADO_V2_HIBRIDO_CLIMATOLOGIA,30,10,2.5260791247754693,OK_ANALOGOS_CONTINUIDAD_CORREGIDA,-0.36941751298123027,0.36941751298123027,0.0,CORREGIDO_ANCLA_OBSERVADO
2026-10-09,NAUTA,10.0,2026-10-08,2026-10-17,90,9,5.020567222111498,5.032776545444776,5.020567222111498,5.28,4.983939252111665,3.5144175129812307,6.5442175129812306,HIBRIDO_ANALOGO_CLIM,ANALOGO_ESTADO_V2_HIBRIDO_CLIMATOLOGIA,30,10,2.5260791247754693,OK_ANALOGOS_CONTINUIDAD_CORREGIDA,-0.36941751298123027,0.36941751298123027,0.0,CORREGIDO_ANCLA_OBSERVADO
2026-10-09,NAUTA,10.0,2026-10-08,2026-10-18,90,10,4.97529850498899,4.961650140006069,4.97529850498899,5.28,5.016243599937752,3.21811751298123,6.632617512981231,HIBRIDO_ANALOGO_CLIM,ANALOGO_ESTADO_V2_HIBRIDO_CLIMATOLOGIA,30,10,2.5260791247754693,OK_ANALOGOS_CONTINUIDAD_CORREGIDA,-0.36941751298123027,0.36941751298123027,0.0,CORREGIDO_ANCLA_OBSERVADO
2026-10-09,NAUTA,10.0,2026-10-08,2026-10-19,90,11,4.91639130914032,4.859194168729582,4.91639130914032,5.28,5.087982730372534,2.9414175129812303,6.6269175129812306,HIBRIDO_ANALOGO_CLIM,ANALOGO_ESTADO_V2_HIBRIDO_CLIMATOLOGIA,30,10,2.5260791247754693,OK_ANALOGOS_CONTINUIDAD_CORREGIDA,-0.36941751298123027,0.36941751298123027,0.0,CORREGIDO_ANCLA_OBSERVADO
2026-10-09,NAUTA,10.0,2026-10-08,2026-10-20,90,12,4.85325383648052,4.751757248661442,4.85325383648052,5.28,5.157743599937752,2.6177175129812302,6.550217512981231,HIBRIDO_ANALOGO_CLIM,ANALOGO_ESTADO_V2_HIBRIDO_CLIMATOLOGIA,30,10,2.5260791247754693,OK_ANALOGOS_CONTINUIDAD_CORREGIDA,-0.36941751298123027,0.36941751298123027,0.0,CORREGIDO_ANCLA_OBSERVADO
2026-10-09,NAUTA,10.0,2026-10-08,2026-10-21,90,13,4.809889447776375,4.672423570968959,4.809889447776375,5.28,5.2222870781986215,2.42171751298123,6.439917512981231,HIBRIDO_ANALOGO_CLIM,ANALOGO_ESTADO_V2_HIBRIDO_CLIMATOLOGIA,30,10,2.5260791247754693,OK_ANALOGOS_CONTINUIDAD_CORREGIDA,-0.36941751298123027,0.36941751298123027,0.0,CORREGIDO_ANCLA_OBSERVADO
2026-10-09,NAUTA,10.0,2026-10-08,2026-10-22,90,14,4.78135798787621,4.6266352476238115,4.78135798787621,5.28,5.245526208633404,2.30341751298123,6.258917512981231,HIBRIDO_ANALOGO_CLIM,ANALOGO_ESTADO_V2_HIBRIDO_CLIMATOLOGIA,30,10,2.5260791247754693,OK_ANALOGOS_CONTINUIDAD_CORREGIDA,-0.36941751298123027,0.36941751298123027,0.0,CORREGIDO_ANCLA_OBSERVADO
2026-10-09,NAUTA,10.0,2026-10-08,2026-10-23,90,15,4.826546099281205,4.671030990366703,4.826546099281205,5.28,5.293091426024708,2.4454175129812303,6.31491751298123,HIBRIDO_ANALOGO_CLIM,ANALOGO_ESTADO_V2_HIBRIDO_CLIMATOLOGIA,30,10,2.5260791247754693,OK_ANALOGOS_CONTINUIDAD_CORREGIDA,-0.36941751298123027,0.36941751298123027,0.0,CORREGIDO_ANCLA_OBSERVADO
2026-10-09,NAUTA,10.0,2026-10-08,2026-10-24,90,16,4.897336005454881,4.751526227583779,4.897336005454881,5.28,5.334765339068187,2.6874175129812303,6.678617512981231,HIBRIDO_ANALOGO_CLIM,ANALOGO_ESTADO_V2_HIBRIDO_CLIMATOLOGIA,30,10,2.5260791247754693,OK_ANALOGOS_CONTINUIDAD_CORREGIDA,-0.36941751298123027,0.36941751298123027,0.0,CORREGIDO_ANCLA_OBSERVADO
2026-10-09,NAUTA,10.0,2026-10-08,2026-10-25,90,17,4.932103102924079,4.7892229372528545,4.932103102924079,5.28,5.360743599937752,2.73111751298123,6.83821751298123,HIBRIDO_ANALOGO_CLIM,ANALOGO_ESTADO_V2_HIBRIDO_CLIMATOLOGIA,30,10,2.5260791247754693,OK_ANALOGOS_CONTINUIDAD_CORREGIDA,-0.36941751298123027,0.36941751298123027,0.0,CORREGIDO_ANCLA_OBSERVADO
2026-10-09,NAUTA,10.0,2026-10-08,2026-10-26,90,18,4.908365496081495,4.740768446969988,4.908365496081495,5.28,5.411156643416013,2.54341751298123,6.91891751298123,HIBRIDO_ANALOGO_CLIM,ANALOGO_ESTADO_V2_HIBRIDO_CLIMATOLOGIA,30,10,2.5260791247754693,OK_ANALOGOS_CONTINUIDAD_CORREGIDA,-0.36941751298123027,0.36941751298123027,0.0,CORREGIDO_ANCLA_OBSERVADO
2026-10-09,NAUTA,10.0,2026-10-08,2026-10-27,90,19,4.832280944720323,4.623844117618862,4.832280944720323,5.28,5.457591426024708,2.2761175129812306,6.844417512981232,HIBRIDO_ANALOGO_CLIM,ANALOGO_ESTADO_V2_HIBRIDO_CLIMATOLOGIA,30,10,2.5260791247754693,OK_ANALOGOS_CONTINUIDAD_CORREGIDA,-0.36941751298123027,0.36941751298123027,0.0,CORREGIDO_ANCLA_OBSERVADO
2026-10-09,NAUTA,10.0,2026-10-08,2026-10-28,90,20,4.7831292402836185,4.544098366775719,4.7831292402836185,5.28,5.500221860807317,2.1121175129812304,6.775417512981231,HIBRIDO_ANALOGO_CLIM,ANALOGO_ESTADO_V2_HIBRIDO_CLIMATOLOGIA,30,10,2.5260791247754693,OK_ANALOGOS_CONTINUIDAD_CORREGIDA,-0.36941751298123027,0.36941751298123027,0.0,CORREGIDO_ANCLA_OBSERVADO
2026-10-09,NAUTA,10.0,2026-10-08,2026-10-29,90,21,4.7753812698474905,4.519963391701461,4.7753812698474905,5.28,5.541634904285578,2.0664175129812303,6.783417512981231,HIBRIDO_ANALOGO_CLIM,ANALOGO_ESTADO_V2_HIBRIDO_CLIMATOLOGIA,30,10,2.5260791247754693,OK_ANALOGOS_CONTINUIDAD_CORREGIDA,-0.36941751298123027,0.36941751298123027,0.0,CORREGIDO_ANCLA_OBSERVADO
2026-10-09,NAUTA,10.0,2026-10-08,2026-10-30,90,22,4.797329839529914,4.536387571567881,4.797329839529914,5.28,5.580156643416013,2.26971751298123,6.769417512981231,HIBRIDO_ANALOGO_CLIM,ANALOGO_ESTADO_V2_HIBRIDO_CLIMATOLOGIA,30,10,2.5260791247754693,OK_ANALOGOS_CONTINUIDAD_CORREGIDA,-0.36941751298123027,0.36941751298123027,0.0,CORREGIDO_ANCLA_OBSERVADO
2026-10-09,NAUTA,10.0,2026-10-08,2026-10-31,90,23,4.818124336003706,4.544490378460473,4.818124336003706,5.28,5.639026208633404,2.4904175129812303,6.839417512981231,HIBRIDO_ANALOGO_CLIM,ANALOGO_ESTADO_V2_HIBRIDO_CLIMATOLOGIA,30,10,2.5260791247754693,OK_ANALOGOS_CONTINUIDAD_CORREGIDA,-0.36941751298123027,0.36941751298123027,0.0,CORREGIDO_ANCLA_OBSERVADO
2026-10-09,NAUTA,10.0,2026-10-08,2026-11-01,90,24,4.841826935974768,4.552869207407397,4.841826935974768,5.28,5.708700121676882,2.4587175129812304,6.67341751298123,HIBRIDO_ANALOGO_CLIM,ANALOGO_ESTADO_V2_HIBRIDO_CLIMATOLOGIA,30,10,2.5260791247754693,OK_ANALOGOS_CONTINUIDAD_CORREGIDA,-0.36941751298123027,0.36941751298123027,0.0,CORREGIDO_ANCLA_OBSERVADO
2026-10-09,NAUTA,10.0,2026-10-08,2026-11-02,90,25,4.8228511036525985,4.5431345227652775,4.8228511036525985,5.28,5.662000846314563,2.43671751298123,6.58121751298123,HIBRIDO_ANALOGO_CLIM,ANALOGO_ESTADO_V2_HIBRIDO_CLIMATOLOGIA,30,10,2.5260791247754693,OK_ANALOGOS_CONTINUIDAD_CORREGIDA,-0.36941751298123027,0.36941751298123027,0.0,CORREGIDO_ANCLA_OBSERVADO
2026-10-09,NAUTA,10.0,2026-10-08,2026-11-03,90,26,4.817430829914186,4.509636657780726,4.817430829914186,5.28,5.740813346314564,2.3867175129812304,6.75361751298123,HIBRIDO_ANALOGO_CLIM,ANALOGO_ESTADO_V2_HIBRIDO_CLIMATOLOGIA,30,10,2.5260791247754693,OK_ANALOGOS_CONTINUIDAD_CORREGIDA,-0.36941751298123027,0.36941751298123027,0.0,CORREGIDO_ANCLA_OBSERVADO
2026-10-09,NAUTA,10.0,2026-10-08,2026-11-04,90,27,4.824175762978123,4.49357434631042,4.824175762978123,5.28,5.81598001298123,2.3567175129812306,6.938917512981231,HIBRIDO_ANALOGO_CLIM,ANALOGO_ESTADO_V2_HIBRIDO_CLIMATOLOGIA,30,10,2.5260791247754693,OK_ANALOGOS_CONTINUIDAD_CORREGIDA,-0.36941751298123027,0.36941751298123027,0.0,CORREGIDO_ANCLA_OBSERVADO
2026-10-09,NAUTA,10.0,2026-10-08,2026-11-05,90,28,4.990940135004422,4.697162953456597,4.990940135004422,5.28,5.872271679647897,2.7301175129812303,7.057417512981231,HIBRIDO_ANALOGO_CLIM,ANALOGO_ESTADO_V2_HIBRIDO_CLIMATOLOGIA,30,10,2.5260791247754693,OK_ANALOGOS_CONTINUIDAD_CORREGIDA,-0.36941751298123027,0.36941751298123027,0.0,CORREGIDO_ANCLA_OBSERVADO
2026-10-09,NAUTA,10.0,2026-10-08,2026-11-06,90,29,5.026909076275047,4.721065986261874,5.026909076275047,5.28,5.944438346314564,2.9961175129812303,7.09991751298123,HIBRIDO_ANALOGO_CLIM,ANALOGO_ESTADO_V2_HIBRIDO_CLIMATOLOGIA,30,10,2.5260791247754693,OK_ANALOGOS_CONTINUIDAD_CORREGIDA,-0.36941751298123027,0.36941751298123027,0.0,CORREGIDO_ANCLA_OBSERVADO
2026-10-09,NAUTA,10.0,2026-10-08,2026-11-07,90,30,5.017866601913601,4.689078798224392,5.017866601913601,5.28,6.00423001298123,3.09741751298123,7.13591751298123,HIBRIDO_ANALOGO_CLIM,ANALOGO_ESTADO_V2_HIBRIDO_CLIMATOLOGIA,30,10,2.5260791247754693,OK_ANALOGOS_CONTINUIDAD_CORREGIDA,-0.36941751298123027,0.36941751298123027,0.0,CORREGIDO_ANCLA_OBSERVADO
2026-10-09,NAUTA,10.0,2026-10-08,2026-11-08,90,31,5.0715771207944735,4.718354624639536,5.0715771207944735,5.28,6.08566751298123,3.0247175129812307,7.338217512981231,HIBRIDO_ANALOGO_CLIM,ANALOGO_ESTADO_V2_HIBRIDO_CLIMATOLOGIA,30,10,2.5260791247754693,OK_ANALOGOS_CONTINUIDAD_CORREGIDA,-0.36941751298123027,0.36941751298123027,0.0,CORREGIDO_ANCLA_OBSERVADO
2026-10-09,NAUTA,10.0,2026-10-08,2026-11-09,90,32,5.076877211695731,4.6981428597131245,5.076877211695731,5.28,6.118396679647898,2.8329175129812305,7.61191751298123,HIBRIDO_ANALOGO_CLIM,ANALOGO_ESTADO_V2_HIBRIDO_CLIMATOLOGIA,30,10,2.5260791247754693,OK_ANALOGOS_CONTINUIDAD_CORREGIDA,-0.36941751298123027,0.36941751298123027,0.0,CORREGIDO_ANCLA_OBSERVADO
2026-10-09,NAUTA,10.0,2026-10-08,2026-11-10,90,33,5.057398443673026,4.645744658763018,5.057398443673026,5.28,6.14266751298123,2.6329175129812303,7.79541751298123,HIBRIDO_ANALOGO_CLIM,ANALOGO_ESTADO_V2_HIBRIDO_CLIMATOLOGIA,30,10,2.5260791247754693,OK_ANALOGOS_CONTINUIDAD_CORREGIDA,-0.36941751298123027,0.36941751298123027,0.0,CORREGIDO_ANCLA_OBSERVADO
2026-10-09,NAUTA,10.0,2026-10-08,2026-11-11,90,34,5.060711427922368,4.609998169488244,5.060711427922368,5.28,6.2007508463145635,2.45771751298123,7.73561751298123,HIBRIDO_ANALOGO_CLIM,ANALOGO_ESTADO_V2_HIBRIDO_CLIMATOLOGIA,30,10,2.5260791247754693,OK_ANALOGOS_CONTINUIDAD_CORREGIDA,-0.36941751298123027,0.36941751298123027,0.0,CORREGIDO_ANCLA_OBSERVADO
2026-10-09,NAUTA,10.0,2026-10-08,2026-11-12,90,35,5.0951990113361285,4.611122520462655,5.0951990113361285,5.28,6.270813346314563,2.3354175129812305,7.585917512981231,HIBRIDO_ANALOGO_CLIM,ANALOGO_ESTADO_V2_HIBRIDO_CLIMATOLOGIA,30,10,2.5260791247754693,OK_ANALOGOS_CONTINUIDAD_CORREGIDA,-0.36941751298123027,0.36941751298123027,0.0,CORREGIDO_ANCLA_OBSERVADO
2026-10-09,NAUTA,10.0,2026-10-08,2026-11-13,90,36,5.182017394211031,4.697613771880946,5.182017394211031,5.28,6.31229251298123,2.2859175129812304,7.32591751298123,HIBRIDO_ANALOGO_CLIM,ANALOGO_ESTADO_V2_HIBRIDO_CLIMATOLOGIA,30,10,2.5260791247754693,OK_ANALOGOS_CONTINUIDAD_CORREGIDA,-0.36941751298123027,0.36941751298123027,0.0,CORREGIDO_ANCLA_OBSERVADO
2026-10-09,NAUTA,10.0,2026-10-08,2026-11-14,90,37,5.229407164887465,4.719482371158919,5.229407164887465,5.28,6.37329251298123,2.36491751298123,7.134917512981231,HIBRIDO_ANALOGO_CLIM,ANALOGO_ESTADO_V2_HIBRIDO_CLIMATOLOGIA,30,10,2.5260791247754693,OK_ANALOGOS_CONTINUIDAD_CORREGIDA,-0.36941751298123027,0.36941751298123027,0.0,CORREGIDO_ANCLA_OBSERVADO
2026-10-09,NAUTA,10.0,2026-10-08,2026-11-15,90,38,5.268450777159543,4.738059180071443,5.268450777159543,5.28,6.41298001298123,2.5567175129812303,7.01361751298123,HIBRIDO_ANALOGO_CLIM,ANALOGO_ESTADO_V2_HIBRIDO_CLIMATOLOGIA,30,10,2.5260791247754693,OK_ANALOGOS_CONTINUIDAD_CORREGIDA,-0.36941751298123027,0.36941751298123027,0.0,CORREGIDO_ANCLA_OBSERVADO
2026-10-09,NAUTA,10.0,2026-10-08,2026-11-16,90,39,5.335268267988142,4.789978816695174,5.335268267988142,5.28,6.46779251298123,2.7157175129812305,6.975617512981231,HIBRIDO_ANALOGO_CLIM,ANALOGO_ESTADO_V2_HIBRIDO_CLIMATOLOGIA,30,10,2.5260791247754693,OK_ANALOGOS_CONTINUIDAD_CORREGIDA,-0.36941751298123027,0.36941751298123027,0.0,CORREGIDO_ANCLA_OBSERVADO
2026-10-09,NAUTA,10.0,2026-10-08,2026-11-17,90,40,5.38462079618028,4.819920354446471,5.38462079618028,5.28,6.514021679647897,2.42391751298123,7.22841751298123,HIBRIDO_ANALOGO_CLIM,ANALOGO_ESTADO_V2_HIBRIDO_CLIMATOLOGIA,30,10,2.5260791247754693,OK_ANALOGOS_CONTINUIDAD_CORREGIDA,-0.36941751298123027,0.36941751298123027,0.0,CORREGIDO_ANCLA_OBSERVADO
2026-10-09,NAUTA,10.0,2026-10-08,2026-11-18,90,41,5.366836796741844,4.754649336415073,5.366836796741844,5.28,6.54641751298123,2.150817512981231,7.627617512981231,HIBRIDO_ANALOGO_CLIM,ANALOGO_ESTADO_V2_HIBRIDO_CLIMATOLOGIA,30,10,2.5260791247754693,OK_ANALOGOS_CONTINUIDAD_CORREGIDA,-0.36941751298123027,0.36941751298123027,0.0,CORREGIDO_ANCLA_OBSERVADO
2026-10-09,NAUTA,10.0,2026-10-08,2026-11-19,90,42,5.382514493270345,4.717084341631152,5.382514493270345,5.28,6.618313346314563,1.9692175129812302,7.694417512981231,HIBRIDO_ANALOGO_CLIM,ANALOGO_ESTADO_V2_HIBRIDO_CLIMATOLOGIA,30,10,2.5260791247754693,OK_ANALOGOS_CONTINUIDAD_CORREGIDA,-0.36941751298123027,0.36941751298123027,0.0,CORREGIDO_ANCLA_OBSERVADO
2026-10-09,NAUTA,10.0,2026-10-08,2026-11-20,90,43,5.387723124080956,4.660989028115003,5.387723124080956,5.28,6.689084179647897,1.7757175129812304,7.81621751298123,HIBRIDO_ANALOGO_CLIM,ANALOGO_ESTADO_V2_HIBRIDO_CLIMATOLOGIA,30,10,2.5260791247754693,OK_ANALOGOS_CONTINUIDAD_CORREGIDA,-0.36941751298123027,0.36941751298123027,0.0,CORREGIDO_ANCLA_OBSERVADO
2026-10-09,NAUTA,10.0,2026-10-08,2026-11-21,90,44,5.426226938789971,4.640376474784505,5.426226938789971,5.28,6.78360501298123,1.6102175129812304,8.08191751298123,HIBRIDO_ANALOGO_CLIM,ANALOGO_ESTADO_V2_HIBRIDO_CLIMATOLOGIA,30,10,2.5260791247754693,OK_ANALOGOS_CONTINUIDAD_CORREGIDA,-0.36941751298123027,0.36941751298123027,0.0,CORREGIDO_ANCLA_OBSERVADO
2026-10-09,NAUTA,10.0,2026-10-08,2026-11-22,90,45,5.47973968858,4.655232993939262,5.47973968858,5.28,6.85391751298123,1.6174175129812305,8.26521751298123,HIBRIDO_ANALOGO_CLIM,ANALOGO_ESTADO_V2_HIBRIDO_CLIMATOLOGIA,30,10,2.5260791247754693,OK_ANALOGOS_CONTINUIDAD_CORREGIDA,-0.36941751298123027,0.36941751298123027,0.0,CORREGIDO_ANCLA_OBSERVADO
2026-10-09,NAUTA,10.0,2026-10-08,2026-11-23,90,46,5.530812918168246,4.684319408779995,5.530812918168246,5.28,6.892563346314564,1.7013175129812306,8.35091751298123,HIBRIDO_ANALOGO_CLIM,ANALOGO_ESTADO_V2_HIBRIDO_CLIMATOLOGIA,30,10,2.5260791247754693,OK_ANALOGOS_CONTINUIDAD_CORREGIDA,-0.36941751298123027,0.36941751298123027,0.0,CORREGIDO_ANCLA_OBSERVADO
2026-10-09,NAUTA,10.0,2026-10-08,2026-11-24,90,47,5.594350137729912,4.7414794189608,5.594350137729912,5.28,6.919021679647896,1.9247175129812306,8.39691751298123,HIBRIDO_ANALOGO_CLIM,ANALOGO_ESTADO_V2_HIBRIDO_CLIMATOLOGIA,30,10,2.5260791247754693,OK_ANALOGOS_CONTINUIDAD_CORREGIDA,-0.36941751298123027,0.36941751298123027,0.0,CORREGIDO_ANCLA_OBSERVADO
2026-10-09,NAUTA,10.0,2026-10-08,2026-11-25,90,48,5.652227494191094,4.759823037219892,5.652227494191094,5.28,6.990834179647896,1.9504175129812305,8.51121751298123,HIBRIDO_ANALOGO_CLIM,ANALOGO_ESTADO_V2_HIBRIDO_CLIMATOLOGIA,30,10,2.5260791247754693,OK_ANALOGOS_CONTINUIDAD_CORREGIDA,-0.36941751298123027,0.36941751298123027,0.0,CORREGIDO_ANCLA_OBSERVADO
2026-10-09,NAUTA,10.0,2026-10-08,2026-11-26,90,49,5.555652948421161,4.526427227809283,5.555652948421161,5.28,7.046980012981231,0.9139175129812303,8.828917512981231,HIBRIDO_ANALOGO_CLIM,ANALOGO_ESTADO_V2_HIBRIDO_CLIMATOLOGIA,30,10,2.5260791247754693,OK_ANALOGOS_CONTINUIDAD_CORREGIDA,-0.36941751298123027,0.36941751298123027,0.0,CORREGIDO_ANCLA_OBSERVADO
2026-10-09,NAUTA,10.0,2026-10-08,2026-11-27,90,50,5.629891715468022,4.580304836291921,5.629891715468022,5.28,7.099313346314563,0.9439175129812303,9.03211751298123,HIBRIDO_ANALOGO_CLIM,ANALOGO_ESTADO_V2_HIBRIDO_CLIMATOLOGIA,30,10,2.5260791247754693,OK_ANALOGOS_CONTINUIDAD_CORREGIDA,-0.36941751298123027,0.36941751298123027,0.0,CORREGIDO_ANCLA_OBSERVADO
2026-10-09,NAUTA,10.0,2026-10-08,2026-11-28,90,51,5.680805420049422,4.602084887592579,5.680805420049422,5.28,7.140250846314563,0.9389175129812303,9.217617512981231,HIBRIDO_ANALOGO_CLIM,ANALOGO_ESTADO_V2_HIBRIDO_CLIMATOLOGIA,30,10,2.5260791247754693,OK_ANALOGOS_CONTINUIDAD_CORREGIDA,-0.36941751298123027,0.36941751298123027,0.0,CORREGIDO_ANCLA_OBSERVADO
2026-10-09,NAUTA,10.0,2026-10-08,2026-11-29,90,52,5.73255443802952,4.628344194438997,5.73255443802952,5.28,7.176521679647896,0.9289175129812307,9.34041751298123,HIBRIDO_ANALOGO_CLIM,ANALOGO_ESTADO_V2_HIBRIDO_CLIMATOLOGIA,30,10,2.5260791247754693,OK_ANALOGOS_CONTINUIDAD_CORREGIDA,-0.36941751298123027,0.36941751298123027,0.0,CORREGIDO_ANCLA_OBSERVADO
2026-10-09,NAUTA,10.0,2026-10-08,2026-11-30,90,53,5.80298403571787,4.683873100967251,5.80298403571787,5.28,7.217709179647898,1.0454175129812306,9.481117512981232,HIBRIDO_ANALOGO_CLIM,ANALOGO_ESTADO_V2_HIBRIDO_CLIMATOLOGIA,30,10,2.5260791247754693,OK_ANALOGOS_CONTINUIDAD_CORREGIDA,-0.36941751298123027,0.36941751298123027,0.0,CORREGIDO_ANCLA_OBSERVADO
2026-10-09,NAUTA,10.0,2026-10-08,2026-12-01,90,54,5.731035719228381,4.490490615248777,5.731035719228381,5.28,7.24725751298123,1.0244175129812305,9.537217512981229,HIBRIDO_ANALOGO_CLIM,ANALOGO_ESTADO_V2_HIBRIDO_CLIMATOLOGIA,30,10,2.5260791247754693,OK_ANALOGOS_CONTINUIDAD_CORREGIDA,-0.36941751298123027,0.36941751298123027,0.0,CORREGIDO_ANCLA_OBSERVADO
2026-10-09,NAUTA,10.0,2026-10-08,2026-12-02,90,55,5.755802891914297,4.446841289473048,5.755802891914297,5.28,7.30275751298123,0.9749175129812301,9.37641751298123,HIBRIDO_ANALOGO_CLIM,ANALOGO_ESTADO_V2_HIBRIDO_CLIMATOLOGIA,30,10,2.5260791247754693,OK_ANALOGOS_CONTINUIDAD_CORREGIDA,-0.36941751298123027,0.36941751298123027,0.0,CORREGIDO_ANCLA_OBSERVADO
2026-10-09,NAUTA,10.0,2026-10-08,2026-12-03,90,56,5.80168126313346,4.44788454451666,5.80168126313346,5.28,7.348877512981231,0.9034175129812302,9.226917512981231,HIBRIDO_ANALOGO_CLIM,ANALOGO_ESTADO_V2_HIBRIDO_CLIMATOLOGIA,30,10,2.5260791247754693,OK_ANALOGOS_CONTINUIDAD_CORREGIDA,-0.36941751298123027,0.36941751298123027,0.0,CORREGIDO_ANCLA_OBSERVADO
2026-10-09,NAUTA,10.0,2026-10-08,2026-12-04,90,57,5.84649260557092,4.446025308390162,5.84649260557092,5.28,7.39437751298123,0.8174175129812301,9.156217512981229,HIBRIDO_ANALOGO_CLIM,ANALOGO_ESTADO_V2_HIBRIDO_CLIMATOLOGIA,30,10,2.5260791247754693,OK_ANALOGOS_CONTINUIDAD_CORREGIDA,-0.36941751298123027,0.36941751298123027,0.0,CORREGIDO_ANCLA_OBSERVADO
2026-10-09,NAUTA,10.0,2026-10-08,2026-12-05,90,58,5.912071960502213,4.422495798505713,5.912071960502213,5.28,7.50437751298123,0.7189175129812303,9.418417512981229,HIBRIDO_ANALOGO_CLIM,ANALOGO_ESTADO_V2_HIBRIDO_CLIMATOLOGIA,30,10,2.5260791247754693,OK_ANALOGOS_CONTINUIDAD_CORREGIDA,-0.36941751298123027,0.36941751298123027,0.0,CORREGIDO_ANCLA_OBSERVADO
2026-10-09,NAUTA,10.0,2026-10-08,2026-12-06,90,59,5.951749873151663,4.4174523198738855,5.951749873151663,5.28,7.53805751298123,0.6042175129812303,9.600217512981231,HIBRIDO_ANALOGO_CLIM,ANALOGO_ESTADO_V2_HIBRIDO_CLIMATOLOGIA,30,10,2.5260791247754693,OK_ANALOGOS_CONTINUIDAD_CORREGIDA,-0.36941751298123027,0.36941751298123027,0.0,CORREGIDO_ANCLA_OBSERVADO
2026-10-09,NAUTA,10.0,2026-10-08,2026-12-07,90,60,6.034271721201102,4.4568459294209735,6.034271721201102,5.28,7.611697512981231,0.5376175129812301,9.61291751298123,HIBRIDO_ANALOGO_CLIM,ANALOGO_ESTADO_V2_HIBRIDO_CLIMATOLOGIA,30,10,2.5260791247754693,OK_ANALOGOS_CONTINUIDAD_CORREGIDA,-0.36941751298123027,0.36941751298123027,0.0,CORREGIDO_ANCLA_OBSERVADO
2026-10-09,NAUTA,10.0,2026-10-08,2026-12-08,90,61,6.140982691424761,4.521407028459598,6.140982691424761,5.28,7.70745751298123,0.5736175129812302,9.625917512981232,HIBRIDO_ANALOGO_CLIM,ANALOGO_ESTADO_V2_HIBRIDO_CLIMATOLOGIA,30,10,2.5260791247754693,OK_ANALOGOS_CONTINUIDAD_CORREGIDA,-0.36941751298123027,0.36941751298123027,0.0,CORREGIDO_ANCLA_OBSERVADO
2026-10-09,NAUTA,10.0,2026-10-08,2026-12-09,90,62,6.243113531439531,4.619372033929437,6.243113531439531,5.28,7.762097512981231,0.65041751298123,9.819417512981232,HIBRIDO_ANALOGO_CLIM,ANALOGO_ESTADO_V2_HIBRIDO_CLIMATOLOGIA,30,10,2.5260791247754693,OK_ANALOGOS_CONTINUIDAD_CORREGIDA,-0.36941751298123027,0.36941751298123027,0.0,CORREGIDO_ANCLA_OBSERVADO
2026-10-09,NAUTA,10.0,2026-10-08,2026-12-10,90,63,6.396100948398682,4.823116324386392,6.396100948398682,5.28,7.81927751298123,0.81741751298123,10.71941751298123,HIBRIDO_ANALOGO_CLIM,ANALOGO_ESTADO_V2_HIBRIDO_CLIMATOLOGIA,30,10,2.5260791247754693,OK_ANALOGOS_CONTINUIDAD_CORREGIDA,-0.36941751298123027,0.36941751298123027,0.0,CORREGIDO_ANCLA_OBSERVADO
2026-10-09,NAUTA,10.0,2026-10-08,2026-12-11,90,64,6.484808051324683,4.910054380860058,6.484808051324683,5.28,7.862717512981231,1.1156175129812302,10.714417512981232,HIBRIDO_ANALOGO_CLIM,ANALOGO_ESTADO_V2_HIBRIDO_CLIMATOLOGIA,30,10,2.5260791247754693,OK_ANALOGOS_CONTINUIDAD_CORREGIDA,-0.36941751298123027,0.36941751298123027,0.0,CORREGIDO_ANCLA_OBSERVADO
2026-10-09,NAUTA,10.0,2026-10-08,2026-12-12,90,65,6.608703453904625,5.056628656814092,6.608703453904625,5.28,7.921997512981231,1.53921751298123,10.833417512981232,HIBRIDO_ANALOGO_CLIM,ANALOGO_ESTADO_V2_HIBRIDO_CLIMATOLOGIA,30,10,2.5260791247754693,OK_ANALOGOS_CONTINUIDAD_CORREGIDA,-0.36941751298123027,0.36941751298123027,0.0,CORREGIDO_ANCLA_OBSERVADO
2026-10-09,NAUTA,10.0,2026-10-08,2026-12-13,90,66,6.712478329058892,5.148523770931588,6.712478329058892,5.28,7.992077512981231,1.6264175129812306,10.825417512981229,HIBRIDO_ANALOGO_CLIM,ANALOGO_ESTADO_V2_HIBRIDO_CLIMATOLOGIA,30,10,2.5260791247754693,OK_ANALOGOS_CONTINUIDAD_CORREGIDA,-0.36941751298123027,0.36941751298123027,0.0,CORREGIDO_ANCLA_OBSERVADO
2026-10-09,NAUTA,10.0,2026-10-08,2026-12-14,90,67,6.78657665377881,5.217713680824806,6.78657665377881,5.28,8.02761751298123,1.7354175129812304,10.807417512981232,HIBRIDO_ANALOGO_CLIM,ANALOGO_ESTADO_V2_HIBRIDO_CLIMATOLOGIA,30,10,2.5260791247754693,OK_ANALOGOS_CONTINUIDAD_CORREGIDA,-0.36941751298123027,0.36941751298123027,0.0,CORREGIDO_ANCLA_OBSERVADO
2026-10-09,NAUTA,10.0,2026-10-08,2026-12-15,90,68,6.856475431539958,5.264880401962911,6.856475431539958,5.28,8.07357751298123,1.8174175129812307,10.840417512981233,HIBRIDO_ANALOGO_CLIM,ANALOGO_ESTADO_V2_HIBRIDO_CLIMATOLOGIA,30,10,2.5260791247754693,OK_ANALOGOS_CONTINUIDAD_CORREGIDA,-0.36941751298123027,0.36941751298123027,0.0,CORREGIDO_ANCLA_OBSERVADO
2026-10-09,NAUTA,10.0,2026-10-08,2026-12-16,90,69,6.916601490789513,5.292184519588956,6.916601490789513,5.28,8.11725751298123,1.8444175129812306,10.83241751298123,HIBRIDO_ANALOGO_CLIM,ANALOGO_ESTADO_V2_HIBRIDO_CLIMATOLOGIA,30,10,2.5260791247754693,OK_ANALOGOS_CONTINUIDAD_CORREGIDA,-0.36941751298123027,0.36941751298123027,0.0,CORREGIDO_ANCLA_OBSERVADO
2026-10-09,NAUTA,10.0,2026-10-08,2026-12-17,90,70,6.959189349122223,5.313869919719614,6.959189349122223,5.28,8.13441751298123,1.8464175129812304,10.836417512981228,HIBRIDO_ANALOGO_CLIM,ANALOGO_ESTADO_V2_HIBRIDO_CLIMATOLOGIA,30,10,2.5260791247754693,OK_ANALOGOS_CONTINUIDAD_CORREGIDA,-0.36941751298123027,0.36941751298123027,0.0,CORREGIDO_ANCLA_OBSERVADO
2026-10-09,NAUTA,10.0,2026-10-08,2026-12-18,90,71,7.032799148166496,5.419623558332901,7.032799148166496,5.28,8.146117512981231,1.7584175129812305,10.89841751298123,HIBRIDO_ANALOGO_CLIM,ANALOGO_ESTADO_V2_HIBRIDO_CLIMATOLOGIA,30,10,2.5260791247754693,OK_ANALOGOS_CONTINUIDAD_CORREGIDA,-0.36941751298123027,0.36941751298123027,0.0,CORREGIDO_ANCLA_OBSERVADO
2026-10-09,NAUTA,10.0,2026-10-08,2026-12-19,90,72,7.098095868638241,5.489283402123758,7.098095868638241,5.28,8.17063751298123,1.7784175129812303,10.84641751298123,HIBRIDO_ANALOGO_CLIM,ANALOGO_ESTADO_V2_HIBRIDO_CLIMATOLOGIA,30,10,2.5260791247754693,OK_ANALOGOS_CONTINUIDAD_CORREGIDA,-0.36941751298123027,0.36941751298123027,0.0,CORREGIDO_ANCLA_OBSERVADO
2026-10-09,NAUTA,10.0,2026-10-08,2026-12-20,90,73,7.130805663224419,5.472910662538309,7.130805663224419,5.28,8.19821751298123,1.9774175129812304,10.787417512981232,HIBRIDO_ANALOGO_CLIM,ANALOGO_ESTADO_V2_HIBRIDO_CLIMATOLOGIA,30,10,2.5260791247754693,OK_ANALOGOS_CONTINUIDAD_CORREGIDA,-0.36941751298123027,0.36941751298123027,0.0,CORREGIDO_ANCLA_OBSERVADO
2026-10-09,NAUTA,10.0,2026-10-08,2026-12-21,90,74,7.1335651910544025,5.4164236296938535,7.1335651910544025,5.28,8.200977512981229,1.9644175129812305,10.72141751298123,HIBRIDO_ANALOGO_CLIM,ANALOGO_ESTADO_V2_HIBRIDO_CLIMATOLOGIA,30,10,2.5260791247754693,OK_ANALOGOS_CONTINUIDAD_CORREGIDA,-0.36941751298123027,0.36941751298123027,0.0,CORREGIDO_ANCLA_OBSERVADO
2026-10-09,NAUTA,10.0,2026-10-08,2026-12-22,90,75,7.153400721318281,5.356706068546699,7.153400721318281,5.28,8.231417512981231,1.9354175129812305,10.693417512981231,HIBRIDO_ANALOGO_CLIM,ANALOGO_ESTADO_V2_HIBRIDO_CLIMATOLOGIA,30,10,2.5260791247754693,OK_ANALOGOS_CONTINUIDAD_CORREGIDA,-0.36941751298123027,0.36941751298123027,0.0,CORREGIDO_ANCLA_OBSERVADO
2026-10-09,NAUTA,10.0,2026-10-08,2026-12-23,90,76,7.169488892704912,5.27013036677309,7.169488892704912,5.28,8.26911751298123,1.7414175129812306,10.70641751298123,HIBRIDO_ANALOGO_CLIM,ANALOGO_ESTADO_V2_HIBRIDO_CLIMATOLOGIA,30,10,2.5260791247754693,OK_ANALOGOS_CONTINUIDAD_CORREGIDA,-0.36941751298123027,0.36941751298123027,0.0,CORREGIDO_ANCLA_OBSERVADO
2026-10-09,NAUTA,10.0,2026-10-08,2026-12-24,90,77,7.209899206061581,5.20338967971709,7.209899206061581,5.28,8.330417512981231,1.5154175129812306,10.73041751298123,HIBRIDO_ANALOGO_CLIM,ANALOGO_ESTADO_V2_HIBRIDO_CLIMATOLOGIA,30,10,2.5260791247754693,OK_ANALOGOS_CONTINUIDAD_CORREGIDA,-0.36941751298123027,0.36941751298123027,0.0,CORREGIDO_ANCLA_OBSERVADO
2026-10-09,NAUTA,10.0,2026-10-08,2026-12-25,90,78,7.271998520643765,5.218891820588473,7.271998520643765,5.28,8.377517512981228,1.3554175129812303,10.73341751298123,HIBRIDO_ANALOGO_CLIM,ANALOGO_ESTADO_V2_HIBRIDO_CLIMATOLOGIA,30,10,2.5260791247754693,OK_ANALOGOS_CONTINUIDAD_CORREGIDA,-0.36941751298123027,0.36941751298123027,0.0,CORREGIDO_ANCLA_OBSERVADO
2026-10-09,NAUTA,10.0,2026-10-08,2026-12-26,90,79,7.323998463445272,5.215779319217449,7.323998463445272,5.28,8.418137512981229,1.2654175129812304,10.758417512981229,HIBRIDO_ANALOGO_CLIM,ANALOGO_ESTADO_V2_HIBRIDO_CLIMATOLOGIA,30,10,2.5260791247754693,OK_ANALOGOS_CONTINUIDAD_CORREGIDA,-0.36941751298123027,0.36941751298123027,0.0,CORREGIDO_ANCLA_OBSERVADO
2026-10-09,NAUTA,10.0,2026-10-08,2026-12-27,90,80,7.37417421802158,5.2310476281022815,7.37417421802158,5.28,8.445737512981228,1.1724175129812302,10.83541751298123,HIBRIDO_ANALOGO_CLIM,ANALOGO_ESTADO_V2_HIBRIDO_CLIMATOLOGIA,30,10,2.5260791247754693,OK_ANALOGOS_CONTINUIDAD_CORREGIDA,-0.36941751298123027,0.36941751298123027,0.0,CORREGIDO_ANCLA_OBSERVADO
2026-10-09,NAUTA,10.0,2026-10-08,2026-12-28,90,81,7.432348631670837,5.289153262795404,7.432348631670837,5.28,8.46425751298123,1.0704175129812303,10.93041751298123,HIBRIDO_ANALOGO_CLIM,ANALOGO_ESTADO_V2_HIBRIDO_CLIMATOLOGIA,30,10,2.5260791247754693,OK_ANALOGOS_CONTINUIDAD_CORREGIDA,-0.36941751298123027,0.36941751298123027,0.0,CORREGIDO_ANCLA_OBSERVADO
2026-10-09,NAUTA,10.0,2026-10-08,2026-12-29,90,82,7.49307423757655,5.334266116966449,7.49307423757655,5.28,8.493497512981229,0.9424175129812304,10.972417512981231,HIBRIDO_ANALOGO_CLIM,ANALOGO_ESTADO_V2_HIBRIDO_CLIMATOLOGIA,30,10,2.5260791247754693,OK_ANALOGOS_CONTINUIDAD_CORREGIDA,-0.36941751298123027,0.36941751298123027,0.0,CORREGIDO_ANCLA_OBSERVADO
2026-10-09,NAUTA,10.0,2026-10-08,2026-12-30,90,83,7.547379499026435,5.3655607109656795,7.547379499026435,5.28,8.51999751298123,0.7924175129812303,11.040417512981232,HIBRIDO_ANALOGO_CLIM,ANALOGO_ESTADO_V2_HIBRIDO_CLIMATOLOGIA,30,10,2.5260791247754693,OK_ANALOGOS_CONTINUIDAD_CORREGIDA,-0.36941751298123027,0.36941751298123027,0.0,CORREGIDO_ANCLA_OBSERVADO
2026-10-09,NAUTA,10.0,2026-10-08,2026-12-31,90,84,7.620274761747794,5.418021675536443,7.620274761747794,5.28,8.564097512981231,0.7354175129812303,11.06141751298123,HIBRIDO_ANALOGO_CLIM,ANALOGO_ESTADO_V2_HIBRIDO_CLIMATOLOGIA,30,10,2.5260791247754693,OK_ANALOGOS_CONTINUIDAD_CORREGIDA,-0.36941751298123027,0.36941751298123027,0.0,CORREGIDO_ANCLA_OBSERVADO
2026-10-09,NAUTA,10.0,2026-10-08,2027-01-01,90,85,7.7043233028812255,5.46910824318781,7.7043233028812255,5.28,8.624705974519692,0.8754175129812304,11.042417512981231,HIBRIDO_ANALOGO_CLIM,ANALOGO_ESTADO_V2_HIBRIDO_CLIMATOLOGIA,30,10,2.5260791247754693,OK_ANALOGOS_CONTINUIDAD_CORREGIDA,-0.36941751298123027,0.36941751298123027,0.0,CORREGIDO_ANCLA_OBSERVADO
2026-10-09,NAUTA,10.0,2026-10-08,2027-01-02,90,86,7.79318621855322,5.565308193280559,7.79318621855322,5.28,8.673975205288922,0.9804175129812303,11.066417512981232,HIBRIDO_ANALOGO_CLIM,ANALOGO_ESTADO_V2_HIBRIDO_CLIMATOLOGIA,30,10,2.5260791247754693,OK_ANALOGOS_CONTINUIDAD_CORREGIDA,-0.36941751298123027,0.36941751298123027,0.0,CORREGIDO_ANCLA_OBSERVADO
2026-10-09,NAUTA,10.0,2026-10-08,2027-01-03,90,87,7.8892028618928975,5.716171928604074,7.8892028618928975,5.28,8.713455974519693,1.0454175129812304,11.23641751298123,HIBRIDO_ANALOGO_CLIM,ANALOGO_ESTADO_V2_HIBRIDO_CLIMATOLOGIA,30,10,2.5260791247754693,OK_ANALOGOS_CONTINUIDAD_CORREGIDA,-0.36941751298123027,0.36941751298123027,0.0,CORREGIDO_ANCLA_OBSERVADO
2026-10-09,NAUTA,10.0,2026-10-08,2027-01-04,90,88,7.965287306777809,5.807448470487631,7.965287306777809,5.28,8.749955974519693,1.0024175129812303,11.464417512981232,HIBRIDO_ANALOGO_CLIM,ANALOGO_ESTADO_V2_HIBRIDO_CLIMATOLOGIA,30,10,2.5260791247754693,OK_ANALOGOS_CONTINUIDAD_CORREGIDA,-0.36941751298123027,0.36941751298123027,0.0,CORREGIDO_ANCLA_OBSERVADO
2026-10-09,NAUTA,10.0,2026-10-08,2027-01-05,90,89,8.037751139607252,5.894206489498834,8.037751139607252,5.28,8.78437905144277,1.0094175129812304,11.603417512981231,HIBRIDO_ANALOGO_CLIM,ANALOGO_ESTADO_V2_HIBRIDO_CLIMATOLOGIA,30,10,2.5260791247754693,OK_ANALOGOS_CONTINUIDAD_CORREGIDA,-0.36941751298123027,0.36941751298123027,0.0,CORREGIDO_ANCLA_OBSERVADO
2026-10-09,NAUTA,10.0,2026-10-08,2027-01-06,90,90,8.09957609193313,5.982513367250367,8.09957609193313,5.28,8.805263666827383,1.0664175129812303,11.676417512981232,HIBRIDO_ANALOGO_CLIM,ANALOGO_ESTADO_V2_HIBRIDO_CLIMATOLOGIA,30,10,2.5260791247754693,OK_ANALOGOS_CONTINUIDAD_CORREGIDA,-0.36941751298123027,0.36941751298123027,0.0,CORREGIDO_ANCLA_OBSERVADO
2026-10-09,PUERTO ALEGRIA,1044.0,2026-10-08,2026-10-09,30,1,9.69,9.72924650929574,9.69,9.69,9.572260472112779,9.632962502374847,9.832563310374846,HIBRIDO_ANALOGO_CLIM,ANALOGO_ESTADO_V2_HIBRIDO_CLIMATOLOGIA,30,10,2.7896150849556456,OK_ANALOGOS_CONTINUIDAD_CORREGIDA,-0.09052379037484748,0.09052379037484748,0.0,CORREGIDO_ANCLA_OBSERVADO
2026-10-09,PUERTO ALEGRIA,1044.0,2026-10-08,2026-10-10,30,2,9.669431479462753,9.697842498498952,9.669431479462753,9.69,9.584198422354158,9.489557158374849,9.939981974374845,HIBRIDO_ANALOGO_CLIM,ANALOGO_ESTADO_V2_HIBRIDO_CLIMATOLOGIA,30,10,2.7896150849556456,OK_ANALOGOS_CONTINUIDAD_CORREGIDA,-0.09052379037484748,0.09052379037484748,0.0,CORREGIDO_ANCLA_OBSERVADO
2026-10-09,PUERTO ALEGRIA,1044.0,2026-10-08,2026-10-11,30,3,9.672546773745298,9.697746194983724,9.672546773745298,9.69,9.59694851003002,9.350558414374847,10.103589558374848,HIBRIDO_ANALOGO_CLIM,ANALOGO_ESTADO_V2_HIBRIDO_CLIMATOLOGIA,30,10,2.7896150849556456,OK_ANALOGOS_CONTINUIDAD_CORREGIDA,-0.09052379037484748,0.09052379037484748,0.0,CORREGIDO_ANCLA_OBSERVADO
2026-10-09,PUERTO ALEGRIA,1044.0,2026-10-08,2026-10-12,30,4,9.674612673811634,9.698469161584816,9.674612673811634,9.69,9.603043210492089,9.182375222374848,10.199603974374847,HIBRIDO_ANALOGO_CLIM,ANALOGO_ESTADO_V2_HIBRIDO_CLIMATOLOGIA,30,10,2.7896150849556456,OK_ANALOGOS_CONTINUIDAD_CORREGIDA,-0.09052379037484748,0.09052379037484748,0.0,CORREGIDO_ANCLA_OBSERVADO
2026-10-09,PUERTO ALEGRIA,1044.0,2026-10-08,2026-10-13,30,5,9.685128723660869,9.704711641027474,9.685128723660869,9.69,9.626379971561054,9.026260022374847,10.305348510374847,HIBRIDO_ANALOGO_CLIM,ANALOGO_ESTADO_V2_HIBRIDO_CLIMATOLOGIA,30,10,2.7896150849556456,OK_ANALOGOS_CONTINUIDAD_CORREGIDA,-0.09052379037484748,0.09052379037484748,0.0,CORREGIDO_ANCLA_OBSERVADO
2026-10-09,PUERTO ALEGRIA,1044.0,2026-10-08,2026-10-14,30,6,9.710817429261498,9.729850458430612,9.710817429261498,9.69,9.653718341754159,8.902081118374849,10.424538934374848,HIBRIDO_ANALOGO_CLIM,ANALOGO_ESTADO_V2_HIBRIDO_CLIMATOLOGIA,30,10,2.7896150849556456,OK_ANALOGOS_CONTINUIDAD_CORREGIDA,-0.09052379037484748,0.09052379037484748,0.0,CORREGIDO_ANCLA_OBSERVADO
2026-10-09,PUERTO ALEGRIA,1044.0,2026-10-08,2026-10-15,30,7,9.750327595456762,9.766687434047284,9.750327595456762,9.69,9.701248079685191,8.834762934374849,10.558593214374847,HIBRIDO_ANALOGO_CLIM,ANALOGO_ESTADO_V2_HIBRIDO_CLIMATOLOGIA,30,10,2.7896150849556456,OK_ANALOGOS_CONTINUIDAD_CORREGIDA,-0.09052379037484748,0.09052379037484748,0.0,CORREGIDO_ANCLA_OBSERVADO
2026-10-09,PUERTO ALEGRIA,1044.0,2026-10-08,2026-10-16,30,8,9.807353503430875,9.822578756978286,9.807353503430875,9.69,9.761677742788642,8.751806662374847,10.746456086374847,HIBRIDO_ANALOGO_CLIM,ANALOGO_ESTADO_V2_HIBRIDO_CLIMATOLOGIA,30,10,2.7896150849556456,OK_ANALOGOS_CONTINUIDAD_CORREGIDA,-0.09052379037484748,0.09052379037484748,0.0,CORREGIDO_ANCLA_OBSERVADO
2026-10-09,PUERTO ALEGRIA,1044.0,2026-10-08,2026-10-17,30,9,9.87289421473999,9.887410477973198,9.87289421473999,9.69,9.829345425040366,8.605975262374848,10.825354430374848,HIBRIDO_ANALOGO_CLIM,ANALOGO_ESTADO_V2_HIBRIDO_CLIMATOLOGIA,30,10,2.7896150849556456,OK_ANALOGOS_CONTINUIDAD_CORREGIDA,-0.09052379037484748,0.09052379037484748,0.0,CORREGIDO_ANCLA_OBSERVADO
2026-10-09,PUERTO ALEGRIA,1044.0,2026-10-08,2026-10-18,30,10,9.944693453375224,9.958486863192592,9.944693453375224,9.69,9.903313223923123,8.573596062374847,10.974471262374848,HIBRIDO_ANALOGO_CLIM,ANALOGO_ESTADO_V2_HIBRIDO_CLIMATOLOGIA,30,10,2.7896150849556456,OK_ANALOGOS_CONTINUIDAD_CORREGIDA,-0.09052379037484748,0.09052379037484748,0.0,CORREGIDO_ANCLA_OBSERVADO
2026-10-09,PUERTO ALEGRIA,1044.0,2026-10-08,2026-10-19,30,11,10.016793856094008,10.033600647014188,10.016793856094008,9.69,9.966373483333468,8.573561046374847,11.073178470374847,HIBRIDO_ANALOGO_CLIM,ANALOGO_ESTADO_V2_HIBRIDO_CLIMATOLOGIA,30,10,2.7896150849556456,OK_ANALOGOS_CONTINUIDAD_CORREGIDA,-0.09052379037484748,0.09052379037484748,0.0,CORREGIDO_ANCLA_OBSERVADO
2026-10-09,PUERTO ALEGRIA,1044.0,2026-10-08,2026-10-20,30,12,10.089204815244292,10.115642093620314,10.089204815244292,9.69,10.009892980116227,8.604529286374849,11.132772979624846,HIBRIDO_ANALOGO_CLIM,ANALOGO_ESTADO_V2_HIBRIDO_CLIMATOLOGIA,30,10,2.7896150849556456,OK_ANALOGOS_CONTINUIDAD_CORREGIDA,-0.09052379037484748,0.09052379037484748,0.0,CORREGIDO_ANCLA_OBSERVADO
2026-10-09,PUERTO ALEGRIA,1044.0,2026-10-08,2026-10-21,30,13,10.151045221681423,10.187473284204305,10.151045221681423,9.69,10.04176103411278,8.600169622374848,11.248520854374846,HIBRIDO_ANALOGO_CLIM,ANALOGO_ESTADO_V2_HIBRIDO_CLIMATOLOGIA,30,10,2.7896150849556456,OK_ANALOGOS_CONTINUIDAD_CORREGIDA,-0.09052379037484748,0.09052379037484748,0.0,CORREGIDO_ANCLA_OBSERVADO
2026-10-09,PUERTO ALEGRIA,1044.0,2026-10-08,2026-10-22,30,14,10.215544441655325,10.25845781046376,10.215544441655325,9.69,10.08680433523002,8.626450486374848,11.356224935624846,HIBRIDO_ANALOGO_CLIM,ANALOGO_ESTADO_V2_HIBRIDO_CLIMATOLOGIA,30,10,2.7896150849556456,OK_ANALOGOS_CONTINUIDAD_CORREGIDA,-0.09052379037484748,0.09052379037484748,0.0,CORREGIDO_ANCLA_OBSERVADO
2026-10-09,PUERTO ALEGRIA,1044.0,2026-10-08,2026-10-23,30,15,10.284898293322948,10.33727491625967,10.284898293322948,9.69,10.127768424512778,8.584409430374848,11.509378118374846,HIBRIDO_ANALOGO_CLIM,ANALOGO_ESTADO_V2_HIBRIDO_CLIMATOLOGIA,30,10,2.7896150849556456,OK_ANALOGOS_CONTINUIDAD_CORREGIDA,-0.09052379037484748,0.09052379037484748,0.0,CORREGIDO_ANCLA_OBSERVADO
2026-10-09,PUERTO ALEGRIA,1044.0,2026-10-08,2026-10-24,30,16,10.352168498948053,10.412388143271306,10.352168498948053,9.69,10.171509565978296,8.476716822374847,11.709910087624847,HIBRIDO_ANALOGO_CLIM,ANALOGO_ESTADO_V2_HIBRIDO_CLIMATOLOGIA,30,10,2.7896150849556456,OK_ANALOGOS_CONTINUIDAD_CORREGIDA,-0.09052379037484748,0.09052379037484748,0.0,CORREGIDO_ANCLA_OBSERVADO
2026-10-09,PUERTO ALEGRIA,1044.0,2026-10-08,2026-10-25,30,17,10.445359062644352,10.520947530700854,10.445359062644352,9.69,10.218593658474848,8.320107862374847,11.997231110374846,HIBRIDO_ANALOGO_CLIM,ANALOGO_ESTADO_V2_HIBRIDO_CLIMATOLOGIA,30,10,2.7896150849556456,OK_ANALOGOS_CONTINUIDAD_CORREGIDA,-0.09052379037484748,0.09052379037484748,0.0,CORREGIDO_ANCLA_OBSERVADO
2026-10-09,PUERTO ALEGRIA,1044.0,2026-10-08,2026-10-26,30,18,10.556054737224777,10.652376945423029,10.556054737224777,9.69,10.26708811263002,8.151340918374848,12.342734990374847,HIBRIDO_ANALOGO_CLIM,ANALOGO_ESTADO_V2_HIBRIDO_CLIMATOLOGIA,30,10,2.7896150849556456,OK_ANALOGOS_CONTINUIDAD_CORREGIDA,-0.09052379037484748,0.09052379037484748,0.0,CORREGIDO_ANCLA_OBSERVADO
2026-10-09,PUERTO ALEGRIA,1044.0,2026-10-08,2026-10-27,30,19,10.674767687536006,10.798155055665589,10.674767687536006,9.69,10.30460558314726,7.982741126374847,12.611620158374846,HIBRIDO_ANALOGO_CLIM,ANALOGO_ESTADO_V2_HIBRIDO_CLIMATOLOGIA,30,10,2.7896150849556456,OK_ANALOGOS_CONTINUIDAD_CORREGIDA,-0.09052379037484748,0.09052379037484748,0.0,CORREGIDO_ANCLA_OBSERVADO
2026-10-09,PUERTO ALEGRIA,1044.0,2026-10-08,2026-10-28,30,20,10.785458275136405,10.93536464542129,10.785458275136405,9.69,10.335739164281746,7.864783510374847,12.846570510374846,HIBRIDO_ANALOGO_CLIM,ANALOGO_ESTADO_V2_HIBRIDO_CLIMATOLOGIA,30,10,2.7896150849556456,OK_ANALOGOS_CONTINUIDAD_CORREGIDA,-0.09052379037484748,0.09052379037484748,0.0,CORREGIDO_ANCLA_OBSERVADO
2026-10-09,PUERTO ALEGRIA,1044.0,2026-10-08,2026-10-29,30,21,10.880503352594939,11.049871466203935,10.880503352594939,9.69,10.37239901176795,7.7540611023748465,12.984598847624847,HIBRIDO_ANALOGO_CLIM,ANALOGO_ESTADO_V2_HIBRIDO_CLIMATOLOGIA,30,10,2.7896150849556456,OK_ANALOGOS_CONTINUIDAD_CORREGIDA,-0.09052379037484748,0.09052379037484748,0.0,CORREGIDO_ANCLA_OBSERVADO
2026-10-09,PUERTO ALEGRIA,1044.0,2026-10-08,2026-10-30,30,22,10.977418412409474,11.165026290222166,10.977418412409474,9.69,10.414594778971399,7.6612264143748465,12.976429350374847,HIBRIDO_ANALOGO_CLIM,ANALOGO_ESTADO_V2_HIBRIDO_CLIMATOLOGIA,30,10,2.7896150849556456,OK_ANALOGOS_CONTINUIDAD_CORREGIDA,-0.09052379037484748,0.09052379037484748,0.0,CORREGIDO_ANCLA_OBSERVADO
2026-10-09,PUERTO ALEGRIA,1044.0,2026-10-08,2026-10-31,30,23,11.084317622291465,11.29193803654758,11.084317622291465,9.69,10.461456379523122,7.586987718374848,12.973423225624847,HIBRIDO_ANALOGO_CLIM,ANALOGO_ESTADO_V2_HIBRIDO_CLIMATOLOGIA,30,10,2.7896150849556456,OK_ANALOGOS_CONTINUIDAD_CORREGIDA,-0.09052379037484748,0.09052379037484748,0.0,CORREGIDO_ANCLA_OBSERVADO
2026-10-09,PUERTO ALEGRIA,1044.0,2026-10-08,2026-11-01,30,24,11.197881533871506,11.428370745066944,11.197881533871506,9.69,10.506413900285192,7.583694750374846,13.046110151664847,HIBRIDO_ANALOGO_CLIM,ANALOGO_ESTADO_V2_HIBRIDO_CLIMATOLOGIA,30,10,2.7896150849556456,OK_ANALOGOS_CONTINUIDAD_CORREGIDA,-0.09052379037484748,0.09052379037484748,0.0,CORREGIDO_ANCLA_OBSERVADO
2026-10-09,PUERTO ALEGRIA,1044.0,2026-10-08,2026-11-02,30,25,11.286289198180631,11.529122322736582,11.286289198180631,9.69,10.55778982451278,7.567705734374847,13.262127950374847,HIBRIDO_ANALOGO_CLIM,ANALOGO_ESTADO_V2_HIBRIDO_CLIMATOLOGIA,30,10,2.7896150849556456,OK_ANALOGOS_CONTINUIDAD_CORREGIDA,-0.09052379037484748,0.09052379037484748,0.0,CORREGIDO_ANCLA_OBSERVADO
2026-10-09,PUERTO ALEGRIA,1044.0,2026-10-08,2026-11-03,30,26,11.361587162797766,11.613388164410003,11.361587162797766,9.69,10.606184157961053,7.564867878374848,13.531579166374847,HIBRIDO_ANALOGO_CLIM,ANALOGO_ESTADO_V2_HIBRIDO_CLIMATOLOGIA,30,10,2.7896150849556456,OK_ANALOGOS_CONTINUIDAD_CORREGIDA,-0.09052379037484748,0.09052379037484748,0.0,CORREGIDO_ANCLA_OBSERVADO
2026-10-09,PUERTO ALEGRIA,1044.0,2026-10-08,2026-11-04,30,27,11.415783080279676,11.67246266295025,11.415783080279676,9.69,10.645744332267952,7.5584123663748475,13.747133590374846,HIBRIDO_ANALOGO_CLIM,ANALOGO_ESTADO_V2_HIBRIDO_CLIMATOLOGIA,30,10,2.7896150849556456,OK_ANALOGOS_CONTINUIDAD_CORREGIDA,-0.09052379037484748,0.09052379037484748,0.0,CORREGIDO_ANCLA_OBSERVADO
2026-10-09,PUERTO ALEGRIA,1044.0,2026-10-08,2026-11-05,30,28,11.446325794396579,11.701308376445201,11.446325794396579,9.69,10.68137804825071,7.555260462374848,13.757024774374846,HIBRIDO_ANALOGO_CLIM,ANALOGO_ESTADO_V2_HIBRIDO_CLIMATOLOGIA,30,10,2.7896150849556456,OK_ANALOGOS_CONTINUIDAD_CORREGIDA,-0.09052379037484748,0.09052379037484748,0.0,CORREGIDO_ANCLA_OBSERVADO
2026-10-09,PUERTO ALEGRIA,1044.0,2026-10-08,2026-11-06,30,29,11.47861884624094,11.72583693644343,11.47861884624094,9.69,10.736964575633468,7.520901822374847,13.885641574174846,HIBRIDO_ANALOGO_CLIM,ANALOGO_ESTADO_V2_HIBRIDO_CLIMATOLOGIA,30,10,2.7896150849556456,OK_ANALOGOS_CONTINUIDAD_CORREGIDA,-0.09052379037484748,0.09052379037484748,0.0,CORREGIDO_ANCLA_OBSERVADO
2026-10-09,PUERTO ALEGRIA,1044.0,2026-10-08,2026-11-07,30,30,11.514932807885522,11.753910896535057,11.514932807885522,9.69,10.797998541936916,7.442484246374847,14.128651325414845,HIBRIDO_ANALOGO_CLIM,ANALOGO_ESTADO_V2_HIBRIDO_CLIMATOLOGIA,30,10,2.7896150849556456,OK_ANALOGOS_CONTINUIDAD_CORREGIDA,-0.09052379037484748,0.09052379037484748,0.0,CORREGIDO_ANCLA_OBSERVADO
2026-10-09,PUERTO ALEGRIA,1044.0,2026-10-08,2026-10-09,60,1,9.69,9.72924650929574,9.69,9.69,9.572260472112779,9.632962502374847,9.832563310374846,HIBRIDO_ANALOGO_CLIM,ANALOGO_ESTADO_V2_HIBRIDO_CLIMATOLOGIA,30,10,2.7896150849556456,OK_ANALOGOS_CONTINUIDAD_CORREGIDA,-0.09052379037484748,0.09052379037484748,0.0,CORREGIDO_ANCLA_OBSERVADO
2026-10-09,PUERTO ALEGRIA,1044.0,2026-10-08,2026-10-10,60,2,9.669431479462753,9.697842498498952,9.669431479462753,9.69,9.584198422354158,9.489557158374849,9.939981974374845,HIBRIDO_ANALOGO_CLIM,ANALOGO_ESTADO_V2_HIBRIDO_CLIMATOLOGIA,30,10,2.7896150849556456,OK_ANALOGOS_CONTINUIDAD_CORREGIDA,-0.09052379037484748,0.09052379037484748,0.0,CORREGIDO_ANCLA_OBSERVADO
2026-10-09,PUERTO ALEGRIA,1044.0,2026-10-08,2026-10-11,60,3,9.672546773745298,9.697746194983724,9.672546773745298,9.69,9.59694851003002,9.350558414374847,10.103589558374848,HIBRIDO_ANALOGO_CLIM,ANALOGO_ESTADO_V2_HIBRIDO_CLIMATOLOGIA,30,10,2.7896150849556456,OK_ANALOGOS_CONTINUIDAD_CORREGIDA,-0.09052379037484748,0.09052379037484748,0.0,CORREGIDO_ANCLA_OBSERVADO
2026-10-09,PUERTO ALEGRIA,1044.0,2026-10-08,2026-10-12,60,4,9.674612673811634,9.698469161584816,9.674612673811634,9.69,9.603043210492089,9.182375222374848,10.199603974374847,HIBRIDO_ANALOGO_CLIM,ANALOGO_ESTADO_V2_HIBRIDO_CLIMATOLOGIA,30,10,2.7896150849556456,OK_ANALOGOS_CONTINUIDAD_CORREGIDA,-0.09052379037484748,0.09052379037484748,0.0,CORREGIDO_ANCLA_OBSERVADO
2026-10-09,PUERTO ALEGRIA,1044.0,2026-10-08,2026-10-13,60,5,9.685128723660869,9.704711641027474,9.685128723660869,9.69,9.626379971561054,9.026260022374847,10.305348510374847,HIBRIDO_ANALOGO_CLIM,ANALOGO_ESTADO_V2_HIBRIDO_CLIMATOLOGIA,30,10,2.7896150849556456,OK_ANALOGOS_CONTINUIDAD_CORREGIDA,-0.09052379037484748,0.09052379037484748,0.0,CORREGIDO_ANCLA_OBSERVADO
2026-10-09,PUERTO ALEGRIA,1044.0,2026-10-08,2026-10-14,60,6,9.710817429261498,9.729850458430612,9.710817429261498,9.69,9.653718341754159,8.902081118374849,10.424538934374848,HIBRIDO_ANALOGO_CLIM,ANALOGO_ESTADO_V2_HIBRIDO_CLIMATOLOGIA,30,10,2.7896150849556456,OK_ANALOGOS_CONTINUIDAD_CORREGIDA,-0.09052379037484748,0.09052379037484748,0.0,CORREGIDO_ANCLA_OBSERVADO
2026-10-09,PUERTO ALEGRIA,1044.0,2026-10-08,2026-10-15,60,7,9.750327595456762,9.766687434047284,9.750327595456762,9.69,9.701248079685191,8.834762934374849,10.558593214374847,HIBRIDO_ANALOGO_CLIM,ANALOGO_ESTADO_V2_HIBRIDO_CLIMATOLOGIA,30,10,2.7896150849556456,OK_ANALOGOS_CONTINUIDAD_CORREGIDA,-0.09052379037484748,0.09052379037484748,0.0,CORREGIDO_ANCLA_OBSERVADO
2026-10-09,PUERTO ALEGRIA,1044.0,2026-10-08,2026-10-16,60,8,9.807353503430875,9.822578756978286,9.807353503430875,9.69,9.761677742788642,8.751806662374847,10.746456086374847,HIBRIDO_ANALOGO_CLIM,ANALOGO_ESTADO_V2_HIBRIDO_CLIMATOLOGIA,30,10,2.7896150849556456,OK_ANALOGOS_CONTINUIDAD_CORREGIDA,-0.09052379037484748,0.09052379037484748,0.0,CORREGIDO_ANCLA_OBSERVADO
2026-10-09,PUERTO ALEGRIA,1044.0,2026-10-08,2026-10-17,60,9,9.87289421473999,9.887410477973198,9.87289421473999,9.69,9.829345425040366,8.605975262374848,10.825354430374848,HIBRIDO_ANALOGO_CLIM,ANALOGO_ESTADO_V2_HIBRIDO_CLIMATOLOGIA,30,10,2.7896150849556456,OK_ANALOGOS_CONTINUIDAD_CORREGIDA,-0.09052379037484748,0.09052379037484748,0.0,CORREGIDO_ANCLA_OBSERVADO
2026-10-09,PUERTO ALEGRIA,1044.0,2026-10-08,2026-10-18,60,10,9.944693453375224,9.958486863192592,9.944693453375224,9.69,9.903313223923123,8.573596062374847,10.974471262374848,HIBRIDO_ANALOGO_CLIM,ANALOGO_ESTADO_V2_HIBRIDO_CLIMATOLOGIA,30,10,2.7896150849556456,OK_ANALOGOS_CONTINUIDAD_CORREGIDA,-0.09052379037484748,0.09052379037484748,0.0,CORREGIDO_ANCLA_OBSERVADO
2026-10-09,PUERTO ALEGRIA,1044.0,2026-10-08,2026-10-19,60,11,10.016793856094008,10.033600647014188,10.016793856094008,9.69,9.966373483333468,8.573561046374847,11.073178470374847,HIBRIDO_ANALOGO_CLIM,ANALOGO_ESTADO_V2_HIBRIDO_CLIMATOLOGIA,30,10,2.7896150849556456,OK_ANALOGOS_CONTINUIDAD_CORREGIDA,-0.09052379037484748,0.09052379037484748,0.0,CORREGIDO_ANCLA_OBSERVADO
2026-10-09,PUERTO ALEGRIA,1044.0,2026-10-08,2026-10-20,60,12,10.089204815244292,10.115642093620314,10.089204815244292,9.69,10.009892980116227,8.604529286374849,11.132772979624846,HIBRIDO_ANALOGO_CLIM,ANALOGO_ESTADO_V2_HIBRIDO_CLIMATOLOGIA,30,10,2.7896150849556456,OK_ANALOGOS_CONTINUIDAD_CORREGIDA,-0.09052379037484748,0.09052379037484748,0.0,CORREGIDO_ANCLA_OBSERVADO
2026-10-09,PUERTO ALEGRIA,1044.0,2026-10-08,2026-10-21,60,13,10.151045221681423,10.187473284204305,10.151045221681423,9.69,10.04176103411278,8.600169622374848,11.248520854374846,HIBRIDO_ANALOGO_CLIM,ANALOGO_ESTADO_V2_HIBRIDO_CLIMATOLOGIA,30,10,2.7896150849556456,OK_ANALOGOS_CONTINUIDAD_CORREGIDA,-0.09052379037484748,0.09052379037484748,0.0,CORREGIDO_ANCLA_OBSERVADO
2026-10-09,PUERTO ALEGRIA,1044.0,2026-10-08,2026-10-22,60,14,10.215544441655325,10.25845781046376,10.215544441655325,9.69,10.08680433523002,8.626450486374848,11.356224935624846,HIBRIDO_ANALOGO_CLIM,ANALOGO_ESTADO_V2_HIBRIDO_CLIMATOLOGIA,30,10,2.7896150849556456,OK_ANALOGOS_CONTINUIDAD_CORREGIDA,-0.09052379037484748,0.09052379037484748,0.0,CORREGIDO_ANCLA_OBSERVADO
2026-10-09,PUERTO ALEGRIA,1044.0,2026-10-08,2026-10-23,60,15,10.284898293322948,10.33727491625967,10.284898293322948,9.69,10.127768424512778,8.584409430374848,11.509378118374846,HIBRIDO_ANALOGO_CLIM,ANALOGO_ESTADO_V2_HIBRIDO_CLIMATOLOGIA,30,10,2.7896150849556456,OK_ANALOGOS_CONTINUIDAD_CORREGIDA,-0.09052379037484748,0.09052379037484748,0.0,CORREGIDO_ANCLA_OBSERVADO
2026-10-09,PUERTO ALEGRIA,1044.0,2026-10-08,2026-10-24,60,16,10.352168498948053,10.412388143271306,10.352168498948053,9.69,10.171509565978296,8.476716822374847,11.709910087624847,HIBRIDO_ANALOGO_CLIM,ANALOGO_ESTADO_V2_HIBRIDO_CLIMATOLOGIA,30,10,2.7896150849556456,OK_ANALOGOS_CONTINUIDAD_CORREGIDA,-0.09052379037484748,0.09052379037484748,0.0,CORREGIDO_ANCLA_OBSERVADO
2026-10-09,PUERTO ALEGRIA,1044.0,2026-10-08,2026-10-25,60,17,10.445359062644352,10.520947530700854,10.445359062644352,9.69,10.218593658474848,8.320107862374847,11.997231110374846,HIBRIDO_ANALOGO_CLIM,ANALOGO_ESTADO_V2_HIBRIDO_CLIMATOLOGIA,30,10,2.7896150849556456,OK_ANALOGOS_CONTINUIDAD_CORREGIDA,-0.09052379037484748,0.09052379037484748,0.0,CORREGIDO_ANCLA_OBSERVADO
2026-10-09,PUERTO ALEGRIA,1044.0,2026-10-08,2026-10-26,60,18,10.556054737224777,10.652376945423029,10.556054737224777,9.69,10.26708811263002,8.151340918374848,12.342734990374847,HIBRIDO_ANALOGO_CLIM,ANALOGO_ESTADO_V2_HIBRIDO_CLIMATOLOGIA,30,10,2.7896150849556456,OK_ANALOGOS_CONTINUIDAD_CORREGIDA,-0.09052379037484748,0.09052379037484748,0.0,CORREGIDO_ANCLA_OBSERVADO
2026-10-09,PUERTO ALEGRIA,1044.0,2026-10-08,2026-10-27,60,19,10.674767687536006,10.798155055665589,10.674767687536006,9.69,10.30460558314726,7.982741126374847,12.611620158374846,HIBRIDO_ANALOGO_CLIM,ANALOGO_ESTADO_V2_HIBRIDO_CLIMATOLOGIA,30,10,2.7896150849556456,OK_ANALOGOS_CONTINUIDAD_CORREGIDA,-0.09052379037484748,0.09052379037484748,0.0,CORREGIDO_ANCLA_OBSERVADO
2026-10-09,PUERTO ALEGRIA,1044.0,2026-10-08,2026-10-28,60,20,10.785458275136405,10.93536464542129,10.785458275136405,9.69,10.335739164281746,7.864783510374847,12.846570510374846,HIBRIDO_ANALOGO_CLIM,ANALOGO_ESTADO_V2_HIBRIDO_CLIMATOLOGIA,30,10,2.7896150849556456,OK_ANALOGOS_CONTINUIDAD_CORREGIDA,-0.09052379037484748,0.09052379037484748,0.0,CORREGIDO_ANCLA_OBSERVADO
2026-10-09,PUERTO ALEGRIA,1044.0,2026-10-08,2026-10-29,60,21,10.880503352594939,11.049871466203935,10.880503352594939,9.69,10.37239901176795,7.7540611023748465,12.984598847624847,HIBRIDO_ANALOGO_CLIM,ANALOGO_ESTADO_V2_HIBRIDO_CLIMATOLOGIA,30,10,2.7896150849556456,OK_ANALOGOS_CONTINUIDAD_CORREGIDA,-0.09052379037484748,0.09052379037484748,0.0,CORREGIDO_ANCLA_OBSERVADO
2026-10-09,PUERTO ALEGRIA,1044.0,2026-10-08,2026-10-30,60,22,10.977418412409474,11.165026290222166,10.977418412409474,9.69,10.414594778971399,7.6612264143748465,12.976429350374847,HIBRIDO_ANALOGO_CLIM,ANALOGO_ESTADO_V2_HIBRIDO_CLIMATOLOGIA,30,10,2.7896150849556456,OK_ANALOGOS_CONTINUIDAD_CORREGIDA,-0.09052379037484748,0.09052379037484748,0.0,CORREGIDO_ANCLA_OBSERVADO
2026-10-09,PUERTO ALEGRIA,1044.0,2026-10-08,2026-10-31,60,23,11.084317622291465,11.29193803654758,11.084317622291465,9.69,10.461456379523122,7.586987718374848,12.973423225624847,HIBRIDO_ANALOGO_CLIM,ANALOGO_ESTADO_V2_HIBRIDO_CLIMATOLOGIA,30,10,2.7896150849556456,OK_ANALOGOS_CONTINUIDAD_CORREGIDA,-0.09052379037484748,0.09052379037484748,0.0,CORREGIDO_ANCLA_OBSERVADO
2026-10-09,PUERTO ALEGRIA,1044.0,2026-10-08,2026-11-01,60,24,11.197881533871506,11.428370745066944,11.197881533871506,9.69,10.506413900285192,7.583694750374846,13.046110151664847,HIBRIDO_ANALOGO_CLIM,ANALOGO_ESTADO_V2_HIBRIDO_CLIMATOLOGIA,30,10,2.7896150849556456,OK_ANALOGOS_CONTINUIDAD_CORREGIDA,-0.09052379037484748,0.09052379037484748,0.0,CORREGIDO_ANCLA_OBSERVADO
2026-10-09,PUERTO ALEGRIA,1044.0,2026-10-08,2026-11-02,60,25,11.286289198180631,11.529122322736582,11.286289198180631,9.69,10.55778982451278,7.567705734374847,13.262127950374847,HIBRIDO_ANALOGO_CLIM,ANALOGO_ESTADO_V2_HIBRIDO_CLIMATOLOGIA,30,10,2.7896150849556456,OK_ANALOGOS_CONTINUIDAD_CORREGIDA,-0.09052379037484748,0.09052379037484748,0.0,CORREGIDO_ANCLA_OBSERVADO
2026-10-09,PUERTO ALEGRIA,1044.0,2026-10-08,2026-11-03,60,26,11.361587162797766,11.613388164410003,11.361587162797766,9.69,10.606184157961053,7.564867878374848,13.531579166374847,HIBRIDO_ANALOGO_CLIM,ANALOGO_ESTADO_V2_HIBRIDO_CLIMATOLOGIA,30,10,2.7896150849556456,OK_ANALOGOS_CONTINUIDAD_CORREGIDA,-0.09052379037484748,0.09052379037484748,0.0,CORREGIDO_ANCLA_OBSERVADO
2026-10-09,PUERTO ALEGRIA,1044.0,2026-10-08,2026-11-04,60,27,11.415783080279676,11.67246266295025,11.415783080279676,9.69,10.645744332267952,7.5584123663748475,13.747133590374846,HIBRIDO_ANALOGO_CLIM,ANALOGO_ESTADO_V2_HIBRIDO_CLIMATOLOGIA,30,10,2.7896150849556456,OK_ANALOGOS_CONTINUIDAD_CORREGIDA,-0.09052379037484748,0.09052379037484748,0.0,CORREGIDO_ANCLA_OBSERVADO
2026-10-09,PUERTO ALEGRIA,1044.0,2026-10-08,2026-11-05,60,28,11.446325794396579,11.701308376445201,11.446325794396579,9.69,10.68137804825071,7.555260462374848,13.757024774374846,HIBRIDO_ANALOGO_CLIM,ANALOGO_ESTADO_V2_HIBRIDO_CLIMATOLOGIA,30,10,2.7896150849556456,OK_ANALOGOS_CONTINUIDAD_CORREGIDA,-0.09052379037484748,0.09052379037484748,0.0,CORREGIDO_ANCLA_OBSERVADO
2026-10-09,PUERTO ALEGRIA,1044.0,2026-10-08,2026-11-06,60,29,11.47861884624094,11.72583693644343,11.47861884624094,9.69,10.736964575633468,7.520901822374847,13.885641574174846,HIBRIDO_ANALOGO_CLIM,ANALOGO_ESTADO_V2_HIBRIDO_CLIMATOLOGIA,30,10,2.7896150849556456,OK_ANALOGOS_CONTINUIDAD_CORREGIDA,-0.09052379037484748,0.09052379037484748,0.0,CORREGIDO_ANCLA_OBSERVADO
2026-10-09,PUERTO ALEGRIA,1044.0,2026-10-08,2026-11-07,60,30,11.514932807885522,11.753910896535057,11.514932807885522,9.69,10.797998541936916,7.442484246374847,14.128651325414845,HIBRIDO_ANALOGO_CLIM,ANALOGO_ESTADO_V2_HIBRIDO_CLIMATOLOGIA,30,10,2.7896150849556456,OK_ANALOGOS_CONTINUIDAD_CORREGIDA,-0.09052379037484748,0.09052379037484748,0.0,CORREGIDO_ANCLA_OBSERVADO
2026-10-09,PUERTO ALEGRIA,1044.0,2026-10-08,2026-11-08,60,31,11.560074884713748,11.800225992520902,11.560074884713748,9.69,10.87060880100933,7.381632510374847,14.345540799974847,HIBRIDO_ANALOGO_CLIM,ANALOGO_ESTADO_V2_HIBRIDO_CLIMATOLOGIA,30,10,2.7896150849556456,OK_ANALOGOS_CONTINUIDAD_CORREGIDA,-0.09052379037484748,0.09052379037484748,0.0,CORREGIDO_ANCLA_OBSERVADO
2026-10-09,PUERTO ALEGRIA,1044.0,2026-10-08,2026-11-09,60,32,11.60285109452486,11.839595394260915,11.60285109452486,9.69,10.95180427025071,7.319949518374847,14.423364040934848,HIBRIDO_ANALOGO_CLIM,ANALOGO_ESTADO_V2_HIBRIDO_CLIMATOLOGIA,30,10,2.7896150849556456,OK_ANALOGOS_CONTINUIDAD_CORREGIDA,-0.09052379037484748,0.09052379037484748,0.0,CORREGIDO_ANCLA_OBSERVADO
2026-10-09,PUERTO ALEGRIA,1044.0,2026-10-08,2026-11-10,60,33,11.649701720796878,11.885747633287043,11.649701720796878,9.69,11.027398860595538,7.314930158374847,14.526719330974847,HIBRIDO_ANALOGO_CLIM,ANALOGO_ESTADO_V2_HIBRIDO_CLIMATOLOGIA,30,10,2.7896150849556456,OK_ANALOGOS_CONTINUIDAD_CORREGIDA,-0.09052379037484748,0.09052379037484748,0.0,CORREGIDO_ANCLA_OBSERVADO
2026-10-09,PUERTO ALEGRIA,1044.0,2026-10-08,2026-11-11,60,34,11.69263555339154,11.92675825003118,11.69263555339154,9.69,11.100442850126571,7.393910598374848,14.544781241374848,HIBRIDO_ANALOGO_CLIM,ANALOGO_ESTADO_V2_HIBRIDO_CLIMATOLOGIA,30,10,2.7896150849556456,OK_ANALOGOS_CONTINUIDAD_CORREGIDA,-0.09052379037484748,0.09052379037484748,0.0,CORREGIDO_ANCLA_OBSERVADO
2026-10-09,PUERTO ALEGRIA,1044.0,2026-10-08,2026-11-12,60,35,11.756272125397269,11.997036850810556,11.756272125397269,9.69,11.17155779225071,7.195736054374847,14.776724383934846,HIBRIDO_ANALOGO_CLIM,ANALOGO_ESTADO_V2_HIBRIDO_CLIMATOLOGIA,30,10,2.7896150849556456,OK_ANALOGOS_CONTINUIDAD_CORREGIDA,-0.09052379037484748,0.09052379037484748,0.0,CORREGIDO_ANCLA_OBSERVADO
2026-10-09,PUERTO ALEGRIA,1044.0,2026-10-08,2026-11-13,60,36,11.886775104445626,12.160437941605515,11.886775104445626,9.69,11.248228484405882,7.839408310374846,14.964752957374847,HIBRIDO_ANALOGO_CLIM,ANALOGO_ESTADO_V2_HIBRIDO_CLIMATOLOGIA,30,10,2.7896150849556456,OK_ANALOGOS_CONTINUIDAD_CORREGIDA,-0.09052379037484748,0.09052379037484748,0.0,CORREGIDO_ANCLA_OBSERVADO
2026-10-09,PUERTO ALEGRIA,1044.0,2026-10-08,2026-11-14,60,37,11.974600262181134,12.261743864282565,11.974600262181134,9.69,11.330467316926573,8.000023374374848,15.030429142374848,HIBRIDO_ANALOGO_CLIM,ANALOGO_ESTADO_V2_HIBRIDO_CLIMATOLOGIA,30,10,2.7896150849556456,OK_ANALOGOS_CONTINUIDAD_CORREGIDA,-0.09052379037484748,0.09052379037484748,0.0,CORREGIDO_ANCLA_OBSERVADO
2026-10-09,PUERTO ALEGRIA,1044.0,2026-10-08,2026-11-15,60,38,12.082197785452072,12.391501004365066,12.082197785452072,9.69,11.414753997271399,8.106807638374848,15.144664296934847,HIBRIDO_ANALOGO_CLIM,ANALOGO_ESTADO_V2_HIBRIDO_CLIMATOLOGIA,30,10,2.7896150849556456,OK_ANALOGOS_CONTINUIDAD_CORREGIDA,-0.09052379037484748,0.09052379037484748,0.0,CORREGIDO_ANCLA_OBSERVADO
2026-10-09,PUERTO ALEGRIA,1044.0,2026-10-08,2026-11-16,60,39,12.211160831168657,12.555028148073848,12.211160831168657,9.69,11.49697486528864,8.157428638374848,15.426653916774846,HIBRIDO_ANALOGO_CLIM,ANALOGO_ESTADO_V2_HIBRIDO_CLIMATOLOGIA,30,10,2.7896150849556456,OK_ANALOGOS_CONTINUIDAD_CORREGIDA,-0.09052379037484748,0.09052379037484748,0.0,CORREGIDO_ANCLA_OBSERVADO
2026-10-09,PUERTO ALEGRIA,1044.0,2026-10-08,2026-11-17,60,40,12.316676378997736,12.687332642964352,12.316676378997736,9.69,11.575363851064502,8.125384910374848,15.585089931174847,HIBRIDO_ANALOGO_CLIM,ANALOGO_ESTADO_V2_HIBRIDO_CLIMATOLOGIA,30,10,2.7896150849556456,OK_ANALOGOS_CONTINUIDAD_CORREGIDA,-0.09052379037484748,0.09052379037484748,0.0,CORREGIDO_ANCLA_OBSERVADO
2026-10-09,PUERTO ALEGRIA,1044.0,2026-10-08,2026-11-18,60,41,12.398205420715152,12.793513613278277,12.398205420715152,9.69,11.636514025288642,8.103309942374846,15.669586723934847,HIBRIDO_ANALOGO_CLIM,ANALOGO_ESTADO_V2_HIBRIDO_CLIMATOLOGIA,30,10,2.7896150849556456,OK_ANALOGOS_CONTINUIDAD_CORREGIDA,-0.09052379037484748,0.09052379037484748,0.0,CORREGIDO_ANCLA_OBSERVADO
2026-10-09,PUERTO ALEGRIA,1044.0,2026-10-08,2026-11-19,60,42,12.46465419801986,12.884098549377786,12.46465419801986,9.69,11.68568611692657,7.997475758374848,15.754683930174847,HIBRIDO_ANALOGO_CLIM,ANALOGO_ESTADO_V2_HIBRIDO_CLIMATOLOGIA,30,10,2.7896150849556456,OK_ANALOGOS_CONTINUIDAD_CORREGIDA,-0.09052379037484748,0.09052379037484748,0.0,CORREGIDO_ANCLA_OBSERVADO
2026-10-09,PUERTO ALEGRIA,1044.0,2026-10-08,2026-11-20,60,43,12.525141669527018,12.974344332636537,12.525141669527018,9.69,11.720755505354157,7.899239014374847,15.817446448574847,HIBRIDO_ANALOGO_CLIM,ANALOGO_ESTADO_V2_HIBRIDO_CLIMATOLOGIA,30,10,2.7896150849556456,OK_ANALOGOS_CONTINUIDAD_CORREGIDA,-0.09052379037484748,0.09052379037484748,0.0,CORREGIDO_ANCLA_OBSERVADO
2026-10-09,PUERTO ALEGRIA,1044.0,2026-10-08,2026-11-21,60,44,12.568141915513172,13.04224819621594,12.568141915513172,9.69,11.749231067026571,7.801033694374848,15.903882451934848,HIBRIDO_ANALOGO_CLIM,ANALOGO_ESTADO_V2_HIBRIDO_CLIMATOLOGIA,30,10,2.7896150849556456,OK_ANALOGOS_CONTINUIDAD_CORREGIDA,-0.09052379037484748,0.09052379037484748,0.0,CORREGIDO_ANCLA_OBSERVADO
2026-10-09,PUERTO ALEGRIA,1044.0,2026-10-08,2026-11-22,60,45,12.602856692988725,13.09781232181567,12.602856692988725,9.69,11.777930644943813,7.699571670374846,15.980201735934846,HIBRIDO_ANALOGO_CLIM,ANALOGO_ESTADO_V2_HIBRIDO_CLIMATOLOGIA,30,10,2.7896150849556456,OK_ANALOGOS_CONTINUIDAD_CORREGIDA,-0.09052379037484748,0.09052379037484748,0.0,CORREGIDO_ANCLA_OBSERVADO
2026-10-09,PUERTO ALEGRIA,1044.0,2026-10-08,2026-11-23,60,46,12.63831962860997,13.140933824407666,12.63831962860997,9.69,11.82976635710933,7.616054446374847,16.05621603293485,HIBRIDO_ANALOGO_CLIM,ANALOGO_ESTADO_V2_HIBRIDO_CLIMATOLOGIA,30,10,2.7896150849556456,OK_ANALOGOS_CONTINUIDAD_CORREGIDA,-0.09052379037484748,0.09052379037484748,0.0,CORREGIDO_ANCLA_OBSERVADO
2026-10-09,PUERTO ALEGRIA,1044.0,2026-10-08,2026-11-24,60,47,12.65846840696626,13.175836167894035,12.65846840696626,9.69,11.854897203823123,7.528200798374847,16.187767520934848,HIBRIDO_ANALOGO_CLIM,ANALOGO_ESTADO_V2_HIBRIDO_CLIMATOLOGIA,30,10,2.7896150849556456,OK_ANALOGOS_CONTINUIDAD_CORREGIDA,-0.09052379037484748,0.09052379037484748,0.0,CORREGIDO_ANCLA_OBSERVADO
2026-10-09,PUERTO ALEGRIA,1044.0,2026-10-08,2026-11-25,60,48,12.67845195149476,13.200922357657458,12.67845195149476,9.69,11.894746342250711,7.465510678374847,16.341427342824844,HIBRIDO_ANALOGO_CLIM,ANALOGO_ESTADO_V2_HIBRIDO_CLIMATOLOGIA,30,10,2.7896150849556456,OK_ANALOGOS_CONTINUIDAD_CORREGIDA,-0.09052379037484748,0.09052379037484748,0.0,CORREGIDO_ANCLA_OBSERVADO
2026-10-09,PUERTO ALEGRIA,1044.0,2026-10-08,2026-11-26,60,49,12.68868794721845,13.207152278298178,12.68868794721845,9.69,11.93744371238864,7.4186238863748475,16.437368580824845,HIBRIDO_ANALOGO_CLIM,ANALOGO_ESTADO_V2_HIBRIDO_CLIMATOLOGIA,30,10,2.7896150849556456,OK_ANALOGOS_CONTINUIDAD_CORREGIDA,-0.09052379037484748,0.09052379037484748,0.0,CORREGIDO_ANCLA_OBSERVADO
2026-10-09,PUERTO ALEGRIA,1044.0,2026-10-08,2026-11-27,60,50,12.708915614682853,13.219664447503842,12.708915614682853,9.69,11.993867248733467,7.352372446374848,16.567667488777346,HIBRIDO_ANALOGO_CLIM,ANALOGO_ESTADO_V2_HIBRIDO_CLIMATOLOGIA,30,10,2.7896150849556456,OK_ANALOGOS_CONTINUIDAD_CORREGIDA,-0.09052379037484748,0.09052379037484748,0.0,CORREGIDO_ANCLA_OBSERVADO
2026-10-09,PUERTO ALEGRIA,1044.0,2026-10-08,2026-11-28,60,51,12.718355238864936,13.216144637941419,12.718355238864936,9.69,12.044875463643812,7.270956902374848,16.485826170824843,HIBRIDO_ANALOGO_CLIM,ANALOGO_ESTADO_V2_HIBRIDO_CLIMATOLOGIA,30,10,2.7896150849556456,OK_ANALOGOS_CONTINUIDAD_CORREGIDA,-0.09052379037484748,0.09052379037484748,0.0,CORREGIDO_ANCLA_OBSERVADO
2026-10-09,PUERTO ALEGRIA,1044.0,2026-10-08,2026-11-29,60,52,12.725187423318404,13.205365381122302,12.725187423318404,9.69,12.097262401574847,7.251250982374847,16.47078622941484,HIBRIDO_ANALOGO_CLIM,ANALOGO_ESTADO_V2_HIBRIDO_CLIMATOLOGIA,30,10,2.7896150849556456,OK_ANALOGOS_CONTINUIDAD_CORREGIDA,-0.09052379037484748,0.09052379037484748,0.0,CORREGIDO_ANCLA_OBSERVADO
2026-10-09,PUERTO ALEGRIA,1044.0,2026-10-08,2026-11-30,60,53,12.733386027003776,13.207780436853218,12.733386027003776,9.69,12.13367988625071,7.2179959423748485,16.474359796664842,HIBRIDO_ANALOGO_CLIM,ANALOGO_ESTADO_V2_HIBRIDO_CLIMATOLOGIA,30,10,2.7896150849556456,OK_ANALOGOS_CONTINUIDAD_CORREGIDA,-0.09052379037484748,0.09052379037484748,0.0,CORREGIDO_ANCLA_OBSERVADO
2026-10-09,PUERTO ALEGRIA,1044.0,2026-10-08,2026-12-01,60,54,12.762737004538602,13.211880804586063,12.762737004538602,9.69,12.213783471147261,7.1665639423748475,16.51032154166485,HIBRIDO_ANALOGO_CLIM,ANALOGO_ESTADO_V2_HIBRIDO_CLIMATOLOGIA,30,10,2.7896150849556456,OK_ANALOGOS_CONTINUIDAD_CORREGIDA,-0.09052379037484748,0.09052379037484748,0.0,CORREGIDO_ANCLA_OBSERVADO
2026-10-09,PUERTO ALEGRIA,1044.0,2026-10-08,2026-12-02,60,55,12.797281607642981,13.238516475984186,12.797281607642981,9.69,12.27582221778519,7.102948230374847,16.59724195542485,HIBRIDO_ANALOGO_CLIM,ANALOGO_ESTADO_V2_HIBRIDO_CLIMATOLOGIA,30,10,2.7896150849556456,OK_ANALOGOS_CONTINUIDAD_CORREGIDA,-0.09052379037484748,0.09052379037484748,0.0,CORREGIDO_ANCLA_OBSERVADO
2026-10-09,PUERTO ALEGRIA,1044.0,2026-10-08,2026-12-03,60,56,12.82163893490006,13.2519006287204,12.82163893490006,9.69,12.329911284819675,7.063771366374848,16.65031061977485,HIBRIDO_ANALOGO_CLIM,ANALOGO_ESTADO_V2_HIBRIDO_CLIMATOLOGIA,30,10,2.7896150849556456,OK_ANALOGOS_CONTINUIDAD_CORREGIDA,-0.09052379037484748,0.09052379037484748,0.0,CORREGIDO_ANCLA_OBSERVADO
2026-10-09,PUERTO ALEGRIA,1044.0,2026-10-08,2026-12-04,60,57,12.851912347752535,13.2716698193977,12.851912347752535,9.69,12.38796987909209,7.045315406374847,16.732704863624846,HIBRIDO_ANALOGO_CLIM,ANALOGO_ESTADO_V2_HIBRIDO_CLIMATOLOGIA,30,10,2.7896150849556456,OK_ANALOGOS_CONTINUIDAD_CORREGIDA,-0.09052379037484748,0.09052379037484748,0.0,CORREGIDO_ANCLA_OBSERVADO
2026-10-09,PUERTO ALEGRIA,1044.0,2026-10-08,2026-12-05,60,58,12.88658160158443,13.300267283396623,12.88658160158443,9.69,12.444365872750708,7.134317686374847,16.89737815682485,HIBRIDO_ANALOGO_CLIM,ANALOGO_ESTADO_V2_HIBRIDO_CLIMATOLOGIA,30,10,2.7896150849556456,OK_ANALOGOS_CONTINUIDAD_CORREGIDA,-0.09052379037484748,0.09052379037484748,0.0,CORREGIDO_ANCLA_OBSERVADO
2026-10-09,PUERTO ALEGRIA,1044.0,2026-10-08,2026-12-06,60,59,12.908368126778505,13.305310227042302,12.908368126778505,9.69,12.497970362098986,7.305753302374846,16.946340512224843,HIBRIDO_ANALOGO_CLIM,ANALOGO_ESTADO_V2_HIBRIDO_CLIMATOLOGIA,30,10,2.7896150849556456,OK_ANALOGOS_CONTINUIDAD_CORREGIDA,-0.09052379037484748,0.09052379037484748,0.0,CORREGIDO_ANCLA_OBSERVADO
2026-10-09,PUERTO ALEGRIA,1044.0,2026-10-08,2026-12-07,60,60,12.936820007566338,13.317851503626793,12.936820007566338,9.69,12.555788511505881,7.420179718374847,16.992073997424846,HIBRIDO_ANALOGO_CLIM,ANALOGO_ESTADO_V2_HIBRIDO_CLIMATOLOGIA,30,10,2.7896150849556456,OK_ANALOGOS_CONTINUIDAD_CORREGIDA,-0.09052379037484748,0.09052379037484748,0.0,CORREGIDO_ANCLA_OBSERVADO
2026-10-09,PUERTO ALEGRIA,1044.0,2026-10-08,2026-10-09,90,1,9.69,9.72924650929574,9.69,9.69,9.572260472112779,9.632962502374847,9.832563310374846,HIBRIDO_ANALOGO_CLIM,ANALOGO_ESTADO_V2_HIBRIDO_CLIMATOLOGIA,30,10,2.7896150849556456,OK_ANALOGOS_CONTINUIDAD_CORREGIDA,-0.09052379037484748,0.09052379037484748,0.0,CORREGIDO_ANCLA_OBSERVADO
2026-10-09,PUERTO ALEGRIA,1044.0,2026-10-08,2026-10-10,90,2,9.669431479462753,9.697842498498952,9.669431479462753,9.69,9.584198422354158,9.489557158374849,9.939981974374845,HIBRIDO_ANALOGO_CLIM,ANALOGO_ESTADO_V2_HIBRIDO_CLIMATOLOGIA,30,10,2.7896150849556456,OK_ANALOGOS_CONTINUIDAD_CORREGIDA,-0.09052379037484748,0.09052379037484748,0.0,CORREGIDO_ANCLA_OBSERVADO
2026-10-09,PUERTO ALEGRIA,1044.0,2026-10-08,2026-10-11,90,3,9.672546773745298,9.697746194983724,9.672546773745298,9.69,9.59694851003002,9.350558414374847,10.103589558374848,HIBRIDO_ANALOGO_CLIM,ANALOGO_ESTADO_V2_HIBRIDO_CLIMATOLOGIA,30,10,2.7896150849556456,OK_ANALOGOS_CONTINUIDAD_CORREGIDA,-0.09052379037484748,0.09052379037484748,0.0,CORREGIDO_ANCLA_OBSERVADO
2026-10-09,PUERTO ALEGRIA,1044.0,2026-10-08,2026-10-12,90,4,9.674612673811634,9.698469161584816,9.674612673811634,9.69,9.603043210492089,9.182375222374848,10.199603974374847,HIBRIDO_ANALOGO_CLIM,ANALOGO_ESTADO_V2_HIBRIDO_CLIMATOLOGIA,30,10,2.7896150849556456,OK_ANALOGOS_CONTINUIDAD_CORREGIDA,-0.09052379037484748,0.09052379037484748,0.0,CORREGIDO_ANCLA_OBSERVADO
2026-10-09,PUERTO ALEGRIA,1044.0,2026-10-08,2026-10-13,90,5,9.685128723660869,9.704711641027474,9.685128723660869,9.69,9.626379971561054,9.026260022374847,10.305348510374847,HIBRIDO_ANALOGO_CLIM,ANALOGO_ESTADO_V2_HIBRIDO_CLIMATOLOGIA,30,10,2.7896150849556456,OK_ANALOGOS_CONTINUIDAD_CORREGIDA,-0.09052379037484748,0.09052379037484748,0.0,CORREGIDO_ANCLA_OBSERVADO
2026-10-09,PUERTO ALEGRIA,1044.0,2026-10-08,2026-10-14,90,6,9.710817429261498,9.729850458430612,9.710817429261498,9.69,9.653718341754159,8.902081118374849,10.424538934374848,HIBRIDO_ANALOGO_CLIM,ANALOGO_ESTADO_V2_HIBRIDO_CLIMATOLOGIA,30,10,2.7896150849556456,OK_ANALOGOS_CONTINUIDAD_CORREGIDA,-0.09052379037484748,0.09052379037484748,0.0,CORREGIDO_ANCLA_OBSERVADO
2026-10-09,PUERTO ALEGRIA,1044.0,2026-10-08,2026-10-15,90,7,9.750327595456762,9.766687434047284,9.750327595456762,9.69,9.701248079685191,8.834762934374849,10.558593214374847,HIBRIDO_ANALOGO_CLIM,ANALOGO_ESTADO_V2_HIBRIDO_CLIMATOLOGIA,30,10,2.7896150849556456,OK_ANALOGOS_CONTINUIDAD_CORREGIDA,-0.09052379037484748,0.09052379037484748,0.0,CORREGIDO_ANCLA_OBSERVADO
2026-10-09,PUERTO ALEGRIA,1044.0,2026-10-08,2026-10-16,90,8,9.807353503430875,9.822578756978286,9.807353503430875,9.69,9.761677742788642,8.751806662374847,10.746456086374847,HIBRIDO_ANALOGO_CLIM,ANALOGO_ESTADO_V2_HIBRIDO_CLIMATOLOGIA,30,10,2.7896150849556456,OK_ANALOGOS_CONTINUIDAD_CORREGIDA,-0.09052379037484748,0.09052379037484748,0.0,CORREGIDO_ANCLA_OBSERVADO
2026-10-09,PUERTO ALEGRIA,1044.0,2026-10-08,2026-10-17,90,9,9.87289421473999,9.887410477973198,9.87289421473999,9.69,9.829345425040366,8.605975262374848,10.825354430374848,HIBRIDO_ANALOGO_CLIM,ANALOGO_ESTADO_V2_HIBRIDO_CLIMATOLOGIA,30,10,2.7896150849556456,OK_ANALOGOS_CONTINUIDAD_CORREGIDA,-0.09052379037484748,0.09052379037484748,0.0,CORREGIDO_ANCLA_OBSERVADO
2026-10-09,PUERTO ALEGRIA,1044.0,2026-10-08,2026-10-18,90,10,9.944693453375224,9.958486863192592,9.944693453375224,9.69,9.903313223923123,8.573596062374847,10.974471262374848,HIBRIDO_ANALOGO_CLIM,ANALOGO_ESTADO_V2_HIBRIDO_CLIMATOLOGIA,30,10,2.7896150849556456,OK_ANALOGOS_CONTINUIDAD_CORREGIDA,-0.09052379037484748,0.09052379037484748,0.0,CORREGIDO_ANCLA_OBSERVADO
2026-10-09,PUERTO ALEGRIA,1044.0,2026-10-08,2026-10-19,90,11,10.016793856094008,10.033600647014188,10.016793856094008,9.69,9.966373483333468,8.573561046374847,11.073178470374847,HIBRIDO_ANALOGO_CLIM,ANALOGO_ESTADO_V2_HIBRIDO_CLIMATOLOGIA,30,10,2.7896150849556456,OK_ANALOGOS_CONTINUIDAD_CORREGIDA,-0.09052379037484748,0.09052379037484748,0.0,CORREGIDO_ANCLA_OBSERVADO
2026-10-09,PUERTO ALEGRIA,1044.0,2026-10-08,2026-10-20,90,12,10.089204815244292,10.115642093620314,10.089204815244292,9.69,10.009892980116227,8.604529286374849,11.132772979624846,HIBRIDO_ANALOGO_CLIM,ANALOGO_ESTADO_V2_HIBRIDO_CLIMATOLOGIA,30,10,2.7896150849556456,OK_ANALOGOS_CONTINUIDAD_CORREGIDA,-0.09052379037484748,0.09052379037484748,0.0,CORREGIDO_ANCLA_OBSERVADO
2026-10-09,PUERTO ALEGRIA,1044.0,2026-10-08,2026-10-21,90,13,10.151045221681423,10.187473284204305,10.151045221681423,9.69,10.04176103411278,8.600169622374848,11.248520854374846,HIBRIDO_ANALOGO_CLIM,ANALOGO_ESTADO_V2_HIBRIDO_CLIMATOLOGIA,30,10,2.7896150849556456,OK_ANALOGOS_CONTINUIDAD_CORREGIDA,-0.09052379037484748,0.09052379037484748,0.0,CORREGIDO_ANCLA_OBSERVADO
2026-10-09,PUERTO ALEGRIA,1044.0,2026-10-08,2026-10-22,90,14,10.215544441655325,10.25845781046376,10.215544441655325,9.69,10.08680433523002,8.626450486374848,11.356224935624846,HIBRIDO_ANALOGO_CLIM,ANALOGO_ESTADO_V2_HIBRIDO_CLIMATOLOGIA,30,10,2.7896150849556456,OK_ANALOGOS_CONTINUIDAD_CORREGIDA,-0.09052379037484748,0.09052379037484748,0.0,CORREGIDO_ANCLA_OBSERVADO
2026-10-09,PUERTO ALEGRIA,1044.0,2026-10-08,2026-10-23,90,15,10.284898293322948,10.33727491625967,10.284898293322948,9.69,10.127768424512778,8.584409430374848,11.509378118374846,HIBRIDO_ANALOGO_CLIM,ANALOGO_ESTADO_V2_HIBRIDO_CLIMATOLOGIA,30,10,2.7896150849556456,OK_ANALOGOS_CONTINUIDAD_CORREGIDA,-0.09052379037484748,0.09052379037484748,0.0,CORREGIDO_ANCLA_OBSERVADO
2026-10-09,PUERTO ALEGRIA,1044.0,2026-10-08,2026-10-24,90,16,10.352168498948053,10.412388143271306,10.352168498948053,9.69,10.171509565978296,8.476716822374847,11.709910087624847,HIBRIDO_ANALOGO_CLIM,ANALOGO_ESTADO_V2_HIBRIDO_CLIMATOLOGIA,30,10,2.7896150849556456,OK_ANALOGOS_CONTINUIDAD_CORREGIDA,-0.09052379037484748,0.09052379037484748,0.0,CORREGIDO_ANCLA_OBSERVADO
2026-10-09,PUERTO ALEGRIA,1044.0,2026-10-08,2026-10-25,90,17,10.445359062644352,10.520947530700854,10.445359062644352,9.69,10.218593658474848,8.320107862374847,11.997231110374846,HIBRIDO_ANALOGO_CLIM,ANALOGO_ESTADO_V2_HIBRIDO_CLIMATOLOGIA,30,10,2.7896150849556456,OK_ANALOGOS_CONTINUIDAD_CORREGIDA,-0.09052379037484748,0.09052379037484748,0.0,CORREGIDO_ANCLA_OBSERVADO
2026-10-09,PUERTO ALEGRIA,1044.0,2026-10-08,2026-10-26,90,18,10.556054737224777,10.652376945423029,10.556054737224777,9.69,10.26708811263002,8.151340918374848,12.342734990374847,HIBRIDO_ANALOGO_CLIM,ANALOGO_ESTADO_V2_HIBRIDO_CLIMATOLOGIA,30,10,2.7896150849556456,OK_ANALOGOS_CONTINUIDAD_CORREGIDA,-0.09052379037484748,0.09052379037484748,0.0,CORREGIDO_ANCLA_OBSERVADO
2026-10-09,PUERTO ALEGRIA,1044.0,2026-10-08,2026-10-27,90,19,10.674767687536006,10.798155055665589,10.674767687536006,9.69,10.30460558314726,7.982741126374847,12.611620158374846,HIBRIDO_ANALOGO_CLIM,ANALOGO_ESTADO_V2_HIBRIDO_CLIMATOLOGIA,30,10,2.7896150849556456,OK_ANALOGOS_CONTINUIDAD_CORREGIDA,-0.09052379037484748,0.09052379037484748,0.0,CORREGIDO_ANCLA_OBSERVADO
2026-10-09,PUERTO ALEGRIA,1044.0,2026-10-08,2026-10-28,90,20,10.785458275136405,10.93536464542129,10.785458275136405,9.69,10.335739164281746,7.864783510374847,12.846570510374846,HIBRIDO_ANALOGO_CLIM,ANALOGO_ESTADO_V2_HIBRIDO_CLIMATOLOGIA,30,10,2.7896150849556456,OK_ANALOGOS_CONTINUIDAD_CORREGIDA,-0.09052379037484748,0.09052379037484748,0.0,CORREGIDO_ANCLA_OBSERVADO
2026-10-09,PUERTO ALEGRIA,1044.0,2026-10-08,2026-10-29,90,21,10.880503352594939,11.049871466203935,10.880503352594939,9.69,10.37239901176795,7.7540611023748465,12.984598847624847,HIBRIDO_ANALOGO_CLIM,ANALOGO_ESTADO_V2_HIBRIDO_CLIMATOLOGIA,30,10,2.7896150849556456,OK_ANALOGOS_CONTINUIDAD_CORREGIDA,-0.09052379037484748,0.09052379037484748,0.0,CORREGIDO_ANCLA_OBSERVADO
2026-10-09,PUERTO ALEGRIA,1044.0,2026-10-08,2026-10-30,90,22,10.977418412409474,11.165026290222166,10.977418412409474,9.69,10.414594778971399,7.6612264143748465,12.976429350374847,HIBRIDO_ANALOGO_CLIM,ANALOGO_ESTADO_V2_HIBRIDO_CLIMATOLOGIA,30,10,2.7896150849556456,OK_ANALOGOS_CONTINUIDAD_CORREGIDA,-0.09052379037484748,0.09052379037484748,0.0,CORREGIDO_ANCLA_OBSERVADO
2026-10-09,PUERTO ALEGRIA,1044.0,2026-10-08,2026-10-31,90,23,11.084317622291465,11.29193803654758,11.084317622291465,9.69,10.461456379523122,7.586987718374848,12.973423225624847,HIBRIDO_ANALOGO_CLIM,ANALOGO_ESTADO_V2_HIBRIDO_CLIMATOLOGIA,30,10,2.7896150849556456,OK_ANALOGOS_CONTINUIDAD_CORREGIDA,-0.09052379037484748,0.09052379037484748,0.0,CORREGIDO_ANCLA_OBSERVADO
2026-10-09,PUERTO ALEGRIA,1044.0,2026-10-08,2026-11-01,90,24,11.197881533871506,11.428370745066944,11.197881533871506,9.69,10.506413900285192,7.583694750374846,13.046110151664847,HIBRIDO_ANALOGO_CLIM,ANALOGO_ESTADO_V2_HIBRIDO_CLIMATOLOGIA,30,10,2.7896150849556456,OK_ANALOGOS_CONTINUIDAD_CORREGIDA,-0.09052379037484748,0.09052379037484748,0.0,CORREGIDO_ANCLA_OBSERVADO
2026-10-09,PUERTO ALEGRIA,1044.0,2026-10-08,2026-11-02,90,25,11.286289198180631,11.529122322736582,11.286289198180631,9.69,10.55778982451278,7.567705734374847,13.262127950374847,HIBRIDO_ANALOGO_CLIM,ANALOGO_ESTADO_V2_HIBRIDO_CLIMATOLOGIA,30,10,2.7896150849556456,OK_ANALOGOS_CONTINUIDAD_CORREGIDA,-0.09052379037484748,0.09052379037484748,0.0,CORREGIDO_ANCLA_OBSERVADO
2026-10-09,PUERTO ALEGRIA,1044.0,2026-10-08,2026-11-03,90,26,11.361587162797766,11.613388164410003,11.361587162797766,9.69,10.606184157961053,7.564867878374848,13.531579166374847,HIBRIDO_ANALOGO_CLIM,ANALOGO_ESTADO_V2_HIBRIDO_CLIMATOLOGIA,30,10,2.7896150849556456,OK_ANALOGOS_CONTINUIDAD_CORREGIDA,-0.09052379037484748,0.09052379037484748,0.0,CORREGIDO_ANCLA_OBSERVADO
2026-10-09,PUERTO ALEGRIA,1044.0,2026-10-08,2026-11-04,90,27,11.415783080279676,11.67246266295025,11.415783080279676,9.69,10.645744332267952,7.5584123663748475,13.747133590374846,HIBRIDO_ANALOGO_CLIM,ANALOGO_ESTADO_V2_HIBRIDO_CLIMATOLOGIA,30,10,2.7896150849556456,OK_ANALOGOS_CONTINUIDAD_CORREGIDA,-0.09052379037484748,0.09052379037484748,0.0,CORREGIDO_ANCLA_OBSERVADO
2026-10-09,PUERTO ALEGRIA,1044.0,2026-10-08,2026-11-05,90,28,11.446325794396579,11.701308376445201,11.446325794396579,9.69,10.68137804825071,7.555260462374848,13.757024774374846,HIBRIDO_ANALOGO_CLIM,ANALOGO_ESTADO_V2_HIBRIDO_CLIMATOLOGIA,30,10,2.7896150849556456,OK_ANALOGOS_CONTINUIDAD_CORREGIDA,-0.09052379037484748,0.09052379037484748,0.0,CORREGIDO_ANCLA_OBSERVADO
2026-10-09,PUERTO ALEGRIA,1044.0,2026-10-08,2026-11-06,90,29,11.47861884624094,11.72583693644343,11.47861884624094,9.69,10.736964575633468,7.520901822374847,13.885641574174846,HIBRIDO_ANALOGO_CLIM,ANALOGO_ESTADO_V2_HIBRIDO_CLIMATOLOGIA,30,10,2.7896150849556456,OK_ANALOGOS_CONTINUIDAD_CORREGIDA,-0.09052379037484748,0.09052379037484748,0.0,CORREGIDO_ANCLA_OBSERVADO
2026-10-09,PUERTO ALEGRIA,1044.0,2026-10-08,2026-11-07,90,30,11.514932807885522,11.753910896535057,11.514932807885522,9.69,10.797998541936916,7.442484246374847,14.128651325414845,HIBRIDO_ANALOGO_CLIM,ANALOGO_ESTADO_V2_HIBRIDO_CLIMATOLOGIA,30,10,2.7896150849556456,OK_ANALOGOS_CONTINUIDAD_CORREGIDA,-0.09052379037484748,0.09052379037484748,0.0,CORREGIDO_ANCLA_OBSERVADO
2026-10-09,PUERTO ALEGRIA,1044.0,2026-10-08,2026-11-08,90,31,11.560074884713748,11.800225992520902,11.560074884713748,9.69,10.87060880100933,7.381632510374847,14.345540799974847,HIBRIDO_ANALOGO_CLIM,ANALOGO_ESTADO_V2_HIBRIDO_CLIMATOLOGIA,30,10,2.7896150849556456,OK_ANALOGOS_CONTINUIDAD_CORREGIDA,-0.09052379037484748,0.09052379037484748,0.0,CORREGIDO_ANCLA_OBSERVADO
2026-10-09,PUERTO ALEGRIA,1044.0,2026-10-08,2026-11-09,90,32,11.60285109452486,11.839595394260915,11.60285109452486,9.69,10.95180427025071,7.319949518374847,14.423364040934848,HIBRIDO_ANALOGO_CLIM,ANALOGO_ESTADO_V2_HIBRIDO_CLIMATOLOGIA,30,10,2.7896150849556456,OK_ANALOGOS_CONTINUIDAD_CORREGIDA,-0.09052379037484748,0.09052379037484748,0.0,CORREGIDO_ANCLA_OBSERVADO
2026-10-09,PUERTO ALEGRIA,1044.0,2026-10-08,2026-11-10,90,33,11.649701720796878,11.885747633287043,11.649701720796878,9.69,11.027398860595538,7.314930158374847,14.526719330974847,HIBRIDO_ANALOGO_CLIM,ANALOGO_ESTADO_V2_HIBRIDO_CLIMATOLOGIA,30,10,2.7896150849556456,OK_ANALOGOS_CONTINUIDAD_CORREGIDA,-0.09052379037484748,0.09052379037484748,0.0,CORREGIDO_ANCLA_OBSERVADO
2026-10-09,PUERTO ALEGRIA,1044.0,2026-10-08,2026-11-11,90,34,11.69263555339154,11.92675825003118,11.69263555339154,9.69,11.100442850126571,7.393910598374848,14.544781241374848,HIBRIDO_ANALOGO_CLIM,ANALOGO_ESTADO_V2_HIBRIDO_CLIMATOLOGIA,30,10,2.7896150849556456,OK_ANALOGOS_CONTINUIDAD_CORREGIDA,-0.09052379037484748,0.09052379037484748,0.0,CORREGIDO_ANCLA_OBSERVADO
2026-10-09,PUERTO ALEGRIA,1044.0,2026-10-08,2026-11-12,90,35,11.756272125397269,11.997036850810556,11.756272125397269,9.69,11.17155779225071,7.195736054374847,14.776724383934846,HIBRIDO_ANALOGO_CLIM,ANALOGO_ESTADO_V2_HIBRIDO_CLIMATOLOGIA,30,10,2.7896150849556456,OK_ANALOGOS_CONTINUIDAD_CORREGIDA,-0.09052379037484748,0.09052379037484748,0.0,CORREGIDO_ANCLA_OBSERVADO
2026-10-09,PUERTO ALEGRIA,1044.0,2026-10-08,2026-11-13,90,36,11.886775104445626,12.160437941605515,11.886775104445626,9.69,11.248228484405882,7.839408310374846,14.964752957374847,HIBRIDO_ANALOGO_CLIM,ANALOGO_ESTADO_V2_HIBRIDO_CLIMATOLOGIA,30,10,2.7896150849556456,OK_ANALOGOS_CONTINUIDAD_CORREGIDA,-0.09052379037484748,0.09052379037484748,0.0,CORREGIDO_ANCLA_OBSERVADO
2026-10-09,PUERTO ALEGRIA,1044.0,2026-10-08,2026-11-14,90,37,11.974600262181134,12.261743864282565,11.974600262181134,9.69,11.330467316926573,8.000023374374848,15.030429142374848,HIBRIDO_ANALOGO_CLIM,ANALOGO_ESTADO_V2_HIBRIDO_CLIMATOLOGIA,30,10,2.7896150849556456,OK_ANALOGOS_CONTINUIDAD_CORREGIDA,-0.09052379037484748,0.09052379037484748,0.0,CORREGIDO_ANCLA_OBSERVADO
2026-10-09,PUERTO ALEGRIA,1044.0,2026-10-08,2026-11-15,90,38,12.082197785452072,12.391501004365066,12.082197785452072,9.69,11.414753997271399,8.106807638374848,15.144664296934847,HIBRIDO_ANALOGO_CLIM,ANALOGO_ESTADO_V2_HIBRIDO_CLIMATOLOGIA,30,10,2.7896150849556456,OK_ANALOGOS_CONTINUIDAD_CORREGIDA,-0.09052379037484748,0.09052379037484748,0.0,CORREGIDO_ANCLA_OBSERVADO
2026-10-09,PUERTO ALEGRIA,1044.0,2026-10-08,2026-11-16,90,39,12.211160831168657,12.555028148073848,12.211160831168657,9.69,11.49697486528864,8.157428638374848,15.426653916774846,HIBRIDO_ANALOGO_CLIM,ANALOGO_ESTADO_V2_HIBRIDO_CLIMATOLOGIA,30,10,2.7896150849556456,OK_ANALOGOS_CONTINUIDAD_CORREGIDA,-0.09052379037484748,0.09052379037484748,0.0,CORREGIDO_ANCLA_OBSERVADO
2026-10-09,PUERTO ALEGRIA,1044.0,2026-10-08,2026-11-17,90,40,12.316676378997736,12.687332642964352,12.316676378997736,9.69,11.575363851064502,8.125384910374848,15.585089931174847,HIBRIDO_ANALOGO_CLIM,ANALOGO_ESTADO_V2_HIBRIDO_CLIMATOLOGIA,30,10,2.7896150849556456,OK_ANALOGOS_CONTINUIDAD_CORREGIDA,-0.09052379037484748,0.09052379037484748,0.0,CORREGIDO_ANCLA_OBSERVADO
2026-10-09,PUERTO ALEGRIA,1044.0,2026-10-08,2026-11-18,90,41,12.398205420715152,12.793513613278277,12.398205420715152,9.69,11.636514025288642,8.103309942374846,15.669586723934847,HIBRIDO_ANALOGO_CLIM,ANALOGO_ESTADO_V2_HIBRIDO_CLIMATOLOGIA,30,10,2.7896150849556456,OK_ANALOGOS_CONTINUIDAD_CORREGIDA,-0.09052379037484748,0.09052379037484748,0.0,CORREGIDO_ANCLA_OBSERVADO
2026-10-09,PUERTO ALEGRIA,1044.0,2026-10-08,2026-11-19,90,42,12.46465419801986,12.884098549377786,12.46465419801986,9.69,11.68568611692657,7.997475758374848,15.754683930174847,HIBRIDO_ANALOGO_CLIM,ANALOGO_ESTADO_V2_HIBRIDO_CLIMATOLOGIA,30,10,2.7896150849556456,OK_ANALOGOS_CONTINUIDAD_CORREGIDA,-0.09052379037484748,0.09052379037484748,0.0,CORREGIDO_ANCLA_OBSERVADO
2026-10-09,PUERTO ALEGRIA,1044.0,2026-10-08,2026-11-20,90,43,12.525141669527018,12.974344332636537,12.525141669527018,9.69,11.720755505354157,7.899239014374847,15.817446448574847,HIBRIDO_ANALOGO_CLIM,ANALOGO_ESTADO_V2_HIBRIDO_CLIMATOLOGIA,30,10,2.7896150849556456,OK_ANALOGOS_CONTINUIDAD_CORREGIDA,-0.09052379037484748,0.09052379037484748,0.0,CORREGIDO_ANCLA_OBSERVADO
2026-10-09,PUERTO ALEGRIA,1044.0,2026-10-08,2026-11-21,90,44,12.568141915513172,13.04224819621594,12.568141915513172,9.69,11.749231067026571,7.801033694374848,15.903882451934848,HIBRIDO_ANALOGO_CLIM,ANALOGO_ESTADO_V2_HIBRIDO_CLIMATOLOGIA,30,10,2.7896150849556456,OK_ANALOGOS_CONTINUIDAD_CORREGIDA,-0.09052379037484748,0.09052379037484748,0.0,CORREGIDO_ANCLA_OBSERVADO
2026-10-09,PUERTO ALEGRIA,1044.0,2026-10-08,2026-11-22,90,45,12.602856692988725,13.09781232181567,12.602856692988725,9.69,11.777930644943813,7.699571670374846,15.980201735934846,HIBRIDO_ANALOGO_CLIM,ANALOGO_ESTADO_V2_HIBRIDO_CLIMATOLOGIA,30,10,2.7896150849556456,OK_ANALOGOS_CONTINUIDAD_CORREGIDA,-0.09052379037484748,0.09052379037484748,0.0,CORREGIDO_ANCLA_OBSERVADO
2026-10-09,PUERTO ALEGRIA,1044.0,2026-10-08,2026-11-23,90,46,12.63831962860997,13.140933824407666,12.63831962860997,9.69,11.82976635710933,7.616054446374847,16.05621603293485,HIBRIDO_ANALOGO_CLIM,ANALOGO_ESTADO_V2_HIBRIDO_CLIMATOLOGIA,30,10,2.7896150849556456,OK_ANALOGOS_CONTINUIDAD_CORREGIDA,-0.09052379037484748,0.09052379037484748,0.0,CORREGIDO_ANCLA_OBSERVADO
2026-10-09,PUERTO ALEGRIA,1044.0,2026-10-08,2026-11-24,90,47,12.65846840696626,13.175836167894035,12.65846840696626,9.69,11.854897203823123,7.528200798374847,16.187767520934848,HIBRIDO_ANALOGO_CLIM,ANALOGO_ESTADO_V2_HIBRIDO_CLIMATOLOGIA,30,10,2.7896150849556456,OK_ANALOGOS_CONTINUIDAD_CORREGIDA,-0.09052379037484748,0.09052379037484748,0.0,CORREGIDO_ANCLA_OBSERVADO
2026-10-09,PUERTO ALEGRIA,1044.0,2026-10-08,2026-11-25,90,48,12.67845195149476,13.200922357657458,12.67845195149476,9.69,11.894746342250711,7.465510678374847,16.341427342824844,HIBRIDO_ANALOGO_CLIM,ANALOGO_ESTADO_V2_HIBRIDO_CLIMATOLOGIA,30,10,2.7896150849556456,OK_ANALOGOS_CONTINUIDAD_CORREGIDA,-0.09052379037484748,0.09052379037484748,0.0,CORREGIDO_ANCLA_OBSERVADO
2026-10-09,PUERTO ALEGRIA,1044.0,2026-10-08,2026-11-26,90,49,12.68868794721845,13.207152278298178,12.68868794721845,9.69,11.93744371238864,7.4186238863748475,16.437368580824845,HIBRIDO_ANALOGO_CLIM,ANALOGO_ESTADO_V2_HIBRIDO_CLIMATOLOGIA,30,10,2.7896150849556456,OK_ANALOGOS_CONTINUIDAD_CORREGIDA,-0.09052379037484748,0.09052379037484748,0.0,CORREGIDO_ANCLA_OBSERVADO
2026-10-09,PUERTO ALEGRIA,1044.0,2026-10-08,2026-11-27,90,50,12.708915614682853,13.219664447503842,12.708915614682853,9.69,11.993867248733467,7.352372446374848,16.567667488777346,HIBRIDO_ANALOGO_CLIM,ANALOGO_ESTADO_V2_HIBRIDO_CLIMATOLOGIA,30,10,2.7896150849556456,OK_ANALOGOS_CONTINUIDAD_CORREGIDA,-0.09052379037484748,0.09052379037484748,0.0,CORREGIDO_ANCLA_OBSERVADO
2026-10-09,PUERTO ALEGRIA,1044.0,2026-10-08,2026-11-28,90,51,12.718355238864936,13.216144637941419,12.718355238864936,9.69,12.044875463643812,7.270956902374848,16.485826170824843,HIBRIDO_ANALOGO_CLIM,ANALOGO_ESTADO_V2_HIBRIDO_CLIMATOLOGIA,30,10,2.7896150849556456,OK_ANALOGOS_CONTINUIDAD_CORREGIDA,-0.09052379037484748,0.09052379037484748,0.0,CORREGIDO_ANCLA_OBSERVADO
2026-10-09,PUERTO ALEGRIA,1044.0,2026-10-08,2026-11-29,90,52,12.725187423318404,13.205365381122302,12.725187423318404,9.69,12.097262401574847,7.251250982374847,16.47078622941484,HIBRIDO_ANALOGO_CLIM,ANALOGO_ESTADO_V2_HIBRIDO_CLIMATOLOGIA,30,10,2.7896150849556456,OK_ANALOGOS_CONTINUIDAD_CORREGIDA,-0.09052379037484748,0.09052379037484748,0.0,CORREGIDO_ANCLA_OBSERVADO
2026-10-09,PUERTO ALEGRIA,1044.0,2026-10-08,2026-11-30,90,53,12.733386027003776,13.207780436853218,12.733386027003776,9.69,12.13367988625071,7.2179959423748485,16.474359796664842,HIBRIDO_ANALOGO_CLIM,ANALOGO_ESTADO_V2_HIBRIDO_CLIMATOLOGIA,30,10,2.7896150849556456,OK_ANALOGOS_CONTINUIDAD_CORREGIDA,-0.09052379037484748,0.09052379037484748,0.0,CORREGIDO_ANCLA_OBSERVADO
2026-10-09,PUERTO ALEGRIA,1044.0,2026-10-08,2026-12-01,90,54,12.762737004538602,13.211880804586063,12.762737004538602,9.69,12.213783471147261,7.1665639423748475,16.51032154166485,HIBRIDO_ANALOGO_CLIM,ANALOGO_ESTADO_V2_HIBRIDO_CLIMATOLOGIA,30,10,2.7896150849556456,OK_ANALOGOS_CONTINUIDAD_CORREGIDA,-0.09052379037484748,0.09052379037484748,0.0,CORREGIDO_ANCLA_OBSERVADO
2026-10-09,PUERTO ALEGRIA,1044.0,2026-10-08,2026-12-02,90,55,12.797281607642981,13.238516475984186,12.797281607642981,9.69,12.27582221778519,7.102948230374847,16.59724195542485,HIBRIDO_ANALOGO_CLIM,ANALOGO_ESTADO_V2_HIBRIDO_CLIMATOLOGIA,30,10,2.7896150849556456,OK_ANALOGOS_CONTINUIDAD_CORREGIDA,-0.09052379037484748,0.09052379037484748,0.0,CORREGIDO_ANCLA_OBSERVADO
2026-10-09,PUERTO ALEGRIA,1044.0,2026-10-08,2026-12-03,90,56,12.82163893490006,13.2519006287204,12.82163893490006,9.69,12.329911284819675,7.063771366374848,16.65031061977485,HIBRIDO_ANALOGO_CLIM,ANALOGO_ESTADO_V2_HIBRIDO_CLIMATOLOGIA,30,10,2.7896150849556456,OK_ANALOGOS_CONTINUIDAD_CORREGIDA,-0.09052379037484748,0.09052379037484748,0.0,CORREGIDO_ANCLA_OBSERVADO
2026-10-09,PUERTO ALEGRIA,1044.0,2026-10-08,2026-12-04,90,57,12.851912347752535,13.2716698193977,12.851912347752535,9.69,12.38796987909209,7.045315406374847,16.732704863624846,HIBRIDO_ANALOGO_CLIM,ANALOGO_ESTADO_V2_HIBRIDO_CLIMATOLOGIA,30,10,2.7896150849556456,OK_ANALOGOS_CONTINUIDAD_CORREGIDA,-0.09052379037484748,0.09052379037484748,0.0,CORREGIDO_ANCLA_OBSERVADO
2026-10-09,PUERTO ALEGRIA,1044.0,2026-10-08,2026-12-05,90,58,12.88658160158443,13.300267283396623,12.88658160158443,9.69,12.444365872750708,7.134317686374847,16.89737815682485,HIBRIDO_ANALOGO_CLIM,ANALOGO_ESTADO_V2_HIBRIDO_CLIMATOLOGIA,30,10,2.7896150849556456,OK_ANALOGOS_CONTINUIDAD_CORREGIDA,-0.09052379037484748,0.09052379037484748,0.0,CORREGIDO_ANCLA_OBSERVADO
2026-10-09,PUERTO ALEGRIA,1044.0,2026-10-08,2026-12-06,90,59,12.908368126778505,13.305310227042302,12.908368126778505,9.69,12.497970362098986,7.305753302374846,16.946340512224843,HIBRIDO_ANALOGO_CLIM,ANALOGO_ESTADO_V2_HIBRIDO_CLIMATOLOGIA,30,10,2.7896150849556456,OK_ANALOGOS_CONTINUIDAD_CORREGIDA,-0.09052379037484748,0.09052379037484748,0.0,CORREGIDO_ANCLA_OBSERVADO
2026-10-09,PUERTO ALEGRIA,1044.0,2026-10-08,2026-12-07,90,60,12.936820007566338,13.317851503626793,12.936820007566338,9.69,12.555788511505881,7.420179718374847,16.992073997424846,HIBRIDO_ANALOGO_CLIM,ANALOGO_ESTADO_V2_HIBRIDO_CLIMATOLOGIA,30,10,2.7896150849556456,OK_ANALOGOS_CONTINUIDAD_CORREGIDA,-0.09052379037484748,0.09052379037484748,0.0,CORREGIDO_ANCLA_OBSERVADO
2026-10-09,PUERTO ALEGRIA,1044.0,2026-10-08,2026-12-08,90,61,12.987358501010304,13.34581847124831,12.987358501010304,9.69,12.640651316681744,7.548238638374847,17.10599488766485,HIBRIDO_ANALOGO_CLIM,ANALOGO_ESTADO_V2_HIBRIDO_CLIMATOLOGIA,30,10,2.7896150849556456,OK_ANALOGOS_CONTINUIDAD_CORREGIDA,-0.09052379037484748,0.09052379037484748,0.0,CORREGIDO_ANCLA_OBSERVADO
2026-10-09,PUERTO ALEGRIA,1044.0,2026-10-08,2026-12-09,90,62,13.01453070290429,13.336223194233744,13.01453070290429,9.69,12.713592565854157,7.676007998374848,17.19459920542485,HIBRIDO_ANALOGO_CLIM,ANALOGO_ESTADO_V2_HIBRIDO_CLIMATOLOGIA,30,10,2.7896150849556456,OK_ANALOGOS_CONTINUIDAD_CORREGIDA,-0.09052379037484748,0.09052379037484748,0.0,CORREGIDO_ANCLA_OBSERVADO
2026-10-09,PUERTO ALEGRIA,1044.0,2026-10-08,2026-12-10,90,63,13.051494978689137,13.332132653241953,13.051494978689137,9.69,12.797584701712779,7.760477510374846,17.32211003817485,HIBRIDO_ANALOGO_CLIM,ANALOGO_ESTADO_V2_HIBRIDO_CLIMATOLOGIA,30,10,2.7896150849556456,OK_ANALOGOS_CONTINUIDAD_CORREGIDA,-0.09052379037484748,0.09052379037484748,0.0,CORREGIDO_ANCLA_OBSERVADO
2026-10-09,PUERTO ALEGRIA,1044.0,2026-10-08,2026-12-11,90,64,13.099580411108544,13.355094063580552,13.099580411108544,9.69,12.876005965195537,7.846395558374848,17.460303141414848,HIBRIDO_ANALOGO_CLIM,ANALOGO_ESTADO_V2_HIBRIDO_CLIMATOLOGIA,30,10,2.7896150849556456,OK_ANALOGOS_CONTINUIDAD_CORREGIDA,-0.09052379037484748,0.09052379037484748,0.0,CORREGIDO_ANCLA_OBSERVADO
2026-10-09,PUERTO ALEGRIA,1044.0,2026-10-08,2026-12-12,90,65,13.138823859699238,13.36747708381082,13.138823859699238,9.69,12.945348054681745,7.879695974374847,17.60859084166485,HIBRIDO_ANALOGO_CLIM,ANALOGO_ESTADO_V2_HIBRIDO_CLIMATOLOGIA,30,10,2.7896150849556456,OK_ANALOGOS_CONTINUIDAD_CORREGIDA,-0.09052379037484748,0.09052379037484748,0.0,CORREGIDO_ANCLA_OBSERVADO
2026-10-09,PUERTO ALEGRIA,1044.0,2026-10-08,2026-12-13,90,66,13.194734565164469,13.41695651020657,13.194734565164469,9.69,13.01291661013002,7.903934438374848,17.757429405414847,HIBRIDO_ANALOGO_CLIM,ANALOGO_ESTADO_V2_HIBRIDO_CLIMATOLOGIA,30,10,2.7896150849556456,OK_ANALOGOS_CONTINUIDAD_CORREGIDA,-0.09052379037484748,0.09052379037484748,0.0,CORREGIDO_ANCLA_OBSERVADO
2026-10-09,PUERTO ALEGRIA,1044.0,2026-10-08,2026-12-14,90,67,13.233472325878163,13.430668112900047,13.233472325878163,9.69,13.077481628681745,7.893795470374847,17.797554335934848,HIBRIDO_ANALOGO_CLIM,ANALOGO_ESTADO_V2_HIBRIDO_CLIMATOLOGIA,30,10,2.7896150849556456,OK_ANALOGOS_CONTINUIDAD_CORREGIDA,-0.09052379037484748,0.09052379037484748,0.0,CORREGIDO_ANCLA_OBSERVADO
2026-10-09,PUERTO ALEGRIA,1044.0,2026-10-08,2026-12-15,90,68,13.271761162937894,13.45197955707445,13.271761162937894,9.69,13.133947096833468,7.863601478374848,17.884196202024846,HIBRIDO_ANALOGO_CLIM,ANALOGO_ESTADO_V2_HIBRIDO_CLIMATOLOGIA,30,10,2.7896150849556456,OK_ANALOGOS_CONTINUIDAD_CORREGIDA,-0.09052379037484748,0.09052379037484748,0.0,CORREGIDO_ANCLA_OBSERVADO
2026-10-09,PUERTO ALEGRIA,1044.0,2026-10-08,2026-12-16,90,69,13.314082808803182,13.472691126512105,13.314082808803182,9.69,13.196850573974848,7.819960070374847,17.99603146457485,HIBRIDO_ANALOGO_CLIM,ANALOGO_ESTADO_V2_HIBRIDO_CLIMATOLOGIA,30,10,2.7896150849556456,OK_ANALOGOS_CONTINUIDAD_CORREGIDA,-0.09052379037484748,0.09052379037484748,0.0,CORREGIDO_ANCLA_OBSERVADO
2026-10-09,PUERTO ALEGRIA,1044.0,2026-10-08,2026-12-17,90,70,13.3540934270965,13.488157476725432,13.3540934270965,9.69,13.258333391647263,7.771215710374847,18.060599848574846,HIBRIDO_ANALOGO_CLIM,ANALOGO_ESTADO_V2_HIBRIDO_CLIMATOLOGIA,30,10,2.7896150849556456,OK_ANALOGOS_CONTINUIDAD_CORREGIDA,-0.09052379037484748,0.09052379037484748,0.0,CORREGIDO_ANCLA_OBSERVADO
2026-10-09,PUERTO ALEGRIA,1044.0,2026-10-08,2026-12-18,90,71,13.393679970479122,13.524793117583133,13.393679970479122,9.69,13.303193432336917,7.733920886374848,18.088352982374843,HIBRIDO_ANALOGO_CLIM,ANALOGO_ESTADO_V2_HIBRIDO_CLIMATOLOGIA,30,10,2.7896150849556456,OK_ANALOGOS_CONTINUIDAD_CORREGIDA,-0.09052379037484748,0.09052379037484748,0.0,CORREGIDO_ANCLA_OBSERVADO
2026-10-09,PUERTO ALEGRIA,1044.0,2026-10-08,2026-12-19,90,72,13.445497748628599,13.577045096988538,13.445497748628599,9.69,13.35779951638864,7.702613118374847,18.160399952934846,HIBRIDO_ANALOGO_CLIM,ANALOGO_ESTADO_V2_HIBRIDO_CLIMATOLOGIA,30,10,2.7896150849556456,OK_ANALOGOS_CONTINUIDAD_CORREGIDA,-0.09052379037484748,0.09052379037484748,0.0,CORREGIDO_ANCLA_OBSERVADO
2026-10-09,PUERTO ALEGRIA,1044.0,2026-10-08,2026-12-20,90,73,13.490289331303215,13.616749938704647,13.490289331303215,9.69,13.408869488181743,7.740770942374848,18.185678360934844,HIBRIDO_ANALOGO_CLIM,ANALOGO_ESTADO_V2_HIBRIDO_CLIMATOLOGIA,30,10,2.7896150849556456,OK_ANALOGOS_CONTINUIDAD_CORREGIDA,-0.09052379037484748,0.09052379037484748,0.0,CORREGIDO_ANCLA_OBSERVADO
2026-10-09,PUERTO ALEGRIA,1044.0,2026-10-08,2026-12-21,90,74,13.535620439265209,13.664201580101428,13.535620439265209,9.69,13.45569162198864,7.863601478374848,18.222209160934845,HIBRIDO_ANALOGO_CLIM,ANALOGO_ESTADO_V2_HIBRIDO_CLIMATOLOGIA,30,10,2.7896150849556456,OK_ANALOGOS_CONTINUIDAD_CORREGIDA,-0.09052379037484748,0.09052379037484748,0.0,CORREGIDO_ANCLA_OBSERVADO
2026-10-09,PUERTO ALEGRIA,1044.0,2026-10-08,2026-12-22,90,75,13.571712972895503,13.694705652677053,13.571712972895503,9.69,13.49791736502657,8.019532654374846,18.222209160934845,HIBRIDO_ANALOGO_CLIM,ANALOGO_ESTADO_V2_HIBRIDO_CLIMATOLOGIA,30,10,2.7896150849556456,OK_ANALOGOS_CONTINUIDAD_CORREGIDA,-0.09052379037484748,0.09052379037484748,0.0,CORREGIDO_ANCLA_OBSERVADO
2026-10-09,PUERTO ALEGRIA,1044.0,2026-10-08,2026-12-23,90,76,13.630718092093426,13.775375553996046,13.630718092093426,9.69,13.546969035202434,8.209151750374847,18.222209160934845,HIBRIDO_ANALOGO_CLIM,ANALOGO_ESTADO_V2_HIBRIDO_CLIMATOLOGIA,30,10,2.7896150849556456,OK_ANALOGOS_CONTINUIDAD_CORREGIDA,-0.09052379037484748,0.09052379037484748,0.0,CORREGIDO_ANCLA_OBSERVADO
2026-10-09,PUERTO ALEGRIA,1044.0,2026-10-08,2026-12-24,90,77,13.678522955663793,13.79128749331104,13.678522955663793,9.69,13.615550551523123,8.375964158374847,18.261445119974844,HIBRIDO_ANALOGO_CLIM,ANALOGO_ESTADO_V2_HIBRIDO_CLIMATOLOGIA,30,10,2.7896150849556456,OK_ANALOGOS_CONTINUIDAD_CORREGIDA,-0.09052379037484748,0.09052379037484748,0.0,CORREGIDO_ANCLA_OBSERVADO
2026-10-09,PUERTO ALEGRIA,1044.0,2026-10-08,2026-12-25,90,78,13.739453459819366,13.84472516737446,13.739453459819366,9.69,13.682768694212777,8.545739902374848,18.266550176574846,HIBRIDO_ANALOGO_CLIM,ANALOGO_ESTADO_V2_HIBRIDO_CLIMATOLOGIA,30,10,2.7896150849556456,OK_ANALOGOS_CONTINUIDAD_CORREGIDA,-0.09052379037484748,0.09052379037484748,0.0,CORREGIDO_ANCLA_OBSERVADO
2026-10-09,PUERTO ALEGRIA,1044.0,2026-10-08,2026-12-26,90,79,13.7990484773897,13.88695562596079,13.7990484773897,9.69,13.75342578003002,8.670535342374848,18.260971448184847,HIBRIDO_ANALOGO_CLIM,ANALOGO_ESTADO_V2_HIBRIDO_CLIMATOLOGIA,30,10,2.7896150849556456,OK_ANALOGOS_CONTINUIDAD_CORREGIDA,-0.09052379037484748,0.09052379037484748,0.0,CORREGIDO_ANCLA_OBSERVADO
2026-10-09,PUERTO ALEGRIA,1044.0,2026-10-08,2026-12-27,90,80,13.855308865645723,13.919519154808158,13.855308865645723,9.69,13.823203721064504,8.784724070374846,18.22458853817485,HIBRIDO_ANALOGO_CLIM,ANALOGO_ESTADO_V2_HIBRIDO_CLIMATOLOGIA,30,10,2.7896150849556456,OK_ANALOGOS_CONTINUIDAD_CORREGIDA,-0.09052379037484748,0.09052379037484748,0.0,CORREGIDO_ANCLA_OBSERVADO
2026-10-09,PUERTO ALEGRIA,1044.0,2026-10-08,2026-12-28,90,81,13.908803203263249,13.951096592233057,13.908803203263249,9.69,13.888439719685193,8.846686894374846,18.205147576574845,HIBRIDO_ANALOGO_CLIM,ANALOGO_ESTADO_V2_HIBRIDO_CLIMATOLOGIA,30,10,2.7896150849556456,OK_ANALOGOS_CONTINUIDAD_CORREGIDA,-0.09052379037484748,0.09052379037484748,0.0,CORREGIDO_ANCLA_OBSERVADO
2026-10-09,PUERTO ALEGRIA,1044.0,2026-10-08,2026-12-29,90,82,13.95879252865589,13.973941925653637,13.95879252865589,9.69,13.951772076388641,8.865265094374848,18.185022987174847,HIBRIDO_ANALOGO_CLIM,ANALOGO_ESTADO_V2_HIBRIDO_CLIMATOLOGIA,30,10,2.7896150849556456,OK_ANALOGOS_CONTINUIDAD_CORREGIDA,-0.09052379037484748,0.09052379037484748,0.0,CORREGIDO_ANCLA_OBSERVADO
2026-10-09,PUERTO ALEGRIA,1044.0,2026-10-08,2026-12-30,90,83,13.999514658851645,13.998215745287109,13.999514658851645,9.69,14.00009369260933,8.844574958374848,18.16957977062485,HIBRIDO_ANALOGO_CLIM,ANALOGO_ESTADO_V2_HIBRIDO_CLIMATOLOGIA,30,10,2.7896150849556456,OK_ANALOGOS_CONTINUIDAD_CORREGIDA,-0.09052379037484748,0.09052379037484748,0.0,CORREGIDO_ANCLA_OBSERVADO
2026-10-09,PUERTO ALEGRIA,1044.0,2026-10-08,2026-12-31,90,84,14.033361312757277,14.021516491479497,14.033361312757277,9.69,14.038437664733468,8.802836014374847,18.123196406184846,HIBRIDO_ANALOGO_CLIM,ANALOGO_ESTADO_V2_HIBRIDO_CLIMATOLOGIA,30,10,2.7896150849556456,OK_ANALOGOS_CONTINUIDAD_CORREGIDA,-0.09052379037484748,0.09052379037484748,0.0,CORREGIDO_ANCLA_OBSERVADO
2026-10-09,PUERTO ALEGRIA,1044.0,2026-10-08,2027-01-01,90,85,14.10686345875815,14.075933271983786,14.10686345875815,9.69,14.119599418018181,8.779934158374846,18.08724199493485,HIBRIDO_ANALOGO_CLIM,ANALOGO_ESTADO_V2_HIBRIDO_CLIMATOLOGIA,30,10,2.7896150849556456,OK_ANALOGOS_CONTINUIDAD_CORREGIDA,-0.09052379037484748,0.09052379037484748,0.0,CORREGIDO_ANCLA_OBSERVADO
2026-10-09,PUERTO ALEGRIA,1044.0,2026-10-08,2027-01-02,90,86,14.126921356803814,14.117172010678061,14.126921356803814,9.69,14.13077574945818,8.829234198374847,18.03880729917485,HIBRIDO_ANALOGO_CLIM,ANALOGO_ESTADO_V2_HIBRIDO_CLIMATOLOGIA,30,10,2.7896150849556456,OK_ANALOGOS_CONTINUIDAD_CORREGIDA,-0.09052379037484748,0.09052379037484748,0.0,CORREGIDO_ANCLA_OBSERVADO
2026-10-09,PUERTO ALEGRIA,1044.0,2026-10-08,2027-01-03,90,87,14.159927512264396,14.166838839480484,14.159927512264396,9.69,14.157305974354847,8.823942814374847,17.994870185574847,HIBRIDO_ANALOGO_CLIM,ANALOGO_ESTADO_V2_HIBRIDO_CLIMATOLOGIA,30,10,2.7896150849556456,OK_ANALOGOS_CONTINUIDAD_CORREGIDA,-0.09052379037484748,0.09052379037484748,0.0,CORREGIDO_ANCLA_OBSERVADO
2026-10-09,PUERTO ALEGRIA,1044.0,2026-10-08,2027-01-04,90,88,14.19096710979555,14.206039710124141,14.19096710979555,9.69,14.185486164221514,8.807326054374848,18.024616608934842,HIBRIDO_ANALOGO_CLIM,ANALOGO_ESTADO_V2_HIBRIDO_CLIMATOLOGIA,30,10,2.7896150849556456,OK_ANALOGOS_CONTINUIDAD_CORREGIDA,-0.09052379037484748,0.09052379037484748,0.0,CORREGIDO_ANCLA_OBSERVADO
2026-10-09,PUERTO ALEGRIA,1044.0,2026-10-08,2027-01-05,90,89,14.229704900393594,14.244799871071388,14.229704900393594,9.69,14.224447101618182,8.808732598374847,17.977471665574846,HIBRIDO_ANALOGO_CLIM,ANALOGO_ESTADO_V2_HIBRIDO_CLIMATOLOGIA,30,10,2.7896150849556456,OK_ANALOGOS_CONTINUIDAD_CORREGIDA,-0.09052379037484748,0.09052379037484748,0.0,CORREGIDO_ANCLA_OBSERVADO
2026-10-09,PUERTO ALEGRIA,1044.0,2026-10-08,2027-01-06,90,90,14.274130895432693,14.284812020586221,14.274130895432693,9.69,14.270570520381515,8.841115678374846,17.931081200934848,HIBRIDO_ANALOGO_CLIM,ANALOGO_ESTADO_V2_HIBRIDO_CLIMATOLOGIA,30,10,2.7896150849556456,OK_ANALOGOS_CONTINUIDAD_CORREGIDA,-0.09052379037484748,0.09052379037484748,0.0,CORREGIDO_ANCLA_OBSERVADO
2026-10-09,REQUENA,4.0,2026-10-08,2026-10-09,30,1,5.74,6.204739567031921,5.74,5.74,4.345781298904241,6.0986760357463465,6.269676035746346,HIBRIDO_ANALOGO_CLIM,ANALOGO_ESTADO_V2_HIBRIDO_CLIMATOLOGIA,30,10,2.5117474592497393,OK_ANALOGOS_CONTINUIDAD_CORREGIDA,-0.44567603574634607,0.44567603574634607,0.0,CORREGIDO_ANCLA_OBSERVADO
2026-10-09,REQUENA,4.0,2026-10-08,2026-10-10,30,2,5.782067769197078,6.2500053645578495,5.782067769197078,5.74,4.378254983114767,6.023676035746346,6.379676035746346,HIBRIDO_ANALOGO_CLIM,ANALOGO_ESTADO_V2_HIBRIDO_CLIMATOLOGIA,30,10,2.5117474592497393,OK_ANALOGOS_CONTINUIDAD_CORREGIDA,-0.44567603574634607,0.44567603574634607,0.0,CORREGIDO_ANCLA_OBSERVADO
2026-10-09,REQUENA,4.0,2026-10-08,2026-10-11,30,3,5.804080973435782,6.26938261933226,5.804080973435782,5.74,4.4081760357463455,5.934676035746346,6.509976035746345,HIBRIDO_ANALOGO_CLIM,ANALOGO_ESTADO_V2_HIBRIDO_CLIMATOLOGIA,30,10,2.5117474592497393,OK_ANALOGOS_CONTINUIDAD_CORREGIDA,-0.44567603574634607,0.44567603574634607,0.0,CORREGIDO_ANCLA_OBSERVADO
2026-10-09,REQUENA,4.0,2026-10-08,2026-10-12,30,4,5.835429642690603,6.281501020443952,5.835429642690603,5.74,4.497215509430557,5.9176760357463465,6.684276035746346,HIBRIDO_ANALOGO_CLIM,ANALOGO_ESTADO_V2_HIBRIDO_CLIMATOLOGIA,30,10,2.5117474592497393,OK_ANALOGOS_CONTINUIDAD_CORREGIDA,-0.44567603574634607,0.44567603574634607,0.0,CORREGIDO_ANCLA_OBSERVADO
2026-10-09,REQUENA,4.0,2026-10-08,2026-10-13,30,5,5.846509977479963,6.280138835250818,5.846509977479963,5.74,4.545623404167399,5.879676035746346,6.7884760357463465,HIBRIDO_ANALOGO_CLIM,ANALOGO_ESTADO_V2_HIBRIDO_CLIMATOLOGIA,30,10,2.5117474592497393,OK_ANALOGOS_CONTINUIDAD_CORREGIDA,-0.44567603574634607,0.44567603574634607,0.0,CORREGIDO_ANCLA_OBSERVADO
2026-10-09,REQUENA,4.0,2026-10-08,2026-10-14,30,6,5.8857168240009905,6.30215147271745,5.8857168240009905,5.74,4.636412877851609,5.907676035746346,6.837976035746346,HIBRIDO_ANALOGO_CLIM,ANALOGO_ESTADO_V2_HIBRIDO_CLIMATOLOGIA,30,10,2.5117474592497393,OK_ANALOGOS_CONTINUIDAD_CORREGIDA,-0.44567603574634607,0.44567603574634607,0.0,CORREGIDO_ANCLA_OBSERVADO
2026-10-09,REQUENA,4.0,2026-10-08,2026-10-15,30,7,5.961700079832209,6.372673006808198,5.961700079832209,5.74,4.7287812989042415,5.851676035746346,6.809876035746346,HIBRIDO_ANALOGO_CLIM,ANALOGO_ESTADO_V2_HIBRIDO_CLIMATOLOGIA,30,10,2.5117474592497393,OK_ANALOGOS_CONTINUIDAD_CORREGIDA,-0.44567603574634607,0.44567603574634607,0.0,CORREGIDO_ANCLA_OBSERVADO
2026-10-09,REQUENA,4.0,2026-10-08,2026-10-16,30,8,6.0512122622581686,6.460285741270881,6.0512122622581686,5.74,4.8239918252200304,5.859676035746347,7.005676035746347,HIBRIDO_ANALOGO_CLIM,ANALOGO_ESTADO_V2_HIBRIDO_CLIMATOLOGIA,30,10,2.5117474592497393,OK_ANALOGOS_CONTINUIDAD_CORREGIDA,-0.44567603574634607,0.44567603574634607,0.0,CORREGIDO_ANCLA_OBSERVADO
2026-10-09,REQUENA,4.0,2026-10-08,2026-10-17,30,9,6.137316936684555,6.542087587874485,6.137316936684555,5.74,4.923004983114767,5.8826760357463455,7.105776035746346,HIBRIDO_ANALOGO_CLIM,ANALOGO_ESTADO_V2_HIBRIDO_CLIMATOLOGIA,30,10,2.5117474592497393,OK_ANALOGOS_CONTINUIDAD_CORREGIDA,-0.44567603574634607,0.44567603574634607,0.0,CORREGIDO_ANCLA_OBSERVADO
2026-10-09,REQUENA,4.0,2026-10-08,2026-10-18,30,10,6.2074202810209345,6.602949064533516,6.2074202810209345,5.74,5.020833930483188,5.823676035746346,7.245676035746346,HIBRIDO_ANALOGO_CLIM,ANALOGO_ESTADO_V2_HIBRIDO_CLIMATOLOGIA,30,10,2.5117474592497393,OK_ANALOGOS_CONTINUIDAD_CORREGIDA,-0.44567603574634607,0.44567603574634607,0.0,CORREGIDO_ANCLA_OBSERVADO
2026-10-09,REQUENA,4.0,2026-10-08,2026-10-19,30,11,6.278784387762475,6.668267873522238,6.278784387762475,5.74,5.110333930483188,5.765676035746346,7.319276035746346,HIBRIDO_ANALOGO_CLIM,ANALOGO_ESTADO_V2_HIBRIDO_CLIMATOLOGIA,30,10,2.5117474592497393,OK_ANALOGOS_CONTINUIDAD_CORREGIDA,-0.44567603574634607,0.44567603574634607,0.0,CORREGIDO_ANCLA_OBSERVADO
2026-10-09,REQUENA,4.0,2026-10-08,2026-10-20,30,12,6.365416524027698,6.7558914236302545,6.365416524027698,5.74,5.193991825220031,5.717676035746346,7.581676035746346,HIBRIDO_ANALOGO_CLIM,ANALOGO_ESTADO_V2_HIBRIDO_CLIMATOLOGIA,30,10,2.5117474592497393,OK_ANALOGOS_CONTINUIDAD_CORREGIDA,-0.44567603574634607,0.44567603574634607,0.0,CORREGIDO_ANCLA_OBSERVADO
2026-10-09,REQUENA,4.0,2026-10-08,2026-10-21,30,13,6.430800103562825,6.815889705115686,6.430800103562825,5.74,5.275531298904241,5.677676035746346,8.024676035746346,HIBRIDO_ANALOGO_CLIM,ANALOGO_ESTADO_V2_HIBRIDO_CLIMATOLOGIA,30,10,2.5117474592497393,OK_ANALOGOS_CONTINUIDAD_CORREGIDA,-0.44567603574634607,0.44567603574634607,0.0,CORREGIDO_ANCLA_OBSERVADO
2026-10-09,REQUENA,4.0,2026-10-08,2026-10-22,30,14,6.4600468759331555,6.827069612135776,6.4600468759331555,5.74,5.358978667325293,5.639676035746346,8.277676035746346,HIBRIDO_ANALOGO_CLIM,ANALOGO_ESTADO_V2_HIBRIDO_CLIMATOLOGIA,30,10,2.5117474592497393,OK_ANALOGOS_CONTINUIDAD_CORREGIDA,-0.44567603574634607,0.44567603574634607,0.0,CORREGIDO_ANCLA_OBSERVADO
2026-10-09,REQUENA,4.0,2026-10-08,2026-10-23,30,15,6.487309136697049,6.837875433505178,6.487309136697049,5.74,5.435610246272662,5.628676035746346,8.117676035746346,HIBRIDO_ANALOGO_CLIM,ANALOGO_ESTADO_V2_HIBRIDO_CLIMATOLOGIA,30,10,2.5117474592497393,OK_ANALOGOS_CONTINUIDAD_CORREGIDA,-0.44567603574634607,0.44567603574634607,0.0,CORREGIDO_ANCLA_OBSERVADO
2026-10-09,REQUENA,4.0,2026-10-08,2026-10-24,30,16,6.500688014007308,6.829722708515348,6.500688014007308,5.74,5.513583930483188,5.597676035746346,7.923676035746346,HIBRIDO_ANALOGO_CLIM,ANALOGO_ESTADO_V2_HIBRIDO_CLIMATOLOGIA,30,10,2.5117474592497393,OK_ANALOGOS_CONTINUIDAD_CORREGIDA,-0.44567603574634607,0.44567603574634607,0.0,CORREGIDO_ANCLA_OBSERVADO
2026-10-09,REQUENA,4.0,2026-10-08,2026-10-25,30,17,6.505277839326212,6.818390721221255,6.505277839326212,5.74,5.565939193641083,5.549676035746346,7.782276035746347,HIBRIDO_ANALOGO_CLIM,ANALOGO_ESTADO_V2_HIBRIDO_CLIMATOLOGIA,30,10,2.5117474592497393,OK_ANALOGOS_CONTINUIDAD_CORREGIDA,-0.44567603574634607,0.44567603574634607,0.0,CORREGIDO_ANCLA_OBSERVADO
2026-10-09,REQUENA,4.0,2026-10-08,2026-10-26,30,18,6.513754376633474,6.812254174473043,6.513754376633474,5.74,5.618254983114767,5.5106760357463465,7.856276035746346,HIBRIDO_ANALOGO_CLIM,ANALOGO_ESTADO_V2_HIBRIDO_CLIMATOLOGIA,30,10,2.5117474592497393,OK_ANALOGOS_CONTINUIDAD_CORREGIDA,-0.44567603574634607,0.44567603574634607,0.0,CORREGIDO_ANCLA_OBSERVADO
2026-10-09,REQUENA,4.0,2026-10-08,2026-10-27,30,19,6.524417070148819,6.812036888633854,6.524417070148819,5.74,5.661557614693714,5.4546760357463455,7.915676035746347,HIBRIDO_ANALOGO_CLIM,ANALOGO_ESTADO_V2_HIBRIDO_CLIMATOLOGIA,30,10,2.5117474592497393,OK_ANALOGOS_CONTINUIDAD_CORREGIDA,-0.44567603574634607,0.44567603574634607,0.0,CORREGIDO_ANCLA_OBSERVADO
2026-10-09,REQUENA,4.0,2026-10-08,2026-10-28,30,20,6.5344827036206246,6.809804224490998,6.5344827036206246,5.74,5.708518141009504,5.407676035746346,7.991276035746346,HIBRIDO_ANALOGO_CLIM,ANALOGO_ESTADO_V2_HIBRIDO_CLIMATOLOGIA,30,10,2.5117474592497393,OK_ANALOGOS_CONTINUIDAD_CORREGIDA,-0.44567603574634607,0.44567603574634607,0.0,CORREGIDO_ANCLA_OBSERVADO
2026-10-09,REQUENA,4.0,2026-10-08,2026-10-29,30,21,6.571042411861155,6.838287344250303,6.571042411861155,5.74,5.769307614693714,5.3696760357463456,8.051676035746345,HIBRIDO_ANALOGO_CLIM,ANALOGO_ESTADO_V2_HIBRIDO_CLIMATOLOGIA,30,10,2.5117474592497393,OK_ANALOGOS_CONTINUIDAD_CORREGIDA,-0.44567603574634607,0.44567603574634607,0.0,CORREGIDO_ANCLA_OBSERVADO
2026-10-09,REQUENA,4.0,2026-10-08,2026-10-30,30,22,6.649418384442424,6.914823728744627,6.649418384442424,5.74,5.85320235153582,5.3056760357463455,8.135476035746347,HIBRIDO_ANALOGO_CLIM,ANALOGO_ESTADO_V2_HIBRIDO_CLIMATOLOGIA,30,10,2.5117474592497393,OK_ANALOGOS_CONTINUIDAD_CORREGIDA,-0.44567603574634607,0.44567603574634607,0.0,CORREGIDO_ANCLA_OBSERVADO
2026-10-09,REQUENA,4.0,2026-10-08,2026-10-31,30,23,6.7587990647762135,7.015892706031783,6.7587990647762135,5.74,5.987518141009504,5.251676035746346,8.222476035746347,HIBRIDO_ANALOGO_CLIM,ANALOGO_ESTADO_V2_HIBRIDO_CLIMATOLOGIA,30,10,2.5117474592497393,OK_ANALOGOS_CONTINUIDAD_CORREGIDA,-0.44567603574634607,0.44567603574634607,0.0,CORREGIDO_ANCLA_OBSERVADO
2026-10-09,REQUENA,4.0,2026-10-08,2026-11-01,30,24,6.839561656884384,7.133654161227693,6.839561656884384,5.74,5.957284143854454,5.218676035746346,8.296676035746346,HIBRIDO_ANALOGO_CLIM,ANALOGO_ESTADO_V2_HIBRIDO_CLIMATOLOGIA,30,10,2.5117474592497393,OK_ANALOGOS_CONTINUIDAD_CORREGIDA,-0.44567603574634607,0.44567603574634607,0.0,CORREGIDO_ANCLA_OBSERVADO
2026-10-09,REQUENA,4.0,2026-10-08,2026-11-02,30,25,6.966411656736912,7.251139769716673,6.966411656736912,5.74,6.112227317797628,5.177676035746346,8.385976035746346,HIBRIDO_ANALOGO_CLIM,ANALOGO_ESTADO_V2_HIBRIDO_CLIMATOLOGIA,30,10,2.5117474592497393,OK_ANALOGOS_CONTINUIDAD_CORREGIDA,-0.44567603574634607,0.44567603574634607,0.0,CORREGIDO_ANCLA_OBSERVADO
2026-10-09,REQUENA,4.0,2026-10-08,2026-11-03,30,26,7.072128428620338,7.357326234792009,7.072128428620338,5.74,6.2165350101053205,5.161676035746345,8.638676035746347,HIBRIDO_ANALOGO_CLIM,ANALOGO_ESTADO_V2_HIBRIDO_CLIMATOLOGIA,30,10,2.5117474592497393,OK_ANALOGOS_CONTINUIDAD_CORREGIDA,-0.44567603574634607,0.44567603574634607,0.0,CORREGIDO_ANCLA_OBSERVADO
2026-10-09,REQUENA,4.0,2026-10-08,2026-11-04,30,27,7.168875754030654,7.443066258416021,7.168875754030654,5.74,6.346304240874551,5.127676035746346,8.956676035746348,HIBRIDO_ANALOGO_CLIM,ANALOGO_ESTADO_V2_HIBRIDO_CLIMATOLOGIA,30,10,2.5117474592497393,OK_ANALOGOS_CONTINUIDAD_CORREGIDA,-0.44567603574634607,0.44567603574634607,0.0,CORREGIDO_ANCLA_OBSERVADO
2026-10-09,REQUENA,4.0,2026-10-08,2026-11-05,30,28,7.258120188794768,7.515430632973302,7.258120188794768,5.74,6.486188856259166,5.113676035746346,9.286676035746346,HIBRIDO_ANALOGO_CLIM,ANALOGO_ESTADO_V2_HIBRIDO_CLIMATOLOGIA,30,10,2.5117474592497393,OK_ANALOGOS_CONTINUIDAD_CORREGIDA,-0.44567603574634607,0.44567603574634607,0.0,CORREGIDO_ANCLA_OBSERVADO
2026-10-09,REQUENA,4.0,2026-10-08,2026-11-06,30,29,7.332260221411889,7.568843838855957,7.332260221411889,5.74,6.62250936907968,5.120676035746346,9.513676035746347,HIBRIDO_ANALOGO_CLIM,ANALOGO_ESTADO_V2_HIBRIDO_CLIMATOLOGIA,30,10,2.5117474592497393,OK_ANALOGOS_CONTINUIDAD_CORREGIDA,-0.44567603574634607,0.44567603574634607,0.0,CORREGIDO_ANCLA_OBSERVADO
2026-10-09,REQUENA,4.0,2026-10-08,2026-11-07,30,30,7.413277587402682,7.630713147356503,7.413277587402682,5.74,6.760970907541218,5.155676035746346,9.622676035746345,HIBRIDO_ANALOGO_CLIM,ANALOGO_ESTADO_V2_HIBRIDO_CLIMATOLOGIA,30,10,2.5117474592497393,OK_ANALOGOS_CONTINUIDAD_CORREGIDA,-0.44567603574634607,0.44567603574634607,0.0,CORREGIDO_ANCLA_OBSERVADO
2026-10-09,REQUENA,4.0,2026-10-08,2026-10-09,60,1,5.74,6.204799238960692,5.74,5.74,4.345602283117929,6.098497019960035,6.269497019960035,HIBRIDO_ANALOGO_CLIM,ANALOGO_ESTADO_V2_HIBRIDO_CLIMATOLOGIA,30,10,2.5452691716216744,OK_ANALOGOS_CONTINUIDAD_CORREGIDA,-0.4454970199600341,0.4454970199600341,0.0,CORREGIDO_ANCLA_OBSERVADO
2026-10-09,REQUENA,4.0,2026-10-08,2026-10-10,60,2,5.7836509120866415,6.252175893672704,5.7836509120866415,5.74,4.378075967328455,6.023497019960034,6.379497019960034,HIBRIDO_ANALOGO_CLIM,ANALOGO_ESTADO_V2_HIBRIDO_CLIMATOLOGIA,30,10,2.5452691716216744,OK_ANALOGOS_CONTINUIDAD_CORREGIDA,-0.4454970199600341,0.4454970199600341,0.0,CORREGIDO_ANCLA_OBSERVADO
2026-10-09,REQUENA,4.0,2026-10-08,2026-10-11,60,3,5.806373839294538,6.272499445739373,5.806373839294538,5.74,4.407997019960034,5.934497019960034,6.5097970199600335,HIBRIDO_ANALOGO_CLIM,ANALOGO_ESTADO_V2_HIBRIDO_CLIMATOLOGIA,30,10,2.5452691716216744,OK_ANALOGOS_CONTINUIDAD_CORREGIDA,-0.4454970199600341,0.4454970199600341,0.0,CORREGIDO_ANCLA_OBSERVADO
2026-10-09,REQUENA,4.0,2026-10-08,2026-10-12,60,4,5.839403483956362,6.286859147393734,5.839403483956362,5.74,4.497036493644245,5.9174970199600345,6.684097019960034,HIBRIDO_ANALOGO_CLIM,ANALOGO_ESTADO_V2_HIBRIDO_CLIMATOLOGIA,30,10,2.5452691716216744,OK_ANALOGOS_CONTINUIDAD_CORREGIDA,-0.4454970199600341,0.4454970199600341,0.0,CORREGIDO_ANCLA_OBSERVADO
2026-10-09,REQUENA,4.0,2026-10-08,2026-10-13,60,5,5.856777808492692,6.293888948529894,5.856777808492692,5.74,4.545444388381087,5.879497019960034,6.7882970199600345,HIBRIDO_ANALOGO_CLIM,ANALOGO_ESTADO_V2_HIBRIDO_CLIMATOLOGIA,30,10,2.5452691716216744,OK_ANALOGOS_CONTINUIDAD_CORREGIDA,-0.4454970199600341,0.4454970199600341,0.0,CORREGIDO_ANCLA_OBSERVADO
2026-10-09,REQUENA,4.0,2026-10-08,2026-10-14,60,6,5.903970332181995,6.326549155554228,5.903970332181995,5.74,4.636233862065297,5.907497019960034,6.837797019960034,HIBRIDO_ANALOGO_CLIM,ANALOGO_ESTADO_V2_HIBRIDO_CLIMATOLOGIA,30,10,2.5452691716216744,OK_ANALOGOS_CONTINUIDAD_CORREGIDA,-0.4454970199600341,0.4454970199600341,0.0,CORREGIDO_ANCLA_OBSERVADO
2026-10-09,REQUENA,4.0,2026-10-08,2026-10-15,60,7,5.989669703461678,6.410025510242928,5.989669703461678,5.74,4.7286022831179295,5.851497019960034,6.809697019960034,HIBRIDO_ANALOGO_CLIM,ANALOGO_ESTADO_V2_HIBRIDO_CLIMATOLOGIA,30,10,2.5452691716216744,OK_ANALOGOS_CONTINUIDAD_CORREGIDA,-0.4454970199600341,0.4454970199600341,0.0,CORREGIDO_ANCLA_OBSERVADO
2026-10-09,REQUENA,4.0,2026-10-08,2026-10-16,60,8,6.090003062045709,6.512066479583039,6.090003062045709,5.74,4.8238128094337185,5.859497019960035,7.005497019960035,HIBRIDO_ANALOGO_CLIM,ANALOGO_ESTADO_V2_HIBRIDO_CLIMATOLOGIA,30,10,2.5452691716216744,OK_ANALOGOS_CONTINUIDAD_CORREGIDA,-0.4454970199600341,0.4454970199600341,0.0,CORREGIDO_ANCLA_OBSERVADO
2026-10-09,REQUENA,4.0,2026-10-08,2026-10-17,60,9,6.1805508417997945,6.599792466623574,6.1805508417997945,5.74,4.922825967328455,5.8824970199600335,7.115497019960034,HIBRIDO_ANALOGO_CLIM,ANALOGO_ESTADO_V2_HIBRIDO_CLIMATOLOGIA,30,10,2.5452691716216744,OK_ANALOGOS_CONTINUIDAD_CORREGIDA,-0.4454970199600341,0.4454970199600341,0.0,CORREGIDO_ANCLA_OBSERVADO
2026-10-09,REQUENA,4.0,2026-10-08,2026-10-18,60,10,6.261821168144098,6.675543252626506,6.261821168144098,5.74,5.020654914696876,5.823497019960034,7.245497019960035,HIBRIDO_ANALOGO_CLIM,ANALOGO_ESTADO_V2_HIBRIDO_CLIMATOLOGIA,30,10,2.5452691716216744,OK_ANALOGOS_CONTINUIDAD_CORREGIDA,-0.4454970199600341,0.4454970199600341,0.0,CORREGIDO_ANCLA_OBSERVADO
2026-10-09,REQUENA,4.0,2026-10-08,2026-10-19,60,11,6.337760106994231,6.746961837760016,6.337760106994231,5.74,5.110154914696876,5.765497019960034,7.351497019960035,HIBRIDO_ANALOGO_CLIM,ANALOGO_ESTADO_V2_HIBRIDO_CLIMATOLOGIA,30,10,2.5452691716216744,OK_ANALOGOS_CONTINUIDAD_CORREGIDA,-0.4454970199600341,0.4454970199600341,0.0,CORREGIDO_ANCLA_OBSERVADO
2026-10-09,REQUENA,4.0,2026-10-08,2026-10-20,60,12,6.429344241347308,6.8411880519851715,6.429344241347308,5.74,5.193812809433719,5.717497019960034,7.581497019960034,HIBRIDO_ANALOGO_CLIM,ANALOGO_ESTADO_V2_HIBRIDO_CLIMATOLOGIA,30,10,2.5452691716216744,OK_ANALOGOS_CONTINUIDAD_CORREGIDA,-0.4454970199600341,0.4454970199600341,0.0,CORREGIDO_ANCLA_OBSERVADO
2026-10-09,REQUENA,4.0,2026-10-08,2026-10-21,60,13,6.497792839202641,6.905273024564212,6.497792839202641,5.74,5.275352283117929,5.677497019960034,8.024497019960034,HIBRIDO_ANALOGO_CLIM,ANALOGO_ESTADO_V2_HIBRIDO_CLIMATOLOGIA,30,10,2.5452691716216744,OK_ANALOGOS_CONTINUIDAD_CORREGIDA,-0.4454970199600341,0.4454970199600341,0.0,CORREGIDO_ANCLA_OBSERVADO
2026-10-09,REQUENA,4.0,2026-10-08,2026-10-22,60,14,6.530278779344665,6.92077182194656,6.530278779344665,5.74,5.358799651538981,5.639497019960034,8.277497019960034,HIBRIDO_ANALOGO_CLIM,ANALOGO_ESTADO_V2_HIBRIDO_CLIMATOLOGIA,30,10,2.5452691716216744,OK_ANALOGOS_CONTINUIDAD_CORREGIDA,-0.4454970199600341,0.4454970199600341,0.0,CORREGIDO_ANCLA_OBSERVADO
2026-10-09,REQUENA,4.0,2026-10-08,2026-10-23,60,15,6.557921910275927,6.932085470205785,6.557921910275927,5.74,5.43543123048635,5.628497019960034,8.117497019960034,HIBRIDO_ANALOGO_CLIM,ANALOGO_ESTADO_V2_HIBRIDO_CLIMATOLOGIA,30,10,2.5452691716216744,OK_ANALOGOS_CONTINUIDAD_CORREGIDA,-0.4454970199600341,0.4454970199600341,0.0,CORREGIDO_ANCLA_OBSERVADO
2026-10-09,REQUENA,4.0,2026-10-08,2026-10-24,60,16,6.574744107559339,6.928523838513494,6.574744107559339,5.74,5.513404914696876,5.597497019960034,7.923497019960034,HIBRIDO_ANALOGO_CLIM,ANALOGO_ESTADO_V2_HIBRIDO_CLIMATOLOGIA,30,10,2.5452691716216744,OK_ANALOGOS_CONTINUIDAD_CORREGIDA,-0.4454970199600341,0.4454970199600341,0.0,CORREGIDO_ANCLA_OBSERVADO
2026-10-09,REQUENA,4.0,2026-10-08,2026-10-25,60,17,6.582960071809362,6.922026703127559,6.582960071809362,5.74,5.565760177854771,5.549497019960034,7.886497019960035,HIBRIDO_ANALOGO_CLIM,ANALOGO_ESTADO_V2_HIBRIDO_CLIMATOLOGIA,30,10,2.5452691716216744,OK_ANALOGOS_CONTINUIDAD_CORREGIDA,-0.4454970199600341,0.4454970199600341,0.0,CORREGIDO_ANCLA_OBSERVADO
2026-10-09,REQUENA,4.0,2026-10-08,2026-10-26,60,18,6.5931998171170525,6.918241100379919,6.5931998171170525,5.74,5.618075967328455,5.5104970199600345,7.987497019960035,HIBRIDO_ANALOGO_CLIM,ANALOGO_ESTADO_V2_HIBRIDO_CLIMATOLOGIA,30,10,2.5452691716216744,OK_ANALOGOS_CONTINUIDAD_CORREGIDA,-0.4454970199600341,0.4454970199600341,0.0,CORREGIDO_ANCLA_OBSERVADO
2026-10-09,REQUENA,4.0,2026-10-08,2026-10-27,60,19,6.60468889469633,6.919125659959305,6.60468889469633,5.74,5.661378598907402,5.4544970199600336,8.050497019960034,HIBRIDO_ANALOGO_CLIM,ANALOGO_ESTADO_V2_HIBRIDO_CLIMATOLOGIA,30,10,2.5452691716216744,OK_ANALOGOS_CONTINUIDAD_CORREGIDA,-0.4454970199600341,0.4454970199600341,0.0,CORREGIDO_ANCLA_OBSERVADO
2026-10-09,REQUENA,4.0,2026-10-08,2026-10-28,60,20,6.6147011056794165,6.916821765831491,6.6147011056794165,5.74,5.708339125223192,5.407497019960034,8.086497019960035,HIBRIDO_ANALOGO_CLIM,ANALOGO_ESTADO_V2_HIBRIDO_CLIMATOLOGIA,30,10,2.5452691716216744,OK_ANALOGOS_CONTINUIDAD_CORREGIDA,-0.4454970199600341,0.4454970199600341,0.0,CORREGIDO_ANCLA_OBSERVADO
2026-10-09,REQUENA,4.0,2026-10-08,2026-10-29,60,21,6.649573504562567,6.943055139780956,6.649573504562567,5.74,5.769128598907402,5.369497019960034,8.096497019960035,HIBRIDO_ANALOGO_CLIM,ANALOGO_ESTADO_V2_HIBRIDO_CLIMATOLOGIA,30,10,2.5452691716216744,OK_ANALOGOS_CONTINUIDAD_CORREGIDA,-0.4454970199600341,0.4454970199600341,0.0,CORREGIDO_ANCLA_OBSERVADO
2026-10-09,REQUENA,4.0,2026-10-08,2026-10-30,60,22,6.723782365469018,7.014035375375521,6.723782365469018,5.74,5.853023335749508,5.3054970199600335,8.135297019960035,HIBRIDO_ANALOGO_CLIM,ANALOGO_ESTADO_V2_HIBRIDO_CLIMATOLOGIA,30,10,2.5452691716216744,OK_ANALOGOS_CONTINUIDAD_CORREGIDA,-0.4454970199600341,0.4454970199600341,0.0,CORREGIDO_ANCLA_OBSERVADO
2026-10-09,REQUENA,4.0,2026-10-08,2026-10-31,60,23,6.831861740282718,7.113369278635893,6.831861740282718,5.74,5.987339125223192,5.251497019960034,8.222297019960035,HIBRIDO_ANALOGO_CLIM,ANALOGO_ESTADO_V2_HIBRIDO_CLIMATOLOGIA,30,10,2.5452691716216744,OK_ANALOGOS_CONTINUIDAD_CORREGIDA,-0.4454970199600341,0.4454970199600341,0.0,CORREGIDO_ANCLA_OBSERVADO
2026-10-09,REQUENA,4.0,2026-10-08,2026-11-01,60,24,6.9127198710223,7.2312581186736855,6.9127198710223,5.74,5.957105128068142,5.218497019960034,8.296497019960034,HIBRIDO_ANALOGO_CLIM,ANALOGO_ESTADO_V2_HIBRIDO_CLIMATOLOGIA,30,10,2.5452691716216744,OK_ANALOGOS_CONTINUIDAD_CORREGIDA,-0.4454970199600341,0.4454970199600341,0.0,CORREGIDO_ANCLA_OBSERVADO
2026-10-09,REQUENA,4.0,2026-10-08,2026-11-02,60,25,7.038272401438202,7.34701376791383,7.038272401438202,5.74,6.112048302011316,5.177497019960034,8.385797019960034,HIBRIDO_ANALOGO_CLIM,ANALOGO_ESTADO_V2_HIBRIDO_CLIMATOLOGIA,30,10,2.5452691716216744,OK_ANALOGOS_CONTINUIDAD_CORREGIDA,-0.4454970199600341,0.4454970199600341,0.0,CORREGIDO_ANCLA_OBSERVADO
2026-10-09,REQUENA,4.0,2026-10-08,2026-11-03,60,26,7.144184488106991,7.453460652702985,7.144184488106991,5.74,6.2163559943190085,5.161497019960033,8.638497019960035,HIBRIDO_ANALOGO_CLIM,ANALOGO_ESTADO_V2_HIBRIDO_CLIMATOLOGIA,30,10,2.5452691716216744,OK_ANALOGOS_CONTINUIDAD_CORREGIDA,-0.4454970199600341,0.4454970199600341,0.0,CORREGIDO_ANCLA_OBSERVADO
2026-10-09,REQUENA,4.0,2026-10-08,2026-11-04,60,27,7.238909450465775,7.536504192258288,7.238909450465775,5.74,6.346125225088239,5.127497019960034,8.956497019960036,HIBRIDO_ANALOGO_CLIM,ANALOGO_ESTADO_V2_HIBRIDO_CLIMATOLOGIA,30,10,2.5452691716216744,OK_ANALOGOS_CONTINUIDAD_CORREGIDA,-0.4454970199600341,0.4454970199600341,0.0,CORREGIDO_ANCLA_OBSERVADO
2026-10-09,REQUENA,4.0,2026-10-08,2026-11-05,60,28,7.327629527311741,7.608169422924703,7.327629527311741,5.74,6.486009840472854,5.113497019960034,9.286497019960034,HIBRIDO_ANALOGO_CLIM,ANALOGO_ESTADO_V2_HIBRIDO_CLIMATOLOGIA,30,10,2.5452691716216744,OK_ANALOGOS_CONTINUIDAD_CORREGIDA,-0.4454970199600341,0.4454970199600341,0.0,CORREGIDO_ANCLA_OBSERVADO
2026-10-09,REQUENA,4.0,2026-10-08,2026-11-06,60,29,7.4012082945320365,7.660834274944926,7.4012082945320365,5.74,6.622330353293368,5.120497019960034,9.513497019960035,HIBRIDO_ANALOGO_CLIM,ANALOGO_ESTADO_V2_HIBRIDO_CLIMATOLOGIA,30,10,2.5452691716216744,OK_ANALOGOS_CONTINUIDAD_CORREGIDA,-0.4454970199600341,0.4454970199600341,0.0,CORREGIDO_ANCLA_OBSERVADO
2026-10-09,REQUENA,4.0,2026-10-08,2026-11-07,60,30,7.481588898832424,7.721854567858263,7.481588898832424,5.74,6.760791891754906,5.155497019960034,9.622497019960033,HIBRIDO_ANALOGO_CLIM,ANALOGO_ESTADO_V2_HIBRIDO_CLIMATOLOGIA,30,10,2.5452691716216744,OK_ANALOGOS_CONTINUIDAD_CORREGIDA,-0.4454970199600341,0.4454970199600341,0.0,CORREGIDO_ANCLA_OBSERVADO
2026-10-09,REQUENA,4.0,2026-10-08,2026-11-08,60,31,7.582635940389195,7.817622530651038,7.582635940389195,5.74,6.907997019960034,5.197497019960034,9.631497019960033,HIBRIDO_ANALOGO_CLIM,ANALOGO_ESTADO_V2_HIBRIDO_CLIMATOLOGIA,30,10,2.5452691716216744,OK_ANALOGOS_CONTINUIDAD_CORREGIDA,-0.4454970199600341,0.4454970199600341,0.0,CORREGIDO_ANCLA_OBSERVADO
2026-10-09,REQUENA,4.0,2026-10-08,2026-11-09,60,32,7.648359701395608,7.869768974831389,7.648359701395608,5.74,7.039484199447214,5.292497019960034,9.603497019960034,HIBRIDO_ANALOGO_CLIM,ANALOGO_ESTADO_V2_HIBRIDO_CLIMATOLOGIA,30,10,2.5452691716216744,OK_ANALOGOS_CONTINUIDAD_CORREGIDA,-0.4454970199600341,0.4454970199600341,0.0,CORREGIDO_ANCLA_OBSERVADO
2026-10-09,REQUENA,4.0,2026-10-08,2026-11-10,60,33,7.691878177082489,7.896670410862802,7.691878177082489,5.74,7.151971378934394,5.272497019960034,9.543497019960036,HIBRIDO_ANALOGO_CLIM,ANALOGO_ESTADO_V2_HIBRIDO_CLIMATOLOGIA,30,10,2.5452691716216744,OK_ANALOGOS_CONTINUIDAD_CORREGIDA,-0.4454970199600341,0.4454970199600341,0.0,CORREGIDO_ANCLA_OBSERVADO
2026-10-09,REQUENA,4.0,2026-10-08,2026-11-11,60,34,7.733156511409798,7.92639815889411,7.733156511409798,5.74,7.244368814831829,5.259497019960034,9.572497019960032,HIBRIDO_ANALOGO_CLIM,ANALOGO_ESTADO_V2_HIBRIDO_CLIMATOLOGIA,30,10,2.5452691716216744,OK_ANALOGOS_CONTINUIDAD_CORREGIDA,-0.4454970199600341,0.4454970199600341,0.0,CORREGIDO_ANCLA_OBSERVADO
2026-10-09,REQUENA,4.0,2026-10-08,2026-11-12,60,35,8.108337464301677,8.425995746813394,8.108337464301677,5.74,7.33688163534465,7.543497019960035,9.727497019960033,HIBRIDO_ANALOGO_CLIM,ANALOGO_ESTADO_V2_HIBRIDO_CLIMATOLOGIA,30,10,2.5452691716216744,OK_ANALOGOS_CONTINUIDAD_CORREGIDA,-0.4454970199600341,0.4454970199600341,0.0,CORREGIDO_ANCLA_OBSERVADO
2026-10-09,REQUENA,4.0,2026-10-08,2026-11-13,60,36,8.16454563916426,8.487214827614423,8.16454563916426,5.74,7.41165086611388,7.595497019960034,9.839497019960035,HIBRIDO_ANALOGO_CLIM,ANALOGO_ESTADO_V2_HIBRIDO_CLIMATOLOGIA,30,10,2.5452691716216744,OK_ANALOGOS_CONTINUIDAD_CORREGIDA,-0.4454970199600341,0.4454970199600341,0.0,CORREGIDO_ANCLA_OBSERVADO
2026-10-09,REQUENA,4.0,2026-10-08,2026-11-14,60,37,8.206311964200058,8.525975994023462,8.206311964200058,5.74,7.489227789190804,7.637497019960034,9.843497019960036,HIBRIDO_ANALOGO_CLIM,ANALOGO_ESTADO_V2_HIBRIDO_CLIMATOLOGIA,30,10,2.5452691716216744,OK_ANALOGOS_CONTINUIDAD_CORREGIDA,-0.4454970199600341,0.4454970199600341,0.0,CORREGIDO_ANCLA_OBSERVADO
2026-10-09,REQUENA,4.0,2026-10-08,2026-11-15,60,38,8.21612527918532,8.541781026581152,8.21612527918532,5.74,7.513394455857471,7.705497019960034,9.827497019960035,HIBRIDO_ANALOGO_CLIM,ANALOGO_ESTADO_V2_HIBRIDO_CLIMATOLOGIA,30,10,2.5452691716216744,OK_ANALOGOS_CONTINUIDAD_CORREGIDA,-0.4454970199600341,0.4454970199600341,0.0,CORREGIDO_ANCLA_OBSERVADO
2026-10-09,REQUENA,4.0,2026-10-08,2026-11-16,60,39,8.139390163911202,8.43146217149263,8.139390163911202,5.74,7.532779071242086,7.605497019960034,9.926497019960031,HIBRIDO_ANALOGO_CLIM,ANALOGO_ESTADO_V2_HIBRIDO_CLIMATOLOGIA,30,10,2.5452691716216744,OK_ANALOGOS_CONTINUIDAD_CORREGIDA,-0.4454970199600341,0.4454970199600341,0.0,CORREGIDO_ANCLA_OBSERVADO
2026-10-09,REQUENA,4.0,2026-10-08,2026-11-17,60,40,8.142773709404416,8.441322310536865,8.142773709404416,5.74,7.545676507139521,7.464497019960035,9.970497019960032,HIBRIDO_ANALOGO_CLIM,ANALOGO_ESTADO_V2_HIBRIDO_CLIMATOLOGIA,30,10,2.5452691716216744,OK_ANALOGOS_CONTINUIDAD_CORREGIDA,-0.4454970199600341,0.4454970199600341,0.0,CORREGIDO_ANCLA_OBSERVADO
2026-10-09,REQUENA,4.0,2026-10-08,2026-11-18,60,41,8.134795032275,8.434904419386855,8.134795032275,5.74,7.556535481498496,7.3164970199600345,9.997497019960033,HIBRIDO_ANALOGO_CLIM,ANALOGO_ESTADO_V2_HIBRIDO_CLIMATOLOGIA,30,10,2.5452691716216744,OK_ANALOGOS_CONTINUIDAD_CORREGIDA,-0.4454970199600341,0.4454970199600341,0.0,CORREGIDO_ANCLA_OBSERVADO
2026-10-09,REQUENA,4.0,2026-10-08,2026-11-19,60,42,8.132920529931702,8.43883595048844,8.132920529931702,5.74,7.564791891754905,7.197497019960035,10.036497019960034,HIBRIDO_ANALOGO_CLIM,ANALOGO_ESTADO_V2_HIBRIDO_CLIMATOLOGIA,30,10,2.5452691716216744,OK_ANALOGOS_CONTINUIDAD_CORREGIDA,-0.4454970199600341,0.4454970199600341,0.0,CORREGIDO_ANCLA_OBSERVADO
2026-10-09,REQUENA,4.0,2026-10-08,2026-11-20,60,43,8.136529373986434,8.439050938322858,8.136529373986434,5.74,7.594804712267726,7.094497019960035,10.067497019960033,HIBRIDO_ANALOGO_CLIM,ANALOGO_ESTADO_V2_HIBRIDO_CLIMATOLOGIA,30,10,2.5452691716216744,OK_ANALOGOS_CONTINUIDAD_CORREGIDA,-0.4454970199600341,0.4454970199600341,0.0,CORREGIDO_ANCLA_OBSERVADO
2026-10-09,REQUENA,4.0,2026-10-08,2026-11-21,60,44,8.145468335340901,8.443104899846151,8.145468335340901,5.74,7.63136881483183,7.048497019960034,10.095497019960032,HIBRIDO_ANALOGO_CLIM,ANALOGO_ESTADO_V2_HIBRIDO_CLIMATOLOGIA,30,10,2.5452691716216744,OK_ANALOGOS_CONTINUIDAD_CORREGIDA,-0.4454970199600341,0.4454970199600341,0.0,CORREGIDO_ANCLA_OBSERVADO
2026-10-09,REQUENA,4.0,2026-10-08,2026-11-22,60,45,8.149637635763643,8.439483543707343,8.149637635763643,5.74,7.666561122524137,7.037497019960035,10.114497019960034,HIBRIDO_ANALOGO_CLIM,ANALOGO_ESTADO_V2_HIBRIDO_CLIMATOLOGIA,30,10,2.5452691716216744,OK_ANALOGOS_CONTINUIDAD_CORREGIDA,-0.4454970199600341,0.4454970199600341,0.0,CORREGIDO_ANCLA_OBSERVADO
2026-10-09,REQUENA,4.0,2026-10-08,2026-11-23,60,46,8.164489906159488,8.447506620588396,8.164489906159488,5.74,7.709202148165161,7.062497019960034,10.142497019960032,HIBRIDO_ANALOGO_CLIM,ANALOGO_ESTADO_V2_HIBRIDO_CLIMATOLOGIA,30,10,2.5452691716216744,OK_ANALOGOS_CONTINUIDAD_CORREGIDA,-0.4454970199600341,0.4454970199600341,0.0,CORREGIDO_ANCLA_OBSERVADO
2026-10-09,REQUENA,4.0,2026-10-08,2026-11-24,60,47,8.178597286120855,8.448478490150634,8.178597286120855,5.74,7.759420096883111,7.077497019960035,10.161497019960034,HIBRIDO_ANALOGO_CLIM,ANALOGO_ESTADO_V2_HIBRIDO_CLIMATOLOGIA,30,10,2.5452691716216744,OK_ANALOGOS_CONTINUIDAD_CORREGIDA,-0.4454970199600341,0.4454970199600341,0.0,CORREGIDO_ANCLA_OBSERVADO
2026-10-09,REQUENA,4.0,2026-10-08,2026-11-25,60,48,8.20153344301914,8.467557725058544,8.20153344301914,5.74,7.802497019960034,7.138497019960034,10.201497019960033,HIBRIDO_ANALOGO_CLIM,ANALOGO_ESTADO_V2_HIBRIDO_CLIMATOLOGIA,30,10,2.5452691716216744,OK_ANALOGOS_CONTINUIDAD_CORREGIDA,-0.4454970199600341,0.4454970199600341,0.0,CORREGIDO_ANCLA_OBSERVADO
2026-10-09,REQUENA,4.0,2026-10-08,2026-11-26,60,49,8.244505811157747,8.487600719059092,8.244505811157747,5.74,7.892266250729264,7.200497019960034,10.236497019960034,HIBRIDO_ANALOGO_CLIM,ANALOGO_ESTADO_V2_HIBRIDO_CLIMATOLOGIA,30,10,2.5452691716216744,OK_ANALOGOS_CONTINUIDAD_CORREGIDA,-0.4454970199600341,0.4454970199600341,0.0,CORREGIDO_ANCLA_OBSERVADO
2026-10-09,REQUENA,4.0,2026-10-08,2026-11-27,60,50,8.28995648347722,8.512299323718434,8.28995648347722,5.74,7.978676507139521,7.233497019960034,10.273497019960033,HIBRIDO_ANALOGO_CLIM,ANALOGO_ESTADO_V2_HIBRIDO_CLIMATOLOGIA,30,10,2.5452691716216744,OK_ANALOGOS_CONTINUIDAD_CORREGIDA,-0.4454970199600341,0.4454970199600341,0.0,CORREGIDO_ANCLA_OBSERVADO
2026-10-09,REQUENA,4.0,2026-10-08,2026-11-28,60,51,8.32368647264536,8.52148703800809,8.32368647264536,5.74,8.056073943036957,7.258497019960034,10.295497019960035,HIBRIDO_ANALOGO_CLIM,ANALOGO_ESTADO_V2_HIBRIDO_CLIMATOLOGIA,30,10,2.5452691716216744,OK_ANALOGOS_CONTINUIDAD_CORREGIDA,-0.4454970199600341,0.4454970199600341,0.0,CORREGIDO_ANCLA_OBSERVADO
2026-10-09,REQUENA,4.0,2026-10-08,2026-11-29,60,52,8.354701116845284,8.529004249757534,8.354701116845284,5.74,8.126766250729265,7.229497019960035,10.325497019960036,HIBRIDO_ANALOGO_CLIM,ANALOGO_ESTADO_V2_HIBRIDO_CLIMATOLOGIA,30,10,2.5452691716216744,OK_ANALOGOS_CONTINUIDAD_CORREGIDA,-0.4454970199600341,0.4454970199600341,0.0,CORREGIDO_ANCLA_OBSERVADO
2026-10-09,REQUENA,4.0,2026-10-08,2026-11-30,60,53,8.38920980388234,8.551958110184447,8.38920980388234,5.74,8.183471378934392,7.1674970199600345,10.522497019960035,HIBRIDO_ANALOGO_CLIM,ANALOGO_ESTADO_V2_HIBRIDO_CLIMATOLOGIA,30,10,2.5452691716216744,OK_ANALOGOS_CONTINUIDAD_CORREGIDA,-0.4454970199600341,0.4454970199600341,0.0,CORREGIDO_ANCLA_OBSERVADO
2026-10-09,REQUENA,4.0,2026-10-08,2026-12-01,60,54,8.4365749951765,8.574267202171793,8.4365749951765,5.74,8.268284519960034,7.097497019960034,10.656497019960032,HIBRIDO_ANALOGO_CLIM,ANALOGO_ESTADO_V2_HIBRIDO_CLIMATOLOGIA,30,10,2.5452691716216744,OK_ANALOGOS_CONTINUIDAD_CORREGIDA,-0.4454970199600341,0.4454970199600341,0.0,CORREGIDO_ANCLA_OBSERVADO
2026-10-09,REQUENA,4.0,2026-10-08,2026-12-02,60,55,8.484399672991334,8.61055287940243,8.484399672991334,5.74,8.335309519960035,7.142497019960035,10.779497019960033,HIBRIDO_ANALOGO_CLIM,ANALOGO_ESTADO_V2_HIBRIDO_CLIMATOLOGIA,30,10,2.5452691716216744,OK_ANALOGOS_CONTINUIDAD_CORREGIDA,-0.4454970199600341,0.4454970199600341,0.0,CORREGIDO_ANCLA_OBSERVADO
2026-10-09,REQUENA,4.0,2026-10-08,2026-12-03,60,56,8.499513007724229,8.634747309517895,8.499513007724229,5.74,8.344959519960035,7.322497019960035,10.669497019960033,HIBRIDO_ANALOGO_CLIM,ANALOGO_ESTADO_V2_HIBRIDO_CLIMATOLOGIA,30,10,2.5452691716216744,OK_ANALOGOS_CONTINUIDAD_CORREGIDA,-0.4454970199600341,0.4454970199600341,0.0,CORREGIDO_ANCLA_OBSERVADO
2026-10-09,REQUENA,4.0,2026-10-08,2026-12-04,60,57,8.511238475500516,8.645734911465713,8.511238475500516,5.74,8.362584519960034,7.469497019960035,10.754497019960034,HIBRIDO_ANALOGO_CLIM,ANALOGO_ESTADO_V2_HIBRIDO_CLIMATOLOGIA,30,10,2.5452691716216744,OK_ANALOGOS_CONTINUIDAD_CORREGIDA,-0.4454970199600341,0.4454970199600341,0.0,CORREGIDO_ANCLA_OBSERVADO
2026-10-09,REQUENA,4.0,2026-10-08,2026-12-05,60,58,8.528057947430405,8.656264540870431,8.528057947430405,5.74,8.391009519960033,7.515497019960035,10.836497019960035,HIBRIDO_ANALOGO_CLIM,ANALOGO_ESTADO_V2_HIBRIDO_CLIMATOLOGIA,30,10,2.5452691716216744,OK_ANALOGOS_CONTINUIDAD_CORREGIDA,-0.4454970199600341,0.4454970199600341,0.0,CORREGIDO_ANCLA_OBSERVADO
2026-10-09,REQUENA,4.0,2026-10-08,2026-12-06,60,59,8.55253437214079,8.652036278348408,8.55253437214079,5.74,8.449659519960033,7.4704970199600345,10.897497019960035,HIBRIDO_ANALOGO_CLIM,ANALOGO_ESTADO_V2_HIBRIDO_CLIMATOLOGIA,30,10,2.5452691716216744,OK_ANALOGOS_CONTINUIDAD_CORREGIDA,-0.4454970199600341,0.4454970199600341,0.0,CORREGIDO_ANCLA_OBSERVADO
2026-10-09,REQUENA,4.0,2026-10-08,2026-12-07,60,60,8.62269792851179,8.731586337063543,8.62269792851179,5.74,8.513809519960034,7.728797019960035,10.806497019960034,HIBRIDO_ANALOGO_CLIM,ANALOGO_ESTADO_V2_HIBRIDO_CLIMATOLOGIA,30,10,2.5452691716216744,OK_ANALOGOS_CONTINUIDAD_CORREGIDA,-0.4454970199600341,0.4454970199600341,0.0,CORREGIDO_ANCLA_OBSERVADO
2026-10-09,REQUENA,4.0,2026-10-08,2026-10-09,90,1,5.74,6.204799238960692,5.74,5.74,4.345602283117929,6.098497019960035,6.269497019960035,HIBRIDO_ANALOGO_CLIM,ANALOGO_ESTADO_V2_HIBRIDO_CLIMATOLOGIA,30,10,2.5452691716216744,OK_ANALOGOS_CONTINUIDAD_CORREGIDA,-0.4454970199600341,0.4454970199600341,0.0,CORREGIDO_ANCLA_OBSERVADO
2026-10-09,REQUENA,4.0,2026-10-08,2026-10-10,90,2,5.7836509120866415,6.252175893672704,5.7836509120866415,5.74,4.378075967328455,6.023497019960034,6.379497019960034,HIBRIDO_ANALOGO_CLIM,ANALOGO_ESTADO_V2_HIBRIDO_CLIMATOLOGIA,30,10,2.5452691716216744,OK_ANALOGOS_CONTINUIDAD_CORREGIDA,-0.4454970199600341,0.4454970199600341,0.0,CORREGIDO_ANCLA_OBSERVADO
2026-10-09,REQUENA,4.0,2026-10-08,2026-10-11,90,3,5.806373839294538,6.272499445739373,5.806373839294538,5.74,4.407997019960034,5.934497019960034,6.5097970199600335,HIBRIDO_ANALOGO_CLIM,ANALOGO_ESTADO_V2_HIBRIDO_CLIMATOLOGIA,30,10,2.5452691716216744,OK_ANALOGOS_CONTINUIDAD_CORREGIDA,-0.4454970199600341,0.4454970199600341,0.0,CORREGIDO_ANCLA_OBSERVADO
2026-10-09,REQUENA,4.0,2026-10-08,2026-10-12,90,4,5.839403483956362,6.286859147393734,5.839403483956362,5.74,4.497036493644245,5.9174970199600345,6.684097019960034,HIBRIDO_ANALOGO_CLIM,ANALOGO_ESTADO_V2_HIBRIDO_CLIMATOLOGIA,30,10,2.5452691716216744,OK_ANALOGOS_CONTINUIDAD_CORREGIDA,-0.4454970199600341,0.4454970199600341,0.0,CORREGIDO_ANCLA_OBSERVADO
2026-10-09,REQUENA,4.0,2026-10-08,2026-10-13,90,5,5.856777808492692,6.293888948529894,5.856777808492692,5.74,4.545444388381087,5.879497019960034,6.7882970199600345,HIBRIDO_ANALOGO_CLIM,ANALOGO_ESTADO_V2_HIBRIDO_CLIMATOLOGIA,30,10,2.5452691716216744,OK_ANALOGOS_CONTINUIDAD_CORREGIDA,-0.4454970199600341,0.4454970199600341,0.0,CORREGIDO_ANCLA_OBSERVADO
2026-10-09,REQUENA,4.0,2026-10-08,2026-10-14,90,6,5.903970332181995,6.326549155554228,5.903970332181995,5.74,4.636233862065297,5.907497019960034,6.837797019960034,HIBRIDO_ANALOGO_CLIM,ANALOGO_ESTADO_V2_HIBRIDO_CLIMATOLOGIA,30,10,2.5452691716216744,OK_ANALOGOS_CONTINUIDAD_CORREGIDA,-0.4454970199600341,0.4454970199600341,0.0,CORREGIDO_ANCLA_OBSERVADO
2026-10-09,REQUENA,4.0,2026-10-08,2026-10-15,90,7,5.989669703461678,6.410025510242928,5.989669703461678,5.74,4.7286022831179295,5.851497019960034,6.809697019960034,HIBRIDO_ANALOGO_CLIM,ANALOGO_ESTADO_V2_HIBRIDO_CLIMATOLOGIA,30,10,2.5452691716216744,OK_ANALOGOS_CONTINUIDAD_CORREGIDA,-0.4454970199600341,0.4454970199600341,0.0,CORREGIDO_ANCLA_OBSERVADO
2026-10-09,REQUENA,4.0,2026-10-08,2026-10-16,90,8,6.090003062045709,6.512066479583039,6.090003062045709,5.74,4.8238128094337185,5.859497019960035,7.005497019960035,HIBRIDO_ANALOGO_CLIM,ANALOGO_ESTADO_V2_HIBRIDO_CLIMATOLOGIA,30,10,2.5452691716216744,OK_ANALOGOS_CONTINUIDAD_CORREGIDA,-0.4454970199600341,0.4454970199600341,0.0,CORREGIDO_ANCLA_OBSERVADO
2026-10-09,REQUENA,4.0,2026-10-08,2026-10-17,90,9,6.1805508417997945,6.599792466623574,6.1805508417997945,5.74,4.922825967328455,5.8824970199600335,7.115497019960034,HIBRIDO_ANALOGO_CLIM,ANALOGO_ESTADO_V2_HIBRIDO_CLIMATOLOGIA,30,10,2.5452691716216744,OK_ANALOGOS_CONTINUIDAD_CORREGIDA,-0.4454970199600341,0.4454970199600341,0.0,CORREGIDO_ANCLA_OBSERVADO
2026-10-09,REQUENA,4.0,2026-10-08,2026-10-18,90,10,6.261821168144098,6.675543252626506,6.261821168144098,5.74,5.020654914696876,5.823497019960034,7.245497019960035,HIBRIDO_ANALOGO_CLIM,ANALOGO_ESTADO_V2_HIBRIDO_CLIMATOLOGIA,30,10,2.5452691716216744,OK_ANALOGOS_CONTINUIDAD_CORREGIDA,-0.4454970199600341,0.4454970199600341,0.0,CORREGIDO_ANCLA_OBSERVADO
2026-10-09,REQUENA,4.0,2026-10-08,2026-10-19,90,11,6.337760106994231,6.746961837760016,6.337760106994231,5.74,5.110154914696876,5.765497019960034,7.351497019960035,HIBRIDO_ANALOGO_CLIM,ANALOGO_ESTADO_V2_HIBRIDO_CLIMATOLOGIA,30,10,2.5452691716216744,OK_ANALOGOS_CONTINUIDAD_CORREGIDA,-0.4454970199600341,0.4454970199600341,0.0,CORREGIDO_ANCLA_OBSERVADO
2026-10-09,REQUENA,4.0,2026-10-08,2026-10-20,90,12,6.429344241347308,6.8411880519851715,6.429344241347308,5.74,5.193812809433719,5.717497019960034,7.581497019960034,HIBRIDO_ANALOGO_CLIM,ANALOGO_ESTADO_V2_HIBRIDO_CLIMATOLOGIA,30,10,2.5452691716216744,OK_ANALOGOS_CONTINUIDAD_CORREGIDA,-0.4454970199600341,0.4454970199600341,0.0,CORREGIDO_ANCLA_OBSERVADO
2026-10-09,REQUENA,4.0,2026-10-08,2026-10-21,90,13,6.497792839202641,6.905273024564212,6.497792839202641,5.74,5.275352283117929,5.677497019960034,8.024497019960034,HIBRIDO_ANALOGO_CLIM,ANALOGO_ESTADO_V2_HIBRIDO_CLIMATOLOGIA,30,10,2.5452691716216744,OK_ANALOGOS_CONTINUIDAD_CORREGIDA,-0.4454970199600341,0.4454970199600341,0.0,CORREGIDO_ANCLA_OBSERVADO
2026-10-09,REQUENA,4.0,2026-10-08,2026-10-22,90,14,6.530278779344665,6.92077182194656,6.530278779344665,5.74,5.358799651538981,5.639497019960034,8.277497019960034,HIBRIDO_ANALOGO_CLIM,ANALOGO_ESTADO_V2_HIBRIDO_CLIMATOLOGIA,30,10,2.5452691716216744,OK_ANALOGOS_CONTINUIDAD_CORREGIDA,-0.4454970199600341,0.4454970199600341,0.0,CORREGIDO_ANCLA_OBSERVADO
2026-10-09,REQUENA,4.0,2026-10-08,2026-10-23,90,15,6.557921910275927,6.932085470205785,6.557921910275927,5.74,5.43543123048635,5.628497019960034,8.117497019960034,HIBRIDO_ANALOGO_CLIM,ANALOGO_ESTADO_V2_HIBRIDO_CLIMATOLOGIA,30,10,2.5452691716216744,OK_ANALOGOS_CONTINUIDAD_CORREGIDA,-0.4454970199600341,0.4454970199600341,0.0,CORREGIDO_ANCLA_OBSERVADO
2026-10-09,REQUENA,4.0,2026-10-08,2026-10-24,90,16,6.574744107559339,6.928523838513494,6.574744107559339,5.74,5.513404914696876,5.597497019960034,7.923497019960034,HIBRIDO_ANALOGO_CLIM,ANALOGO_ESTADO_V2_HIBRIDO_CLIMATOLOGIA,30,10,2.5452691716216744,OK_ANALOGOS_CONTINUIDAD_CORREGIDA,-0.4454970199600341,0.4454970199600341,0.0,CORREGIDO_ANCLA_OBSERVADO
2026-10-09,REQUENA,4.0,2026-10-08,2026-10-25,90,17,6.582960071809362,6.922026703127559,6.582960071809362,5.74,5.565760177854771,5.549497019960034,7.886497019960035,HIBRIDO_ANALOGO_CLIM,ANALOGO_ESTADO_V2_HIBRIDO_CLIMATOLOGIA,30,10,2.5452691716216744,OK_ANALOGOS_CONTINUIDAD_CORREGIDA,-0.4454970199600341,0.4454970199600341,0.0,CORREGIDO_ANCLA_OBSERVADO
2026-10-09,REQUENA,4.0,2026-10-08,2026-10-26,90,18,6.5931998171170525,6.918241100379919,6.5931998171170525,5.74,5.618075967328455,5.5104970199600345,7.987497019960035,HIBRIDO_ANALOGO_CLIM,ANALOGO_ESTADO_V2_HIBRIDO_CLIMATOLOGIA,30,10,2.5452691716216744,OK_ANALOGOS_CONTINUIDAD_CORREGIDA,-0.4454970199600341,0.4454970199600341,0.0,CORREGIDO_ANCLA_OBSERVADO
2026-10-09,REQUENA,4.0,2026-10-08,2026-10-27,90,19,6.60468889469633,6.919125659959305,6.60468889469633,5.74,5.661378598907402,5.4544970199600336,8.050497019960034,HIBRIDO_ANALOGO_CLIM,ANALOGO_ESTADO_V2_HIBRIDO_CLIMATOLOGIA,30,10,2.5452691716216744,OK_ANALOGOS_CONTINUIDAD_CORREGIDA,-0.4454970199600341,0.4454970199600341,0.0,CORREGIDO_ANCLA_OBSERVADO
2026-10-09,REQUENA,4.0,2026-10-08,2026-10-28,90,20,6.6147011056794165,6.916821765831491,6.6147011056794165,5.74,5.708339125223192,5.407497019960034,8.086497019960035,HIBRIDO_ANALOGO_CLIM,ANALOGO_ESTADO_V2_HIBRIDO_CLIMATOLOGIA,30,10,2.5452691716216744,OK_ANALOGOS_CONTINUIDAD_CORREGIDA,-0.4454970199600341,0.4454970199600341,0.0,CORREGIDO_ANCLA_OBSERVADO
2026-10-09,REQUENA,4.0,2026-10-08,2026-10-29,90,21,6.649573504562567,6.943055139780956,6.649573504562567,5.74,5.769128598907402,5.369497019960034,8.096497019960035,HIBRIDO_ANALOGO_CLIM,ANALOGO_ESTADO_V2_HIBRIDO_CLIMATOLOGIA,30,10,2.5452691716216744,OK_ANALOGOS_CONTINUIDAD_CORREGIDA,-0.4454970199600341,0.4454970199600341,0.0,CORREGIDO_ANCLA_OBSERVADO
2026-10-09,REQUENA,4.0,2026-10-08,2026-10-30,90,22,6.723782365469018,7.014035375375521,6.723782365469018,5.74,5.853023335749508,5.3054970199600335,8.135297019960035,HIBRIDO_ANALOGO_CLIM,ANALOGO_ESTADO_V2_HIBRIDO_CLIMATOLOGIA,30,10,2.5452691716216744,OK_ANALOGOS_CONTINUIDAD_CORREGIDA,-0.4454970199600341,0.4454970199600341,0.0,CORREGIDO_ANCLA_OBSERVADO
2026-10-09,REQUENA,4.0,2026-10-08,2026-10-31,90,23,6.831861740282718,7.113369278635893,6.831861740282718,5.74,5.987339125223192,5.251497019960034,8.222297019960035,HIBRIDO_ANALOGO_CLIM,ANALOGO_ESTADO_V2_HIBRIDO_CLIMATOLOGIA,30,10,2.5452691716216744,OK_ANALOGOS_CONTINUIDAD_CORREGIDA,-0.4454970199600341,0.4454970199600341,0.0,CORREGIDO_ANCLA_OBSERVADO
2026-10-09,REQUENA,4.0,2026-10-08,2026-11-01,90,24,6.9127198710223,7.2312581186736855,6.9127198710223,5.74,5.957105128068142,5.218497019960034,8.296497019960034,HIBRIDO_ANALOGO_CLIM,ANALOGO_ESTADO_V2_HIBRIDO_CLIMATOLOGIA,30,10,2.5452691716216744,OK_ANALOGOS_CONTINUIDAD_CORREGIDA,-0.4454970199600341,0.4454970199600341,0.0,CORREGIDO_ANCLA_OBSERVADO
2026-10-09,REQUENA,4.0,2026-10-08,2026-11-02,90,25,7.038272401438202,7.34701376791383,7.038272401438202,5.74,6.112048302011316,5.177497019960034,8.385797019960034,HIBRIDO_ANALOGO_CLIM,ANALOGO_ESTADO_V2_HIBRIDO_CLIMATOLOGIA,30,10,2.5452691716216744,OK_ANALOGOS_CONTINUIDAD_CORREGIDA,-0.4454970199600341,0.4454970199600341,0.0,CORREGIDO_ANCLA_OBSERVADO
2026-10-09,REQUENA,4.0,2026-10-08,2026-11-03,90,26,7.144184488106991,7.453460652702985,7.144184488106991,5.74,6.2163559943190085,5.161497019960033,8.638497019960035,HIBRIDO_ANALOGO_CLIM,ANALOGO_ESTADO_V2_HIBRIDO_CLIMATOLOGIA,30,10,2.5452691716216744,OK_ANALOGOS_CONTINUIDAD_CORREGIDA,-0.4454970199600341,0.4454970199600341,0.0,CORREGIDO_ANCLA_OBSERVADO
2026-10-09,REQUENA,4.0,2026-10-08,2026-11-04,90,27,7.238909450465775,7.536504192258288,7.238909450465775,5.74,6.346125225088239,5.127497019960034,8.956497019960036,HIBRIDO_ANALOGO_CLIM,ANALOGO_ESTADO_V2_HIBRIDO_CLIMATOLOGIA,30,10,2.5452691716216744,OK_ANALOGOS_CONTINUIDAD_CORREGIDA,-0.4454970199600341,0.4454970199600341,0.0,CORREGIDO_ANCLA_OBSERVADO
2026-10-09,REQUENA,4.0,2026-10-08,2026-11-05,90,28,7.327629527311741,7.608169422924703,7.327629527311741,5.74,6.486009840472854,5.113497019960034,9.286497019960034,HIBRIDO_ANALOGO_CLIM,ANALOGO_ESTADO_V2_HIBRIDO_CLIMATOLOGIA,30,10,2.5452691716216744,OK_ANALOGOS_CONTINUIDAD_CORREGIDA,-0.4454970199600341,0.4454970199600341,0.0,CORREGIDO_ANCLA_OBSERVADO
2026-10-09,REQUENA,4.0,2026-10-08,2026-11-06,90,29,7.4012082945320365,7.660834274944926,7.4012082945320365,5.74,6.622330353293368,5.120497019960034,9.513497019960035,HIBRIDO_ANALOGO_CLIM,ANALOGO_ESTADO_V2_HIBRIDO_CLIMATOLOGIA,30,10,2.5452691716216744,OK_ANALOGOS_CONTINUIDAD_CORREGIDA,-0.4454970199600341,0.4454970199600341,0.0,CORREGIDO_ANCLA_OBSERVADO
2026-10-09,REQUENA,4.0,2026-10-08,2026-11-07,90,30,7.481588898832424,7.721854567858263,7.481588898832424,5.74,6.760791891754906,5.155497019960034,9.622497019960033,HIBRIDO_ANALOGO_CLIM,ANALOGO_ESTADO_V2_HIBRIDO_CLIMATOLOGIA,30,10,2.5452691716216744,OK_ANALOGOS_CONTINUIDAD_CORREGIDA,-0.4454970199600341,0.4454970199600341,0.0,CORREGIDO_ANCLA_OBSERVADO
2026-10-09,REQUENA,4.0,2026-10-08,2026-11-08,90,31,7.582635940389195,7.817622530651038,7.582635940389195,5.74,6.907997019960034,5.197497019960034,9.631497019960033,HIBRIDO_ANALOGO_CLIM,ANALOGO_ESTADO_V2_HIBRIDO_CLIMATOLOGIA,30,10,2.5452691716216744,OK_ANALOGOS_CONTINUIDAD_CORREGIDA,-0.4454970199600341,0.4454970199600341,0.0,CORREGIDO_ANCLA_OBSERVADO
2026-10-09,REQUENA,4.0,2026-10-08,2026-11-09,90,32,7.648359701395608,7.869768974831389,7.648359701395608,5.74,7.039484199447214,5.292497019960034,9.603497019960034,HIBRIDO_ANALOGO_CLIM,ANALOGO_ESTADO_V2_HIBRIDO_CLIMATOLOGIA,30,10,2.5452691716216744,OK_ANALOGOS_CONTINUIDAD_CORREGIDA,-0.4454970199600341,0.4454970199600341,0.0,CORREGIDO_ANCLA_OBSERVADO
2026-10-09,REQUENA,4.0,2026-10-08,2026-11-10,90,33,7.691878177082489,7.896670410862802,7.691878177082489,5.74,7.151971378934394,5.272497019960034,9.543497019960036,HIBRIDO_ANALOGO_CLIM,ANALOGO_ESTADO_V2_HIBRIDO_CLIMATOLOGIA,30,10,2.5452691716216744,OK_ANALOGOS_CONTINUIDAD_CORREGIDA,-0.4454970199600341,0.4454970199600341,0.0,CORREGIDO_ANCLA_OBSERVADO
2026-10-09,REQUENA,4.0,2026-10-08,2026-11-11,90,34,7.733156511409798,7.92639815889411,7.733156511409798,5.74,7.244368814831829,5.259497019960034,9.572497019960032,HIBRIDO_ANALOGO_CLIM,ANALOGO_ESTADO_V2_HIBRIDO_CLIMATOLOGIA,30,10,2.5452691716216744,OK_ANALOGOS_CONTINUIDAD_CORREGIDA,-0.4454970199600341,0.4454970199600341,0.0,CORREGIDO_ANCLA_OBSERVADO
2026-10-09,REQUENA,4.0,2026-10-08,2026-11-12,90,35,8.108337464301677,8.425995746813394,8.108337464301677,5.74,7.33688163534465,7.543497019960035,9.727497019960033,HIBRIDO_ANALOGO_CLIM,ANALOGO_ESTADO_V2_HIBRIDO_CLIMATOLOGIA,30,10,2.5452691716216744,OK_ANALOGOS_CONTINUIDAD_CORREGIDA,-0.4454970199600341,0.4454970199600341,0.0,CORREGIDO_ANCLA_OBSERVADO
2026-10-09,REQUENA,4.0,2026-10-08,2026-11-13,90,36,8.16454563916426,8.487214827614423,8.16454563916426,5.74,7.41165086611388,7.595497019960034,9.839497019960035,HIBRIDO_ANALOGO_CLIM,ANALOGO_ESTADO_V2_HIBRIDO_CLIMATOLOGIA,30,10,2.5452691716216744,OK_ANALOGOS_CONTINUIDAD_CORREGIDA,-0.4454970199600341,0.4454970199600341,0.0,CORREGIDO_ANCLA_OBSERVADO
2026-10-09,REQUENA,4.0,2026-10-08,2026-11-14,90,37,8.206311964200058,8.525975994023462,8.206311964200058,5.74,7.489227789190804,7.637497019960034,9.843497019960036,HIBRIDO_ANALOGO_CLIM,ANALOGO_ESTADO_V2_HIBRIDO_CLIMATOLOGIA,30,10,2.5452691716216744,OK_ANALOGOS_CONTINUIDAD_CORREGIDA,-0.4454970199600341,0.4454970199600341,0.0,CORREGIDO_ANCLA_OBSERVADO
2026-10-09,REQUENA,4.0,2026-10-08,2026-11-15,90,38,8.21612527918532,8.541781026581152,8.21612527918532,5.74,7.513394455857471,7.705497019960034,9.827497019960035,HIBRIDO_ANALOGO_CLIM,ANALOGO_ESTADO_V2_HIBRIDO_CLIMATOLOGIA,30,10,2.5452691716216744,OK_ANALOGOS_CONTINUIDAD_CORREGIDA,-0.4454970199600341,0.4454970199600341,0.0,CORREGIDO_ANCLA_OBSERVADO
2026-10-09,REQUENA,4.0,2026-10-08,2026-11-16,90,39,8.139390163911202,8.43146217149263,8.139390163911202,5.74,7.532779071242086,7.605497019960034,9.926497019960031,HIBRIDO_ANALOGO_CLIM,ANALOGO_ESTADO_V2_HIBRIDO_CLIMATOLOGIA,30,10,2.5452691716216744,OK_ANALOGOS_CONTINUIDAD_CORREGIDA,-0.4454970199600341,0.4454970199600341,0.0,CORREGIDO_ANCLA_OBSERVADO
2026-10-09,REQUENA,4.0,2026-10-08,2026-11-17,90,40,8.142773709404416,8.441322310536865,8.142773709404416,5.74,7.545676507139521,7.464497019960035,9.970497019960032,HIBRIDO_ANALOGO_CLIM,ANALOGO_ESTADO_V2_HIBRIDO_CLIMATOLOGIA,30,10,2.5452691716216744,OK_ANALOGOS_CONTINUIDAD_CORREGIDA,-0.4454970199600341,0.4454970199600341,0.0,CORREGIDO_ANCLA_OBSERVADO
2026-10-09,REQUENA,4.0,2026-10-08,2026-11-18,90,41,8.134795032275,8.434904419386855,8.134795032275,5.74,7.556535481498496,7.3164970199600345,9.997497019960033,HIBRIDO_ANALOGO_CLIM,ANALOGO_ESTADO_V2_HIBRIDO_CLIMATOLOGIA,30,10,2.5452691716216744,OK_ANALOGOS_CONTINUIDAD_CORREGIDA,-0.4454970199600341,0.4454970199600341,0.0,CORREGIDO_ANCLA_OBSERVADO
2026-10-09,REQUENA,4.0,2026-10-08,2026-11-19,90,42,8.132920529931702,8.43883595048844,8.132920529931702,5.74,7.564791891754905,7.197497019960035,10.036497019960034,HIBRIDO_ANALOGO_CLIM,ANALOGO_ESTADO_V2_HIBRIDO_CLIMATOLOGIA,30,10,2.5452691716216744,OK_ANALOGOS_CONTINUIDAD_CORREGIDA,-0.4454970199600341,0.4454970199600341,0.0,CORREGIDO_ANCLA_OBSERVADO
2026-10-09,REQUENA,4.0,2026-10-08,2026-11-20,90,43,8.136529373986434,8.439050938322858,8.136529373986434,5.74,7.594804712267726,7.094497019960035,10.067497019960033,HIBRIDO_ANALOGO_CLIM,ANALOGO_ESTADO_V2_HIBRIDO_CLIMATOLOGIA,30,10,2.5452691716216744,OK_ANALOGOS_CONTINUIDAD_CORREGIDA,-0.4454970199600341,0.4454970199600341,0.0,CORREGIDO_ANCLA_OBSERVADO
2026-10-09,REQUENA,4.0,2026-10-08,2026-11-21,90,44,8.145468335340901,8.443104899846151,8.145468335340901,5.74,7.63136881483183,7.048497019960034,10.095497019960032,HIBRIDO_ANALOGO_CLIM,ANALOGO_ESTADO_V2_HIBRIDO_CLIMATOLOGIA,30,10,2.5452691716216744,OK_ANALOGOS_CONTINUIDAD_CORREGIDA,-0.4454970199600341,0.4454970199600341,0.0,CORREGIDO_ANCLA_OBSERVADO
2026-10-09,REQUENA,4.0,2026-10-08,2026-11-22,90,45,8.149637635763643,8.439483543707343,8.149637635763643,5.74,7.666561122524137,7.037497019960035,10.114497019960034,HIBRIDO_ANALOGO_CLIM,ANALOGO_ESTADO_V2_HIBRIDO_CLIMATOLOGIA,30,10,2.5452691716216744,OK_ANALOGOS_CONTINUIDAD_CORREGIDA,-0.4454970199600341,0.4454970199600341,0.0,CORREGIDO_ANCLA_OBSERVADO
2026-10-09,REQUENA,4.0,2026-10-08,2026-11-23,90,46,8.164489906159488,8.447506620588396,8.164489906159488,5.74,7.709202148165161,7.062497019960034,10.142497019960032,HIBRIDO_ANALOGO_CLIM,ANALOGO_ESTADO_V2_HIBRIDO_CLIMATOLOGIA,30,10,2.5452691716216744,OK_ANALOGOS_CONTINUIDAD_CORREGIDA,-0.4454970199600341,0.4454970199600341,0.0,CORREGIDO_ANCLA_OBSERVADO
2026-10-09,REQUENA,4.0,2026-10-08,2026-11-24,90,47,8.178597286120855,8.448478490150634,8.178597286120855,5.74,7.759420096883111,7.077497019960035,10.161497019960034,HIBRIDO_ANALOGO_CLIM,ANALOGO_ESTADO_V2_HIBRIDO_CLIMATOLOGIA,30,10,2.5452691716216744,OK_ANALOGOS_CONTINUIDAD_CORREGIDA,-0.4454970199600341,0.4454970199600341,0.0,CORREGIDO_ANCLA_OBSERVADO
2026-10-09,REQUENA,4.0,2026-10-08,2026-11-25,90,48,8.20153344301914,8.467557725058544,8.20153344301914,5.74,7.802497019960034,7.138497019960034,10.201497019960033,HIBRIDO_ANALOGO_CLIM,ANALOGO_ESTADO_V2_HIBRIDO_CLIMATOLOGIA,30,10,2.5452691716216744,OK_ANALOGOS_CONTINUIDAD_CORREGIDA,-0.4454970199600341,0.4454970199600341,0.0,CORREGIDO_ANCLA_OBSERVADO
2026-10-09,REQUENA,4.0,2026-10-08,2026-11-26,90,49,8.244505811157747,8.487600719059092,8.244505811157747,5.74,7.892266250729264,7.200497019960034,10.236497019960034,HIBRIDO_ANALOGO_CLIM,ANALOGO_ESTADO_V2_HIBRIDO_CLIMATOLOGIA,30,10,2.5452691716216744,OK_ANALOGOS_CONTINUIDAD_CORREGIDA,-0.4454970199600341,0.4454970199600341,0.0,CORREGIDO_ANCLA_OBSERVADO
2026-10-09,REQUENA,4.0,2026-10-08,2026-11-27,90,50,8.28995648347722,8.512299323718434,8.28995648347722,5.74,7.978676507139521,7.233497019960034,10.273497019960033,HIBRIDO_ANALOGO_CLIM,ANALOGO_ESTADO_V2_HIBRIDO_CLIMATOLOGIA,30,10,2.5452691716216744,OK_ANALOGOS_CONTINUIDAD_CORREGIDA,-0.4454970199600341,0.4454970199600341,0.0,CORREGIDO_ANCLA_OBSERVADO
2026-10-09,REQUENA,4.0,2026-10-08,2026-11-28,90,51,8.32368647264536,8.52148703800809,8.32368647264536,5.74,8.056073943036957,7.258497019960034,10.295497019960035,HIBRIDO_ANALOGO_CLIM,ANALOGO_ESTADO_V2_HIBRIDO_CLIMATOLOGIA,30,10,2.5452691716216744,OK_ANALOGOS_CONTINUIDAD_CORREGIDA,-0.4454970199600341,0.4454970199600341,0.0,CORREGIDO_ANCLA_OBSERVADO
2026-10-09,REQUENA,4.0,2026-10-08,2026-11-29,90,52,8.354701116845284,8.529004249757534,8.354701116845284,5.74,8.126766250729265,7.229497019960035,10.325497019960036,HIBRIDO_ANALOGO_CLIM,ANALOGO_ESTADO_V2_HIBRIDO_CLIMATOLOGIA,30,10,2.5452691716216744,OK_ANALOGOS_CONTINUIDAD_CORREGIDA,-0.4454970199600341,0.4454970199600341,0.0,CORREGIDO_ANCLA_OBSERVADO
2026-10-09,REQUENA,4.0,2026-10-08,2026-11-30,90,53,8.38920980388234,8.551958110184447,8.38920980388234,5.74,8.183471378934392,7.1674970199600345,10.522497019960035,HIBRIDO_ANALOGO_CLIM,ANALOGO_ESTADO_V2_HIBRIDO_CLIMATOLOGIA,30,10,2.5452691716216744,OK_ANALOGOS_CONTINUIDAD_CORREGIDA,-0.4454970199600341,0.4454970199600341,0.0,CORREGIDO_ANCLA_OBSERVADO
2026-10-09,REQUENA,4.0,2026-10-08,2026-12-01,90,54,8.4365749951765,8.574267202171793,8.4365749951765,5.74,8.268284519960034,7.097497019960034,10.656497019960032,HIBRIDO_ANALOGO_CLIM,ANALOGO_ESTADO_V2_HIBRIDO_CLIMATOLOGIA,30,10,2.5452691716216744,OK_ANALOGOS_CONTINUIDAD_CORREGIDA,-0.4454970199600341,0.4454970199600341,0.0,CORREGIDO_ANCLA_OBSERVADO
2026-10-09,REQUENA,4.0,2026-10-08,2026-12-02,90,55,8.484399672991334,8.61055287940243,8.484399672991334,5.74,8.335309519960035,7.142497019960035,10.779497019960033,HIBRIDO_ANALOGO_CLIM,ANALOGO_ESTADO_V2_HIBRIDO_CLIMATOLOGIA,30,10,2.5452691716216744,OK_ANALOGOS_CONTINUIDAD_CORREGIDA,-0.4454970199600341,0.4454970199600341,0.0,CORREGIDO_ANCLA_OBSERVADO
2026-10-09,REQUENA,4.0,2026-10-08,2026-12-03,90,56,8.499513007724229,8.634747309517895,8.499513007724229,5.74,8.344959519960035,7.322497019960035,10.669497019960033,HIBRIDO_ANALOGO_CLIM,ANALOGO_ESTADO_V2_HIBRIDO_CLIMATOLOGIA,30,10,2.5452691716216744,OK_ANALOGOS_CONTINUIDAD_CORREGIDA,-0.4454970199600341,0.4454970199600341,0.0,CORREGIDO_ANCLA_OBSERVADO
2026-10-09,REQUENA,4.0,2026-10-08,2026-12-04,90,57,8.511238475500516,8.645734911465713,8.511238475500516,5.74,8.362584519960034,7.469497019960035,10.754497019960034,HIBRIDO_ANALOGO_CLIM,ANALOGO_ESTADO_V2_HIBRIDO_CLIMATOLOGIA,30,10,2.5452691716216744,OK_ANALOGOS_CONTINUIDAD_CORREGIDA,-0.4454970199600341,0.4454970199600341,0.0,CORREGIDO_ANCLA_OBSERVADO
2026-10-09,REQUENA,4.0,2026-10-08,2026-12-05,90,58,8.528057947430405,8.656264540870431,8.528057947430405,5.74,8.391009519960033,7.515497019960035,10.836497019960035,HIBRIDO_ANALOGO_CLIM,ANALOGO_ESTADO_V2_HIBRIDO_CLIMATOLOGIA,30,10,2.5452691716216744,OK_ANALOGOS_CONTINUIDAD_CORREGIDA,-0.4454970199600341,0.4454970199600341,0.0,CORREGIDO_ANCLA_OBSERVADO
2026-10-09,REQUENA,4.0,2026-10-08,2026-12-06,90,59,8.55253437214079,8.652036278348408,8.55253437214079,5.74,8.449659519960033,7.4704970199600345,10.897497019960035,HIBRIDO_ANALOGO_CLIM,ANALOGO_ESTADO_V2_HIBRIDO_CLIMATOLOGIA,30,10,2.5452691716216744,OK_ANALOGOS_CONTINUIDAD_CORREGIDA,-0.4454970199600341,0.4454970199600341,0.0,CORREGIDO_ANCLA_OBSERVADO
2026-10-09,REQUENA,4.0,2026-10-08,2026-12-07,90,60,8.62269792851179,8.731586337063543,8.62269792851179,5.74,8.513809519960034,7.728797019960035,10.806497019960034,HIBRIDO_ANALOGO_CLIM,ANALOGO_ESTADO_V2_HIBRIDO_CLIMATOLOGIA,30,10,2.5452691716216744,OK_ANALOGOS_CONTINUIDAD_CORREGIDA,-0.4454970199600341,0.4454970199600341,0.0,CORREGIDO_ANCLA_OBSERVADO
2026-10-09,REQUENA,4.0,2026-10-08,2026-12-08,90,61,8.582458950211553,8.604480395047872,8.582458950211553,5.74,8.561159519960036,7.164497019960034,10.684497019960034,HIBRIDO_ANALOGO_CLIM,ANALOGO_ESTADO_V2_HIBRIDO_CLIMATOLOGIA,30,10,2.5452691716216744,OK_ANALOGOS_CONTINUIDAD_CORREGIDA,-0.4454970199600341,0.4454970199600341,0.0,CORREGIDO_ANCLA_OBSERVADO
2026-10-09,REQUENA,4.0,2026-10-08,2026-12-09,90,62,8.588419626529696,8.56425844734554,8.588419626529696,5.74,8.611022019960032,6.959497019960034,10.568497019960034,HIBRIDO_ANALOGO_CLIM,ANALOGO_ESTADO_V2_HIBRIDO_CLIMATOLOGIA,30,10,2.5452691716216744,OK_ANALOGOS_CONTINUIDAD_CORREGIDA,-0.4454970199600341,0.4454970199600341,0.0,CORREGIDO_ANCLA_OBSERVADO
2026-10-09,REQUENA,4.0,2026-10-08,2026-12-10,90,63,8.599407274345303,8.521317950244807,8.599407274345303,5.74,8.670059519960034,6.710497019960035,10.487497019960035,HIBRIDO_ANALOGO_CLIM,ANALOGO_ESTADO_V2_HIBRIDO_CLIMATOLOGIA,30,10,2.5452691716216744,OK_ANALOGOS_CONTINUIDAD_CORREGIDA,-0.4454970199600341,0.4454970199600341,0.0,CORREGIDO_ANCLA_OBSERVADO
2026-10-09,REQUENA,4.0,2026-10-08,2026-12-11,90,64,8.620521945085986,8.487150430944215,8.620521945085986,5.74,8.737222019960033,6.450497019960034,10.407497019960037,HIBRIDO_ANALOGO_CLIM,ANALOGO_ESTADO_V2_HIBRIDO_CLIMATOLOGIA,30,10,2.5452691716216744,OK_ANALOGOS_CONTINUIDAD_CORREGIDA,-0.4454970199600341,0.4454970199600341,0.0,CORREGIDO_ANCLA_OBSERVADO
2026-10-09,REQUENA,4.0,2026-10-08,2026-12-12,90,65,8.65163150878043,8.474502950113624,8.65163150878043,5.74,8.801509519960035,6.262497019960034,10.38249701996003,HIBRIDO_ANALOGO_CLIM,ANALOGO_ESTADO_V2_HIBRIDO_CLIMATOLOGIA,30,10,2.5452691716216744,OK_ANALOGOS_CONTINUIDAD_CORREGIDA,-0.4454970199600341,0.4454970199600341,0.0,CORREGIDO_ANCLA_OBSERVADO
2026-10-09,REQUENA,4.0,2026-10-08,2026-12-13,90,66,8.714873181767611,8.488916268421317,8.714873181767611,5.74,8.899747019960035,6.163497019960035,10.363497019960032,HIBRIDO_ANALOGO_CLIM,ANALOGO_ESTADO_V2_HIBRIDO_CLIMATOLOGIA,30,10,2.5452691716216744,OK_ANALOGOS_CONTINUIDAD_CORREGIDA,-0.4454970199600341,0.4454970199600341,0.0,CORREGIDO_ANCLA_OBSERVADO
2026-10-09,REQUENA,4.0,2026-10-08,2026-12-14,90,67,8.781490066275282,8.508266653126633,8.781490066275282,5.74,8.997622019960033,6.163497019960035,10.363497019960032,HIBRIDO_ANALOGO_CLIM,ANALOGO_ESTADO_V2_HIBRIDO_CLIMATOLOGIA,30,10,2.5452691716216744,OK_ANALOGOS_CONTINUIDAD_CORREGIDA,-0.4454970199600341,0.4454970199600341,0.0,CORREGIDO_ANCLA_OBSERVADO
2026-10-09,REQUENA,4.0,2026-10-08,2026-12-15,90,68,8.840730181426888,8.535100469498932,8.840730181426888,5.74,9.074447019960033,6.263497019960034,10.344497019960034,HIBRIDO_ANALOGO_CLIM,ANALOGO_ESTADO_V2_HIBRIDO_CLIMATOLOGIA,30,10,2.5452691716216744,OK_ANALOGOS_CONTINUIDAD_CORREGIDA,-0.4454970199600341,0.4454970199600341,0.0,CORREGIDO_ANCLA_OBSERVADO
2026-10-09,REQUENA,4.0,2026-10-08,2026-12-16,90,69,8.885522957694945,8.557622020512767,8.885522957694945,5.74,9.127884519960034,6.408497019960034,10.324497019960035,HIBRIDO_ANALOGO_CLIM,ANALOGO_ESTADO_V2_HIBRIDO_CLIMATOLOGIA,30,10,2.5452691716216744,OK_ANALOGOS_CONTINUIDAD_CORREGIDA,-0.4454970199600341,0.4454970199600341,0.0,CORREGIDO_ANCLA_OBSERVADO
2026-10-09,REQUENA,4.0,2026-10-08,2026-12-17,90,70,8.920872261319023,8.560792599221607,8.920872261319023,5.74,9.178072019960034,6.549497019960034,10.295497019960031,HIBRIDO_ANALOGO_CLIM,ANALOGO_ESTADO_V2_HIBRIDO_CLIMATOLOGIA,30,10,2.5452691716216744,OK_ANALOGOS_CONTINUIDAD_CORREGIDA,-0.4454970199600341,0.4454970199600341,0.0,CORREGIDO_ANCLA_OBSERVADO
2026-10-09,REQUENA,4.0,2026-10-08,2026-12-18,90,71,8.952229142020503,8.560399155618327,8.952229142020503,5.74,9.222647019960036,6.690497019960033,10.287497019960032,HIBRIDO_ANALOGO_CLIM,ANALOGO_ESTADO_V2_HIBRIDO_CLIMATOLOGIA,30,10,2.5452691716216744,OK_ANALOGOS_CONTINUIDAD_CORREGIDA,-0.4454970199600341,0.4454970199600341,0.0,CORREGIDO_ANCLA_OBSERVADO
2026-10-09,REQUENA,4.0,2026-10-08,2026-12-19,90,72,8.992376726980691,8.559483787511677,8.992376726980691,5.74,9.280972019960032,6.862497019960035,10.286497019960034,HIBRIDO_ANALOGO_CLIM,ANALOGO_ESTADO_V2_HIBRIDO_CLIMATOLOGIA,30,10,2.5452691716216744,OK_ANALOGOS_CONTINUIDAD_CORREGIDA,-0.4454970199600341,0.4454970199600341,0.0,CORREGIDO_ANCLA_OBSERVADO
2026-10-09,REQUENA,4.0,2026-10-08,2026-12-20,90,73,9.031667238523077,8.557955822674188,9.031667238523077,5.74,9.336659519960033,7.015497019960034,10.226497019960032,HIBRIDO_ANALOGO_CLIM,ANALOGO_ESTADO_V2_HIBRIDO_CLIMATOLOGIA,30,10,2.5452691716216744,OK_ANALOGOS_CONTINUIDAD_CORREGIDA,-0.4454970199600341,0.4454970199600341,0.0,CORREGIDO_ANCLA_OBSERVADO
2026-10-09,REQUENA,4.0,2026-10-08,2026-12-21,90,74,9.108478914723964,8.634427506300717,9.108478914723964,5.74,9.403159519960035,7.2284970199600345,10.355497019960033,HIBRIDO_ANALOGO_CLIM,ANALOGO_ESTADO_V2_HIBRIDO_CLIMATOLOGIA,30,10,2.5452691716216744,OK_ANALOGOS_CONTINUIDAD_CORREGIDA,-0.4454970199600341,0.4454970199600341,0.0,CORREGIDO_ANCLA_OBSERVADO
2026-10-09,REQUENA,4.0,2026-10-08,2026-12-22,90,75,9.182533623175086,8.729386295200175,9.182533623175086,5.74,9.454422019960035,7.354497019960036,10.423497019960035,HIBRIDO_ANALOGO_CLIM,ANALOGO_ESTADO_V2_HIBRIDO_CLIMATOLOGIA,30,10,2.5452691716216744,OK_ANALOGOS_CONTINUIDAD_CORREGIDA,-0.4454970199600341,0.4454970199600341,0.0,CORREGIDO_ANCLA_OBSERVADO
2026-10-09,REQUENA,4.0,2026-10-08,2026-12-23,90,76,9.243841436561748,8.807306792510158,9.243841436561748,5.74,9.496572019960034,7.271497019960034,10.441497019960035,HIBRIDO_ANALOGO_CLIM,ANALOGO_ESTADO_V2_HIBRIDO_CLIMATOLOGIA,30,10,2.5452691716216744,OK_ANALOGOS_CONTINUIDAD_CORREGIDA,-0.4454970199600341,0.4454970199600341,0.0,CORREGIDO_ANCLA_OBSERVADO
2026-10-09,REQUENA,4.0,2026-10-08,2026-12-24,90,77,9.311416605715152,8.896591794160358,9.311416605715152,5.74,9.543072019960036,7.197497019960034,10.436497019960033,HIBRIDO_ANALOGO_CLIM,ANALOGO_ESTADO_V2_HIBRIDO_CLIMATOLOGIA,30,10,2.5452691716216744,OK_ANALOGOS_CONTINUIDAD_CORREGIDA,-0.4454970199600341,0.4454970199600341,0.0,CORREGIDO_ANCLA_OBSERVADO
2026-10-09,REQUENA,4.0,2026-10-08,2026-12-25,90,78,9.444946146445478,9.159524881347021,9.444946146445478,5.74,9.598634519960033,7.096497019960035,10.582497019960034,HIBRIDO_ANALOGO_CLIM,ANALOGO_ESTADO_V2_HIBRIDO_CLIMATOLOGIA,30,10,2.5452691716216744,OK_ANALOGOS_CONTINUIDAD_CORREGIDA,-0.4454970199600341,0.4454970199600341,0.0,CORREGIDO_ANCLA_OBSERVADO
2026-10-09,REQUENA,4.0,2026-10-08,2026-12-26,90,79,9.513129975029962,9.25210810796958,9.513129975029962,5.74,9.648597019960036,6.989497019960035,10.703497019960032,HIBRIDO_ANALOGO_CLIM,ANALOGO_ESTADO_V2_HIBRIDO_CLIMATOLOGIA,30,10,2.5452691716216744,OK_ANALOGOS_CONTINUIDAD_CORREGIDA,-0.4454970199600341,0.4454970199600341,0.0,CORREGIDO_ANCLA_OBSERVADO
2026-10-09,REQUENA,4.0,2026-10-08,2026-12-27,90,80,9.564429084802601,9.31319321448774,9.564429084802601,5.74,9.690047019960033,6.900497019960035,10.759497019960033,HIBRIDO_ANALOGO_CLIM,ANALOGO_ESTADO_V2_HIBRIDO_CLIMATOLOGIA,30,10,2.5452691716216744,OK_ANALOGOS_CONTINUIDAD_CORREGIDA,-0.4454970199600341,0.4454970199600341,0.0,CORREGIDO_ANCLA_OBSERVADO
2026-10-09,REQUENA,4.0,2026-10-08,2026-12-28,90,81,9.610505670578998,9.352024598787622,9.610505670578998,5.74,9.734959519960036,6.856497019960035,10.761497019960032,HIBRIDO_ANALOGO_CLIM,ANALOGO_ESTADO_V2_HIBRIDO_CLIMATOLOGIA,30,10,2.5452691716216744,OK_ANALOGOS_CONTINUIDAD_CORREGIDA,-0.4454970199600341,0.4454970199600341,0.0,CORREGIDO_ANCLA_OBSERVADO
2026-10-09,REQUENA,4.0,2026-10-08,2026-12-29,90,82,9.659629959074095,9.38044248558339,9.659629959074095,5.74,9.789009519960032,6.794497019960034,10.790497019960032,HIBRIDO_ANALOGO_CLIM,ANALOGO_ESTADO_V2_HIBRIDO_CLIMATOLOGIA,30,10,2.5452691716216744,OK_ANALOGOS_CONTINUIDAD_CORREGIDA,-0.4454970199600341,0.4454970199600341,0.0,CORREGIDO_ANCLA_OBSERVADO
2026-10-09,REQUENA,4.0,2026-10-08,2026-12-30,90,83,9.70447505037119,9.398671713185408,9.70447505037119,5.74,9.840797019960036,6.705497019960035,10.881497019960033,HIBRIDO_ANALOGO_CLIM,ANALOGO_ESTADO_V2_HIBRIDO_CLIMATOLOGIA,30,10,2.5452691716216744,OK_ANALOGOS_CONTINUIDAD_CORREGIDA,-0.4454970199600341,0.4454970199600341,0.0,CORREGIDO_ANCLA_OBSERVADO
2026-10-09,REQUENA,4.0,2026-10-08,2026-12-31,90,84,9.745112747440373,9.409761944894505,9.745112747440373,5.74,9.888834519960035,6.625497019960036,10.934497019960034,HIBRIDO_ANALOGO_CLIM,ANALOGO_ESTADO_V2_HIBRIDO_CLIMATOLOGIA,30,10,2.5452691716216744,OK_ANALOGOS_CONTINUIDAD_CORREGIDA,-0.4454970199600341,0.4454970199600341,0.0,CORREGIDO_ANCLA_OBSERVADO
2026-10-09,REQUENA,4.0,2026-10-08,2027-01-01,90,85,9.8886627082952,9.430251907438855,9.8886627082952,5.74,10.07742009688311,6.554497019960035,10.950497019960032,HIBRIDO_ANALOGO_CLIM,ANALOGO_ESTADO_V2_HIBRIDO_CLIMATOLOGIA,30,10,2.5452691716216744,OK_ANALOGOS_CONTINUIDAD_CORREGIDA,-0.4454970199600341,0.4454970199600341,0.0,CORREGIDO_ANCLA_OBSERVADO
2026-10-09,REQUENA,4.0,2026-10-08,2027-01-02,90,86,9.940021516520417,9.468931894698034,9.940021516520417,5.74,10.126266250729266,6.483497019960035,10.983497019960033,HIBRIDO_ANALOGO_CLIM,ANALOGO_ESTADO_V2_HIBRIDO_CLIMATOLOGIA,30,10,2.5452691716216744,OK_ANALOGOS_CONTINUIDAD_CORREGIDA,-0.4454970199600341,0.4454970199600341,0.0,CORREGIDO_ANCLA_OBSERVADO
2026-10-09,REQUENA,4.0,2026-10-08,2027-01-03,90,87,10.001645582698032,9.551252865813819,10.001645582698032,5.74,10.172484199447215,6.440497019960035,11.009497019960033,HIBRIDO_ANALOGO_CLIM,ANALOGO_ESTADO_V2_HIBRIDO_CLIMATOLOGIA,30,10,2.5452691716216744,OK_ANALOGOS_CONTINUIDAD_CORREGIDA,-0.4454970199600341,0.4454970199600341,0.0,CORREGIDO_ANCLA_OBSERVADO
2026-10-09,REQUENA,4.0,2026-10-08,2027-01-04,90,88,10.053528015312121,9.609488252530369,10.053528015312121,5.74,10.214997019960034,6.7162970199600345,11.055497019960033,HIBRIDO_ANALOGO_CLIM,ANALOGO_ESTADO_V2_HIBRIDO_CLIMATOLOGIA,30,10,2.5452691716216744,OK_ANALOGOS_CONTINUIDAD_CORREGIDA,-0.4454970199600341,0.4454970199600341,0.0,CORREGIDO_ANCLA_OBSERVADO
2026-10-09,REQUENA,4.0,2026-10-08,2027-01-05,90,89,10.090655014111828,9.63120166233422,10.090655014111828,5.74,10.250689327652342,6.668997019960035,11.094497019960034,HIBRIDO_ANALOGO_CLIM,ANALOGO_ESTADO_V2_HIBRIDO_CLIMATOLOGIA,30,10,2.5452691716216744,OK_ANALOGOS_CONTINUIDAD_CORREGIDA,-0.4454970199600341,0.4454970199600341,0.0,CORREGIDO_ANCLA_OBSERVADO
2026-10-09,REQUENA,4.0,2026-10-08,2027-01-06,90,90,10.122524195407074,9.634028798671274,10.122524195407074,5.74,10.285355994319008,6.5024970199600345,11.130497019960032,HIBRIDO_ANALOGO_CLIM,ANALOGO_ESTADO_V2_HIBRIDO_CLIMATOLOGIA,30,10,2.5452691716216744,OK_ANALOGOS_CONTINUIDAD_CORREGIDA,-0.4454970199600341,0.4454970199600341,0.0,CORREGIDO_ANCLA_OBSERVADO
2026-10-09,SAN REGIS,34.0,2026-10-08,2026-10-09,30,1,5.06,5.147733983069057,5.06,5.06,4.796798050792829,4.949089717459496,5.406089717459496,HIBRIDO_ANALOGO_CLIM,ANALOGO_ESTADO_V2_HIBRIDO_CLIMATOLOGIA,30,10,1.80379204248575,OK_ANALOGOS_CONTINUIDAD_CORREGIDA,-0.037089717459496185,0.037089717459496185,0.0,CORREGIDO_ANCLA_OBSERVADO
2026-10-09,SAN REGIS,34.0,2026-10-08,2026-10-10,30,2,5.193104274242528,5.312484126503539,5.193104274242528,5.06,4.8349647174594965,4.8460897174594955,5.766089717459495,HIBRIDO_ANALOGO_CLIM,ANALOGO_ESTADO_V2_HIBRIDO_CLIMATOLOGIA,30,10,1.80379204248575,OK_ANALOGOS_CONTINUIDAD_CORREGIDA,-0.037089717459496185,0.037089717459496185,0.0,CORREGIDO_ANCLA_OBSERVADO
2026-10-09,SAN REGIS,34.0,2026-10-08,2026-10-11,30,3,5.321428339535774,5.457707880227867,5.321428339535774,5.06,4.912589717459496,4.712089717459495,6.348589717459496,HIBRIDO_ANALOGO_CLIM,ANALOGO_ESTADO_V2_HIBRIDO_CLIMATOLOGIA,30,10,1.80379204248575,OK_ANALOGOS_CONTINUIDAD_CORREGIDA,-0.037089717459496185,0.037089717459496185,0.0,CORREGIDO_ANCLA_OBSERVADO
2026-10-09,SAN REGIS,34.0,2026-10-08,2026-10-12,30,4,5.418237186576575,5.557929861467453,5.418237186576575,5.06,4.999159161903941,4.537089717459496,6.304289717459495,HIBRIDO_ANALOGO_CLIM,ANALOGO_ESTADO_V2_HIBRIDO_CLIMATOLOGIA,30,10,1.80379204248575,OK_ANALOGOS_CONTINUIDAD_CORREGIDA,-0.037089717459496185,0.037089717459496185,0.0,CORREGIDO_ANCLA_OBSERVADO
2026-10-09,SAN REGIS,34.0,2026-10-08,2026-10-13,30,5,5.470640393526905,5.5991433966604855,5.470640393526905,5.06,5.0851313841261625,4.306089717459495,6.337089717459496,HIBRIDO_ANALOGO_CLIM,ANALOGO_ESTADO_V2_HIBRIDO_CLIMATOLOGIA,30,10,1.80379204248575,OK_ANALOGOS_CONTINUIDAD_CORREGIDA,-0.037089717459496185,0.037089717459496185,0.0,CORREGIDO_ANCLA_OBSERVADO
2026-10-09,SAN REGIS,34.0,2026-10-08,2026-10-14,30,6,5.5584055327745165,5.690834878620263,5.5584055327745165,5.06,5.161117495237274,4.327089717459496,6.478089717459496,HIBRIDO_ANALOGO_CLIM,ANALOGO_ESTADO_V2_HIBRIDO_CLIMATOLOGIA,30,10,1.80379204248575,OK_ANALOGOS_CONTINUIDAD_CORREGIDA,-0.037089717459496185,0.037089717459496185,0.0,CORREGIDO_ANCLA_OBSERVADO
2026-10-09,SAN REGIS,34.0,2026-10-08,2026-10-15,30,7,5.604346386839225,5.733357869225061,5.604346386839225,5.06,5.217311939681719,4.383089717459496,6.466889717459496,HIBRIDO_ANALOGO_CLIM,ANALOGO_ESTADO_V2_HIBRIDO_CLIMATOLOGIA,30,10,1.80379204248575,OK_ANALOGOS_CONTINUIDAD_CORREGIDA,-0.037089717459496185,0.037089717459496185,0.0,CORREGIDO_ANCLA_OBSERVADO
2026-10-09,SAN REGIS,34.0,2026-10-08,2026-10-16,30,8,5.602202265359736,5.722860151696852,5.602202265359736,5.06,5.240228606348385,4.376089717459496,6.570289717459496,HIBRIDO_ANALOGO_CLIM,ANALOGO_ESTADO_V2_HIBRIDO_CLIMATOLOGIA,30,10,1.80379204248575,OK_ANALOGOS_CONTINUIDAD_CORREGIDA,-0.037089717459496185,0.037089717459496185,0.0,CORREGIDO_ANCLA_OBSERVADO
2026-10-09,SAN REGIS,34.0,2026-10-08,2026-10-17,30,9,5.576587222289229,5.684836390565807,5.576587222289229,5.06,5.251839717459496,4.2850897174594955,6.631589717459496,HIBRIDO_ANALOGO_CLIM,ANALOGO_ESTADO_V2_HIBRIDO_CLIMATOLOGIA,30,10,1.80379204248575,OK_ANALOGOS_CONTINUIDAD_CORREGIDA,-0.037089717459496185,0.037089717459496185,0.0,CORREGIDO_ANCLA_OBSERVADO
2026-10-09,SAN REGIS,34.0,2026-10-08,2026-10-18,30,10,5.530567834694076,5.622801281179677,5.530567834694076,5.06,5.253867495237274,4.354089717459496,6.725289717459495,HIBRIDO_ANALOGO_CLIM,ANALOGO_ESTADO_V2_HIBRIDO_CLIMATOLOGIA,30,10,1.80379204248575,OK_ANALOGOS_CONTINUIDAD_CORREGIDA,-0.037089717459496185,0.037089717459496185,0.0,CORREGIDO_ANCLA_OBSERVADO
2026-10-09,SAN REGIS,34.0,2026-10-08,2026-10-19,30,11,5.484753262962917,5.54384944479739,5.484753262962917,5.06,5.307464717459496,4.420089717459496,6.474289717459496,HIBRIDO_ANALOGO_CLIM,ANALOGO_ESTADO_V2_HIBRIDO_CLIMATOLOGIA,30,10,1.80379204248575,OK_ANALOGOS_CONTINUIDAD_CORREGIDA,-0.037089717459496185,0.037089717459496185,0.0,CORREGIDO_ANCLA_OBSERVADO
2026-10-09,SAN REGIS,34.0,2026-10-08,2026-10-20,30,12,5.474951610748428,5.516956501103997,5.474951610748428,5.06,5.348936939681718,4.513089717459495,6.281889717459496,HIBRIDO_ANALOGO_CLIM,ANALOGO_ESTADO_V2_HIBRIDO_CLIMATOLOGIA,30,10,1.80379204248575,OK_ANALOGOS_CONTINUIDAD_CORREGIDA,-0.037089717459496185,0.037089717459496185,0.0,CORREGIDO_ANCLA_OBSERVADO
2026-10-09,SAN REGIS,34.0,2026-10-08,2026-10-21,30,13,5.469581209550203,5.502689484691549,5.469581209550203,5.06,5.370256384126163,4.422089717459495,6.614389717459495,HIBRIDO_ANALOGO_CLIM,ANALOGO_ESTADO_V2_HIBRIDO_CLIMATOLOGIA,30,10,1.80379204248575,OK_ANALOGOS_CONTINUIDAD_CORREGIDA,-0.037089717459496185,0.037089717459496185,0.0,CORREGIDO_ANCLA_OBSERVADO
2026-10-09,SAN REGIS,34.0,2026-10-08,2026-10-22,30,14,5.448655384390741,5.46608468077523,5.448655384390741,5.06,5.396367495237274,4.451089717459495,6.5761897174594965,HIBRIDO_ANALOGO_CLIM,ANALOGO_ESTADO_V2_HIBRIDO_CLIMATOLOGIA,30,10,1.80379204248575,OK_ANALOGOS_CONTINUIDAD_CORREGIDA,-0.037089717459496185,0.037089717459496185,0.0,CORREGIDO_ANCLA_OBSERVADO
2026-10-09,SAN REGIS,34.0,2026-10-08,2026-10-23,30,15,5.459938055872572,5.4674245390473,5.459938055872572,5.06,5.437478606348385,4.481389717459496,6.379389717459496,HIBRIDO_ANALOGO_CLIM,ANALOGO_ESTADO_V2_HIBRIDO_CLIMATOLOGIA,30,10,1.80379204248575,OK_ANALOGOS_CONTINUIDAD_CORREGIDA,-0.037089717459496185,0.037089717459496185,0.0,CORREGIDO_ANCLA_OBSERVADO
2026-10-09,SAN REGIS,34.0,2026-10-08,2026-10-24,30,16,5.46711134317233,5.471076885076608,5.46711134317233,5.06,5.455214717459496,4.507389717459496,6.234389717459496,HIBRIDO_ANALOGO_CLIM,ANALOGO_ESTADO_V2_HIBRIDO_CLIMATOLOGIA,30,10,1.80379204248575,OK_ANALOGOS_CONTINUIDAD_CORREGIDA,-0.037089717459496185,0.037089717459496185,0.0,CORREGIDO_ANCLA_OBSERVADO
2026-10-09,SAN REGIS,34.0,2026-10-08,2026-10-25,30,17,5.454569226195128,5.458104062440339,5.454569226195128,5.06,5.4439647174594965,4.404089717459496,6.3780897174594955,HIBRIDO_ANALOGO_CLIM,ANALOGO_ESTADO_V2_HIBRIDO_CLIMATOLOGIA,30,10,1.80379204248575,OK_ANALOGOS_CONTINUIDAD_CORREGIDA,-0.037089717459496185,0.037089717459496185,0.0,CORREGIDO_ANCLA_OBSERVADO
2026-10-09,SAN REGIS,34.0,2026-10-08,2026-10-26,30,18,5.431980997539069,5.417555868676705,5.431980997539069,5.06,5.475256384126163,4.103589717459496,6.360089717459496,HIBRIDO_ANALOGO_CLIM,ANALOGO_ESTADO_V2_HIBRIDO_CLIMATOLOGIA,30,10,1.80379204248575,OK_ANALOGOS_CONTINUIDAD_CORREGIDA,-0.037089717459496185,0.037089717459496185,0.0,CORREGIDO_ANCLA_OBSERVADO
2026-10-09,SAN REGIS,34.0,2026-10-08,2026-10-27,30,19,5.453945175882651,5.426679402764443,5.453945175882651,5.06,5.535742495237274,3.9020897174594955,6.335089717459496,HIBRIDO_ANALOGO_CLIM,ANALOGO_ESTADO_V2_HIBRIDO_CLIMATOLOGIA,30,10,1.80379204248575,OK_ANALOGOS_CONTINUIDAD_CORREGIDA,-0.037089717459496185,0.037089717459496185,0.0,CORREGIDO_ANCLA_OBSERVADO
2026-10-09,SAN REGIS,34.0,2026-10-08,2026-10-28,30,20,5.494960757344625,5.461815918787816,5.494960757344625,5.06,5.594395273015051,3.786289717459496,6.507889717459496,HIBRIDO_ANALOGO_CLIM,ANALOGO_ESTADO_V2_HIBRIDO_CLIMATOLOGIA,30,10,1.80379204248575,OK_ANALOGOS_CONTINUIDAD_CORREGIDA,-0.037089717459496185,0.037089717459496185,0.0,CORREGIDO_ANCLA_OBSERVADO
2026-10-09,SAN REGIS,34.0,2026-10-08,2026-10-29,30,21,5.502055177985508,5.452599220383067,5.502055177985508,5.06,5.6504230507928295,3.675089717459496,6.490389717459496,HIBRIDO_ANALOGO_CLIM,ANALOGO_ESTADO_V2_HIBRIDO_CLIMATOLOGIA,30,10,1.80379204248575,OK_ANALOGOS_CONTINUIDAD_CORREGIDA,-0.037089717459496185,0.037089717459496185,0.0,CORREGIDO_ANCLA_OBSERVADO
2026-10-09,SAN REGIS,34.0,2026-10-08,2026-10-30,30,22,5.483636947074295,5.4167545421310805,5.483636947074295,5.06,5.684284161903941,3.5828897174594956,6.4180897174594955,HIBRIDO_ANALOGO_CLIM,ANALOGO_ESTADO_V2_HIBRIDO_CLIMATOLOGIA,30,10,1.80379204248575,OK_ANALOGOS_CONTINUIDAD_CORREGIDA,-0.037089717459496185,0.037089717459496185,0.0,CORREGIDO_ANCLA_OBSERVADO
2026-10-09,SAN REGIS,34.0,2026-10-08,2026-10-31,30,23,5.512346225297767,5.451968764947561,5.512346225297767,5.06,5.693478606348385,3.680089717459496,6.468089717459495,HIBRIDO_ANALOGO_CLIM,ANALOGO_ESTADO_V2_HIBRIDO_CLIMATOLOGIA,30,10,1.80379204248575,OK_ANALOGOS_CONTINUIDAD_CORREGIDA,-0.037089717459496185,0.037089717459496185,0.0,CORREGIDO_ANCLA_OBSERVADO
2026-10-09,SAN REGIS,34.0,2026-10-08,2026-11-01,30,24,5.584361402701791,5.581732666203608,5.584361402701791,5.06,5.5922476121963385,4.011589717459496,6.572089717459495,HIBRIDO_ANALOGO_CLIM,ANALOGO_ESTADO_V2_HIBRIDO_CLIMATOLOGIA,30,10,1.80379204248575,OK_ANALOGOS_CONTINUIDAD_CORREGIDA,-0.037089717459496185,0.037089717459496185,0.0,CORREGIDO_ANCLA_OBSERVADO
2026-10-09,SAN REGIS,34.0,2026-10-08,2026-11-02,30,25,5.687662840682164,5.719768411670916,5.687662840682164,5.06,5.591346127715906,4.199589717459496,7.181589717459496,HIBRIDO_ANALOGO_CLIM,ANALOGO_ESTADO_V2_HIBRIDO_CLIMATOLOGIA,30,10,1.80379204248575,OK_ANALOGOS_CONTINUIDAD_CORREGIDA,-0.037089717459496185,0.037089717459496185,0.0,CORREGIDO_ANCLA_OBSERVADO
2026-10-09,SAN REGIS,34.0,2026-10-08,2026-11-03,30,26,5.776681141979822,5.812164608272923,5.776681141979822,5.06,5.670230743100522,4.335089717459496,7.188289717459496,HIBRIDO_ANALOGO_CLIM,ANALOGO_ESTADO_V2_HIBRIDO_CLIMATOLOGIA,30,10,1.80379204248575,OK_ANALOGOS_CONTINUIDAD_CORREGIDA,-0.037089717459496185,0.037089717459496185,0.0,CORREGIDO_ANCLA_OBSERVADO
2026-10-09,SAN REGIS,34.0,2026-10-08,2026-11-04,30,27,5.898190190072023,5.949360433079617,5.898190190072023,5.06,5.74467946104924,4.675889717459496,7.144289717459495,HIBRIDO_ANALOGO_CLIM,ANALOGO_ESTADO_V2_HIBRIDO_CLIMATOLOGIA,30,10,1.80379204248575,OK_ANALOGOS_CONTINUIDAD_CORREGIDA,-0.037089717459496185,0.037089717459496185,0.0,CORREGIDO_ANCLA_OBSERVADO
2026-10-09,SAN REGIS,34.0,2026-10-08,2026-11-05,30,28,6.009550502922746,6.074187004060068,6.009550502922746,5.06,5.815640999510778,4.852689717459496,7.1840897174594955,HIBRIDO_ANALOGO_CLIM,ANALOGO_ESTADO_V2_HIBRIDO_CLIMATOLOGIA,30,10,1.80379204248575,OK_ANALOGOS_CONTINUIDAD_CORREGIDA,-0.037089717459496185,0.037089717459496185,0.0,CORREGIDO_ANCLA_OBSERVADO
2026-10-09,SAN REGIS,34.0,2026-10-08,2026-11-06,30,29,6.058362543287315,6.110821006597443,6.058362543287315,5.06,5.900987153356932,4.953089717459496,7.340089717459495,HIBRIDO_ANALOGO_CLIM,ANALOGO_ESTADO_V2_HIBRIDO_CLIMATOLOGIA,30,10,1.80379204248575,OK_ANALOGOS_CONTINUIDAD_CORREGIDA,-0.037089717459496185,0.037089717459496185,0.0,CORREGIDO_ANCLA_OBSERVADO
2026-10-09,SAN REGIS,34.0,2026-10-08,2026-11-07,30,30,6.180279411772565,6.251197344064956,6.180279411772565,5.06,5.9675256148953935,5.060589717459496,7.403089717459496,HIBRIDO_ANALOGO_CLIM,ANALOGO_ESTADO_V2_HIBRIDO_CLIMATOLOGIA,30,10,1.80379204248575,OK_ANALOGOS_CONTINUIDAD_CORREGIDA,-0.037089717459496185,0.037089717459496185,0.0,CORREGIDO_ANCLA_OBSERVADO
2026-10-09,SAN REGIS,34.0,2026-10-08,2026-10-09,60,1,5.06,5.147733983069057,5.06,5.06,4.796798050792829,4.949089717459496,5.406089717459496,HIBRIDO_ANALOGO_CLIM,ANALOGO_ESTADO_V2_HIBRIDO_CLIMATOLOGIA,30,10,1.80379204248575,OK_ANALOGOS_CONTINUIDAD_CORREGIDA,-0.037089717459496185,0.037089717459496185,0.0,CORREGIDO_ANCLA_OBSERVADO
2026-10-09,SAN REGIS,34.0,2026-10-08,2026-10-10,60,2,5.193104274242528,5.312484126503539,5.193104274242528,5.06,4.8349647174594965,4.8460897174594955,5.766089717459495,HIBRIDO_ANALOGO_CLIM,ANALOGO_ESTADO_V2_HIBRIDO_CLIMATOLOGIA,30,10,1.80379204248575,OK_ANALOGOS_CONTINUIDAD_CORREGIDA,-0.037089717459496185,0.037089717459496185,0.0,CORREGIDO_ANCLA_OBSERVADO
2026-10-09,SAN REGIS,34.0,2026-10-08,2026-10-11,60,3,5.321428339535774,5.457707880227867,5.321428339535774,5.06,4.912589717459496,4.712089717459495,6.348589717459496,HIBRIDO_ANALOGO_CLIM,ANALOGO_ESTADO_V2_HIBRIDO_CLIMATOLOGIA,30,10,1.80379204248575,OK_ANALOGOS_CONTINUIDAD_CORREGIDA,-0.037089717459496185,0.037089717459496185,0.0,CORREGIDO_ANCLA_OBSERVADO
2026-10-09,SAN REGIS,34.0,2026-10-08,2026-10-12,60,4,5.418237186576575,5.557929861467453,5.418237186576575,5.06,4.999159161903941,4.537089717459496,6.304289717459495,HIBRIDO_ANALOGO_CLIM,ANALOGO_ESTADO_V2_HIBRIDO_CLIMATOLOGIA,30,10,1.80379204248575,OK_ANALOGOS_CONTINUIDAD_CORREGIDA,-0.037089717459496185,0.037089717459496185,0.0,CORREGIDO_ANCLA_OBSERVADO
2026-10-09,SAN REGIS,34.0,2026-10-08,2026-10-13,60,5,5.470640393526905,5.5991433966604855,5.470640393526905,5.06,5.0851313841261625,4.306089717459495,6.337089717459496,HIBRIDO_ANALOGO_CLIM,ANALOGO_ESTADO_V2_HIBRIDO_CLIMATOLOGIA,30,10,1.80379204248575,OK_ANALOGOS_CONTINUIDAD_CORREGIDA,-0.037089717459496185,0.037089717459496185,0.0,CORREGIDO_ANCLA_OBSERVADO
2026-10-09,SAN REGIS,34.0,2026-10-08,2026-10-14,60,6,5.5584055327745165,5.690834878620263,5.5584055327745165,5.06,5.161117495237274,4.327089717459496,6.478089717459496,HIBRIDO_ANALOGO_CLIM,ANALOGO_ESTADO_V2_HIBRIDO_CLIMATOLOGIA,30,10,1.80379204248575,OK_ANALOGOS_CONTINUIDAD_CORREGIDA,-0.037089717459496185,0.037089717459496185,0.0,CORREGIDO_ANCLA_OBSERVADO
2026-10-09,SAN REGIS,34.0,2026-10-08,2026-10-15,60,7,5.604346386839225,5.733357869225061,5.604346386839225,5.06,5.217311939681719,4.383089717459496,6.466889717459496,HIBRIDO_ANALOGO_CLIM,ANALOGO_ESTADO_V2_HIBRIDO_CLIMATOLOGIA,30,10,1.80379204248575,OK_ANALOGOS_CONTINUIDAD_CORREGIDA,-0.037089717459496185,0.037089717459496185,0.0,CORREGIDO_ANCLA_OBSERVADO
2026-10-09,SAN REGIS,34.0,2026-10-08,2026-10-16,60,8,5.602202265359736,5.722860151696852,5.602202265359736,5.06,5.240228606348385,4.376089717459496,6.570289717459496,HIBRIDO_ANALOGO_CLIM,ANALOGO_ESTADO_V2_HIBRIDO_CLIMATOLOGIA,30,10,1.80379204248575,OK_ANALOGOS_CONTINUIDAD_CORREGIDA,-0.037089717459496185,0.037089717459496185,0.0,CORREGIDO_ANCLA_OBSERVADO
2026-10-09,SAN REGIS,34.0,2026-10-08,2026-10-17,60,9,5.576587222289229,5.684836390565807,5.576587222289229,5.06,5.251839717459496,4.2850897174594955,6.631589717459496,HIBRIDO_ANALOGO_CLIM,ANALOGO_ESTADO_V2_HIBRIDO_CLIMATOLOGIA,30,10,1.80379204248575,OK_ANALOGOS_CONTINUIDAD_CORREGIDA,-0.037089717459496185,0.037089717459496185,0.0,CORREGIDO_ANCLA_OBSERVADO
2026-10-09,SAN REGIS,34.0,2026-10-08,2026-10-18,60,10,5.530567834694076,5.622801281179677,5.530567834694076,5.06,5.253867495237274,4.354089717459496,6.725289717459495,HIBRIDO_ANALOGO_CLIM,ANALOGO_ESTADO_V2_HIBRIDO_CLIMATOLOGIA,30,10,1.80379204248575,OK_ANALOGOS_CONTINUIDAD_CORREGIDA,-0.037089717459496185,0.037089717459496185,0.0,CORREGIDO_ANCLA_OBSERVADO
2026-10-09,SAN REGIS,34.0,2026-10-08,2026-10-19,60,11,5.484753262962917,5.54384944479739,5.484753262962917,5.06,5.307464717459496,4.420089717459496,6.474289717459496,HIBRIDO_ANALOGO_CLIM,ANALOGO_ESTADO_V2_HIBRIDO_CLIMATOLOGIA,30,10,1.80379204248575,OK_ANALOGOS_CONTINUIDAD_CORREGIDA,-0.037089717459496185,0.037089717459496185,0.0,CORREGIDO_ANCLA_OBSERVADO
2026-10-09,SAN REGIS,34.0,2026-10-08,2026-10-20,60,12,5.474951610748428,5.516956501103997,5.474951610748428,5.06,5.348936939681718,4.513089717459495,6.281889717459496,HIBRIDO_ANALOGO_CLIM,ANALOGO_ESTADO_V2_HIBRIDO_CLIMATOLOGIA,30,10,1.80379204248575,OK_ANALOGOS_CONTINUIDAD_CORREGIDA,-0.037089717459496185,0.037089717459496185,0.0,CORREGIDO_ANCLA_OBSERVADO
2026-10-09,SAN REGIS,34.0,2026-10-08,2026-10-21,60,13,5.469581209550203,5.502689484691549,5.469581209550203,5.06,5.370256384126163,4.422089717459495,6.614389717459495,HIBRIDO_ANALOGO_CLIM,ANALOGO_ESTADO_V2_HIBRIDO_CLIMATOLOGIA,30,10,1.80379204248575,OK_ANALOGOS_CONTINUIDAD_CORREGIDA,-0.037089717459496185,0.037089717459496185,0.0,CORREGIDO_ANCLA_OBSERVADO
2026-10-09,SAN REGIS,34.0,2026-10-08,2026-10-22,60,14,5.448655384390741,5.46608468077523,5.448655384390741,5.06,5.396367495237274,4.451089717459495,6.5761897174594965,HIBRIDO_ANALOGO_CLIM,ANALOGO_ESTADO_V2_HIBRIDO_CLIMATOLOGIA,30,10,1.80379204248575,OK_ANALOGOS_CONTINUIDAD_CORREGIDA,-0.037089717459496185,0.037089717459496185,0.0,CORREGIDO_ANCLA_OBSERVADO
2026-10-09,SAN REGIS,34.0,2026-10-08,2026-10-23,60,15,5.459938055872572,5.4674245390473,5.459938055872572,5.06,5.437478606348385,4.481389717459496,6.379389717459496,HIBRIDO_ANALOGO_CLIM,ANALOGO_ESTADO_V2_HIBRIDO_CLIMATOLOGIA,30,10,1.80379204248575,OK_ANALOGOS_CONTINUIDAD_CORREGIDA,-0.037089717459496185,0.037089717459496185,0.0,CORREGIDO_ANCLA_OBSERVADO
2026-10-09,SAN REGIS,34.0,2026-10-08,2026-10-24,60,16,5.46711134317233,5.471076885076608,5.46711134317233,5.06,5.455214717459496,4.507389717459496,6.234389717459496,HIBRIDO_ANALOGO_CLIM,ANALOGO_ESTADO_V2_HIBRIDO_CLIMATOLOGIA,30,10,1.80379204248575,OK_ANALOGOS_CONTINUIDAD_CORREGIDA,-0.037089717459496185,0.037089717459496185,0.0,CORREGIDO_ANCLA_OBSERVADO
2026-10-09,SAN REGIS,34.0,2026-10-08,2026-10-25,60,17,5.454569226195128,5.458104062440339,5.454569226195128,5.06,5.4439647174594965,4.404089717459496,6.3780897174594955,HIBRIDO_ANALOGO_CLIM,ANALOGO_ESTADO_V2_HIBRIDO_CLIMATOLOGIA,30,10,1.80379204248575,OK_ANALOGOS_CONTINUIDAD_CORREGIDA,-0.037089717459496185,0.037089717459496185,0.0,CORREGIDO_ANCLA_OBSERVADO
2026-10-09,SAN REGIS,34.0,2026-10-08,2026-10-26,60,18,5.431980997539069,5.417555868676705,5.431980997539069,5.06,5.475256384126163,4.103589717459496,6.360089717459496,HIBRIDO_ANALOGO_CLIM,ANALOGO_ESTADO_V2_HIBRIDO_CLIMATOLOGIA,30,10,1.80379204248575,OK_ANALOGOS_CONTINUIDAD_CORREGIDA,-0.037089717459496185,0.037089717459496185,0.0,CORREGIDO_ANCLA_OBSERVADO
2026-10-09,SAN REGIS,34.0,2026-10-08,2026-10-27,60,19,5.453945175882651,5.426679402764443,5.453945175882651,5.06,5.535742495237274,3.9020897174594955,6.335089717459496,HIBRIDO_ANALOGO_CLIM,ANALOGO_ESTADO_V2_HIBRIDO_CLIMATOLOGIA,30,10,1.80379204248575,OK_ANALOGOS_CONTINUIDAD_CORREGIDA,-0.037089717459496185,0.037089717459496185,0.0,CORREGIDO_ANCLA_OBSERVADO
2026-10-09,SAN REGIS,34.0,2026-10-08,2026-10-28,60,20,5.494960757344625,5.461815918787816,5.494960757344625,5.06,5.594395273015051,3.786289717459496,6.507889717459496,HIBRIDO_ANALOGO_CLIM,ANALOGO_ESTADO_V2_HIBRIDO_CLIMATOLOGIA,30,10,1.80379204248575,OK_ANALOGOS_CONTINUIDAD_CORREGIDA,-0.037089717459496185,0.037089717459496185,0.0,CORREGIDO_ANCLA_OBSERVADO
2026-10-09,SAN REGIS,34.0,2026-10-08,2026-10-29,60,21,5.502055177985508,5.452599220383067,5.502055177985508,5.06,5.6504230507928295,3.675089717459496,6.490389717459496,HIBRIDO_ANALOGO_CLIM,ANALOGO_ESTADO_V2_HIBRIDO_CLIMATOLOGIA,30,10,1.80379204248575,OK_ANALOGOS_CONTINUIDAD_CORREGIDA,-0.037089717459496185,0.037089717459496185,0.0,CORREGIDO_ANCLA_OBSERVADO
2026-10-09,SAN REGIS,34.0,2026-10-08,2026-10-30,60,22,5.483636947074295,5.4167545421310805,5.483636947074295,5.06,5.684284161903941,3.5828897174594956,6.4180897174594955,HIBRIDO_ANALOGO_CLIM,ANALOGO_ESTADO_V2_HIBRIDO_CLIMATOLOGIA,30,10,1.80379204248575,OK_ANALOGOS_CONTINUIDAD_CORREGIDA,-0.037089717459496185,0.037089717459496185,0.0,CORREGIDO_ANCLA_OBSERVADO
2026-10-09,SAN REGIS,34.0,2026-10-08,2026-10-31,60,23,5.512346225297767,5.451968764947561,5.512346225297767,5.06,5.693478606348385,3.680089717459496,6.468089717459495,HIBRIDO_ANALOGO_CLIM,ANALOGO_ESTADO_V2_HIBRIDO_CLIMATOLOGIA,30,10,1.80379204248575,OK_ANALOGOS_CONTINUIDAD_CORREGIDA,-0.037089717459496185,0.037089717459496185,0.0,CORREGIDO_ANCLA_OBSERVADO
2026-10-09,SAN REGIS,34.0,2026-10-08,2026-11-01,60,24,5.584361402701791,5.581732666203608,5.584361402701791,5.06,5.5922476121963385,4.011589717459496,6.572089717459495,HIBRIDO_ANALOGO_CLIM,ANALOGO_ESTADO_V2_HIBRIDO_CLIMATOLOGIA,30,10,1.80379204248575,OK_ANALOGOS_CONTINUIDAD_CORREGIDA,-0.037089717459496185,0.037089717459496185,0.0,CORREGIDO_ANCLA_OBSERVADO
2026-10-09,SAN REGIS,34.0,2026-10-08,2026-11-02,60,25,5.687662840682164,5.719768411670916,5.687662840682164,5.06,5.591346127715906,4.199589717459496,7.181589717459496,HIBRIDO_ANALOGO_CLIM,ANALOGO_ESTADO_V2_HIBRIDO_CLIMATOLOGIA,30,10,1.80379204248575,OK_ANALOGOS_CONTINUIDAD_CORREGIDA,-0.037089717459496185,0.037089717459496185,0.0,CORREGIDO_ANCLA_OBSERVADO
2026-10-09,SAN REGIS,34.0,2026-10-08,2026-11-03,60,26,5.776681141979822,5.812164608272923,5.776681141979822,5.06,5.670230743100522,4.335089717459496,7.188289717459496,HIBRIDO_ANALOGO_CLIM,ANALOGO_ESTADO_V2_HIBRIDO_CLIMATOLOGIA,30,10,1.80379204248575,OK_ANALOGOS_CONTINUIDAD_CORREGIDA,-0.037089717459496185,0.037089717459496185,0.0,CORREGIDO_ANCLA_OBSERVADO
2026-10-09,SAN REGIS,34.0,2026-10-08,2026-11-04,60,27,5.898190190072023,5.949360433079617,5.898190190072023,5.06,5.74467946104924,4.675889717459496,7.144289717459495,HIBRIDO_ANALOGO_CLIM,ANALOGO_ESTADO_V2_HIBRIDO_CLIMATOLOGIA,30,10,1.80379204248575,OK_ANALOGOS_CONTINUIDAD_CORREGIDA,-0.037089717459496185,0.037089717459496185,0.0,CORREGIDO_ANCLA_OBSERVADO
2026-10-09,SAN REGIS,34.0,2026-10-08,2026-11-05,60,28,6.009550502922746,6.074187004060068,6.009550502922746,5.06,5.815640999510778,4.852689717459496,7.1840897174594955,HIBRIDO_ANALOGO_CLIM,ANALOGO_ESTADO_V2_HIBRIDO_CLIMATOLOGIA,30,10,1.80379204248575,OK_ANALOGOS_CONTINUIDAD_CORREGIDA,-0.037089717459496185,0.037089717459496185,0.0,CORREGIDO_ANCLA_OBSERVADO
2026-10-09,SAN REGIS,34.0,2026-10-08,2026-11-06,60,29,6.058362543287315,6.110821006597443,6.058362543287315,5.06,5.900987153356932,4.953089717459496,7.340089717459495,HIBRIDO_ANALOGO_CLIM,ANALOGO_ESTADO_V2_HIBRIDO_CLIMATOLOGIA,30,10,1.80379204248575,OK_ANALOGOS_CONTINUIDAD_CORREGIDA,-0.037089717459496185,0.037089717459496185,0.0,CORREGIDO_ANCLA_OBSERVADO
2026-10-09,SAN REGIS,34.0,2026-10-08,2026-11-07,60,30,6.180279411772565,6.251197344064956,6.180279411772565,5.06,5.9675256148953935,5.060589717459496,7.403089717459496,HIBRIDO_ANALOGO_CLIM,ANALOGO_ESTADO_V2_HIBRIDO_CLIMATOLOGIA,30,10,1.80379204248575,OK_ANALOGOS_CONTINUIDAD_CORREGIDA,-0.037089717459496185,0.037089717459496185,0.0,CORREGIDO_ANCLA_OBSERVADO
2026-10-09,SAN REGIS,34.0,2026-10-08,2026-11-08,60,31,6.280851212423194,6.375920543282056,6.280851212423194,5.06,6.007910230280009,5.140089717459496,7.440089717459495,HIBRIDO_ANALOGO_CLIM,ANALOGO_ESTADO_V2_HIBRIDO_CLIMATOLOGIA,30,10,1.80379204248575,OK_ANALOGOS_CONTINUIDAD_CORREGIDA,-0.037089717459496185,0.037089717459496185,0.0,CORREGIDO_ANCLA_OBSERVADO
2026-10-09,SAN REGIS,34.0,2026-10-08,2026-11-09,60,32,6.378694302005557,6.502494570511817,6.378694302005557,5.06,6.038243563613343,5.372889717459496,7.448089717459495,HIBRIDO_ANALOGO_CLIM,ANALOGO_ESTADO_V2_HIBRIDO_CLIMATOLOGIA,30,10,1.80379204248575,OK_ANALOGOS_CONTINUIDAD_CORREGIDA,-0.037089717459496185,0.037089717459496185,0.0,CORREGIDO_ANCLA_OBSERVADO
2026-10-09,SAN REGIS,34.0,2026-10-08,2026-11-10,60,33,6.468169521905452,6.6125322417174015,6.468169521905452,5.06,6.0875768969466755,5.683889717459496,7.449089717459495,HIBRIDO_ANALOGO_CLIM,ANALOGO_ESTADO_V2_HIBRIDO_CLIMATOLOGIA,30,10,1.80379204248575,OK_ANALOGOS_CONTINUIDAD_CORREGIDA,-0.037089717459496185,0.037089717459496185,0.0,CORREGIDO_ANCLA_OBSERVADO
2026-10-09,SAN REGIS,34.0,2026-10-08,2026-11-11,60,34,6.631433083551247,6.8225121841587795,6.631433083551247,5.06,6.1481153584851365,6.068289717459495,7.462089717459495,HIBRIDO_ANALOGO_CLIM,ANALOGO_ESTADO_V2_HIBRIDO_CLIMATOLOGIA,30,10,1.80379204248575,OK_ANALOGOS_CONTINUIDAD_CORREGIDA,-0.037089717459496185,0.037089717459496185,0.0,CORREGIDO_ANCLA_OBSERVADO
2026-10-09,SAN REGIS,34.0,2026-10-08,2026-11-12,60,35,6.81649489929201,7.06909461971475,6.81649489929201,5.06,6.203038435408215,6.211089717459496,7.879389717459496,HIBRIDO_ANALOGO_CLIM,ANALOGO_ESTADO_V2_HIBRIDO_CLIMATOLOGIA,30,10,1.80379204248575,OK_ANALOGOS_CONTINUIDAD_CORREGIDA,-0.037089717459496185,0.037089717459496185,0.0,CORREGIDO_ANCLA_OBSERVADO
2026-10-09,SAN REGIS,34.0,2026-10-08,2026-11-13,60,36,6.929400045955781,7.229406670256386,6.929400045955781,5.06,6.229384589254368,6.2050897174594954,8.064689717459496,HIBRIDO_ANALOGO_CLIM,ANALOGO_ESTADO_V2_HIBRIDO_CLIMATOLOGIA,30,10,1.80379204248575,OK_ANALOGOS_CONTINUIDAD_CORREGIDA,-0.037089717459496185,0.037089717459496185,0.0,CORREGIDO_ANCLA_OBSERVADO
2026-10-09,SAN REGIS,34.0,2026-10-08,2026-11-14,60,37,6.972056434079161,7.303195597527471,6.972056434079161,5.06,6.229230743100522,6.227089717459496,8.001389717459496,HIBRIDO_ANALOGO_CLIM,ANALOGO_ESTADO_V2_HIBRIDO_CLIMATOLOGIA,30,10,1.80379204248575,OK_ANALOGOS_CONTINUIDAD_CORREGIDA,-0.037089717459496185,0.037089717459496185,0.0,CORREGIDO_ANCLA_OBSERVADO
2026-10-09,SAN REGIS,34.0,2026-10-08,2026-11-15,60,38,6.988190753570473,7.331526818459925,6.988190753570473,5.06,6.247307666177445,6.255089717459495,8.261389717459494,HIBRIDO_ANALOGO_CLIM,ANALOGO_ESTADO_V2_HIBRIDO_CLIMATOLOGIA,30,10,1.80379204248575,OK_ANALOGOS_CONTINUIDAD_CORREGIDA,-0.037089717459496185,0.037089717459496185,0.0,CORREGIDO_ANCLA_OBSERVADO
2026-10-09,SAN REGIS,34.0,2026-10-08,2026-11-16,60,39,6.984304241635648,7.341568024880957,6.984304241635648,5.06,6.242294845664624,6.233089717459496,8.618889717459496,HIBRIDO_ANALOGO_CLIM,ANALOGO_ESTADO_V2_HIBRIDO_CLIMATOLOGIA,30,10,1.80379204248575,OK_ANALOGOS_CONTINUIDAD_CORREGIDA,-0.037089717459496185,0.037089717459496185,0.0,CORREGIDO_ANCLA_OBSERVADO
2026-10-09,SAN REGIS,34.0,2026-10-08,2026-11-17,60,40,7.054960046770014,7.444299057579119,7.054960046770014,5.06,6.2762820251518034,6.312089717459495,8.785489717459495,HIBRIDO_ANALOGO_CLIM,ANALOGO_ESTADO_V2_HIBRIDO_CLIMATOLOGIA,30,10,1.80379204248575,OK_ANALOGOS_CONTINUIDAD_CORREGIDA,-0.037089717459496185,0.037089717459496185,0.0,CORREGIDO_ANCLA_OBSERVADO
2026-10-09,SAN REGIS,34.0,2026-10-08,2026-11-18,60,41,7.1511338116123415,7.582481752719254,7.1511338116123415,5.06,6.319999973869753,6.374089717459497,8.872789717459497,HIBRIDO_ANALOGO_CLIM,ANALOGO_ESTADO_V2_HIBRIDO_CLIMATOLOGIA,30,10,1.80379204248575,OK_ANALOGOS_CONTINUIDAD_CORREGIDA,-0.037089717459496185,0.037089717459496185,0.0,CORREGIDO_ANCLA_OBSERVADO
2026-10-09,SAN REGIS,34.0,2026-10-08,2026-11-19,60,42,7.206506127601481,7.648144549630596,7.206506127601481,5.06,6.386320486690265,6.392089717459496,8.795589717459498,HIBRIDO_ANALOGO_CLIM,ANALOGO_ESTADO_V2_HIBRIDO_CLIMATOLOGIA,30,10,1.80379204248575,OK_ANALOGOS_CONTINUIDAD_CORREGIDA,-0.037089717459496185,0.037089717459496185,0.0,CORREGIDO_ANCLA_OBSERVADO
2026-10-09,SAN REGIS,34.0,2026-10-08,2026-11-20,60,43,7.271423494787004,7.737206959515019,7.271423494787004,5.06,6.437346127715907,6.4100897174594955,8.970989717459497,HIBRIDO_ANALOGO_CLIM,ANALOGO_ESTADO_V2_HIBRIDO_CLIMATOLOGIA,30,10,1.80379204248575,OK_ANALOGOS_CONTINUIDAD_CORREGIDA,-0.037089717459496185,0.037089717459496185,0.0,CORREGIDO_ANCLA_OBSERVADO
2026-10-09,SAN REGIS,34.0,2026-10-08,2026-11-21,60,44,7.350479894461699,7.861419011781463,7.350479894461699,5.06,6.467948691818471,6.436089717459496,9.011089717459496,HIBRIDO_ANALOGO_CLIM,ANALOGO_ESTADO_V2_HIBRIDO_CLIMATOLOGIA,30,10,1.80379204248575,OK_ANALOGOS_CONTINUIDAD_CORREGIDA,-0.037089717459496185,0.037089717459496185,0.0,CORREGIDO_ANCLA_OBSERVADO
2026-10-09,SAN REGIS,34.0,2026-10-08,2026-11-22,60,45,7.413639804835331,7.965654472645448,7.413639804835331,5.06,6.493615358485137,6.455089717459496,9.088489717459497,HIBRIDO_ANALOGO_CLIM,ANALOGO_ESTADO_V2_HIBRIDO_CLIMATOLOGIA,30,10,1.80379204248575,OK_ANALOGOS_CONTINUIDAD_CORREGIDA,-0.037089717459496185,0.037089717459496185,0.0,CORREGIDO_ANCLA_OBSERVADO
2026-10-09,SAN REGIS,34.0,2026-10-08,2026-11-23,60,46,7.294383150843027,7.775724599037779,7.294383150843027,5.06,6.520051255921034,6.304089717459496,8.958889717459497,HIBRIDO_ANALOGO_CLIM,ANALOGO_ESTADO_V2_HIBRIDO_CLIMATOLOGIA,30,10,1.80379204248575,OK_ANALOGOS_CONTINUIDAD_CORREGIDA,-0.037089717459496185,0.037089717459496185,0.0,CORREGIDO_ANCLA_OBSERVADO
2026-10-09,SAN REGIS,34.0,2026-10-08,2026-11-24,60,47,7.292203489860347,7.774963603949127,7.292203489860347,5.06,6.542384589254368,6.229089717459496,8.996289717459495,HIBRIDO_ANALOGO_CLIM,ANALOGO_ESTADO_V2_HIBRIDO_CLIMATOLOGIA,30,10,1.80379204248575,OK_ANALOGOS_CONTINUIDAD_CORREGIDA,-0.037089717459496185,0.037089717459496185,0.0,CORREGIDO_ANCLA_OBSERVADO
2026-10-09,SAN REGIS,34.0,2026-10-08,2026-11-25,60,48,7.296768207219387,7.7693914738969205,7.296768207219387,5.06,6.587833307203086,6.139089717459496,9.059589717459495,HIBRIDO_ANALOGO_CLIM,ANALOGO_ESTADO_V2_HIBRIDO_CLIMATOLOGIA,30,10,1.80379204248575,OK_ANALOGOS_CONTINUIDAD_CORREGIDA,-0.037089717459496185,0.037089717459496185,0.0,CORREGIDO_ANCLA_OBSERVADO
2026-10-09,SAN REGIS,34.0,2026-10-08,2026-11-26,60,49,7.322507005081525,7.780570723624573,7.322507005081525,5.06,6.658782025151804,6.284089717459496,9.021889717459496,HIBRIDO_ANALOGO_CLIM,ANALOGO_ESTADO_V2_HIBRIDO_CLIMATOLOGIA,30,10,1.80379204248575,OK_ANALOGOS_CONTINUIDAD_CORREGIDA,-0.037089717459496185,0.037089717459496185,0.0,CORREGIDO_ANCLA_OBSERVADO
2026-10-09,SAN REGIS,34.0,2026-10-08,2026-11-27,60,50,7.33532208063529,7.778748127592358,7.33532208063529,5.06,6.714525614895394,6.451089717459495,8.895289717459496,HIBRIDO_ANALOGO_CLIM,ANALOGO_ESTADO_V2_HIBRIDO_CLIMATOLOGIA,30,10,1.80379204248575,OK_ANALOGOS_CONTINUIDAD_CORREGIDA,-0.037089717459496185,0.037089717459496185,0.0,CORREGIDO_ANCLA_OBSERVADO
2026-10-09,SAN REGIS,34.0,2026-10-08,2026-11-28,60,51,7.363631911442358,7.800024859726235,7.363631911442358,5.06,6.773217922587701,6.4550897174594954,9.040089717459495,HIBRIDO_ANALOGO_CLIM,ANALOGO_ESTADO_V2_HIBRIDO_CLIMATOLOGIA,30,10,1.80379204248575,OK_ANALOGOS_CONTINUIDAD_CORREGIDA,-0.037089717459496185,0.037089717459496185,0.0,CORREGIDO_ANCLA_OBSERVADO
2026-10-09,SAN REGIS,34.0,2026-10-08,2026-11-29,60,52,7.396931613990292,7.833055809376588,7.396931613990292,5.06,6.826615358485137,6.447089717459496,9.129589717459496,HIBRIDO_ANALOGO_CLIM,ANALOGO_ESTADO_V2_HIBRIDO_CLIMATOLOGIA,30,10,1.80379204248575,OK_ANALOGOS_CONTINUIDAD_CORREGIDA,-0.037089717459496185,0.037089717459496185,0.0,CORREGIDO_ANCLA_OBSERVADO
2026-10-09,SAN REGIS,34.0,2026-10-08,2026-11-30,60,53,7.451468023092442,7.910309568344375,7.451468023092442,5.06,6.87142305079283,6.536089717459496,9.296089717459495,HIBRIDO_ANALOGO_CLIM,ANALOGO_ESTADO_V2_HIBRIDO_CLIMATOLOGIA,30,10,1.80379204248575,OK_ANALOGOS_CONTINUIDAD_CORREGIDA,-0.037089717459496185,0.037089717459496185,0.0,CORREGIDO_ANCLA_OBSERVADO
2026-10-09,SAN REGIS,34.0,2026-10-08,2026-12-01,60,54,7.494764056209787,7.990423443416963,7.494764056209787,5.06,6.888958138512128,6.539089717459495,9.431089717459496,HIBRIDO_ANALOGO_CLIM,ANALOGO_ESTADO_V2_HIBRIDO_CLIMATOLOGIA,30,10,1.80379204248575,OK_ANALOGOS_CONTINUIDAD_CORREGIDA,-0.037089717459496185,0.037089717459496185,0.0,CORREGIDO_ANCLA_OBSERVADO
2026-10-09,SAN REGIS,34.0,2026-10-08,2026-12-02,60,55,7.553269327611768,8.11023627424789,7.553269327611768,5.06,6.895035663405442,6.530089717459496,9.563289717459496,HIBRIDO_ANALOGO_CLIM,ANALOGO_ESTADO_V2_HIBRIDO_CLIMATOLOGIA,30,10,1.80379204248575,OK_ANALOGOS_CONTINUIDAD_CORREGIDA,-0.037089717459496185,0.037089717459496185,0.0,CORREGIDO_ANCLA_OBSERVADO
2026-10-09,SAN REGIS,34.0,2026-10-08,2026-12-03,60,56,7.616382390479464,8.222883411804368,7.616382390479464,5.06,6.923238366108144,6.578089717459496,9.618289717459495,HIBRIDO_ANALOGO_CLIM,ANALOGO_ESTADO_V2_HIBRIDO_CLIMATOLOGIA,30,10,1.80379204248575,OK_ANALOGOS_CONTINUIDAD_CORREGIDA,-0.037089717459496185,0.037089717459496185,0.0,CORREGIDO_ANCLA_OBSERVADO
2026-10-09,SAN REGIS,34.0,2026-10-08,2026-12-04,60,57,7.68138819436572,8.322914358156035,7.68138819436572,5.06,6.972332960702739,6.671089717459496,9.574589717459496,HIBRIDO_ANALOGO_CLIM,ANALOGO_ESTADO_V2_HIBRIDO_CLIMATOLOGIA,30,10,1.80379204248575,OK_ANALOGOS_CONTINUIDAD_CORREGIDA,-0.037089717459496185,0.037089717459496185,0.0,CORREGIDO_ANCLA_OBSERVADO
2026-10-09,SAN REGIS,34.0,2026-10-08,2026-12-05,60,58,7.744321129851075,8.398870655131077,7.744321129851075,5.06,7.044630258000037,6.768089717459495,9.503889717459495,HIBRIDO_ANALOGO_CLIM,ANALOGO_ESTADO_V2_HIBRIDO_CLIMATOLOGIA,30,10,1.80379204248575,OK_ANALOGOS_CONTINUIDAD_CORREGIDA,-0.037089717459496185,0.037089717459496185,0.0,CORREGIDO_ANCLA_OBSERVADO
2026-10-09,SAN REGIS,34.0,2026-10-08,2026-12-06,60,59,7.818989082509282,8.484517356281406,7.818989082509282,5.06,7.130900528270307,6.822089717459496,9.549589717459495,HIBRIDO_ANALOGO_CLIM,ANALOGO_ESTADO_V2_HIBRIDO_CLIMATOLOGIA,30,10,1.80379204248575,OK_ANALOGOS_CONTINUIDAD_CORREGIDA,-0.037089717459496185,0.037089717459496185,0.0,CORREGIDO_ANCLA_OBSERVADO
2026-10-09,SAN REGIS,34.0,2026-10-08,2026-12-07,60,60,7.888188172237962,8.59852987025967,7.888188172237962,5.06,7.1778464742162535,6.826089717459495,9.676089717459496,HIBRIDO_ANALOGO_CLIM,ANALOGO_ESTADO_V2_HIBRIDO_CLIMATOLOGIA,30,10,1.80379204248575,OK_ANALOGOS_CONTINUIDAD_CORREGIDA,-0.037089717459496185,0.037089717459496185,0.0,CORREGIDO_ANCLA_OBSERVADO
2026-10-09,SAN REGIS,34.0,2026-10-08,2026-10-09,90,1,5.06,5.150225559906051,5.06,5.06,4.789323320281847,5.033414986948514,5.398614986948513,HIBRIDO_ANALOGO_CLIM,ANALOGO_ESTADO_V2_HIBRIDO_CLIMATOLOGIA,30,10,1.8139478383195429,OK_ANALOGOS_CONTINUIDAD_CORREGIDA,-0.02961498694851361,0.02961498694851361,0.0,CORREGIDO_ANCLA_OBSERVADO
2026-10-09,SAN REGIS,34.0,2026-10-08,2026-10-10,90,2,5.19857775001615,5.322273671038695,5.19857775001615,5.06,4.827489986948514,4.915114986948514,5.758614986948513,HIBRIDO_ANALOGO_CLIM,ANALOGO_ESTADO_V2_HIBRIDO_CLIMATOLOGIA,30,10,1.8139478383195429,OK_ANALOGOS_CONTINUIDAD_CORREGIDA,-0.02961498694851361,0.02961498694851361,0.0,CORREGIDO_ANCLA_OBSERVADO
2026-10-09,SAN REGIS,34.0,2026-10-08,2026-10-11,90,3,5.335660914719295,5.479176223976222,5.335660914719295,5.06,4.905114986948513,4.787414986948513,6.341114986948513,HIBRIDO_ANALOGO_CLIM,ANALOGO_ESTADO_V2_HIBRIDO_CLIMATOLOGIA,30,10,1.8139478383195429,OK_ANALOGOS_CONTINUIDAD_CORREGIDA,-0.02961498694851361,0.02961498694851361,0.0,CORREGIDO_ANCLA_OBSERVADO
2026-10-09,SAN REGIS,34.0,2026-10-08,2026-10-12,90,4,5.443937533912324,5.594688568085446,5.443937533912324,5.06,4.991684431392958,4.684414986948513,6.296814986948513,HIBRIDO_ANALOGO_CLIM,ANALOGO_ESTADO_V2_HIBRIDO_CLIMATOLOGIA,30,10,1.8139478383195429,OK_ANALOGOS_CONTINUIDAD_CORREGIDA,-0.02961498694851361,0.02961498694851361,0.0,CORREGIDO_ANCLA_OBSERVADO
2026-10-09,SAN REGIS,34.0,2026-10-08,2026-10-13,90,5,5.511610371480593,5.6562616107690635,5.511610371480593,5.06,5.07765665361518,4.5506149869485135,6.329614986948513,HIBRIDO_ANALOGO_CLIM,ANALOGO_ESTADO_V2_HIBRIDO_CLIMATOLOGIA,30,10,1.8139478383195429,OK_ANALOGOS_CONTINUIDAD_CORREGIDA,-0.02961498694851361,0.02961498694851361,0.0,CORREGIDO_ANCLA_OBSERVADO
2026-10-09,SAN REGIS,34.0,2026-10-08,2026-10-14,90,6,5.610773874331453,5.763150910866506,5.610773874331453,5.06,5.153642764726292,4.501614986948513,6.4706149869485134,HIBRIDO_ANALOGO_CLIM,ANALOGO_ESTADO_V2_HIBRIDO_CLIMATOLOGIA,30,10,1.8139478383195429,OK_ANALOGOS_CONTINUIDAD_CORREGIDA,-0.02961498694851361,0.02961498694851361,0.0,CORREGIDO_ANCLA_OBSERVADO
2026-10-09,SAN REGIS,34.0,2026-10-08,2026-10-15,90,7,5.668532778295222,5.821431301336717,5.668532778295222,5.06,5.209837209170736,4.650914986948513,6.459414986948514,HIBRIDO_ANALOGO_CLIM,ANALOGO_ESTADO_V2_HIBRIDO_CLIMATOLOGIA,30,10,1.8139478383195429,OK_ANALOGOS_CONTINUIDAD_CORREGIDA,-0.02961498694851361,0.02961498694851361,0.0,CORREGIDO_ANCLA_OBSERVADO
2026-10-09,SAN REGIS,34.0,2026-10-08,2026-10-16,90,8,5.666853765075845,5.811553728155327,5.666853765075845,5.06,5.232753875837402,4.908214986948514,6.5628149869485135,HIBRIDO_ANALOGO_CLIM,ANALOGO_ESTADO_V2_HIBRIDO_CLIMATOLOGIA,30,10,1.8139478383195429,OK_ANALOGOS_CONTINUIDAD_CORREGIDA,-0.02961498694851361,0.02961498694851361,0.0,CORREGIDO_ANCLA_OBSERVADO
2026-10-09,SAN REGIS,34.0,2026-10-08,2026-10-17,90,9,5.633721710931567,5.763507285592586,5.633721710931567,5.06,5.244364986948513,5.033914986948513,6.624114986948514,HIBRIDO_ANALOGO_CLIM,ANALOGO_ESTADO_V2_HIBRIDO_CLIMATOLOGIA,30,10,1.8139478383195429,OK_ANALOGOS_CONTINUIDAD_CORREGIDA,-0.02961498694851361,0.02961498694851361,0.0,CORREGIDO_ANCLA_OBSERVADO
2026-10-09,SAN REGIS,34.0,2026-10-08,2026-10-18,90,10,5.578436006425956,5.6891170869925105,5.578436006425956,5.06,5.246392764726291,4.971214986948514,6.717814986948513,HIBRIDO_ANALOGO_CLIM,ANALOGO_ESTADO_V2_HIBRIDO_CLIMATOLOGIA,30,10,1.8139478383195429,OK_ANALOGOS_CONTINUIDAD_CORREGIDA,-0.02961498694851361,0.02961498694851361,0.0,CORREGIDO_ANCLA_OBSERVADO
2026-10-09,SAN REGIS,34.0,2026-10-08,2026-10-19,90,11,5.530641159134938,5.6075248831970805,5.530641159134938,5.06,5.299989986948513,4.8536149869485135,6.466814986948513,HIBRIDO_ANALOGO_CLIM,ANALOGO_ESTADO_V2_HIBRIDO_CLIMATOLOGIA,30,10,1.8139478383195429,OK_ANALOGOS_CONTINUIDAD_CORREGIDA,-0.02961498694851361,0.02961498694851361,0.0,CORREGIDO_ANCLA_OBSERVADO
2026-10-09,SAN REGIS,34.0,2026-10-08,2026-10-20,90,12,5.517858618476167,5.576657421577977,5.517858618476167,5.06,5.341462209170736,4.5956149869485134,6.274414986948513,HIBRIDO_ANALOGO_CLIM,ANALOGO_ESTADO_V2_HIBRIDO_CLIMATOLOGIA,30,10,1.8139478383195429,OK_ANALOGOS_CONTINUIDAD_CORREGIDA,-0.02961498694851361,0.02961498694851361,0.0,CORREGIDO_ANCLA_OBSERVADO
2026-10-09,SAN REGIS,34.0,2026-10-08,2026-10-21,90,13,5.494563300750594,5.538490516462398,5.494563300750594,5.06,5.362781653615181,4.4146149869485125,6.606914986948513,HIBRIDO_ANALOGO_CLIM,ANALOGO_ESTADO_V2_HIBRIDO_CLIMATOLOGIA,30,10,1.8139478383195429,OK_ANALOGOS_CONTINUIDAD_CORREGIDA,-0.02961498694851361,0.02961498694851361,0.0,CORREGIDO_ANCLA_OBSERVADO
2026-10-09,SAN REGIS,34.0,2026-10-08,2026-10-22,90,14,5.447844463101175,5.467495029226137,5.447844463101175,5.06,5.388892764726291,4.443614986948512,6.568714986948514,HIBRIDO_ANALOGO_CLIM,ANALOGO_ESTADO_V2_HIBRIDO_CLIMATOLOGIA,30,10,1.8139478383195429,OK_ANALOGOS_CONTINUIDAD_CORREGIDA,-0.02961498694851361,0.02961498694851361,0.0,CORREGIDO_ANCLA_OBSERVADO
2026-10-09,SAN REGIS,34.0,2026-10-08,2026-10-23,90,15,5.432591106439802,5.433453516640602,5.432591106439802,5.06,5.430003875837403,4.473914986948514,6.371914986948513,HIBRIDO_ANALOGO_CLIM,ANALOGO_ESTADO_V2_HIBRIDO_CLIMATOLOGIA,30,10,1.8139478383195429,OK_ANALOGOS_CONTINUIDAD_CORREGIDA,-0.02961498694851361,0.02961498694851361,0.0,CORREGIDO_ANCLA_OBSERVADO
2026-10-09,SAN REGIS,34.0,2026-10-08,2026-10-24,90,16,5.422300734569422,5.413820983776391,5.422300734569422,5.06,5.4477399869485135,4.4999149869485136,6.226914986948514,HIBRIDO_ANALOGO_CLIM,ANALOGO_ESTADO_V2_HIBRIDO_CLIMATOLOGIA,30,10,1.8139478383195429,OK_ANALOGOS_CONTINUIDAD_CORREGIDA,-0.02961498694851361,0.02961498694851361,0.0,CORREGIDO_ANCLA_OBSERVADO
2026-10-09,SAN REGIS,34.0,2026-10-08,2026-10-25,90,17,5.401738919577761,5.3901552304541775,5.401738919577761,5.06,5.436489986948514,4.396614986948514,6.178914986948514,HIBRIDO_ANALOGO_CLIM,ANALOGO_ESTADO_V2_HIBRIDO_CLIMATOLOGIA,30,10,1.8139478383195429,OK_ANALOGOS_CONTINUIDAD_CORREGIDA,-0.02961498694851361,0.02961498694851361,0.0,CORREGIDO_ANCLA_OBSERVADO
2026-10-09,SAN REGIS,34.0,2026-10-08,2026-10-26,90,18,5.375009321262204,5.344085210477878,5.375009321262204,5.06,5.46778165361518,4.096114986948513,6.231614986948513,HIBRIDO_ANALOGO_CLIM,ANALOGO_ESTADO_V2_HIBRIDO_CLIMATOLOGIA,30,10,1.8139478383195429,OK_ANALOGOS_CONTINUIDAD_CORREGIDA,-0.02961498694851361,0.02961498694851361,0.0,CORREGIDO_ANCLA_OBSERVADO
2026-10-09,SAN REGIS,34.0,2026-10-08,2026-10-27,90,19,5.39802564476422,5.3546116047768635,5.39802564476422,5.06,5.528267764726292,3.894614986948513,6.224114986948513,HIBRIDO_ANALOGO_CLIM,ANALOGO_ESTADO_V2_HIBRIDO_CLIMATOLOGIA,30,10,1.8139478383195429,OK_ANALOGOS_CONTINUIDAD_CORREGIDA,-0.02961498694851361,0.02961498694851361,0.0,CORREGIDO_ANCLA_OBSERVADO
2026-10-09,SAN REGIS,34.0,2026-10-08,2026-10-28,90,20,5.441283916295157,5.39273837422552,5.441283916295157,5.06,5.586920542504068,3.7788149869485133,6.356414986948513,HIBRIDO_ANALOGO_CLIM,ANALOGO_ESTADO_V2_HIBRIDO_CLIMATOLOGIA,30,10,1.8139478383195429,OK_ANALOGOS_CONTINUIDAD_CORREGIDA,-0.02961498694851361,0.02961498694851361,0.0,CORREGIDO_ANCLA_OBSERVADO
2026-10-09,SAN REGIS,34.0,2026-10-08,2026-10-29,90,21,5.452204016611086,5.3886225820541656,5.452204016611086,5.06,5.642948320281847,3.6676149869485135,6.320914986948513,HIBRIDO_ANALOGO_CLIM,ANALOGO_ESTADO_V2_HIBRIDO_CLIMATOLOGIA,30,10,1.8139478383195429,OK_ANALOGOS_CONTINUIDAD_CORREGIDA,-0.02961498694851361,0.02961498694851361,0.0,CORREGIDO_ANCLA_OBSERVADO
2026-10-09,SAN REGIS,34.0,2026-10-08,2026-10-30,90,22,5.439801207121358,5.360798465697491,5.439801207121358,5.06,5.676809431392958,3.575414986948513,6.347614986948512,HIBRIDO_ANALOGO_CLIM,ANALOGO_ESTADO_V2_HIBRIDO_CLIMATOLOGIA,30,10,1.8139478383195429,OK_ANALOGOS_CONTINUIDAD_CORREGIDA,-0.02961498694851361,0.02961498694851361,0.0,CORREGIDO_ANCLA_OBSERVADO
2026-10-09,SAN REGIS,34.0,2026-10-08,2026-10-31,90,23,5.4697234148891525,5.397629927906403,5.4697234148891525,5.06,5.686003875837402,3.6726149869485134,6.460614986948513,HIBRIDO_ANALOGO_CLIM,ANALOGO_ESTADO_V2_HIBRIDO_CLIMATOLOGIA,30,10,1.8139478383195429,OK_ANALOGOS_CONTINUIDAD_CORREGIDA,-0.02961498694851361,0.02961498694851361,0.0,CORREGIDO_ANCLA_OBSERVADO
2026-10-09,SAN REGIS,34.0,2026-10-08,2026-11-01,90,24,5.539333438891355,5.524186957960023,5.539333438891355,5.06,5.584772881685356,4.0041149869485135,6.564614986948513,HIBRIDO_ANALOGO_CLIM,ANALOGO_ESTADO_V2_HIBRIDO_CLIMATOLOGIA,30,10,1.8139478383195429,OK_ANALOGOS_CONTINUIDAD_CORREGIDA,-0.02961498694851361,0.02961498694851361,0.0,CORREGIDO_ANCLA_OBSERVADO
2026-10-09,SAN REGIS,34.0,2026-10-08,2026-11-02,90,25,5.639686216613103,5.658291156415829,5.639686216613103,5.06,5.583871397204923,4.192114986948513,7.1741149869485135,HIBRIDO_ANALOGO_CLIM,ANALOGO_ESTADO_V2_HIBRIDO_CLIMATOLOGIA,30,10,1.8139478383195429,OK_ANALOGOS_CONTINUIDAD_CORREGIDA,-0.02961498694851361,0.02961498694851361,0.0,CORREGIDO_ANCLA_OBSERVADO
2026-10-09,SAN REGIS,34.0,2026-10-08,2026-11-03,90,26,5.7216994131937495,5.741347213395153,5.7216994131937495,5.06,5.662756012589539,4.327614986948514,7.180814986948514,HIBRIDO_ANALOGO_CLIM,ANALOGO_ESTADO_V2_HIBRIDO_CLIMATOLOGIA,30,10,1.8139478383195429,OK_ANALOGOS_CONTINUIDAD_CORREGIDA,-0.02961498694851361,0.02961498694851361,0.0,CORREGIDO_ANCLA_OBSERVADO
2026-10-09,SAN REGIS,34.0,2026-10-08,2026-11-04,90,27,5.837366621809245,5.870753918899575,5.837366621809245,5.06,5.737204730538258,4.668414986948513,7.1368149869485125,HIBRIDO_ANALOGO_CLIM,ANALOGO_ESTADO_V2_HIBRIDO_CLIMATOLOGIA,30,10,1.8139478383195429,OK_ANALOGOS_CONTINUIDAD_CORREGIDA,-0.02961498694851361,0.02961498694851361,0.0,CORREGIDO_ANCLA_OBSERVADO
2026-10-09,SAN REGIS,34.0,2026-10-08,2026-11-05,90,28,5.944424255652646,5.9898435845369296,5.944424255652646,5.06,5.808166268999796,4.8452149869485135,7.176614986948513,HIBRIDO_ANALOGO_CLIM,ANALOGO_ESTADO_V2_HIBRIDO_CLIMATOLOGIA,30,10,1.8139478383195429,OK_ANALOGOS_CONTINUIDAD_CORREGIDA,-0.02961498694851361,0.02961498694851361,0.0,CORREGIDO_ANCLA_OBSERVADO
2026-10-09,SAN REGIS,34.0,2026-10-08,2026-11-06,90,29,5.987591802581321,6.018951595826445,5.987591802581321,5.06,5.89351242284595,4.945614986948513,7.332614986948513,HIBRIDO_ANALOGO_CLIM,ANALOGO_ESTADO_V2_HIBRIDO_CLIMATOLOGIA,30,10,1.8139478383195429,OK_ANALOGOS_CONTINUIDAD_CORREGIDA,-0.02961498694851361,0.02961498694851361,0.0,CORREGIDO_ANCLA_OBSERVADO
2026-10-09,SAN REGIS,34.0,2026-10-08,2026-11-07,90,30,6.105807451755113,6.154392974212014,6.105807451755113,5.06,5.960050884384411,5.053114986948513,7.395614986948513,HIBRIDO_ANALOGO_CLIM,ANALOGO_ESTADO_V2_HIBRIDO_CLIMATOLOGIA,30,10,1.8139478383195429,OK_ANALOGOS_CONTINUIDAD_CORREGIDA,-0.02961498694851361,0.02961498694851361,0.0,CORREGIDO_ANCLA_OBSERVADO
2026-10-09,SAN REGIS,34.0,2026-10-08,2026-11-08,90,31,6.203449971358464,6.274162877192986,6.203449971358464,5.06,6.000435499769027,5.132614986948513,7.432614986948512,HIBRIDO_ANALOGO_CLIM,ANALOGO_ESTADO_V2_HIBRIDO_CLIMATOLOGIA,30,10,1.8139478383195429,OK_ANALOGOS_CONTINUIDAD_CORREGIDA,-0.02961498694851361,0.02961498694851361,0.0,CORREGIDO_ANCLA_OBSERVADO
2026-10-09,SAN REGIS,34.0,2026-10-08,2026-11-09,90,32,6.301733582298128,6.400266218369317,6.301733582298128,5.06,6.030768833102361,5.3654149869485135,7.440614986948512,HIBRIDO_ANALOGO_CLIM,ANALOGO_ESTADO_V2_HIBRIDO_CLIMATOLOGIA,30,10,1.8139478383195429,OK_ANALOGOS_CONTINUIDAD_CORREGIDA,-0.02961498694851361,0.02961498694851361,0.0,CORREGIDO_ANCLA_OBSERVADO
2026-10-09,SAN REGIS,34.0,2026-10-08,2026-11-10,90,33,6.3932528082763085,6.512034086215852,6.3932528082763085,5.06,6.080102166435693,5.676414986948513,7.441614986948513,HIBRIDO_ANALOGO_CLIM,ANALOGO_ESTADO_V2_HIBRIDO_CLIMATOLOGIA,30,10,1.8139478383195429,OK_ANALOGOS_CONTINUIDAD_CORREGIDA,-0.02961498694851361,0.02961498694851361,0.0,CORREGIDO_ANCLA_OBSERVADO
2026-10-09,SAN REGIS,34.0,2026-10-08,2026-11-11,90,34,6.558763871239442,6.724068409274556,6.558763871239442,5.06,6.140640627974154,5.7926149869485135,7.4546149869485125,HIBRIDO_ANALOGO_CLIM,ANALOGO_ESTADO_V2_HIBRIDO_CLIMATOLOGIA,30,10,1.8139478383195429,OK_ANALOGOS_CONTINUIDAD_CORREGIDA,-0.02961498694851361,0.02961498694851361,0.0,CORREGIDO_ANCLA_OBSERVADO
2026-10-09,SAN REGIS,34.0,2026-10-08,2026-11-12,90,35,6.747187682921101,6.974326967989753,6.747187682921101,5.06,6.195563704897232,5.870614986948514,7.871914986948513,HIBRIDO_ANALOGO_CLIM,ANALOGO_ESTADO_V2_HIBRIDO_CLIMATOLOGIA,30,10,1.8139478383195429,OK_ANALOGOS_CONTINUIDAD_CORREGIDA,-0.02961498694851361,0.02961498694851361,0.0,CORREGIDO_ANCLA_OBSERVADO
2026-10-09,SAN REGIS,34.0,2026-10-08,2026-11-13,90,36,6.860064046748665,7.133558698750927,6.860064046748665,5.06,6.221909858743386,5.927614986948514,8.057214986948512,HIBRIDO_ANALOGO_CLIM,ANALOGO_ESTADO_V2_HIBRIDO_CLIMATOLOGIA,30,10,1.8139478383195429,OK_ANALOGOS_CONTINUIDAD_CORREGIDA,-0.02961498694851361,0.02961498694851361,0.0,CORREGIDO_ANCLA_OBSERVADO
2026-10-09,SAN REGIS,34.0,2026-10-08,2026-11-14,90,37,6.905656727820804,7.210528130996187,6.905656727820804,5.06,6.221756012589539,5.976614986948514,7.993914986948512,HIBRIDO_ANALOGO_CLIM,ANALOGO_ESTADO_V2_HIBRIDO_CLIMATOLOGIA,30,10,1.8139478383195429,OK_ANALOGOS_CONTINUIDAD_CORREGIDA,-0.02961498694851361,0.02961498694851361,0.0,CORREGIDO_ANCLA_OBSERVADO
2026-10-09,SAN REGIS,34.0,2026-10-08,2026-11-15,90,38,6.925064937783298,7.242611475349636,6.925064937783298,5.06,6.239832935666462,6.046614986948513,8.253914986948512,HIBRIDO_ANALOGO_CLIM,ANALOGO_ESTADO_V2_HIBRIDO_CLIMATOLOGIA,30,10,1.8139478383195429,OK_ANALOGOS_CONTINUIDAD_CORREGIDA,-0.02961498694851361,0.02961498694851361,0.0,CORREGIDO_ANCLA_OBSERVADO
2026-10-09,SAN REGIS,34.0,2026-10-08,2026-11-16,90,39,6.928937036693486,7.263141480397857,6.928937036693486,5.06,6.234820115153641,6.174614986948514,8.611414986948514,HIBRIDO_ANALOGO_CLIM,ANALOGO_ESTADO_V2_HIBRIDO_CLIMATOLOGIA,30,10,1.8139478383195429,OK_ANALOGOS_CONTINUIDAD_CORREGIDA,-0.02961498694851361,0.02961498694851361,0.0,CORREGIDO_ANCLA_OBSERVADO
2026-10-09,SAN REGIS,34.0,2026-10-08,2026-11-17,90,40,7.005852439450412,7.374375011855208,7.005852439450412,5.06,6.268807294640821,6.078614986948513,8.778014986948513,HIBRIDO_ANALOGO_CLIM,ANALOGO_ESTADO_V2_HIBRIDO_CLIMATOLOGIA,30,10,1.8139478383195429,OK_ANALOGOS_CONTINUIDAD_CORREGIDA,-0.02961498694851361,0.02961498694851361,0.0,CORREGIDO_ANCLA_OBSERVADO
2026-10-09,SAN REGIS,34.0,2026-10-08,2026-11-18,90,41,7.1082197986404845,7.521175200748717,7.1082197986404845,5.06,6.31252524335877,6.078614986948514,8.865314986948515,HIBRIDO_ANALOGO_CLIM,ANALOGO_ESTADO_V2_HIBRIDO_CLIMATOLOGIA,30,10,1.8139478383195429,OK_ANALOGOS_CONTINUIDAD_CORREGIDA,-0.02961498694851361,0.02961498694851361,0.0,CORREGIDO_ANCLA_OBSERVADO
2026-10-09,SAN REGIS,34.0,2026-10-08,2026-11-19,90,42,7.169914409534386,7.595874453648673,7.169914409534386,5.06,6.378845756179283,6.114614986948514,8.788114986948514,HIBRIDO_ANALOGO_CLIM,ANALOGO_ESTADO_V2_HIBRIDO_CLIMATOLOGIA,30,10,1.8139478383195429,OK_ANALOGOS_CONTINUIDAD_CORREGIDA,-0.02961498694851361,0.02961498694851361,0.0,CORREGIDO_ANCLA_OBSERVADO
2026-10-09,SAN REGIS,34.0,2026-10-08,2026-11-20,90,43,7.239123298843533,7.691043191966393,7.239123298843533,5.06,6.429871397204924,6.1596149869485135,8.963514986948514,HIBRIDO_ANALOGO_CLIM,ANALOGO_ESTADO_V2_HIBRIDO_CLIMATOLOGIA,30,10,1.8139478383195429,OK_ANALOGOS_CONTINUIDAD_CORREGIDA,-0.02961498694851361,0.02961498694851361,0.0,CORREGIDO_ANCLA_OBSERVADO
2026-10-09,SAN REGIS,34.0,2026-10-08,2026-11-21,90,44,7.319565386987911,7.816934107118683,7.319565386987911,5.06,6.460473961307488,6.221614986948514,9.003614986948513,HIBRIDO_ANALOGO_CLIM,ANALOGO_ESTADO_V2_HIBRIDO_CLIMATOLOGIA,30,10,1.8139478383195429,OK_ANALOGOS_CONTINUIDAD_CORREGIDA,-0.02961498694851361,0.02961498694851361,0.0,CORREGIDO_ANCLA_OBSERVADO
2026-10-09,SAN REGIS,34.0,2026-10-08,2026-11-22,90,45,7.3821637376057625,7.919777603384728,7.3821637376057625,5.06,6.486140627974154,6.285614986948514,9.081014986948514,HIBRIDO_ANALOGO_CLIM,ANALOGO_ESTADO_V2_HIBRIDO_CLIMATOLOGIA,30,10,1.8139478383195429,OK_ANALOGOS_CONTINUIDAD_CORREGIDA,-0.02961498694851361,0.02961498694851361,0.0,CORREGIDO_ANCLA_OBSERVADO
2026-10-09,SAN REGIS,34.0,2026-10-08,2026-11-23,90,46,7.264560884488039,7.732010621212193,7.264560884488039,5.06,6.512576525410052,6.296614986948513,8.951414986948514,HIBRIDO_ANALOGO_CLIM,ANALOGO_ESTADO_V2_HIBRIDO_CLIMATOLOGIA,30,10,1.8139478383195429,OK_ANALOGOS_CONTINUIDAD_CORREGIDA,-0.02961498694851361,0.02961498694851361,0.0,CORREGIDO_ANCLA_OBSERVADO
2026-10-09,SAN REGIS,34.0,2026-10-08,2026-11-24,90,47,7.263020487029443,7.7318040422273135,7.263020487029443,5.06,6.534909858743386,6.221614986948514,8.988814986948512,HIBRIDO_ANALOGO_CLIM,ANALOGO_ESTADO_V2_HIBRIDO_CLIMATOLOGIA,30,10,1.8139478383195429,OK_ANALOGOS_CONTINUIDAD_CORREGIDA,-0.02961498694851361,0.02961498694851361,0.0,CORREGIDO_ANCLA_OBSERVADO
2026-10-09,SAN REGIS,34.0,2026-10-08,2026-11-25,90,48,7.271323270160274,7.731966399139055,7.271323270160274,5.06,6.580358576692103,6.131614986948513,9.052114986948514,HIBRIDO_ANALOGO_CLIM,ANALOGO_ESTADO_V2_HIBRIDO_CLIMATOLOGIA,30,10,1.8139478383195429,OK_ANALOGOS_CONTINUIDAD_CORREGIDA,-0.02961498694851361,0.02961498694851361,0.0,CORREGIDO_ANCLA_OBSERVADO
2026-10-09,SAN REGIS,34.0,2026-10-08,2026-11-26,90,49,7.299034908800545,7.746058191812185,7.299034908800545,5.06,6.651307294640821,6.2766149869485135,9.014414986948513,HIBRIDO_ANALOGO_CLIM,ANALOGO_ESTADO_V2_HIBRIDO_CLIMATOLOGIA,30,10,1.8139478383195429,OK_ANALOGOS_CONTINUIDAD_CORREGIDA,-0.02961498694851361,0.02961498694851361,0.0,CORREGIDO_ANCLA_OBSERVADO
2026-10-09,SAN REGIS,34.0,2026-10-08,2026-11-27,90,50,7.3124534649999005,7.74488387972525,7.3124534649999005,5.06,6.707050884384412,6.443614986948512,8.887814986948513,HIBRIDO_ANALOGO_CLIM,ANALOGO_ESTADO_V2_HIBRIDO_CLIMATOLOGIA,30,10,1.8139478383195429,OK_ANALOGOS_CONTINUIDAD_CORREGIDA,-0.02961498694851361,0.02961498694851361,0.0,CORREGIDO_ANCLA_OBSERVADO
2026-10-09,SAN REGIS,34.0,2026-10-08,2026-11-28,90,51,7.340572124381767,7.765445683042021,7.340572124381767,5.06,6.765743192076719,6.447614986948513,9.032614986948513,HIBRIDO_ANALOGO_CLIM,ANALOGO_ESTADO_V2_HIBRIDO_CLIMATOLOGIA,30,10,1.8139478383195429,OK_ANALOGOS_CONTINUIDAD_CORREGIDA,-0.02961498694851361,0.02961498694851361,0.0,CORREGIDO_ANCLA_OBSERVADO
2026-10-09,SAN REGIS,34.0,2026-10-08,2026-11-29,90,52,7.3749549767784,7.799989478805177,7.3749549767784,5.06,6.819140627974154,6.439614986948514,9.122114986948514,HIBRIDO_ANALOGO_CLIM,ANALOGO_ESTADO_V2_HIBRIDO_CLIMATOLOGIA,30,10,1.8139478383195429,OK_ANALOGOS_CONTINUIDAD_CORREGIDA,-0.02961498694851361,0.02961498694851361,0.0,CORREGIDO_ANCLA_OBSERVADO
2026-10-09,SAN REGIS,34.0,2026-10-08,2026-11-30,90,53,7.430994671740594,7.879553725879602,7.430994671740594,5.06,6.863948320281847,6.528614986948513,9.288614986948513,HIBRIDO_ANALOGO_CLIM,ANALOGO_ESTADO_V2_HIBRIDO_CLIMATOLOGIA,30,10,1.8139478383195429,OK_ANALOGOS_CONTINUIDAD_CORREGIDA,-0.02961498694851361,0.02961498694851361,0.0,CORREGIDO_ANCLA_OBSERVADO
2026-10-09,SAN REGIS,34.0,2026-10-08,2026-12-01,90,54,7.47574274473173,7.961954929329481,7.47574274473173,5.06,6.881483408001145,6.5316149869485125,9.423614986948515,HIBRIDO_ANALOGO_CLIM,ANALOGO_ESTADO_V2_HIBRIDO_CLIMATOLOGIA,30,10,1.8139478383195429,OK_ANALOGOS_CONTINUIDAD_CORREGIDA,-0.02961498694851361,0.02961498694851361,0.0,CORREGIDO_ANCLA_OBSERVADO
2026-10-09,SAN REGIS,34.0,2026-10-08,2026-12-02,90,55,7.5357492554718535,8.084216297652727,7.5357492554718535,5.06,6.887560932894459,6.522614986948513,9.555814986948512,HIBRIDO_ANALOGO_CLIM,ANALOGO_ESTADO_V2_HIBRIDO_CLIMATOLOGIA,30,10,1.8139478383195429,OK_ANALOGOS_CONTINUIDAD_CORREGIDA,-0.02961498694851361,0.02961498694851361,0.0,CORREGIDO_ANCLA_OBSERVADO
2026-10-09,SAN REGIS,34.0,2026-10-08,2026-12-03,90,56,7.600327652013159,8.199321166377157,7.600327652013159,5.06,6.915763635597162,6.570614986948513,9.610814986948512,HIBRIDO_ANALOGO_CLIM,ANALOGO_ESTADO_V2_HIBRIDO_CLIMATOLOGIA,30,10,1.8139478383195429,OK_ANALOGOS_CONTINUIDAD_CORREGIDA,-0.02961498694851361,0.02961498694851361,0.0,CORREGIDO_ANCLA_OBSERVADO
2026-10-09,SAN REGIS,34.0,2026-10-08,2026-12-04,90,57,7.669069531647698,8.306213090107835,7.669069531647698,5.06,6.964858230191757,6.663614986948513,9.567114986948514,HIBRIDO_ANALOGO_CLIM,ANALOGO_ESTADO_V2_HIBRIDO_CLIMATOLOGIA,30,10,1.8139478383195429,OK_ANALOGOS_CONTINUIDAD_CORREGIDA,-0.02961498694851361,0.02961498694851361,0.0,CORREGIDO_ANCLA_OBSERVADO
2026-10-09,SAN REGIS,34.0,2026-10-08,2026-12-05,90,58,7.734807288584251,8.387449258641045,7.734807288584251,5.06,7.0371555274890545,6.760614986948513,9.496414986948512,HIBRIDO_ANALOGO_CLIM,ANALOGO_ESTADO_V2_HIBRIDO_CLIMATOLOGIA,30,10,1.8139478383195429,OK_ANALOGOS_CONTINUIDAD_CORREGIDA,-0.02961498694851361,0.02961498694851361,0.0,CORREGIDO_ANCLA_OBSERVADO
2026-10-09,SAN REGIS,34.0,2026-10-08,2026-12-06,90,59,7.812241020958656,8.478472138479322,7.812241020958656,5.06,7.1234257977593245,6.814614986948514,9.542114986948512,HIBRIDO_ANALOGO_CLIM,ANALOGO_ESTADO_V2_HIBRIDO_CLIMATOLOGIA,30,10,1.8139478383195429,OK_ANALOGOS_CONTINUIDAD_CORREGIDA,-0.02961498694851361,0.02961498694851361,0.0,CORREGIDO_ANCLA_OBSERVADO
2026-10-09,SAN REGIS,34.0,2026-10-08,2026-12-07,90,60,7.8848975814241,8.599423419142926,7.8848975814241,5.06,7.170371743705271,6.818614986948512,9.668614986948512,HIBRIDO_ANALOGO_CLIM,ANALOGO_ESTADO_V2_HIBRIDO_CLIMATOLOGIA,30,10,1.8139478383195429,OK_ANALOGOS_CONTINUIDAD_CORREGIDA,-0.02961498694851361,0.02961498694851361,0.0,CORREGIDO_ANCLA_OBSERVADO
2026-10-09,SAN REGIS,34.0,2026-10-08,2026-12-08,90,61,7.949984788487709,8.734341472900887,7.949984788487709,5.06,7.191344716678243,6.905614986948513,9.962614986948513,HIBRIDO_ANALOGO_CLIM,ANALOGO_ESTADO_V2_HIBRIDO_CLIMATOLOGIA,30,10,1.8139478383195429,OK_ANALOGOS_CONTINUIDAD_CORREGIDA,-0.02961498694851361,0.02961498694851361,0.0,CORREGIDO_ANCLA_OBSERVADO
2026-10-09,SAN REGIS,34.0,2026-10-08,2026-12-09,90,62,7.99195298911983,8.82820199982859,7.99195298911983,5.06,7.209655527489054,7.113614986948512,10.085414986948514,HIBRIDO_ANALOGO_CLIM,ANALOGO_ESTADO_V2_HIBRIDO_CLIMATOLOGIA,30,10,1.8139478383195429,OK_ANALOGOS_CONTINUIDAD_CORREGIDA,-0.02961498694851361,0.02961498694851361,0.0,CORREGIDO_ANCLA_OBSERVADO
2026-10-09,SAN REGIS,34.0,2026-10-08,2026-12-10,90,63,8.010991598452463,8.879771295662376,8.010991598452463,5.06,7.224952824786352,7.249614986948513,10.064214986948514,HIBRIDO_ANALOGO_CLIM,ANALOGO_ESTADO_V2_HIBRIDO_CLIMATOLOGIA,30,10,1.8139478383195429,OK_ANALOGOS_CONTINUIDAD_CORREGIDA,-0.02961498694851361,0.02961498694851361,0.0,CORREGIDO_ANCLA_OBSERVADO
2026-10-09,SAN REGIS,34.0,2026-10-08,2026-12-11,90,64,8.027302577207912,8.906744765303593,8.027302577207912,5.06,7.257790662624189,7.277614986948513,10.056414986948514,HIBRIDO_ANALOGO_CLIM,ANALOGO_ESTADO_V2_HIBRIDO_CLIMATOLOGIA,30,10,1.8139478383195429,OK_ANALOGOS_CONTINUIDAD_CORREGIDA,-0.02961498694851361,0.02961498694851361,0.0,CORREGIDO_ANCLA_OBSERVADO
2026-10-09,SAN REGIS,34.0,2026-10-08,2026-12-12,90,65,8.051144603438942,8.92653955560576,8.051144603438942,5.06,7.310425797759324,7.285614986948513,10.106214986948512,HIBRIDO_ANALOGO_CLIM,ANALOGO_ESTADO_V2_HIBRIDO_CLIMATOLOGIA,30,10,1.8139478383195429,OK_ANALOGOS_CONTINUIDAD_CORREGIDA,-0.02961498694851361,0.02961498694851361,0.0,CORREGIDO_ANCLA_OBSERVADO
2026-10-09,SAN REGIS,34.0,2026-10-08,2026-12-13,90,66,8.067899703152772,8.945720662597616,8.067899703152772,5.06,7.349682554516081,7.291614986948512,10.119914986948512,HIBRIDO_ANALOGO_CLIM,ANALOGO_ESTADO_V2_HIBRIDO_CLIMATOLOGIA,30,10,1.8139478383195429,OK_ANALOGOS_CONTINUIDAD_CORREGIDA,-0.02961498694851361,0.02961498694851361,0.0,CORREGIDO_ANCLA_OBSERVADO
2026-10-09,SAN REGIS,34.0,2026-10-08,2026-12-14,90,67,8.07054893896959,8.954585281172676,8.07054893896959,5.06,7.371236608570135,7.295614986948513,10.087614986948513,HIBRIDO_ANALOGO_CLIM,ANALOGO_ESTADO_V2_HIBRIDO_CLIMATOLOGIA,30,10,1.8139478383195429,OK_ANALOGOS_CONTINUIDAD_CORREGIDA,-0.02961498694851361,0.02961498694851361,0.0,CORREGIDO_ANCLA_OBSERVADO
2026-10-09,SAN REGIS,34.0,2026-10-08,2026-12-15,90,68,8.061722823729585,8.939413737108573,8.061722823729585,5.06,7.390547419380946,7.242614986948514,10.063214986948513,HIBRIDO_ANALOGO_CLIM,ANALOGO_ESTADO_V2_HIBRIDO_CLIMATOLOGIA,30,10,1.8139478383195429,OK_ANALOGOS_CONTINUIDAD_CORREGIDA,-0.02961498694851361,0.02961498694851361,0.0,CORREGIDO_ANCLA_OBSERVADO
2026-10-09,SAN REGIS,34.0,2026-10-08,2026-12-16,90,69,8.036487558753453,8.910187174979217,8.036487558753453,5.06,7.390709581543108,7.177614986948514,10.058414986948513,HIBRIDO_ANALOGO_CLIM,ANALOGO_ESTADO_V2_HIBRIDO_CLIMATOLOGIA,30,10,1.8139478383195429,OK_ANALOGOS_CONTINUIDAD_CORREGIDA,-0.02961498694851361,0.02961498694851361,0.0,CORREGIDO_ANCLA_OBSERVADO
2026-10-09,SAN REGIS,34.0,2026-10-08,2026-12-17,90,70,8.006215528114332,8.87942655601675,8.006215528114332,5.06,7.3824933653268925,7.102614986948514,10.038214986948514,HIBRIDO_ANALOGO_CLIM,ANALOGO_ESTADO_V2_HIBRIDO_CLIMATOLOGIA,30,10,1.8139478383195429,OK_ANALOGOS_CONTINUIDAD_CORREGIDA,-0.02961498694851361,0.02961498694851361,0.0,CORREGIDO_ANCLA_OBSERVADO
2026-10-09,SAN REGIS,34.0,2026-10-08,2026-12-18,90,71,7.984335824417262,8.857744340705406,7.984335824417262,5.06,7.381560932894459,7.025614986948513,9.983914986948513,HIBRIDO_ANALOGO_CLIM,ANALOGO_ESTADO_V2_HIBRIDO_CLIMATOLOGIA,30,10,1.8139478383195429,OK_ANALOGOS_CONTINUIDAD_CORREGIDA,-0.02961498694851361,0.02961498694851361,0.0,CORREGIDO_ANCLA_OBSERVADO
2026-10-09,SAN REGIS,34.0,2026-10-08,2026-12-19,90,72,7.974739658239863,8.82785909760932,7.974739658239863,5.06,7.405993365326892,6.946614986948514,9.992214986948515,HIBRIDO_ANALOGO_CLIM,ANALOGO_ESTADO_V2_HIBRIDO_CLIMATOLOGIA,30,10,1.8139478383195429,OK_ANALOGOS_CONTINUIDAD_CORREGIDA,-0.02961498694851361,0.02961498694851361,0.0,CORREGIDO_ANCLA_OBSERVADO
2026-10-09,SAN REGIS,34.0,2026-10-08,2026-12-20,90,73,7.9738207938611065,8.797080071877733,7.9738207938611065,5.06,7.443777149110676,6.870614986948514,10.019214986948512,HIBRIDO_ANALOGO_CLIM,ANALOGO_ESTADO_V2_HIBRIDO_CLIMATOLOGIA,30,10,1.8139478383195429,OK_ANALOGOS_CONTINUIDAD_CORREGIDA,-0.02961498694851361,0.02961498694851361,0.0,CORREGIDO_ANCLA_OBSERVADO
2026-10-09,SAN REGIS,34.0,2026-10-08,2026-12-21,90,74,7.981176720813074,8.763667336160406,7.981176720813074,5.06,7.494763635597163,6.813614986948513,10.074614986948514,HIBRIDO_ANALOGO_CLIM,ANALOGO_ESTADO_V2_HIBRIDO_CLIMATOLOGIA,30,10,1.8139478383195429,OK_ANALOGOS_CONTINUIDAD_CORREGIDA,-0.02961498694851361,0.02961498694851361,0.0,CORREGIDO_ANCLA_OBSERVADO
2026-10-09,SAN REGIS,34.0,2026-10-08,2026-12-22,90,75,8.006349376112418,8.755050835529733,8.006349376112418,5.06,7.557128500462028,6.777614986948514,9.823014986948511,HIBRIDO_ANALOGO_CLIM,ANALOGO_ESTADO_V2_HIBRIDO_CLIMATOLOGIA,30,10,1.8139478383195429,OK_ANALOGOS_CONTINUIDAD_CORREGIDA,-0.02961498694851361,0.02961498694851361,0.0,CORREGIDO_ANCLA_OBSERVADO
2026-10-09,SAN REGIS,34.0,2026-10-08,2026-12-23,90,76,8.034208267519453,8.746472582608813,8.034208267519453,5.06,7.621844716678244,6.724614986948513,9.961114986948512,HIBRIDO_ANALOGO_CLIM,ANALOGO_ESTADO_V2_HIBRIDO_CLIMATOLOGIA,30,10,1.8139478383195429,OK_ANALOGOS_CONTINUIDAD_CORREGIDA,-0.02961498694851361,0.02961498694851361,0.0,CORREGIDO_ANCLA_OBSERVADO
2026-10-09,SAN REGIS,34.0,2026-10-08,2026-12-24,90,77,8.0552679826977,8.754785195073211,8.0552679826977,5.06,7.664628500462027,6.762614986948513,10.086414986948512,HIBRIDO_ANALOGO_CLIM,ANALOGO_ESTADO_V2_HIBRIDO_CLIMATOLOGIA,30,10,1.8139478383195429,OK_ANALOGOS_CONTINUIDAD_CORREGIDA,-0.02961498694851361,0.02961498694851361,0.0,CORREGIDO_ANCLA_OBSERVADO
2026-10-09,SAN REGIS,34.0,2026-10-08,2026-12-25,90,78,8.068175097265115,8.760750051173549,8.068175097265115,5.06,7.695250122083648,6.758614986948514,10.172814986948513,HIBRIDO_ANALOGO_CLIM,ANALOGO_ESTADO_V2_HIBRIDO_CLIMATOLOGIA,30,10,1.8139478383195429,OK_ANALOGOS_CONTINUIDAD_CORREGIDA,-0.02961498694851361,0.02961498694851361,0.0,CORREGIDO_ANCLA_OBSERVADO
2026-10-09,SAN REGIS,34.0,2026-10-08,2026-12-26,90,79,8.092900773774147,8.804086900927299,8.092900773774147,5.06,7.723804176137703,6.788614986948513,10.271214986948515,HIBRIDO_ANALOGO_CLIM,ANALOGO_ESTADO_V2_HIBRIDO_CLIMATOLOGIA,30,10,1.8139478383195429,OK_ANALOGOS_CONTINUIDAD_CORREGIDA,-0.02961498694851361,0.02961498694851361,0.0,CORREGIDO_ANCLA_OBSERVADO
2026-10-09,SAN REGIS,34.0,2026-10-08,2026-12-27,90,80,8.122653057089796,8.854837305480466,8.122653057089796,5.06,7.756560932894459,6.773614986948514,10.345114986948513,HIBRIDO_ANALOGO_CLIM,ANALOGO_ESTADO_V2_HIBRIDO_CLIMATOLOGIA,30,10,1.8139478383195429,OK_ANALOGOS_CONTINUIDAD_CORREGIDA,-0.02961498694851361,0.02961498694851361,0.0,CORREGIDO_ANCLA_OBSERVADO
2026-10-09,SAN REGIS,34.0,2026-10-08,2026-12-28,90,81,8.150955766935283,8.9324462850367,8.150955766935283,5.06,7.774682554516081,6.774614986948514,10.403814986948511,HIBRIDO_ANALOGO_CLIM,ANALOGO_ESTADO_V2_HIBRIDO_CLIMATOLOGIA,30,10,1.8139478383195429,OK_ANALOGOS_CONTINUIDAD_CORREGIDA,-0.02961498694851361,0.02961498694851361,0.0,CORREGIDO_ANCLA_OBSERVADO
2026-10-09,SAN REGIS,34.0,2026-10-08,2026-12-29,90,82,8.173996580193535,9.01214149762269,8.173996580193535,5.06,7.785587959921487,6.762614986948514,10.457814986948513,HIBRIDO_ANALOGO_CLIM,ANALOGO_ESTADO_V2_HIBRIDO_CLIMATOLOGIA,30,10,1.8139478383195429,OK_ANALOGOS_CONTINUIDAD_CORREGIDA,-0.02961498694851361,0.02961498694851361,0.0,CORREGIDO_ANCLA_OBSERVADO
2026-10-09,SAN REGIS,34.0,2026-10-08,2026-12-30,90,83,8.200196780560528,9.078761563747157,8.200196780560528,5.06,7.808547419380946,6.750614986948514,10.471814986948512,HIBRIDO_ANALOGO_CLIM,ANALOGO_ESTADO_V2_HIBRIDO_CLIMATOLOGIA,30,10,1.8139478383195429,OK_ANALOGOS_CONTINUIDAD_CORREGIDA,-0.02961498694851361,0.02961498694851361,0.0,CORREGIDO_ANCLA_OBSERVADO
2026-10-09,SAN REGIS,34.0,2026-10-08,2026-12-31,90,84,8.242609885056268,9.166503386046433,8.242609885056268,5.06,7.846655527489054,6.726614986948514,10.541614986948513,HIBRIDO_ANALOGO_CLIM,ANALOGO_ESTADO_V2_HIBRIDO_CLIMATOLOGIA,30,10,1.8139478383195429,OK_ANALOGOS_CONTINUIDAD_CORREGIDA,-0.02961498694851361,0.02961498694851361,0.0,CORREGIDO_ANCLA_OBSERVADO
2026-10-09,SAN REGIS,34.0,2026-10-08,2027-01-01,90,85,8.370640994773819,9.24916203209315,8.370640994773819,5.06,8.008897038230565,6.703614986948514,10.686814986948512,HIBRIDO_ANALOGO_CLIM,ANALOGO_ESTADO_V2_HIBRIDO_CLIMATOLOGIA,30,10,1.8139478383195429,OK_ANALOGOS_CONTINUIDAD_CORREGIDA,-0.02961498694851361,0.02961498694851361,0.0,CORREGIDO_ANCLA_OBSERVADO
2026-10-09,SAN REGIS,34.0,2026-10-08,2027-01-02,90,86,8.405833367336463,9.329296751816997,8.405833367336463,5.06,8.040743192076718,6.685614986948513,10.767614986948512,HIBRIDO_ANALOGO_CLIM,ANALOGO_ESTADO_V2_HIBRIDO_CLIMATOLOGIA,30,10,1.8139478383195429,OK_ANALOGOS_CONTINUIDAD_CORREGIDA,-0.02961498694851361,0.02961498694851361,0.0,CORREGIDO_ANCLA_OBSERVADO
2026-10-09,SAN REGIS,34.0,2026-10-08,2027-01-03,90,87,8.419482481756042,9.374916366668199,8.419482481756042,5.06,8.057076525410054,6.648614986948513,10.820314986948514,HIBRIDO_ANALOGO_CLIM,ANALOGO_ESTADO_V2_HIBRIDO_CLIMATOLOGIA,30,10,1.8139478383195429,OK_ANALOGOS_CONTINUIDAD_CORREGIDA,-0.02961498694851361,0.02961498694851361,0.0,CORREGIDO_ANCLA_OBSERVADO
2026-10-09,SAN REGIS,34.0,2026-10-08,2027-01-04,90,88,8.435111692289759,9.398378273003821,8.435111692289759,5.06,8.084832935666462,7.229614986948514,10.904914986948516,HIBRIDO_ANALOGO_CLIM,ANALOGO_ESTADO_V2_HIBRIDO_CLIMATOLOGIA,30,10,1.8139478383195429,OK_ANALOGOS_CONTINUIDAD_CORREGIDA,-0.02961498694851361,0.02961498694851361,0.0,CORREGIDO_ANCLA_OBSERVADO
2026-10-09,SAN REGIS,34.0,2026-10-08,2027-01-05,90,89,8.451862872352564,9.420017057826072,8.451862872352564,5.06,8.114640627974154,7.243614986948513,10.969214986948515,HIBRIDO_ANALOGO_CLIM,ANALOGO_ESTADO_V2_HIBRIDO_CLIMATOLOGIA,30,10,1.8139478383195429,OK_ANALOGOS_CONTINUIDAD_CORREGIDA,-0.02961498694851361,0.02961498694851361,0.0,CORREGIDO_ANCLA_OBSERVADO
2026-10-09,SAN REGIS,34.0,2026-10-08,2027-01-06,90,90,8.454539860625395,9.417814481656034,8.454539860625395,5.06,8.133448320281847,7.246614986948514,11.016114986948512,HIBRIDO_ANALOGO_CLIM,ANALOGO_ESTADO_V2_HIBRIDO_CLIMATOLOGIA,30,10,1.8139478383195429,OK_ANALOGOS_CONTINUIDAD_CORREGIDA,-0.02961498694851361,0.02961498694851361,0.0,CORREGIDO_ANCLA_OBSERVADO
2026-10-09,SANTA MARIA DE NANAY,30.0,2026-10-08,2026-10-09,30,1,3.22,2.7015808009216244,3.22,3.22,4.775257597235127,2.4446464861240162,2.9516464861240164,HIBRIDO_ANALOGO_CLIM,ANALOGO_ESTADO_V2_HIBRIDO_CLIMATOLOGIA,30,10,2.3767158818635137,OK_ANALOGOS_CONTINUIDAD_CORREGIDA,0.44235351387598376,-0.44235351387598376,0.0,CORREGIDO_ANCLA_OBSERVADO
2026-10-09,SANTA MARIA DE NANAY,30.0,2026-10-08,2026-10-10,30,2,3.2002239856575314,2.6392127817983324,3.2002239856575314,3.22,4.8832575972351275,2.2306464861240163,3.2936464861240164,HIBRIDO_ANALOGO_CLIM,ANALOGO_ESTADO_V2_HIBRIDO_CLIMATOLOGIA,30,10,2.3767158818635137,OK_ANALOGOS_CONTINUIDAD_CORREGIDA,0.44235351387598376,-0.44235351387598376,0.0,CORREGIDO_ANCLA_OBSERVADO
2026-10-09,SANTA MARIA DE NANAY,30.0,2026-10-08,2026-10-11,30,3,3.2542599524828346,2.684538515343181,3.2542599524828346,3.22,4.9634242639017945,2.1381464861240165,3.3718464861240163,HIBRIDO_ANALOGO_CLIM,ANALOGO_ESTADO_V2_HIBRIDO_CLIMATOLOGIA,30,10,2.3767158818635137,OK_ANALOGOS_CONTINUIDAD_CORREGIDA,0.44235351387598376,-0.44235351387598376,0.0,CORREGIDO_ANCLA_OBSERVADO
2026-10-09,SANTA MARIA DE NANAY,30.0,2026-10-08,2026-10-12,30,4,3.307957288682033,2.740172000645816,3.307957288682033,3.22,5.011313152790683,1.8408464861240161,3.516646486124016,HIBRIDO_ANALOGO_CLIM,ANALOGO_ESTADO_V2_HIBRIDO_CLIMATOLOGIA,30,10,2.3767158818635137,OK_ANALOGOS_CONTINUIDAD_CORREGIDA,0.44235351387598376,-0.44235351387598376,0.0,CORREGIDO_ANCLA_OBSERVADO
2026-10-09,SANTA MARIA DE NANAY,30.0,2026-10-08,2026-10-13,30,5,3.3237715082847528,2.749257626782776,3.3237715082847528,3.22,5.047313152790682,1.7426464861240158,3.5831464861240154,HIBRIDO_ANALOGO_CLIM,ANALOGO_ESTADO_V2_HIBRIDO_CLIMATOLOGIA,30,10,2.3767158818635137,OK_ANALOGOS_CONTINUIDAD_CORREGIDA,0.44235351387598376,-0.44235351387598376,0.0,CORREGIDO_ANCLA_OBSERVADO
2026-10-09,SANTA MARIA DE NANAY,30.0,2026-10-08,2026-10-14,30,6,3.3302003010385044,2.7546071282322226,3.3302003010385044,3.22,5.05697981945735,1.7301464861240166,3.7096464861240155,HIBRIDO_ANALOGO_CLIM,ANALOGO_ESTADO_V2_HIBRIDO_CLIMATOLOGIA,30,10,2.3767158818635137,OK_ANALOGOS_CONTINUIDAD_CORREGIDA,0.44235351387598376,-0.44235351387598376,0.0,CORREGIDO_ANCLA_OBSERVADO
2026-10-09,SANTA MARIA DE NANAY,30.0,2026-10-08,2026-10-15,30,7,3.334812969153918,2.767646241274996,3.334812969153918,3.22,5.036313152790683,1.9736464861240166,3.763646486124015,HIBRIDO_ANALOGO_CLIM,ANALOGO_ESTADO_V2_HIBRIDO_CLIMATOLOGIA,30,10,2.3767158818635137,OK_ANALOGOS_CONTINUIDAD_CORREGIDA,0.44235351387598376,-0.44235351387598376,0.0,CORREGIDO_ANCLA_OBSERVADO
2026-10-09,SANTA MARIA DE NANAY,30.0,2026-10-08,2026-10-16,30,8,3.3442943514828607,2.76832512141729,3.3442943514828607,3.22,5.072202041679573,2.2136464861240164,3.7496464861240164,HIBRIDO_ANALOGO_CLIM,ANALOGO_ESTADO_V2_HIBRIDO_CLIMATOLOGIA,30,10,2.3767158818635137,OK_ANALOGOS_CONTINUIDAD_CORREGIDA,0.44235351387598376,-0.44235351387598376,0.0,CORREGIDO_ANCLA_OBSERVADO
2026-10-09,SANTA MARIA DE NANAY,30.0,2026-10-08,2026-10-17,30,9,3.3596813942155124,2.7668411783941593,3.3596813942155124,3.22,5.1382020416795715,1.983946486124017,3.8781464861240162,HIBRIDO_ANALOGO_CLIM,ANALOGO_ESTADO_V2_HIBRIDO_CLIMATOLOGIA,30,10,2.3767158818635137,OK_ANALOGOS_CONTINUIDAD_CORREGIDA,0.44235351387598376,-0.44235351387598376,0.0,CORREGIDO_ANCLA_OBSERVADO
2026-10-09,SANTA MARIA DE NANAY,30.0,2026-10-08,2026-10-18,30,10,3.412251123768398,2.824748965946155,3.412251123768398,3.22,5.174757597235127,1.8596464861240167,4.022646486124016,HIBRIDO_ANALOGO_CLIM,ANALOGO_ESTADO_V2_HIBRIDO_CLIMATOLOGIA,30,10,2.3767158818635137,OK_ANALOGOS_CONTINUIDAD_CORREGIDA,0.44235351387598376,-0.44235351387598376,0.0,CORREGIDO_ANCLA_OBSERVADO
2026-10-09,SANTA MARIA DE NANAY,30.0,2026-10-08,2026-10-19,30,11,3.4308616507706247,2.8395630019491236,3.4308616507706247,3.22,5.204757597235128,1.8239464861240169,3.752146486124017,HIBRIDO_ANALOGO_CLIM,ANALOGO_ESTADO_V2_HIBRIDO_CLIMATOLOGIA,30,10,2.3767158818635137,OK_ANALOGOS_CONTINUIDAD_CORREGIDA,0.44235351387598376,-0.44235351387598376,0.0,CORREGIDO_ANCLA_OBSERVADO
2026-10-09,SANTA MARIA DE NANAY,30.0,2026-10-08,2026-10-20,30,12,3.415643248288685,2.833419946788019,3.415643248288685,3.22,5.1623131527906825,2.007646486124017,3.7956464861240167,HIBRIDO_ANALOGO_CLIM,ANALOGO_ESTADO_V2_HIBRIDO_CLIMATOLOGIA,30,10,2.3767158818635137,OK_ANALOGOS_CONTINUIDAD_CORREGIDA,0.44235351387598376,-0.44235351387598376,0.0,CORREGIDO_ANCLA_OBSERVADO
2026-10-09,SANTA MARIA DE NANAY,30.0,2026-10-08,2026-10-21,30,13,3.3939979843853147,2.820781817139081,3.3939979843853147,3.22,5.113646486124017,1.8006464861240161,3.8701464861240162,HIBRIDO_ANALOGO_CLIM,ANALOGO_ESTADO_V2_HIBRIDO_CLIMATOLOGIA,30,10,2.3767158818635137,OK_ANALOGOS_CONTINUIDAD_CORREGIDA,0.44235351387598376,-0.44235351387598376,0.0,CORREGIDO_ANCLA_OBSERVADO
2026-10-09,SANTA MARIA DE NANAY,30.0,2026-10-08,2026-10-22,30,14,3.335285886169634,2.761943463962618,3.335285886169634,3.22,5.055313152790683,1.7334464861240164,3.7851464861240163,HIBRIDO_ANALOGO_CLIM,ANALOGO_ESTADO_V2_HIBRIDO_CLIMATOLOGIA,30,10,2.3767158818635137,OK_ANALOGOS_CONTINUIDAD_CORREGIDA,0.44235351387598376,-0.44235351387598376,0.0,CORREGIDO_ANCLA_OBSERVADO
2026-10-09,SANTA MARIA DE NANAY,30.0,2026-10-08,2026-10-23,30,15,3.3082118006171473,2.732066905448191,3.3082118006171473,3.22,5.036646486124017,1.7181464861240165,3.662146486124016,HIBRIDO_ANALOGO_CLIM,ANALOGO_ESTADO_V2_HIBRIDO_CLIMATOLOGIA,30,10,2.3767158818635137,OK_ANALOGOS_CONTINUIDAD_CORREGIDA,0.44235351387598376,-0.44235351387598376,0.0,CORREGIDO_ANCLA_OBSERVADO
2026-10-09,SANTA MARIA DE NANAY,30.0,2026-10-08,2026-10-24,30,16,3.284504033194675,2.677715808144154,3.284504033194675,3.22,5.104868708346238,1.5771464861240165,3.493646486124016,HIBRIDO_ANALOGO_CLIM,ANALOGO_ESTADO_V2_HIBRIDO_CLIMATOLOGIA,30,10,2.3767158818635137,OK_ANALOGOS_CONTINUIDAD_CORREGIDA,0.44235351387598376,-0.44235351387598376,0.0,CORREGIDO_ANCLA_OBSERVADO
2026-10-09,SANTA MARIA DE NANAY,30.0,2026-10-08,2026-10-25,30,17,3.283336435497438,2.668936788992282,3.283336435497438,3.22,5.126535375012905,1.4973464861240167,3.571446486124017,HIBRIDO_ANALOGO_CLIM,ANALOGO_ESTADO_V2_HIBRIDO_CLIMATOLOGIA,30,10,2.3767158818635137,OK_ANALOGOS_CONTINUIDAD_CORREGIDA,0.44235351387598376,-0.44235351387598376,0.0,CORREGIDO_ANCLA_OBSERVADO
2026-10-09,SANTA MARIA DE NANAY,30.0,2026-10-08,2026-10-26,30,18,3.3361112030951987,2.741525368011519,3.3361112030951987,3.22,5.119868708346239,1.4471464861240166,3.6661464861240156,HIBRIDO_ANALOGO_CLIM,ANALOGO_ESTADO_V2_HIBRIDO_CLIMATOLOGIA,30,10,2.3767158818635137,OK_ANALOGOS_CONTINUIDAD_CORREGIDA,0.44235351387598376,-0.44235351387598376,0.0,CORREGIDO_ANCLA_OBSERVADO
2026-10-09,SANTA MARIA DE NANAY,30.0,2026-10-08,2026-10-27,30,19,3.37030591414582,2.7877109086716065,3.37030591414582,3.22,5.11809093056846,1.4716464861240166,3.8921464861240165,HIBRIDO_ANALOGO_CLIM,ANALOGO_ESTADO_V2_HIBRIDO_CLIMATOLOGIA,30,10,2.3767158818635137,OK_ANALOGOS_CONTINUIDAD_CORREGIDA,0.44235351387598376,-0.44235351387598376,0.0,CORREGIDO_ANCLA_OBSERVADO
2026-10-09,SANTA MARIA DE NANAY,30.0,2026-10-08,2026-10-28,30,20,3.433824480290483,2.862735663531157,3.433824480290483,3.22,5.14709093056846,1.5646464861240164,4.008146486124016,HIBRIDO_ANALOGO_CLIM,ANALOGO_ESTADO_V2_HIBRIDO_CLIMATOLOGIA,30,10,2.3767158818635137,OK_ANALOGOS_CONTINUIDAD_CORREGIDA,0.44235351387598376,-0.44235351387598376,0.0,CORREGIDO_ANCLA_OBSERVADO
2026-10-09,SANTA MARIA DE NANAY,30.0,2026-10-08,2026-10-29,30,21,3.4365499492792027,2.854221474034635,3.4365499492792027,3.22,5.183535375012905,1.4854464861240166,3.850446486124016,HIBRIDO_ANALOGO_CLIM,ANALOGO_ESTADO_V2_HIBRIDO_CLIMATOLOGIA,30,10,2.3767158818635137,OK_ANALOGOS_CONTINUIDAD_CORREGIDA,0.44235351387598376,-0.44235351387598376,0.0,CORREGIDO_ANCLA_OBSERVADO
2026-10-09,SANTA MARIA DE NANAY,30.0,2026-10-08,2026-10-30,30,22,3.4116692263387116,2.7917323619658325,3.4116692263387116,3.22,5.271479819457349,1.2493464861240162,4.030446486124017,HIBRIDO_ANALOGO_CLIM,ANALOGO_ESTADO_V2_HIBRIDO_CLIMATOLOGIA,30,10,2.3767158818635137,OK_ANALOGOS_CONTINUIDAD_CORREGIDA,0.44235351387598376,-0.44235351387598376,0.0,CORREGIDO_ANCLA_OBSERVADO
2026-10-09,SANTA MARIA DE NANAY,30.0,2026-10-08,2026-10-31,30,23,3.3832657607913474,2.7366203338286064,3.3832657607913474,3.22,5.323202041679572,1.055146486124016,4.007146486124016,HIBRIDO_ANALOGO_CLIM,ANALOGO_ESTADO_V2_HIBRIDO_CLIMATOLOGIA,30,10,2.3767158818635137,OK_ANALOGOS_CONTINUIDAD_CORREGIDA,0.44235351387598376,-0.44235351387598376,0.0,CORREGIDO_ANCLA_OBSERVADO
2026-10-09,SANTA MARIA DE NANAY,30.0,2026-10-08,2026-11-01,30,24,3.4451195912261303,2.779647663297206,3.4451195912261303,3.22,5.441535375012904,1.1901464861240163,4.124446486124016,HIBRIDO_ANALOGO_CLIM,ANALOGO_ESTADO_V2_HIBRIDO_CLIMATOLOGIA,30,10,2.3767158818635137,OK_ANALOGOS_CONTINUIDAD_CORREGIDA,0.44235351387598376,-0.44235351387598376,0.0,CORREGIDO_ANCLA_OBSERVADO
2026-10-09,SANTA MARIA DE NANAY,30.0,2026-10-08,2026-11-02,30,25,3.477753320315284,2.810677820601262,3.477753320315284,3.22,5.478979819457349,1.422346486124016,4.030446486124017,HIBRIDO_ANALOGO_CLIM,ANALOGO_ESTADO_V2_HIBRIDO_CLIMATOLOGIA,30,10,2.3767158818635137,OK_ANALOGOS_CONTINUIDAD_CORREGIDA,0.44235351387598376,-0.44235351387598376,0.0,CORREGIDO_ANCLA_OBSERVADO
2026-10-09,SANTA MARIA DE NANAY,30.0,2026-10-08,2026-11-03,30,26,3.5209293050077033,2.85643098537634,3.5209293050077033,3.22,5.514424263901793,1.5289464861240165,3.859946486124016,HIBRIDO_ANALOGO_CLIM,ANALOGO_ESTADO_V2_HIBRIDO_CLIMATOLOGIA,30,10,2.3767158818635137,OK_ANALOGOS_CONTINUIDAD_CORREGIDA,0.44235351387598376,-0.44235351387598376,0.0,CORREGIDO_ANCLA_OBSERVADO
2026-10-09,SANTA MARIA DE NANAY,30.0,2026-10-08,2026-11-04,30,27,3.5369496037472046,2.896087679991971,3.5369496037472046,3.22,5.459535375012905,1.6371464861240166,3.9336464861240157,HIBRIDO_ANALOGO_CLIM,ANALOGO_ESTADO_V2_HIBRIDO_CLIMATOLOGIA,30,10,2.3767158818635137,OK_ANALOGOS_CONTINUIDAD_CORREGIDA,0.44235351387598376,-0.44235351387598376,0.0,CORREGIDO_ANCLA_OBSERVADO
2026-10-09,SANTA MARIA DE NANAY,30.0,2026-10-08,2026-11-05,30,28,3.4807203051537945,2.8428189855711277,3.4807203051537945,3.22,5.394424263901794,1.6371464861240161,3.9866464861240165,HIBRIDO_ANALOGO_CLIM,ANALOGO_ESTADO_V2_HIBRIDO_CLIMATOLOGIA,30,10,2.3767158818635137,OK_ANALOGOS_CONTINUIDAD_CORREGIDA,0.44235351387598376,-0.44235351387598376,0.0,CORREGIDO_ANCLA_OBSERVADO
2026-10-09,SANTA MARIA DE NANAY,30.0,2026-10-08,2026-11-06,30,29,3.42925803748017,2.7819433694137023,3.42925803748017,3.22,5.371202041679572,1.6083464861240162,3.9683464861240165,HIBRIDO_ANALOGO_CLIM,ANALOGO_ESTADO_V2_HIBRIDO_CLIMATOLOGIA,30,10,2.3767158818635137,OK_ANALOGOS_CONTINUIDAD_CORREGIDA,0.44235351387598376,-0.44235351387598376,0.0,CORREGIDO_ANCLA_OBSERVADO
2026-10-09,SANTA MARIA DE NANAY,30.0,2026-10-08,2026-11-07,30,30,3.435645271633539,2.778570792729306,3.435645271633539,3.22,5.406868708346238,1.5959464861240162,4.016646486124017,HIBRIDO_ANALOGO_CLIM,ANALOGO_ESTADO_V2_HIBRIDO_CLIMATOLOGIA,30,10,2.3767158818635137,OK_ANALOGOS_CONTINUIDAD_CORREGIDA,0.44235351387598376,-0.44235351387598376,0.0,CORREGIDO_ANCLA_OBSERVADO
2026-10-09,SANTA MARIA DE NANAY,30.0,2026-10-08,2026-10-09,60,1,3.22,2.7024928929547576,3.22,3.22,4.772521321135729,2.4419102100246173,2.9489102100246174,HIBRIDO_ANALOGO_CLIM,ANALOGO_ESTADO_V2_HIBRIDO_CLIMATOLOGIA,30,10,2.405647860107533,OK_ANALOGOS_CONTINUIDAD_CORREGIDA,0.44508978997538273,-0.44508978997538273,0.0,CORREGIDO_ANCLA_OBSERVADO
2026-10-09,SANTA MARIA DE NANAY,30.0,2026-10-08,2026-10-10,60,2,3.1908695226436232,2.6276522564795877,3.1908695226436232,3.22,4.8805213211357295,2.2279102100246173,3.2909102100246175,HIBRIDO_ANALOGO_CLIM,ANALOGO_ESTADO_V2_HIBRIDO_CLIMATOLOGIA,30,10,2.405647860107533,OK_ANALOGOS_CONTINUIDAD_CORREGIDA,0.44508978997538273,-0.44508978997538273,0.0,CORREGIDO_ANCLA_OBSERVADO
2026-10-09,SANTA MARIA DE NANAY,30.0,2026-10-08,2026-10-11,60,3,3.2304800545746617,2.6537440768320844,3.2304800545746617,3.22,4.960687987802395,2.1354102100246175,3.3691102100246173,HIBRIDO_ANALOGO_CLIM,ANALOGO_ESTADO_V2_HIBRIDO_CLIMATOLOGIA,30,10,2.405647860107533,OK_ANALOGOS_CONTINUIDAD_CORREGIDA,0.44508978997538273,-0.44508978997538273,0.0,CORREGIDO_ANCLA_OBSERVADO
2026-10-09,SANTA MARIA DE NANAY,30.0,2026-10-08,2026-10-12,60,4,3.275444533168356,2.6977337519940465,3.275444533168356,3.22,5.008576876691285,1.8381102100246172,3.513910210024617,HIBRIDO_ANALOGO_CLIM,ANALOGO_ESTADO_V2_HIBRIDO_CLIMATOLOGIA,30,10,2.405647860107533,OK_ANALOGOS_CONTINUIDAD_CORREGIDA,0.44508978997538273,-0.44508978997538273,0.0,CORREGIDO_ANCLA_OBSERVADO
2026-10-09,SANTA MARIA DE NANAY,30.0,2026-10-08,2026-10-13,60,5,3.284451748540792,2.697743372490628,3.284451748540792,3.22,5.044576876691284,1.7399102100246169,3.5804102100246165,HIBRIDO_ANALOGO_CLIM,ANALOGO_ESTADO_V2_HIBRIDO_CLIMATOLOGIA,30,10,2.405647860107533,OK_ANALOGOS_CONTINUIDAD_CORREGIDA,0.44508978997538273,-0.44508978997538273,0.0,CORREGIDO_ANCLA_OBSERVADO
2026-10-09,SANTA MARIA DE NANAY,30.0,2026-10-08,2026-10-14,60,6,3.2921781649231687,2.7048230387782413,3.2921781649231687,3.22,5.05424354335795,1.7274102100246176,3.7069102100246165,HIBRIDO_ANALOGO_CLIM,ANALOGO_ESTADO_V2_HIBRIDO_CLIMATOLOGIA,30,10,2.405647860107533,OK_ANALOGOS_CONTINUIDAD_CORREGIDA,0.44508978997538273,-0.44508978997538273,0.0,CORREGIDO_ANCLA_OBSERVADO
2026-10-09,SANTA MARIA DE NANAY,30.0,2026-10-08,2026-10-15,60,7,3.289576837564265,2.7082434911885924,3.289576837564265,3.22,5.033576876691283,1.9709102100246176,3.760910210024616,HIBRIDO_ANALOGO_CLIM,ANALOGO_ESTADO_V2_HIBRIDO_CLIMATOLOGIA,30,10,2.405647860107533,OK_ANALOGOS_CONTINUIDAD_CORREGIDA,0.44508978997538273,-0.44508978997538273,0.0,CORREGIDO_ANCLA_OBSERVADO
2026-10-09,SANTA MARIA DE NANAY,30.0,2026-10-08,2026-10-16,60,8,3.2936226035871132,2.70167488292276,3.2936226035871132,3.22,5.069465765580173,1.8194102100246163,3.7469102100246174,HIBRIDO_ANALOGO_CLIM,ANALOGO_ESTADO_V2_HIBRIDO_CLIMATOLOGIA,30,10,2.405647860107533,OK_ANALOGOS_CONTINUIDAD_CORREGIDA,0.44508978997538273,-0.44508978997538273,0.0,CORREGIDO_ANCLA_OBSERVADO
2026-10-09,SANTA MARIA DE NANAY,30.0,2026-10-08,2026-10-17,60,9,3.2968979335836845,2.684041989584855,3.2968979335836845,3.22,5.135465765580173,1.6752102100246167,3.8754102100246173,HIBRIDO_ANALOGO_CLIM,ANALOGO_ESTADO_V2_HIBRIDO_CLIMATOLOGIA,30,10,2.405647860107533,OK_ANALOGOS_CONTINUIDAD_CORREGIDA,0.44508978997538273,-0.44508978997538273,0.0,CORREGIDO_ANCLA_OBSERVADO
2026-10-09,SANTA MARIA DE NANAY,30.0,2026-10-08,2026-10-18,60,10,3.3327261077196164,2.7196277032475793,3.3327261077196164,3.22,5.172021321135729,1.7174102100246165,4.019910210024618,HIBRIDO_ANALOGO_CLIM,ANALOGO_ESTADO_V2_HIBRIDO_CLIMATOLOGIA,30,10,2.405647860107533,OK_ANALOGOS_CONTINUIDAD_CORREGIDA,0.44508978997538273,-0.44508978997538273,0.0,CORREGIDO_ANCLA_OBSERVADO
2026-10-09,SANTA MARIA DE NANAY,30.0,2026-10-08,2026-10-19,60,11,3.345599655967558,2.726792434244835,3.345599655967558,3.22,5.202021321135728,1.821210210024618,3.749410210024618,HIBRIDO_ANALOGO_CLIM,ANALOGO_ESTADO_V2_HIBRIDO_CLIMATOLOGIA,30,10,2.405647860107533,OK_ANALOGOS_CONTINUIDAD_CORREGIDA,0.44508978997538273,-0.44508978997538273,0.0,CORREGIDO_ANCLA_OBSERVADO
2026-10-09,SANTA MARIA DE NANAY,30.0,2026-10-08,2026-10-20,60,12,3.3322863612177733,2.7231895227266034,3.3322863612177733,3.22,5.159576876691284,1.9914102100246156,3.7929102100246177,HIBRIDO_ANALOGO_CLIM,ANALOGO_ESTADO_V2_HIBRIDO_CLIMATOLOGIA,30,10,2.405647860107533,OK_ANALOGOS_CONTINUIDAD_CORREGIDA,0.44508978997538273,-0.44508978997538273,0.0,CORREGIDO_ANCLA_OBSERVADO
2026-10-09,SANTA MARIA DE NANAY,30.0,2026-10-08,2026-10-21,60,13,3.302229516954887,2.6993359525983105,3.302229516954887,3.22,5.110910210024617,1.7979102100246172,3.8674102100246173,HIBRIDO_ANALOGO_CLIM,ANALOGO_ESTADO_V2_HIBRIDO_CLIMATOLOGIA,30,10,2.405647860107533,OK_ANALOGOS_CONTINUIDAD_CORREGIDA,0.44508978997538273,-0.44508978997538273,0.0,CORREGIDO_ANCLA_OBSERVADO
2026-10-09,SANTA MARIA DE NANAY,30.0,2026-10-08,2026-10-22,60,14,3.23670347456448,2.631412340522212,3.23670347456448,3.22,5.052576876691283,1.7307102100246174,3.7824102100246173,HIBRIDO_ANALOGO_CLIM,ANALOGO_ESTADO_V2_HIBRIDO_CLIMATOLOGIA,30,10,2.405647860107533,OK_ANALOGOS_CONTINUIDAD_CORREGIDA,0.44508978997538273,-0.44508978997538273,0.0,CORREGIDO_ANCLA_OBSERVADO
2026-10-09,SANTA MARIA DE NANAY,30.0,2026-10-08,2026-10-23,60,15,3.2032411130206584,2.5930180806860053,3.2032411130206584,3.22,5.033910210024617,1.7154102100246176,3.659410210024617,HIBRIDO_ANALOGO_CLIM,ANALOGO_ESTADO_V2_HIBRIDO_CLIMATOLOGIA,30,10,2.405647860107533,OK_ANALOGOS_CONTINUIDAD_CORREGIDA,0.44508978997538273,-0.44508978997538273,0.0,CORREGIDO_ANCLA_OBSERVADO
2026-10-09,SANTA MARIA DE NANAY,30.0,2026-10-08,2026-10-24,60,16,3.1913793197388514,2.554461615569522,3.1913793197388514,3.22,5.102132432246838,1.5744102100246176,3.490910210024617,HIBRIDO_ANALOGO_CLIM,ANALOGO_ESTADO_V2_HIBRIDO_CLIMATOLOGIA,30,10,2.405647860107533,OK_ANALOGOS_CONTINUIDAD_CORREGIDA,0.44508978997538273,-0.44508978997538273,0.0,CORREGIDO_ANCLA_OBSERVADO
2026-10-09,SANTA MARIA DE NANAY,30.0,2026-10-08,2026-10-25,60,17,3.211257715539187,2.57374392108108,3.211257715539187,3.22,5.123799098913507,1.4946102100246177,3.568710210024618,HIBRIDO_ANALOGO_CLIM,ANALOGO_ESTADO_V2_HIBRIDO_CLIMATOLOGIA,30,10,2.405647860107533,OK_ANALOGOS_CONTINUIDAD_CORREGIDA,0.44508978997538273,-0.44508978997538273,0.0,CORREGIDO_ANCLA_OBSERVADO
2026-10-09,SANTA MARIA DE NANAY,30.0,2026-10-08,2026-10-26,60,18,3.2792501451699967,2.6666227161443827,3.2792501451699967,3.22,5.117132432246839,1.4444102100246177,3.6634102100246166,HIBRIDO_ANALOGO_CLIM,ANALOGO_ESTADO_V2_HIBRIDO_CLIMATOLOGIA,30,10,2.405647860107533,OK_ANALOGOS_CONTINUIDAD_CORREGIDA,0.44508978997538273,-0.44508978997538273,0.0,CORREGIDO_ANCLA_OBSERVADO
2026-10-09,SANTA MARIA DE NANAY,30.0,2026-10-08,2026-10-27,60,19,3.32644019085669,2.730135369652566,3.32644019085669,3.22,5.115354654469062,1.4689102100246176,3.8894102100246175,HIBRIDO_ANALOGO_CLIM,ANALOGO_ESTADO_V2_HIBRIDO_CLIMATOLOGIA,30,10,2.405647860107533,OK_ANALOGOS_CONTINUIDAD_CORREGIDA,0.44508978997538273,-0.44508978997538273,0.0,CORREGIDO_ANCLA_OBSERVADO
2026-10-09,SANTA MARIA DE NANAY,30.0,2026-10-08,2026-10-28,60,20,3.3869710260857255,2.80117648329128,3.3869710260857255,3.22,5.144354654469062,1.5619102100246174,4.005410210024618,HIBRIDO_ANALOGO_CLIM,ANALOGO_ESTADO_V2_HIBRIDO_CLIMATOLOGIA,30,10,2.405647860107533,OK_ANALOGOS_CONTINUIDAD_CORREGIDA,0.44508978997538273,-0.44508978997538273,0.0,CORREGIDO_ANCLA_OBSERVADO
2026-10-09,SANTA MARIA DE NANAY,30.0,2026-10-08,2026-10-29,60,21,3.3845264181796177,2.785768857934988,3.3845264181796177,3.22,5.180799098913505,1.4827102100246177,3.847710210024617,HIBRIDO_ANALOGO_CLIM,ANALOGO_ESTADO_V2_HIBRIDO_CLIMATOLOGIA,30,10,2.405647860107533,OK_ANALOGOS_CONTINUIDAD_CORREGIDA,0.44508978997538273,-0.44508978997538273,0.0,CORREGIDO_ANCLA_OBSERVADO
2026-10-09,SANTA MARIA DE NANAY,30.0,2026-10-08,2026-10-30,60,22,3.3471646940996895,2.706638411013602,3.3471646940996895,3.22,5.268743543357951,1.2466102100246172,4.027710210024617,HIBRIDO_ANALOGO_CLIM,ANALOGO_ESTADO_V2_HIBRIDO_CLIMATOLOGIA,30,10,2.405647860107533,OK_ANALOGOS_CONTINUIDAD_CORREGIDA,0.44508978997538273,-0.44508978997538273,0.0,CORREGIDO_ANCLA_OBSERVADO
2026-10-09,SANTA MARIA DE NANAY,30.0,2026-10-08,2026-10-31,60,23,3.3187801214936923,2.6515515734648654,3.3187801214936923,3.22,5.320465765580172,1.052410210024617,4.004410210024618,HIBRIDO_ANALOGO_CLIM,ANALOGO_ESTADO_V2_HIBRIDO_CLIMATOLOGIA,30,10,2.405647860107533,OK_ANALOGOS_CONTINUIDAD_CORREGIDA,0.44508978997538273,-0.44508978997538273,0.0,CORREGIDO_ANCLA_OBSERVADO
2026-10-09,SANTA MARIA DE NANAY,30.0,2026-10-08,2026-11-01,60,24,3.4081251964998245,2.7312338956952638,3.4081251964998245,3.22,5.438799098913506,1.1874102100246173,4.121710210024618,HIBRIDO_ANALOGO_CLIM,ANALOGO_ESTADO_V2_HIBRIDO_CLIMATOLOGIA,30,10,2.405647860107533,OK_ANALOGOS_CONTINUIDAD_CORREGIDA,0.44508978997538273,-0.44508978997538273,0.0,CORREGIDO_ANCLA_OBSERVADO
2026-10-09,SANTA MARIA DE NANAY,30.0,2026-10-08,2026-11-02,60,25,3.4672046201873696,2.7975249791305092,3.4672046201873696,3.22,5.476243543357951,1.419610210024617,4.027710210024617,HIBRIDO_ANALOGO_CLIM,ANALOGO_ESTADO_V2_HIBRIDO_CLIMATOLOGIA,30,10,2.405647860107533,OK_ANALOGOS_CONTINUIDAD_CORREGIDA,0.44508978997538273,-0.44508978997538273,0.0,CORREGIDO_ANCLA_OBSERVADO
2026-10-09,SANTA MARIA DE NANAY,30.0,2026-10-08,2026-11-03,60,26,3.5171293869459537,2.852276519993807,3.5171293869459537,3.22,5.511687987802395,1.5262102100246175,3.857210210024617,HIBRIDO_ANALOGO_CLIM,ANALOGO_ESTADO_V2_HIBRIDO_CLIMATOLOGIA,30,10,2.405647860107533,OK_ANALOGOS_CONTINUIDAD_CORREGIDA,0.44508978997538273,-0.44508978997538273,0.0,CORREGIDO_ANCLA_OBSERVADO
2026-10-09,SANTA MARIA DE NANAY,30.0,2026-10-08,2026-11-04,60,27,3.541441731300894,2.902989275430023,3.541441731300894,3.22,5.456799098913507,1.6344102100246176,3.9309102100246167,HIBRIDO_ANALOGO_CLIM,ANALOGO_ESTADO_V2_HIBRIDO_CLIMATOLOGIA,30,10,2.405647860107533,OK_ANALOGOS_CONTINUIDAD_CORREGIDA,0.44508978997538273,-0.44508978997538273,0.0,CORREGIDO_ANCLA_OBSERVADO
2026-10-09,SANTA MARIA DE NANAY,30.0,2026-10-08,2026-11-05,60,28,3.4806739625806045,2.8436692875066742,3.4806739625806045,3.22,5.3916879878023956,1.6344102100246172,3.9839102100246175,HIBRIDO_ANALOGO_CLIM,ANALOGO_ESTADO_V2_HIBRIDO_CLIMATOLOGIA,30,10,2.405647860107533,OK_ANALOGOS_CONTINUIDAD_CORREGIDA,0.44508978997538273,-0.44508978997538273,0.0,CORREGIDO_ANCLA_OBSERVADO
2026-10-09,SANTA MARIA DE NANAY,30.0,2026-10-08,2026-11-06,60,29,3.422206167639988,2.773452968326593,3.422206167639988,3.22,5.368465765580174,1.6056102100246172,3.9656102100246176,HIBRIDO_ANALOGO_CLIM,ANALOGO_ESTADO_V2_HIBRIDO_CLIMATOLOGIA,30,10,2.405647860107533,OK_ANALOGOS_CONTINUIDAD_CORREGIDA,0.44508978997538273,-0.44508978997538273,0.0,CORREGIDO_ANCLA_OBSERVADO
2026-10-09,SANTA MARIA DE NANAY,30.0,2026-10-08,2026-11-07,60,30,3.4105161245813993,2.745977355359586,3.4105161245813993,3.22,5.40413243224684,1.5932102100246173,4.013910210024617,HIBRIDO_ANALOGO_CLIM,ANALOGO_ESTADO_V2_HIBRIDO_CLIMATOLOGIA,30,10,2.405647860107533,OK_ANALOGOS_CONTINUIDAD_CORREGIDA,0.44508978997538273,-0.44508978997538273,0.0,CORREGIDO_ANCLA_OBSERVADO
2026-10-09,SANTA MARIA DE NANAY,30.0,2026-10-08,2026-11-08,60,31,3.460928345325742,2.785668744513025,3.460928345325742,3.22,5.399576876691285,1.5546102100246173,4.099910210024618,HIBRIDO_ANALOGO_CLIM,ANALOGO_ESTADO_V2_HIBRIDO_CLIMATOLOGIA,30,10,2.405647860107533,OK_ANALOGOS_CONTINUIDAD_CORREGIDA,0.44508978997538273,-0.44508978997538273,0.0,CORREGIDO_ANCLA_OBSERVADO
2026-10-09,SANTA MARIA DE NANAY,30.0,2026-10-08,2026-11-09,60,32,3.544447991831288,2.8813304175387646,3.544447991831288,3.22,5.368021321135728,1.520610210024617,4.659910210024618,HIBRIDO_ANALOGO_CLIM,ANALOGO_ESTADO_V2_HIBRIDO_CLIMATOLOGIA,30,10,2.405647860107533,OK_ANALOGOS_CONTINUIDAD_CORREGIDA,0.44508978997538273,-0.44508978997538273,0.0,CORREGIDO_ANCLA_OBSERVADO
2026-10-09,SANTA MARIA DE NANAY,30.0,2026-10-08,2026-11-10,60,33,3.693278361930482,3.073077009588262,3.693278361930482,3.22,5.328354654469061,1.5231102100246174,5.001110210024617,HIBRIDO_ANALOGO_CLIM,ANALOGO_ESTADO_V2_HIBRIDO_CLIMATOLOGIA,30,10,2.405647860107533,OK_ANALOGOS_CONTINUIDAD_CORREGIDA,0.44508978997538273,-0.44508978997538273,0.0,CORREGIDO_ANCLA_OBSERVADO
2026-10-09,SANTA MARIA DE NANAY,30.0,2026-10-08,2026-11-11,60,34,3.8370381047592326,3.262822517923047,3.8370381047592326,3.22,5.289465765580173,1.6256102100246177,5.106910210024617,HIBRIDO_ANALOGO_CLIM,ANALOGO_ESTADO_V2_HIBRIDO_CLIMATOLOGIA,30,10,2.405647860107533,OK_ANALOGOS_CONTINUIDAD_CORREGIDA,0.44508978997538273,-0.44508978997538273,0.0,CORREGIDO_ANCLA_OBSERVADO
2026-10-09,SANTA MARIA DE NANAY,30.0,2026-10-08,2026-11-12,60,35,3.949100283138987,3.4314073067089557,3.949100283138987,3.22,5.206354654469061,1.7466102100246172,5.418410210024618,HIBRIDO_ANALOGO_CLIM,ANALOGO_ESTADO_V2_HIBRIDO_CLIMATOLOGIA,30,10,2.405647860107533,OK_ANALOGOS_CONTINUIDAD_CORREGIDA,0.44508978997538273,-0.44508978997538273,0.0,CORREGIDO_ANCLA_OBSERVADO
2026-10-09,SANTA MARIA DE NANAY,30.0,2026-10-08,2026-11-13,60,36,3.9467357529119718,3.4400895570065524,3.9467357529119718,3.22,5.1289102100246176,1.803910210024617,5.644910210024618,HIBRIDO_ANALOGO_CLIM,ANALOGO_ESTADO_V2_HIBRIDO_CLIMATOLOGIA,30,10,2.405647860107533,OK_ANALOGOS_CONTINUIDAD_CORREGIDA,0.44508978997538273,-0.44508978997538273,0.0,CORREGIDO_ANCLA_OBSERVADO
2026-10-09,SANTA MARIA DE NANAY,30.0,2026-10-08,2026-11-14,60,37,3.962836226689094,3.448295214037515,3.962836226689094,3.22,5.117076876691284,1.8259102100246163,5.871910210024618,HIBRIDO_ANALOGO_CLIM,ANALOGO_ESTADO_V2_HIBRIDO_CLIMATOLOGIA,30,10,2.405647860107533,OK_ANALOGOS_CONTINUIDAD_CORREGIDA,0.44508978997538273,-0.44508978997538273,0.0,CORREGIDO_ANCLA_OBSERVADO
2026-10-09,SANTA MARIA DE NANAY,30.0,2026-10-08,2026-11-15,60,38,3.964423958363859,3.3922419826619903,3.964423958363859,3.22,5.19913243224684,1.533910210024617,5.993710210024618,HIBRIDO_ANALOGO_CLIM,ANALOGO_ESTADO_V2_HIBRIDO_CLIMATOLOGIA,30,10,2.405647860107533,OK_ANALOGOS_CONTINUIDAD_CORREGIDA,0.44508978997538273,-0.44508978997538273,0.0,CORREGIDO_ANCLA_OBSERVADO
2026-10-09,SANTA MARIA DE NANAY,30.0,2026-10-08,2026-11-16,60,39,3.969235882594449,3.3485490665066724,3.969235882594449,3.22,5.258354654469063,1.5269102100246166,6.097910210024617,HIBRIDO_ANALOGO_CLIM,ANALOGO_ESTADO_V2_HIBRIDO_CLIMATOLOGIA,30,10,2.405647860107533,OK_ANALOGOS_CONTINUIDAD_CORREGIDA,0.44508978997538273,-0.44508978997538273,0.0,CORREGIDO_ANCLA_OBSERVADO
2026-10-09,SANTA MARIA DE NANAY,30.0,2026-10-08,2026-11-17,60,40,3.9575280611738397,3.2717814311928963,3.9575280611738397,3.22,5.329021321135729,1.5056102100246174,6.020410210024618,HIBRIDO_ANALOGO_CLIM,ANALOGO_ESTADO_V2_HIBRIDO_CLIMATOLOGIA,30,10,2.405647860107533,OK_ANALOGOS_CONTINUIDAD_CORREGIDA,0.44508978997538273,-0.44508978997538273,0.0,CORREGIDO_ANCLA_OBSERVADO
2026-10-09,SANTA MARIA DE NANAY,30.0,2026-10-08,2026-11-18,60,41,3.976965937086263,3.2549104705401968,3.976965937086263,3.22,5.36824354335795,1.4706102100246174,5.956410210024618,HIBRIDO_ANALOGO_CLIM,ANALOGO_ESTADO_V2_HIBRIDO_CLIMATOLOGIA,30,10,2.405647860107533,OK_ANALOGOS_CONTINUIDAD_CORREGIDA,0.44508978997538273,-0.44508978997538273,0.0,CORREGIDO_ANCLA_OBSERVADO
2026-10-09,SANTA MARIA DE NANAY,30.0,2026-10-08,2026-11-19,60,42,3.986751648650493,3.258696183978956,3.986751648650493,3.22,5.338854654469062,1.6641102100246163,5.708410210024617,HIBRIDO_ANALOGO_CLIM,ANALOGO_ESTADO_V2_HIBRIDO_CLIMATOLOGIA,30,10,2.405647860107533,OK_ANALOGOS_CONTINUIDAD_CORREGIDA,0.44508978997538273,-0.44508978997538273,0.0,CORREGIDO_ANCLA_OBSERVADO
2026-10-09,SANTA MARIA DE NANAY,30.0,2026-10-08,2026-11-20,60,43,4.018101314413862,3.304023330862111,4.018101314413862,3.22,5.296799098913507,1.7067102100246165,5.6629102100246165,HIBRIDO_ANALOGO_CLIM,ANALOGO_ESTADO_V2_HIBRIDO_CLIMATOLOGIA,30,10,2.405647860107533,OK_ANALOGOS_CONTINUIDAD_CORREGIDA,0.44508978997538273,-0.44508978997538273,0.0,CORREGIDO_ANCLA_OBSERVADO
2026-10-09,SANTA MARIA DE NANAY,30.0,2026-10-08,2026-11-21,60,44,4.08406946970088,3.370383894893571,4.08406946970088,3.22,5.316799098913506,1.1292102100246175,5.902410210024616,HIBRIDO_ANALOGO_CLIM,ANALOGO_ESTADO_V2_HIBRIDO_CLIMATOLOGIA,30,10,2.405647860107533,OK_ANALOGOS_CONTINUIDAD_CORREGIDA,0.44508978997538273,-0.44508978997538273,0.0,CORREGIDO_ANCLA_OBSERVADO
2026-10-09,SANTA MARIA DE NANAY,30.0,2026-10-08,2026-11-22,60,45,4.1977458835986905,3.472313954409801,4.1977458835986905,3.22,5.406799098913506,0.6262102100246172,6.228910210024617,HIBRIDO_ANALOGO_CLIM,ANALOGO_ESTADO_V2_HIBRIDO_CLIMATOLOGIA,30,10,2.405647860107533,OK_ANALOGOS_CONTINUIDAD_CORREGIDA,0.44508978997538273,-0.44508978997538273,0.0,CORREGIDO_ANCLA_OBSERVADO
2026-10-09,SANTA MARIA DE NANAY,30.0,2026-10-08,2026-11-23,60,46,4.3025806700674245,3.5959373824664067,4.3025806700674245,3.22,5.439354654469062,0.26571021002461737,6.575910210024617,HIBRIDO_ANALOGO_CLIM,ANALOGO_ESTADO_V2_HIBRIDO_CLIMATOLOGIA,30,10,2.405647860107533,OK_ANALOGOS_CONTINUIDAD_CORREGIDA,0.44508978997538273,-0.44508978997538273,0.0,CORREGIDO_ANCLA_OBSERVADO
2026-10-09,SANTA MARIA DE NANAY,30.0,2026-10-08,2026-11-24,60,47,4.371554099508176,3.6729777909108328,4.371554099508176,3.22,5.456576876691283,-0.023289789975382724,6.815410210024618,HIBRIDO_ANALOGO_CLIM,ANALOGO_ESTADO_V2_HIBRIDO_CLIMATOLOGIA,30,10,2.405647860107533,OK_ANALOGOS_CONTINUIDAD_CORREGIDA,0.44508978997538273,-0.44508978997538273,0.0,CORREGIDO_ANCLA_OBSERVADO
2026-10-09,SANTA MARIA DE NANAY,30.0,2026-10-08,2026-11-25,60,48,4.413312918933265,3.707433243390882,4.413312918933265,3.22,5.472132432246839,-0.3402897899753826,6.836510210024617,HIBRIDO_ANALOGO_CLIM,ANALOGO_ESTADO_V2_HIBRIDO_CLIMATOLOGIA,30,10,2.405647860107533,OK_ANALOGOS_CONTINUIDAD_CORREGIDA,0.44508978997538273,-0.44508978997538273,0.0,CORREGIDO_ANCLA_OBSERVADO
2026-10-09,SANTA MARIA DE NANAY,30.0,2026-10-08,2026-11-26,60,49,4.445771598030895,3.7517776576721587,4.445771598030895,3.22,5.451354654469062,-0.08438978997538232,6.805210210024617,HIBRIDO_ANALOGO_CLIM,ANALOGO_ESTADO_V2_HIBRIDO_CLIMATOLOGIA,30,10,2.405647860107533,OK_ANALOGOS_CONTINUIDAD_CORREGIDA,0.44508978997538273,-0.44508978997538273,0.0,CORREGIDO_ANCLA_OBSERVADO
2026-10-09,SANTA MARIA DE NANAY,30.0,2026-10-08,2026-11-27,60,50,4.540283411138349,3.8262642690767286,4.540283411138349,3.22,5.539910210024617,0.9346102100246172,6.715910210024617,HIBRIDO_ANALOGO_CLIM,ANALOGO_ESTADO_V2_HIBRIDO_CLIMATOLOGIA,30,10,2.405647860107533,OK_ANALOGOS_CONTINUIDAD_CORREGIDA,0.44508978997538273,-0.44508978997538273,0.0,CORREGIDO_ANCLA_OBSERVADO
2026-10-09,SANTA MARIA DE NANAY,30.0,2026-10-08,2026-11-28,60,51,4.586015485165879,3.8468807368403364,4.586015485165879,3.22,5.586021321135728,1.6066102100246176,6.747410210024617,HIBRIDO_ANALOGO_CLIM,ANALOGO_ESTADO_V2_HIBRIDO_CLIMATOLOGIA,30,10,2.405647860107533,OK_ANALOGOS_CONTINUIDAD_CORREGIDA,0.44508978997538273,-0.44508978997538273,0.0,CORREGIDO_ANCLA_OBSERVADO
2026-10-09,SANTA MARIA DE NANAY,30.0,2026-10-08,2026-11-29,60,52,4.629122483366306,3.874095267555701,4.629122483366306,3.22,5.616465765580173,1.8618102100246174,7.198410210024617,HIBRIDO_ANALOGO_CLIM,ANALOGO_ESTADO_V2_HIBRIDO_CLIMATOLOGIA,30,10,2.405647860107533,OK_ANALOGOS_CONTINUIDAD_CORREGIDA,0.44508978997538273,-0.44508978997538273,0.0,CORREGIDO_ANCLA_OBSERVADO
2026-10-09,SANTA MARIA DE NANAY,30.0,2026-10-08,2026-11-30,60,53,4.689991433932848,3.917468621004532,4.689991433932848,3.22,5.666576876691284,1.800610210024618,7.6079102100246185,HIBRIDO_ANALOGO_CLIM,ANALOGO_ESTADO_V2_HIBRIDO_CLIMATOLOGIA,30,10,2.405647860107533,OK_ANALOGOS_CONTINUIDAD_CORREGIDA,0.44508978997538273,-0.44508978997538273,0.0,CORREGIDO_ANCLA_OBSERVADO
2026-10-09,SANTA MARIA DE NANAY,30.0,2026-10-08,2026-12-01,60,54,4.797973538354642,3.987570806988296,4.797973538354642,3.22,5.788465765580174,1.5446102100246175,7.892910210024619,HIBRIDO_ANALOGO_CLIM,ANALOGO_ESTADO_V2_HIBRIDO_CLIMATOLOGIA,30,10,2.405647860107533,OK_ANALOGOS_CONTINUIDAD_CORREGIDA,0.44508978997538273,-0.44508978997538273,0.0,CORREGIDO_ANCLA_OBSERVADO
2026-10-09,SANTA MARIA DE NANAY,30.0,2026-10-08,2026-12-02,60,55,4.896586426008255,4.036808181413212,4.896586426008255,3.22,5.912687987802395,1.4916102100246178,7.962410210024617,HIBRIDO_ANALOGO_CLIM,ANALOGO_ESTADO_V2_HIBRIDO_CLIMATOLOGIA,30,10,2.405647860107533,OK_ANALOGOS_CONTINUIDAD_CORREGIDA,0.44508978997538273,-0.44508978997538273,0.0,CORREGIDO_ANCLA_OBSERVADO
2026-10-09,SANTA MARIA DE NANAY,30.0,2026-10-08,2026-12-03,60,56,4.919085383634549,4.040738660543239,4.919085383634549,3.22,5.922910210024616,1.4976102100246176,8.102910210024618,HIBRIDO_ANALOGO_CLIM,ANALOGO_ESTADO_V2_HIBRIDO_CLIMATOLOGIA,30,10,2.405647860107533,OK_ANALOGOS_CONTINUIDAD_CORREGIDA,0.44508978997538273,-0.44508978997538273,0.0,CORREGIDO_ANCLA_OBSERVADO
2026-10-09,SANTA MARIA DE NANAY,30.0,2026-10-08,2026-12-04,60,57,4.9344994357904035,4.018910851694896,4.9344994357904035,3.22,5.946465765580173,1.6336102100246177,8.116410210024618,HIBRIDO_ANALOGO_CLIM,ANALOGO_ESTADO_V2_HIBRIDO_CLIMATOLOGIA,30,10,2.405647860107533,OK_ANALOGOS_CONTINUIDAD_CORREGIDA,0.44508978997538273,-0.44508978997538273,0.0,CORREGIDO_ANCLA_OBSERVADO
2026-10-09,SANTA MARIA DE NANAY,30.0,2026-10-08,2026-12-05,60,58,4.96576289255707,4.067248735356246,4.96576289255707,3.22,5.92624354335795,1.7196102100246171,8.110410210024618,HIBRIDO_ANALOGO_CLIM,ANALOGO_ESTADO_V2_HIBRIDO_CLIMATOLOGIA,30,10,2.405647860107533,OK_ANALOGOS_CONTINUIDAD_CORREGIDA,0.44508978997538273,-0.44508978997538273,0.0,CORREGIDO_ANCLA_OBSERVADO
2026-10-09,SANTA MARIA DE NANAY,30.0,2026-10-08,2026-12-06,60,59,5.0371367223441155,4.181372201472811,5.0371367223441155,3.22,5.921910210024617,1.8066102100246173,8.060710210024618,HIBRIDO_ANALOGO_CLIM,ANALOGO_ESTADO_V2_HIBRIDO_CLIMATOLOGIA,30,10,2.405647860107533,OK_ANALOGOS_CONTINUIDAD_CORREGIDA,0.44508978997538273,-0.44508978997538273,0.0,CORREGIDO_ANCLA_OBSERVADO
2026-10-09,SANTA MARIA DE NANAY,30.0,2026-10-08,2026-12-07,60,60,5.091873723786792,4.253726126437856,5.091873723786792,3.22,5.930021321135728,1.9688102100246172,7.989910210024618,HIBRIDO_ANALOGO_CLIM,ANALOGO_ESTADO_V2_HIBRIDO_CLIMATOLOGIA,30,10,2.405647860107533,OK_ANALOGOS_CONTINUIDAD_CORREGIDA,0.44508978997538273,-0.44508978997538273,0.0,CORREGIDO_ANCLA_OBSERVADO
2026-10-09,SANTA MARIA DE NANAY,30.0,2026-10-08,2026-10-09,90,1,3.22,2.7008374405908016,3.22,3.22,4.777487678227596,2.4468765671164845,2.9538765671164846,HIBRIDO_ANALOGO_CLIM,ANALOGO_ESTADO_V2_HIBRIDO_CLIMATOLOGIA,30,10,2.406007127113363,OK_ANALOGOS_CONTINUIDAD_CORREGIDA,0.4401234328835155,-0.4401234328835155,0.0,CORREGIDO_ANCLA_OBSERVADO
2026-10-09,SANTA MARIA DE NANAY,30.0,2026-10-08,2026-10-10,90,2,3.1837317066167308,2.6164797160797755,3.1837317066167308,3.22,4.885487678227596,2.2328765671164845,3.2958765671164847,HIBRIDO_ANALOGO_CLIM,ANALOGO_ESTADO_V2_HIBRIDO_CLIMATOLOGIA,30,10,2.406007127113363,OK_ANALOGOS_CONTINUIDAD_CORREGIDA,0.4401234328835155,-0.4401234328835155,0.0,CORREGIDO_ANCLA_OBSERVADO
2026-10-09,SANTA MARIA DE NANAY,30.0,2026-10-08,2026-10-11,90,3,3.2118564376701233,2.6272571352620773,3.2118564376701233,3.22,4.965654344894262,2.0368765671164835,3.3740765671164845,HIBRIDO_ANALOGO_CLIM,ANALOGO_ESTADO_V2_HIBRIDO_CLIMATOLOGIA,30,10,2.406007127113363,OK_ANALOGOS_CONTINUIDAD_CORREGIDA,0.4401234328835155,-0.4401234328835155,0.0,CORREGIDO_ANCLA_OBSERVADO
2026-10-09,SANTA MARIA DE NANAY,30.0,2026-10-08,2026-10-12,90,4,3.2489038638287844,2.660690740510662,3.2489038638287844,3.22,5.013543233783151,1.8430765671164844,3.518876567116484,HIBRIDO_ANALOGO_CLIM,ANALOGO_ESTADO_V2_HIBRIDO_CLIMATOLOGIA,30,10,2.406007127113363,OK_ANALOGOS_CONTINUIDAD_CORREGIDA,0.4401234328835155,-0.4401234328835155,0.0,CORREGIDO_ANCLA_OBSERVADO
2026-10-09,SANTA MARIA DE NANAY,30.0,2026-10-08,2026-10-13,90,5,3.2471968416314057,2.646414710914157,3.2471968416314057,3.22,5.049543233783151,1.6998765671164837,3.5853765671164837,HIBRIDO_ANALOGO_CLIM,ANALOGO_ESTADO_V2_HIBRIDO_CLIMATOLOGIA,30,10,2.406007127113363,OK_ANALOGOS_CONTINUIDAD_CORREGIDA,0.4401234328835155,-0.4401234328835155,0.0,CORREGIDO_ANCLA_OBSERVADO
2026-10-09,SANTA MARIA DE NANAY,30.0,2026-10-08,2026-10-14,90,6,3.2456111697906653,2.641078259570948,3.2456111697906653,3.22,5.059209900449818,1.6058765671164847,3.7118765671164837,HIBRIDO_ANALOGO_CLIM,ANALOGO_ESTADO_V2_HIBRIDO_CLIMATOLOGIA,30,10,2.406007127113363,OK_ANALOGOS_CONTINUIDAD_CORREGIDA,0.4401234328835155,-0.4401234328835155,0.0,CORREGIDO_ANCLA_OBSERVADO
2026-10-09,SANTA MARIA DE NANAY,30.0,2026-10-08,2026-10-15,90,7,3.2368164089591795,2.636240800684522,3.2368164089591795,3.22,5.038543233783151,1.5358765671164845,3.765876567116483,HIBRIDO_ANALOGO_CLIM,ANALOGO_ESTADO_V2_HIBRIDO_CLIMATOLOGIA,30,10,2.406007127113363,OK_ANALOGOS_CONTINUIDAD_CORREGIDA,0.4401234328835155,-0.4401234328835155,0.0,CORREGIDO_ANCLA_OBSERVADO
2026-10-09,SANTA MARIA DE NANAY,30.0,2026-10-08,2026-10-16,90,8,3.233423058570474,2.619753370536618,3.233423058570474,3.22,5.07443212267204,1.435376567116485,3.7518765671164847,HIBRIDO_ANALOGO_CLIM,ANALOGO_ESTADO_V2_HIBRIDO_CLIMATOLOGIA,30,10,2.406007127113363,OK_ANALOGOS_CONTINUIDAD_CORREGIDA,0.4401234328835155,-0.4401234328835155,0.0,CORREGIDO_ANCLA_OBSERVADO
2026-10-09,SANTA MARIA DE NANAY,30.0,2026-10-08,2026-10-17,90,9,3.214343331248716,2.572313734107608,3.214343331248716,3.22,5.14043212267204,1.3015765671164847,3.8803765671164845,HIBRIDO_ANALOGO_CLIM,ANALOGO_ESTADO_V2_HIBRIDO_CLIMATOLOGIA,30,10,2.406007127113363,OK_ANALOGOS_CONTINUIDAD_CORREGIDA,0.4401234328835155,-0.4401234328835155,0.0,CORREGIDO_ANCLA_OBSERVADO
2026-10-09,SANTA MARIA DE NANAY,30.0,2026-10-08,2026-10-18,90,10,3.2548318199608484,2.614113200538599,3.2548318199608484,3.22,5.176987678227595,1.4888765671164848,4.024876567116484,HIBRIDO_ANALOGO_CLIM,ANALOGO_ESTADO_V2_HIBRIDO_CLIMATOLOGIA,30,10,2.406007127113363,OK_ANALOGOS_CONTINUIDAD_CORREGIDA,0.4401234328835155,-0.4401234328835155,0.0,CORREGIDO_ANCLA_OBSERVADO
2026-10-09,SANTA MARIA DE NANAY,30.0,2026-10-08,2026-10-19,90,11,3.3009325071227567,2.665580783421144,3.3009325071227567,3.22,5.206987678227596,1.6643765671164847,3.754376567116485,HIBRIDO_ANALOGO_CLIM,ANALOGO_ESTADO_V2_HIBRIDO_CLIMATOLOGIA,30,10,2.406007127113363,OK_ANALOGOS_CONTINUIDAD_CORREGIDA,0.4401234328835155,-0.4401234328835155,0.0,CORREGIDO_ANCLA_OBSERVADO
2026-10-09,SANTA MARIA DE NANAY,30.0,2026-10-08,2026-10-20,90,12,3.317426577708004,2.701721025682955,3.317426577708004,3.22,5.164543233783151,1.7083765671164843,3.797876567116485,HIBRIDO_ANALOGO_CLIM,ANALOGO_ESTADO_V2_HIBRIDO_CLIMATOLOGIA,30,10,2.406007127113363,OK_ANALOGOS_CONTINUIDAD_CORREGIDA,0.4401234328835155,-0.4401234328835155,0.0,CORREGIDO_ANCLA_OBSERVADO
2026-10-09,SANTA MARIA DE NANAY,30.0,2026-10-08,2026-10-21,90,13,3.316563310515223,2.716792224981469,3.316563310515223,3.22,5.1158765671164845,1.8028765671164844,3.8723765671164845,HIBRIDO_ANALOGO_CLIM,ANALOGO_ESTADO_V2_HIBRIDO_CLIMATOLOGIA,30,10,2.406007127113363,OK_ANALOGOS_CONTINUIDAD_CORREGIDA,0.4401234328835155,-0.4401234328835155,0.0,CORREGIDO_ANCLA_OBSERVADO
2026-10-09,SANTA MARIA DE NANAY,30.0,2026-10-08,2026-10-22,90,14,3.2662587923930717,2.6691639785963783,3.2662587923930717,3.22,5.057543233783151,1.7356765671164847,3.7873765671164845,HIBRIDO_ANALOGO_CLIM,ANALOGO_ESTADO_V2_HIBRIDO_CLIMATOLOGIA,30,10,2.406007127113363,OK_ANALOGOS_CONTINUIDAD_CORREGIDA,0.4401234328835155,-0.4401234328835155,0.0,CORREGIDO_ANCLA_OBSERVADO
2026-10-09,SANTA MARIA DE NANAY,30.0,2026-10-08,2026-10-23,90,15,3.250822284523272,2.654804190325535,3.250822284523272,3.22,5.038876567116485,1.7203765671164848,3.6643765671164843,HIBRIDO_ANALOGO_CLIM,ANALOGO_ESTADO_V2_HIBRIDO_CLIMATOLOGIA,30,10,2.406007127113363,OK_ANALOGOS_CONTINUIDAD_CORREGIDA,0.4401234328835155,-0.4401234328835155,0.0,CORREGIDO_ANCLA_OBSERVADO
2026-10-09,SANTA MARIA DE NANAY,30.0,2026-10-08,2026-10-24,90,16,3.242064952235152,2.620387006533968,3.242064952235152,3.22,5.107098789338706,1.5793765671164848,3.4958765671164844,HIBRIDO_ANALOGO_CLIM,ANALOGO_ESTADO_V2_HIBRIDO_CLIMATOLOGIA,30,10,2.406007127113363,OK_ANALOGOS_CONTINUIDAD_CORREGIDA,0.4401234328835155,-0.4401234328835155,0.0,CORREGIDO_ANCLA_OBSERVADO
2026-10-09,SANTA MARIA DE NANAY,30.0,2026-10-08,2026-10-25,90,17,3.254477867514157,2.6297153380170846,3.254477867514157,3.22,5.1287654560053735,1.499576567116485,3.573676567116485,HIBRIDO_ANALOGO_CLIM,ANALOGO_ESTADO_V2_HIBRIDO_CLIMATOLOGIA,30,10,2.406007127113363,OK_ANALOGOS_CONTINUIDAD_CORREGIDA,0.4401234328835155,-0.4401234328835155,0.0,CORREGIDO_ANCLA_OBSERVADO
2026-10-09,SANTA MARIA DE NANAY,30.0,2026-10-08,2026-10-26,90,18,3.3196720751833837,2.7188631704649433,3.3196720751833837,3.22,5.122098789338707,1.4493765671164849,3.668376567116484,HIBRIDO_ANALOGO_CLIM,ANALOGO_ESTADO_V2_HIBRIDO_CLIMATOLOGIA,30,10,2.406007127113363,OK_ANALOGOS_CONTINUIDAD_CORREGIDA,0.4401234328835155,-0.4401234328835155,0.0,CORREGIDO_ANCLA_OBSERVADO
2026-10-09,SANTA MARIA DE NANAY,30.0,2026-10-08,2026-10-27,90,19,3.3802187832213977,2.8001847071082206,3.3802187832213977,3.22,5.120321011560929,1.4738765671164848,3.8943765671164847,HIBRIDO_ANALOGO_CLIM,ANALOGO_ESTADO_V2_HIBRIDO_CLIMATOLOGIA,30,10,2.406007127113363,OK_ANALOGOS_CONTINUIDAD_CORREGIDA,0.4401234328835155,-0.4401234328835155,0.0,CORREGIDO_ANCLA_OBSERVADO
2026-10-09,SANTA MARIA DE NANAY,30.0,2026-10-08,2026-10-28,90,20,3.4680979367845843,2.9076902451924695,3.4680979367845843,3.22,5.149321011560929,1.5668765671164846,4.010376567116484,HIBRIDO_ANALOGO_CLIM,ANALOGO_ESTADO_V2_HIBRIDO_CLIMATOLOGIA,30,10,2.406007127113363,OK_ANALOGOS_CONTINUIDAD_CORREGIDA,0.4401234328835155,-0.4401234328835155,0.0,CORREGIDO_ANCLA_OBSERVADO
2026-10-09,SANTA MARIA DE NANAY,30.0,2026-10-08,2026-10-29,90,21,3.4945495642479276,2.930810933662112,3.4945495642479276,3.22,5.185765456005373,1.4876765671164849,3.852676567116484,HIBRIDO_ANALOGO_CLIM,ANALOGO_ESTADO_V2_HIBRIDO_CLIMATOLOGIA,30,10,2.406007127113363,OK_ANALOGOS_CONTINUIDAD_CORREGIDA,0.4401234328835155,-0.4401234328835155,0.0,CORREGIDO_ANCLA_OBSERVADO
2026-10-09,SANTA MARIA DE NANAY,30.0,2026-10-08,2026-10-30,90,22,3.463092282956141,2.859553077124915,3.463092282956141,3.22,5.273709900449818,1.2515765671164845,4.032676567116485,HIBRIDO_ANALOGO_CLIM,ANALOGO_ESTADO_V2_HIBRIDO_CLIMATOLOGIA,30,10,2.406007127113363,OK_ANALOGOS_CONTINUIDAD_CORREGIDA,0.4401234328835155,-0.4401234328835155,0.0,CORREGIDO_ANCLA_OBSERVADO
2026-10-09,SANTA MARIA DE NANAY,30.0,2026-10-08,2026-10-31,90,23,3.431904520447844,2.800728653039779,3.431904520447844,3.22,5.32543212267204,1.0573765671164843,4.009376567116485,HIBRIDO_ANALOGO_CLIM,ANALOGO_ESTADO_V2_HIBRIDO_CLIMATOLOGIA,30,10,2.406007127113363,OK_ANALOGOS_CONTINUIDAD_CORREGIDA,0.4401234328835155,-0.4401234328835155,0.0,CORREGIDO_ANCLA_OBSERVADO
2026-10-09,SANTA MARIA DE NANAY,30.0,2026-10-08,2026-11-01,90,24,3.508809301209609,2.863823916277688,3.508809301209609,3.22,5.443765456005373,1.1923765671164845,4.126676567116485,HIBRIDO_ANALOGO_CLIM,ANALOGO_ESTADO_V2_HIBRIDO_CLIMATOLOGIA,30,10,2.406007127113363,OK_ANALOGOS_CONTINUIDAD_CORREGIDA,0.4401234328835155,-0.4401234328835155,0.0,CORREGIDO_ANCLA_OBSERVADO
2026-10-09,SANTA MARIA DE NANAY,30.0,2026-10-08,2026-11-02,90,25,3.557315899797302,2.916017899579797,3.557315899797302,3.22,5.481209900449818,1.4245765671164843,4.032676567116485,HIBRIDO_ANALOGO_CLIM,ANALOGO_ESTADO_V2_HIBRIDO_CLIMATOLOGIA,30,10,2.406007127113363,OK_ANALOGOS_CONTINUIDAD_CORREGIDA,0.4401234328835155,-0.4401234328835155,0.0,CORREGIDO_ANCLA_OBSERVADO
2026-10-09,SANTA MARIA DE NANAY,30.0,2026-10-08,2026-11-03,90,26,3.594188976261936,2.9533671867178284,3.594188976261936,3.22,5.5166543448942615,1.5311765671164848,3.8621765671164843,HIBRIDO_ANALOGO_CLIM,ANALOGO_ESTADO_V2_HIBRIDO_CLIMATOLOGIA,30,10,2.406007127113363,OK_ANALOGOS_CONTINUIDAD_CORREGIDA,0.4401234328835155,-0.4401234328835155,0.0,CORREGIDO_ANCLA_OBSERVADO
2026-10-09,SANTA MARIA DE NANAY,30.0,2026-10-08,2026-11-04,90,27,3.60730955294847,2.9891575852628356,3.60730955294847,3.22,5.461765456005374,1.6393765671164848,3.935876567116484,HIBRIDO_ANALOGO_CLIM,ANALOGO_ESTADO_V2_HIBRIDO_CLIMATOLOGIA,30,10,2.406007127113363,OK_ANALOGOS_CONTINUIDAD_CORREGIDA,0.4401234328835155,-0.4401234328835155,0.0,CORREGIDO_ANCLA_OBSERVADO
2026-10-09,SANTA MARIA DE NANAY,30.0,2026-10-08,2026-11-05,90,28,3.541254388157408,2.9227877359117898,3.541254388157408,3.22,5.396654344894262,1.6393765671164844,3.9888765671164848,HIBRIDO_ANALOGO_CLIM,ANALOGO_ESTADO_V2_HIBRIDO_CLIMATOLOGIA,30,10,2.406007127113363,OK_ANALOGOS_CONTINUIDAD_CORREGIDA,0.4401234328835155,-0.4401234328835155,0.0,CORREGIDO_ANCLA_OBSERVADO
2026-10-09,SANTA MARIA DE NANAY,30.0,2026-10-08,2026-11-06,90,29,3.4824743662064286,2.8521551140512242,3.4824743662064286,3.22,5.373432122672041,1.6105765671164844,3.9705765671164848,HIBRIDO_ANALOGO_CLIM,ANALOGO_ESTADO_V2_HIBRIDO_CLIMATOLOGIA,30,10,2.406007127113363,OK_ANALOGOS_CONTINUIDAD_CORREGIDA,0.4401234328835155,-0.4401234328835155,0.0,CORREGIDO_ANCLA_OBSERVADO
2026-10-09,SANTA MARIA DE NANAY,30.0,2026-10-08,2026-11-07,90,30,3.473903465779802,2.8288383579268332,3.473903465779802,3.22,5.409098789338707,1.5981765671164845,4.018876567116485,HIBRIDO_ANALOGO_CLIM,ANALOGO_ESTADO_V2_HIBRIDO_CLIMATOLOGIA,30,10,2.406007127113363,OK_ANALOGOS_CONTINUIDAD_CORREGIDA,0.4401234328835155,-0.4401234328835155,0.0,CORREGIDO_ANCLA_OBSERVADO
2026-10-09,SANTA MARIA DE NANAY,30.0,2026-10-08,2026-11-08,90,31,3.5249116471101596,2.8702085101791175,3.5249116471101596,3.22,5.404543233783151,1.5595765671164845,4.104876567116484,HIBRIDO_ANALOGO_CLIM,ANALOGO_ESTADO_V2_HIBRIDO_CLIMATOLOGIA,30,10,2.406007127113363,OK_ANALOGOS_CONTINUIDAD_CORREGIDA,0.4401234328835155,-0.4401234328835155,0.0,CORREGIDO_ANCLA_OBSERVADO
2026-10-09,SANTA MARIA DE NANAY,30.0,2026-10-08,2026-11-09,90,32,3.593204283145317,2.9460103212972157,3.593204283145317,3.22,5.372987678227595,1.5255765671164843,4.664876567116485,HIBRIDO_ANALOGO_CLIM,ANALOGO_ESTADO_V2_HIBRIDO_CLIMATOLOGIA,30,10,2.406007127113363,OK_ANALOGOS_CONTINUIDAD_CORREGIDA,0.4401234328835155,-0.4401234328835155,0.0,CORREGIDO_ANCLA_OBSERVADO
2026-10-09,SANTA MARIA DE NANAY,30.0,2026-10-08,2026-11-10,90,33,3.7319519351362036,3.1245360785613085,3.7319519351362036,3.22,5.333321011560929,1.5280765671164847,5.006076567116485,HIBRIDO_ANALOGO_CLIM,ANALOGO_ESTADO_V2_HIBRIDO_CLIMATOLOGIA,30,10,2.406007127113363,OK_ANALOGOS_CONTINUIDAD_CORREGIDA,0.4401234328835155,-0.4401234328835155,0.0,CORREGIDO_ANCLA_OBSERVADO
2026-10-09,SANTA MARIA DE NANAY,30.0,2026-10-08,2026-11-11,90,34,3.9204583720666335,3.377259447408683,3.9204583720666335,3.22,5.29443212267204,1.630576567116485,5.111876567116485,HIBRIDO_ANALOGO_CLIM,ANALOGO_ESTADO_V2_HIBRIDO_CLIMATOLOGIA,30,10,2.406007127113363,OK_ANALOGOS_CONTINUIDAD_CORREGIDA,0.4401234328835155,-0.4401234328835155,0.0,CORREGIDO_ANCLA_OBSERVADO
2026-10-09,SANTA MARIA DE NANAY,30.0,2026-10-08,2026-11-12,90,35,4.027808850678964,3.5404803138452143,4.027808850678964,3.22,5.211321011560929,1.7515765671164845,5.423376567116485,HIBRIDO_ANALOGO_CLIM,ANALOGO_ESTADO_V2_HIBRIDO_CLIMATOLOGIA,30,10,2.406007127113363,OK_ANALOGOS_CONTINUIDAD_CORREGIDA,0.4401234328835155,-0.4401234328835155,0.0,CORREGIDO_ANCLA_OBSERVADO
2026-10-09,SANTA MARIA DE NANAY,30.0,2026-10-08,2026-11-13,90,36,4.023122265638275,3.547084707861899,4.023122265638275,3.22,5.133876567116484,1.8403765671164845,5.649876567116484,HIBRIDO_ANALOGO_CLIM,ANALOGO_ESTADO_V2_HIBRIDO_CLIMATOLOGIA,30,10,2.406007127113363,OK_ANALOGOS_CONTINUIDAD_CORREGIDA,0.4401234328835155,-0.4401234328835155,0.0,CORREGIDO_ANCLA_OBSERVADO
2026-10-09,SANTA MARIA DE NANAY,30.0,2026-10-08,2026-11-14,90,37,4.042095045684478,3.5606723594236245,4.042095045684478,3.22,5.122043233783151,1.8731765671164844,5.876876567116485,HIBRIDO_ANALOGO_CLIM,ANALOGO_ESTADO_V2_HIBRIDO_CLIMATOLOGIA,30,10,2.406007127113363,OK_ANALOGOS_CONTINUIDAD_CORREGIDA,0.4401234328835155,-0.4401234328835155,0.0,CORREGIDO_ANCLA_OBSERVADO
2026-10-09,SANTA MARIA DE NANAY,30.0,2026-10-08,2026-11-15,90,38,4.070530423303589,3.5452182536775596,4.070530423303589,3.22,5.2040987893387065,1.5388765671164841,5.998676567116485,HIBRIDO_ANALOGO_CLIM,ANALOGO_ESTADO_V2_HIBRIDO_CLIMATOLOGIA,30,10,2.406007127113363,OK_ANALOGOS_CONTINUIDAD_CORREGIDA,0.4401234328835155,-0.4401234328835155,0.0,CORREGIDO_ANCLA_OBSERVADO
2026-10-09,SANTA MARIA DE NANAY,30.0,2026-10-08,2026-11-16,90,39,4.099560078118995,3.539230739795101,4.099560078118995,3.22,5.2633210115609295,1.5561765671164847,6.102876567116485,HIBRIDO_ANALOGO_CLIM,ANALOGO_ESTADO_V2_HIBRIDO_CLIMATOLOGIA,30,10,2.406007127113363,OK_ANALOGOS_CONTINUIDAD_CORREGIDA,0.4401234328835155,-0.4401234328835155,0.0,CORREGIDO_ANCLA_OBSERVADO
2026-10-09,SANTA MARIA DE NANAY,30.0,2026-10-08,2026-11-17,90,40,4.101484644439649,3.4852331275456767,4.101484644439649,3.22,5.3339876782275955,1.5105765671164846,6.025376567116485,HIBRIDO_ANALOGO_CLIM,ANALOGO_ESTADO_V2_HIBRIDO_CLIMATOLOGIA,30,10,2.406007127113363,OK_ANALOGOS_CONTINUIDAD_CORREGIDA,0.4401234328835155,-0.4401234328835155,0.0,CORREGIDO_ANCLA_OBSERVADO
2026-10-09,SANTA MARIA DE NANAY,30.0,2026-10-08,2026-11-18,90,41,4.128861360250392,3.4830602191342344,4.128861360250392,3.22,5.373209900449818,1.4755765671164847,5.961376567116485,HIBRIDO_ANALOGO_CLIM,ANALOGO_ESTADO_V2_HIBRIDO_CLIMATOLOGIA,30,10,2.406007127113363,OK_ANALOGOS_CONTINUIDAD_CORREGIDA,0.4401234328835155,-0.4401234328835155,0.0,CORREGIDO_ANCLA_OBSERVADO
2026-10-09,SANTA MARIA DE NANAY,30.0,2026-10-08,2026-11-19,90,42,4.14149307915196,3.4940857309317463,4.14149307915196,3.22,5.343821011560928,1.8400765671164847,5.713376567116485,HIBRIDO_ANALOGO_CLIM,ANALOGO_ESTADO_V2_HIBRIDO_CLIMATOLOGIA,30,10,2.406007127113363,OK_ANALOGOS_CONTINUIDAD_CORREGIDA,0.4401234328835155,-0.4401234328835155,0.0,CORREGIDO_ANCLA_OBSERVADO
2026-10-09,SANTA MARIA DE NANAY,30.0,2026-10-08,2026-11-20,90,43,4.169327658851472,3.5369273305707214,4.169327658851472,3.22,5.3017654560053735,1.7134765671164849,5.667876567116484,HIBRIDO_ANALOGO_CLIM,ANALOGO_ESTADO_V2_HIBRIDO_CLIMATOLOGIA,30,10,2.406007127113363,OK_ANALOGOS_CONTINUIDAD_CORREGIDA,0.4401234328835155,-0.4401234328835155,0.0,CORREGIDO_ANCLA_OBSERVADO
2026-10-09,SANTA MARIA DE NANAY,30.0,2026-10-08,2026-11-21,90,44,4.230509333037579,3.598729472372014,4.230509333037579,3.22,5.321765456005373,1.1341765671164847,5.907376567116484,HIBRIDO_ANALOGO_CLIM,ANALOGO_ESTADO_V2_HIBRIDO_CLIMATOLOGIA,30,10,2.406007127113363,OK_ANALOGOS_CONTINUIDAD_CORREGIDA,0.4401234328835155,-0.4401234328835155,0.0,CORREGIDO_ANCLA_OBSERVADO
2026-10-09,SANTA MARIA DE NANAY,30.0,2026-10-08,2026-11-22,90,45,4.339219046991953,3.6956912015839007,4.339219046991953,3.22,5.411765456005374,0.6311765671164844,6.233876567116485,HIBRIDO_ANALOGO_CLIM,ANALOGO_ESTADO_V2_HIBRIDO_CLIMATOLOGIA,30,10,2.406007127113363,OK_ANALOGOS_CONTINUIDAD_CORREGIDA,0.4401234328835155,-0.4401234328835155,0.0,CORREGIDO_ANCLA_OBSERVADO
2026-10-09,SANTA MARIA DE NANAY,30.0,2026-10-08,2026-11-23,90,46,4.439427403555921,3.814763809390647,4.439427403555921,3.22,5.444321011560929,0.2706765671164846,6.580876567116484,HIBRIDO_ANALOGO_CLIM,ANALOGO_ESTADO_V2_HIBRIDO_CLIMATOLOGIA,30,10,2.406007127113363,OK_ANALOGOS_CONTINUIDAD_CORREGIDA,0.4401234328835155,-0.4401234328835155,0.0,CORREGIDO_ANCLA_OBSERVADO
2026-10-09,SANTA MARIA DE NANAY,30.0,2026-10-08,2026-11-24,90,47,4.499056565562993,3.87937336821577,4.499056565562993,3.22,5.461543233783151,-0.01832343288351551,6.820376567116485,HIBRIDO_ANALOGO_CLIM,ANALOGO_ESTADO_V2_HIBRIDO_CLIMATOLOGIA,30,10,2.406007127113363,OK_ANALOGOS_CONTINUIDAD_CORREGIDA,0.4401234328835155,-0.4401234328835155,0.0,CORREGIDO_ANCLA_OBSERVADO
2026-10-09,SANTA MARIA DE NANAY,30.0,2026-10-08,2026-11-25,90,48,4.517492488531435,3.8777549546599204,4.517492488531435,3.22,5.477098789338706,-0.3353234328835154,6.841476567116484,HIBRIDO_ANALOGO_CLIM,ANALOGO_ESTADO_V2_HIBRIDO_CLIMATOLOGIA,30,10,2.406007127113363,OK_ANALOGOS_CONTINUIDAD_CORREGIDA,0.4401234328835155,-0.4401234328835155,0.0,CORREGIDO_ANCLA_OBSERVADO
2026-10-09,SANTA MARIA DE NANAY,30.0,2026-10-08,2026-11-26,90,49,4.53827373541268,3.9046918124371297,4.53827373541268,3.22,5.456321011560929,-0.07942343288351511,6.810176567116484,HIBRIDO_ANALOGO_CLIM,ANALOGO_ESTADO_V2_HIBRIDO_CLIMATOLOGIA,30,10,2.406007127113363,OK_ANALOGOS_CONTINUIDAD_CORREGIDA,0.4401234328835155,-0.4401234328835155,0.0,CORREGIDO_ANCLA_OBSERVADO
2026-10-09,SANTA MARIA DE NANAY,30.0,2026-10-08,2026-11-27,90,50,4.627446294413465,3.972138956768452,4.627446294413465,3.22,5.544876567116485,0.9395765671164844,6.720876567116484,HIBRIDO_ANALOGO_CLIM,ANALOGO_ESTADO_V2_HIBRIDO_CLIMATOLOGIA,30,10,2.406007127113363,OK_ANALOGOS_CONTINUIDAD_CORREGIDA,0.4401234328835155,-0.4401234328835155,0.0,CORREGIDO_ANCLA_OBSERVADO
2026-10-09,SANTA MARIA DE NANAY,30.0,2026-10-08,2026-11-28,90,51,4.67390998387961,3.996069948926751,4.67390998387961,3.22,5.590987678227596,1.6115765671164848,6.7523765671164835,HIBRIDO_ANALOGO_CLIM,ANALOGO_ESTADO_V2_HIBRIDO_CLIMATOLOGIA,30,10,2.406007127113363,OK_ANALOGOS_CONTINUIDAD_CORREGIDA,0.4401234328835155,-0.4401234328835155,0.0,CORREGIDO_ANCLA_OBSERVADO
2026-10-09,SANTA MARIA DE NANAY,30.0,2026-10-08,2026-11-29,90,52,4.731796595340764,4.051487074440377,4.731796595340764,3.22,5.62143212267204,1.8667765671164847,7.203376567116484,HIBRIDO_ANALOGO_CLIM,ANALOGO_ESTADO_V2_HIBRIDO_CLIMATOLOGIA,30,10,2.406007127113363,OK_ANALOGOS_CONTINUIDAD_CORREGIDA,0.4401234328835155,-0.4401234328835155,0.0,CORREGIDO_ANCLA_OBSERVADO
2026-10-09,SANTA MARIA DE NANAY,30.0,2026-10-08,2026-11-30,90,53,4.800960086739282,4.112289836092641,4.800960086739282,3.22,5.671543233783151,1.8055765671164852,7.612876567116485,HIBRIDO_ANALOGO_CLIM,ANALOGO_ESTADO_V2_HIBRIDO_CLIMATOLOGIA,30,10,2.406007127113363,OK_ANALOGOS_CONTINUIDAD_CORREGIDA,0.4401234328835155,-0.4401234328835155,0.0,CORREGIDO_ANCLA_OBSERVADO
2026-10-09,SANTA MARIA DE NANAY,30.0,2026-10-08,2026-12-01,90,54,4.90577243900532,4.179505425096184,4.90577243900532,3.22,5.793432122672041,1.5495765671164847,7.8978765671164854,HIBRIDO_ANALOGO_CLIM,ANALOGO_ESTADO_V2_HIBRIDO_CLIMATOLOGIA,30,10,2.406007127113363,OK_ANALOGOS_CONTINUIDAD_CORREGIDA,0.4401234328835155,-0.4401234328835155,0.0,CORREGIDO_ANCLA_OBSERVADO
2026-10-09,SANTA MARIA DE NANAY,30.0,2026-10-08,2026-12-02,90,55,4.9969942364808375,4.217974144746401,4.9969942364808375,3.22,5.917654344894262,1.496576567116485,7.967376567116483,HIBRIDO_ANALOGO_CLIM,ANALOGO_ESTADO_V2_HIBRIDO_CLIMATOLOGIA,30,10,2.406007127113363,OK_ANALOGOS_CONTINUIDAD_CORREGIDA,0.4401234328835155,-0.4401234328835155,0.0,CORREGIDO_ANCLA_OBSERVADO
2026-10-09,SANTA MARIA DE NANAY,30.0,2026-10-08,2026-12-03,90,56,5.012942282086027,4.212374782684377,5.012942282086027,3.22,5.927876567116484,1.5025765671164848,8.107876567116485,HIBRIDO_ANALOGO_CLIM,ANALOGO_ESTADO_V2_HIBRIDO_CLIMATOLOGIA,30,10,2.406007127113363,OK_ANALOGOS_CONTINUIDAD_CORREGIDA,0.4401234328835155,-0.4401234328835155,0.0,CORREGIDO_ANCLA_OBSERVADO
2026-10-09,SANTA MARIA DE NANAY,30.0,2026-10-08,2026-12-04,90,57,5.021311055473424,4.179772947055629,5.021311055473424,3.22,5.95143212267204,1.638576567116485,8.121376567116485,HIBRIDO_ANALOGO_CLIM,ANALOGO_ESTADO_V2_HIBRIDO_CLIMATOLOGIA,30,10,2.406007127113363,OK_ANALOGOS_CONTINUIDAD_CORREGIDA,0.4401234328835155,-0.4401234328835155,0.0,CORREGIDO_ANCLA_OBSERVADO
2026-10-09,SANTA MARIA DE NANAY,30.0,2026-10-08,2026-12-05,90,58,5.047852523331949,4.221485944737815,5.047852523331949,3.22,5.931209900449818,1.7245765671164843,8.115376567116485,HIBRIDO_ANALOGO_CLIM,ANALOGO_ESTADO_V2_HIBRIDO_CLIMATOLOGIA,30,10,2.406007127113363,OK_ANALOGOS_CONTINUIDAD_CORREGIDA,0.4401234328835155,-0.4401234328835155,0.0,CORREGIDO_ANCLA_OBSERVADO
2026-10-09,SANTA MARIA DE NANAY,30.0,2026-10-08,2026-12-06,90,59,5.116410021208429,4.332516148936704,5.116410021208429,3.22,5.9268765671164845,1.8115765671164845,8.065676567116485,HIBRIDO_ANALOGO_CLIM,ANALOGO_ESTADO_V2_HIBRIDO_CLIMATOLOGIA,30,10,2.406007127113363,OK_ANALOGOS_CONTINUIDAD_CORREGIDA,0.4401234328835155,-0.4401234328835155,0.0,CORREGIDO_ANCLA_OBSERVADO
2026-10-09,SANTA MARIA DE NANAY,30.0,2026-10-08,2026-12-07,90,60,5.179576211411673,4.42416474459575,5.179576211411673,3.22,5.934987678227595,1.9737765671164844,7.994876567116485,HIBRIDO_ANALOGO_CLIM,ANALOGO_ESTADO_V2_HIBRIDO_CLIMATOLOGIA,30,10,2.406007127113363,OK_ANALOGOS_CONTINUIDAD_CORREGIDA,0.4401234328835155,-0.4401234328835155,0.0,CORREGIDO_ANCLA_OBSERVADO
2026-10-09,SANTA MARIA DE NANAY,30.0,2026-10-08,2026-12-08,90,61,5.264309604025342,4.569288393597775,5.264309604025342,3.22,5.936543233783151,2.1495765671164846,7.9603765671164854,HIBRIDO_ANALOGO_CLIM,ANALOGO_ESTADO_V2_HIBRIDO_CLIMATOLOGIA,30,10,2.406007127113363,OK_ANALOGOS_CONTINUIDAD_CORREGIDA,0.4401234328835155,-0.4401234328835155,0.0,CORREGIDO_ANCLA_OBSERVADO
2026-10-09,SANTA MARIA DE NANAY,30.0,2026-10-08,2026-12-09,90,62,5.34557297445966,4.663367218324587,5.34557297445966,3.22,5.983765456005373,2.2723765671164844,7.930876567116485,HIBRIDO_ANALOGO_CLIM,ANALOGO_ESTADO_V2_HIBRIDO_CLIMATOLOGIA,30,10,2.406007127113363,OK_ANALOGOS_CONTINUIDAD_CORREGIDA,0.4401234328835155,-0.4401234328835155,0.0,CORREGIDO_ANCLA_OBSERVADO
2026-10-09,SANTA MARIA DE NANAY,30.0,2026-10-08,2026-12-10,90,63,5.44133638790297,4.737300751228383,5.44133638790297,3.22,6.078321011560929,2.399876567116485,7.877876567116484,HIBRIDO_ANALOGO_CLIM,ANALOGO_ESTADO_V2_HIBRIDO_CLIMATOLOGIA,30,10,2.406007127113363,OK_ANALOGOS_CONTINUIDAD_CORREGIDA,0.4401234328835155,-0.4401234328835155,0.0,CORREGIDO_ANCLA_OBSERVADO
2026-10-09,SANTA MARIA DE NANAY,30.0,2026-10-08,2026-12-11,90,64,5.495098393838533,4.717447148187541,5.495098393838533,3.22,6.17554323378315,2.5018765671164847,7.780376567116484,HIBRIDO_ANALOGO_CLIM,ANALOGO_ESTADO_V2_HIBRIDO_CLIMATOLOGIA,30,10,2.406007127113363,OK_ANALOGOS_CONTINUIDAD_CORREGIDA,0.4401234328835155,-0.4401234328835155,0.0,CORREGIDO_ANCLA_OBSERVADO
2026-10-09,SANTA MARIA DE NANAY,30.0,2026-10-08,2026-12-12,90,65,5.518066105659254,4.67394667141182,5.518066105659254,3.22,6.232321011560929,2.5693765671164845,7.697376567116484,HIBRIDO_ANALOGO_CLIM,ANALOGO_ESTADO_V2_HIBRIDO_CLIMATOLOGIA,30,10,2.406007127113363,OK_ANALOGOS_CONTINUIDAD_CORREGIDA,0.4401234328835155,-0.4401234328835155,0.0,CORREGIDO_ANCLA_OBSERVADO
2026-10-09,SANTA MARIA DE NANAY,30.0,2026-10-08,2026-12-13,90,66,5.492515880064012,4.5786676329258045,5.492515880064012,3.22,6.240209900449818,2.4198765671164844,7.559376567116485,HIBRIDO_ANALOGO_CLIM,ANALOGO_ESTADO_V2_HIBRIDO_CLIMATOLOGIA,30,10,2.406007127113363,OK_ANALOGOS_CONTINUIDAD_CORREGIDA,0.4401234328835155,-0.4401234328835155,0.0,CORREGIDO_ANCLA_OBSERVADO
2026-10-09,SANTA MARIA DE NANAY,30.0,2026-10-08,2026-12-14,90,67,5.452429399005609,4.471725746236517,5.452429399005609,3.22,6.2282099004498175,2.4520765671164844,7.370376567116485,HIBRIDO_ANALOGO_CLIM,ANALOGO_ESTADO_V2_HIBRIDO_CLIMATOLOGIA,30,10,2.406007127113363,OK_ANALOGOS_CONTINUIDAD_CORREGIDA,0.4401234328835155,-0.4401234328835155,0.0,CORREGIDO_ANCLA_OBSERVADO
2026-10-09,SANTA MARIA DE NANAY,30.0,2026-10-08,2026-12-15,90,68,5.428516221218123,4.391626196239925,5.428516221218123,3.22,6.22143212267204,2.201076567116485,7.206376567116484,HIBRIDO_ANALOGO_CLIM,ANALOGO_ESTADO_V2_HIBRIDO_CLIMATOLOGIA,30,10,2.406007127113363,OK_ANALOGOS_CONTINUIDAD_CORREGIDA,0.4401234328835155,-0.4401234328835155,0.0,CORREGIDO_ANCLA_OBSERVADO
2026-10-09,SANTA MARIA DE NANAY,30.0,2026-10-08,2026-12-16,90,69,5.402476699425419,4.282752695425089,5.402476699425419,3.22,6.230098789338707,1.850076567116485,7.0293765671164845,HIBRIDO_ANALOGO_CLIM,ANALOGO_ESTADO_V2_HIBRIDO_CLIMATOLOGIA,30,10,2.406007127113363,OK_ANALOGOS_CONTINUIDAD_CORREGIDA,0.4401234328835155,-0.4401234328835155,0.0,CORREGIDO_ANCLA_OBSERVADO
2026-10-09,SANTA MARIA DE NANAY,30.0,2026-10-08,2026-12-17,90,70,5.454737202707025,4.1909643147560045,5.454737202707025,3.22,6.35743212267204,1.5480765671164851,6.897376567116484,HIBRIDO_ANALOGO_CLIM,ANALOGO_ESTADO_V2_HIBRIDO_CLIMATOLOGIA,30,10,2.406007127113363,OK_ANALOGOS_CONTINUIDAD_CORREGIDA,0.4401234328835155,-0.4401234328835155,0.0,CORREGIDO_ANCLA_OBSERVADO
2026-10-09,SANTA MARIA DE NANAY,30.0,2026-10-08,2026-12-18,90,71,5.588867492466925,4.1641854092445465,5.588867492466925,3.22,6.572098789338707,1.3850765671164849,6.657376567116485,HIBRIDO_ANALOGO_CLIM,ANALOGO_ESTADO_V2_HIBRIDO_CLIMATOLOGIA,30,10,2.406007127113363,OK_ANALOGOS_CONTINUIDAD_CORREGIDA,0.4401234328835155,-0.4401234328835155,0.0,CORREGIDO_ANCLA_OBSERVADO
2026-10-09,SANTA MARIA DE NANAY,30.0,2026-10-08,2026-12-19,90,72,5.696858258133711,4.196330794659549,5.696858258133711,3.22,6.697209900449819,1.317576567116485,6.411376567116484,HIBRIDO_ANALOGO_CLIM,ANALOGO_ESTADO_V2_HIBRIDO_CLIMATOLOGIA,30,10,2.406007127113363,OK_ANALOGOS_CONTINUIDAD_CORREGIDA,0.4401234328835155,-0.4401234328835155,0.0,CORREGIDO_ANCLA_OBSERVADO
2026-10-09,SANTA MARIA DE NANAY,30.0,2026-10-08,2026-12-20,90,73,5.800177867438291,4.3018160572998205,5.800177867438291,3.22,6.7648765671164846,1.7861765671164842,6.273376567116484,HIBRIDO_ANALOGO_CLIM,ANALOGO_ESTADO_V2_HIBRIDO_CLIMATOLOGIA,30,10,2.406007127113363,OK_ANALOGOS_CONTINUIDAD_CORREGIDA,0.4401234328835155,-0.4401234328835155,0.0,CORREGIDO_ANCLA_OBSERVADO
2026-10-09,SANTA MARIA DE NANAY,30.0,2026-10-08,2026-12-21,90,74,5.90391547151505,4.449180955402598,5.90391547151505,3.22,6.8082099004498176,2.1473765671164853,6.399126567116484,HIBRIDO_ANALOGO_CLIM,ANALOGO_ESTADO_V2_HIBRIDO_CLIMATOLOGIA,30,10,2.406007127113363,OK_ANALOGOS_CONTINUIDAD_CORREGIDA,0.4401234328835155,-0.4401234328835155,0.0,CORREGIDO_ANCLA_OBSERVADO
2026-10-09,SANTA MARIA DE NANAY,30.0,2026-10-08,2026-12-22,90,75,6.003085315268894,4.5967665621895755,6.003085315268894,3.22,6.846876567116484,2.511076567116484,6.637576567116484,HIBRIDO_ANALOGO_CLIM,ANALOGO_ESTADO_V2_HIBRIDO_CLIMATOLOGIA,30,10,2.406007127113363,OK_ANALOGOS_CONTINUIDAD_CORREGIDA,0.4401234328835155,-0.4401234328835155,0.0,CORREGIDO_ANCLA_OBSERVADO
2026-10-09,SANTA MARIA DE NANAY,30.0,2026-10-08,2026-12-23,90,76,5.999774130684674,4.619698205130739,5.999774130684674,3.22,6.798765456005374,2.4396765671164844,6.652176567116483,HIBRIDO_ANALOGO_CLIM,ANALOGO_ESTADO_V2_HIBRIDO_CLIMATOLOGIA,30,10,2.406007127113363,OK_ANALOGOS_CONTINUIDAD_CORREGIDA,0.4401234328835155,-0.4401234328835155,0.0,CORREGIDO_ANCLA_OBSERVADO
2026-10-09,SANTA MARIA DE NANAY,30.0,2026-10-08,2026-12-24,90,77,5.960032654026861,4.663648075806938,5.960032654026861,3.22,6.683987678227596,2.5268765671164846,6.609176567116484,HIBRIDO_ANALOGO_CLIM,ANALOGO_ESTADO_V2_HIBRIDO_CLIMATOLOGIA,30,10,2.406007127113363,OK_ANALOGOS_CONTINUIDAD_CORREGIDA,0.4401234328835155,-0.4401234328835155,0.0,CORREGIDO_ANCLA_OBSERVADO
2026-10-09,SANTA MARIA DE NANAY,30.0,2026-10-08,2026-12-25,90,78,5.88403436223757,4.6936924896846675,5.88403436223757,3.22,6.524987678227595,2.739576567116485,6.504126567116485,HIBRIDO_ANALOGO_CLIM,ANALOGO_ESTADO_V2_HIBRIDO_CLIMATOLOGIA,30,10,2.406007127113363,OK_ANALOGOS_CONTINUIDAD_CORREGIDA,0.4401234328835155,-0.4401234328835155,0.0,CORREGIDO_ANCLA_OBSERVADO
2026-10-09,SANTA MARIA DE NANAY,30.0,2026-10-08,2026-12-26,90,79,5.821386514546908,4.727501887509051,5.821386514546908,3.22,6.389098789338707,2.8916765671164844,6.523876567116484,HIBRIDO_ANALOGO_CLIM,ANALOGO_ESTADO_V2_HIBRIDO_CLIMATOLOGIA,30,10,2.406007127113363,OK_ANALOGOS_CONTINUIDAD_CORREGIDA,0.4401234328835155,-0.4401234328835155,0.0,CORREGIDO_ANCLA_OBSERVADO
2026-10-09,SANTA MARIA DE NANAY,30.0,2026-10-08,2026-12-27,90,80,5.7322402445140455,4.79918982153139,5.7322402445140455,3.22,6.198765456005374,2.956376567116484,6.9588765671164845,HIBRIDO_ANALOGO_CLIM,ANALOGO_ESTADO_V2_HIBRIDO_CLIMATOLOGIA,30,10,2.406007127113363,OK_ANALOGOS_CONTINUIDAD_CORREGIDA,0.4401234328835155,-0.4401234328835155,0.0,CORREGIDO_ANCLA_OBSERVADO
2026-10-09,SANTA MARIA DE NANAY,30.0,2026-10-08,2026-12-28,90,81,5.715573631259693,4.887405995249434,5.715573631259693,3.22,6.114321011560929,3.0048765671164843,7.355376567116485,HIBRIDO_ANALOGO_CLIM,ANALOGO_ESTADO_V2_HIBRIDO_CLIMATOLOGIA,30,10,2.406007127113363,OK_ANALOGOS_CONTINUIDAD_CORREGIDA,0.4401234328835155,-0.4401234328835155,0.0,CORREGIDO_ANCLA_OBSERVADO
2026-10-09,SANTA MARIA DE NANAY,30.0,2026-10-08,2026-12-29,90,82,5.792705282971596,5.052657307243738,5.792705282971596,3.22,6.135654344894262,2.953876567116485,7.397876567116485,HIBRIDO_ANALOGO_CLIM,ANALOGO_ESTADO_V2_HIBRIDO_CLIMATOLOGIA,30,10,2.406007127113363,OK_ANALOGOS_CONTINUIDAD_CORREGIDA,0.4401234328835155,-0.4401234328835155,0.0,CORREGIDO_ANCLA_OBSERVADO
2026-10-09,SANTA MARIA DE NANAY,30.0,2026-10-08,2026-12-30,90,83,5.869408652157347,5.082725371453215,5.869408652157347,3.22,6.2200987893387065,2.7398765671164846,7.242876567116485,HIBRIDO_ANALOGO_CLIM,ANALOGO_ESTADO_V2_HIBRIDO_CLIMATOLOGIA,30,10,2.406007127113363,OK_ANALOGOS_CONTINUIDAD_CORREGIDA,0.4401234328835155,-0.4401234328835155,0.0,CORREGIDO_ANCLA_OBSERVADO
2026-10-09,SANTA MARIA DE NANAY,30.0,2026-10-08,2026-12-31,90,84,5.861971939219522,5.072750029682168,5.861971939219522,3.22,6.200209900449818,2.7518765671164847,7.343876567116484,HIBRIDO_ANALOGO_CLIM,ANALOGO_ESTADO_V2_HIBRIDO_CLIMATOLOGIA,30,10,2.406007127113363,OK_ANALOGOS_CONTINUIDAD_CORREGIDA,0.4401234328835155,-0.4401234328835155,0.0,CORREGIDO_ANCLA_OBSERVADO
2026-10-09,SANTA MARIA DE NANAY,30.0,2026-10-08,2027-01-01,90,85,5.925136316182224,5.065809992484732,5.925136316182224,3.22,6.2789765671164846,2.9088765671164847,7.435376567116484,HIBRIDO_ANALOGO_CLIM,ANALOGO_ESTADO_V2_HIBRIDO_CLIMATOLOGIA,30,10,2.406007127113363,OK_ANALOGOS_CONTINUIDAD_CORREGIDA,0.4401234328835155,-0.4401234328835155,0.0,CORREGIDO_ANCLA_OBSERVADO
2026-10-09,SANTA MARIA DE NANAY,30.0,2026-10-08,2027-01-02,90,86,5.923561777716253,5.098430251586254,5.923561777716253,3.22,6.249776567116484,3.265076567116485,7.543376567116485,HIBRIDO_ANALOGO_CLIM,ANALOGO_ESTADO_V2_HIBRIDO_CLIMATOLOGIA,30,10,2.406007127113363,OK_ANALOGOS_CONTINUIDAD_CORREGIDA,0.4401234328835155,-0.4401234328835155,0.0,CORREGIDO_ANCLA_OBSERVADO
2026-10-09,SANTA MARIA DE NANAY,30.0,2026-10-08,2027-01-03,90,87,5.996685012778757,5.135407278615654,5.996685012778757,3.22,6.323376567116485,3.5430765671164846,7.634176567116484,HIBRIDO_ANALOGO_CLIM,ANALOGO_ESTADO_V2_HIBRIDO_CLIMATOLOGIA,30,10,2.406007127113363,OK_ANALOGOS_CONTINUIDAD_CORREGIDA,0.4401234328835155,-0.4401234328835155,0.0,CORREGIDO_ANCLA_OBSERVADO
2026-10-09,SANTA MARIA DE NANAY,30.0,2026-10-08,2027-01-04,90,88,6.039719075755622,5.160110974513252,6.039719075755622,3.22,6.359576567116484,3.467676567116485,7.747876567116485,HIBRIDO_ANALOGO_CLIM,ANALOGO_ESTADO_V2_HIBRIDO_CLIMATOLOGIA,30,10,2.406007127113363,OK_ANALOGOS_CONTINUIDAD_CORREGIDA,0.4401234328835155,-0.4401234328835155,0.0,CORREGIDO_ANCLA_OBSERVADO
2026-10-09,SANTA MARIA DE NANAY,30.0,2026-10-08,2027-01-05,90,89,6.041772830236893,5.1698491985503265,6.041772830236893,3.22,6.345476567116484,3.3281765671164845,7.843876567116485,HIBRIDO_ANALOGO_CLIM,ANALOGO_ESTADO_V2_HIBRIDO_CLIMATOLOGIA,30,10,2.406007127113363,OK_ANALOGOS_CONTINUIDAD_CORREGIDA,0.4401234328835155,-0.4401234328835155,0.0,CORREGIDO_ANCLA_OBSERVADO
2026-10-09,SANTA MARIA DE NANAY,30.0,2026-10-08,2027-01-06,90,90,6.002896347885408,5.15665569019218,6.002896347885408,3.22,6.284976567116485,2.977176567116484,7.859376567116485,HIBRIDO_ANALOGO_CLIM,ANALOGO_ESTADO_V2_HIBRIDO_CLIMATOLOGIA,30,10,2.406007127113363,OK_ANALOGOS_CONTINUIDAD_CORREGIDA,0.4401234328835155,-0.4401234328835155,0.0,CORREGIDO_ANCLA_OBSERVADO
2026-10-09,TAMSHIYACU,3.0,2026-10-08,2026-10-09,30,1,1.9,1.955576511356865,1.9,1.9,1.733270465929404,1.8285065770405153,2.100306577040515,HIBRIDO_ANALOGO_CLIM,ANALOGO_ESTADO_V2_HIBRIDO_CLIMATOLOGIA,30,10,1.7348556605122156,OK_ANALOGOS_CONTINUIDAD_CORREGIDA,-0.07950657704051523,0.07950657704051523,0.0,CORREGIDO_ANCLA_OBSERVADO
2026-10-09,TAMSHIYACU,3.0,2026-10-08,2026-10-10,30,2,1.9013899782989485,1.91820405322823,1.9013899782989485,1.9,1.8509477535111034,1.7005065770405152,2.1075065770405152,HIBRIDO_ANALOGO_CLIM,ANALOGO_ESTADO_V2_HIBRIDO_CLIMATOLOGIA,30,10,1.7348556605122156,OK_ANALOGOS_CONTINUIDAD_CORREGIDA,-0.07950657704051523,0.07950657704051523,0.0,CORREGIDO_ANCLA_OBSERVADO
2026-10-09,TAMSHIYACU,3.0,2026-10-08,2026-10-11,30,3,1.9074199981413544,1.9178372169396734,1.9074199981413544,1.9,1.8761683417463977,1.5335065770405152,2.148806577040515,HIBRIDO_ANALOGO_CLIM,ANALOGO_ESTADO_V2_HIBRIDO_CLIMATOLOGIA,30,10,1.7348556605122156,OK_ANALOGOS_CONTINUIDAD_CORREGIDA,-0.07950657704051523,0.07950657704051523,0.0,CORREGIDO_ANCLA_OBSERVADO
2026-10-09,TAMSHIYACU,3.0,2026-10-08,2026-10-12,30,4,2.183756085717315,2.2871678267048194,2.183756085717315,1.9,1.873520862754801,1.513906577040515,2.633506577040514,HIBRIDO_ANALOGO_CLIM,ANALOGO_ESTADO_V2_HIBRIDO_CLIMATOLOGIA,30,10,1.7348556605122156,OK_ANALOGOS_CONTINUIDAD_CORREGIDA,-0.07950657704051523,0.07950657704051523,0.0,CORREGIDO_ANCLA_OBSERVADO
2026-10-09,TAMSHIYACU,3.0,2026-10-08,2026-10-13,30,5,2.199939804496689,2.267682252864433,2.199939804496689,1.9,1.9967124593934564,1.3661065770405152,2.703506577040514,HIBRIDO_ANALOGO_CLIM,ANALOGO_ESTADO_V2_HIBRIDO_CLIMATOLOGIA,30,10,1.7348556605122156,OK_ANALOGOS_CONTINUIDAD_CORREGIDA,-0.07950657704051523,0.07950657704051523,0.0,CORREGIDO_ANCLA_OBSERVADO
2026-10-09,TAMSHIYACU,3.0,2026-10-08,2026-10-14,30,6,2.191944440174536,2.2352864729839155,2.191944440174536,1.9,2.0619183417463978,1.0978065770405152,2.8705065770405143,HIBRIDO_ANALOGO_CLIM,ANALOGO_ESTADO_V2_HIBRIDO_CLIMATOLOGIA,30,10,1.7348556605122156,OK_ANALOGOS_CONTINUIDAD_CORREGIDA,-0.07950657704051523,0.07950657704051523,0.0,CORREGIDO_ANCLA_OBSERVADO
2026-10-09,TAMSHIYACU,3.0,2026-10-08,2026-10-15,30,7,2.1781435068541235,2.215970102506278,2.1781435068541235,1.9,2.0646637198976583,0.9295065770405153,3.1625065770405145,HIBRIDO_ANALOGO_CLIM,ANALOGO_ESTADO_V2_HIBRIDO_CLIMATOLOGIA,30,10,1.7348556605122156,OK_ANALOGOS_CONTINUIDAD_CORREGIDA,-0.07950657704051523,0.07950657704051523,0.0,CORREGIDO_ANCLA_OBSERVADO
2026-10-09,TAMSHIYACU,3.0,2026-10-08,2026-10-16,30,8,2.1483242958603705,2.1603302021336557,2.1483242958603705,1.9,2.112306577040515,0.6938065770405153,3.3085065770405144,HIBRIDO_ANALOGO_CLIM,ANALOGO_ESTADO_V2_HIBRIDO_CLIMATOLOGIA,30,10,1.7348556605122156,OK_ANALOGOS_CONTINUIDAD_CORREGIDA,-0.07950657704051523,0.07950657704051523,0.0,CORREGIDO_ANCLA_OBSERVADO
2026-10-09,TAMSHIYACU,3.0,2026-10-08,2026-10-17,30,9,2.125694815669015,2.139137191508145,2.125694815669015,1.9,2.085367688151626,0.5133065770405154,3.4865065770405144,HIBRIDO_ANALOGO_CLIM,ANALOGO_ESTADO_V2_HIBRIDO_CLIMATOLOGIA,30,10,1.7348556605122156,OK_ANALOGOS_CONTINUIDAD_CORREGIDA,-0.07950657704051523,0.07950657704051523,0.0,CORREGIDO_ANCLA_OBSERVADO
2026-10-09,TAMSHIYACU,3.0,2026-10-08,2026-10-18,30,10,2.153312548451592,2.145684809192221,2.153312548451592,1.9,2.1761957662297045,0.36310657704051524,3.5165065770405146,HIBRIDO_ANALOGO_CLIM,ANALOGO_ESTADO_V2_HIBRIDO_CLIMATOLOGIA,30,10,1.7348556605122156,OK_ANALOGOS_CONTINUIDAD_CORREGIDA,-0.07950657704051523,0.07950657704051523,0.0,CORREGIDO_ANCLA_OBSERVADO
2026-10-09,TAMSHIYACU,3.0,2026-10-08,2026-10-19,30,11,2.115769814868617,2.1460154555481594,2.115769814868617,1.9,2.025032892829989,0.2593065770405154,3.4435065770405147,HIBRIDO_ANALOGO_CLIM,ANALOGO_ESTADO_V2_HIBRIDO_CLIMATOLOGIA,30,10,1.7348556605122156,OK_ANALOGOS_CONTINUIDAD_CORREGIDA,-0.07950657704051523,0.07950657704051523,0.0,CORREGIDO_ANCLA_OBSERVADO
2026-10-09,TAMSHIYACU,3.0,2026-10-08,2026-10-20,30,12,2.1844923248862256,2.2235095039926907,2.1844923248862256,1.9,2.067440787566831,0.19130657704051532,3.739806577040515,HIBRIDO_ANALOGO_CLIM,ANALOGO_ESTADO_V2_HIBRIDO_CLIMATOLOGIA,30,10,1.7348556605122156,OK_ANALOGOS_CONTINUIDAD_CORREGIDA,-0.07950657704051523,0.07950657704051523,0.0,CORREGIDO_ANCLA_OBSERVADO
2026-10-09,TAMSHIYACU,3.0,2026-10-08,2026-10-21,30,13,2.247576923032384,2.3054166110125793,2.247576923032384,1.9,2.074057859091797,0.10830657704051534,4.0291065770405154,HIBRIDO_ANALOGO_CLIM,ANALOGO_ESTADO_V2_HIBRIDO_CLIMATOLOGIA,30,10,1.7348556605122156,OK_ANALOGOS_CONTINUIDAD_CORREGIDA,-0.07950657704051523,0.07950657704051523,0.0,CORREGIDO_ANCLA_OBSERVADO
2026-10-09,TAMSHIYACU,3.0,2026-10-08,2026-10-22,30,14,2.310453128722745,2.4020311459501555,2.310453128722745,1.9,2.0357190770405156,0.018306577040515262,4.055706577040516,HIBRIDO_ANALOGO_CLIM,ANALOGO_ESTADO_V2_HIBRIDO_CLIMATOLOGIA,30,10,1.7348556605122156,OK_ANALOGOS_CONTINUIDAD_CORREGIDA,-0.07950657704051523,0.07950657704051523,0.0,CORREGIDO_ANCLA_OBSERVADO
2026-10-09,TAMSHIYACU,3.0,2026-10-08,2026-10-23,30,15,2.3713428967328296,2.4720633366302676,2.3713428967328296,1.9,2.0691815770405153,-0.011293422959484933,3.8899065770405152,HIBRIDO_ANALOGO_CLIM,ANALOGO_ESTADO_V2_HIBRIDO_CLIMATOLOGIA,30,10,1.7348556605122156,OK_ANALOGOS_CONTINUIDAD_CORREGIDA,-0.07950657704051523,0.07950657704051523,0.0,CORREGIDO_ANCLA_OBSERVADO
2026-10-09,TAMSHIYACU,3.0,2026-10-08,2026-10-24,30,16,2.3862767597684753,2.4851351133607222,2.3862767597684753,1.9,2.089701698991735,-0.03229342295948494,3.8465065770405147,HIBRIDO_ANALOGO_CLIM,ANALOGO_ESTADO_V2_HIBRIDO_CLIMATOLOGIA,30,10,1.7348556605122156,OK_ANALOGOS_CONTINUIDAD_CORREGIDA,-0.07950657704051523,0.07950657704051523,0.0,CORREGIDO_ANCLA_OBSERVADO
2026-10-09,TAMSHIYACU,3.0,2026-10-08,2026-10-25,30,17,2.5577159969140775,2.6888101937825004,2.5577159969140775,1.9,2.1644334063088078,-0.06949342295948485,4.553806577040515,HIBRIDO_ANALOGO_CLIM,ANALOGO_ESTADO_V2_HIBRIDO_CLIMATOLOGIA,30,10,1.7348556605122156,OK_ANALOGOS_CONTINUIDAD_CORREGIDA,-0.07950657704051523,0.07950657704051523,0.0,CORREGIDO_ANCLA_OBSERVADO
2026-10-09,TAMSHIYACU,3.0,2026-10-08,2026-10-26,30,18,2.55880738077901,2.6549909820251747,2.55880738077901,1.9,2.270256577040515,-0.1272934229594849,4.567806577040515,HIBRIDO_ANALOGO_CLIM,ANALOGO_ESTADO_V2_HIBRIDO_CLIMATOLOGIA,30,10,1.7348556605122156,OK_ANALOGOS_CONTINUIDAD_CORREGIDA,-0.07950657704051523,0.07950657704051523,0.0,CORREGIDO_ANCLA_OBSERVADO
2026-10-09,TAMSHIYACU,3.0,2026-10-08,2026-10-27,30,19,2.574642385085676,2.6547959877673963,2.574642385085676,1.9,2.334181577040515,-0.12379342295948487,4.569306577040515,HIBRIDO_ANALOGO_CLIM,ANALOGO_ESTADO_V2_HIBRIDO_CLIMATOLOGIA,30,10,1.7348556605122156,OK_ANALOGOS_CONTINUIDAD_CORREGIDA,-0.07950657704051523,0.07950657704051523,0.0,CORREGIDO_ANCLA_OBSERVADO
2026-10-09,TAMSHIYACU,3.0,2026-10-08,2026-10-28,30,20,2.593015732590954,2.6627521177744335,2.593015732590954,1.9,2.3838065770405152,-0.1482934229594849,4.589306577040515,HIBRIDO_ANALOGO_CLIM,ANALOGO_ESTADO_V2_HIBRIDO_CLIMATOLOGIA,30,10,1.7348556605122156,OK_ANALOGOS_CONTINUIDAD_CORREGIDA,-0.07950657704051523,0.07950657704051523,0.0,CORREGIDO_ANCLA_OBSERVADO
2026-10-09,TAMSHIYACU,3.0,2026-10-08,2026-10-29,30,21,2.6400039227758527,2.6948488713542984,2.6400039227758527,1.9,2.475469077040515,-0.19129342295948493,4.712206577040515,HIBRIDO_ANALOGO_CLIM,ANALOGO_ESTADO_V2_HIBRIDO_CLIMATOLOGIA,30,10,1.7348556605122156,OK_ANALOGOS_CONTINUIDAD_CORREGIDA,-0.07950657704051523,0.07950657704051523,0.0,CORREGIDO_ANCLA_OBSERVADO
2026-10-09,TAMSHIYACU,3.0,2026-10-08,2026-10-30,30,22,2.676679547416844,2.7474851716886284,2.676679547416844,1.9,2.464262674601491,-0.21529342295948495,4.673506577040515,HIBRIDO_ANALOGO_CLIM,ANALOGO_ESTADO_V2_HIBRIDO_CLIMATOLOGIA,30,10,1.7348556605122156,OK_ANALOGOS_CONTINUIDAD_CORREGIDA,-0.07950657704051523,0.07950657704051523,0.0,CORREGIDO_ANCLA_OBSERVADO
2026-10-09,TAMSHIYACU,3.0,2026-10-08,2026-10-31,30,23,2.8069777051592455,2.9094805811988222,2.8069777051592455,1.9,2.4994690770405152,0.3208065770405153,4.655506577040515,HIBRIDO_ANALOGO_CLIM,ANALOGO_ESTADO_V2_HIBRIDO_CLIMATOLOGIA,30,10,1.7348556605122156,OK_ANALOGOS_CONTINUIDAD_CORREGIDA,-0.07950657704051523,0.07950657704051523,0.0,CORREGIDO_ANCLA_OBSERVADO
2026-10-09,TAMSHIYACU,3.0,2026-10-08,2026-11-01,30,24,2.855084344635337,2.9711183972482447,2.855084344635337,1.9,2.5069821867966127,0.34330657704051526,4.720206577040515,HIBRIDO_ANALOGO_CLIM,ANALOGO_ESTADO_V2_HIBRIDO_CLIMATOLOGIA,30,10,1.7348556605122156,OK_ANALOGOS_CONTINUIDAD_CORREGIDA,-0.07950657704051523,0.07950657704051523,0.0,CORREGIDO_ANCLA_OBSERVADO
2026-10-09,TAMSHIYACU,3.0,2026-10-08,2026-11-02,30,25,2.9143735863479012,3.0271292561170293,2.9143735863479012,1.9,2.576106577040515,0.3435065770405153,4.767506577040515,HIBRIDO_ANALOGO_CLIM,ANALOGO_ESTADO_V2_HIBRIDO_CLIMATOLOGIA,30,10,1.7348556605122156,OK_ANALOGOS_CONTINUIDAD_CORREGIDA,-0.07950657704051523,0.07950657704051523,0.0,CORREGIDO_ANCLA_OBSERVADO
2026-10-09,TAMSHIYACU,3.0,2026-10-08,2026-11-03,30,26,2.9719588379240878,3.078255424885279,2.9719588379240878,1.9,2.653069077040515,0.31310657704051525,4.796206577040515,HIBRIDO_ANALOGO_CLIM,ANALOGO_ESTADO_V2_HIBRIDO_CLIMATOLOGIA,30,10,1.7348556605122156,OK_ANALOGOS_CONTINUIDAD_CORREGIDA,-0.07950657704051523,0.07950657704051523,0.0,CORREGIDO_ANCLA_OBSERVADO
2026-10-09,TAMSHIYACU,3.0,2026-10-08,2026-11-04,30,27,3.0328294058513863,3.138145348788343,3.0328294058513863,1.9,2.7168815770405152,0.21280657704051537,4.8767065770405145,HIBRIDO_ANALOGO_CLIM,ANALOGO_ESTADO_V2_HIBRIDO_CLIMATOLOGIA,30,10,1.7348556605122156,OK_ANALOGOS_CONTINUIDAD_CORREGIDA,-0.07950657704051523,0.07950657704051523,0.0,CORREGIDO_ANCLA_OBSERVADO
2026-10-09,TAMSHIYACU,3.0,2026-10-08,2026-11-05,30,28,3.1438083314022283,3.2612839161894662,3.1438083314022283,1.9,2.7913815770405153,0.09280657704051533,5.643206577040514,HIBRIDO_ANALOGO_CLIM,ANALOGO_ESTADO_V2_HIBRIDO_CLIMATOLOGIA,30,10,1.7348556605122156,OK_ANALOGOS_CONTINUIDAD_CORREGIDA,-0.07950657704051523,0.07950657704051523,0.0,CORREGIDO_ANCLA_OBSERVADO
2026-10-09,TAMSHIYACU,3.0,2026-10-08,2026-11-06,30,29,3.1833150781975994,3.304251245249961,3.1833150781975994,1.9,2.8205065770405153,0.26450657704051506,5.7227065770405146,HIBRIDO_ANALOGO_CLIM,ANALOGO_ESTADO_V2_HIBRIDO_CLIMATOLOGIA,30,10,1.7348556605122156,OK_ANALOGOS_CONTINUIDAD_CORREGIDA,-0.07950657704051523,0.07950657704051523,0.0,CORREGIDO_ANCLA_OBSERVADO
2026-10-09,TAMSHIYACU,3.0,2026-10-08,2026-11-07,30,30,3.242788190816463,3.3839064523190148,3.242788190816463,1.9,2.819433406308808,0.469906577040515,5.835206577040514,HIBRIDO_ANALOGO_CLIM,ANALOGO_ESTADO_V2_HIBRIDO_CLIMATOLOGIA,30,10,1.7348556605122156,OK_ANALOGOS_CONTINUIDAD_CORREGIDA,-0.07950657704051523,0.07950657704051523,0.0,CORREGIDO_ANCLA_OBSERVADO
2026-10-09,TAMSHIYACU,3.0,2026-10-08,2026-10-09,60,1,1.9,1.9568763645135991,1.9,1.9,1.7293709064592027,1.824607017570314,2.1168070175703138,HIBRIDO_ANALOGO_CLIM,ANALOGO_ESTADO_V2_HIBRIDO_CLIMATOLOGIA,30,10,1.8090437634072458,OK_ANALOGOS_CONTINUIDAD_CORREGIDA,-0.07560701757031385,0.07560701757031385,0.0,CORREGIDO_ANCLA_OBSERVADO
2026-10-09,TAMSHIYACU,3.0,2026-10-08,2026-10-10,60,2,1.915197080941498,1.9379133765750298,1.915197080941498,1.9,1.847048194040902,1.6966070175703138,2.2096070175703133,HIBRIDO_ANALOGO_CLIM,ANALOGO_ESTADO_V2_HIBRIDO_CLIMATOLOGIA,30,10,1.8090437634072458,OK_ANALOGOS_CONTINUIDAD_CORREGIDA,-0.07560701757031385,0.07560701757031385,0.0,CORREGIDO_ANCLA_OBSERVADO
2026-10-09,TAMSHIYACU,3.0,2026-10-08,2026-10-11,60,3,1.9494515050810488,1.9751790793493327,1.9494515050810488,1.9,1.8722687822761963,1.5296070175703138,2.3106070175703133,HIBRIDO_ANALOGO_CLIM,ANALOGO_ESTADO_V2_HIBRIDO_CLIMATOLOGIA,30,10,1.8090437634072458,OK_ANALOGOS_CONTINUIDAD_CORREGIDA,-0.07560701757031385,0.07560701757031385,0.0,CORREGIDO_ANCLA_OBSERVADO
2026-10-09,TAMSHIYACU,3.0,2026-10-08,2026-10-12,60,4,2.2682340765372193,2.401105000954759,2.2682340765372193,1.9,1.8696213032845996,1.5100070175703135,3.322607017570313,HIBRIDO_ANALOGO_CLIM,ANALOGO_ESTADO_V2_HIBRIDO_CLIMATOLOGIA,30,10,1.8090437634072458,OK_ANALOGOS_CONTINUIDAD_CORREGIDA,-0.07560701757031385,0.07560701757031385,0.0,CORREGIDO_ANCLA_OBSERVADO
2026-10-09,TAMSHIYACU,3.0,2026-10-08,2026-10-13,60,5,2.3298107596651265,2.4421433795790835,2.3298107596651265,1.9,1.992812899923255,1.3622070175703138,3.752607017570313,HIBRIDO_ANALOGO_CLIM,ANALOGO_ESTADO_V2_HIBRIDO_CLIMATOLOGIA,30,10,1.8090437634072458,OK_ANALOGOS_CONTINUIDAD_CORREGIDA,-0.07560701757031385,0.07560701757031385,0.0,CORREGIDO_ANCLA_OBSERVADO
2026-10-09,TAMSHIYACU,3.0,2026-10-08,2026-10-14,60,6,2.3710088595038163,2.4753388852463565,2.3710088595038163,1.9,2.0580187822761964,1.3099070175703138,4.198607017570313,HIBRIDO_ANALOGO_CLIM,ANALOGO_ESTADO_V2_HIBRIDO_CLIMATOLOGIA,30,10,1.8090437634072458,OK_ANALOGOS_CONTINUIDAD_CORREGIDA,-0.07560701757031385,0.07560701757031385,0.0,CORREGIDO_ANCLA_OBSERVADO
2026-10-09,TAMSHIYACU,3.0,2026-10-08,2026-10-15,60,7,2.391039465878853,2.501131234362652,2.391039465878853,1.9,2.060764160427457,1.222607017570314,4.571607017570313,HIBRIDO_ANALOGO_CLIM,ANALOGO_ESTADO_V2_HIBRIDO_CLIMATOLOGIA,30,10,1.8090437634072458,OK_ANALOGOS_CONTINUIDAD_CORREGIDA,-0.07560701757031385,0.07560701757031385,0.0,CORREGIDO_ANCLA_OBSERVADO
2026-10-09,TAMSHIYACU,3.0,2026-10-08,2026-10-16,60,8,2.3903230114269216,2.484295009379124,2.3903230114269216,1.9,2.108407017570314,1.157907017570314,4.771607017570314,HIBRIDO_ANALOGO_CLIM,ANALOGO_ESTADO_V2_HIBRIDO_CLIMATOLOGIA,30,10,1.8090437634072458,OK_ANALOGOS_CONTINUIDAD_CORREGIDA,-0.07560701757031385,0.07560701757031385,0.0,CORREGIDO_ANCLA_OBSERVADO
2026-10-09,TAMSHIYACU,3.0,2026-10-08,2026-10-17,60,9,2.3893567739123744,2.491986322322691,2.3893567739123744,1.9,2.0814681286814247,1.193407017570314,4.9046070175703145,HIBRIDO_ANALOGO_CLIM,ANALOGO_ESTADO_V2_HIBRIDO_CLIMATOLOGIA,30,10,1.8090437634072458,OK_ANALOGOS_CONTINUIDAD_CORREGIDA,-0.07560701757031385,0.07560701757031385,0.0,CORREGIDO_ANCLA_OBSERVADO
2026-10-09,TAMSHIYACU,3.0,2026-10-08,2026-10-18,60,10,2.434382561852107,2.521744680216308,2.434382561852107,1.9,2.172296206759503,1.268207017570314,4.997607017570314,HIBRIDO_ANALOGO_CLIM,ANALOGO_ESTADO_V2_HIBRIDO_CLIMATOLOGIA,30,10,1.8090437634072458,OK_ANALOGOS_CONTINUIDAD_CORREGIDA,-0.07560701757031385,0.07560701757031385,0.0,CORREGIDO_ANCLA_OBSERVADO
2026-10-09,TAMSHIYACU,3.0,2026-10-08,2026-10-19,60,11,2.4097487639787065,2.53928724085168,2.4097487639787065,1.9,2.0211333333597876,1.191407017570314,4.690607017570314,HIBRIDO_ANALOGO_CLIM,ANALOGO_ESTADO_V2_HIBRIDO_CLIMATOLOGIA,30,10,1.8090437634072458,OK_ANALOGOS_CONTINUIDAD_CORREGIDA,-0.07560701757031385,0.07560701757031385,0.0,CORREGIDO_ANCLA_OBSERVADO
2026-10-09,TAMSHIYACU,3.0,2026-10-08,2026-10-20,60,12,2.4904109327665345,2.6327008343231695,2.4904109327665345,1.9,2.0635412280966294,1.168407017570314,4.555607017570313,HIBRIDO_ANALOGO_CLIM,ANALOGO_ESTADO_V2_HIBRIDO_CLIMATOLOGIA,30,10,1.8090437634072458,OK_ANALOGOS_CONTINUIDAD_CORREGIDA,-0.07560701757031385,0.07560701757031385,0.0,CORREGIDO_ANCLA_OBSERVADO
2026-10-09,TAMSHIYACU,3.0,2026-10-08,2026-10-21,60,13,2.5675961140441923,2.7334087188517247,2.5675961140441923,1.9,2.0701582996215957,1.1034070175703141,4.358607017570313,HIBRIDO_ANALOGO_CLIM,ANALOGO_ESTADO_V2_HIBRIDO_CLIMATOLOGIA,30,10,1.8090437634072458,OK_ANALOGOS_CONTINUIDAD_CORREGIDA,-0.07560701757031385,0.07560701757031385,0.0,CORREGIDO_ANCLA_OBSERVADO
2026-10-09,TAMSHIYACU,3.0,2026-10-08,2026-10-22,60,14,2.640964518003195,2.844012851480822,2.640964518003195,1.9,2.031819517570314,1.112407017570314,4.388407017570313,HIBRIDO_ANALOGO_CLIM,ANALOGO_ESTADO_V2_HIBRIDO_CLIMATOLOGIA,30,10,1.8090437634072458,OK_ANALOGOS_CONTINUIDAD_CORREGIDA,-0.07560701757031385,0.07560701757031385,0.0,CORREGIDO_ANCLA_OBSERVADO
2026-10-09,TAMSHIYACU,3.0,2026-10-08,2026-10-23,60,15,2.7087980071969047,2.923303337072435,2.7087980071969047,1.9,2.065282017570314,1.183407017570314,4.5102070175703135,HIBRIDO_ANALOGO_CLIM,ANALOGO_ESTADO_V2_HIBRIDO_CLIMATOLOGIA,30,10,1.8090437634072458,OK_ANALOGOS_CONTINUIDAD_CORREGIDA,-0.07560701757031385,0.07560701757031385,0.0,CORREGIDO_ANCLA_OBSERVADO
2026-10-09,TAMSHIYACU,3.0,2026-10-08,2026-10-24,60,16,2.7263984918594297,2.939930609305395,2.7263984918594297,1.9,2.0858021395215336,1.2544070175703141,4.511607017570314,HIBRIDO_ANALOGO_CLIM,ANALOGO_ESTADO_V2_HIBRIDO_CLIMATOLOGIA,30,10,1.8090437634072458,OK_ANALOGOS_CONTINUIDAD_CORREGIDA,-0.07560701757031385,0.07560701757031385,0.0,CORREGIDO_ANCLA_OBSERVADO
2026-10-09,TAMSHIYACU,3.0,2026-10-08,2026-10-25,60,17,2.905075998918416,3.1532567162783525,2.905075998918416,1.9,2.1605338468386064,1.323607017570314,5.020607017570314,HIBRIDO_ANALOGO_CLIM,ANALOGO_ESTADO_V2_HIBRIDO_CLIMATOLOGIA,30,10,1.8090437634072458,OK_ANALOGOS_CONTINUIDAD_CORREGIDA,-0.07560701757031385,0.07560701757031385,0.0,CORREGIDO_ANCLA_OBSERVADO
2026-10-09,TAMSHIYACU,3.0,2026-10-08,2026-10-26,60,18,2.906944341160133,3.120473449023406,2.906944341160133,1.9,2.266357017570314,1.3994070175703142,4.881607017570313,HIBRIDO_ANALOGO_CLIM,ANALOGO_ESTADO_V2_HIBRIDO_CLIMATOLOGIA,30,10,1.8090437634072458,OK_ANALOGOS_CONTINUIDAD_CORREGIDA,-0.07560701757031385,0.07560701757031385,0.0,CORREGIDO_ANCLA_OBSERVADO
2026-10-09,TAMSHIYACU,3.0,2026-10-08,2026-10-27,60,19,2.924122934176637,3.122069906378745,2.924122934176637,1.9,2.3302820175703136,1.607907017570314,4.752607017570314,HIBRIDO_ANALOGO_CLIM,ANALOGO_ESTADO_V2_HIBRIDO_CLIMATOLOGIA,30,10,1.8090437634072458,OK_ANALOGOS_CONTINUIDAD_CORREGIDA,-0.07560701757031385,0.07560701757031385,0.0,CORREGIDO_ANCLA_OBSERVADO
2026-10-09,TAMSHIYACU,3.0,2026-10-08,2026-10-28,60,20,2.9448003522978494,3.1330981305403616,2.9448003522978494,1.9,2.379907017570314,1.8404070175703138,4.628607017570313,HIBRIDO_ANALOGO_CLIM,ANALOGO_ESTADO_V2_HIBRIDO_CLIMATOLOGIA,30,10,1.8090437634072458,OK_ANALOGOS_CONTINUIDAD_CORREGIDA,-0.07560701757031385,0.07560701757031385,0.0,CORREGIDO_ANCLA_OBSERVADO
2026-10-09,TAMSHIYACU,3.0,2026-10-08,2026-10-29,60,21,2.992136850062409,3.1656592942264408,2.992136850062409,1.9,2.471569517570314,2.0434070175703143,4.708307017570314,HIBRIDO_ANALOGO_CLIM,ANALOGO_ESTADO_V2_HIBRIDO_CLIMATOLOGIA,30,10,1.8090437634072458,OK_ANALOGOS_CONTINUIDAD_CORREGIDA,-0.07560701757031385,0.07560701757031385,0.0,CORREGIDO_ANCLA_OBSERVADO
2026-10-09,TAMSHIYACU,3.0,2026-10-08,2026-10-30,60,22,3.0304638239021675,3.2204973934924603,3.0304638239021675,1.9,2.4603631151312895,2.068407017570314,4.669607017570313,HIBRIDO_ANALOGO_CLIM,ANALOGO_ESTADO_V2_HIBRIDO_CLIMATOLOGIA,30,10,1.8090437634072458,OK_ANALOGOS_CONTINUIDAD_CORREGIDA,-0.07560701757031385,0.07560701757031385,0.0,CORREGIDO_ANCLA_OBSERVADO
2026-10-09,TAMSHIYACU,3.0,2026-10-08,2026-10-31,60,23,3.0738097523264543,3.2665564972451673,3.0738097523264543,1.9,2.495569517570314,2.026907017570314,4.6516070175703135,HIBRIDO_ANALOGO_CLIM,ANALOGO_ESTADO_V2_HIBRIDO_CLIMATOLOGIA,30,10,1.8090437634072458,OK_ANALOGOS_CONTINUIDAD_CORREGIDA,-0.07560701757031385,0.07560701757031385,0.0,CORREGIDO_ANCLA_OBSERVADO
2026-10-09,TAMSHIYACU,3.0,2026-10-08,2026-11-01,60,24,3.1184742333188384,3.3236047686496475,3.1184742333188384,1.9,2.5030826273264113,1.986407017570314,4.716307017570314,HIBRIDO_ANALOGO_CLIM,ANALOGO_ESTADO_V2_HIBRIDO_CLIMATOLOGIA,30,10,1.8090437634072458,OK_ANALOGOS_CONTINUIDAD_CORREGIDA,-0.07560701757031385,0.07560701757031385,0.0,CORREGIDO_ANCLA_OBSERVADO
2026-10-09,TAMSHIYACU,3.0,2026-10-08,2026-11-02,60,25,3.175956156605534,3.3772058696172738,3.175956156605534,1.9,2.572207017570314,1.9596070175703142,4.763607017570314,HIBRIDO_ANALOGO_CLIM,ANALOGO_ESTADO_V2_HIBRIDO_CLIMATOLOGIA,30,10,1.8090437634072458,OK_ANALOGOS_CONTINUIDAD_CORREGIDA,-0.07560701757031385,0.07560701757031385,0.0,CORREGIDO_ANCLA_OBSERVADO
2026-10-09,TAMSHIYACU,3.0,2026-10-08,2026-11-03,60,26,3.23782758082753,3.434046935246602,3.23782758082753,1.9,2.649169517570314,1.9562070175703141,4.792307017570313,HIBRIDO_ANALOGO_CLIM,ANALOGO_ESTADO_V2_HIBRIDO_CLIMATOLOGIA,30,10,1.8090437634072458,OK_ANALOGOS_CONTINUIDAD_CORREGIDA,-0.07560701757031385,0.07560701757031385,0.0,CORREGIDO_ANCLA_OBSERVADO
2026-10-09,TAMSHIYACU,3.0,2026-10-08,2026-11-04,60,27,3.325593189395517,3.5297969133372513,3.325593189395517,1.9,2.712982017570314,1.945907017570314,4.872807017570313,HIBRIDO_ANALOGO_CLIM,ANALOGO_ESTADO_V2_HIBRIDO_CLIMATOLOGIA,30,10,1.8090437634072458,OK_ANALOGOS_CONTINUIDAD_CORREGIDA,-0.07560701757031385,0.07560701757031385,0.0,CORREGIDO_ANCLA_OBSERVADO
2026-10-09,TAMSHIYACU,3.0,2026-10-08,2026-11-05,60,28,3.4751559793766553,3.7043806333121023,3.4751559793766553,1.9,2.787482017570314,1.870907017570314,5.639307017570313,HIBRIDO_ANALOGO_CLIM,ANALOGO_ESTADO_V2_HIBRIDO_CLIMATOLOGIA,30,10,1.8090437634072458,OK_ANALOGOS_CONTINUIDAD_CORREGIDA,-0.07560701757031385,0.07560701757031385,0.0,CORREGIDO_ANCLA_OBSERVADO
2026-10-09,TAMSHIYACU,3.0,2026-10-08,2026-11-06,60,29,3.550798547133795,3.795529056988289,3.550798547133795,1.9,2.816607017570314,1.8436070175703139,5.718807017570313,HIBRIDO_ANALOGO_CLIM,ANALOGO_ESTADO_V2_HIBRIDO_CLIMATOLOGIA,30,10,1.8090437634072458,OK_ANALOGOS_CONTINUIDAD_CORREGIDA,-0.07560701757031385,0.07560701757031385,0.0,CORREGIDO_ANCLA_OBSERVADO
2026-10-09,TAMSHIYACU,3.0,2026-10-08,2026-11-07,60,30,3.6412258021028476,3.916456453857595,3.6412258021028476,1.9,2.8155338468386066,1.8862070175703138,5.966307017570314,HIBRIDO_ANALOGO_CLIM,ANALOGO_ESTADO_V2_HIBRIDO_CLIMATOLOGIA,30,10,1.8090437634072458,OK_ANALOGOS_CONTINUIDAD_CORREGIDA,-0.07560701757031385,0.07560701757031385,0.0,CORREGIDO_ANCLA_OBSERVADO
2026-10-09,TAMSHIYACU,3.0,2026-10-08,2026-11-08,60,31,3.6890410454649207,3.967831165896284,3.6890410454649207,1.9,2.8886436029361677,2.022407017570314,6.128807017570313,HIBRIDO_ANALOGO_CLIM,ANALOGO_ESTADO_V2_HIBRIDO_CLIMATOLOGIA,30,10,1.8090437634072458,OK_ANALOGOS_CONTINUIDAD_CORREGIDA,-0.07560701757031385,0.07560701757031385,0.0,CORREGIDO_ANCLA_OBSERVADO
2026-10-09,TAMSHIYACU,3.0,2026-10-08,2026-11-09,60,32,3.790884135825935,4.076703087918888,3.790884135825935,1.9,3.004882017570314,2.1391070175703137,6.197607017570314,HIBRIDO_ANALOGO_CLIM,ANALOGO_ESTADO_V2_HIBRIDO_CLIMATOLOGIA,30,10,1.8090437634072458,OK_ANALOGOS_CONTINUIDAD_CORREGIDA,-0.07560701757031385,0.07560701757031385,0.0,CORREGIDO_ANCLA_OBSERVADO
2026-10-09,TAMSHIYACU,3.0,2026-10-08,2026-11-10,60,33,4.2748682199168195,4.732041003565494,4.2748682199168195,1.9,3.069594517570314,2.175207017570314,7.479107017570313,HIBRIDO_ANALOGO_CLIM,ANALOGO_ESTADO_V2_HIBRIDO_CLIMATOLOGIA,30,10,1.8090437634072458,OK_ANALOGOS_CONTINUIDAD_CORREGIDA,-0.07560701757031385,0.07560701757031385,0.0,CORREGIDO_ANCLA_OBSERVADO
2026-10-09,TAMSHIYACU,3.0,2026-10-08,2026-11-11,60,34,3.922538139991603,4.191033866983442,3.922538139991603,1.9,3.2434018893651855,2.113407017570314,6.140807017570314,HIBRIDO_ANALOGO_CLIM,ANALOGO_ESTADO_V2_HIBRIDO_CLIMATOLOGIA,30,10,1.8090437634072458,OK_ANALOGOS_CONTINUIDAD_CORREGIDA,-0.07560701757031385,0.07560701757031385,0.0,CORREGIDO_ANCLA_OBSERVADO
2026-10-09,TAMSHIYACU,3.0,2026-10-08,2026-11-12,60,35,3.950690223172309,4.212707138902844,3.950690223172309,1.9,3.314363427826724,2.009207017570314,6.174307017570313,HIBRIDO_ANALOGO_CLIM,ANALOGO_ESTADO_V2_HIBRIDO_CLIMATOLOGIA,30,10,1.8090437634072458,OK_ANALOGOS_CONTINUIDAD_CORREGIDA,-0.07560701757031385,0.07560701757031385,0.0,CORREGIDO_ANCLA_OBSERVADO
2026-10-09,TAMSHIYACU,3.0,2026-10-08,2026-11-13,60,36,3.961521932016126,4.243196181064331,3.961521932016126,1.9,3.304282017570314,1.8555070175703137,6.204807017570314,HIBRIDO_ANALOGO_CLIM,ANALOGO_ESTADO_V2_HIBRIDO_CLIMATOLOGIA,30,10,1.8090437634072458,OK_ANALOGOS_CONTINUIDAD_CORREGIDA,-0.07560701757031385,0.07560701757031385,0.0,CORREGIDO_ANCLA_OBSERVADO
2026-10-09,TAMSHIYACU,3.0,2026-10-08,2026-11-14,60,37,3.9695201691351243,4.269961030411591,3.9695201691351243,1.9,3.295558237082509,1.8656070175703139,6.229607017570313,HIBRIDO_ANALOGO_CLIM,ANALOGO_ESTADO_V2_HIBRIDO_CLIMATOLOGIA,30,10,1.8090437634072458,OK_ANALOGOS_CONTINUIDAD_CORREGIDA,-0.07560701757031385,0.07560701757031385,0.0,CORREGIDO_ANCLA_OBSERVADO
2026-10-09,TAMSHIYACU,3.0,2026-10-08,2026-11-15,60,38,3.9995795191944596,4.308669988418261,3.9995795191944596,1.9,3.3325948224483626,1.9010070175703138,6.272007017570314,HIBRIDO_ANALOGO_CLIM,ANALOGO_ESTADO_V2_HIBRIDO_CLIMATOLOGIA,30,10,1.8090437634072458,OK_ANALOGOS_CONTINUIDAD_CORREGIDA,-0.07560701757031385,0.07560701757031385,0.0,CORREGIDO_ANCLA_OBSERVADO
2026-10-09,TAMSHIYACU,3.0,2026-10-08,2026-11-16,60,39,4.030675009644437,4.348462037445257,4.030675009644437,1.9,3.370655798058119,1.9580070175703137,6.304007017570314,HIBRIDO_ANALOGO_CLIM,ANALOGO_ESTADO_V2_HIBRIDO_CLIMATOLOGIA,30,10,1.8090437634072458,OK_ANALOGOS_CONTINUIDAD_CORREGIDA,-0.07560701757031385,0.07560701757031385,0.0,CORREGIDO_ANCLA_OBSERVADO
2026-10-09,TAMSHIYACU,3.0,2026-10-08,2026-11-17,60,40,4.079093356058108,4.415177988716639,4.079093356058108,1.9,3.406924090741046,2.033607017570314,6.3380070175703125,HIBRIDO_ANALOGO_CLIM,ANALOGO_ESTADO_V2_HIBRIDO_CLIMATOLOGIA,30,10,1.8090437634072458,OK_ANALOGOS_CONTINUIDAD_CORREGIDA,-0.07560701757031385,0.07560701757031385,0.0,CORREGIDO_ANCLA_OBSERVADO
2026-10-09,TAMSHIYACU,3.0,2026-10-08,2026-11-18,60,41,4.124075362905125,4.478198175040913,4.124075362905125,1.9,3.4417411639117774,2.099007017570314,6.331307017570313,HIBRIDO_ANALOGO_CLIM,ANALOGO_ESTADO_V2_HIBRIDO_CLIMATOLOGIA,30,10,1.8090437634072458,OK_ANALOGOS_CONTINUIDAD_CORREGIDA,-0.07560701757031385,0.07560701757031385,0.0,CORREGIDO_ANCLA_OBSERVADO
2026-10-09,TAMSHIYACU,3.0,2026-10-08,2026-11-19,60,42,4.186192449124753,4.5652825407872735,4.186192449124753,1.9,3.48216799318007,2.327907017570314,6.387307017570313,HIBRIDO_ANALOGO_CLIM,ANALOGO_ESTADO_V2_HIBRIDO_CLIMATOLOGIA,30,10,1.8090437634072458,OK_ANALOGOS_CONTINUIDAD_CORREGIDA,-0.07560701757031385,0.07560701757031385,0.0,CORREGIDO_ANCLA_OBSERVADO
2026-10-09,TAMSHIYACU,3.0,2026-10-08,2026-11-20,60,43,4.287907187523936,4.664227087627906,4.287907187523936,1.9,3.614032017570314,2.636607017570314,6.561007017570313,HIBRIDO_ANALOGO_CLIM,ANALOGO_ESTADO_V2_HIBRIDO_CLIMATOLOGIA,30,10,1.8090437634072458,OK_ANALOGOS_CONTINUIDAD_CORREGIDA,-0.07560701757031385,0.07560701757031385,0.0,CORREGIDO_ANCLA_OBSERVADO
2026-10-09,TAMSHIYACU,3.0,2026-10-08,2026-11-21,60,44,4.35353163142575,4.7442123289210025,4.35353163142575,1.9,3.6787195175703142,2.8874070175703137,6.721607017570314,HIBRIDO_ANALOGO_CLIM,ANALOGO_ESTADO_V2_HIBRIDO_CLIMATOLOGIA,30,10,1.8090437634072458,OK_ANALOGOS_CONTINUIDAD_CORREGIDA,-0.07560701757031385,0.07560701757031385,0.0,CORREGIDO_ANCLA_OBSERVADO
2026-10-09,TAMSHIYACU,3.0,2026-10-08,2026-11-22,60,45,4.411367497100426,4.819163784818494,4.411367497100426,1.9,3.7317070175703138,3.078607017570314,6.891607017570314,HIBRIDO_ANALOGO_CLIM,ANALOGO_ESTADO_V2_HIBRIDO_CLIMATOLOGIA,30,10,1.8090437634072458,OK_ANALOGOS_CONTINUIDAD_CORREGIDA,-0.07560701757031385,0.07560701757031385,0.0,CORREGIDO_ANCLA_OBSERVADO
2026-10-09,TAMSHIYACU,3.0,2026-10-08,2026-11-23,60,46,4.468238521894886,4.891489186745296,4.468238521894886,1.9,3.7873570175703137,3.162907017570314,6.982607017570313,HIBRIDO_ANALOGO_CLIM,ANALOGO_ESTADO_V2_HIBRIDO_CLIMATOLOGIA,30,10,1.8090437634072458,OK_ANALOGOS_CONTINUIDAD_CORREGIDA,-0.07560701757031385,0.07560701757031385,0.0,CORREGIDO_ANCLA_OBSERVADO
2026-10-09,TAMSHIYACU,3.0,2026-10-08,2026-11-24,60,47,4.527137907569686,4.9704788572953085,4.527137907569686,1.9,3.8385445175703143,3.260207017570314,7.012007017570314,HIBRIDO_ANALOGO_CLIM,ANALOGO_ESTADO_V2_HIBRIDO_CLIMATOLOGIA,30,10,1.8090437634072458,OK_ANALOGOS_CONTINUIDAD_CORREGIDA,-0.07560701757031385,0.07560701757031385,0.0,CORREGIDO_ANCLA_OBSERVADO
2026-10-09,TAMSHIYACU,3.0,2026-10-08,2026-11-25,60,48,4.585129440477295,5.051927722415283,4.585129440477295,1.9,3.8849320175703137,3.359407017570314,7.023807017570313,HIBRIDO_ANALOGO_CLIM,ANALOGO_ESTADO_V2_HIBRIDO_CLIMATOLOGIA,30,10,1.8090437634072458,OK_ANALOGOS_CONTINUIDAD_CORREGIDA,-0.07560701757031385,0.07560701757031385,0.0,CORREGIDO_ANCLA_OBSERVADO
2026-10-09,TAMSHIYACU,3.0,2026-10-08,2026-11-26,60,49,4.640763105703062,5.125901814414395,4.640763105703062,1.9,3.937807017570314,3.387607017570314,7.037307017570313,HIBRIDO_ANALOGO_CLIM,ANALOGO_ESTADO_V2_HIBRIDO_CLIMATOLOGIA,30,10,1.8090437634072458,OK_ANALOGOS_CONTINUIDAD_CORREGIDA,-0.07560701757031385,0.07560701757031385,0.0,CORREGIDO_ANCLA_OBSERVADO
2026-10-09,TAMSHIYACU,3.0,2026-10-08,2026-11-27,60,50,4.689043683359569,5.185221658923323,4.689043683359569,1.9,3.9943945175703135,3.471907017570314,7.039607017570313,HIBRIDO_ANALOGO_CLIM,ANALOGO_ESTADO_V2_HIBRIDO_CLIMATOLOGIA,30,10,1.8090437634072458,OK_ANALOGOS_CONTINUIDAD_CORREGIDA,-0.07560701757031385,0.07560701757031385,0.0,CORREGIDO_ANCLA_OBSERVADO
2026-10-09,TAMSHIYACU,3.0,2026-10-08,2026-11-28,60,51,4.696857715550968,5.238933788183541,4.696857715550968,1.9,3.963460676106899,3.517407017570314,7.048807017570314,HIBRIDO_ANALOGO_CLIM,ANALOGO_ESTADO_V2_HIBRIDO_CLIMATOLOGIA,30,10,1.8090437634072458,OK_ANALOGOS_CONTINUIDAD_CORREGIDA,-0.07560701757031385,0.07560701757031385,0.0,CORREGIDO_ANCLA_OBSERVADO
2026-10-09,TAMSHIYACU,3.0,2026-10-08,2026-11-29,60,52,4.746201732016193,5.290548909634061,4.746201732016193,1.9,4.034363115131289,3.5906070175703144,7.010807017570313,HIBRIDO_ANALOGO_CLIM,ANALOGO_ESTADO_V2_HIBRIDO_CLIMATOLOGIA,30,10,1.8090437634072458,OK_ANALOGOS_CONTINUIDAD_CORREGIDA,-0.07560701757031385,0.07560701757031385,0.0,CORREGIDO_ANCLA_OBSERVADO
2026-10-09,TAMSHIYACU,3.0,2026-10-08,2026-11-30,60,53,4.811307436410395,5.374651269733838,4.811307436410395,1.9,4.099155798058119,3.668407017570314,7.002007017570314,HIBRIDO_ANALOGO_CLIM,ANALOGO_ESTADO_V2_HIBRIDO_CLIMATOLOGIA,30,10,1.8090437634072458,OK_ANALOGOS_CONTINUIDAD_CORREGIDA,-0.07560701757031385,0.07560701757031385,0.0,CORREGIDO_ANCLA_OBSERVADO
2026-10-09,TAMSHIYACU,3.0,2026-10-08,2026-12-01,60,54,4.91655010346209,5.603074965944972,4.91655010346209,1.9,4.077464160427457,3.7412070175703143,7.059907017570312,HIBRIDO_ANALOGO_CLIM,ANALOGO_ESTADO_V2_HIBRIDO_CLIMATOLOGIA,30,10,1.8090437634072458,OK_ANALOGOS_CONTINUIDAD_CORREGIDA,-0.07560701757031385,0.07560701757031385,0.0,CORREGIDO_ANCLA_OBSERVADO
2026-10-09,TAMSHIYACU,3.0,2026-10-08,2026-12-02,60,55,4.926653373376037,5.651393849755476,4.926653373376037,1.9,4.070141901291244,3.788607017570314,7.154207017570314,HIBRIDO_ANALOGO_CLIM,ANALOGO_ESTADO_V2_HIBRIDO_CLIMATOLOGIA,30,10,1.8090437634072458,OK_ANALOGOS_CONTINUIDAD_CORREGIDA,-0.07560701757031385,0.07560701757031385,0.0,CORREGIDO_ANCLA_OBSERVADO
2026-10-09,TAMSHIYACU,3.0,2026-10-08,2026-12-03,60,56,4.947895559673401,5.683829720060113,4.947895559673401,1.9,4.106827947802872,3.8968070175703136,7.241207017570313,HIBRIDO_ANALOGO_CLIM,ANALOGO_ESTADO_V2_HIBRIDO_CLIMATOLOGIA,30,10,1.8090437634072458,OK_ANALOGOS_CONTINUIDAD_CORREGIDA,-0.07560701757031385,0.07560701757031385,0.0,CORREGIDO_ANCLA_OBSERVADO
2026-10-09,TAMSHIYACU,3.0,2026-10-08,2026-12-04,60,57,4.9640248398246385,5.716007520646104,4.9640248398246385,1.9,4.132886087337756,4.035607017570314,7.327107017570313,HIBRIDO_ANALOGO_CLIM,ANALOGO_ESTADO_V2_HIBRIDO_CLIMATOLOGIA,30,10,1.8090437634072458,OK_ANALOGOS_CONTINUIDAD_CORREGIDA,-0.07560701757031385,0.07560701757031385,0.0,CORREGIDO_ANCLA_OBSERVADO
2026-10-09,TAMSHIYACU,3.0,2026-10-08,2026-12-05,60,58,4.928029310027185,5.654675295543853,4.928029310027185,1.9,4.151269808267989,4.171607017570315,7.457807017570314,HIBRIDO_ANALOGO_CLIM,ANALOGO_ESTADO_V2_HIBRIDO_CLIMATOLOGIA,30,10,1.8090437634072458,OK_ANALOGOS_CONTINUIDAD_CORREGIDA,-0.07560701757031385,0.07560701757031385,0.0,CORREGIDO_ANCLA_OBSERVADO
2026-10-09,TAMSHIYACU,3.0,2026-10-08,2026-12-06,60,59,4.978542963600741,5.708288291499785,4.978542963600741,1.9,4.224060505942407,4.226607017570314,7.586307017570314,HIBRIDO_ANALOGO_CLIM,ANALOGO_ESTADO_V2_HIBRIDO_CLIMATOLOGIA,30,10,1.8090437634072458,OK_ANALOGOS_CONTINUIDAD_CORREGIDA,-0.07560701757031385,0.07560701757031385,0.0,CORREGIDO_ANCLA_OBSERVADO
2026-10-09,TAMSHIYACU,3.0,2026-10-08,2026-12-07,60,60,4.98533200440111,5.688429084255163,4.98533200440111,1.9,4.2822349245470575,4.325607017570315,7.641007017570313,HIBRIDO_ANALOGO_CLIM,ANALOGO_ESTADO_V2_HIBRIDO_CLIMATOLOGIA,30,10,1.8090437634072458,OK_ANALOGOS_CONTINUIDAD_CORREGIDA,-0.07560701757031385,0.07560701757031385,0.0,CORREGIDO_ANCLA_OBSERVADO
2026-10-09,TAMSHIYACU,3.0,2026-10-08,2026-10-09,90,1,1.9,1.9568763645135991,1.9,1.9,1.7293709064592027,1.824607017570314,2.1168070175703138,HIBRIDO_ANALOGO_CLIM,ANALOGO_ESTADO_V2_HIBRIDO_CLIMATOLOGIA,30,10,1.8090437634072458,OK_ANALOGOS_CONTINUIDAD_CORREGIDA,-0.07560701757031385,0.07560701757031385,0.0,CORREGIDO_ANCLA_OBSERVADO
2026-10-09,TAMSHIYACU,3.0,2026-10-08,2026-10-10,90,2,1.915197080941498,1.9379133765750298,1.915197080941498,1.9,1.847048194040902,1.6966070175703138,2.2096070175703133,HIBRIDO_ANALOGO_CLIM,ANALOGO_ESTADO_V2_HIBRIDO_CLIMATOLOGIA,30,10,1.8090437634072458,OK_ANALOGOS_CONTINUIDAD_CORREGIDA,-0.07560701757031385,0.07560701757031385,0.0,CORREGIDO_ANCLA_OBSERVADO
2026-10-09,TAMSHIYACU,3.0,2026-10-08,2026-10-11,90,3,1.9494515050810488,1.9751790793493327,1.9494515050810488,1.9,1.8722687822761963,1.5296070175703138,2.3106070175703133,HIBRIDO_ANALOGO_CLIM,ANALOGO_ESTADO_V2_HIBRIDO_CLIMATOLOGIA,30,10,1.8090437634072458,OK_ANALOGOS_CONTINUIDAD_CORREGIDA,-0.07560701757031385,0.07560701757031385,0.0,CORREGIDO_ANCLA_OBSERVADO
2026-10-09,TAMSHIYACU,3.0,2026-10-08,2026-10-12,90,4,2.2682340765372193,2.401105000954759,2.2682340765372193,1.9,1.8696213032845996,1.5100070175703135,3.322607017570313,HIBRIDO_ANALOGO_CLIM,ANALOGO_ESTADO_V2_HIBRIDO_CLIMATOLOGIA,30,10,1.8090437634072458,OK_ANALOGOS_CONTINUIDAD_CORREGIDA,-0.07560701757031385,0.07560701757031385,0.0,CORREGIDO_ANCLA_OBSERVADO
2026-10-09,TAMSHIYACU,3.0,2026-10-08,2026-10-13,90,5,2.3298107596651265,2.4421433795790835,2.3298107596651265,1.9,1.992812899923255,1.3622070175703138,3.752607017570313,HIBRIDO_ANALOGO_CLIM,ANALOGO_ESTADO_V2_HIBRIDO_CLIMATOLOGIA,30,10,1.8090437634072458,OK_ANALOGOS_CONTINUIDAD_CORREGIDA,-0.07560701757031385,0.07560701757031385,0.0,CORREGIDO_ANCLA_OBSERVADO
2026-10-09,TAMSHIYACU,3.0,2026-10-08,2026-10-14,90,6,2.3710088595038163,2.4753388852463565,2.3710088595038163,1.9,2.0580187822761964,1.3099070175703138,4.198607017570313,HIBRIDO_ANALOGO_CLIM,ANALOGO_ESTADO_V2_HIBRIDO_CLIMATOLOGIA,30,10,1.8090437634072458,OK_ANALOGOS_CONTINUIDAD_CORREGIDA,-0.07560701757031385,0.07560701757031385,0.0,CORREGIDO_ANCLA_OBSERVADO
2026-10-09,TAMSHIYACU,3.0,2026-10-08,2026-10-15,90,7,2.391039465878853,2.501131234362652,2.391039465878853,1.9,2.060764160427457,1.222607017570314,4.571607017570313,HIBRIDO_ANALOGO_CLIM,ANALOGO_ESTADO_V2_HIBRIDO_CLIMATOLOGIA,30,10,1.8090437634072458,OK_ANALOGOS_CONTINUIDAD_CORREGIDA,-0.07560701757031385,0.07560701757031385,0.0,CORREGIDO_ANCLA_OBSERVADO
2026-10-09,TAMSHIYACU,3.0,2026-10-08,2026-10-16,90,8,2.3903230114269216,2.484295009379124,2.3903230114269216,1.9,2.108407017570314,1.157907017570314,4.771607017570314,HIBRIDO_ANALOGO_CLIM,ANALOGO_ESTADO_V2_HIBRIDO_CLIMATOLOGIA,30,10,1.8090437634072458,OK_ANALOGOS_CONTINUIDAD_CORREGIDA,-0.07560701757031385,0.07560701757031385,0.0,CORREGIDO_ANCLA_OBSERVADO
2026-10-09,TAMSHIYACU,3.0,2026-10-08,2026-10-17,90,9,2.3893567739123744,2.491986322322691,2.3893567739123744,1.9,2.0814681286814247,1.193407017570314,4.9046070175703145,HIBRIDO_ANALOGO_CLIM,ANALOGO_ESTADO_V2_HIBRIDO_CLIMATOLOGIA,30,10,1.8090437634072458,OK_ANALOGOS_CONTINUIDAD_CORREGIDA,-0.07560701757031385,0.07560701757031385,0.0,CORREGIDO_ANCLA_OBSERVADO
2026-10-09,TAMSHIYACU,3.0,2026-10-08,2026-10-18,90,10,2.434382561852107,2.521744680216308,2.434382561852107,1.9,2.172296206759503,1.268207017570314,4.997607017570314,HIBRIDO_ANALOGO_CLIM,ANALOGO_ESTADO_V2_HIBRIDO_CLIMATOLOGIA,30,10,1.8090437634072458,OK_ANALOGOS_CONTINUIDAD_CORREGIDA,-0.07560701757031385,0.07560701757031385,0.0,CORREGIDO_ANCLA_OBSERVADO
2026-10-09,TAMSHIYACU,3.0,2026-10-08,2026-10-19,90,11,2.4097487639787065,2.53928724085168,2.4097487639787065,1.9,2.0211333333597876,1.191407017570314,4.690607017570314,HIBRIDO_ANALOGO_CLIM,ANALOGO_ESTADO_V2_HIBRIDO_CLIMATOLOGIA,30,10,1.8090437634072458,OK_ANALOGOS_CONTINUIDAD_CORREGIDA,-0.07560701757031385,0.07560701757031385,0.0,CORREGIDO_ANCLA_OBSERVADO
2026-10-09,TAMSHIYACU,3.0,2026-10-08,2026-10-20,90,12,2.4904109327665345,2.6327008343231695,2.4904109327665345,1.9,2.0635412280966294,1.168407017570314,4.555607017570313,HIBRIDO_ANALOGO_CLIM,ANALOGO_ESTADO_V2_HIBRIDO_CLIMATOLOGIA,30,10,1.8090437634072458,OK_ANALOGOS_CONTINUIDAD_CORREGIDA,-0.07560701757031385,0.07560701757031385,0.0,CORREGIDO_ANCLA_OBSERVADO
2026-10-09,TAMSHIYACU,3.0,2026-10-08,2026-10-21,90,13,2.5675961140441923,2.7334087188517247,2.5675961140441923,1.9,2.0701582996215957,1.1034070175703141,4.358607017570313,HIBRIDO_ANALOGO_CLIM,ANALOGO_ESTADO_V2_HIBRIDO_CLIMATOLOGIA,30,10,1.8090437634072458,OK_ANALOGOS_CONTINUIDAD_CORREGIDA,-0.07560701757031385,0.07560701757031385,0.0,CORREGIDO_ANCLA_OBSERVADO
2026-10-09,TAMSHIYACU,3.0,2026-10-08,2026-10-22,90,14,2.640964518003195,2.844012851480822,2.640964518003195,1.9,2.031819517570314,1.112407017570314,4.388407017570313,HIBRIDO_ANALOGO_CLIM,ANALOGO_ESTADO_V2_HIBRIDO_CLIMATOLOGIA,30,10,1.8090437634072458,OK_ANALOGOS_CONTINUIDAD_CORREGIDA,-0.07560701757031385,0.07560701757031385,0.0,CORREGIDO_ANCLA_OBSERVADO
2026-10-09,TAMSHIYACU,3.0,2026-10-08,2026-10-23,90,15,2.7087980071969047,2.923303337072435,2.7087980071969047,1.9,2.065282017570314,1.183407017570314,4.5102070175703135,HIBRIDO_ANALOGO_CLIM,ANALOGO_ESTADO_V2_HIBRIDO_CLIMATOLOGIA,30,10,1.8090437634072458,OK_ANALOGOS_CONTINUIDAD_CORREGIDA,-0.07560701757031385,0.07560701757031385,0.0,CORREGIDO_ANCLA_OBSERVADO
2026-10-09,TAMSHIYACU,3.0,2026-10-08,2026-10-24,90,16,2.7263984918594297,2.939930609305395,2.7263984918594297,1.9,2.0858021395215336,1.2544070175703141,4.511607017570314,HIBRIDO_ANALOGO_CLIM,ANALOGO_ESTADO_V2_HIBRIDO_CLIMATOLOGIA,30,10,1.8090437634072458,OK_ANALOGOS_CONTINUIDAD_CORREGIDA,-0.07560701757031385,0.07560701757031385,0.0,CORREGIDO_ANCLA_OBSERVADO
2026-10-09,TAMSHIYACU,3.0,2026-10-08,2026-10-25,90,17,2.905075998918416,3.1532567162783525,2.905075998918416,1.9,2.1605338468386064,1.323607017570314,5.020607017570314,HIBRIDO_ANALOGO_CLIM,ANALOGO_ESTADO_V2_HIBRIDO_CLIMATOLOGIA,30,10,1.8090437634072458,OK_ANALOGOS_CONTINUIDAD_CORREGIDA,-0.07560701757031385,0.07560701757031385,0.0,CORREGIDO_ANCLA_OBSERVADO
2026-10-09,TAMSHIYACU,3.0,2026-10-08,2026-10-26,90,18,2.906944341160133,3.120473449023406,2.906944341160133,1.9,2.266357017570314,1.3994070175703142,4.881607017570313,HIBRIDO_ANALOGO_CLIM,ANALOGO_ESTADO_V2_HIBRIDO_CLIMATOLOGIA,30,10,1.8090437634072458,OK_ANALOGOS_CONTINUIDAD_CORREGIDA,-0.07560701757031385,0.07560701757031385,0.0,CORREGIDO_ANCLA_OBSERVADO
2026-10-09,TAMSHIYACU,3.0,2026-10-08,2026-10-27,90,19,2.924122934176637,3.122069906378745,2.924122934176637,1.9,2.3302820175703136,1.607907017570314,4.752607017570314,HIBRIDO_ANALOGO_CLIM,ANALOGO_ESTADO_V2_HIBRIDO_CLIMATOLOGIA,30,10,1.8090437634072458,OK_ANALOGOS_CONTINUIDAD_CORREGIDA,-0.07560701757031385,0.07560701757031385,0.0,CORREGIDO_ANCLA_OBSERVADO
2026-10-09,TAMSHIYACU,3.0,2026-10-08,2026-10-28,90,20,2.9448003522978494,3.1330981305403616,2.9448003522978494,1.9,2.379907017570314,1.8404070175703138,4.628607017570313,HIBRIDO_ANALOGO_CLIM,ANALOGO_ESTADO_V2_HIBRIDO_CLIMATOLOGIA,30,10,1.8090437634072458,OK_ANALOGOS_CONTINUIDAD_CORREGIDA,-0.07560701757031385,0.07560701757031385,0.0,CORREGIDO_ANCLA_OBSERVADO
2026-10-09,TAMSHIYACU,3.0,2026-10-08,2026-10-29,90,21,2.992136850062409,3.1656592942264408,2.992136850062409,1.9,2.471569517570314,2.0434070175703143,4.708307017570314,HIBRIDO_ANALOGO_CLIM,ANALOGO_ESTADO_V2_HIBRIDO_CLIMATOLOGIA,30,10,1.8090437634072458,OK_ANALOGOS_CONTINUIDAD_CORREGIDA,-0.07560701757031385,0.07560701757031385,0.0,CORREGIDO_ANCLA_OBSERVADO
2026-10-09,TAMSHIYACU,3.0,2026-10-08,2026-10-30,90,22,3.0304638239021675,3.2204973934924603,3.0304638239021675,1.9,2.4603631151312895,2.068407017570314,4.669607017570313,HIBRIDO_ANALOGO_CLIM,ANALOGO_ESTADO_V2_HIBRIDO_CLIMATOLOGIA,30,10,1.8090437634072458,OK_ANALOGOS_CONTINUIDAD_CORREGIDA,-0.07560701757031385,0.07560701757031385,0.0,CORREGIDO_ANCLA_OBSERVADO
2026-10-09,TAMSHIYACU,3.0,2026-10-08,2026-10-31,90,23,3.0738097523264543,3.2665564972451673,3.0738097523264543,1.9,2.495569517570314,2.026907017570314,4.6516070175703135,HIBRIDO_ANALOGO_CLIM,ANALOGO_ESTADO_V2_HIBRIDO_CLIMATOLOGIA,30,10,1.8090437634072458,OK_ANALOGOS_CONTINUIDAD_CORREGIDA,-0.07560701757031385,0.07560701757031385,0.0,CORREGIDO_ANCLA_OBSERVADO
2026-10-09,TAMSHIYACU,3.0,2026-10-08,2026-11-01,90,24,3.1184742333188384,3.3236047686496475,3.1184742333188384,1.9,2.5030826273264113,1.986407017570314,4.716307017570314,HIBRIDO_ANALOGO_CLIM,ANALOGO_ESTADO_V2_HIBRIDO_CLIMATOLOGIA,30,10,1.8090437634072458,OK_ANALOGOS_CONTINUIDAD_CORREGIDA,-0.07560701757031385,0.07560701757031385,0.0,CORREGIDO_ANCLA_OBSERVADO
2026-10-09,TAMSHIYACU,3.0,2026-10-08,2026-11-02,90,25,3.175956156605534,3.3772058696172738,3.175956156605534,1.9,2.572207017570314,1.9596070175703142,4.763607017570314,HIBRIDO_ANALOGO_CLIM,ANALOGO_ESTADO_V2_HIBRIDO_CLIMATOLOGIA,30,10,1.8090437634072458,OK_ANALOGOS_CONTINUIDAD_CORREGIDA,-0.07560701757031385,0.07560701757031385,0.0,CORREGIDO_ANCLA_OBSERVADO
2026-10-09,TAMSHIYACU,3.0,2026-10-08,2026-11-03,90,26,3.23782758082753,3.434046935246602,3.23782758082753,1.9,2.649169517570314,1.9562070175703141,4.792307017570313,HIBRIDO_ANALOGO_CLIM,ANALOGO_ESTADO_V2_HIBRIDO_CLIMATOLOGIA,30,10,1.8090437634072458,OK_ANALOGOS_CONTINUIDAD_CORREGIDA,-0.07560701757031385,0.07560701757031385,0.0,CORREGIDO_ANCLA_OBSERVADO
2026-10-09,TAMSHIYACU,3.0,2026-10-08,2026-11-04,90,27,3.325593189395517,3.5297969133372513,3.325593189395517,1.9,2.712982017570314,1.945907017570314,4.872807017570313,HIBRIDO_ANALOGO_CLIM,ANALOGO_ESTADO_V2_HIBRIDO_CLIMATOLOGIA,30,10,1.8090437634072458,OK_ANALOGOS_CONTINUIDAD_CORREGIDA,-0.07560701757031385,0.07560701757031385,0.0,CORREGIDO_ANCLA_OBSERVADO
2026-10-09,TAMSHIYACU,3.0,2026-10-08,2026-11-05,90,28,3.4751559793766553,3.7043806333121023,3.4751559793766553,1.9,2.787482017570314,1.870907017570314,5.639307017570313,HIBRIDO_ANALOGO_CLIM,ANALOGO_ESTADO_V2_HIBRIDO_CLIMATOLOGIA,30,10,1.8090437634072458,OK_ANALOGOS_CONTINUIDAD_CORREGIDA,-0.07560701757031385,0.07560701757031385,0.0,CORREGIDO_ANCLA_OBSERVADO
2026-10-09,TAMSHIYACU,3.0,2026-10-08,2026-11-06,90,29,3.550798547133795,3.795529056988289,3.550798547133795,1.9,2.816607017570314,1.8436070175703139,5.718807017570313,HIBRIDO_ANALOGO_CLIM,ANALOGO_ESTADO_V2_HIBRIDO_CLIMATOLOGIA,30,10,1.8090437634072458,OK_ANALOGOS_CONTINUIDAD_CORREGIDA,-0.07560701757031385,0.07560701757031385,0.0,CORREGIDO_ANCLA_OBSERVADO
2026-10-09,TAMSHIYACU,3.0,2026-10-08,2026-11-07,90,30,3.6412258021028476,3.916456453857595,3.6412258021028476,1.9,2.8155338468386066,1.8862070175703138,5.966307017570314,HIBRIDO_ANALOGO_CLIM,ANALOGO_ESTADO_V2_HIBRIDO_CLIMATOLOGIA,30,10,1.8090437634072458,OK_ANALOGOS_CONTINUIDAD_CORREGIDA,-0.07560701757031385,0.07560701757031385,0.0,CORREGIDO_ANCLA_OBSERVADO
2026-10-09,TAMSHIYACU,3.0,2026-10-08,2026-11-08,90,31,3.6890410454649207,3.967831165896284,3.6890410454649207,1.9,2.8886436029361677,2.022407017570314,6.128807017570313,HIBRIDO_ANALOGO_CLIM,ANALOGO_ESTADO_V2_HIBRIDO_CLIMATOLOGIA,30,10,1.8090437634072458,OK_ANALOGOS_CONTINUIDAD_CORREGIDA,-0.07560701757031385,0.07560701757031385,0.0,CORREGIDO_ANCLA_OBSERVADO
2026-10-09,TAMSHIYACU,3.0,2026-10-08,2026-11-09,90,32,3.790884135825935,4.076703087918888,3.790884135825935,1.9,3.004882017570314,2.1391070175703137,6.197607017570314,HIBRIDO_ANALOGO_CLIM,ANALOGO_ESTADO_V2_HIBRIDO_CLIMATOLOGIA,30,10,1.8090437634072458,OK_ANALOGOS_CONTINUIDAD_CORREGIDA,-0.07560701757031385,0.07560701757031385,0.0,CORREGIDO_ANCLA_OBSERVADO
2026-10-09,TAMSHIYACU,3.0,2026-10-08,2026-11-10,90,33,4.2748682199168195,4.732041003565494,4.2748682199168195,1.9,3.069594517570314,2.175207017570314,7.479107017570313,HIBRIDO_ANALOGO_CLIM,ANALOGO_ESTADO_V2_HIBRIDO_CLIMATOLOGIA,30,10,1.8090437634072458,OK_ANALOGOS_CONTINUIDAD_CORREGIDA,-0.07560701757031385,0.07560701757031385,0.0,CORREGIDO_ANCLA_OBSERVADO
2026-10-09,TAMSHIYACU,3.0,2026-10-08,2026-11-11,90,34,3.922538139991603,4.191033866983442,3.922538139991603,1.9,3.2434018893651855,2.113407017570314,6.140807017570314,HIBRIDO_ANALOGO_CLIM,ANALOGO_ESTADO_V2_HIBRIDO_CLIMATOLOGIA,30,10,1.8090437634072458,OK_ANALOGOS_CONTINUIDAD_CORREGIDA,-0.07560701757031385,0.07560701757031385,0.0,CORREGIDO_ANCLA_OBSERVADO
2026-10-09,TAMSHIYACU,3.0,2026-10-08,2026-11-12,90,35,3.950690223172309,4.212707138902844,3.950690223172309,1.9,3.314363427826724,2.009207017570314,6.174307017570313,HIBRIDO_ANALOGO_CLIM,ANALOGO_ESTADO_V2_HIBRIDO_CLIMATOLOGIA,30,10,1.8090437634072458,OK_ANALOGOS_CONTINUIDAD_CORREGIDA,-0.07560701757031385,0.07560701757031385,0.0,CORREGIDO_ANCLA_OBSERVADO
2026-10-09,TAMSHIYACU,3.0,2026-10-08,2026-11-13,90,36,3.961521932016126,4.243196181064331,3.961521932016126,1.9,3.304282017570314,1.8555070175703137,6.204807017570314,HIBRIDO_ANALOGO_CLIM,ANALOGO_ESTADO_V2_HIBRIDO_CLIMATOLOGIA,30,10,1.8090437634072458,OK_ANALOGOS_CONTINUIDAD_CORREGIDA,-0.07560701757031385,0.07560701757031385,0.0,CORREGIDO_ANCLA_OBSERVADO
2026-10-09,TAMSHIYACU,3.0,2026-10-08,2026-11-14,90,37,3.9695201691351243,4.269961030411591,3.9695201691351243,1.9,3.295558237082509,1.8656070175703139,6.229607017570313,HIBRIDO_ANALOGO_CLIM,ANALOGO_ESTADO_V2_HIBRIDO_CLIMATOLOGIA,30,10,1.8090437634072458,OK_ANALOGOS_CONTINUIDAD_CORREGIDA,-0.07560701757031385,0.07560701757031385,0.0,CORREGIDO_ANCLA_OBSERVADO
2026-10-09,TAMSHIYACU,3.0,2026-10-08,2026-11-15,90,38,3.9995795191944596,4.308669988418261,3.9995795191944596,1.9,3.3325948224483626,1.9010070175703138,6.272007017570314,HIBRIDO_ANALOGO_CLIM,ANALOGO_ESTADO_V2_HIBRIDO_CLIMATOLOGIA,30,10,1.8090437634072458,OK_ANALOGOS_CONTINUIDAD_CORREGIDA,-0.07560701757031385,0.07560701757031385,0.0,CORREGIDO_ANCLA_OBSERVADO
2026-10-09,TAMSHIYACU,3.0,2026-10-08,2026-11-16,90,39,4.030675009644437,4.348462037445257,4.030675009644437,1.9,3.370655798058119,1.9580070175703137,6.304007017570314,HIBRIDO_ANALOGO_CLIM,ANALOGO_ESTADO_V2_HIBRIDO_CLIMATOLOGIA,30,10,1.8090437634072458,OK_ANALOGOS_CONTINUIDAD_CORREGIDA,-0.07560701757031385,0.07560701757031385,0.0,CORREGIDO_ANCLA_OBSERVADO
2026-10-09,TAMSHIYACU,3.0,2026-10-08,2026-11-17,90,40,4.079093356058108,4.415177988716639,4.079093356058108,1.9,3.406924090741046,2.033607017570314,6.3380070175703125,HIBRIDO_ANALOGO_CLIM,ANALOGO_ESTADO_V2_HIBRIDO_CLIMATOLOGIA,30,10,1.8090437634072458,OK_ANALOGOS_CONTINUIDAD_CORREGIDA,-0.07560701757031385,0.07560701757031385,0.0,CORREGIDO_ANCLA_OBSERVADO
2026-10-09,TAMSHIYACU,3.0,2026-10-08,2026-11-18,90,41,4.124075362905125,4.478198175040913,4.124075362905125,1.9,3.4417411639117774,2.099007017570314,6.331307017570313,HIBRIDO_ANALOGO_CLIM,ANALOGO_ESTADO_V2_HIBRIDO_CLIMATOLOGIA,30,10,1.8090437634072458,OK_ANALOGOS_CONTINUIDAD_CORREGIDA,-0.07560701757031385,0.07560701757031385,0.0,CORREGIDO_ANCLA_OBSERVADO
2026-10-09,TAMSHIYACU,3.0,2026-10-08,2026-11-19,90,42,4.186192449124753,4.5652825407872735,4.186192449124753,1.9,3.48216799318007,2.327907017570314,6.387307017570313,HIBRIDO_ANALOGO_CLIM,ANALOGO_ESTADO_V2_HIBRIDO_CLIMATOLOGIA,30,10,1.8090437634072458,OK_ANALOGOS_CONTINUIDAD_CORREGIDA,-0.07560701757031385,0.07560701757031385,0.0,CORREGIDO_ANCLA_OBSERVADO
2026-10-09,TAMSHIYACU,3.0,2026-10-08,2026-11-20,90,43,4.287907187523936,4.664227087627906,4.287907187523936,1.9,3.614032017570314,2.636607017570314,6.561007017570313,HIBRIDO_ANALOGO_CLIM,ANALOGO_ESTADO_V2_HIBRIDO_CLIMATOLOGIA,30,10,1.8090437634072458,OK_ANALOGOS_CONTINUIDAD_CORREGIDA,-0.07560701757031385,0.07560701757031385,0.0,CORREGIDO_ANCLA_OBSERVADO
2026-10-09,TAMSHIYACU,3.0,2026-10-08,2026-11-21,90,44,4.35353163142575,4.7442123289210025,4.35353163142575,1.9,3.6787195175703142,2.8874070175703137,6.721607017570314,HIBRIDO_ANALOGO_CLIM,ANALOGO_ESTADO_V2_HIBRIDO_CLIMATOLOGIA,30,10,1.8090437634072458,OK_ANALOGOS_CONTINUIDAD_CORREGIDA,-0.07560701757031385,0.07560701757031385,0.0,CORREGIDO_ANCLA_OBSERVADO
2026-10-09,TAMSHIYACU,3.0,2026-10-08,2026-11-22,90,45,4.411367497100426,4.819163784818494,4.411367497100426,1.9,3.7317070175703138,3.078607017570314,6.891607017570314,HIBRIDO_ANALOGO_CLIM,ANALOGO_ESTADO_V2_HIBRIDO_CLIMATOLOGIA,30,10,1.8090437634072458,OK_ANALOGOS_CONTINUIDAD_CORREGIDA,-0.07560701757031385,0.07560701757031385,0.0,CORREGIDO_ANCLA_OBSERVADO
2026-10-09,TAMSHIYACU,3.0,2026-10-08,2026-11-23,90,46,4.468238521894886,4.891489186745296,4.468238521894886,1.9,3.7873570175703137,3.162907017570314,6.982607017570313,HIBRIDO_ANALOGO_CLIM,ANALOGO_ESTADO_V2_HIBRIDO_CLIMATOLOGIA,30,10,1.8090437634072458,OK_ANALOGOS_CONTINUIDAD_CORREGIDA,-0.07560701757031385,0.07560701757031385,0.0,CORREGIDO_ANCLA_OBSERVADO
2026-10-09,TAMSHIYACU,3.0,2026-10-08,2026-11-24,90,47,4.527137907569686,4.9704788572953085,4.527137907569686,1.9,3.8385445175703143,3.260207017570314,7.012007017570314,HIBRIDO_ANALOGO_CLIM,ANALOGO_ESTADO_V2_HIBRIDO_CLIMATOLOGIA,30,10,1.8090437634072458,OK_ANALOGOS_CONTINUIDAD_CORREGIDA,-0.07560701757031385,0.07560701757031385,0.0,CORREGIDO_ANCLA_OBSERVADO
2026-10-09,TAMSHIYACU,3.0,2026-10-08,2026-11-25,90,48,4.585129440477295,5.051927722415283,4.585129440477295,1.9,3.8849320175703137,3.359407017570314,7.023807017570313,HIBRIDO_ANALOGO_CLIM,ANALOGO_ESTADO_V2_HIBRIDO_CLIMATOLOGIA,30,10,1.8090437634072458,OK_ANALOGOS_CONTINUIDAD_CORREGIDA,-0.07560701757031385,0.07560701757031385,0.0,CORREGIDO_ANCLA_OBSERVADO
2026-10-09,TAMSHIYACU,3.0,2026-10-08,2026-11-26,90,49,4.640763105703062,5.125901814414395,4.640763105703062,1.9,3.937807017570314,3.387607017570314,7.037307017570313,HIBRIDO_ANALOGO_CLIM,ANALOGO_ESTADO_V2_HIBRIDO_CLIMATOLOGIA,30,10,1.8090437634072458,OK_ANALOGOS_CONTINUIDAD_CORREGIDA,-0.07560701757031385,0.07560701757031385,0.0,CORREGIDO_ANCLA_OBSERVADO
2026-10-09,TAMSHIYACU,3.0,2026-10-08,2026-11-27,90,50,4.689043683359569,5.185221658923323,4.689043683359569,1.9,3.9943945175703135,3.471907017570314,7.039607017570313,HIBRIDO_ANALOGO_CLIM,ANALOGO_ESTADO_V2_HIBRIDO_CLIMATOLOGIA,30,10,1.8090437634072458,OK_ANALOGOS_CONTINUIDAD_CORREGIDA,-0.07560701757031385,0.07560701757031385,0.0,CORREGIDO_ANCLA_OBSERVADO
2026-10-09,TAMSHIYACU,3.0,2026-10-08,2026-11-28,90,51,4.696857715550968,5.238933788183541,4.696857715550968,1.9,3.963460676106899,3.517407017570314,7.048807017570314,HIBRIDO_ANALOGO_CLIM,ANALOGO_ESTADO_V2_HIBRIDO_CLIMATOLOGIA,30,10,1.8090437634072458,OK_ANALOGOS_CONTINUIDAD_CORREGIDA,-0.07560701757031385,0.07560701757031385,0.0,CORREGIDO_ANCLA_OBSERVADO
2026-10-09,TAMSHIYACU,3.0,2026-10-08,2026-11-29,90,52,4.746201732016193,5.290548909634061,4.746201732016193,1.9,4.034363115131289,3.5906070175703144,7.010807017570313,HIBRIDO_ANALOGO_CLIM,ANALOGO_ESTADO_V2_HIBRIDO_CLIMATOLOGIA,30,10,1.8090437634072458,OK_ANALOGOS_CONTINUIDAD_CORREGIDA,-0.07560701757031385,0.07560701757031385,0.0,CORREGIDO_ANCLA_OBSERVADO
2026-10-09,TAMSHIYACU,3.0,2026-10-08,2026-11-30,90,53,4.811307436410395,5.374651269733838,4.811307436410395,1.9,4.099155798058119,3.668407017570314,7.002007017570314,HIBRIDO_ANALOGO_CLIM,ANALOGO_ESTADO_V2_HIBRIDO_CLIMATOLOGIA,30,10,1.8090437634072458,OK_ANALOGOS_CONTINUIDAD_CORREGIDA,-0.07560701757031385,0.07560701757031385,0.0,CORREGIDO_ANCLA_OBSERVADO
2026-10-09,TAMSHIYACU,3.0,2026-10-08,2026-12-01,90,54,4.91655010346209,5.603074965944972,4.91655010346209,1.9,4.077464160427457,3.7412070175703143,7.059907017570312,HIBRIDO_ANALOGO_CLIM,ANALOGO_ESTADO_V2_HIBRIDO_CLIMATOLOGIA,30,10,1.8090437634072458,OK_ANALOGOS_CONTINUIDAD_CORREGIDA,-0.07560701757031385,0.07560701757031385,0.0,CORREGIDO_ANCLA_OBSERVADO
2026-10-09,TAMSHIYACU,3.0,2026-10-08,2026-12-02,90,55,4.926653373376037,5.651393849755476,4.926653373376037,1.9,4.070141901291244,3.788607017570314,7.154207017570314,HIBRIDO_ANALOGO_CLIM,ANALOGO_ESTADO_V2_HIBRIDO_CLIMATOLOGIA,30,10,1.8090437634072458,OK_ANALOGOS_CONTINUIDAD_CORREGIDA,-0.07560701757031385,0.07560701757031385,0.0,CORREGIDO_ANCLA_OBSERVADO
2026-10-09,TAMSHIYACU,3.0,2026-10-08,2026-12-03,90,56,4.947895559673401,5.683829720060113,4.947895559673401,1.9,4.106827947802872,3.8968070175703136,7.241207017570313,HIBRIDO_ANALOGO_CLIM,ANALOGO_ESTADO_V2_HIBRIDO_CLIMATOLOGIA,30,10,1.8090437634072458,OK_ANALOGOS_CONTINUIDAD_CORREGIDA,-0.07560701757031385,0.07560701757031385,0.0,CORREGIDO_ANCLA_OBSERVADO
2026-10-09,TAMSHIYACU,3.0,2026-10-08,2026-12-04,90,57,4.9640248398246385,5.716007520646104,4.9640248398246385,1.9,4.132886087337756,4.035607017570314,7.327107017570313,HIBRIDO_ANALOGO_CLIM,ANALOGO_ESTADO_V2_HIBRIDO_CLIMATOLOGIA,30,10,1.8090437634072458,OK_ANALOGOS_CONTINUIDAD_CORREGIDA,-0.07560701757031385,0.07560701757031385,0.0,CORREGIDO_ANCLA_OBSERVADO
2026-10-09,TAMSHIYACU,3.0,2026-10-08,2026-12-05,90,58,4.928029310027185,5.654675295543853,4.928029310027185,1.9,4.151269808267989,4.171607017570315,7.457807017570314,HIBRIDO_ANALOGO_CLIM,ANALOGO_ESTADO_V2_HIBRIDO_CLIMATOLOGIA,30,10,1.8090437634072458,OK_ANALOGOS_CONTINUIDAD_CORREGIDA,-0.07560701757031385,0.07560701757031385,0.0,CORREGIDO_ANCLA_OBSERVADO
2026-10-09,TAMSHIYACU,3.0,2026-10-08,2026-12-06,90,59,4.978542963600741,5.708288291499785,4.978542963600741,1.9,4.224060505942407,4.226607017570314,7.586307017570314,HIBRIDO_ANALOGO_CLIM,ANALOGO_ESTADO_V2_HIBRIDO_CLIMATOLOGIA,30,10,1.8090437634072458,OK_ANALOGOS_CONTINUIDAD_CORREGIDA,-0.07560701757031385,0.07560701757031385,0.0,CORREGIDO_ANCLA_OBSERVADO
2026-10-09,TAMSHIYACU,3.0,2026-10-08,2026-12-07,90,60,4.98533200440111,5.688429084255163,4.98533200440111,1.9,4.2822349245470575,4.325607017570315,7.641007017570313,HIBRIDO_ANALOGO_CLIM,ANALOGO_ESTADO_V2_HIBRIDO_CLIMATOLOGIA,30,10,1.8090437634072458,OK_ANALOGOS_CONTINUIDAD_CORREGIDA,-0.07560701757031385,0.07560701757031385,0.0,CORREGIDO_ANCLA_OBSERVADO
2026-10-09,TAMSHIYACU,3.0,2026-10-08,2026-12-08,90,61,5.147555529426655,5.9838899585158085,5.147555529426655,1.9,4.338641901291244,4.241007017570314,7.673607017570314,HIBRIDO_ANALOGO_CLIM,ANALOGO_ESTADO_V2_HIBRIDO_CLIMATOLOGIA,30,10,1.8090437634072458,OK_ANALOGOS_CONTINUIDAD_CORREGIDA,-0.07560701757031385,0.07560701757031385,0.0,CORREGIDO_ANCLA_OBSERVADO
2026-10-09,TAMSHIYACU,3.0,2026-10-08,2026-12-09,90,62,4.971996402237052,5.606582649037985,4.971996402237052,1.9,4.378351203616825,4.131307017570314,7.6535070175703135,HIBRIDO_ANALOGO_CLIM,ANALOGO_ESTADO_V2_HIBRIDO_CLIMATOLOGIA,30,10,1.8090437634072458,OK_ANALOGOS_CONTINUIDAD_CORREGIDA,-0.07560701757031385,0.07560701757031385,0.0,CORREGIDO_ANCLA_OBSERVADO
2026-10-09,TAMSHIYACU,3.0,2026-10-08,2026-12-10,90,63,4.966585867409729,5.5754596757389745,4.966585867409729,1.9,4.4157000408261275,4.047607017570314,7.6371070175703135,HIBRIDO_ANALOGO_CLIM,ANALOGO_ESTADO_V2_HIBRIDO_CLIMATOLOGIA,30,10,1.8090437634072458,OK_ANALOGOS_CONTINUIDAD_CORREGIDA,-0.07560701757031385,0.07560701757031385,0.0,CORREGIDO_ANCLA_OBSERVADO
2026-10-09,TAMSHIYACU,3.0,2026-10-08,2026-12-11,90,64,4.970864094102663,5.562679490538305,4.970864094102663,1.9,4.453025622221477,4.017007017570314,7.619307017570313,HIBRIDO_ANALOGO_CLIM,ANALOGO_ESTADO_V2_HIBRIDO_CLIMATOLOGIA,30,10,1.8090437634072458,OK_ANALOGOS_CONTINUIDAD_CORREGIDA,-0.07560701757031385,0.07560701757031385,0.0,CORREGIDO_ANCLA_OBSERVADO
2026-10-09,TAMSHIYACU,3.0,2026-10-08,2026-12-12,90,65,5.015582773583212,5.557458984177736,5.015582773583212,1.9,4.557072133849384,4.077307017570313,7.576107017570313,HIBRIDO_ANALOGO_CLIM,ANALOGO_ESTADO_V2_HIBRIDO_CLIMATOLOGIA,30,10,1.8090437634072458,OK_ANALOGOS_CONTINUIDAD_CORREGIDA,-0.07560701757031385,0.07560701757031385,0.0,CORREGIDO_ANCLA_OBSERVADO
2026-10-09,TAMSHIYACU,3.0,2026-10-08,2026-12-13,90,66,5.0038441538701885,5.567905304955048,5.0038441538701885,1.9,4.542339575709849,4.206807017570314,7.527807017570314,HIBRIDO_ANALOGO_CLIM,ANALOGO_ESTADO_V2_HIBRIDO_CLIMATOLOGIA,30,10,1.8090437634072458,OK_ANALOGOS_CONTINUIDAD_CORREGIDA,-0.07560701757031385,0.07560701757031385,0.0,CORREGIDO_ANCLA_OBSERVADO
2026-10-09,TAMSHIYACU,3.0,2026-10-08,2026-12-14,90,67,5.025456127128345,5.575156339781565,5.025456127128345,1.9,4.59061864547729,4.323607017570314,7.452007017570313,HIBRIDO_ANALOGO_CLIM,ANALOGO_ESTADO_V2_HIBRIDO_CLIMATOLOGIA,30,10,1.8090437634072458,OK_ANALOGOS_CONTINUIDAD_CORREGIDA,-0.07560701757031385,0.07560701757031385,0.0,CORREGIDO_ANCLA_OBSERVADO
2026-10-09,TAMSHIYACU,3.0,2026-10-08,2026-12-15,90,68,5.04708320604379,5.5921620857828085,5.04708320604379,1.9,4.630258180361011,4.416307017570314,7.360807017570313,HIBRIDO_ANALOGO_CLIM,ANALOGO_ESTADO_V2_HIBRIDO_CLIMATOLOGIA,30,10,1.8090437634072458,OK_ANALOGOS_CONTINUIDAD_CORREGIDA,-0.07560701757031385,0.07560701757031385,0.0,CORREGIDO_ANCLA_OBSERVADO
2026-10-09,TAMSHIYACU,3.0,2026-10-08,2026-12-16,90,69,5.069627320810317,5.63754398278619,5.069627320810317,1.9,4.649862831523802,4.490007017570314,7.258807017570314,HIBRIDO_ANALOGO_CLIM,ANALOGO_ESTADO_V2_HIBRIDO_CLIMATOLOGIA,30,10,1.8090437634072458,OK_ANALOGOS_CONTINUIDAD_CORREGIDA,-0.07560701757031385,0.07560701757031385,0.0,CORREGIDO_ANCLA_OBSERVADO
2026-10-09,TAMSHIYACU,3.0,2026-10-08,2026-12-17,90,70,5.090354379773065,5.692798361275522,5.090354379773065,1.9,4.660037250128454,4.558307017570314,7.166207017570313,HIBRIDO_ANALOGO_CLIM,ANALOGO_ESTADO_V2_HIBRIDO_CLIMATOLOGIA,30,10,1.8090437634072458,OK_ANALOGOS_CONTINUIDAD_CORREGIDA,-0.07560701757031385,0.07560701757031385,0.0,CORREGIDO_ANCLA_OBSERVADO
2026-10-09,TAMSHIYACU,3.0,2026-10-08,2026-12-18,90,71,5.1046988454334015,5.744724877927946,5.1046988454334015,1.9,4.662990738500547,4.684307017570314,6.962007017570314,HIBRIDO_ANALOGO_CLIM,ANALOGO_ESTADO_V2_HIBRIDO_CLIMATOLOGIA,30,10,1.8090437634072458,OK_ANALOGOS_CONTINUIDAD_CORREGIDA,-0.07560701757031385,0.07560701757031385,0.0,CORREGIDO_ANCLA_OBSERVADO
2026-10-09,TAMSHIYACU,3.0,2026-10-08,2026-12-19,90,72,5.115679777267705,5.774288916813794,5.115679777267705,1.9,4.676607017570314,4.708807017570313,6.8143070175703135,HIBRIDO_ANALOGO_CLIM,ANALOGO_ESTADO_V2_HIBRIDO_CLIMATOLOGIA,30,10,1.8090437634072458,OK_ANALOGOS_CONTINUIDAD_CORREGIDA,-0.07560701757031385,0.07560701757031385,0.0,CORREGIDO_ANCLA_OBSERVADO
2026-10-09,TAMSHIYACU,3.0,2026-10-08,2026-12-20,90,73,5.124045289148907,5.797871976177709,5.124045289148907,1.9,4.690211668733104,4.802607017570314,6.909607017570313,HIBRIDO_ANALOGO_CLIM,ANALOGO_ESTADO_V2_HIBRIDO_CLIMATOLOGIA,30,10,1.8090437634072458,OK_ANALOGOS_CONTINUIDAD_CORREGIDA,-0.07560701757031385,0.07560701757031385,0.0,CORREGIDO_ANCLA_OBSERVADO
2026-10-09,TAMSHIYACU,3.0,2026-10-08,2026-12-21,90,74,5.126589241988321,5.795721920501011,5.126589241988321,1.9,4.710641901291244,4.797607017570314,6.9870070175703125,HIBRIDO_ANALOGO_CLIM,ANALOGO_ESTADO_V2_HIBRIDO_CLIMATOLOGIA,30,10,1.8090437634072458,OK_ANALOGOS_CONTINUIDAD_CORREGIDA,-0.07560701757031385,0.07560701757031385,0.0,CORREGIDO_ANCLA_OBSERVADO
2026-10-09,TAMSHIYACU,3.0,2026-10-08,2026-12-22,90,75,5.1339387327546175,5.784724149534661,5.1339387327546175,1.9,4.743467482686593,4.890607017570314,7.009607017570313,HIBRIDO_ANALOGO_CLIM,ANALOGO_ESTADO_V2_HIBRIDO_CLIMATOLOGIA,30,10,1.8090437634072458,OK_ANALOGOS_CONTINUIDAD_CORREGIDA,-0.07560701757031385,0.07560701757031385,0.0,CORREGIDO_ANCLA_OBSERVADO
2026-10-09,TAMSHIYACU,3.0,2026-10-08,2026-12-23,90,76,5.145686200729298,5.764628468469023,5.145686200729298,1.9,4.787351203616825,4.826607017570313,7.094507017570313,HIBRIDO_ANALOGO_CLIM,ANALOGO_ESTADO_V2_HIBRIDO_CLIMATOLOGIA,30,10,1.8090437634072458,OK_ANALOGOS_CONTINUIDAD_CORREGIDA,-0.07560701757031385,0.07560701757031385,0.0,CORREGIDO_ANCLA_OBSERVADO
2026-10-09,TAMSHIYACU,3.0,2026-10-08,2026-12-24,90,77,5.160464091280219,5.744600257344846,5.160464091280219,1.9,4.834258180361012,4.741607017570314,7.1348070175703135,HIBRIDO_ANALOGO_CLIM,ANALOGO_ESTADO_V2_HIBRIDO_CLIMATOLOGIA,30,10,1.8090437634072458,OK_ANALOGOS_CONTINUIDAD_CORREGIDA,-0.07560701757031385,0.07560701757031385,0.0,CORREGIDO_ANCLA_OBSERVADO
2026-10-09,TAMSHIYACU,3.0,2026-10-08,2026-12-25,90,78,5.187677800749135,5.743008590772263,5.187677800749135,1.9,4.888653529198221,4.677607017570314,7.176607017570313,HIBRIDO_ANALOGO_CLIM,ANALOGO_ESTADO_V2_HIBRIDO_CLIMATOLOGIA,30,10,1.8090437634072458,OK_ANALOGOS_CONTINUIDAD_CORREGIDA,-0.07560701757031385,0.07560701757031385,0.0,CORREGIDO_ANCLA_OBSERVADO
2026-10-09,TAMSHIYACU,3.0,2026-10-08,2026-12-26,90,79,5.21532318583401,5.7541092457272445,5.21532318583401,1.9,4.935700040826128,4.605607017570314,7.217607017570313,HIBRIDO_ANALOGO_CLIM,ANALOGO_ESTADO_V2_HIBRIDO_CLIMATOLOGIA,30,10,1.8090437634072458,OK_ANALOGOS_CONTINUIDAD_CORREGIDA,-0.07560701757031385,0.07560701757031385,0.0,CORREGIDO_ANCLA_OBSERVADO
2026-10-09,TAMSHIYACU,3.0,2026-10-08,2026-12-27,90,80,5.20381009781208,5.742960444342124,5.20381009781208,1.9,4.934234924547058,4.548607017570314,7.224007017570313,HIBRIDO_ANALOGO_CLIM,ANALOGO_ESTADO_V2_HIBRIDO_CLIMATOLOGIA,30,10,1.8090437634072458,OK_ANALOGOS_CONTINUIDAD_CORREGIDA,-0.07560701757031385,0.07560701757031385,0.0,CORREGIDO_ANCLA_OBSERVADO
2026-10-09,TAMSHIYACU,3.0,2026-10-08,2026-12-28,90,81,5.248235674226441,5.7307112920757515,5.248235674226441,1.9,5.015932598965662,4.526607017570314,7.254007017570313,HIBRIDO_ANALOGO_CLIM,ANALOGO_ESTADO_V2_HIBRIDO_CLIMATOLOGIA,30,10,1.8090437634072458,OK_ANALOGOS_CONTINUIDAD_CORREGIDA,-0.07560701757031385,0.07560701757031385,0.0,CORREGIDO_ANCLA_OBSERVADO
2026-10-09,TAMSHIYACU,3.0,2026-10-08,2026-12-29,90,82,5.28305140587725,5.7831364200573345,5.28305140587725,1.9,5.051304691988919,4.430607017570313,7.264307017570313,HIBRIDO_ANALOGO_CLIM,ANALOGO_ESTADO_V2_HIBRIDO_CLIMATOLOGIA,30,10,1.8090437634072458,OK_ANALOGOS_CONTINUIDAD_CORREGIDA,-0.07560701757031385,0.07560701757031385,0.0,CORREGIDO_ANCLA_OBSERVADO
2026-10-09,TAMSHIYACU,3.0,2026-10-08,2026-12-30,90,83,5.293698957060126,5.7579957088132,5.293698957060126,1.9,5.0867232966400815,4.3326070175703135,7.261007017570313,HIBRIDO_ANALOGO_CLIM,ANALOGO_ESTADO_V2_HIBRIDO_CLIMATOLOGIA,30,10,1.8090437634072458,OK_ANALOGOS_CONTINUIDAD_CORREGIDA,-0.07560701757031385,0.07560701757031385,0.0,CORREGIDO_ANCLA_OBSERVADO
2026-10-09,TAMSHIYACU,3.0,2026-10-08,2026-12-31,90,84,5.298013807139889,5.727563757996028,5.298013807139889,1.9,5.113920971058686,4.249307017570313,7.266107017570313,HIBRIDO_ANALOGO_CLIM,ANALOGO_ESTADO_V2_HIBRIDO_CLIMATOLOGIA,30,10,1.8090437634072458,OK_ANALOGOS_CONTINUIDAD_CORREGIDA,-0.07560701757031385,0.07560701757031385,0.0,CORREGIDO_ANCLA_OBSERVADO
2026-10-09,TAMSHIYACU,3.0,2026-10-08,2027-01-01,90,85,5.31897518073796,5.691180515777753,5.31897518073796,1.9,5.165714160427457,3.9431070175703136,7.253807017570313,HIBRIDO_ANALOGO_CLIM,ANALOGO_ESTADO_V2_HIBRIDO_CLIMATOLOGIA,30,10,1.8090437634072458,OK_ANALOGOS_CONTINUIDAD_CORREGIDA,-0.07560701757031385,0.07560701757031385,0.0,CORREGIDO_ANCLA_OBSERVADO
2026-10-09,TAMSHIYACU,3.0,2026-10-08,2027-01-02,90,86,5.333862224861789,5.669504247786723,5.333862224861789,1.9,5.201166541379838,3.8001070175703138,7.250807017570313,HIBRIDO_ANALOGO_CLIM,ANALOGO_ESTADO_V2_HIBRIDO_CLIMATOLOGIA,30,10,1.8090437634072458,OK_ANALOGOS_CONTINUIDAD_CORREGIDA,-0.07560701757031385,0.07560701757031385,0.0,CORREGIDO_ANCLA_OBSERVADO
2026-10-09,TAMSHIYACU,3.0,2026-10-08,2027-01-03,90,87,5.35502888049149,5.656906216071562,5.35502888049149,1.9,5.2405236842369805,3.732607017570314,7.275807017570314,HIBRIDO_ANALOGO_CLIM,ANALOGO_ESTADO_V2_HIBRIDO_CLIMATOLOGIA,30,10,1.8090437634072458,OK_ANALOGOS_CONTINUIDAD_CORREGIDA,-0.07560701757031385,0.07560701757031385,0.0,CORREGIDO_ANCLA_OBSERVADO
2026-10-09,TAMSHIYACU,3.0,2026-10-08,2027-01-04,90,88,5.382991288412024,5.656625414179108,5.382991288412024,1.9,5.283487969951266,3.716807017570314,7.282807017570313,HIBRIDO_ANALOGO_CLIM,ANALOGO_ESTADO_V2_HIBRIDO_CLIMATOLOGIA,30,10,1.8090437634072458,OK_ANALOGOS_CONTINUIDAD_CORREGIDA,-0.07560701757031385,0.07560701757031385,0.0,CORREGIDO_ANCLA_OBSERVADO
2026-10-09,TAMSHIYACU,3.0,2026-10-08,2027-01-05,90,89,5.399785300158023,5.692964962456687,5.399785300158023,1.9,5.297666541379838,3.769407017570314,7.268807017570313,HIBRIDO_ANALOGO_CLIM,ANALOGO_ESTADO_V2_HIBRIDO_CLIMATOLOGIA,30,10,1.8090437634072458,OK_ANALOGOS_CONTINUIDAD_CORREGIDA,-0.07560701757031385,0.07560701757031385,0.0,CORREGIDO_ANCLA_OBSERVADO
2026-10-09,TAMSHIYACU,3.0,2026-10-08,2027-01-06,90,90,5.431273670447401,5.740202200507236,5.431273670447401,1.9,5.32829749376079,3.9211070175703138,7.247607017570313,HIBRIDO_ANALOGO_CLIM,ANALOGO_ESTADO_V2_HIBRIDO_CLIMATOLOGIA,30,10,1.8090437634072458,OK_ANALOGOS_CONTINUIDAD_CORREGIDA,-0.07560701757031385,0.07560701757031385,0.0,CORREGIDO_ANCLA_OBSERVADO
2026-10-09,YURIMAGUAS,27.0,2026-10-02,2026-10-03,30,1,129.46,129.57743500855466,129.46,129.46,129.1076949743361,129.21805211719328,130.00805211719327,HIBRIDO_ANALOGO_CLIM,ANALOGO_ESTADO_V2_HIBRIDO_CLIMATOLOGIA,30,10,0.6963969832129369,OK_ANALOGOS_CONTINUIDAD_CORREGIDA,-0.12805211719324916,0.12805211719324916,0.0,CORREGIDO_ANCLA_OBSERVADO
2026-10-09,YURIMAGUAS,27.0,2026-10-02,2026-10-04,30,2,129.62930851437932,129.80079874201277,129.62930851437932,129.46,129.11483783147898,129.16305211719325,130.69405211719325,HIBRIDO_ANALOGO_CLIM,ANALOGO_ESTADO_V2_HIBRIDO_CLIMATOLOGIA,30,10,0.6963969832129369,OK_ANALOGOS_CONTINUIDAD_CORREGIDA,-0.12805211719324916,0.12805211719324916,0.0,CORREGIDO_ANCLA_OBSERVADO
2026-10-09,YURIMAGUAS,27.0,2026-10-02,2026-10-05,30,3,129.6734913517676,129.8491139537686,129.6734913517676,129.46,129.14662354576467,128.94305211719328,130.71305211719329,HIBRIDO_ANALOGO_CLIM,ANALOGO_ESTADO_V2_HIBRIDO_CLIMATOLOGIA,30,10,0.6963969832129369,OK_ANALOGOS_CONTINUIDAD_CORREGIDA,-0.12805211719324916,0.12805211719324916,0.0,CORREGIDO_ANCLA_OBSERVADO
2026-10-09,YURIMAGUAS,27.0,2026-10-02,2026-10-06,30,4,129.6348482634035,129.7063993597593,129.6348482634035,129.46,129.4201949743361,128.52805211719325,130.84305211719325,HIBRIDO_ANALOGO_CLIM,ANALOGO_ESTADO_V2_HIBRIDO_CLIMATOLOGIA,30,10,0.6963969832129369,OK_ANALOGOS_CONTINUIDAD_CORREGIDA,-0.12805211719324916,0.12805211719324916,0.0,CORREGIDO_ANCLA_OBSERVADO
2026-10-09,YURIMAGUAS,27.0,2026-10-02,2026-10-07,30,5,129.63074499770784,129.6973569102603,129.63074499770784,129.46,129.43090926005038,128.48805211719326,131.13805211719327,HIBRIDO_ANALOGO_CLIM,ANALOGO_ESTADO_V2_HIBRIDO_CLIMATOLOGIA,30,10,0.6963969832129369,OK_ANALOGOS_CONTINUIDAD_CORREGIDA,-0.12805211719324916,0.12805211719324916,0.0,CORREGIDO_ANCLA_OBSERVADO
2026-10-09,YURIMAGUAS,27.0,2026-10-02,2026-10-08,30,6,129.51614168717418,129.52455249621545,129.51614168717418,129.46,129.4909092600504,128.40605211719324,130.60005211719326,HIBRIDO_ANALOGO_CLIM,ANALOGO_ESTADO_V2_HIBRIDO_CLIMATOLOGIA,30,10,0.6963969832129369,OK_ANALOGOS_CONTINUIDAD_CORREGIDA,-0.12805211719324916,0.12805211719324916,0.0,CORREGIDO_ANCLA_OBSERVADO
2026-10-09,YURIMAGUAS,27.0,2026-10-02,2026-10-09,30,7,129.64489333619284,129.66622136157366,129.64489333619284,129.46,129.5809092600504,128.37305211719325,131.19005211719326,HIBRIDO_ANALOGO_CLIM,ANALOGO_ESTADO_V2_HIBRIDO_CLIMATOLOGIA,30,10,0.6963969832129369,OK_ANALOGOS_CONTINUIDAD_CORREGIDA,-0.12805211719324916,0.12805211719324916,0.0,CORREGIDO_ANCLA_OBSERVADO
2026-10-09,YURIMAGUAS,27.0,2026-10-02,2026-10-10,30,8,129.60574336312553,129.571759492722,129.60574336312553,129.46,129.7076949743361,128.21305211719326,130.68905211719326,HIBRIDO_ANALOGO_CLIM,ANALOGO_ESTADO_V2_HIBRIDO_CLIMATOLOGIA,30,10,0.6963969832129369,OK_ANALOGOS_CONTINUIDAD_CORREGIDA,-0.12805211719324916,0.12805211719324916,0.0,CORREGIDO_ANCLA_OBSERVADO
2026-10-09,YURIMAGUAS,27.0,2026-10-02,2026-10-11,30,9,129.533221209043,129.435896620612,129.533221209043,129.46,129.8251949743361,127.86305211719325,130.52605211719327,HIBRIDO_ANALOGO_CLIM,ANALOGO_ESTADO_V2_HIBRIDO_CLIMATOLOGIA,30,10,0.6963969832129369,OK_ANALOGOS_CONTINUIDAD_CORREGIDA,-0.12805211719324916,0.12805211719324916,0.0,CORREGIDO_ANCLA_OBSERVADO
2026-10-09,YURIMAGUAS,27.0,2026-10-02,2026-10-12,30,10,129.60847421470663,129.50682919959206,129.60847421470663,129.46,129.9134092600504,128.56805211719325,130.54205211719326,HIBRIDO_ANALOGO_CLIM,ANALOGO_ESTADO_V2_HIBRIDO_CLIMATOLOGIA,30,10,0.6963969832129369,OK_ANALOGOS_CONTINUIDAD_CORREGIDA,-0.12805211719324916,0.12805211719324916,0.0,CORREGIDO_ANCLA_OBSERVADO
2026-10-09,YURIMAGUAS,27.0,2026-10-02,2026-10-13,30,11,129.61490338644634,129.48897285714975,129.61490338644634,129.46,129.9926949743361,128.50305211719325,130.47905211719328,HIBRIDO_ANALOGO_CLIM,ANALOGO_ESTADO_V2_HIBRIDO_CLIMATOLOGIA,30,10,0.6963969832129369,OK_ANALOGOS_CONTINUIDAD_CORREGIDA,-0.12805211719324916,0.12805211719324916,0.0,CORREGIDO_ANCLA_OBSERVADO
2026-10-09,YURIMAGUAS,27.0,2026-10-02,2026-10-14,30,12,129.53231424623863,129.40611590830136,129.53231424623863,129.46,129.9109092600504,128.50805211719324,130.25405211719325,HIBRIDO_ANALOGO_CLIM,ANALOGO_ESTADO_V2_HIBRIDO_CLIMATOLOGIA,30,10,0.6963969832129369,OK_ANALOGOS_CONTINUIDAD_CORREGIDA,-0.12805211719324916,0.12805211719324916,0.0,CORREGIDO_ANCLA_OBSERVADO
2026-10-09,YURIMAGUAS,27.0,2026-10-02,2026-10-15,30,13,129.61195834500006,129.53754613522136,129.61195834500006,129.46,129.8351949743361,128.84505211719326,130.14505211719325,HIBRIDO_ANALOGO_CLIM,ANALOGO_ESTADO_V2_HIBRIDO_CLIMATOLOGIA,30,10,0.6963969832129369,OK_ANALOGOS_CONTINUIDAD_CORREGIDA,-0.12805211719324916,0.12805211719324916,0.0,CORREGIDO_ANCLA_OBSERVADO
2026-10-09,YURIMAGUAS,27.0,2026-10-02,2026-10-16,30,14,129.70555344505328,129.65698245910187,129.70555344505328,129.46,129.85126640290753,128.85005211719326,130.40905211719326,HIBRIDO_ANALOGO_CLIM,ANALOGO_ESTADO_V2_HIBRIDO_CLIMATOLOGIA,30,10,0.6963969832129369,OK_ANALOGOS_CONTINUIDAD_CORREGIDA,-0.12805211719324916,0.12805211719324916,0.0,CORREGIDO_ANCLA_OBSERVADO
2026-10-09,YURIMAGUAS,27.0,2026-10-02,2026-10-17,30,15,129.82300557651467,129.7646567296218,129.82300557651467,129.46,129.99805211719325,128.88805211719324,130.26105211719326,HIBRIDO_ANALOGO_CLIM,ANALOGO_ESTADO_V2_HIBRIDO_CLIMATOLOGIA,30,10,0.6963969832129369,OK_ANALOGOS_CONTINUIDAD_CORREGIDA,-0.12805211719324916,0.12805211719324916,0.0,CORREGIDO_ANCLA_OBSERVADO
2026-10-09,YURIMAGUAS,27.0,2026-10-02,2026-10-18,30,16,129.96657328388437,129.92869938706713,129.96657328388437,129.46,130.0801949743361,128.85105211719326,130.62105211719327,HIBRIDO_ANALOGO_CLIM,ANALOGO_ESTADO_V2_HIBRIDO_CLIMATOLOGIA,30,10,0.6963969832129369,OK_ANALOGOS_CONTINUIDAD_CORREGIDA,-0.12805211719324916,0.12805211719324916,0.0,CORREGIDO_ANCLA_OBSERVADO
2026-10-09,YURIMAGUAS,27.0,2026-10-02,2026-10-19,30,17,130.0724651203895,130.06631707383588,130.0724651203895,129.46,130.09090926005038,128.72305211719328,130.78405211719326,HIBRIDO_ANALOGO_CLIM,ANALOGO_ESTADO_V2_HIBRIDO_CLIMATOLOGIA,30,10,0.6963969832129369,OK_ANALOGOS_CONTINUIDAD_CORREGIDA,-0.12805211719324916,0.12805211719324916,0.0,CORREGIDO_ANCLA_OBSERVADO
2026-10-09,YURIMAGUAS,27.0,2026-10-02,2026-10-20,30,18,130.17953789510167,130.20741410678542,130.17953789510167,129.46,130.09590926005038,128.97805211719324,131.09805211719325,HIBRIDO_ANALOGO_CLIM,ANALOGO_ESTADO_V2_HIBRIDO_CLIMATOLOGIA,30,10,0.6963969832129369,OK_ANALOGOS_CONTINUIDAD_CORREGIDA,-0.12805211719324916,0.12805211719324916,0.0,CORREGIDO_ANCLA_OBSERVADO
2026-10-09,YURIMAGUAS,27.0,2026-10-02,2026-10-21,30,19,130.0430915912728,130.02119998739454,130.0430915912728,129.46,130.10876640290755,129.04805211719324,130.95805211719326,HIBRIDO_ANALOGO_CLIM,ANALOGO_ESTADO_V2_HIBRIDO_CLIMATOLOGIA,30,10,0.6963969832129369,OK_ANALOGOS_CONTINUIDAD_CORREGIDA,-0.12805211719324916,0.12805211719324916,0.0,CORREGIDO_ANCLA_OBSERVADO
2026-10-09,YURIMAGUAS,27.0,2026-10-02,2026-10-22,30,20,130.01098466825044,129.9672002805076,130.01098466825044,129.46,130.14233783147895,129.44305211719325,131.22205211719327,HIBRIDO_ANALOGO_CLIM,ANALOGO_ESTADO_V2_HIBRIDO_CLIMATOLOGIA,30,10,0.6963969832129369,OK_ANALOGOS_CONTINUIDAD_CORREGIDA,-0.12805211719324916,0.12805211719324916,0.0,CORREGIDO_ANCLA_OBSERVADO
2026-10-09,YURIMAGUAS,27.0,2026-10-02,2026-10-23,30,21,129.85182551248445,129.773440453772,129.85182551248445,129.46,130.08698068862182,129.12805211719325,130.55105211719325,HIBRIDO_ANALOGO_CLIM,ANALOGO_ESTADO_V2_HIBRIDO_CLIMATOLOGIA,30,10,0.6963969832129369,OK_ANALOGOS_CONTINUIDAD_CORREGIDA,-0.12805211719324916,0.12805211719324916,0.0,CORREGIDO_ANCLA_OBSERVADO
2026-10-09,YURIMAGUAS,27.0,2026-10-02,2026-10-24,30,22,129.89495776537848,129.81392631477357,129.89495776537848,129.46,130.13805211719324,128.88805211719327,130.62105211719327,HIBRIDO_ANALOGO_CLIM,ANALOGO_ESTADO_V2_HIBRIDO_CLIMATOLOGIA,30,10,0.6963969832129369,OK_ANALOGOS_CONTINUIDAD_CORREGIDA,-0.12805211719324916,0.12805211719324916,0.0,CORREGIDO_ANCLA_OBSERVADO
2026-10-09,YURIMAGUAS,27.0,2026-10-02,2026-10-25,30,23,129.94033991029266,129.79836441275438,129.94033991029266,129.46,130.36626640290754,128.51305211719324,130.81305211719325,HIBRIDO_ANALOGO_CLIM,ANALOGO_ESTADO_V2_HIBRIDO_CLIMATOLOGIA,30,10,0.6963969832129369,OK_ANALOGOS_CONTINUIDAD_CORREGIDA,-0.12805211719324916,0.12805211719324916,0.0,CORREGIDO_ANCLA_OBSERVADO
2026-10-09,YURIMAGUAS,27.0,2026-10-02,2026-10-26,30,24,130.10036848309855,129.98411679554317,130.10036848309855,129.46,130.44912354576468,128.58805211719326,130.81205211719325,HIBRIDO_ANALOGO_CLIM,ANALOGO_ESTADO_V2_HIBRIDO_CLIMATOLOGIA,30,10,0.6963969832129369,OK_ANALOGOS_CONTINUIDAD_CORREGIDA,-0.12805211719324916,0.12805211719324916,0.0,CORREGIDO_ANCLA_OBSERVADO
2026-10-09,YURIMAGUAS,27.0,2026-10-02,2026-10-27,30,25,130.22177607072626,130.11646976952298,130.22177607072626,129.46,130.53769497433612,128.52305211719326,130.89905211719326,HIBRIDO_ANALOGO_CLIM,ANALOGO_ESTADO_V2_HIBRIDO_CLIMATOLOGIA,30,10,0.6963969832129369,OK_ANALOGOS_CONTINUIDAD_CORREGIDA,-0.12805211719324916,0.12805211719324916,0.0,CORREGIDO_ANCLA_OBSERVADO
2026-10-09,YURIMAGUAS,27.0,2026-10-02,2026-10-28,30,26,130.30699328996457,130.2334260618407,130.30699328996457,129.46,130.5276949743361,128.52805211719325,131.58805211719326,HIBRIDO_ANALOGO_CLIM,ANALOGO_ESTADO_V2_HIBRIDO_CLIMATOLOGIA,30,10,0.6963969832129369,OK_ANALOGOS_CONTINUIDAD_CORREGIDA,-0.12805211719324916,0.12805211719324916,0.0,CORREGIDO_ANCLA_OBSERVADO
2026-10-09,YURIMAGUAS,27.0,2026-10-02,2026-10-29,30,27,130.44402383212054,130.41601440376297,130.44402383212054,129.46,130.52805211719325,128.83205211719323,132.12005211719327,HIBRIDO_ANALOGO_CLIM,ANALOGO_ESTADO_V2_HIBRIDO_CLIMATOLOGIA,30,10,0.6963969832129369,OK_ANALOGOS_CONTINUIDAD_CORREGIDA,-0.12805211719324916,0.12805211719324916,0.0,CORREGIDO_ANCLA_OBSERVADO
2026-10-09,YURIMAGUAS,27.0,2026-10-02,2026-10-30,30,28,130.473497976672,130.40864659649827,130.473497976672,129.46,130.66805211719324,128.93605211719327,131.89905211719324,HIBRIDO_ANALOGO_CLIM,ANALOGO_ESTADO_V2_HIBRIDO_CLIMATOLOGIA,30,10,0.6963969832129369,OK_ANALOGOS_CONTINUIDAD_CORREGIDA,-0.12805211719324916,0.12805211719324916,0.0,CORREGIDO_ANCLA_OBSERVADO
2026-10-09,YURIMAGUAS,27.0,2026-10-02,2026-10-31,30,29,130.4037251684178,130.28668761406408,130.4037251684178,129.46,130.75483783147897,128.92805211719326,131.42005211719325,HIBRIDO_ANALOGO_CLIM,ANALOGO_ESTADO_V2_HIBRIDO_CLIMATOLOGIA,30,10,0.6963969832129369,OK_ANALOGOS_CONTINUIDAD_CORREGIDA,-0.12805211719324916,0.12805211719324916,0.0,CORREGIDO_ANCLA_OBSERVADO
2026-10-09,YURIMAGUAS,27.0,2026-10-02,2026-11-01,30,30,130.37697591706512,130.26756956464143,130.37697591706512,129.46,130.7051949743361,128.83305211719326,131.51805211719324,HIBRIDO_ANALOGO_CLIM,ANALOGO_ESTADO_V2_HIBRIDO_CLIMATOLOGIA,30,10,0.6963969832129369,OK_ANALOGOS_CONTINUIDAD_CORREGIDA,-0.12805211719324916,0.12805211719324916,0.0,CORREGIDO_ANCLA_OBSERVADO
2026-10-09,YURIMAGUAS,27.0,2026-10-02,2026-10-03,60,1,129.46,129.57743500855466,129.46,129.46,129.1076949743361,129.21805211719328,130.00805211719327,HIBRIDO_ANALOGO_CLIM,ANALOGO_ESTADO_V2_HIBRIDO_CLIMATOLOGIA,30,10,0.6963969832129369,OK_ANALOGOS_CONTINUIDAD_CORREGIDA,-0.12805211719324916,0.12805211719324916,0.0,CORREGIDO_ANCLA_OBSERVADO
2026-10-09,YURIMAGUAS,27.0,2026-10-02,2026-10-04,60,2,129.62930851437932,129.80079874201277,129.62930851437932,129.46,129.11483783147898,129.16305211719325,130.69405211719325,HIBRIDO_ANALOGO_CLIM,ANALOGO_ESTADO_V2_HIBRIDO_CLIMATOLOGIA,30,10,0.6963969832129369,OK_ANALOGOS_CONTINUIDAD_CORREGIDA,-0.12805211719324916,0.12805211719324916,0.0,CORREGIDO_ANCLA_OBSERVADO
2026-10-09,YURIMAGUAS,27.0,2026-10-02,2026-10-05,60,3,129.6734913517676,129.8491139537686,129.6734913517676,129.46,129.14662354576467,128.94305211719328,130.71305211719329,HIBRIDO_ANALOGO_CLIM,ANALOGO_ESTADO_V2_HIBRIDO_CLIMATOLOGIA,30,10,0.6963969832129369,OK_ANALOGOS_CONTINUIDAD_CORREGIDA,-0.12805211719324916,0.12805211719324916,0.0,CORREGIDO_ANCLA_OBSERVADO
2026-10-09,YURIMAGUAS,27.0,2026-10-02,2026-10-06,60,4,129.6348482634035,129.7063993597593,129.6348482634035,129.46,129.4201949743361,128.52805211719325,130.84305211719325,HIBRIDO_ANALOGO_CLIM,ANALOGO_ESTADO_V2_HIBRIDO_CLIMATOLOGIA,30,10,0.6963969832129369,OK_ANALOGOS_CONTINUIDAD_CORREGIDA,-0.12805211719324916,0.12805211719324916,0.0,CORREGIDO_ANCLA_OBSERVADO
2026-10-09,YURIMAGUAS,27.0,2026-10-02,2026-10-07,60,5,129.63074499770784,129.6973569102603,129.63074499770784,129.46,129.43090926005038,128.48805211719326,131.13805211719327,HIBRIDO_ANALOGO_CLIM,ANALOGO_ESTADO_V2_HIBRIDO_CLIMATOLOGIA,30,10,0.6963969832129369,OK_ANALOGOS_CONTINUIDAD_CORREGIDA,-0.12805211719324916,0.12805211719324916,0.0,CORREGIDO_ANCLA_OBSERVADO
2026-10-09,YURIMAGUAS,27.0,2026-10-02,2026-10-08,60,6,129.51614168717418,129.52455249621545,129.51614168717418,129.46,129.4909092600504,128.40605211719324,130.60005211719326,HIBRIDO_ANALOGO_CLIM,ANALOGO_ESTADO_V2_HIBRIDO_CLIMATOLOGIA,30,10,0.6963969832129369,OK_ANALOGOS_CONTINUIDAD_CORREGIDA,-0.12805211719324916,0.12805211719324916,0.0,CORREGIDO_ANCLA_OBSERVADO
2026-10-09,YURIMAGUAS,27.0,2026-10-02,2026-10-09,60,7,129.64489333619284,129.66622136157366,129.64489333619284,129.46,129.5809092600504,128.37305211719325,131.19005211719326,HIBRIDO_ANALOGO_CLIM,ANALOGO_ESTADO_V2_HIBRIDO_CLIMATOLOGIA,30,10,0.6963969832129369,OK_ANALOGOS_CONTINUIDAD_CORREGIDA,-0.12805211719324916,0.12805211719324916,0.0,CORREGIDO_ANCLA_OBSERVADO
2026-10-09,YURIMAGUAS,27.0,2026-10-02,2026-10-10,60,8,129.60574336312553,129.571759492722,129.60574336312553,129.46,129.7076949743361,128.21305211719326,130.68905211719326,HIBRIDO_ANALOGO_CLIM,ANALOGO_ESTADO_V2_HIBRIDO_CLIMATOLOGIA,30,10,0.6963969832129369,OK_ANALOGOS_CONTINUIDAD_CORREGIDA,-0.12805211719324916,0.12805211719324916,0.0,CORREGIDO_ANCLA_OBSERVADO
2026-10-09,YURIMAGUAS,27.0,2026-10-02,2026-10-11,60,9,129.533221209043,129.435896620612,129.533221209043,129.46,129.8251949743361,127.86305211719325,130.52605211719327,HIBRIDO_ANALOGO_CLIM,ANALOGO_ESTADO_V2_HIBRIDO_CLIMATOLOGIA,30,10,0.6963969832129369,OK_ANALOGOS_CONTINUIDAD_CORREGIDA,-0.12805211719324916,0.12805211719324916,0.0,CORREGIDO_ANCLA_OBSERVADO
2026-10-09,YURIMAGUAS,27.0,2026-10-02,2026-10-12,60,10,129.60847421470663,129.50682919959206,129.60847421470663,129.46,129.9134092600504,128.56805211719325,130.54205211719326,HIBRIDO_ANALOGO_CLIM,ANALOGO_ESTADO_V2_HIBRIDO_CLIMATOLOGIA,30,10,0.6963969832129369,OK_ANALOGOS_CONTINUIDAD_CORREGIDA,-0.12805211719324916,0.12805211719324916,0.0,CORREGIDO_ANCLA_OBSERVADO
2026-10-09,YURIMAGUAS,27.0,2026-10-02,2026-10-13,60,11,129.61490338644634,129.48897285714975,129.61490338644634,129.46,129.9926949743361,128.50305211719325,130.47905211719328,HIBRIDO_ANALOGO_CLIM,ANALOGO_ESTADO_V2_HIBRIDO_CLIMATOLOGIA,30,10,0.6963969832129369,OK_ANALOGOS_CONTINUIDAD_CORREGIDA,-0.12805211719324916,0.12805211719324916,0.0,CORREGIDO_ANCLA_OBSERVADO
2026-10-09,YURIMAGUAS,27.0,2026-10-02,2026-10-14,60,12,129.53231424623863,129.40611590830136,129.53231424623863,129.46,129.9109092600504,128.50805211719324,130.25405211719325,HIBRIDO_ANALOGO_CLIM,ANALOGO_ESTADO_V2_HIBRIDO_CLIMATOLOGIA,30,10,0.6963969832129369,OK_ANALOGOS_CONTINUIDAD_CORREGIDA,-0.12805211719324916,0.12805211719324916,0.0,CORREGIDO_ANCLA_OBSERVADO
2026-10-09,YURIMAGUAS,27.0,2026-10-02,2026-10-15,60,13,129.61195834500006,129.53754613522136,129.61195834500006,129.46,129.8351949743361,128.84505211719326,130.14505211719325,HIBRIDO_ANALOGO_CLIM,ANALOGO_ESTADO_V2_HIBRIDO_CLIMATOLOGIA,30,10,0.6963969832129369,OK_ANALOGOS_CONTINUIDAD_CORREGIDA,-0.12805211719324916,0.12805211719324916,0.0,CORREGIDO_ANCLA_OBSERVADO
2026-10-09,YURIMAGUAS,27.0,2026-10-02,2026-10-16,60,14,129.70555344505328,129.65698245910187,129.70555344505328,129.46,129.85126640290753,128.85005211719326,130.40905211719326,HIBRIDO_ANALOGO_CLIM,ANALOGO_ESTADO_V2_HIBRIDO_CLIMATOLOGIA,30,10,0.6963969832129369,OK_ANALOGOS_CONTINUIDAD_CORREGIDA,-0.12805211719324916,0.12805211719324916,0.0,CORREGIDO_ANCLA_OBSERVADO
2026-10-09,YURIMAGUAS,27.0,2026-10-02,2026-10-17,60,15,129.82300557651467,129.7646567296218,129.82300557651467,129.46,129.99805211719325,128.88805211719324,130.26105211719326,HIBRIDO_ANALOGO_CLIM,ANALOGO_ESTADO_V2_HIBRIDO_CLIMATOLOGIA,30,10,0.6963969832129369,OK_ANALOGOS_CONTINUIDAD_CORREGIDA,-0.12805211719324916,0.12805211719324916,0.0,CORREGIDO_ANCLA_OBSERVADO
2026-10-09,YURIMAGUAS,27.0,2026-10-02,2026-10-18,60,16,129.96657328388437,129.92869938706713,129.96657328388437,129.46,130.0801949743361,128.85105211719326,130.62105211719327,HIBRIDO_ANALOGO_CLIM,ANALOGO_ESTADO_V2_HIBRIDO_CLIMATOLOGIA,30,10,0.6963969832129369,OK_ANALOGOS_CONTINUIDAD_CORREGIDA,-0.12805211719324916,0.12805211719324916,0.0,CORREGIDO_ANCLA_OBSERVADO
2026-10-09,YURIMAGUAS,27.0,2026-10-02,2026-10-19,60,17,130.0724651203895,130.06631707383588,130.0724651203895,129.46,130.09090926005038,128.72305211719328,130.78405211719326,HIBRIDO_ANALOGO_CLIM,ANALOGO_ESTADO_V2_HIBRIDO_CLIMATOLOGIA,30,10,0.6963969832129369,OK_ANALOGOS_CONTINUIDAD_CORREGIDA,-0.12805211719324916,0.12805211719324916,0.0,CORREGIDO_ANCLA_OBSERVADO
2026-10-09,YURIMAGUAS,27.0,2026-10-02,2026-10-20,60,18,130.17953789510167,130.20741410678542,130.17953789510167,129.46,130.09590926005038,128.97805211719324,131.09805211719325,HIBRIDO_ANALOGO_CLIM,ANALOGO_ESTADO_V2_HIBRIDO_CLIMATOLOGIA,30,10,0.6963969832129369,OK_ANALOGOS_CONTINUIDAD_CORREGIDA,-0.12805211719324916,0.12805211719324916,0.0,CORREGIDO_ANCLA_OBSERVADO
2026-10-09,YURIMAGUAS,27.0,2026-10-02,2026-10-21,60,19,130.0430915912728,130.02119998739454,130.0430915912728,129.46,130.10876640290755,129.04805211719324,130.95805211719326,HIBRIDO_ANALOGO_CLIM,ANALOGO_ESTADO_V2_HIBRIDO_CLIMATOLOGIA,30,10,0.6963969832129369,OK_ANALOGOS_CONTINUIDAD_CORREGIDA,-0.12805211719324916,0.12805211719324916,0.0,CORREGIDO_ANCLA_OBSERVADO
2026-10-09,YURIMAGUAS,27.0,2026-10-02,2026-10-22,60,20,130.01098466825044,129.9672002805076,130.01098466825044,129.46,130.14233783147895,129.44305211719325,131.22205211719327,HIBRIDO_ANALOGO_CLIM,ANALOGO_ESTADO_V2_HIBRIDO_CLIMATOLOGIA,30,10,0.6963969832129369,OK_ANALOGOS_CONTINUIDAD_CORREGIDA,-0.12805211719324916,0.12805211719324916,0.0,CORREGIDO_ANCLA_OBSERVADO
2026-10-09,YURIMAGUAS,27.0,2026-10-02,2026-10-23,60,21,129.85182551248445,129.773440453772,129.85182551248445,129.46,130.08698068862182,129.12805211719325,130.55105211719325,HIBRIDO_ANALOGO_CLIM,ANALOGO_ESTADO_V2_HIBRIDO_CLIMATOLOGIA,30,10,0.6963969832129369,OK_ANALOGOS_CONTINUIDAD_CORREGIDA,-0.12805211719324916,0.12805211719324916,0.0,CORREGIDO_ANCLA_OBSERVADO
2026-10-09,YURIMAGUAS,27.0,2026-10-02,2026-10-24,60,22,129.89495776537848,129.81392631477357,129.89495776537848,129.46,130.13805211719324,128.88805211719327,130.62105211719327,HIBRIDO_ANALOGO_CLIM,ANALOGO_ESTADO_V2_HIBRIDO_CLIMATOLOGIA,30,10,0.6963969832129369,OK_ANALOGOS_CONTINUIDAD_CORREGIDA,-0.12805211719324916,0.12805211719324916,0.0,CORREGIDO_ANCLA_OBSERVADO
2026-10-09,YURIMAGUAS,27.0,2026-10-02,2026-10-25,60,23,129.94033991029266,129.79836441275438,129.94033991029266,129.46,130.36626640290754,128.51305211719324,130.81305211719325,HIBRIDO_ANALOGO_CLIM,ANALOGO_ESTADO_V2_HIBRIDO_CLIMATOLOGIA,30,10,0.6963969832129369,OK_ANALOGOS_CONTINUIDAD_CORREGIDA,-0.12805211719324916,0.12805211719324916,0.0,CORREGIDO_ANCLA_OBSERVADO
2026-10-09,YURIMAGUAS,27.0,2026-10-02,2026-10-26,60,24,130.10036848309855,129.98411679554317,130.10036848309855,129.46,130.44912354576468,128.58805211719326,130.81205211719325,HIBRIDO_ANALOGO_CLIM,ANALOGO_ESTADO_V2_HIBRIDO_CLIMATOLOGIA,30,10,0.6963969832129369,OK_ANALOGOS_CONTINUIDAD_CORREGIDA,-0.12805211719324916,0.12805211719324916,0.0,CORREGIDO_ANCLA_OBSERVADO
2026-10-09,YURIMAGUAS,27.0,2026-10-02,2026-10-27,60,25,130.22177607072626,130.11646976952298,130.22177607072626,129.46,130.53769497433612,128.52305211719326,130.89905211719326,HIBRIDO_ANALOGO_CLIM,ANALOGO_ESTADO_V2_HIBRIDO_CLIMATOLOGIA,30,10,0.6963969832129369,OK_ANALOGOS_CONTINUIDAD_CORREGIDA,-0.12805211719324916,0.12805211719324916,0.0,CORREGIDO_ANCLA_OBSERVADO
2026-10-09,YURIMAGUAS,27.0,2026-10-02,2026-10-28,60,26,130.30699328996457,130.2334260618407,130.30699328996457,129.46,130.5276949743361,128.52805211719325,131.58805211719326,HIBRIDO_ANALOGO_CLIM,ANALOGO_ESTADO_V2_HIBRIDO_CLIMATOLOGIA,30,10,0.6963969832129369,OK_ANALOGOS_CONTINUIDAD_CORREGIDA,-0.12805211719324916,0.12805211719324916,0.0,CORREGIDO_ANCLA_OBSERVADO
2026-10-09,YURIMAGUAS,27.0,2026-10-02,2026-10-29,60,27,130.44402383212054,130.41601440376297,130.44402383212054,129.46,130.52805211719325,128.83205211719323,132.12005211719327,HIBRIDO_ANALOGO_CLIM,ANALOGO_ESTADO_V2_HIBRIDO_CLIMATOLOGIA,30,10,0.6963969832129369,OK_ANALOGOS_CONTINUIDAD_CORREGIDA,-0.12805211719324916,0.12805211719324916,0.0,CORREGIDO_ANCLA_OBSERVADO
2026-10-09,YURIMAGUAS,27.0,2026-10-02,2026-10-30,60,28,130.473497976672,130.40864659649827,130.473497976672,129.46,130.66805211719324,128.93605211719327,131.89905211719324,HIBRIDO_ANALOGO_CLIM,ANALOGO_ESTADO_V2_HIBRIDO_CLIMATOLOGIA,30,10,0.6963969832129369,OK_ANALOGOS_CONTINUIDAD_CORREGIDA,-0.12805211719324916,0.12805211719324916,0.0,CORREGIDO_ANCLA_OBSERVADO
2026-10-09,YURIMAGUAS,27.0,2026-10-02,2026-10-31,60,29,130.4037251684178,130.28668761406408,130.4037251684178,129.46,130.75483783147897,128.92805211719326,131.42005211719325,HIBRIDO_ANALOGO_CLIM,ANALOGO_ESTADO_V2_HIBRIDO_CLIMATOLOGIA,30,10,0.6963969832129369,OK_ANALOGOS_CONTINUIDAD_CORREGIDA,-0.12805211719324916,0.12805211719324916,0.0,CORREGIDO_ANCLA_OBSERVADO
2026-10-09,YURIMAGUAS,27.0,2026-10-02,2026-11-01,60,30,130.37697591706512,130.26756956464143,130.37697591706512,129.46,130.7051949743361,128.83305211719326,131.51805211719324,HIBRIDO_ANALOGO_CLIM,ANALOGO_ESTADO_V2_HIBRIDO_CLIMATOLOGIA,30,10,0.6963969832129369,OK_ANALOGOS_CONTINUIDAD_CORREGIDA,-0.12805211719324916,0.12805211719324916,0.0,CORREGIDO_ANCLA_OBSERVADO
2026-10-09,YURIMAGUAS,27.0,2026-10-02,2026-11-02,60,31,130.4060668287053,130.3207846335177,130.4060668287053,129.46,130.65090926005038,128.81805211719325,131.48005211719325,HIBRIDO_ANALOGO_CLIM,ANALOGO_ESTADO_V2_HIBRIDO_CLIMATOLOGIA,30,10,0.6963969832129369,OK_ANALOGOS_CONTINUIDAD_CORREGIDA,-0.12805211719324916,0.12805211719324916,0.0,CORREGIDO_ANCLA_OBSERVADO
2026-10-09,YURIMAGUAS,27.0,2026-10-02,2026-11-03,60,32,130.66232531105604,130.63037270622692,130.66232531105604,129.46,130.7501949743361,129.38805211719324,132.11505211719327,HIBRIDO_ANALOGO_CLIM,ANALOGO_ESTADO_V2_HIBRIDO_CLIMATOLOGIA,30,10,0.6963969832129369,OK_ANALOGOS_CONTINUIDAD_CORREGIDA,-0.12805211719324916,0.12805211719324916,0.0,CORREGIDO_ANCLA_OBSERVADO
2026-10-09,YURIMAGUAS,27.0,2026-10-02,2026-11-04,60,33,130.72479398801485,130.66192021487822,130.72479398801485,129.46,130.89055211719324,129.41605211719326,132.57305211719327,HIBRIDO_ANALOGO_CLIM,ANALOGO_ESTADO_V2_HIBRIDO_CLIMATOLOGIA,30,10,0.6963969832129369,OK_ANALOGOS_CONTINUIDAD_CORREGIDA,-0.12805211719324916,0.12805211719324916,0.0,CORREGIDO_ANCLA_OBSERVADO
2026-10-09,YURIMAGUAS,27.0,2026-10-02,2026-11-05,60,34,130.59853051313218,130.50270635737382,130.59853051313218,129.46,130.84090926005038,129.30805211719326,132.41805211719327,HIBRIDO_ANALOGO_CLIM,ANALOGO_ESTADO_V2_HIBRIDO_CLIMATOLOGIA,30,10,0.6963969832129369,OK_ANALOGOS_CONTINUIDAD_CORREGIDA,-0.12805211719324916,0.12805211719324916,0.0,CORREGIDO_ANCLA_OBSERVADO
2026-10-09,YURIMAGUAS,27.0,2026-10-02,2026-11-06,60,35,130.5018098449834,130.3708571446617,130.5018098449834,129.46,130.81983783147896,129.09305211719328,131.90505211719326,HIBRIDO_ANALOGO_CLIM,ANALOGO_ESTADO_V2_HIBRIDO_CLIMATOLOGIA,30,10,0.6963969832129369,OK_ANALOGOS_CONTINUIDAD_CORREGIDA,-0.12805211719324916,0.12805211719324916,0.0,CORREGIDO_ANCLA_OBSERVADO
2026-10-09,YURIMAGUAS,27.0,2026-10-02,2026-11-07,60,36,130.63512253091963,130.51478536129216,130.63512253091963,129.46,130.9159092600504,129.07005211719326,131.38805211719327,HIBRIDO_ANALOGO_CLIM,ANALOGO_ESTADO_V2_HIBRIDO_CLIMATOLOGIA,30,10,0.6963969832129369,OK_ANALOGOS_CONTINUIDAD_CORREGIDA,-0.12805211719324916,0.12805211719324916,0.0,CORREGIDO_ANCLA_OBSERVADO
2026-10-09,YURIMAGUAS,27.0,2026-10-02,2026-11-08,60,37,130.70988810400524,130.60546989502814,130.70988810400524,129.46,130.94412354576468,129.30805211719326,131.39005211719328,HIBRIDO_ANALOGO_CLIM,ANALOGO_ESTADO_V2_HIBRIDO_CLIMATOLOGIA,30,10,0.6963969832129369,OK_ANALOGOS_CONTINUIDAD_CORREGIDA,-0.12805211719324916,0.12805211719324916,0.0,CORREGIDO_ANCLA_OBSERVADO
2026-10-09,YURIMAGUAS,27.0,2026-10-02,2026-11-09,60,38,130.8894078988349,130.82333758161656,130.8894078988349,129.46,131.03198068862181,129.68805211719328,131.73705211719326,HIBRIDO_ANALOGO_CLIM,ANALOGO_ESTADO_V2_HIBRIDO_CLIMATOLOGIA,30,10,0.6963969832129369,OK_ANALOGOS_CONTINUIDAD_CORREGIDA,-0.12805211719324916,0.12805211719324916,0.0,CORREGIDO_ANCLA_OBSERVADO
2026-10-09,YURIMAGUAS,27.0,2026-10-02,2026-11-10,60,39,131.01018986574508,130.98628528965097,131.01018986574508,129.46,131.05983783147897,129.86305211719323,132.75405211719325,HIBRIDO_ANALOGO_CLIM,ANALOGO_ESTADO_V2_HIBRIDO_CLIMATOLOGIA,30,10,0.6963969832129369,OK_ANALOGOS_CONTINUIDAD_CORREGIDA,-0.12805211719324916,0.12805211719324916,0.0,CORREGIDO_ANCLA_OBSERVADO
2026-10-09,YURIMAGUAS,27.0,2026-10-02,2026-11-11,60,40,130.99293981781176,131.04127652526387,130.99293981781176,129.46,130.89626640290754,129.87805211719325,132.71905211719323,HIBRIDO_ANALOGO_CLIM,ANALOGO_ESTADO_V2_HIBRIDO_CLIMATOLOGIA,30,10,0.6963969832129369,OK_ANALOGOS_CONTINUIDAD_CORREGIDA,-0.12805211719324916,0.12805211719324916,0.0,CORREGIDO_ANCLA_OBSERVADO
2026-10-09,YURIMAGUAS,27.0,2026-10-02,2026-11-12,60,41,131.04934997913162,131.16568358921535,131.04934997913162,129.46,130.8251949743361,130.15805211719328,132.83805211719326,HIBRIDO_ANALOGO_CLIM,ANALOGO_ESTADO_V2_HIBRIDO_CLIMATOLOGIA,30,10,0.6963969832129369,OK_ANALOGOS_CONTINUIDAD_CORREGIDA,-0.12805211719324916,0.12805211719324916,0.0,CORREGIDO_ANCLA_OBSERVADO
2026-10-09,YURIMAGUAS,27.0,2026-10-02,2026-11-13,60,42,130.9201500880124,130.98127976460736,130.9201500880124,129.46,130.80662354576467,129.66105211719326,132.75405211719323,HIBRIDO_ANALOGO_CLIM,ANALOGO_ESTADO_V2_HIBRIDO_CLIMATOLOGIA,30,10,0.6963969832129369,OK_ANALOGOS_CONTINUIDAD_CORREGIDA,-0.12805211719324916,0.12805211719324916,0.0,CORREGIDO_ANCLA_OBSERVADO
2026-10-09,YURIMAGUAS,27.0,2026-10-02,2026-11-14,60,43,130.81692115632788,130.77101592586317,130.81692115632788,129.46,130.8991235457647,129.56805211719325,132.84505211719326,HIBRIDO_ANALOGO_CLIM,ANALOGO_ESTADO_V2_HIBRIDO_CLIMATOLOGIA,30,10,0.6963969832129369,OK_ANALOGOS_CONTINUIDAD_CORREGIDA,-0.12805211719324916,0.12805211719324916,0.0,CORREGIDO_ANCLA_OBSERVADO
2026-10-09,YURIMAGUAS,27.0,2026-10-02,2026-11-15,60,44,130.8613049929372,130.70108297363106,130.8613049929372,129.46,131.13805211719327,129.39805211719326,133.10305211719324,HIBRIDO_ANALOGO_CLIM,ANALOGO_ESTADO_V2_HIBRIDO_CLIMATOLOGIA,30,10,0.6963969832129369,OK_ANALOGOS_CONTINUIDAD_CORREGIDA,-0.12805211719324916,0.12805211719324916,0.0,CORREGIDO_ANCLA_OBSERVADO
2026-10-09,YURIMAGUAS,27.0,2026-10-02,2026-11-16,60,45,130.90881861162228,130.7312070797083,130.90881861162228,129.46,131.20483783147895,129.51005211719325,133.06705211719327,HIBRIDO_ANALOGO_CLIM,ANALOGO_ESTADO_V2_HIBRIDO_CLIMATOLOGIA,30,10,0.6963969832129369,OK_ANALOGOS_CONTINUIDAD_CORREGIDA,-0.12805211719324916,0.12805211719324916,0.0,CORREGIDO_ANCLA_OBSERVADO
2026-10-09,YURIMAGUAS,27.0,2026-10-02,2026-11-17,60,46,130.97647383349502,130.82075335598378,130.97647383349502,129.46,131.2269806886218,129.62305211719325,132.78005211719326,HIBRIDO_ANALOGO_CLIM,ANALOGO_ESTADO_V2_HIBRIDO_CLIMATOLOGIA,30,10,0.6963969832129369,OK_ANALOGOS_CONTINUIDAD_CORREGIDA,-0.12805211719324916,0.12805211719324916,0.0,CORREGIDO_ANCLA_OBSERVADO
2026-10-09,YURIMAGUAS,27.0,2026-10-02,2026-11-18,60,47,130.94946118130323,130.7740034163173,130.94946118130323,129.46,131.2219806886218,129.5230521171933,132.47105211719327,HIBRIDO_ANALOGO_CLIM,ANALOGO_ESTADO_V2_HIBRIDO_CLIMATOLOGIA,30,10,0.6963969832129369,OK_ANALOGOS_CONTINUIDAD_CORREGIDA,-0.12805211719324916,0.12805211719324916,0.0,CORREGIDO_ANCLA_OBSERVADO
2026-10-09,YURIMAGUAS,27.0,2026-10-02,2026-11-19,60,48,130.88407611673912,130.69833021167446,130.88407611673912,129.46,131.16269497433612,129.13305211719327,132.44805211719327,HIBRIDO_ANALOGO_CLIM,ANALOGO_ESTADO_V2_HIBRIDO_CLIMATOLOGIA,30,10,0.6963969832129369,OK_ANALOGOS_CONTINUIDAD_CORREGIDA,-0.12805211719324916,0.12805211719324916,0.0,CORREGIDO_ANCLA_OBSERVADO
2026-10-09,YURIMAGUAS,27.0,2026-10-02,2026-11-20,60,49,130.93580170306737,130.78488240317768,130.93580170306737,129.46,131.15448068862182,129.47605211719326,132.43905211719326,HIBRIDO_ANALOGO_CLIM,ANALOGO_ESTADO_V2_HIBRIDO_CLIMATOLOGIA,30,10,0.6963969832129369,OK_ANALOGOS_CONTINUIDAD_CORREGIDA,-0.12805211719324916,0.12805211719324916,0.0,CORREGIDO_ANCLA_OBSERVADO
2026-10-09,YURIMAGUAS,27.0,2026-10-02,2026-11-21,60,50,131.00738669281688,130.93420730805826,131.00738669281688,129.46,131.10983783147896,129.48005211719325,132.55405211719327,HIBRIDO_ANALOGO_CLIM,ANALOGO_ESTADO_V2_HIBRIDO_CLIMATOLOGIA,30,10,0.6963969832129369,OK_ANALOGOS_CONTINUIDAD_CORREGIDA,-0.12805211719324916,0.12805211719324916,0.0,CORREGIDO_ANCLA_OBSERVADO
2026-10-09,YURIMAGUAS,27.0,2026-10-02,2026-11-22,60,51,131.1875853377594,131.1983272833953,131.1875853377594,129.46,131.17305211719324,129.71805211719325,132.62005211719327,HIBRIDO_ANALOGO_CLIM,ANALOGO_ESTADO_V2_HIBRIDO_CLIMATOLOGIA,30,10,0.6963969832129369,OK_ANALOGOS_CONTINUIDAD_CORREGIDA,-0.12805211719324916,0.12805211719324916,0.0,CORREGIDO_ANCLA_OBSERVADO
2026-10-09,YURIMAGUAS,27.0,2026-10-02,2026-11-23,60,52,131.33279827483204,131.3768478575642,131.33279827483204,129.46,131.2751949743361,130.11305211719326,132.69505211719326,HIBRIDO_ANALOGO_CLIM,ANALOGO_ESTADO_V2_HIBRIDO_CLIMATOLOGIA,30,10,0.6963969832129369,OK_ANALOGOS_CONTINUIDAD_CORREGIDA,-0.12805211719324916,0.12805211719324916,0.0,CORREGIDO_ANCLA_OBSERVADO
2026-10-09,YURIMAGUAS,27.0,2026-10-02,2026-11-24,60,53,131.25964979314813,131.19932514022543,131.25964979314813,129.46,131.33590926005039,130.00105211719327,132.73605211719325,HIBRIDO_ANALOGO_CLIM,ANALOGO_ESTADO_V2_HIBRIDO_CLIMATOLOGIA,30,10,0.6963969832129369,OK_ANALOGOS_CONTINUIDAD_CORREGIDA,-0.12805211719324916,0.12805211719324916,0.0,CORREGIDO_ANCLA_OBSERVADO
2026-10-09,YURIMAGUAS,27.0,2026-10-02,2026-11-25,60,54,131.2925038573431,131.17078904733583,131.2925038573431,129.46,131.44126640290753,129.77505211719324,132.33605211719325,HIBRIDO_ANALOGO_CLIM,ANALOGO_ESTADO_V2_HIBRIDO_CLIMATOLOGIA,30,10,0.6963969832129369,OK_ANALOGOS_CONTINUIDAD_CORREGIDA,-0.12805211719324916,0.12805211719324916,0.0,CORREGIDO_ANCLA_OBSERVADO
2026-10-09,YURIMAGUAS,27.0,2026-10-02,2026-11-26,60,55,131.30248879073844,131.173578063958,131.30248879073844,129.46,131.45483783147895,129.88805211719327,132.54805211719327,HIBRIDO_ANALOGO_CLIM,ANALOGO_ESTADO_V2_HIBRIDO_CLIMATOLOGIA,30,10,0.6963969832129369,OK_ANALOGOS_CONTINUIDAD_CORREGIDA,-0.12805211719324916,0.12805211719324916,0.0,CORREGIDO_ANCLA_OBSERVADO
2026-10-09,YURIMAGUAS,27.0,2026-10-02,2026-11-27,60,56,131.32440743389597,131.23996833601086,131.32440743389597,129.46,131.4209092600504,129.68805211719325,133.25205211719324,HIBRIDO_ANALOGO_CLIM,ANALOGO_ESTADO_V2_HIBRIDO_CLIMATOLOGIA,30,10,0.6963969832129369,OK_ANALOGOS_CONTINUIDAD_CORREGIDA,-0.12805211719324916,0.12805211719324916,0.0,CORREGIDO_ANCLA_OBSERVADO
2026-10-09,YURIMAGUAS,27.0,2026-10-02,2026-11-28,60,57,131.2726429598303,131.12363331405297,131.2726429598303,129.46,131.43733783147897,129.38805211719324,133.43705211719328,HIBRIDO_ANALOGO_CLIM,ANALOGO_ESTADO_V2_HIBRIDO_CLIMATOLOGIA,30,10,0.6963969832129369,OK_ANALOGOS_CONTINUIDAD_CORREGIDA,-0.12805211719324916,0.12805211719324916,0.0,CORREGIDO_ANCLA_OBSERVADO
2026-10-09,YURIMAGUAS,27.0,2026-10-02,2026-11-29,60,58,131.28623078696626,131.16859378219166,131.28623078696626,129.46,131.41198068862184,129.21805211719325,133.52605211719325,HIBRIDO_ANALOGO_CLIM,ANALOGO_ESTADO_V2_HIBRIDO_CLIMATOLOGIA,30,10,0.6963969832129369,OK_ANALOGOS_CONTINUIDAD_CORREGIDA,-0.12805211719324916,0.12805211719324916,0.0,CORREGIDO_ANCLA_OBSERVADO
2026-10-09,YURIMAGUAS,27.0,2026-10-02,2026-11-30,60,59,131.2797094056574,131.28580298911336,131.2797094056574,129.46,131.27340926005039,129.66605211719326,133.49205211719328,HIBRIDO_ANALOGO_CLIM,ANALOGO_ESTADO_V2_HIBRIDO_CLIMATOLOGIA,30,10,0.6963969832129369,OK_ANALOGOS_CONTINUIDAD_CORREGIDA,-0.12805211719324916,0.12805211719324916,0.0,CORREGIDO_ANCLA_OBSERVADO
2026-10-09,YURIMAGUAS,27.0,2026-10-02,2026-12-01,60,60,131.34708222074988,131.3543266100208,131.34708222074988,129.46,131.33983783147895,129.83805211719323,133.49205211719325,HIBRIDO_ANALOGO_CLIM,ANALOGO_ESTADO_V2_HIBRIDO_CLIMATOLOGIA,30,10,0.6963969832129369,OK_ANALOGOS_CONTINUIDAD_CORREGIDA,-0.12805211719324916,0.12805211719324916,0.0,CORREGIDO_ANCLA_OBSERVADO
2026-10-09,YURIMAGUAS,27.0,2026-10-02,2026-10-03,90,1,129.46,129.57743500855466,129.46,129.46,129.1076949743361,129.21805211719328,130.00805211719327,HIBRIDO_ANALOGO_CLIM,ANALOGO_ESTADO_V2_HIBRIDO_CLIMATOLOGIA,30,10,0.6963969832129369,OK_ANALOGOS_CONTINUIDAD_CORREGIDA,-0.12805211719324916,0.12805211719324916,0.0,CORREGIDO_ANCLA_OBSERVADO
2026-10-09,YURIMAGUAS,27.0,2026-10-02,2026-10-04,90,2,129.62930851437932,129.80079874201277,129.62930851437932,129.46,129.11483783147898,129.16305211719325,130.69405211719325,HIBRIDO_ANALOGO_CLIM,ANALOGO_ESTADO_V2_HIBRIDO_CLIMATOLOGIA,30,10,0.6963969832129369,OK_ANALOGOS_CONTINUIDAD_CORREGIDA,-0.12805211719324916,0.12805211719324916,0.0,CORREGIDO_ANCLA_OBSERVADO
2026-10-09,YURIMAGUAS,27.0,2026-10-02,2026-10-05,90,3,129.6734913517676,129.8491139537686,129.6734913517676,129.46,129.14662354576467,128.94305211719328,130.71305211719329,HIBRIDO_ANALOGO_CLIM,ANALOGO_ESTADO_V2_HIBRIDO_CLIMATOLOGIA,30,10,0.6963969832129369,OK_ANALOGOS_CONTINUIDAD_CORREGIDA,-0.12805211719324916,0.12805211719324916,0.0,CORREGIDO_ANCLA_OBSERVADO
2026-10-09,YURIMAGUAS,27.0,2026-10-02,2026-10-06,90,4,129.6348482634035,129.7063993597593,129.6348482634035,129.46,129.4201949743361,128.52805211719325,130.84305211719325,HIBRIDO_ANALOGO_CLIM,ANALOGO_ESTADO_V2_HIBRIDO_CLIMATOLOGIA,30,10,0.6963969832129369,OK_ANALOGOS_CONTINUIDAD_CORREGIDA,-0.12805211719324916,0.12805211719324916,0.0,CORREGIDO_ANCLA_OBSERVADO
2026-10-09,YURIMAGUAS,27.0,2026-10-02,2026-10-07,90,5,129.63074499770784,129.6973569102603,129.63074499770784,129.46,129.43090926005038,128.48805211719326,131.13805211719327,HIBRIDO_ANALOGO_CLIM,ANALOGO_ESTADO_V2_HIBRIDO_CLIMATOLOGIA,30,10,0.6963969832129369,OK_ANALOGOS_CONTINUIDAD_CORREGIDA,-0.12805211719324916,0.12805211719324916,0.0,CORREGIDO_ANCLA_OBSERVADO
2026-10-09,YURIMAGUAS,27.0,2026-10-02,2026-10-08,90,6,129.51614168717418,129.52455249621545,129.51614168717418,129.46,129.4909092600504,128.40605211719324,130.60005211719326,HIBRIDO_ANALOGO_CLIM,ANALOGO_ESTADO_V2_HIBRIDO_CLIMATOLOGIA,30,10,0.6963969832129369,OK_ANALOGOS_CONTINUIDAD_CORREGIDA,-0.12805211719324916,0.12805211719324916,0.0,CORREGIDO_ANCLA_OBSERVADO
2026-10-09,YURIMAGUAS,27.0,2026-10-02,2026-10-09,90,7,129.64489333619284,129.66622136157366,129.64489333619284,129.46,129.5809092600504,128.37305211719325,131.19005211719326,HIBRIDO_ANALOGO_CLIM,ANALOGO_ESTADO_V2_HIBRIDO_CLIMATOLOGIA,30,10,0.6963969832129369,OK_ANALOGOS_CONTINUIDAD_CORREGIDA,-0.12805211719324916,0.12805211719324916,0.0,CORREGIDO_ANCLA_OBSERVADO
2026-10-09,YURIMAGUAS,27.0,2026-10-02,2026-10-10,90,8,129.60574336312553,129.571759492722,129.60574336312553,129.46,129.7076949743361,128.21305211719326,130.68905211719326,HIBRIDO_ANALOGO_CLIM,ANALOGO_ESTADO_V2_HIBRIDO_CLIMATOLOGIA,30,10,0.6963969832129369,OK_ANALOGOS_CONTINUIDAD_CORREGIDA,-0.12805211719324916,0.12805211719324916,0.0,CORREGIDO_ANCLA_OBSERVADO
2026-10-09,YURIMAGUAS,27.0,2026-10-02,2026-10-11,90,9,129.533221209043,129.435896620612,129.533221209043,129.46,129.8251949743361,127.86305211719325,130.52605211719327,HIBRIDO_ANALOGO_CLIM,ANALOGO_ESTADO_V2_HIBRIDO_CLIMATOLOGIA,30,10,0.6963969832129369,OK_ANALOGOS_CONTINUIDAD_CORREGIDA,-0.12805211719324916,0.12805211719324916,0.0,CORREGIDO_ANCLA_OBSERVADO
2026-10-09,YURIMAGUAS,27.0,2026-10-02,2026-10-12,90,10,129.60847421470663,129.50682919959206,129.60847421470663,129.46,129.9134092600504,128.56805211719325,130.54205211719326,HIBRIDO_ANALOGO_CLIM,ANALOGO_ESTADO_V2_HIBRIDO_CLIMATOLOGIA,30,10,0.6963969832129369,OK_ANALOGOS_CONTINUIDAD_CORREGIDA,-0.12805211719324916,0.12805211719324916,0.0,CORREGIDO_ANCLA_OBSERVADO
2026-10-09,YURIMAGUAS,27.0,2026-10-02,2026-10-13,90,11,129.61490338644634,129.48897285714975,129.61490338644634,129.46,129.9926949743361,128.50305211719325,130.47905211719328,HIBRIDO_ANALOGO_CLIM,ANALOGO_ESTADO_V2_HIBRIDO_CLIMATOLOGIA,30,10,0.6963969832129369,OK_ANALOGOS_CONTINUIDAD_CORREGIDA,-0.12805211719324916,0.12805211719324916,0.0,CORREGIDO_ANCLA_OBSERVADO
2026-10-09,YURIMAGUAS,27.0,2026-10-02,2026-10-14,90,12,129.53231424623863,129.40611590830136,129.53231424623863,129.46,129.9109092600504,128.50805211719324,130.25405211719325,HIBRIDO_ANALOGO_CLIM,ANALOGO_ESTADO_V2_HIBRIDO_CLIMATOLOGIA,30,10,0.6963969832129369,OK_ANALOGOS_CONTINUIDAD_CORREGIDA,-0.12805211719324916,0.12805211719324916,0.0,CORREGIDO_ANCLA_OBSERVADO
2026-10-09,YURIMAGUAS,27.0,2026-10-02,2026-10-15,90,13,129.61195834500006,129.53754613522136,129.61195834500006,129.46,129.8351949743361,128.84505211719326,130.14505211719325,HIBRIDO_ANALOGO_CLIM,ANALOGO_ESTADO_V2_HIBRIDO_CLIMATOLOGIA,30,10,0.6963969832129369,OK_ANALOGOS_CONTINUIDAD_CORREGIDA,-0.12805211719324916,0.12805211719324916,0.0,CORREGIDO_ANCLA_OBSERVADO
2026-10-09,YURIMAGUAS,27.0,2026-10-02,2026-10-16,90,14,129.70555344505328,129.65698245910187,129.70555344505328,129.46,129.85126640290753,128.85005211719326,130.40905211719326,HIBRIDO_ANALOGO_CLIM,ANALOGO_ESTADO_V2_HIBRIDO_CLIMATOLOGIA,30,10,0.6963969832129369,OK_ANALOGOS_CONTINUIDAD_CORREGIDA,-0.12805211719324916,0.12805211719324916,0.0,CORREGIDO_ANCLA_OBSERVADO
2026-10-09,YURIMAGUAS,27.0,2026-10-02,2026-10-17,90,15,129.82300557651467,129.7646567296218,129.82300557651467,129.46,129.99805211719325,128.88805211719324,130.26105211719326,HIBRIDO_ANALOGO_CLIM,ANALOGO_ESTADO_V2_HIBRIDO_CLIMATOLOGIA,30,10,0.6963969832129369,OK_ANALOGOS_CONTINUIDAD_CORREGIDA,-0.12805211719324916,0.12805211719324916,0.0,CORREGIDO_ANCLA_OBSERVADO
2026-10-09,YURIMAGUAS,27.0,2026-10-02,2026-10-18,90,16,129.96657328388437,129.92869938706713,129.96657328388437,129.46,130.0801949743361,128.85105211719326,130.62105211719327,HIBRIDO_ANALOGO_CLIM,ANALOGO_ESTADO_V2_HIBRIDO_CLIMATOLOGIA,30,10,0.6963969832129369,OK_ANALOGOS_CONTINUIDAD_CORREGIDA,-0.12805211719324916,0.12805211719324916,0.0,CORREGIDO_ANCLA_OBSERVADO
2026-10-09,YURIMAGUAS,27.0,2026-10-02,2026-10-19,90,17,130.0724651203895,130.06631707383588,130.0724651203895,129.46,130.09090926005038,128.72305211719328,130.78405211719326,HIBRIDO_ANALOGO_CLIM,ANALOGO_ESTADO_V2_HIBRIDO_CLIMATOLOGIA,30,10,0.6963969832129369,OK_ANALOGOS_CONTINUIDAD_CORREGIDA,-0.12805211719324916,0.12805211719324916,0.0,CORREGIDO_ANCLA_OBSERVADO
2026-10-09,YURIMAGUAS,27.0,2026-10-02,2026-10-20,90,18,130.17953789510167,130.20741410678542,130.17953789510167,129.46,130.09590926005038,128.97805211719324,131.09805211719325,HIBRIDO_ANALOGO_CLIM,ANALOGO_ESTADO_V2_HIBRIDO_CLIMATOLOGIA,30,10,0.6963969832129369,OK_ANALOGOS_CONTINUIDAD_CORREGIDA,-0.12805211719324916,0.12805211719324916,0.0,CORREGIDO_ANCLA_OBSERVADO
2026-10-09,YURIMAGUAS,27.0,2026-10-02,2026-10-21,90,19,130.0430915912728,130.02119998739454,130.0430915912728,129.46,130.10876640290755,129.04805211719324,130.95805211719326,HIBRIDO_ANALOGO_CLIM,ANALOGO_ESTADO_V2_HIBRIDO_CLIMATOLOGIA,30,10,0.6963969832129369,OK_ANALOGOS_CONTINUIDAD_CORREGIDA,-0.12805211719324916,0.12805211719324916,0.0,CORREGIDO_ANCLA_OBSERVADO
2026-10-09,YURIMAGUAS,27.0,2026-10-02,2026-10-22,90,20,130.01098466825044,129.9672002805076,130.01098466825044,129.46,130.14233783147895,129.44305211719325,131.22205211719327,HIBRIDO_ANALOGO_CLIM,ANALOGO_ESTADO_V2_HIBRIDO_CLIMATOLOGIA,30,10,0.6963969832129369,OK_ANALOGOS_CONTINUIDAD_CORREGIDA,-0.12805211719324916,0.12805211719324916,0.0,CORREGIDO_ANCLA_OBSERVADO
2026-10-09,YURIMAGUAS,27.0,2026-10-02,2026-10-23,90,21,129.85182551248445,129.773440453772,129.85182551248445,129.46,130.08698068862182,129.12805211719325,130.55105211719325,HIBRIDO_ANALOGO_CLIM,ANALOGO_ESTADO_V2_HIBRIDO_CLIMATOLOGIA,30,10,0.6963969832129369,OK_ANALOGOS_CONTINUIDAD_CORREGIDA,-0.12805211719324916,0.12805211719324916,0.0,CORREGIDO_ANCLA_OBSERVADO
2026-10-09,YURIMAGUAS,27.0,2026-10-02,2026-10-24,90,22,129.89495776537848,129.81392631477357,129.89495776537848,129.46,130.13805211719324,128.88805211719327,130.62105211719327,HIBRIDO_ANALOGO_CLIM,ANALOGO_ESTADO_V2_HIBRIDO_CLIMATOLOGIA,30,10,0.6963969832129369,OK_ANALOGOS_CONTINUIDAD_CORREGIDA,-0.12805211719324916,0.12805211719324916,0.0,CORREGIDO_ANCLA_OBSERVADO
2026-10-09,YURIMAGUAS,27.0,2026-10-02,2026-10-25,90,23,129.94033991029266,129.79836441275438,129.94033991029266,129.46,130.36626640290754,128.51305211719324,130.81305211719325,HIBRIDO_ANALOGO_CLIM,ANALOGO_ESTADO_V2_HIBRIDO_CLIMATOLOGIA,30,10,0.6963969832129369,OK_ANALOGOS_CONTINUIDAD_CORREGIDA,-0.12805211719324916,0.12805211719324916,0.0,CORREGIDO_ANCLA_OBSERVADO
2026-10-09,YURIMAGUAS,27.0,2026-10-02,2026-10-26,90,24,130.10036848309855,129.98411679554317,130.10036848309855,129.46,130.44912354576468,128.58805211719326,130.81205211719325,HIBRIDO_ANALOGO_CLIM,ANALOGO_ESTADO_V2_HIBRIDO_CLIMATOLOGIA,30,10,0.6963969832129369,OK_ANALOGOS_CONTINUIDAD_CORREGIDA,-0.12805211719324916,0.12805211719324916,0.0,CORREGIDO_ANCLA_OBSERVADO
2026-10-09,YURIMAGUAS,27.0,2026-10-02,2026-10-27,90,25,130.22177607072626,130.11646976952298,130.22177607072626,129.46,130.53769497433612,128.52305211719326,130.89905211719326,HIBRIDO_ANALOGO_CLIM,ANALOGO_ESTADO_V2_HIBRIDO_CLIMATOLOGIA,30,10,0.6963969832129369,OK_ANALOGOS_CONTINUIDAD_CORREGIDA,-0.12805211719324916,0.12805211719324916,0.0,CORREGIDO_ANCLA_OBSERVADO
2026-10-09,YURIMAGUAS,27.0,2026-10-02,2026-10-28,90,26,130.30699328996457,130.2334260618407,130.30699328996457,129.46,130.5276949743361,128.52805211719325,131.58805211719326,HIBRIDO_ANALOGO_CLIM,ANALOGO_ESTADO_V2_HIBRIDO_CLIMATOLOGIA,30,10,0.6963969832129369,OK_ANALOGOS_CONTINUIDAD_CORREGIDA,-0.12805211719324916,0.12805211719324916,0.0,CORREGIDO_ANCLA_OBSERVADO
2026-10-09,YURIMAGUAS,27.0,2026-10-02,2026-10-29,90,27,130.44402383212054,130.41601440376297,130.44402383212054,129.46,130.52805211719325,128.83205211719323,132.12005211719327,HIBRIDO_ANALOGO_CLIM,ANALOGO_ESTADO_V2_HIBRIDO_CLIMATOLOGIA,30,10,0.6963969832129369,OK_ANALOGOS_CONTINUIDAD_CORREGIDA,-0.12805211719324916,0.12805211719324916,0.0,CORREGIDO_ANCLA_OBSERVADO
2026-10-09,YURIMAGUAS,27.0,2026-10-02,2026-10-30,90,28,130.473497976672,130.40864659649827,130.473497976672,129.46,130.66805211719324,128.93605211719327,131.89905211719324,HIBRIDO_ANALOGO_CLIM,ANALOGO_ESTADO_V2_HIBRIDO_CLIMATOLOGIA,30,10,0.6963969832129369,OK_ANALOGOS_CONTINUIDAD_CORREGIDA,-0.12805211719324916,0.12805211719324916,0.0,CORREGIDO_ANCLA_OBSERVADO
2026-10-09,YURIMAGUAS,27.0,2026-10-02,2026-10-31,90,29,130.4037251684178,130.28668761406408,130.4037251684178,129.46,130.75483783147897,128.92805211719326,131.42005211719325,HIBRIDO_ANALOGO_CLIM,ANALOGO_ESTADO_V2_HIBRIDO_CLIMATOLOGIA,30,10,0.6963969832129369,OK_ANALOGOS_CONTINUIDAD_CORREGIDA,-0.12805211719324916,0.12805211719324916,0.0,CORREGIDO_ANCLA_OBSERVADO
2026-10-09,YURIMAGUAS,27.0,2026-10-02,2026-11-01,90,30,130.37697591706512,130.26756956464143,130.37697591706512,129.46,130.7051949743361,128.83305211719326,131.51805211719324,HIBRIDO_ANALOGO_CLIM,ANALOGO_ESTADO_V2_HIBRIDO_CLIMATOLOGIA,30,10,0.6963969832129369,OK_ANALOGOS_CONTINUIDAD_CORREGIDA,-0.12805211719324916,0.12805211719324916,0.0,CORREGIDO_ANCLA_OBSERVADO
2026-10-09,YURIMAGUAS,27.0,2026-10-02,2026-11-02,90,31,130.4060668287053,130.3207846335177,130.4060668287053,129.46,130.65090926005038,128.81805211719325,131.48005211719325,HIBRIDO_ANALOGO_CLIM,ANALOGO_ESTADO_V2_HIBRIDO_CLIMATOLOGIA,30,10,0.6963969832129369,OK_ANALOGOS_CONTINUIDAD_CORREGIDA,-0.12805211719324916,0.12805211719324916,0.0,CORREGIDO_ANCLA_OBSERVADO
2026-10-09,YURIMAGUAS,27.0,2026-10-02,2026-11-03,90,32,130.66232531105604,130.63037270622692,130.66232531105604,129.46,130.7501949743361,129.38805211719324,132.11505211719327,HIBRIDO_ANALOGO_CLIM,ANALOGO_ESTADO_V2_HIBRIDO_CLIMATOLOGIA,30,10,0.6963969832129369,OK_ANALOGOS_CONTINUIDAD_CORREGIDA,-0.12805211719324916,0.12805211719324916,0.0,CORREGIDO_ANCLA_OBSERVADO
2026-10-09,YURIMAGUAS,27.0,2026-10-02,2026-11-04,90,33,130.72479398801485,130.66192021487822,130.72479398801485,129.46,130.89055211719324,129.41605211719326,132.57305211719327,HIBRIDO_ANALOGO_CLIM,ANALOGO_ESTADO_V2_HIBRIDO_CLIMATOLOGIA,30,10,0.6963969832129369,OK_ANALOGOS_CONTINUIDAD_CORREGIDA,-0.12805211719324916,0.12805211719324916,0.0,CORREGIDO_ANCLA_OBSERVADO
2026-10-09,YURIMAGUAS,27.0,2026-10-02,2026-11-05,90,34,130.59853051313218,130.50270635737382,130.59853051313218,129.46,130.84090926005038,129.30805211719326,132.41805211719327,HIBRIDO_ANALOGO_CLIM,ANALOGO_ESTADO_V2_HIBRIDO_CLIMATOLOGIA,30,10,0.6963969832129369,OK_ANALOGOS_CONTINUIDAD_CORREGIDA,-0.12805211719324916,0.12805211719324916,0.0,CORREGIDO_ANCLA_OBSERVADO
2026-10-09,YURIMAGUAS,27.0,2026-10-02,2026-11-06,90,35,130.5018098449834,130.3708571446617,130.5018098449834,129.46,130.81983783147896,129.09305211719328,131.90505211719326,HIBRIDO_ANALOGO_CLIM,ANALOGO_ESTADO_V2_HIBRIDO_CLIMATOLOGIA,30,10,0.6963969832129369,OK_ANALOGOS_CONTINUIDAD_CORREGIDA,-0.12805211719324916,0.12805211719324916,0.0,CORREGIDO_ANCLA_OBSERVADO
2026-10-09,YURIMAGUAS,27.0,2026-10-02,2026-11-07,90,36,130.63512253091963,130.51478536129216,130.63512253091963,129.46,130.9159092600504,129.07005211719326,131.38805211719327,HIBRIDO_ANALOGO_CLIM,ANALOGO_ESTADO_V2_HIBRIDO_CLIMATOLOGIA,30,10,0.6963969832129369,OK_ANALOGOS_CONTINUIDAD_CORREGIDA,-0.12805211719324916,0.12805211719324916,0.0,CORREGIDO_ANCLA_OBSERVADO
2026-10-09,YURIMAGUAS,27.0,2026-10-02,2026-11-08,90,37,130.70988810400524,130.60546989502814,130.70988810400524,129.46,130.94412354576468,129.30805211719326,131.39005211719328,HIBRIDO_ANALOGO_CLIM,ANALOGO_ESTADO_V2_HIBRIDO_CLIMATOLOGIA,30,10,0.6963969832129369,OK_ANALOGOS_CONTINUIDAD_CORREGIDA,-0.12805211719324916,0.12805211719324916,0.0,CORREGIDO_ANCLA_OBSERVADO
2026-10-09,YURIMAGUAS,27.0,2026-10-02,2026-11-09,90,38,130.8894078988349,130.82333758161656,130.8894078988349,129.46,131.03198068862181,129.68805211719328,131.73705211719326,HIBRIDO_ANALOGO_CLIM,ANALOGO_ESTADO_V2_HIBRIDO_CLIMATOLOGIA,30,10,0.6963969832129369,OK_ANALOGOS_CONTINUIDAD_CORREGIDA,-0.12805211719324916,0.12805211719324916,0.0,CORREGIDO_ANCLA_OBSERVADO
2026-10-09,YURIMAGUAS,27.0,2026-10-02,2026-11-10,90,39,131.01018986574508,130.98628528965097,131.01018986574508,129.46,131.05983783147897,129.86305211719323,132.75405211719325,HIBRIDO_ANALOGO_CLIM,ANALOGO_ESTADO_V2_HIBRIDO_CLIMATOLOGIA,30,10,0.6963969832129369,OK_ANALOGOS_CONTINUIDAD_CORREGIDA,-0.12805211719324916,0.12805211719324916,0.0,CORREGIDO_ANCLA_OBSERVADO
2026-10-09,YURIMAGUAS,27.0,2026-10-02,2026-11-11,90,40,130.99293981781176,131.04127652526387,130.99293981781176,129.46,130.89626640290754,129.87805211719325,132.71905211719323,HIBRIDO_ANALOGO_CLIM,ANALOGO_ESTADO_V2_HIBRIDO_CLIMATOLOGIA,30,10,0.6963969832129369,OK_ANALOGOS_CONTINUIDAD_CORREGIDA,-0.12805211719324916,0.12805211719324916,0.0,CORREGIDO_ANCLA_OBSERVADO
2026-10-09,YURIMAGUAS,27.0,2026-10-02,2026-11-12,90,41,131.04934997913162,131.16568358921535,131.04934997913162,129.46,130.8251949743361,130.15805211719328,132.83805211719326,HIBRIDO_ANALOGO_CLIM,ANALOGO_ESTADO_V2_HIBRIDO_CLIMATOLOGIA,30,10,0.6963969832129369,OK_ANALOGOS_CONTINUIDAD_CORREGIDA,-0.12805211719324916,0.12805211719324916,0.0,CORREGIDO_ANCLA_OBSERVADO
2026-10-09,YURIMAGUAS,27.0,2026-10-02,2026-11-13,90,42,130.9201500880124,130.98127976460736,130.9201500880124,129.46,130.80662354576467,129.66105211719326,132.75405211719323,HIBRIDO_ANALOGO_CLIM,ANALOGO_ESTADO_V2_HIBRIDO_CLIMATOLOGIA,30,10,0.6963969832129369,OK_ANALOGOS_CONTINUIDAD_CORREGIDA,-0.12805211719324916,0.12805211719324916,0.0,CORREGIDO_ANCLA_OBSERVADO
2026-10-09,YURIMAGUAS,27.0,2026-10-02,2026-11-14,90,43,130.81692115632788,130.77101592586317,130.81692115632788,129.46,130.8991235457647,129.56805211719325,132.84505211719326,HIBRIDO_ANALOGO_CLIM,ANALOGO_ESTADO_V2_HIBRIDO_CLIMATOLOGIA,30,10,0.6963969832129369,OK_ANALOGOS_CONTINUIDAD_CORREGIDA,-0.12805211719324916,0.12805211719324916,0.0,CORREGIDO_ANCLA_OBSERVADO
2026-10-09,YURIMAGUAS,27.0,2026-10-02,2026-11-15,90,44,130.8613049929372,130.70108297363106,130.8613049929372,129.46,131.13805211719327,129.39805211719326,133.10305211719324,HIBRIDO_ANALOGO_CLIM,ANALOGO_ESTADO_V2_HIBRIDO_CLIMATOLOGIA,30,10,0.6963969832129369,OK_ANALOGOS_CONTINUIDAD_CORREGIDA,-0.12805211719324916,0.12805211719324916,0.0,CORREGIDO_ANCLA_OBSERVADO
2026-10-09,YURIMAGUAS,27.0,2026-10-02,2026-11-16,90,45,130.90881861162228,130.7312070797083,130.90881861162228,129.46,131.20483783147895,129.51005211719325,133.06705211719327,HIBRIDO_ANALOGO_CLIM,ANALOGO_ESTADO_V2_HIBRIDO_CLIMATOLOGIA,30,10,0.6963969832129369,OK_ANALOGOS_CONTINUIDAD_CORREGIDA,-0.12805211719324916,0.12805211719324916,0.0,CORREGIDO_ANCLA_OBSERVADO
2026-10-09,YURIMAGUAS,27.0,2026-10-02,2026-11-17,90,46,130.97647383349502,130.82075335598378,130.97647383349502,129.46,131.2269806886218,129.62305211719325,132.78005211719326,HIBRIDO_ANALOGO_CLIM,ANALOGO_ESTADO_V2_HIBRIDO_CLIMATOLOGIA,30,10,0.6963969832129369,OK_ANALOGOS_CONTINUIDAD_CORREGIDA,-0.12805211719324916,0.12805211719324916,0.0,CORREGIDO_ANCLA_OBSERVADO
2026-10-09,YURIMAGUAS,27.0,2026-10-02,2026-11-18,90,47,130.94946118130323,130.7740034163173,130.94946118130323,129.46,131.2219806886218,129.5230521171933,132.47105211719327,HIBRIDO_ANALOGO_CLIM,ANALOGO_ESTADO_V2_HIBRIDO_CLIMATOLOGIA,30,10,0.6963969832129369,OK_ANALOGOS_CONTINUIDAD_CORREGIDA,-0.12805211719324916,0.12805211719324916,0.0,CORREGIDO_ANCLA_OBSERVADO
2026-10-09,YURIMAGUAS,27.0,2026-10-02,2026-11-19,90,48,130.88407611673912,130.69833021167446,130.88407611673912,129.46,131.16269497433612,129.13305211719327,132.44805211719327,HIBRIDO_ANALOGO_CLIM,ANALOGO_ESTADO_V2_HIBRIDO_CLIMATOLOGIA,30,10,0.6963969832129369,OK_ANALOGOS_CONTINUIDAD_CORREGIDA,-0.12805211719324916,0.12805211719324916,0.0,CORREGIDO_ANCLA_OBSERVADO
2026-10-09,YURIMAGUAS,27.0,2026-10-02,2026-11-20,90,49,130.93580170306737,130.78488240317768,130.93580170306737,129.46,131.15448068862182,129.47605211719326,132.43905211719326,HIBRIDO_ANALOGO_CLIM,ANALOGO_ESTADO_V2_HIBRIDO_CLIMATOLOGIA,30,10,0.6963969832129369,OK_ANALOGOS_CONTINUIDAD_CORREGIDA,-0.12805211719324916,0.12805211719324916,0.0,CORREGIDO_ANCLA_OBSERVADO
2026-10-09,YURIMAGUAS,27.0,2026-10-02,2026-11-21,90,50,131.00738669281688,130.93420730805826,131.00738669281688,129.46,131.10983783147896,129.48005211719325,132.55405211719327,HIBRIDO_ANALOGO_CLIM,ANALOGO_ESTADO_V2_HIBRIDO_CLIMATOLOGIA,30,10,0.6963969832129369,OK_ANALOGOS_CONTINUIDAD_CORREGIDA,-0.12805211719324916,0.12805211719324916,0.0,CORREGIDO_ANCLA_OBSERVADO
2026-10-09,YURIMAGUAS,27.0,2026-10-02,2026-11-22,90,51,131.1875853377594,131.1983272833953,131.1875853377594,129.46,131.17305211719324,129.71805211719325,132.62005211719327,HIBRIDO_ANALOGO_CLIM,ANALOGO_ESTADO_V2_HIBRIDO_CLIMATOLOGIA,30,10,0.6963969832129369,OK_ANALOGOS_CONTINUIDAD_CORREGIDA,-0.12805211719324916,0.12805211719324916,0.0,CORREGIDO_ANCLA_OBSERVADO
2026-10-09,YURIMAGUAS,27.0,2026-10-02,2026-11-23,90,52,131.33279827483204,131.3768478575642,131.33279827483204,129.46,131.2751949743361,130.11305211719326,132.69505211719326,HIBRIDO_ANALOGO_CLIM,ANALOGO_ESTADO_V2_HIBRIDO_CLIMATOLOGIA,30,10,0.6963969832129369,OK_ANALOGOS_CONTINUIDAD_CORREGIDA,-0.12805211719324916,0.12805211719324916,0.0,CORREGIDO_ANCLA_OBSERVADO
2026-10-09,YURIMAGUAS,27.0,2026-10-02,2026-11-24,90,53,131.25964979314813,131.19932514022543,131.25964979314813,129.46,131.33590926005039,130.00105211719327,132.73605211719325,HIBRIDO_ANALOGO_CLIM,ANALOGO_ESTADO_V2_HIBRIDO_CLIMATOLOGIA,30,10,0.6963969832129369,OK_ANALOGOS_CONTINUIDAD_CORREGIDA,-0.12805211719324916,0.12805211719324916,0.0,CORREGIDO_ANCLA_OBSERVADO
2026-10-09,YURIMAGUAS,27.0,2026-10-02,2026-11-25,90,54,131.2925038573431,131.17078904733583,131.2925038573431,129.46,131.44126640290753,129.77505211719324,132.33605211719325,HIBRIDO_ANALOGO_CLIM,ANALOGO_ESTADO_V2_HIBRIDO_CLIMATOLOGIA,30,10,0.6963969832129369,OK_ANALOGOS_CONTINUIDAD_CORREGIDA,-0.12805211719324916,0.12805211719324916,0.0,CORREGIDO_ANCLA_OBSERVADO
2026-10-09,YURIMAGUAS,27.0,2026-10-02,2026-11-26,90,55,131.30248879073844,131.173578063958,131.30248879073844,129.46,131.45483783147895,129.88805211719327,132.54805211719327,HIBRIDO_ANALOGO_CLIM,ANALOGO_ESTADO_V2_HIBRIDO_CLIMATOLOGIA,30,10,0.6963969832129369,OK_ANALOGOS_CONTINUIDAD_CORREGIDA,-0.12805211719324916,0.12805211719324916,0.0,CORREGIDO_ANCLA_OBSERVADO
2026-10-09,YURIMAGUAS,27.0,2026-10-02,2026-11-27,90,56,131.32440743389597,131.23996833601086,131.32440743389597,129.46,131.4209092600504,129.68805211719325,133.25205211719324,HIBRIDO_ANALOGO_CLIM,ANALOGO_ESTADO_V2_HIBRIDO_CLIMATOLOGIA,30,10,0.6963969832129369,OK_ANALOGOS_CONTINUIDAD_CORREGIDA,-0.12805211719324916,0.12805211719324916,0.0,CORREGIDO_ANCLA_OBSERVADO
2026-10-09,YURIMAGUAS,27.0,2026-10-02,2026-11-28,90,57,131.2726429598303,131.12363331405297,131.2726429598303,129.46,131.43733783147897,129.38805211719324,133.43705211719328,HIBRIDO_ANALOGO_CLIM,ANALOGO_ESTADO_V2_HIBRIDO_CLIMATOLOGIA,30,10,0.6963969832129369,OK_ANALOGOS_CONTINUIDAD_CORREGIDA,-0.12805211719324916,0.12805211719324916,0.0,CORREGIDO_ANCLA_OBSERVADO
2026-10-09,YURIMAGUAS,27.0,2026-10-02,2026-11-29,90,58,131.28623078696626,131.16859378219166,131.28623078696626,129.46,131.41198068862184,129.21805211719325,133.52605211719325,HIBRIDO_ANALOGO_CLIM,ANALOGO_ESTADO_V2_HIBRIDO_CLIMATOLOGIA,30,10,0.6963969832129369,OK_ANALOGOS_CONTINUIDAD_CORREGIDA,-0.12805211719324916,0.12805211719324916,0.0,CORREGIDO_ANCLA_OBSERVADO
2026-10-09,YURIMAGUAS,27.0,2026-10-02,2026-11-30,90,59,131.2797094056574,131.28580298911336,131.2797094056574,129.46,131.27340926005039,129.66605211719326,133.49205211719328,HIBRIDO_ANALOGO_CLIM,ANALOGO_ESTADO_V2_HIBRIDO_CLIMATOLOGIA,30,10,0.6963969832129369,OK_ANALOGOS_CONTINUIDAD_CORREGIDA,-0.12805211719324916,0.12805211719324916,0.0,CORREGIDO_ANCLA_OBSERVADO
2026-10-09,YURIMAGUAS,27.0,2026-10-02,2026-12-01,90,60,131.34708222074988,131.3543266100208,131.34708222074988,129.46,131.33983783147895,129.83805211719323,133.49205211719325,HIBRIDO_ANALOGO_CLIM,ANALOGO_ESTADO_V2_HIBRIDO_CLIMATOLOGIA,30,10,0.6963969832129369,OK_ANALOGOS_CONTINUIDAD_CORREGIDA,-0.12805211719324916,0.12805211719324916,0.0,CORREGIDO_ANCLA_OBSERVADO
2026-10-09,YURIMAGUAS,27.0,2026-10-02,2026-12-02,90,61,131.54888400478484,131.5309123728275,131.54888400478484,129.46,131.56626640290753,129.79805211719327,133.44905211719325,HIBRIDO_ANALOGO_CLIM,ANALOGO_ESTADO_V2_HIBRIDO_CLIMATOLOGIA,30,10,0.6963969832129369,OK_ANALOGOS_CONTINUIDAD_CORREGIDA,-0.12805211719324916,0.12805211719324916,0.0,CORREGIDO_ANCLA_OBSERVADO
2026-10-09,YURIMAGUAS,27.0,2026-10-02,2026-12-03,90,62,131.65292515939998,131.53443969220226,131.65292515939998,129.46,131.76376640290755,129.63305211719324,133.13405211719328,HIBRIDO_ANALOGO_CLIM,ANALOGO_ESTADO_V2_HIBRIDO_CLIMATOLOGIA,30,10,0.6963969832129369,OK_ANALOGOS_CONTINUIDAD_CORREGIDA,-0.12805211719324916,0.12805211719324916,0.0,CORREGIDO_ANCLA_OBSERVADO
2026-10-09,YURIMAGUAS,27.0,2026-10-02,2026-12-04,90,63,131.77531166452667,131.7533353747373,131.77531166452667,129.46,131.7951949743361,130.30505211719327,133.10705211719326,HIBRIDO_ANALOGO_CLIM,ANALOGO_ESTADO_V2_HIBRIDO_CLIMATOLOGIA,30,10,0.6963969832129369,OK_ANALOGOS_CONTINUIDAD_CORREGIDA,-0.12805211719324916,0.12805211719324916,0.0,CORREGIDO_ANCLA_OBSERVADO
2026-10-09,YURIMAGUAS,27.0,2026-10-02,2026-12-05,90,64,131.91719318715332,132.02682379771997,131.91719318715332,129.46,131.82126640290753,130.99305211719326,133.09005211719327,HIBRIDO_ANALOGO_CLIM,ANALOGO_ESTADO_V2_HIBRIDO_CLIMATOLOGIA,30,10,0.6963969832129369,OK_ANALOGOS_CONTINUIDAD_CORREGIDA,-0.12805211719324916,0.12805211719324916,0.0,CORREGIDO_ANCLA_OBSERVADO
2026-10-09,YURIMAGUAS,27.0,2026-10-02,2026-12-06,90,65,132.0611600738016,132.45525519135177,132.0611600738016,129.46,131.72769497433612,131.68305211719326,133.08805211719329,HIBRIDO_ANALOGO_CLIM,ANALOGO_ESTADO_V2_HIBRIDO_CLIMATOLOGIA,30,10,0.6963969832129369,OK_ANALOGOS_CONTINUIDAD_CORREGIDA,-0.12805211719324916,0.12805211719324916,0.0,CORREGIDO_ANCLA_OBSERVADO
2026-10-09,YURIMAGUAS,27.0,2026-10-02,2026-12-07,90,66,132.04809839078482,132.45017875692054,132.04809839078482,129.46,131.7191235457647,131.80005211719327,133.29105211719323,HIBRIDO_ANALOGO_CLIM,ANALOGO_ESTADO_V2_HIBRIDO_CLIMATOLOGIA,30,10,0.6963969832129369,OK_ANALOGOS_CONTINUIDAD_CORREGIDA,-0.12805211719324916,0.12805211719324916,0.0,CORREGIDO_ANCLA_OBSERVADO
2026-10-09,YURIMAGUAS,27.0,2026-10-02,2026-12-08,90,67,131.91321949564565,132.14459011692372,131.91321949564565,129.46,131.73019497433611,131.08805211719326,133.33105211719325,HIBRIDO_ANALOGO_CLIM,ANALOGO_ESTADO_V2_HIBRIDO_CLIMATOLOGIA,30,10,0.6963969832129369,OK_ANALOGOS_CONTINUIDAD_CORREGIDA,-0.12805211719324916,0.12805211719324916,0.0,CORREGIDO_ANCLA_OBSERVADO
2026-10-09,YURIMAGUAS,27.0,2026-10-02,2026-12-09,90,68,131.8361973253198,131.92344215792488,131.8361973253198,129.46,131.76948068862183,131.14305211719324,133.11505211719324,HIBRIDO_ANALOGO_CLIM,ANALOGO_ESTADO_V2_HIBRIDO_CLIMATOLOGIA,30,10,0.6963969832129369,OK_ANALOGOS_CONTINUIDAD_CORREGIDA,-0.12805211719324916,0.12805211719324916,0.0,CORREGIDO_ANCLA_OBSERVADO
2026-10-09,YURIMAGUAS,27.0,2026-10-02,2026-12-10,90,69,131.79589248640804,131.76881096912723,131.79589248640804,129.46,131.8159092600504,130.83805211719326,133.07305211719327,HIBRIDO_ANALOGO_CLIM,ANALOGO_ESTADO_V2_HIBRIDO_CLIMATOLOGIA,30,10,0.6963969832129369,OK_ANALOGOS_CONTINUIDAD_CORREGIDA,-0.12805211719324916,0.12805211719324916,0.0,CORREGIDO_ANCLA_OBSERVADO
2026-10-09,YURIMAGUAS,27.0,2026-10-02,2026-12-11,90,70,131.8086421160741,131.7269681145073,131.8086421160741,129.46,131.86698068862182,130.77305211719326,132.85905211719324,HIBRIDO_ANALOGO_CLIM,ANALOGO_ESTADO_V2_HIBRIDO_CLIMATOLOGIA,30,10,0.6963969832129369,OK_ANALOGOS_CONTINUIDAD_CORREGIDA,-0.12805211719324916,0.12805211719324916,0.0,CORREGIDO_ANCLA_OBSERVADO
2026-10-09,YURIMAGUAS,27.0,2026-10-02,2026-12-12,90,71,131.75600791279442,131.53259400729522,131.75600791279442,129.46,131.91019497433612,130.41805211719327,132.64905211719326,HIBRIDO_ANALOGO_CLIM,ANALOGO_ESTADO_V2_HIBRIDO_CLIMATOLOGIA,30,10,0.6963969832129369,OK_ANALOGOS_CONTINUIDAD_CORREGIDA,-0.12805211719324916,0.12805211719324916,0.0,CORREGIDO_ANCLA_OBSERVADO
2026-10-09,YURIMAGUAS,27.0,2026-10-02,2026-12-13,90,72,131.7704406534126,131.59455917202732,131.7704406534126,129.46,131.8876949743361,130.45305211719327,132.73405211719324,HIBRIDO_ANALOGO_CLIM,ANALOGO_ESTADO_V2_HIBRIDO_CLIMATOLOGIA,30,10,0.6963969832129369,OK_ANALOGOS_CONTINUIDAD_CORREGIDA,-0.12805211719324916,0.12805211719324916,0.0,CORREGIDO_ANCLA_OBSERVADO
2026-10-09,YURIMAGUAS,27.0,2026-10-02,2026-12-14,90,73,131.77125097268612,131.6064777664759,131.77125097268612,129.46,131.87733783147897,130.35005211719326,132.98005211719322,HIBRIDO_ANALOGO_CLIM,ANALOGO_ESTADO_V2_HIBRIDO_CLIMATOLOGIA,30,10,0.6963969832129369,OK_ANALOGOS_CONTINUIDAD_CORREGIDA,-0.12805211719324916,0.12805211719324916,0.0,CORREGIDO_ANCLA_OBSERVADO
2026-10-09,YURIMAGUAS,27.0,2026-10-02,2026-12-15,90,74,131.80636824398357,131.64623704422397,131.80636824398357,129.46,131.90590926005038,130.17805211719326,132.61505211719324,HIBRIDO_ANALOGO_CLIM,ANALOGO_ESTADO_V2_HIBRIDO_CLIMATOLOGIA,30,10,0.6963969832129369,OK_ANALOGOS_CONTINUIDAD_CORREGIDA,-0.12805211719324916,0.12805211719324916,0.0,CORREGIDO_ANCLA_OBSERVADO
2026-10-09,YURIMAGUAS,27.0,2026-10-02,2026-12-16,90,75,131.82051890402033,131.64129688206546,131.82051890402033,129.46,131.92805211719326,130.20805211719326,132.45505211719325,HIBRIDO_ANALOGO_CLIM,ANALOGO_ESTADO_V2_HIBRIDO_CLIMATOLOGIA,30,10,0.6963969832129369,OK_ANALOGOS_CONTINUIDAD_CORREGIDA,-0.12805211719324916,0.12805211719324916,0.0,CORREGIDO_ANCLA_OBSERVADO
2026-10-09,YURIMAGUAS,27.0,2026-10-02,2026-12-17,90,76,131.8037111764738,131.57105085029605,131.8037111764738,129.46,131.9384092600504,130.33805211719326,132.39005211719328,HIBRIDO_ANALOGO_CLIM,ANALOGO_ESTADO_V2_HIBRIDO_CLIMATOLOGIA,30,10,0.6963969832129369,OK_ANALOGOS_CONTINUIDAD_CORREGIDA,-0.12805211719324916,0.12805211719324916,0.0,CORREGIDO_ANCLA_OBSERVADO
2026-10-09,YURIMAGUAS,27.0,2026-10-02,2026-12-18,90,77,131.84445870620206,131.66151236558997,131.84445870620206,129.46,131.94662354576468,130.86405211719327,132.28805211719325,HIBRIDO_ANALOGO_CLIM,ANALOGO_ESTADO_V2_HIBRIDO_CLIMATOLOGIA,30,10,0.6963969832129369,OK_ANALOGOS_CONTINUIDAD_CORREGIDA,-0.12805211719324916,0.12805211719324916,0.0,CORREGIDO_ANCLA_OBSERVADO
2026-10-09,YURIMAGUAS,27.0,2026-10-02,2026-12-19,90,78,131.8305550497989,131.6561217205563,131.8305550497989,129.46,131.92448068862183,130.75205211719327,132.48205211719326,HIBRIDO_ANALOGO_CLIM,ANALOGO_ESTADO_V2_HIBRIDO_CLIMATOLOGIA,30,10,0.6963969832129369,OK_ANALOGOS_CONTINUIDAD_CORREGIDA,-0.12805211719324916,0.12805211719324916,0.0,CORREGIDO_ANCLA_OBSERVADO
2026-10-09,YURIMAGUAS,27.0,2026-10-02,2026-12-20,90,79,131.94658484890766,131.8563622030473,131.94658484890766,129.46,131.99340926005038,130.95105211719326,132.64705211719325,HIBRIDO_ANALOGO_CLIM,ANALOGO_ESTADO_V2_HIBRIDO_CLIMATOLOGIA,30,10,0.6963969832129369,OK_ANALOGOS_CONTINUIDAD_CORREGIDA,-0.12805211719324916,0.12805211719324916,0.0,CORREGIDO_ANCLA_OBSERVADO
2026-10-09,YURIMAGUAS,27.0,2026-10-02,2026-12-21,90,80,131.96899475195946,131.84945145006333,131.96899475195946,129.46,132.02876640290754,131.27205211719325,132.40205211719325,HIBRIDO_ANALOGO_CLIM,ANALOGO_ESTADO_V2_HIBRIDO_CLIMATOLOGIA,30,10,0.6963969832129369,OK_ANALOGOS_CONTINUIDAD_CORREGIDA,-0.12805211719324916,0.12805211719324916,0.0,CORREGIDO_ANCLA_OBSERVADO
2026-10-09,YURIMAGUAS,27.0,2026-10-02,2026-12-22,90,81,131.99538689328165,131.8822964831796,131.99538689328165,129.46,132.04983783147895,131.45805211719326,132.58805211719326,HIBRIDO_ANALOGO_CLIM,ANALOGO_ESTADO_V2_HIBRIDO_CLIMATOLOGIA,30,10,0.6963969832129369,OK_ANALOGOS_CONTINUIDAD_CORREGIDA,-0.12805211719324916,0.12805211719324916,0.0,CORREGIDO_ANCLA_OBSERVADO
2026-10-09,YURIMAGUAS,27.0,2026-10-02,2026-12-23,90,82,132.0052886031404,131.79201320063538,132.0052886031404,129.46,132.10412354576468,130.98505211719328,132.21305211719323,HIBRIDO_ANALOGO_CLIM,ANALOGO_ESTADO_V2_HIBRIDO_CLIMATOLOGIA,30,10,0.6963969832129369,OK_ANALOGOS_CONTINUIDAD_CORREGIDA,-0.12805211719324916,0.12805211719324916,0.0,CORREGIDO_ANCLA_OBSERVADO
2026-10-09,YURIMAGUAS,27.0,2026-10-02,2026-12-24,90,83,131.99212471875347,131.6343300527554,131.99212471875347,129.46,132.15162354576466,130.72905211719328,132.27505211719324,HIBRIDO_ANALOGO_CLIM,ANALOGO_ESTADO_V2_HIBRIDO_CLIMATOLOGIA,30,10,0.6963969832129369,OK_ANALOGOS_CONTINUIDAD_CORREGIDA,-0.12805211719324916,0.12805211719324916,0.0,CORREGIDO_ANCLA_OBSERVADO
2026-10-09,YURIMAGUAS,27.0,2026-10-02,2026-12-25,90,84,132.0574600766806,131.70666198215105,132.0574600766806,129.46,132.20780211719327,130.72005211719326,132.36105211719325,HIBRIDO_ANALOGO_CLIM,ANALOGO_ESTADO_V2_HIBRIDO_CLIMATOLOGIA,30,10,0.6963969832129369,OK_ANALOGOS_CONTINUIDAD_CORREGIDA,-0.12805211719324916,0.12805211719324916,0.0,CORREGIDO_ANCLA_OBSERVADO
2026-10-09,YURIMAGUAS,27.0,2026-10-02,2026-12-26,90,85,132.01501937700576,131.64770517124424,132.01501937700576,129.46,132.16626640290755,130.45905211719327,132.64605211719325,HIBRIDO_ANALOGO_CLIM,ANALOGO_ESTADO_V2_HIBRIDO_CLIMATOLOGIA,30,10,0.6963969832129369,OK_ANALOGOS_CONTINUIDAD_CORREGIDA,-0.12805211719324916,0.12805211719324916,0.0,CORREGIDO_ANCLA_OBSERVADO
2026-10-09,YURIMAGUAS,27.0,2026-10-02,2026-12-27,90,86,132.03930230224793,131.7841031904955,132.03930230224793,129.46,132.1401949743361,130.27705211719328,132.77405211719326,HIBRIDO_ANALOGO_CLIM,ANALOGO_ESTADO_V2_HIBRIDO_CLIMATOLOGIA,30,10,0.6963969832129369,OK_ANALOGOS_CONTINUIDAD_CORREGIDA,-0.12805211719324916,0.12805211719324916,0.0,CORREGIDO_ANCLA_OBSERVADO
2026-10-09,YURIMAGUAS,27.0,2026-10-02,2026-12-28,90,87,132.15873568780887,131.9468040622891,132.15873568780887,129.46,132.23912354576467,130.43405211719326,133.22905211719328,HIBRIDO_ANALOGO_CLIM,ANALOGO_ESTADO_V2_HIBRIDO_CLIMATOLOGIA,30,10,0.6963969832129369,OK_ANALOGOS_CONTINUIDAD_CORREGIDA,-0.12805211719324916,0.12805211719324916,0.0,CORREGIDO_ANCLA_OBSERVADO
2026-10-09,YURIMAGUAS,27.0,2026-10-02,2026-12-29,90,88,132.1670190199748,132.00605300262404,132.1670190199748,129.46,132.22555211719325,130.33105211719328,132.81305211719325,HIBRIDO_ANALOGO_CLIM,ANALOGO_ESTADO_V2_HIBRIDO_CLIMATOLOGIA,30,10,0.6963969832129369,OK_ANALOGOS_CONTINUIDAD_CORREGIDA,-0.12805211719324916,0.12805211719324916,0.0,CORREGIDO_ANCLA_OBSERVADO
2026-10-09,YURIMAGUAS,27.0,2026-10-02,2026-12-30,90,89,132.22092842906386,132.04359867005644,132.22092842906386,129.46,132.2826949743361,130.17705211719326,133.29305211719324,HIBRIDO_ANALOGO_CLIM,ANALOGO_ESTADO_V2_HIBRIDO_CLIMATOLOGIA,30,10,0.6963969832129369,OK_ANALOGOS_CONTINUIDAD_CORREGIDA,-0.12805211719324916,0.12805211719324916,0.0,CORREGIDO_ANCLA_OBSERVADO
2026-10-09,YURIMAGUAS,27.0,2026-10-02,2026-12-31,90,90,132.28931382388677,131.947027515396,132.28931382388677,129.46,132.40340926005038,130.08705211719325,133.20505211719325,HIBRIDO_ANALOGO_CLIM,ANALOGO_ESTADO_V2_HIBRIDO_CLIMATOLOGIA,30,10,0.6963969832129369,OK_ANALOGOS_CONTINUIDAD_CORREGIDA,-0.12805211719324916,0.12805211719324916,0.0,CORREGIDO_ANCLA_OBSERVADO
