fecha_emision,estacion,id_estacion,fecha_origen,fecha_pronostico,horizonte_dias,dia_adelante,nivel_pronosticado_m,nivel_analogos_m,nivel_hibrido_m,nivel_persistencia_m,nivel_climatologia_m,p10_m,p90_m,modelo,metodo,ventana_analogos_dias,n_analogos,distancia_media,estado,salto_inicial_original_m,correccion_continuidad_m,salto_inicial_final_m,continuidad_estado,p10_conformal_m,p90_conformal_m,conformal_q_m,n_calibracion,estado_conformal
2026-10-09,BELLAVISTA,14.0,2026-10-08,2026-10-09,30,1,3.6,3.3356559886904638,3.6,3.6,4.393032033928609,3.45755,3.7424500000000003,HIBRIDO_ANALOGO_CLIM,ANALOGO_ESTADO_V2_CONFORMAL,30,10,1.5716744432321188,OK_ANALOGOS_CONTINUIDAD_CORREGIDA,0.26138046607139165,-0.26138046607139165,0.0,CORREGIDO_ANCLA_OBSERVADO,1.0930806407113338,6.106919359288666,2.5069193592886663,240.0,OK_CALIBRADO
2026-10-09,BELLAVISTA,14.0,2026-10-08,2026-10-10,30,2,3.4780774625747646,3.1881301054568167,3.4780774625747646,3.6,4.347919533928609,3.062077462574764,3.894077462574765,HIBRIDO_ANALOGO_CLIM,ANALOGO_ESTADO_V2_CONFORMAL,30,10,1.5716744432321188,OK_ANALOGOS_CONTINUIDAD_CORREGIDA,0.26138046607139165,-0.26138046607139165,0.0,CORREGIDO_ANCLA_OBSERVADO,0.9711581032860983,5.984996821863431,2.5069193592886663,240.0,OK_CALIBRADO
2026-10-09,BELLAVISTA,14.0,2026-10-08,2026-10-11,30,3,3.457914815080748,3.173942408798128,3.457914815080748,3.6,4.309832033928608,2.930914815080748,3.984914815080748,HIBRIDO_ANALOGO_CLIM,ANALOGO_ESTADO_V2_CONFORMAL,30,10,1.5716744432321188,OK_ANALOGOS_CONTINUIDAD_CORREGIDA,0.26138046607139165,-0.26138046607139165,0.0,CORREGIDO_ANCLA_OBSERVADO,0.9509954557920817,5.964834174369415,2.5069193592886663,240.0,OK_CALIBRADO
2026-10-09,BELLAVISTA,14.0,2026-10-08,2026-10-12,30,4,3.4238495647100495,3.1240762416371965,3.4238495647100495,3.6,4.323169533928608,2.89134956471005,3.9563495647100493,HIBRIDO_ANALOGO_CLIM,ANALOGO_ESTADO_V2_CONFORMAL,30,10,1.5716744432321188,OK_ANALOGOS_CONTINUIDAD_CORREGIDA,0.26138046607139165,-0.26138046607139165,0.0,CORREGIDO_ANCLA_OBSERVADO,0.9169302054213833,5.930768923998716,2.5069193592886663,240.0,OK_CALIBRADO
2026-10-09,BELLAVISTA,14.0,2026-10-08,2026-10-13,30,5,3.432770261943085,3.1221205046145775,3.432770261943085,3.6,4.364719533928609,2.8252702619430847,4.0402702619430855,HIBRIDO_ANALOGO_CLIM,ANALOGO_ESTADO_V2_CONFORMAL,30,10,1.5716744432321188,OK_ANALOGOS_CONTINUIDAD_CORREGIDA,0.26138046607139165,-0.26138046607139165,0.0,CORREGIDO_ANCLA_OBSERVADO,0.9258509026544188,5.939689621231752,2.5069193592886663,240.0,OK_CALIBRADO
2026-10-09,BELLAVISTA,14.0,2026-10-08,2026-10-14,30,6,3.460304573349703,3.146066253156735,3.460304573349703,3.6,4.4030195339286085,2.789854573349703,4.130754573349703,HIBRIDO_ANALOGO_CLIM,ANALOGO_ESTADO_V2_CONFORMAL,30,10,1.5716744432321188,OK_ANALOGOS_CONTINUIDAD_CORREGIDA,0.26138046607139165,-0.26138046607139165,0.0,CORREGIDO_ANCLA_OBSERVADO,0.9533852140610368,5.967223932638369,2.5069193592886663,240.0,OK_CALIBRADO
2026-10-09,BELLAVISTA,14.0,2026-10-08,2026-10-15,30,7,3.6152490780996933,3.3324755928233882,3.6152490780996933,3.6,4.463569533928608,2.760399078099694,4.470099078099693,HIBRIDO_ANALOGO_CLIM,ANALOGO_ESTADO_V2_CONFORMAL,30,10,1.5716744432321188,OK_ANALOGOS_CONTINUIDAD_CORREGIDA,0.26138046607139165,-0.26138046607139165,0.0,CORREGIDO_ANCLA_OBSERVADO,1.108329718811027,6.12216843738836,2.5069193592886663,240.0,OK_CALIBRADO
2026-10-09,BELLAVISTA,14.0,2026-10-08,2026-10-16,30,8,3.783403744476114,3.5441151479919486,3.783403744476114,3.6,4.501269533928609,2.446153744476114,5.1206537444761135,HIBRIDO_ANALOGO_CLIM,ANALOGO_ESTADO_V2_CONFORMAL,30,10,1.5716744432321188,OK_ANALOGOS_CONTINUIDAD_CORREGIDA,0.26138046607139165,-0.26138046607139165,0.0,CORREGIDO_ANCLA_OBSERVADO,1.2764843851874477,6.290323103764781,2.5069193592886663,240.0,OK_CALIBRADO
2026-10-09,BELLAVISTA,14.0,2026-10-08,2026-10-17,30,9,3.817336066121961,3.582091576853079,3.817336066121961,3.6,4.5230695339286076,2.6923360661219613,4.94233606612196,HIBRIDO_ANALOGO_CLIM,ANALOGO_ESTADO_V2_CONFORMAL,30,10,1.5716744432321188,OK_ANALOGOS_CONTINUIDAD_CORREGIDA,0.26138046607139165,-0.26138046607139165,0.0,CORREGIDO_ANCLA_OBSERVADO,1.3104167068332946,6.324255425410627,2.5069193592886663,240.0,OK_CALIBRADO
2026-10-09,BELLAVISTA,14.0,2026-10-08,2026-10-18,30,10,3.813011062915613,3.576454072577948,3.813011062915613,3.6,4.522682033928609,2.7310110629156137,4.8950110629156125,HIBRIDO_ANALOGO_CLIM,ANALOGO_ESTADO_V2_CONFORMAL,30,10,1.5716744432321188,OK_ANALOGOS_CONTINUIDAD_CORREGIDA,0.26138046607139165,-0.26138046607139165,0.0,CORREGIDO_ANCLA_OBSERVADO,1.3060917036269468,6.31993042220428,2.5069193592886663,240.0,OK_CALIBRADO
2026-10-09,BELLAVISTA,14.0,2026-10-08,2026-10-19,30,11,3.829422820832652,3.607407249800667,3.829422820832652,3.6,4.495469533928608,2.777922820832652,4.880922820832652,HIBRIDO_ANALOGO_CLIM,ANALOGO_ESTADO_V2_CONFORMAL,30,10,1.5716744432321188,OK_ANALOGOS_CONTINUIDAD_CORREGIDA,0.26138046607139165,-0.26138046607139165,0.0,CORREGIDO_ANCLA_OBSERVADO,1.322503461543986,6.336342180121319,2.5069193592886663,240.0,OK_CALIBRADO
2026-10-09,BELLAVISTA,14.0,2026-10-08,2026-10-20,30,12,3.8748939459268086,3.6718104165928755,3.8748939459268086,3.6,4.484144533928609,2.7528939459268087,4.996893945926809,HIBRIDO_ANALOGO_CLIM,ANALOGO_ESTADO_V2_CONFORMAL,30,10,1.5716744432321188,OK_ANALOGOS_CONTINUIDAD_CORREGIDA,0.26138046607139165,-0.26138046607139165,0.0,CORREGIDO_ANCLA_OBSERVADO,1.3679745866381423,6.381813305215475,2.5069193592886663,240.0,OK_CALIBRADO
2026-10-09,BELLAVISTA,14.0,2026-10-08,2026-10-21,30,13,3.985252921725501,3.809439050991131,3.985252921725501,3.6,4.512694533928608,2.770252921725501,5.2002529217255,HIBRIDO_ANALOGO_CLIM,ANALOGO_ESTADO_V2_CONFORMAL,30,10,1.5716744432321188,OK_ANALOGOS_CONTINUIDAD_CORREGIDA,0.26138046607139165,-0.26138046607139165,0.0,CORREGIDO_ANCLA_OBSERVADO,1.4783335624368346,6.492172281014167,2.5069193592886663,240.0,OK_CALIBRADO
2026-10-09,BELLAVISTA,14.0,2026-10-08,2026-10-22,30,14,4.027650152649548,3.865552025556527,4.027650152649548,3.6,4.513944533928608,2.7231501526495485,5.3321501526495485,HIBRIDO_ANALOGO_CLIM,ANALOGO_ESTADO_V2_CONFORMAL,30,10,1.5716744432321188,OK_ANALOGOS_CONTINUIDAD_CORREGIDA,0.26138046607139165,-0.26138046607139165,0.0,CORREGIDO_ANCLA_OBSERVADO,1.5207307933608813,6.534569511938214,2.5069193592886663,240.0,OK_CALIBRADO
2026-10-09,BELLAVISTA,14.0,2026-10-08,2026-10-23,30,15,4.083378760718386,3.946248502981646,4.083378760718386,3.6,4.494769533928608,2.6978787607183867,5.468878760718386,HIBRIDO_ANALOGO_CLIM,ANALOGO_ESTADO_V2_CONFORMAL,30,10,1.5716744432321188,OK_ANALOGOS_CONTINUIDAD_CORREGIDA,0.26138046607139165,-0.26138046607139165,0.0,CORREGIDO_ANCLA_OBSERVADO,1.5764594014297195,6.590298120007052,2.5069193592886663,240.0,OK_CALIBRADO
2026-10-09,BELLAVISTA,14.0,2026-10-08,2026-10-24,30,16,4.157428670725244,4.045281716324123,4.157428670725244,3.6,4.493869533928608,2.7719286707252437,5.542928670725244,HIBRIDO_ANALOGO_CLIM,ANALOGO_ESTADO_V2_CONFORMAL,30,10,1.5716744432321188,OK_ANALOGOS_CONTINUIDAD_CORREGIDA,0.26138046607139165,-0.26138046607139165,0.0,CORREGIDO_ANCLA_OBSERVADO,1.6505093114365774,6.66434803001391,2.5069193592886663,240.0,OK_CALIBRADO
2026-10-09,BELLAVISTA,14.0,2026-10-08,2026-10-25,30,17,4.12399483181534,4.0105199311109185,4.12399483181534,3.6,4.464419533928609,2.9099948318153404,5.33799483181534,HIBRIDO_ANALOGO_CLIM,ANALOGO_ESTADO_V2_CONFORMAL,30,10,1.5716744432321188,OK_ANALOGOS_CONTINUIDAD_CORREGIDA,0.26138046607139165,-0.26138046607139165,0.0,CORREGIDO_ANCLA_OBSERVADO,1.6170754725266736,6.630914191104006,2.5069193592886663,240.0,OK_CALIBRADO
2026-10-09,BELLAVISTA,14.0,2026-10-08,2026-10-26,30,18,4.2571650363259455,4.194513537125058,4.2571650363259455,3.6,4.445119533928608,3.080165036325946,5.434165036325945,HIBRIDO_ANALOGO_CLIM,ANALOGO_ESTADO_V2_CONFORMAL,30,10,1.5716744432321188,OK_ANALOGOS_CONTINUIDAD_CORREGIDA,0.26138046607139165,-0.26138046607139165,0.0,CORREGIDO_ANCLA_OBSERVADO,1.7502456770372792,6.764084395614612,2.5069193592886663,240.0,OK_CALIBRADO
2026-10-09,BELLAVISTA,14.0,2026-10-08,2026-10-27,30,19,4.19164356284614,4.109568239151985,4.19164356284614,3.6,4.437869533928609,3.0916435628461403,5.29164356284614,HIBRIDO_ANALOGO_CLIM,ANALOGO_ESTADO_V2_CONFORMAL,30,10,1.5716744432321188,OK_ANALOGOS_CONTINUIDAD_CORREGIDA,0.26138046607139165,-0.26138046607139165,0.0,CORREGIDO_ANCLA_OBSERVADO,1.684724203557474,6.698562922134807,2.5069193592886663,240.0,OK_CALIBRADO
2026-10-09,BELLAVISTA,14.0,2026-10-08,2026-10-28,30,20,4.146208014822179,4.049420841786704,4.146208014822179,3.6,4.436569533928608,3.0882080148221798,5.2042080148221785,HIBRIDO_ANALOGO_CLIM,ANALOGO_ESTADO_V2_CONFORMAL,30,10,1.5716744432321188,OK_ANALOGOS_CONTINUIDAD_CORREGIDA,0.26138046607139165,-0.26138046607139165,0.0,CORREGIDO_ANCLA_OBSERVADO,1.6392886555335124,6.653127374110845,2.5069193592886663,240.0,OK_CALIBRADO
2026-10-09,BELLAVISTA,14.0,2026-10-08,2026-10-29,30,21,4.15021866238239,4.04361003853365,4.15021866238239,3.6,4.470044533928608,3.1312186623823894,5.16921866238239,HIBRIDO_ANALOGO_CLIM,ANALOGO_ESTADO_V2_CONFORMAL,30,10,1.5716744432321188,OK_ANALOGOS_CONTINUIDAD_CORREGIDA,0.26138046607139165,-0.26138046607139165,0.0,CORREGIDO_ANCLA_OBSERVADO,1.6432993030937233,6.657138021671056,2.5069193592886663,240.0,OK_CALIBRADO
2026-10-09,BELLAVISTA,14.0,2026-10-08,2026-10-30,30,22,4.173451534567841,4.062174701447585,4.173451534567841,3.6,4.5072820339286075,3.1964515345678417,5.150451534567841,HIBRIDO_ANALOGO_CLIM,ANALOGO_ESTADO_V2_CONFORMAL,30,10,1.5716744432321188,OK_ANALOGOS_CONTINUIDAD_CORREGIDA,0.26138046607139165,-0.26138046607139165,0.0,CORREGIDO_ANCLA_OBSERVADO,1.6665321752791744,6.680370893856507,2.5069193592886663,240.0,OK_CALIBRADO
2026-10-09,BELLAVISTA,14.0,2026-10-08,2026-10-31,30,23,4.1959882780733935,4.0871070261216556,4.1959882780733935,3.6,4.522632033928609,3.133488278073394,5.258488278073395,HIBRIDO_ANALOGO_CLIM,ANALOGO_ESTADO_V2_CONFORMAL,30,10,1.5716744432321188,OK_ANALOGOS_CONTINUIDAD_CORREGIDA,0.26138046607139165,-0.26138046607139165,0.0,CORREGIDO_ANCLA_OBSERVADO,1.6890689187847272,6.70290763736206,2.5069193592886663,240.0,OK_CALIBRADO
2026-10-09,BELLAVISTA,14.0,2026-10-08,2026-11-01,30,24,4.1264707848059174,3.998295185504858,4.1264707848059174,3.6,4.510997582709097,3.1874707848059183,5.0654707848059175,HIBRIDO_ANALOGO_CLIM,ANALOGO_ESTADO_V2_CONFORMAL,30,10,1.5716744432321188,OK_ANALOGOS_CONTINUIDAD_CORREGIDA,0.26138046607139165,-0.26138046607139165,0.0,CORREGIDO_ANCLA_OBSERVADO,1.6195514255172512,6.633390144094584,2.5069193592886663,240.0,OK_CALIBRADO
2026-10-09,BELLAVISTA,14.0,2026-10-08,2026-11-02,30,25,4.048210756464826,3.8922249038142964,4.048210756464826,3.6,4.516168314416413,3.0877107564648254,5.008710756464826,HIBRIDO_ANALOGO_CLIM,ANALOGO_ESTADO_V2_CONFORMAL,30,10,1.5716744432321188,OK_ANALOGOS_CONTINUIDAD_CORREGIDA,0.26138046607139165,-0.26138046607139165,0.0,CORREGIDO_ANCLA_OBSERVADO,1.5412913971761597,6.555130115753492,2.5069193592886663,240.0,OK_CALIBRADO
2026-10-09,BELLAVISTA,14.0,2026-10-08,2026-11-03,30,26,3.9785261293563923,3.7917470270193117,3.9785261293563923,3.6,4.538863436367633,2.913026129356393,5.044026129356391,HIBRIDO_ANALOGO_CLIM,ANALOGO_ESTADO_V2_CONFORMAL,30,10,1.5716744432321188,OK_ANALOGOS_CONTINUIDAD_CORREGIDA,0.26138046607139165,-0.26138046607139165,0.0,CORREGIDO_ANCLA_OBSERVADO,1.471606770067726,6.485445488645059,2.5069193592886663,240.0,OK_CALIBRADO
2026-10-09,BELLAVISTA,14.0,2026-10-08,2026-11-04,30,27,3.8976448814356606,3.669909428165654,3.8976448814356606,3.6,4.580851241245682,2.761144881435661,5.03414488143566,HIBRIDO_ANALOGO_CLIM,ANALOGO_ESTADO_V2_CONFORMAL,30,10,1.5716744432321188,OK_ANALOGOS_CONTINUIDAD_CORREGIDA,0.26138046607139165,-0.26138046607139165,0.0,CORREGIDO_ANCLA_OBSERVADO,1.3907255221469943,6.404564240724326,2.5069193592886663,240.0,OK_CALIBRADO
2026-10-09,BELLAVISTA,14.0,2026-10-08,2026-11-05,30,28,3.862875099333896,3.6133708569080167,3.862875099333896,3.6,4.611387826611535,2.598375099333896,5.1273750993338965,HIBRIDO_ANALOGO_CLIM,ANALOGO_ESTADO_V2_CONFORMAL,30,10,1.5716744432321188,OK_ANALOGOS_CONTINUIDAD_CORREGIDA,0.26138046607139165,-0.26138046607139165,0.0,CORREGIDO_ANCLA_OBSERVADO,1.3559557400452298,6.369794458622563,2.5069193592886663,240.0,OK_CALIBRADO
2026-10-09,BELLAVISTA,14.0,2026-10-08,2026-11-06,30,29,3.778573261689416,3.4884440164714734,3.778573261689416,3.6,4.648960997343243,2.403073261689416,5.154073261689415,HIBRIDO_ANALOGO_CLIM,ANALOGO_ESTADO_V2_CONFORMAL,30,10,1.5716744432321188,OK_ANALOGOS_CONTINUIDAD_CORREGIDA,0.26138046607139165,-0.26138046607139165,0.0,CORREGIDO_ANCLA_OBSERVADO,1.2716539024007498,6.285492620978083,2.5069193592886663,240.0,OK_CALIBRADO
2026-10-09,BELLAVISTA,14.0,2026-10-08,2026-11-07,30,30,3.7716466359033265,3.4757532308705086,3.7716466359033265,3.6,4.659326851001779,2.4146466359033267,5.128646635903326,HIBRIDO_ANALOGO_CLIM,ANALOGO_ESTADO_V2_CONFORMAL,30,10,1.5716744432321188,OK_ANALOGOS_CONTINUIDAD_CORREGIDA,0.26138046607139165,-0.26138046607139165,0.0,CORREGIDO_ANCLA_OBSERVADO,1.2647272766146602,6.278565995191993,2.5069193592886663,240.0,OK_CALIBRADO
2026-10-09,BELLAVISTA,14.0,2026-10-08,2026-10-09,60,1,3.6,3.3356559886904638,3.6,3.6,4.393032033928609,3.45755,3.7424500000000003,HIBRIDO_ANALOGO_CLIM,ANALOGO_ESTADO_V2_CONFORMAL,30,10,1.5716744432321188,OK_ANALOGOS_CONTINUIDAD_CORREGIDA,0.26138046607139165,-0.26138046607139165,0.0,CORREGIDO_ANCLA_OBSERVADO,1.2071109068993997,5.992889093100601,2.3928890931006004,480.0,OK_CALIBRADO
2026-10-09,BELLAVISTA,14.0,2026-10-08,2026-10-10,60,2,3.4780774625747646,3.1881301054568167,3.4780774625747646,3.6,4.347919533928609,3.062077462574764,3.894077462574765,HIBRIDO_ANALOGO_CLIM,ANALOGO_ESTADO_V2_CONFORMAL,30,10,1.5716744432321188,OK_ANALOGOS_CONTINUIDAD_CORREGIDA,0.26138046607139165,-0.26138046607139165,0.0,CORREGIDO_ANCLA_OBSERVADO,1.0851883694741642,5.8709665556753645,2.3928890931006004,480.0,OK_CALIBRADO
2026-10-09,BELLAVISTA,14.0,2026-10-08,2026-10-11,60,3,3.457914815080748,3.173942408798128,3.457914815080748,3.6,4.309832033928608,2.930914815080748,3.984914815080748,HIBRIDO_ANALOGO_CLIM,ANALOGO_ESTADO_V2_CONFORMAL,30,10,1.5716744432321188,OK_ANALOGOS_CONTINUIDAD_CORREGIDA,0.26138046607139165,-0.26138046607139165,0.0,CORREGIDO_ANCLA_OBSERVADO,1.0650257219801476,5.850803908181348,2.3928890931006004,480.0,OK_CALIBRADO
2026-10-09,BELLAVISTA,14.0,2026-10-08,2026-10-12,60,4,3.4238495647100495,3.1240762416371965,3.4238495647100495,3.6,4.323169533928608,2.89134956471005,3.9563495647100493,HIBRIDO_ANALOGO_CLIM,ANALOGO_ESTADO_V2_CONFORMAL,30,10,1.5716744432321188,OK_ANALOGOS_CONTINUIDAD_CORREGIDA,0.26138046607139165,-0.26138046607139165,0.0,CORREGIDO_ANCLA_OBSERVADO,1.0309604716094491,5.8167386578106495,2.3928890931006004,480.0,OK_CALIBRADO
2026-10-09,BELLAVISTA,14.0,2026-10-08,2026-10-13,60,5,3.432770261943085,3.1221205046145775,3.432770261943085,3.6,4.364719533928609,2.8252702619430847,4.0402702619430855,HIBRIDO_ANALOGO_CLIM,ANALOGO_ESTADO_V2_CONFORMAL,30,10,1.5716744432321188,OK_ANALOGOS_CONTINUIDAD_CORREGIDA,0.26138046607139165,-0.26138046607139165,0.0,CORREGIDO_ANCLA_OBSERVADO,1.0398811688424847,5.825659355043685,2.3928890931006004,480.0,OK_CALIBRADO
2026-10-09,BELLAVISTA,14.0,2026-10-08,2026-10-14,60,6,3.460304573349703,3.146066253156735,3.460304573349703,3.6,4.4030195339286085,2.789854573349703,4.130754573349703,HIBRIDO_ANALOGO_CLIM,ANALOGO_ESTADO_V2_CONFORMAL,30,10,1.5716744432321188,OK_ANALOGOS_CONTINUIDAD_CORREGIDA,0.26138046607139165,-0.26138046607139165,0.0,CORREGIDO_ANCLA_OBSERVADO,1.0674154802491027,5.853193666450304,2.3928890931006004,480.0,OK_CALIBRADO
2026-10-09,BELLAVISTA,14.0,2026-10-08,2026-10-15,60,7,3.6152490780996933,3.3324755928233882,3.6152490780996933,3.6,4.463569533928608,2.760399078099694,4.470099078099693,HIBRIDO_ANALOGO_CLIM,ANALOGO_ESTADO_V2_CONFORMAL,30,10,1.5716744432321188,OK_ANALOGOS_CONTINUIDAD_CORREGIDA,0.26138046607139165,-0.26138046607139165,0.0,CORREGIDO_ANCLA_OBSERVADO,1.222359984999093,6.008138171200294,2.3928890931006004,480.0,OK_CALIBRADO
2026-10-09,BELLAVISTA,14.0,2026-10-08,2026-10-16,60,8,3.783403744476114,3.5441151479919486,3.783403744476114,3.6,4.501269533928609,2.446153744476114,5.1206537444761135,HIBRIDO_ANALOGO_CLIM,ANALOGO_ESTADO_V2_CONFORMAL,30,10,1.5716744432321188,OK_ANALOGOS_CONTINUIDAD_CORREGIDA,0.26138046607139165,-0.26138046607139165,0.0,CORREGIDO_ANCLA_OBSERVADO,1.3905146513755136,6.176292837576714,2.3928890931006004,480.0,OK_CALIBRADO
2026-10-09,BELLAVISTA,14.0,2026-10-08,2026-10-17,60,9,3.817336066121961,3.582091576853079,3.817336066121961,3.6,4.5230695339286076,2.6923360661219613,4.94233606612196,HIBRIDO_ANALOGO_CLIM,ANALOGO_ESTADO_V2_CONFORMAL,30,10,1.5716744432321188,OK_ANALOGOS_CONTINUIDAD_CORREGIDA,0.26138046607139165,-0.26138046607139165,0.0,CORREGIDO_ANCLA_OBSERVADO,1.4244469730213605,6.210225159222562,2.3928890931006004,480.0,OK_CALIBRADO
2026-10-09,BELLAVISTA,14.0,2026-10-08,2026-10-18,60,10,3.813011062915613,3.576454072577948,3.813011062915613,3.6,4.522682033928609,2.7310110629156137,4.8950110629156125,HIBRIDO_ANALOGO_CLIM,ANALOGO_ESTADO_V2_CONFORMAL,30,10,1.5716744432321188,OK_ANALOGOS_CONTINUIDAD_CORREGIDA,0.26138046607139165,-0.26138046607139165,0.0,CORREGIDO_ANCLA_OBSERVADO,1.4201219698150127,6.205900156016213,2.3928890931006004,480.0,OK_CALIBRADO
2026-10-09,BELLAVISTA,14.0,2026-10-08,2026-10-19,60,11,3.829422820832652,3.607407249800667,3.829422820832652,3.6,4.495469533928608,2.777922820832652,4.880922820832652,HIBRIDO_ANALOGO_CLIM,ANALOGO_ESTADO_V2_CONFORMAL,30,10,1.5716744432321188,OK_ANALOGOS_CONTINUIDAD_CORREGIDA,0.26138046607139165,-0.26138046607139165,0.0,CORREGIDO_ANCLA_OBSERVADO,1.4365337277320518,6.222311913933252,2.3928890931006004,480.0,OK_CALIBRADO
2026-10-09,BELLAVISTA,14.0,2026-10-08,2026-10-20,60,12,3.8748939459268086,3.6718104165928755,3.8748939459268086,3.6,4.484144533928609,2.7528939459268087,4.996893945926809,HIBRIDO_ANALOGO_CLIM,ANALOGO_ESTADO_V2_CONFORMAL,30,10,1.5716744432321188,OK_ANALOGOS_CONTINUIDAD_CORREGIDA,0.26138046607139165,-0.26138046607139165,0.0,CORREGIDO_ANCLA_OBSERVADO,1.4820048528262082,6.2677830390274085,2.3928890931006004,480.0,OK_CALIBRADO
2026-10-09,BELLAVISTA,14.0,2026-10-08,2026-10-21,60,13,3.985252921725501,3.809439050991131,3.985252921725501,3.6,4.512694533928608,2.770252921725501,5.2002529217255,HIBRIDO_ANALOGO_CLIM,ANALOGO_ESTADO_V2_CONFORMAL,30,10,1.5716744432321188,OK_ANALOGOS_CONTINUIDAD_CORREGIDA,0.26138046607139165,-0.26138046607139165,0.0,CORREGIDO_ANCLA_OBSERVADO,1.5923638286249004,6.378142014826102,2.3928890931006004,480.0,OK_CALIBRADO
2026-10-09,BELLAVISTA,14.0,2026-10-08,2026-10-22,60,14,4.027650152649548,3.865552025556527,4.027650152649548,3.6,4.513944533928608,2.7231501526495485,5.3321501526495485,HIBRIDO_ANALOGO_CLIM,ANALOGO_ESTADO_V2_CONFORMAL,30,10,1.5716744432321188,OK_ANALOGOS_CONTINUIDAD_CORREGIDA,0.26138046607139165,-0.26138046607139165,0.0,CORREGIDO_ANCLA_OBSERVADO,1.6347610595489472,6.420539245750148,2.3928890931006004,480.0,OK_CALIBRADO
2026-10-09,BELLAVISTA,14.0,2026-10-08,2026-10-23,60,15,4.083378760718386,3.946248502981646,4.083378760718386,3.6,4.494769533928608,2.6978787607183867,5.468878760718386,HIBRIDO_ANALOGO_CLIM,ANALOGO_ESTADO_V2_CONFORMAL,30,10,1.5716744432321188,OK_ANALOGOS_CONTINUIDAD_CORREGIDA,0.26138046607139165,-0.26138046607139165,0.0,CORREGIDO_ANCLA_OBSERVADO,1.6904896676177854,6.476267853818986,2.3928890931006004,480.0,OK_CALIBRADO
2026-10-09,BELLAVISTA,14.0,2026-10-08,2026-10-24,60,16,4.157428670725244,4.045281716324123,4.157428670725244,3.6,4.493869533928608,2.7719286707252437,5.542928670725244,HIBRIDO_ANALOGO_CLIM,ANALOGO_ESTADO_V2_CONFORMAL,30,10,1.5716744432321188,OK_ANALOGOS_CONTINUIDAD_CORREGIDA,0.26138046607139165,-0.26138046607139165,0.0,CORREGIDO_ANCLA_OBSERVADO,1.7645395776246433,6.550317763825844,2.3928890931006004,480.0,OK_CALIBRADO
2026-10-09,BELLAVISTA,14.0,2026-10-08,2026-10-25,60,17,4.12399483181534,4.0105199311109185,4.12399483181534,3.6,4.464419533928609,2.9099948318153404,5.33799483181534,HIBRIDO_ANALOGO_CLIM,ANALOGO_ESTADO_V2_CONFORMAL,30,10,1.5716744432321188,OK_ANALOGOS_CONTINUIDAD_CORREGIDA,0.26138046607139165,-0.26138046607139165,0.0,CORREGIDO_ANCLA_OBSERVADO,1.7311057387147395,6.51688392491594,2.3928890931006004,480.0,OK_CALIBRADO
2026-10-09,BELLAVISTA,14.0,2026-10-08,2026-10-26,60,18,4.2571650363259455,4.194513537125058,4.2571650363259455,3.6,4.445119533928608,3.080165036325946,5.434165036325945,HIBRIDO_ANALOGO_CLIM,ANALOGO_ESTADO_V2_CONFORMAL,30,10,1.5716744432321188,OK_ANALOGOS_CONTINUIDAD_CORREGIDA,0.26138046607139165,-0.26138046607139165,0.0,CORREGIDO_ANCLA_OBSERVADO,1.864275943225345,6.650054129426546,2.3928890931006004,480.0,OK_CALIBRADO
2026-10-09,BELLAVISTA,14.0,2026-10-08,2026-10-27,60,19,4.19164356284614,4.109568239151985,4.19164356284614,3.6,4.437869533928609,3.0916435628461403,5.29164356284614,HIBRIDO_ANALOGO_CLIM,ANALOGO_ESTADO_V2_CONFORMAL,30,10,1.5716744432321188,OK_ANALOGOS_CONTINUIDAD_CORREGIDA,0.26138046607139165,-0.26138046607139165,0.0,CORREGIDO_ANCLA_OBSERVADO,1.79875446974554,6.584532655946741,2.3928890931006004,480.0,OK_CALIBRADO
2026-10-09,BELLAVISTA,14.0,2026-10-08,2026-10-28,60,20,4.146208014822179,4.049420841786704,4.146208014822179,3.6,4.436569533928608,3.0882080148221798,5.2042080148221785,HIBRIDO_ANALOGO_CLIM,ANALOGO_ESTADO_V2_CONFORMAL,30,10,1.5716744432321188,OK_ANALOGOS_CONTINUIDAD_CORREGIDA,0.26138046607139165,-0.26138046607139165,0.0,CORREGIDO_ANCLA_OBSERVADO,1.7533189217215783,6.539097107922779,2.3928890931006004,480.0,OK_CALIBRADO
2026-10-09,BELLAVISTA,14.0,2026-10-08,2026-10-29,60,21,4.15021866238239,4.04361003853365,4.15021866238239,3.6,4.470044533928608,3.1312186623823894,5.16921866238239,HIBRIDO_ANALOGO_CLIM,ANALOGO_ESTADO_V2_CONFORMAL,30,10,1.5716744432321188,OK_ANALOGOS_CONTINUIDAD_CORREGIDA,0.26138046607139165,-0.26138046607139165,0.0,CORREGIDO_ANCLA_OBSERVADO,1.7573295692817892,6.54310775548299,2.3928890931006004,480.0,OK_CALIBRADO
2026-10-09,BELLAVISTA,14.0,2026-10-08,2026-10-30,60,22,4.173451534567841,4.062174701447585,4.173451534567841,3.6,4.5072820339286075,3.1964515345678417,5.150451534567841,HIBRIDO_ANALOGO_CLIM,ANALOGO_ESTADO_V2_CONFORMAL,30,10,1.5716744432321188,OK_ANALOGOS_CONTINUIDAD_CORREGIDA,0.26138046607139165,-0.26138046607139165,0.0,CORREGIDO_ANCLA_OBSERVADO,1.7805624414672403,6.566340627668441,2.3928890931006004,480.0,OK_CALIBRADO
2026-10-09,BELLAVISTA,14.0,2026-10-08,2026-10-31,60,23,4.1959882780733935,4.0871070261216556,4.1959882780733935,3.6,4.522632033928609,3.133488278073394,5.258488278073395,HIBRIDO_ANALOGO_CLIM,ANALOGO_ESTADO_V2_CONFORMAL,30,10,1.5716744432321188,OK_ANALOGOS_CONTINUIDAD_CORREGIDA,0.26138046607139165,-0.26138046607139165,0.0,CORREGIDO_ANCLA_OBSERVADO,1.803099184972793,6.588877371173994,2.3928890931006004,480.0,OK_CALIBRADO
2026-10-09,BELLAVISTA,14.0,2026-10-08,2026-11-01,60,24,4.1264707848059174,3.998295185504858,4.1264707848059174,3.6,4.510997582709097,3.1874707848059183,5.0654707848059175,HIBRIDO_ANALOGO_CLIM,ANALOGO_ESTADO_V2_CONFORMAL,30,10,1.5716744432321188,OK_ANALOGOS_CONTINUIDAD_CORREGIDA,0.26138046607139165,-0.26138046607139165,0.0,CORREGIDO_ANCLA_OBSERVADO,1.733581691705317,6.519359877906518,2.3928890931006004,480.0,OK_CALIBRADO
2026-10-09,BELLAVISTA,14.0,2026-10-08,2026-11-02,60,25,4.048210756464826,3.8922249038142964,4.048210756464826,3.6,4.516168314416413,3.0877107564648254,5.008710756464826,HIBRIDO_ANALOGO_CLIM,ANALOGO_ESTADO_V2_CONFORMAL,30,10,1.5716744432321188,OK_ANALOGOS_CONTINUIDAD_CORREGIDA,0.26138046607139165,-0.26138046607139165,0.0,CORREGIDO_ANCLA_OBSERVADO,1.6553216633642256,6.441099849565426,2.3928890931006004,480.0,OK_CALIBRADO
2026-10-09,BELLAVISTA,14.0,2026-10-08,2026-11-03,60,26,3.9785261293563923,3.7917470270193117,3.9785261293563923,3.6,4.538863436367633,2.913026129356393,5.044026129356391,HIBRIDO_ANALOGO_CLIM,ANALOGO_ESTADO_V2_CONFORMAL,30,10,1.5716744432321188,OK_ANALOGOS_CONTINUIDAD_CORREGIDA,0.26138046607139165,-0.26138046607139165,0.0,CORREGIDO_ANCLA_OBSERVADO,1.5856370362557919,6.371415222456992,2.3928890931006004,480.0,OK_CALIBRADO
2026-10-09,BELLAVISTA,14.0,2026-10-08,2026-11-04,60,27,3.8976448814356606,3.669909428165654,3.8976448814356606,3.6,4.580851241245682,2.761144881435661,5.03414488143566,HIBRIDO_ANALOGO_CLIM,ANALOGO_ESTADO_V2_CONFORMAL,30,10,1.5716744432321188,OK_ANALOGOS_CONTINUIDAD_CORREGIDA,0.26138046607139165,-0.26138046607139165,0.0,CORREGIDO_ANCLA_OBSERVADO,1.5047557883350602,6.290533974536261,2.3928890931006004,480.0,OK_CALIBRADO
2026-10-09,BELLAVISTA,14.0,2026-10-08,2026-11-05,60,28,3.862875099333896,3.6133708569080167,3.862875099333896,3.6,4.611387826611535,2.598375099333896,5.1273750993338965,HIBRIDO_ANALOGO_CLIM,ANALOGO_ESTADO_V2_CONFORMAL,30,10,1.5716744432321188,OK_ANALOGOS_CONTINUIDAD_CORREGIDA,0.26138046607139165,-0.26138046607139165,0.0,CORREGIDO_ANCLA_OBSERVADO,1.4699860062332957,6.255764192434496,2.3928890931006004,480.0,OK_CALIBRADO
2026-10-09,BELLAVISTA,14.0,2026-10-08,2026-11-06,60,29,3.778573261689416,3.4884440164714734,3.778573261689416,3.6,4.648960997343243,2.403073261689416,5.154073261689415,HIBRIDO_ANALOGO_CLIM,ANALOGO_ESTADO_V2_CONFORMAL,30,10,1.5716744432321188,OK_ANALOGOS_CONTINUIDAD_CORREGIDA,0.26138046607139165,-0.26138046607139165,0.0,CORREGIDO_ANCLA_OBSERVADO,1.3856841685888157,6.171462354790016,2.3928890931006004,480.0,OK_CALIBRADO
2026-10-09,BELLAVISTA,14.0,2026-10-08,2026-11-07,60,30,3.7716466359033265,3.4757532308705086,3.7716466359033265,3.6,4.659326851001779,2.4146466359033267,5.128646635903326,HIBRIDO_ANALOGO_CLIM,ANALOGO_ESTADO_V2_CONFORMAL,30,10,1.5716744432321188,OK_ANALOGOS_CONTINUIDAD_CORREGIDA,0.26138046607139165,-0.26138046607139165,0.0,CORREGIDO_ANCLA_OBSERVADO,1.378757542802726,6.164535729003926,2.3928890931006004,480.0,OK_CALIBRADO
2026-10-09,BELLAVISTA,14.0,2026-10-08,2026-11-08,60,31,3.7673113232284234,3.4501484742835253,3.7673113232284234,3.6,4.677875631489584,2.390311323228423,5.144311323228424,HIBRIDO_ANALOGO_CLIM,ANALOGO_ESTADO_V2_CONFORMAL,30,10,1.5716744432321188,OK_ANALOGOS_CONTINUIDAD_CORREGIDA,0.26138046607139165,-0.26138046607139165,0.0,CORREGIDO_ANCLA_OBSERVADO,1.374422230127823,6.160200416329024,2.3928890931006004,480.0,OK_CALIBRADO
2026-10-09,BELLAVISTA,14.0,2026-10-08,2026-11-09,60,32,3.7276655021689566,3.3792919739902807,3.7276655021689566,3.6,4.685692704660315,2.3661655021689567,5.089165502168957,HIBRIDO_ANALOGO_CLIM,ANALOGO_ESTADO_V2_CONFORMAL,30,10,1.5716744432321188,OK_ANALOGOS_CONTINUIDAD_CORREGIDA,0.26138046607139165,-0.26138046607139165,0.0,CORREGIDO_ANCLA_OBSERVADO,1.3347764090683563,6.120554595269557,2.3928890931006004,480.0,OK_CALIBRADO
2026-10-09,BELLAVISTA,14.0,2026-10-08,2026-11-10,60,33,3.7211631017089806,3.357878954584462,3.7211631017089806,3.6,4.678912216855437,2.2536631017089808,5.188663101708981,HIBRIDO_ANALOGO_CLIM,ANALOGO_ESTADO_V2_CONFORMAL,30,10,1.5716744432321188,OK_ANALOGOS_CONTINUIDAD_CORREGIDA,0.26138046607139165,-0.26138046607139165,0.0,CORREGIDO_ANCLA_OBSERVADO,1.3282740086083802,6.114052194809581,2.3928890931006004,480.0,OK_CALIBRADO
2026-10-09,BELLAVISTA,14.0,2026-10-08,2026-11-11,60,34,3.705219878744027,3.3105953412150115,3.705219878744027,3.6,4.703387826611536,2.145219878744027,5.265219878744027,HIBRIDO_ANALOGO_CLIM,ANALOGO_ESTADO_V2_CONFORMAL,30,10,1.5716744432321188,OK_ANALOGOS_CONTINUIDAD_CORREGIDA,0.26138046607139165,-0.26138046607139165,0.0,CORREGIDO_ANCLA_OBSERVADO,1.3123307856434265,6.098108971844628,2.3928890931006004,480.0,OK_CALIBRADO
2026-10-09,BELLAVISTA,14.0,2026-10-08,2026-11-12,60,35,3.7303678846421042,3.3110174924681774,3.7303678846421042,3.6,4.748790265635925,1.9643678846421047,5.496367884642105,HIBRIDO_ANALOGO_CLIM,ANALOGO_ESTADO_V2_CONFORMAL,30,10,1.5716744432321188,OK_ANALOGOS_CONTINUIDAD_CORREGIDA,0.26138046607139165,-0.26138046607139165,0.0,CORREGIDO_ANCLA_OBSERVADO,1.3374787915415038,6.123256977742704,2.3928890931006004,480.0,OK_CALIBRADO
2026-10-09,BELLAVISTA,14.0,2026-10-08,2026-11-13,60,36,3.783637106167523,3.357205612736814,3.783637106167523,3.6,4.77864392417251,1.950137106167523,5.617137106167522,HIBRIDO_ANALOGO_CLIM,ANALOGO_ESTADO_V2_CONFORMAL,30,10,1.5716744432321188,OK_ANALOGOS_CONTINUIDAD_CORREGIDA,0.26138046607139165,-0.26138046607139165,0.0,CORREGIDO_ANCLA_OBSERVADO,1.3907480130669225,6.176526199268123,2.3928890931006004,480.0,OK_CALIBRADO
2026-10-09,BELLAVISTA,14.0,2026-10-08,2026-11-14,60,37,3.806640182329398,3.373620001202156,3.806640182329398,3.6,4.778009777831048,2.005140182329398,5.608140182329398,HIBRIDO_ANALOGO_CLIM,ANALOGO_ESTADO_V2_CONFORMAL,30,10,1.5716744432321188,OK_ANALOGOS_CONTINUIDAD_CORREGIDA,0.26138046607139165,-0.26138046607139165,0.0,CORREGIDO_ANCLA_OBSERVADO,1.4137510892287977,6.199529275429999,2.3928890931006004,480.0,OK_CALIBRADO
2026-10-09,BELLAVISTA,14.0,2026-10-08,2026-11-15,60,38,3.866570467436453,3.4432071582173047,3.866570467436453,3.6,4.78014392417251,2.280570467436453,5.452570467436452,HIBRIDO_ANALOGO_CLIM,ANALOGO_ESTADO_V2_CONFORMAL,30,10,1.5716744432321188,OK_ANALOGOS_CONTINUIDAD_CORREGIDA,0.26138046607139165,-0.26138046607139165,0.0,CORREGIDO_ANCLA_OBSERVADO,1.4736813743358526,6.259459560537053,2.3928890931006004,480.0,OK_CALIBRADO
2026-10-09,BELLAVISTA,14.0,2026-10-08,2026-11-16,60,39,3.7778834639806242,3.297186693174594,3.7778834639806242,3.6,4.776253680270072,2.4003834639806243,5.155383463980625,HIBRIDO_ANALOGO_CLIM,ANALOGO_ESTADO_V2_CONFORMAL,30,10,1.5716744432321188,OK_ANALOGOS_CONTINUIDAD_CORREGIDA,0.26138046607139165,-0.26138046607139165,0.0,CORREGIDO_ANCLA_OBSERVADO,1.3849943708800239,6.170772557081225,2.3928890931006004,480.0,OK_CALIBRADO
2026-10-09,BELLAVISTA,14.0,2026-10-08,2026-11-17,60,40,3.7984525434116185,3.293070267665319,3.7984525434116185,3.6,4.809217094904218,2.4169525434116186,5.179952543411618,HIBRIDO_ANALOGO_CLIM,ANALOGO_ESTADO_V2_CONFORMAL,30,10,1.5716744432321188,OK_ANALOGOS_CONTINUIDAD_CORREGIDA,0.26138046607139165,-0.26138046607139165,0.0,CORREGIDO_ANCLA_OBSERVADO,1.4055634503110181,6.1913416365122185,2.3928890931006004,480.0,OK_CALIBRADO
2026-10-09,BELLAVISTA,14.0,2026-10-08,2026-11-18,60,41,3.841492855132341,3.304870148415292,3.841492855132341,3.6,4.8754731924651935,2.310492855132341,5.372492855132341,HIBRIDO_ANALOGO_CLIM,ANALOGO_ESTADO_V2_CONFORMAL,30,10,1.5716744432321188,OK_ANALOGOS_CONTINUIDAD_CORREGIDA,0.26138046607139165,-0.26138046607139165,0.0,CORREGIDO_ANCLA_OBSERVADO,1.4486037620317407,6.234381948232942,2.3928890931006004,480.0,OK_CALIBRADO
2026-10-09,BELLAVISTA,14.0,2026-10-08,2026-11-19,60,42,3.880538298378831,3.3173228863660995,3.880538298378831,3.6,4.926509777831047,2.2735382983788313,5.487538298378832,HIBRIDO_ANALOGO_CLIM,ANALOGO_ESTADO_V2_CONFORMAL,30,10,1.5716744432321188,OK_ANALOGOS_CONTINUIDAD_CORREGIDA,0.26138046607139165,-0.26138046607139165,0.0,CORREGIDO_ANCLA_OBSERVADO,1.4876492052782306,6.273427391479432,2.3928890931006004,480.0,OK_CALIBRADO
2026-10-09,BELLAVISTA,14.0,2026-10-08,2026-11-20,60,43,3.9018001921013643,3.3096806166685377,3.9018001921013643,3.6,4.962107338806657,2.239800192101365,5.563800192101365,HIBRIDO_ANALOGO_CLIM,ANALOGO_ESTADO_V2_CONFORMAL,30,10,1.5716744432321188,OK_ANALOGOS_CONTINUIDAD_CORREGIDA,0.26138046607139165,-0.26138046607139165,0.0,CORREGIDO_ANCLA_OBSERVADO,1.508911099000764,6.294689285201965,2.3928890931006004,480.0,OK_CALIBRADO
2026-10-09,BELLAVISTA,14.0,2026-10-08,2026-11-21,60,44,3.9093421319168695,3.3081918003285593,3.9093421319168695,3.6,4.947692704660316,2.168342131916869,5.650342131916869,HIBRIDO_ANALOGO_CLIM,ANALOGO_ESTADO_V2_CONFORMAL,30,10,1.5716744432321188,OK_ANALOGOS_CONTINUIDAD_CORREGIDA,0.26138046607139165,-0.26138046607139165,0.0,CORREGIDO_ANCLA_OBSERVADO,1.5164530388162691,6.30223122501747,2.3928890931006004,480.0,OK_CALIBRADO
2026-10-09,BELLAVISTA,14.0,2026-10-08,2026-11-22,60,45,3.936561201549981,3.31307498261061,3.936561201549981,3.6,4.975704899782267,2.0940612015499807,5.779061201549981,HIBRIDO_ANALOGO_CLIM,ANALOGO_ESTADO_V2_CONFORMAL,30,10,1.5716744432321188,OK_ANALOGOS_CONTINUIDAD_CORREGIDA,0.26138046607139165,-0.26138046607139165,0.0,CORREGIDO_ANCLA_OBSERVADO,1.5436721084493805,6.329450294650581,2.3928890931006004,480.0,OK_CALIBRADO
2026-10-09,BELLAVISTA,14.0,2026-10-08,2026-11-23,60,46,3.9606075717174485,3.3145230098419542,3.9606075717174485,3.6,4.999960997343242,2.0641075717174484,5.857107571717448,HIBRIDO_ANALOGO_CLIM,ANALOGO_ESTADO_V2_CONFORMAL,30,10,1.5716744432321188,OK_ANALOGOS_CONTINUIDAD_CORREGIDA,0.26138046607139165,-0.26138046607139165,0.0,CORREGIDO_ANCLA_OBSERVADO,1.567718478616848,6.353496664818049,2.3928890931006004,480.0,OK_CALIBRADO
2026-10-09,BELLAVISTA,14.0,2026-10-08,2026-11-24,60,47,3.9935897979717407,3.331370018089053,3.9935897979717407,3.6,5.022143924172511,2.0290897979717406,5.958089797971741,HIBRIDO_ANALOGO_CLIM,ANALOGO_ESTADO_V2_CONFORMAL,30,10,1.5716744432321188,OK_ANALOGOS_CONTINUIDAD_CORREGIDA,0.26138046607139165,-0.26138046607139165,0.0,CORREGIDO_ANCLA_OBSERVADO,1.6007007048711404,6.386478891072342,2.3928890931006004,480.0,OK_CALIBRADO
2026-10-09,BELLAVISTA,14.0,2026-10-08,2026-11-25,60,48,4.018803997636654,3.3477237214094995,4.018803997636654,3.6,5.025424411977388,2.0918039976366547,5.945803997636654,HIBRIDO_ANALOGO_CLIM,ANALOGO_ESTADO_V2_CONFORMAL,30,10,1.5716744432321188,OK_ANALOGOS_CONTINUIDAD_CORREGIDA,0.26138046607139165,-0.26138046607139165,0.0,CORREGIDO_ANCLA_OBSERVADO,1.625914904536054,6.411693090737255,2.3928890931006004,480.0,OK_CALIBRADO
2026-10-09,BELLAVISTA,14.0,2026-10-08,2026-11-26,60,49,4.129288555826891,3.5003418244609175,4.129288555826891,3.6,5.040619533928609,2.278788555826891,5.979788555826891,HIBRIDO_ANALOGO_CLIM,ANALOGO_ESTADO_V2_CONFORMAL,30,10,1.5716744432321188,OK_ANALOGOS_CONTINUIDAD_CORREGIDA,0.26138046607139165,-0.26138046607139165,0.0,CORREGIDO_ANCLA_OBSERVADO,1.7363994627262906,6.522177648927491,2.3928890931006004,480.0,OK_CALIBRADO
2026-10-09,BELLAVISTA,14.0,2026-10-08,2026-11-27,60,50,4.143085295144825,3.4968848806825403,4.143085295144825,3.6,5.047765875392024,2.349085295144826,5.937085295144826,HIBRIDO_ANALOGO_CLIM,ANALOGO_ESTADO_V2_CONFORMAL,30,10,1.5716744432321188,OK_ANALOGOS_CONTINUIDAD_CORREGIDA,0.26138046607139165,-0.26138046607139165,0.0,CORREGIDO_ANCLA_OBSERVADO,1.7501962020442248,6.5359743882454255,2.3928890931006004,480.0,OK_CALIBRADO
2026-10-09,BELLAVISTA,14.0,2026-10-08,2026-11-28,60,51,4.154994614131166,3.4997803308874587,4.154994614131166,3.6,5.041460997343243,2.3414946141311668,5.968494614131167,HIBRIDO_ANALOGO_CLIM,ANALOGO_ESTADO_V2_CONFORMAL,30,10,1.5716744432321188,OK_ANALOGOS_CONTINUIDAD_CORREGIDA,0.26138046607139165,-0.26138046607139165,0.0,CORREGIDO_ANCLA_OBSERVADO,1.7621055210305654,6.547883707231766,2.3928890931006004,480.0,OK_CALIBRADO
2026-10-09,BELLAVISTA,14.0,2026-10-08,2026-11-29,60,52,4.167646514080992,3.507996414254911,4.167646514080992,3.6,5.030265875392024,2.335646514080993,5.999646514080993,HIBRIDO_ANALOGO_CLIM,ANALOGO_ESTADO_V2_CONFORMAL,30,10,1.5716744432321188,OK_ANALOGOS_CONTINUIDAD_CORREGIDA,0.26138046607139165,-0.26138046607139165,0.0,CORREGIDO_ANCLA_OBSERVADO,1.774757420980392,6.560535607181593,2.3928890931006004,480.0,OK_CALIBRADO
2026-10-09,BELLAVISTA,14.0,2026-10-08,2026-11-30,60,53,4.197967905336274,3.51152014817168,4.197967905336274,3.6,5.06574148514812,2.3884679053362747,6.007467905336274,HIBRIDO_ANALOGO_CLIM,ANALOGO_ESTADO_V2_CONFORMAL,30,10,1.5716744432321188,OK_ANALOGOS_CONTINUIDAD_CORREGIDA,0.26138046607139165,-0.26138046607139165,0.0,CORREGIDO_ANCLA_OBSERVADO,1.8050788122356733,6.590856998436874,2.3928890931006004,480.0,OK_CALIBRADO
2026-10-09,BELLAVISTA,14.0,2026-10-08,2026-12-01,60,54,4.204223186631028,3.5209523115693697,4.204223186631028,3.6,5.039332033928609,2.3862231866310277,6.022223186631027,HIBRIDO_ANALOGO_CLIM,ANALOGO_ESTADO_V2_CONFORMAL,30,10,1.5716744432321188,OK_ANALOGOS_CONTINUIDAD_CORREGIDA,0.26138046607139165,-0.26138046607139165,0.0,CORREGIDO_ANCLA_OBSERVADO,1.8113340935304274,6.597112279731628,2.3928890931006004,480.0,OK_CALIBRADO
2026-10-09,BELLAVISTA,14.0,2026-10-08,2026-12-02,60,55,4.166804955658657,3.515011160633391,4.166804955658657,3.6,4.937106713415789,2.3648049556586566,5.968804955658657,HIBRIDO_ANALOGO_CLIM,ANALOGO_ESTADO_V2_CONFORMAL,30,10,1.5716744432321188,OK_ANALOGOS_CONTINUIDAD_CORREGIDA,0.26138046607139165,-0.26138046607139165,0.0,CORREGIDO_ANCLA_OBSERVADO,1.7739158625580567,6.559694048759257,2.3928890931006004,480.0,OK_CALIBRADO
2026-10-09,BELLAVISTA,14.0,2026-10-08,2026-12-03,60,56,4.178138288551484,3.4965633526926543,4.178138288551484,3.6,4.957081072390148,2.3881382885514837,5.968138288551485,HIBRIDO_ANALOGO_CLIM,ANALOGO_ESTADO_V2_CONFORMAL,30,10,1.5716744432321188,OK_ANALOGOS_CONTINUIDAD_CORREGIDA,0.26138046607139165,-0.26138046607139165,0.0,CORREGIDO_ANCLA_OBSERVADO,1.7852491954508833,6.571027381652084,2.3928890931006004,480.0,OK_CALIBRADO
2026-10-09,BELLAVISTA,14.0,2026-10-08,2026-12-04,60,57,4.193241714731741,3.5182954827111326,4.193241714731741,3.6,4.939234918543994,2.3637417147317414,6.022741714731742,HIBRIDO_ANALOGO_CLIM,ANALOGO_ESTADO_V2_CONFORMAL,30,10,1.5716744432321188,OK_ANALOGOS_CONTINUIDAD_CORREGIDA,0.26138046607139165,-0.26138046607139165,0.0,CORREGIDO_ANCLA_OBSERVADO,1.8003526216311405,6.586130807832341,2.3928890931006004,480.0,OK_CALIBRADO
2026-10-09,BELLAVISTA,14.0,2026-10-08,2026-12-05,60,58,4.077644568570873,3.3149847788110747,4.077644568570873,3.6,4.892901585210659,2.510994568570874,5.644294568570874,HIBRIDO_ANALOGO_CLIM,ANALOGO_ESTADO_V2_CONFORMAL,30,10,1.5716744432321188,OK_ANALOGOS_CONTINUIDAD_CORREGIDA,0.26138046607139165,-0.26138046607139165,0.0,CORREGIDO_ANCLA_OBSERVADO,1.684755475470273,6.470533661671474,2.3928890931006004,480.0,OK_CALIBRADO
2026-10-09,BELLAVISTA,14.0,2026-10-08,2026-12-06,60,59,4.0705744492697775,3.30214202396504,4.0705744492697775,3.6,4.865055431364507,2.463674449269778,5.677474449269777,HIBRIDO_ANALOGO_CLIM,ANALOGO_ESTADO_V2_CONFORMAL,30,10,1.5716744432321188,OK_ANALOGOS_CONTINUIDAD_CORREGIDA,0.26138046607139165,-0.26138046607139165,0.0,CORREGIDO_ANCLA_OBSERVADO,1.6776853561691771,6.463463542370378,2.3928890931006004,480.0,OK_CALIBRADO
2026-10-09,BELLAVISTA,14.0,2026-10-08,2026-12-07,60,60,4.0595787812510995,3.2495636695992327,4.0595787812510995,3.6,4.869593892902968,2.5278287812511,5.5913287812511,HIBRIDO_ANALOGO_CLIM,ANALOGO_ESTADO_V2_CONFORMAL,30,10,1.5716744432321188,OK_ANALOGOS_CONTINUIDAD_CORREGIDA,0.26138046607139165,-0.26138046607139165,0.0,CORREGIDO_ANCLA_OBSERVADO,1.6666896881504991,6.4524678743517,2.3928890931006004,480.0,OK_CALIBRADO
2026-10-09,BELLAVISTA,14.0,2026-10-08,2026-10-09,90,1,3.6,3.334090998666259,3.6,3.6,4.397727004001222,3.4499,3.7501,HIBRIDO_ANALOGO_CLIM,ANALOGO_ESTADO_V2_CONFORMAL,30,10,1.6437171373353707,OK_ANALOGOS_CONTINUIDAD_CORREGIDA,0.25668549599877766,-0.25668549599877766,0.0,CORREGIDO_ANCLA_OBSERVADO,1.4206475180749716,5.779352481925029,2.1793524819250285,720.0,OK_CALIBRADO
2026-10-09,BELLAVISTA,14.0,2026-10-08,2026-10-10,90,2,3.478667532460143,3.187351875279783,3.478667532460143,3.6,4.352614504001222,3.0626675324601424,3.894667532460143,HIBRIDO_ANALOGO_CLIM,ANALOGO_ESTADO_V2_CONFORMAL,30,10,1.6437171373353707,OK_ANALOGOS_CONTINUIDAD_CORREGIDA,0.25668549599877766,-0.25668549599877766,0.0,CORREGIDO_ANCLA_OBSERVADO,1.2993150505351143,5.658020014385171,2.1793524819250285,720.0,OK_CALIBRADO
2026-10-09,BELLAVISTA,14.0,2026-10-08,2026-10-11,90,3,3.446944098746248,3.15774979699459,3.446944098746248,3.6,4.3145270040012225,2.9199440987462477,3.9739440987462475,HIBRIDO_ANALOGO_CLIM,ANALOGO_ESTADO_V2_CONFORMAL,30,10,1.6437171373353707,OK_ANALOGOS_CONTINUIDAD_CORREGIDA,0.25668549599877766,-0.25668549599877766,0.0,CORREGIDO_ANCLA_OBSERVADO,1.2675916168212193,5.626296580671276,2.1793524819250285,720.0,OK_CALIBRADO
2026-10-09,BELLAVISTA,14.0,2026-10-08,2026-10-12,90,4,3.3996432929067706,3.0902362225419533,3.3996432929067706,3.6,4.327864504001223,2.867143292906771,3.9321432929067703,HIBRIDO_ANALOGO_CLIM,ANALOGO_ESTADO_V2_CONFORMAL,30,10,1.6437171373353707,OK_ANALOGOS_CONTINUIDAD_CORREGIDA,0.25668549599877766,-0.25668549599877766,0.0,CORREGIDO_ANCLA_OBSERVADO,1.220290810981742,5.5789957748317995,2.1793524819250285,720.0,OK_CALIBRADO
2026-10-09,BELLAVISTA,14.0,2026-10-08,2026-10-13,90,5,3.3919477690843185,3.0661255241120173,3.3919477690843185,3.6,4.369414504001222,2.784447769084318,3.9994477690843193,HIBRIDO_ANALOGO_CLIM,ANALOGO_ESTADO_V2_CONFORMAL,30,10,1.6437171373353707,OK_ANALOGOS_CONTINUIDAD_CORREGIDA,0.25668549599877766,-0.25668549599877766,0.0,CORREGIDO_ANCLA_OBSERVADO,1.21259528715929,5.5713002510093474,2.1793524819250285,720.0,OK_CALIBRADO
2026-10-09,BELLAVISTA,14.0,2026-10-08,2026-10-14,90,6,3.3948026149060637,3.057165318541011,3.3948026149060637,3.6,4.407714504001222,2.7243526149060635,4.065252614906065,HIBRIDO_ANALOGO_CLIM,ANALOGO_ESTADO_V2_CONFORMAL,30,10,1.6437171373353707,OK_ANALOGOS_CONTINUIDAD_CORREGIDA,0.25668549599877766,-0.25668549599877766,0.0,CORREGIDO_ANCLA_OBSERVADO,1.2154501329810352,5.574155096831092,2.1793524819250285,720.0,OK_CALIBRADO
2026-10-09,BELLAVISTA,14.0,2026-10-08,2026-10-15,90,7,3.537873632742272,3.227743342322622,3.537873632742272,3.6,4.4682645040012225,2.710023632742272,4.365723632742274,HIBRIDO_ANALOGO_CLIM,ANALOGO_ESTADO_V2_CONFORMAL,30,10,1.6437171373353707,OK_ANALOGOS_CONTINUIDAD_CORREGIDA,0.25668549599877766,-0.25668549599877766,0.0,CORREGIDO_ANCLA_OBSERVADO,1.3585211508172437,5.717226114667301,2.1793524819250285,720.0,OK_CALIBRADO
2026-10-09,BELLAVISTA,14.0,2026-10-08,2026-10-16,90,8,3.7004904163590395,3.4319990538116456,3.7004904163590395,3.6,4.505964504001222,2.3632404163590395,5.037740416359039,HIBRIDO_ANALOGO_CLIM,ANALOGO_ESTADO_V2_CONFORMAL,30,10,1.6437171373353707,OK_ANALOGOS_CONTINUIDAD_CORREGIDA,0.25668549599877766,-0.25668549599877766,0.0,CORREGIDO_ANCLA_OBSERVADO,1.521137934434011,5.879842898284068,2.1793524819250285,720.0,OK_CALIBRADO
2026-10-09,BELLAVISTA,14.0,2026-10-08,2026-10-17,90,9,3.7210969806062453,3.452207806141253,3.7210969806062453,3.6,4.527764504001222,2.5047469806062455,4.937446980606245,HIBRIDO_ANALOGO_CLIM,ANALOGO_ESTADO_V2_CONFORMAL,30,10,1.6437171373353707,OK_ANALOGOS_CONTINUIDAD_CORREGIDA,0.25668549599877766,-0.25668549599877766,0.0,CORREGIDO_ANCLA_OBSERVADO,1.5417444986812168,5.900449462531274,2.1793524819250285,720.0,OK_CALIBRADO
2026-10-09,BELLAVISTA,14.0,2026-10-08,2026-10-18,90,10,3.7317324274699266,3.4665175686261613,3.7317324274699266,3.6,4.527377004001222,2.6461324274699267,4.8173324274699265,HIBRIDO_ANALOGO_CLIM,ANALOGO_ESTADO_V2_CONFORMAL,30,10,1.6437171373353707,OK_ANALOGOS_CONTINUIDAD_CORREGIDA,0.25668549599877766,-0.25668549599877766,0.0,CORREGIDO_ANCLA_OBSERVADO,1.552379945544898,5.911084909394955,2.1793524819250285,720.0,OK_CALIBRADO
2026-10-09,BELLAVISTA,14.0,2026-10-08,2026-10-19,90,11,3.727084478597982,3.469391136796902,3.727084478597982,3.6,4.500164504001223,2.675584478597982,4.778584478597983,HIBRIDO_ANALOGO_CLIM,ANALOGO_ESTADO_V2_CONFORMAL,30,10,1.6437171373353707,OK_ANALOGOS_CONTINUIDAD_CORREGIDA,0.25668549599877766,-0.25668549599877766,0.0,CORREGIDO_ANCLA_OBSERVADO,1.5477319966729537,5.906436960523011,2.1793524819250285,720.0,OK_CALIBRADO
2026-10-09,BELLAVISTA,14.0,2026-10-08,2026-10-20,90,12,3.7670502523776146,3.526453835169745,3.7670502523776146,3.6,4.488839504001222,2.6450502523776147,4.889050252377615,HIBRIDO_ANALOGO_CLIM,ANALOGO_ESTADO_V2_CONFORMAL,30,10,1.6437171373353707,OK_ANALOGOS_CONTINUIDAD_CORREGIDA,0.25668549599877766,-0.25668549599877766,0.0,CORREGIDO_ANCLA_OBSERVADO,1.587697770452586,5.946402734302643,2.1793524819250285,720.0,OK_CALIBRADO
2026-10-09,BELLAVISTA,14.0,2026-10-08,2026-10-21,90,13,3.8625085459004516,3.644214893200194,3.8625085459004516,3.6,4.517389504001223,2.6475085459004517,5.077508545900452,HIBRIDO_ANALOGO_CLIM,ANALOGO_ESTADO_V2_CONFORMAL,30,10,1.6437171373353707,OK_ANALOGOS_CONTINUIDAD_CORREGIDA,0.25668549599877766,-0.25668549599877766,0.0,CORREGIDO_ANCLA_OBSERVADO,1.683156063975423,6.04186102782548,2.1793524819250285,720.0,OK_CALIBRADO
2026-10-09,BELLAVISTA,14.0,2026-10-08,2026-10-22,90,14,3.879467621196205,3.666410326927866,3.879467621196205,3.6,4.518639504001223,2.610967621196205,5.147967621196205,HIBRIDO_ANALOGO_CLIM,ANALOGO_ESTADO_V2_CONFORMAL,30,10,1.6437171373353707,OK_ANALOGOS_CONTINUIDAD_CORREGIDA,0.25668549599877766,-0.25668549599877766,0.0,CORREGIDO_ANCLA_OBSERVADO,1.7001151392711766,6.058820103121233,2.1793524819250285,720.0,OK_CALIBRADO
2026-10-09,BELLAVISTA,14.0,2026-10-08,2026-10-23,90,15,3.9339247700945204,3.745411525458952,3.9339247700945204,3.6,4.499464504001223,2.6284247700945205,5.239424770094521,HIBRIDO_ANALOGO_CLIM,ANALOGO_ESTADO_V2_CONFORMAL,30,10,1.6437171373353707,OK_ANALOGOS_CONTINUIDAD_CORREGIDA,0.25668549599877766,-0.25668549599877766,0.0,CORREGIDO_ANCLA_OBSERVADO,1.7545722881694918,6.113277252019548,2.1793524819250285,720.0,OK_CALIBRADO
2026-10-09,BELLAVISTA,14.0,2026-10-08,2026-10-24,90,16,3.9869975593800544,3.8164752445063317,3.9869975593800544,3.6,4.498564504001223,2.7479975593800545,5.225997559380055,HIBRIDO_ANALOGO_CLIM,ANALOGO_ESTADO_V2_CONFORMAL,30,10,1.6437171373353707,OK_ANALOGOS_CONTINUIDAD_CORREGIDA,0.25668549599877766,-0.25668549599877766,0.0,CORREGIDO_ANCLA_OBSERVADO,1.807645077455026,6.166350041305083,2.1793524819250285,720.0,OK_CALIBRADO
2026-10-09,BELLAVISTA,14.0,2026-10-08,2026-10-25,90,17,3.9763239416231193,3.8120604208304187,3.9763239416231193,3.6,4.469114504001222,2.79232394162312,5.160323941623119,HIBRIDO_ANALOGO_CLIM,ANALOGO_ESTADO_V2_CONFORMAL,30,10,1.6437171373353707,OK_ANALOGOS_CONTINUIDAD_CORREGIDA,0.25668549599877766,-0.25668549599877766,0.0,CORREGIDO_ANCLA_OBSERVADO,1.7969714596980908,6.155676423548147,2.1793524819250285,720.0,OK_CALIBRADO
2026-10-09,BELLAVISTA,14.0,2026-10-08,2026-10-26,90,18,4.117096783522831,4.006190876696699,4.117096783522831,3.6,4.449814504001223,3.0183967835228307,5.21579678352283,HIBRIDO_ANALOGO_CLIM,ANALOGO_ESTADO_V2_CONFORMAL,30,10,1.6437171373353707,OK_ANALOGOS_CONTINUIDAD_CORREGIDA,0.25668549599877766,-0.25668549599877766,0.0,CORREGIDO_ANCLA_OBSERVADO,1.9377443015978022,6.296449265447859,2.1793524819250285,720.0,OK_CALIBRADO
2026-10-09,BELLAVISTA,14.0,2026-10-08,2026-10-27,90,19,4.057725368787876,3.929445657050095,4.057725368787876,3.6,4.442564504001222,2.9878753687878765,5.127575368787877,HIBRIDO_ANALOGO_CLIM,ANALOGO_ESTADO_V2_CONFORMAL,30,10,1.6437171373353707,OK_ANALOGOS_CONTINUIDAD_CORREGIDA,0.25668549599877766,-0.25668549599877766,0.0,CORREGIDO_ANCLA_OBSERVADO,1.8783728868628478,6.237077850712905,2.1793524819250285,720.0,OK_CALIBRADO
2026-10-09,BELLAVISTA,14.0,2026-10-08,2026-10-28,90,20,4.014686379738125,3.872493671650425,4.014686379738125,3.6,4.441264504001223,2.994486379738124,5.034886379738124,HIBRIDO_ANALOGO_CLIM,ANALOGO_ESTADO_V2_CONFORMAL,30,10,1.6437171373353707,OK_ANALOGOS_CONTINUIDAD_CORREGIDA,0.25668549599877766,-0.25668549599877766,0.0,CORREGIDO_ANCLA_OBSERVADO,1.8353338978130962,6.194038861663153,2.1793524819250285,720.0,OK_CALIBRADO
2026-10-09,BELLAVISTA,14.0,2026-10-08,2026-10-29,90,21,4.016591715536364,3.863875786048078,4.016591715536364,3.6,4.474739504001223,2.924241715536364,5.108941715536364,HIBRIDO_ANALOGO_CLIM,ANALOGO_ESTADO_V2_CONFORMAL,30,10,1.6437171373353707,OK_ANALOGOS_CONTINUIDAD_CORREGIDA,0.25668549599877766,-0.25668549599877766,0.0,CORREGIDO_ANCLA_OBSERVADO,1.837239233611336,6.195944197461393,2.1793524819250285,720.0,OK_CALIBRADO
2026-10-09,BELLAVISTA,14.0,2026-10-08,2026-10-30,90,22,4.045054421644181,3.8894135608585017,4.045054421644181,3.6,4.511977004001222,2.9060544216441824,5.184054421644182,HIBRIDO_ANALOGO_CLIM,ANALOGO_ESTADO_V2_CONFORMAL,30,10,1.6437171373353707,OK_ANALOGOS_CONTINUIDAD_CORREGIDA,0.25668549599877766,-0.25668549599877766,0.0,CORREGIDO_ANCLA_OBSERVADO,1.8657019397191528,6.22440690356921,2.1793524819250285,720.0,OK_CALIBRADO
2026-10-09,BELLAVISTA,14.0,2026-10-08,2026-10-31,90,23,4.06541616870811,3.9114458902770726,4.06541616870811,3.6,4.527327004001222,2.8382161687081098,5.292616168708111,HIBRIDO_ANALOGO_CLIM,ANALOGO_ESTADO_V2_CONFORMAL,30,10,1.6437171373353707,OK_ANALOGOS_CONTINUIDAD_CORREGIDA,0.25668549599877766,-0.25668549599877766,0.0,CORREGIDO_ANCLA_OBSERVADO,1.8860636867830811,6.244768650633138,2.1793524819250285,720.0,OK_CALIBRADO
2026-10-09,BELLAVISTA,14.0,2026-10-08,2026-11-01,90,24,3.9851539253485444,3.808307716204155,3.9851539253485444,3.6,4.51569255278171,2.891803925348544,5.078503925348546,HIBRIDO_ANALOGO_CLIM,ANALOGO_ESTADO_V2_CONFORMAL,30,10,1.6437171373353707,OK_ANALOGOS_CONTINUIDAD_CORREGIDA,0.25668549599877766,-0.25668549599877766,0.0,CORREGIDO_ANCLA_OBSERVADO,1.805801443423516,6.1645064072735725,2.1793524819250285,720.0,OK_CALIBRADO
2026-10-09,BELLAVISTA,14.0,2026-10-08,2026-11-02,90,25,3.9095979365136464,3.7058428205218523,3.9095979365136464,3.6,4.520863284489028,3.0287479365136463,4.790447936513646,HIBRIDO_ANALOGO_CLIM,ANALOGO_ESTADO_V2_CONFORMAL,30,10,1.6437171373353707,OK_ANALOGOS_CONTINUIDAD_CORREGIDA,0.25668549599877766,-0.25668549599877766,0.0,CORREGIDO_ANCLA_OBSERVADO,1.730245454588618,6.0889504184386745,2.1793524819250285,720.0,OK_CALIBRADO
2026-10-09,BELLAVISTA,14.0,2026-10-08,2026-11-03,90,26,3.8442900098883626,3.611200544371067,3.8442900098883626,3.6,4.543558406440248,3.013690009888363,4.674890009888362,HIBRIDO_ANALOGO_CLIM,ANALOGO_ESTADO_V2_CONFORMAL,30,10,1.6437171373353707,OK_ANALOGOS_CONTINUIDAD_CORREGIDA,0.25668549599877766,-0.25668549599877766,0.0,CORREGIDO_ANCLA_OBSERVADO,1.664937527963334,6.023642491813391,2.1793524819250285,720.0,OK_CALIBRADO
2026-10-09,BELLAVISTA,14.0,2026-10-08,2026-11-04,90,27,3.769922731375201,3.498048238060836,3.769922731375201,3.6,4.585546211318295,2.898922731375201,4.6409227313752,HIBRIDO_ANALOGO_CLIM,ANALOGO_ESTADO_V2_CONFORMAL,30,10,1.6437171373353707,OK_ANALOGOS_CONTINUIDAD_CORREGIDA,0.25668549599877766,-0.25668549599877766,0.0,CORREGIDO_ANCLA_OBSERVADO,1.5905702494501726,5.949275213300229,2.1793524819250285,720.0,OK_CALIBRADO
2026-10-09,BELLAVISTA,14.0,2026-10-08,2026-11-05,90,28,3.723263253685817,3.42565673935304,3.723263253685817,3.6,4.6160827966841484,2.6567632536858174,4.789763253685816,HIBRIDO_ANALOGO_CLIM,ANALOGO_ESTADO_V2_CONFORMAL,30,10,1.6437171373353707,OK_ANALOGOS_CONTINUIDAD_CORREGIDA,0.25668549599877766,-0.25668549599877766,0.0,CORREGIDO_ANCLA_OBSERVADO,1.5439107717607885,5.902615735610846,2.1793524819250285,720.0,OK_CALIBRADO
2026-10-09,BELLAVISTA,14.0,2026-10-08,2026-11-06,90,29,3.625164693892994,3.282334269385373,3.625164693892994,3.6,4.653655967415856,2.393664693892994,4.856664693892993,HIBRIDO_ANALOGO_CLIM,ANALOGO_ESTADO_V2_CONFORMAL,30,10,1.6437171373353707,OK_ANALOGOS_CONTINUIDAD_CORREGIDA,0.25668549599877766,-0.25668549599877766,0.0,CORREGIDO_ANCLA_OBSERVADO,1.4458122119679655,5.804517175818022,2.1793524819250285,720.0,OK_CALIBRADO
2026-10-09,BELLAVISTA,14.0,2026-10-08,2026-11-07,90,30,3.610351011849493,3.259127408774526,3.610351011849493,3.6,4.6640218210743924,2.343351011849493,4.877351011849493,HIBRIDO_ANALOGO_CLIM,ANALOGO_ESTADO_V2_CONFORMAL,30,10,1.6437171373353707,OK_ANALOGOS_CONTINUIDAD_CORREGIDA,0.25668549599877766,-0.25668549599877766,0.0,CORREGIDO_ANCLA_OBSERVADO,1.4309985299244645,5.789703493774521,2.1793524819250285,720.0,OK_CALIBRADO
2026-10-09,BELLAVISTA,14.0,2026-10-08,2026-11-08,90,31,3.607852447416079,3.233512416196645,3.607852447416079,3.6,4.6825706015621975,2.3208524474160797,4.8948524474160795,HIBRIDO_ANALOGO_CLIM,ANALOGO_ESTADO_V2_CONFORMAL,30,10,1.6437171373353707,OK_ANALOGOS_CONTINUIDAD_CORREGIDA,0.25668549599877766,-0.25668549599877766,0.0,CORREGIDO_ANCLA_OBSERVADO,1.4284999654910506,5.787204929341108,2.1793524819250285,720.0,OK_CALIBRADO
2026-10-09,BELLAVISTA,14.0,2026-10-08,2026-11-09,90,32,3.589086586114876,3.1886134629810385,3.589086586114876,3.6,4.69038767473293,2.2770865861148764,4.901086586114875,HIBRIDO_ANALOGO_CLIM,ANALOGO_ESTADO_V2_CONFORMAL,30,10,1.6437171373353707,OK_ANALOGOS_CONTINUIDAD_CORREGIDA,0.25668549599877766,-0.25668549599877766,0.0,CORREGIDO_ANCLA_OBSERVADO,1.4097341041898477,5.768439068039905,2.1793524819250285,720.0,OK_CALIBRADO
2026-10-09,BELLAVISTA,14.0,2026-10-08,2026-11-10,90,33,3.5910193200146683,3.1765894394613157,3.5910193200146683,3.6,4.683607186928052,2.1910193200146684,4.991019320014669,HIBRIDO_ANALOGO_CLIM,ANALOGO_ESTADO_V2_CONFORMAL,30,10,1.6437171373353707,OK_ANALOGOS_CONTINUIDAD_CORREGIDA,0.25668549599877766,-0.25668549599877766,0.0,CORREGIDO_ANCLA_OBSERVADO,1.4116668380896398,5.770371801939697,2.1793524819250285,720.0,OK_CALIBRADO
2026-10-09,BELLAVISTA,14.0,2026-10-08,2026-11-11,90,34,3.5939458494268046,3.1534731028366916,3.5939458494268046,3.6,4.708082796684149,2.0339458494268046,5.153945849426805,HIBRIDO_ANALOGO_CLIM,ANALOGO_ESTADO_V2_CONFORMAL,30,10,1.6437171373353707,OK_ANALOGOS_CONTINUIDAD_CORREGIDA,0.25668549599877766,-0.25668549599877766,0.0,CORREGIDO_ANCLA_OBSERVADO,1.4145933675017761,5.773298331351834,2.1793524819250285,720.0,OK_CALIBRADO
2026-10-09,BELLAVISTA,14.0,2026-10-08,2026-11-12,90,35,3.6378096516676908,3.178413822944988,3.6378096516676908,3.6,4.75348523570854,1.8718096516676912,5.403809651667691,HIBRIDO_ANALOGO_CLIM,ANALOGO_ESTADO_V2_CONFORMAL,30,10,1.6437171373353707,OK_ANALOGOS_CONTINUIDAD_CORREGIDA,0.25668549599877766,-0.25668549599877766,0.0,CORREGIDO_ANCLA_OBSERVADO,1.4584571697426623,5.817162133592719,2.1793524819250285,720.0,OK_CALIBRADO
2026-10-09,BELLAVISTA,14.0,2026-10-08,2026-11-13,90,36,3.7109378224205547,3.2513373630671674,3.7109378224205547,3.6,4.783338894245125,1.8774378224205548,5.544437822420555,HIBRIDO_ANALOGO_CLIM,ANALOGO_ESTADO_V2_CONFORMAL,30,10,1.6437171373353707,OK_ANALOGOS_CONTINUIDAD_CORREGIDA,0.25668549599877766,-0.25668549599877766,0.0,CORREGIDO_ANCLA_OBSERVADO,1.5315853404955262,5.890290304345584,2.1793524819250285,720.0,OK_CALIBRADO
2026-10-09,BELLAVISTA,14.0,2026-10-08,2026-11-14,90,37,3.738626745087284,3.2731943823860075,3.738626745087284,3.6,4.7827047479036615,1.937126745087284,5.540126745087283,HIBRIDO_ANALOGO_CLIM,ANALOGO_ESTADO_V2_CONFORMAL,30,10,1.6437171373353707,OK_ANALOGOS_CONTINUIDAD_CORREGIDA,0.25668549599877766,-0.25668549599877766,0.0,CORREGIDO_ANCLA_OBSERVADO,1.5592742631622554,5.917979227012312,2.1793524819250285,720.0,OK_CALIBRADO
2026-10-09,BELLAVISTA,14.0,2026-10-08,2026-11-15,90,38,3.7939592594511136,3.3347711360099868,3.7939592594511136,3.6,4.784838894245125,2.2799592594511138,5.307959259451113,HIBRIDO_ANALOGO_CLIM,ANALOGO_ESTADO_V2_CONFORMAL,30,10,1.6437171373353707,OK_ANALOGOS_CONTINUIDAD_CORREGIDA,0.25668549599877766,-0.25668549599877766,0.0,CORREGIDO_ANCLA_OBSERVADO,1.614606777526085,5.973311741376142,2.1793524819250285,720.0,OK_CALIBRADO
2026-10-09,BELLAVISTA,14.0,2026-10-08,2026-11-16,90,39,3.6862256741025803,3.159136833690677,3.6862256741025803,3.6,4.780948650342687,2.6807256741025802,4.691725674102582,HIBRIDO_ANALOGO_CLIM,ANALOGO_ESTADO_V2_CONFORMAL,30,10,1.6437171373353707,OK_ANALOGOS_CONTINUIDAD_CORREGIDA,0.25668549599877766,-0.25668549599877766,0.0,CORREGIDO_ANCLA_OBSERVADO,1.5068731921775518,5.865578156027609,2.1793524819250285,720.0,OK_CALIBRADO
2026-10-09,BELLAVISTA,14.0,2026-10-08,2026-11-17,90,40,3.7043375581753732,3.1495503047746443,3.7043375581753732,3.6,4.813912064976831,2.6718375581753735,4.736837558175374,HIBRIDO_ANALOGO_CLIM,ANALOGO_ESTADO_V2_CONFORMAL,30,10,1.6437171373353707,OK_ANALOGOS_CONTINUIDAD_CORREGIDA,0.25668549599877766,-0.25668549599877766,0.0,CORREGIDO_ANCLA_OBSERVADO,1.5249850762503447,5.883690040100402,2.1793524819250285,720.0,OK_CALIBRADO
2026-10-09,BELLAVISTA,14.0,2026-10-08,2026-11-18,90,41,3.7491935935565706,3.1622321083890936,3.7491935935565706,3.6,4.880168162537807,2.6146935935565705,4.88369359355657,HIBRIDO_ANALOGO_CLIM,ANALOGO_ESTADO_V2_CONFORMAL,30,10,1.6437171373353707,OK_ANALOGOS_CONTINUIDAD_CORREGIDA,0.25668549599877766,-0.25668549599877766,0.0,CORREGIDO_ANCLA_OBSERVADO,1.569841111631542,5.928546075481599,2.1793524819250285,720.0,OK_CALIBRADO
2026-10-09,BELLAVISTA,14.0,2026-10-08,2026-11-19,90,42,3.790668922277097,3.176534246939716,3.790668922277097,3.6,4.931204747903662,2.5315189222770975,5.0498189222770975,HIBRIDO_ANALOGO_CLIM,ANALOGO_ESTADO_V2_CONFORMAL,30,10,1.6437171373353707,OK_ANALOGOS_CONTINUIDAD_CORREGIDA,0.25668549599877766,-0.25668549599877766,0.0,CORREGIDO_ANCLA_OBSERVADO,1.6113164403520686,5.970021404202125,2.1793524819250285,720.0,OK_CALIBRADO
2026-10-09,BELLAVISTA,14.0,2026-10-08,2026-11-20,90,43,3.809471896594306,3.1631704975260795,3.809471896594306,3.6,4.966802308879272,2.5065718965943065,5.112371896594306,HIBRIDO_ANALOGO_CLIM,ANALOGO_ESTADO_V2_CONFORMAL,30,10,1.6437171373353707,OK_ANALOGOS_CONTINUIDAD_CORREGIDA,0.25668549599877766,-0.25668549599877766,0.0,CORREGIDO_ANCLA_OBSERVADO,1.6301194146692777,5.988824378519334,2.1793524819250285,720.0,OK_CALIBRADO
2026-10-09,BELLAVISTA,14.0,2026-10-08,2026-11-21,90,44,3.804349462827591,3.1396957611981846,3.804349462827591,3.6,4.952387674732929,2.453849462827591,5.154849462827592,HIBRIDO_ANALOGO_CLIM,ANALOGO_ESTADO_V2_CONFORMAL,30,10,1.6437171373353707,OK_ANALOGOS_CONTINUIDAD_CORREGIDA,0.25668549599877766,-0.25668549599877766,0.0,CORREGIDO_ANCLA_OBSERVADO,1.6249969809025626,5.983701944752619,2.1793524819250285,720.0,OK_CALIBRADO
2026-10-09,BELLAVISTA,14.0,2026-10-08,2026-11-22,90,45,3.7986138430536136,3.0895422269728545,3.7986138430536136,3.6,4.98039986985488,2.3744638430536136,5.222763843053613,HIBRIDO_ANALOGO_CLIM,ANALOGO_ESTADO_V2_CONFORMAL,30,10,1.6437171373353707,OK_ANALOGOS_CONTINUIDAD_CORREGIDA,0.25668549599877766,-0.25668549599877766,0.0,CORREGIDO_ANCLA_OBSERVADO,1.619261361128585,5.977966324978642,2.1793524819250285,720.0,OK_CALIBRADO
2026-10-09,BELLAVISTA,14.0,2026-10-08,2026-11-23,90,46,3.80505616153642,3.0593589849086626,3.80505616153642,3.6,5.004655967415857,2.3994061615364206,5.21070616153642,HIBRIDO_ANALOGO_CLIM,ANALOGO_ESTADO_V2_CONFORMAL,30,10,1.6437171373353707,OK_ANALOGOS_CONTINUIDAD_CORREGIDA,0.25668549599877766,-0.25668549599877766,0.0,CORREGIDO_ANCLA_OBSERVADO,1.6257036796113913,5.984408643461448,2.1793524819250285,720.0,OK_CALIBRADO
2026-10-09,BELLAVISTA,14.0,2026-10-08,2026-11-24,90,47,3.8327825820320727,3.064006600196272,3.8327825820320727,3.6,5.026838894245126,2.446782582032073,5.218782582032073,HIBRIDO_ANALOGO_CLIM,ANALOGO_ESTADO_V2_CONFORMAL,30,10,1.6437171373353707,OK_ANALOGOS_CONTINUIDAD_CORREGIDA,0.25668549599877766,-0.25668549599877766,0.0,CORREGIDO_ANCLA_OBSERVADO,1.6534301001070442,6.012135063957102,2.1793524819250285,720.0,OK_CALIBRADO
2026-10-09,BELLAVISTA,14.0,2026-10-08,2026-11-25,90,48,3.8563214492464577,3.0737894940440937,3.8563214492464577,3.6,5.030119382050003,2.5293214492464577,5.183321449246458,HIBRIDO_ANALOGO_CLIM,ANALOGO_ESTADO_V2_CONFORMAL,30,10,1.6437171373353707,OK_ANALOGOS_CONTINUIDAD_CORREGIDA,0.25668549599877766,-0.25668549599877766,0.0,CORREGIDO_ANCLA_OBSERVADO,1.6769689673214292,6.035673931171486,2.1793524819250285,720.0,OK_CALIBRADO
2026-10-09,BELLAVISTA,14.0,2026-10-08,2026-11-26,90,49,3.9808530226309577,3.246224676333169,3.9808530226309577,3.6,5.045314504001222,2.717353022630958,5.244353022630957,HIBRIDO_ANALOGO_CLIM,ANALOGO_ESTADO_V2_CONFORMAL,30,10,1.6437171373353707,OK_ANALOGOS_CONTINUIDAD_CORREGIDA,0.25668549599877766,-0.25668549599877766,0.0,CORREGIDO_ANCLA_OBSERVADO,1.8015005407059292,6.160205504555986,2.1793524819250285,720.0,OK_CALIBRADO
2026-10-09,BELLAVISTA,14.0,2026-10-08,2026-11-27,90,50,4.0143167583283645,3.2727852675167393,4.0143167583283645,3.6,5.052460845464637,2.7743167583283643,5.254316758328365,HIBRIDO_ANALOGO_CLIM,ANALOGO_ESTADO_V2_CONFORMAL,30,10,1.6437171373353707,OK_ANALOGOS_CONTINUIDAD_CORREGIDA,0.25668549599877766,-0.25668549599877766,0.0,CORREGIDO_ANCLA_OBSERVADO,1.834964276403336,6.193669240253393,2.1793524819250285,720.0,OK_CALIBRADO
2026-10-09,BELLAVISTA,14.0,2026-10-08,2026-11-28,90,51,4.048817573403724,3.311654412612147,4.048817573403724,3.6,5.0461559674158565,2.7978175734037243,5.299817573403724,HIBRIDO_ANALOGO_CLIM,ANALOGO_ESTADO_V2_CONFORMAL,30,10,1.6437171373353707,OK_ANALOGOS_CONTINUIDAD_CORREGIDA,0.25668549599877766,-0.25668549599877766,0.0,CORREGIDO_ANCLA_OBSERVADO,1.8694650914786957,6.228170055328753,2.1793524819250285,720.0,OK_CALIBRADO
2026-10-09,BELLAVISTA,14.0,2026-10-08,2026-11-29,90,52,4.076384053134442,3.343354741352527,4.076384053134442,3.6,5.034960845464637,2.7812340531344417,5.371534053134441,HIBRIDO_ANALOGO_CLIM,ANALOGO_ESTADO_V2_CONFORMAL,30,10,1.6437171373353707,OK_ANALOGOS_CONTINUIDAD_CORREGIDA,0.25668549599877766,-0.25668549599877766,0.0,CORREGIDO_ANCLA_OBSERVADO,1.8970315712094132,6.25573653505947,2.1793524819250285,720.0,OK_CALIBRADO
2026-10-09,BELLAVISTA,14.0,2026-10-08,2026-11-30,90,53,4.119038970040165,3.3664409593749376,4.119038970040165,3.6,5.070436455220735,2.838738970040165,5.399338970040164,HIBRIDO_ANALOGO_CLIM,ANALOGO_ESTADO_V2_CONFORMAL,30,10,1.6437171373353707,OK_ANALOGOS_CONTINUIDAD_CORREGIDA,0.25668549599877766,-0.25668549599877766,0.0,CORREGIDO_ANCLA_OBSERVADO,1.9396864881151368,6.298391451965194,2.1793524819250285,720.0,OK_CALIBRADO
2026-10-09,BELLAVISTA,14.0,2026-10-08,2026-12-01,90,54,4.136036022436999,3.393134310248089,4.136036022436999,3.6,5.044027004001222,2.7257360224369984,5.546336022436998,HIBRIDO_ANALOGO_CLIM,ANALOGO_ESTADO_V2_CONFORMAL,30,10,1.6437171373353707,OK_ANALOGOS_CONTINUIDAD_CORREGIDA,0.25668549599877766,-0.25668549599877766,0.0,CORREGIDO_ANCLA_OBSERVADO,1.9566835405119702,6.315388504362027,2.1793524819250285,720.0,OK_CALIBRADO
2026-10-09,BELLAVISTA,14.0,2026-10-08,2026-12-02,90,55,4.110235846043739,3.406603214359795,4.110235846043739,3.6,4.941801683488402,2.52083584604374,5.699635846043739,HIBRIDO_ANALOGO_CLIM,ANALOGO_ESTADO_V2_CONFORMAL,30,10,1.6437171373353707,OK_ANALOGOS_CONTINUIDAD_CORREGIDA,0.25668549599877766,-0.25668549599877766,0.0,CORREGIDO_ANCLA_OBSERVADO,1.9308833641187109,6.289588327968768,2.1793524819250285,720.0,OK_CALIBRADO
2026-10-09,BELLAVISTA,14.0,2026-10-08,2026-12-03,90,56,4.140069033145503,3.4210753999929002,4.140069033145503,3.6,4.961776042462761,2.3600690331455025,5.920069033145502,HIBRIDO_ANALOGO_CLIM,ANALOGO_ESTADO_V2_CONFORMAL,30,10,1.6437171373353707,OK_ANALOGOS_CONTINUIDAD_CORREGIDA,0.25668549599877766,-0.25668549599877766,0.0,CORREGIDO_ANCLA_OBSERVADO,1.9607165512204743,6.319421515070531,2.1793524819250285,720.0,OK_CALIBRADO
2026-10-09,BELLAVISTA,14.0,2026-10-08,2026-12-04,90,57,4.172204018506465,3.473975850311572,4.172204018506465,3.6,4.943929888616607,2.3040040185064647,6.0404040185064645,HIBRIDO_ANALOGO_CLIM,ANALOGO_ESTADO_V2_CONFORMAL,30,10,1.6437171373353707,OK_ANALOGOS_CONTINUIDAD_CORREGIDA,0.25668549599877766,-0.25668549599877766,0.0,CORREGIDO_ANCLA_OBSERVADO,1.992851536581436,6.351556500431493,2.1793524819250285,720.0,OK_CALIBRADO
2026-10-09,BELLAVISTA,14.0,2026-10-08,2026-12-05,90,58,4.186599847612367,3.521473895275069,4.186599847612367,3.6,4.897596555283274,2.1909998476123675,6.1821998476123685,HIBRIDO_ANALOGO_CLIM,ANALOGO_ESTADO_V2_CONFORMAL,30,10,1.6437171373353707,OK_ANALOGOS_CONTINUIDAD_CORREGIDA,0.25668549599877766,-0.25668549599877766,0.0,CORREGIDO_ANCLA_OBSERVADO,2.0072473656873386,6.365952329537396,2.1793524819250285,720.0,OK_CALIBRADO
2026-10-09,BELLAVISTA,14.0,2026-10-08,2026-12-06,90,59,4.182673065237356,3.518122854814632,4.182673065237356,3.6,4.86975040143712,2.1098230652373555,6.255523065237355,HIBRIDO_ANALOGO_CLIM,ANALOGO_ESTADO_V2_CONFORMAL,30,10,1.6437171373353707,OK_ANALOGOS_CONTINUIDAD_CORREGIDA,0.25668549599877766,-0.25668549599877766,0.0,CORREGIDO_ANCLA_OBSERVADO,2.0033205833123278,6.362025547162385,2.1793524819250285,720.0,OK_CALIBRADO
2026-10-09,BELLAVISTA,14.0,2026-10-08,2026-12-07,90,60,4.174823564757361,3.475358266539139,4.174823564757361,3.6,4.874288862975581,2.09312356475736,6.2565235647573605,HIBRIDO_ANALOGO_CLIM,ANALOGO_ESTADO_V2_CONFORMAL,30,10,1.6437171373353707,OK_ANALOGOS_CONTINUIDAD_CORREGIDA,0.25668549599877766,-0.25668549599877766,0.0,CORREGIDO_ANCLA_OBSERVADO,1.9954710828323323,6.354176046682389,2.1793524819250285,720.0,OK_CALIBRADO
2026-10-09,BELLAVISTA,14.0,2026-10-08,2026-12-08,90,61,4.159424638951924,3.433596090950064,4.159424638951924,3.6,4.861455529642248,2.0703246389519245,6.248524638951924,HIBRIDO_ANALOGO_CLIM,ANALOGO_ESTADO_V2_CONFORMAL,30,10,1.6437171373353707,OK_ANALOGOS_CONTINUIDAD_CORREGIDA,0.25668549599877766,-0.25668549599877766,0.0,CORREGIDO_ANCLA_OBSERVADO,1.9800721570268953,6.338777120876952,2.1793524819250285,720.0,OK_CALIBRADO
2026-10-09,BELLAVISTA,14.0,2026-10-08,2026-12-09,90,62,4.156257333266899,3.4269424619867945,4.156257333266899,3.6,4.838519632206351,2.071507333266898,6.241007333266898,HIBRIDO_ANALOGO_CLIM,ANALOGO_ESTADO_V2_CONFORMAL,30,10,1.6437171373353707,OK_ANALOGOS_CONTINUIDAD_CORREGIDA,0.25668549599877766,-0.25668549599877766,0.0,CORREGIDO_ANCLA_OBSERVADO,1.97690485134187,6.335609815191927,2.1793524819250285,720.0,OK_CALIBRADO
2026-10-09,BELLAVISTA,14.0,2026-10-08,2026-12-10,90,63,4.1700767484497945,3.4843949376581356,4.1700767484497945,3.6,4.790455529642248,2.084376748449795,6.2557767484497955,HIBRIDO_ANALOGO_CLIM,ANALOGO_ESTADO_V2_CONFORMAL,30,10,1.6437171373353707,OK_ANALOGOS_CONTINUIDAD_CORREGIDA,0.25668549599877766,-0.25668549599877766,0.0,CORREGIDO_ANCLA_OBSERVADO,1.990724266524766,6.349429230374823,2.1793524819250285,720.0,OK_CALIBRADO
2026-10-09,BELLAVISTA,14.0,2026-10-08,2026-12-11,90,64,4.192293608692125,3.5512880433571867,4.192293608692125,3.6,4.753173478360196,2.0334436086921253,6.351143608692125,HIBRIDO_ANALOGO_CLIM,ANALOGO_ESTADO_V2_CONFORMAL,30,10,1.6437171373353707,OK_ANALOGOS_CONTINUIDAD_CORREGIDA,0.25668549599877766,-0.25668549599877766,0.0,CORREGIDO_ANCLA_OBSERVADO,2.012941126767097,6.371646090617154,2.1793524819250285,720.0,OK_CALIBRADO
2026-10-09,BELLAVISTA,14.0,2026-10-08,2026-12-12,90,65,4.19825547380092,3.5973069229581376,4.19825547380092,3.6,4.7067504014371195,1.9406554738009194,6.45585547380092,HIBRIDO_ANALOGO_CLIM,ANALOGO_ESTADO_V2_CONFORMAL,30,10,1.6437171373353707,OK_ANALOGOS_CONTINUIDAD_CORREGIDA,0.25668549599877766,-0.25668549599877766,0.0,CORREGIDO_ANCLA_OBSERVADO,2.0189029918758914,6.377607955725948,2.1793524819250285,720.0,OK_CALIBRADO
2026-10-09,BELLAVISTA,14.0,2026-10-08,2026-12-13,90,66,4.252108716845248,3.762028139381108,4.252108716845248,3.6,4.653083734770453,2.1545087168452475,6.349708716845248,HIBRIDO_ANALOGO_CLIM,ANALOGO_ESTADO_V2_CONFORMAL,30,10,1.6437171373353707,OK_ANALOGOS_CONTINUIDAD_CORREGIDA,0.25668549599877766,-0.25668549599877766,0.0,CORREGIDO_ANCLA_OBSERVADO,2.0727562349202193,6.431461198770276,2.1793524819250285,720.0,OK_CALIBRADO
2026-10-09,BELLAVISTA,14.0,2026-10-08,2026-12-14,90,67,4.247502342267143,3.780749474046947,4.247502342267143,3.6,4.616724760411479,2.2528023422671444,6.242202342267143,HIBRIDO_ANALOGO_CLIM,ANALOGO_ESTADO_V2_CONFORMAL,30,10,1.6437171373353707,OK_ANALOGOS_CONTINUIDAD_CORREGIDA,0.25668549599877766,-0.25668549599877766,0.0,CORREGIDO_ANCLA_OBSERVADO,2.068149860342115,6.426854824192172,2.1793524819250285,720.0,OK_CALIBRADO
2026-10-09,BELLAVISTA,14.0,2026-10-08,2026-12-15,90,68,4.242074863135608,3.763967601017456,4.242074863135608,3.6,4.607686298873016,2.2637248631356077,6.220424863135607,HIBRIDO_ANALOGO_CLIM,ANALOGO_ESTADO_V2_CONFORMAL,30,10,1.6437171373353707,OK_ANALOGOS_CONTINUIDAD_CORREGIDA,0.25668549599877766,-0.25668549599877766,0.0,CORREGIDO_ANCLA_OBSERVADO,2.0627223812105795,6.4214273450606365,2.1793524819250285,720.0,OK_CALIBRADO
2026-10-09,BELLAVISTA,14.0,2026-10-08,2026-12-16,90,69,4.230126051930206,3.7323356424163276,4.230126051930206,3.6,4.598058093744813,2.2667760519302074,6.193476051930206,HIBRIDO_ANALOGO_CLIM,ANALOGO_ESTADO_V2_CONFORMAL,30,10,1.6437171373353707,OK_ANALOGOS_CONTINUIDAD_CORREGIDA,0.25668549599877766,-0.25668549599877766,0.0,CORREGIDO_ANCLA_OBSERVADO,2.0507735700051777,6.409478533855235,2.1793524819250285,720.0,OK_CALIBRADO
2026-10-09,BELLAVISTA,14.0,2026-10-08,2026-12-17,90,70,4.193133651515412,3.6809471247019427,4.193133651515412,3.6,4.55898117066789,2.3480336515154114,6.0382336515154105,HIBRIDO_ANALOGO_CLIM,ANALOGO_ESTADO_V2_CONFORMAL,30,10,1.6437171373353707,OK_ANALOGOS_CONTINUIDAD_CORREGIDA,0.25668549599877766,-0.25668549599877766,0.0,CORREGIDO_ANCLA_OBSERVADO,2.0137811695903833,6.37248613344044,2.1793524819250285,720.0,OK_CALIBRADO
2026-10-09,BELLAVISTA,14.0,2026-10-08,2026-12-18,90,71,4.194599627746452,3.67009204409943,4.194599627746452,3.6,4.556583734770452,2.4219996277464517,5.967199627746451,HIBRIDO_ANALOGO_CLIM,ANALOGO_ESTADO_V2_CONFORMAL,30,10,1.6437171373353707,OK_ANALOGOS_CONTINUIDAD_CORREGIDA,0.25668549599877766,-0.25668549599877766,0.0,CORREGIDO_ANCLA_OBSERVADO,2.015247145821424,6.373952109671481,2.1793524819250285,720.0,OK_CALIBRADO
2026-10-09,BELLAVISTA,14.0,2026-10-08,2026-12-19,90,72,4.2256467083270906,3.666106553277431,4.2256467083270906,3.6,4.5986734783601975,2.64844670832709,5.80284670832709,HIBRIDO_ANALOGO_CLIM,ANALOGO_ESTADO_V2_CONFORMAL,30,10,1.6437171373353707,OK_ANALOGOS_CONTINUIDAD_CORREGIDA,0.25668549599877766,-0.25668549599877766,0.0,CORREGIDO_ANCLA_OBSERVADO,2.046294226402062,6.404999190252119,2.1793524819250285,720.0,OK_CALIBRADO
2026-10-09,BELLAVISTA,14.0,2026-10-08,2026-12-20,90,73,4.243127025037625,3.6721176128121154,4.243127025037625,3.6,4.61076322194994,2.8331270250376255,5.653127025037625,HIBRIDO_ANALOGO_CLIM,ANALOGO_ESTADO_V2_CONFORMAL,30,10,1.6437171373353707,OK_ANALOGOS_CONTINUIDAD_CORREGIDA,0.25668549599877766,-0.25668549599877766,0.0,CORREGIDO_ANCLA_OBSERVADO,2.0637745431125962,6.422479506962653,2.1793524819250285,720.0,OK_CALIBRADO
2026-10-09,BELLAVISTA,14.0,2026-10-08,2026-12-21,90,74,4.2846558213080765,3.699020950487332,4.2846558213080765,3.6,4.648699119385837,2.7836558213080775,5.785655821308076,HIBRIDO_ANALOGO_CLIM,ANALOGO_ESTADO_V2_CONFORMAL,30,10,1.6437171373353707,OK_ANALOGOS_CONTINUIDAD_CORREGIDA,0.25668549599877766,-0.25668549599877766,0.0,CORREGIDO_ANCLA_OBSERVADO,2.105303339383048,6.464008303233105,2.1793524819250285,720.0,OK_CALIBRADO
2026-10-09,BELLAVISTA,14.0,2026-10-08,2026-12-22,90,75,4.327123886060457,3.7474044800908035,4.327123886060457,3.6,4.674955529642249,2.5236238860604567,6.130623886060457,HIBRIDO_ANALOGO_CLIM,ANALOGO_ESTADO_V2_CONFORMAL,30,10,1.6437171373353707,OK_ANALOGOS_CONTINUIDAD_CORREGIDA,0.25668549599877766,-0.25668549599877766,0.0,CORREGIDO_ANCLA_OBSERVADO,2.1477714041354288,6.506476367985486,2.1793524819250285,720.0,OK_CALIBRADO
2026-10-09,BELLAVISTA,14.0,2026-10-08,2026-12-23,90,76,4.318189660519881,3.74624674905211,4.318189660519881,3.6,4.649314504001222,2.4752896605198815,6.161089660519881,HIBRIDO_ANALOGO_CLIM,ANALOGO_ESTADO_V2_CONFORMAL,30,10,1.6437171373353707,OK_ANALOGOS_CONTINUIDAD_CORREGIDA,0.25668549599877766,-0.25668549599877766,0.0,CORREGIDO_ANCLA_OBSERVADO,2.1388371785948523,6.497542142444909,2.1793524819250285,720.0,OK_CALIBRADO
2026-10-09,BELLAVISTA,14.0,2026-10-08,2026-12-24,90,77,4.31545382438693,3.74653693656241,4.31545382438693,3.6,4.633160657847377,2.4451038243869307,6.185803824386928,HIBRIDO_ANALOGO_CLIM,ANALOGO_ESTADO_V2_CONFORMAL,30,10,1.6437171373353707,OK_ANALOGOS_CONTINUIDAD_CORREGIDA,0.25668549599877766,-0.25668549599877766,0.0,CORREGIDO_ANCLA_OBSERVADO,2.1361013424619015,6.4948063063119585,2.1793524819250285,720.0,OK_CALIBRADO
2026-10-09,BELLAVISTA,14.0,2026-10-08,2026-12-25,90,78,4.323000857821192,3.7300374196773274,4.323000857821192,3.6,4.642288862975581,2.3968508578211924,6.24915085782119,HIBRIDO_ANALOGO_CLIM,ANALOGO_ESTADO_V2_CONFORMAL,30,10,1.6437171373353707,OK_ANALOGOS_CONTINUIDAD_CORREGIDA,0.25668549599877766,-0.25668549599877766,0.0,CORREGIDO_ANCLA_OBSERVADO,2.1436483758961637,6.502353339746221,2.1793524819250285,720.0,OK_CALIBRADO
2026-10-09,BELLAVISTA,14.0,2026-10-08,2026-12-26,90,79,4.339619097478968,3.7391340771568506,4.339619097478968,3.6,4.6512632219499395,2.3255190974789675,6.353719097478967,HIBRIDO_ANALOGO_CLIM,ANALOGO_ESTADO_V2_CONFORMAL,30,10,1.6437171373353707,OK_ANALOGOS_CONTINUIDAD_CORREGIDA,0.25668549599877766,-0.25668549599877766,0.0,CORREGIDO_ANCLA_OBSERVADO,2.1602666155539394,6.518971579403996,2.1793524819250285,720.0,OK_CALIBRADO
2026-10-09,BELLAVISTA,14.0,2026-10-08,2026-12-27,90,80,4.332529517224559,3.7367287744404636,4.332529517224559,3.6,4.630429888616607,2.1716295172245585,6.493429517224559,HIBRIDO_ANALOGO_CLIM,ANALOGO_ESTADO_V2_CONFORMAL,30,10,1.6437171373353707,OK_ANALOGOS_CONTINUIDAD_CORREGIDA,0.25668549599877766,-0.25668549599877766,0.0,CORREGIDO_ANCLA_OBSERVADO,2.1531770352995308,6.511881999149588,2.1793524819250285,720.0,OK_CALIBRADO
2026-10-09,BELLAVISTA,14.0,2026-10-08,2026-12-28,90,81,4.347187093297254,3.7926769089357575,4.347187093297254,3.6,4.614173478360197,2.0976370932972555,6.5967370932972536,HIBRIDO_ANALOGO_CLIM,ANALOGO_ESTADO_V2_CONFORMAL,30,10,1.6437171373353707,OK_ANALOGOS_CONTINUIDAD_CORREGIDA,0.25668549599877766,-0.25668549599877766,0.0,CORREGIDO_ANCLA_OBSERVADO,2.1678346113722258,6.526539575222283,2.1793524819250285,720.0,OK_CALIBRADO
2026-10-09,BELLAVISTA,14.0,2026-10-08,2026-12-29,90,82,4.385981645072109,3.9031122234423496,4.385981645072109,3.6,4.60975040143712,2.1297816450721094,6.6421816450721085,HIBRIDO_ANALOGO_CLIM,ANALOGO_ESTADO_V2_CONFORMAL,30,10,1.6437171373353707,OK_ANALOGOS_CONTINUIDAD_CORREGIDA,0.25668549599877766,-0.25668549599877766,0.0,CORREGIDO_ANCLA_OBSERVADO,2.2066291631470802,6.565334126997137,2.1793524819250285,720.0,OK_CALIBRADO
2026-10-09,BELLAVISTA,14.0,2026-10-08,2026-12-30,90,83,4.413379660140766,4.020383063067797,4.413379660140766,3.6,4.588570914257632,2.260629660140767,6.566129660140767,HIBRIDO_ANALOGO_CLIM,ANALOGO_ESTADO_V2_CONFORMAL,30,10,1.6437171373353707,OK_ANALOGOS_CONTINUIDAD_CORREGIDA,0.25668549599877766,-0.25668549599877766,0.0,CORREGIDO_ANCLA_OBSERVADO,2.2340271782157375,6.5927321420657945,2.1793524819250285,720.0,OK_CALIBRADO
2026-10-09,BELLAVISTA,14.0,2026-10-08,2026-12-31,90,84,4.465832303819333,4.130741358095781,4.465832303819333,3.6,4.609442709129427,2.5491823038193346,6.382482303819334,HIBRIDO_ANALOGO_CLIM,ANALOGO_ESTADO_V2_CONFORMAL,30,10,1.6437171373353707,OK_ANALOGOS_CONTINUIDAD_CORREGIDA,0.25668549599877766,-0.25668549599877766,0.0,CORREGIDO_ANCLA_OBSERVADO,2.2864798218943045,6.6451847857443616,2.1793524819250285,720.0,OK_CALIBRADO
2026-10-09,BELLAVISTA,14.0,2026-10-08,2027-01-01,90,85,4.5813451641648335,4.133999763934996,4.5813451641648335,3.6,4.765546211318295,2.6745951641648333,6.488095164164832,HIBRIDO_ANALOGO_CLIM,ANALOGO_ESTADO_V2_CONFORMAL,30,10,1.6437171373353707,OK_ANALOGOS_CONTINUIDAD_CORREGIDA,0.25668549599877766,-0.25668549599877766,0.0,CORREGIDO_ANCLA_OBSERVADO,2.401992682239805,6.760697646089862,2.1793524819250285,720.0,OK_CALIBRADO
2026-10-09,BELLAVISTA,14.0,2026-10-08,2027-01-02,90,86,4.578550252352773,4.071598493879009,4.578550252352773,3.6,4.778973040586587,2.735950252352774,6.421150252352772,HIBRIDO_ANALOGO_CLIM,ANALOGO_ESTADO_V2_CONFORMAL,30,10,1.6437171373353707,OK_ANALOGOS_CONTINUIDAD_CORREGIDA,0.25668549599877766,-0.25668549599877766,0.0,CORREGIDO_ANCLA_OBSERVADO,2.3991977704277447,6.757902734277802,2.1793524819250285,720.0,OK_CALIBRADO
2026-10-09,BELLAVISTA,14.0,2026-10-08,2027-01-03,90,87,4.567848961466622,4.0237236176226325,4.567848961466622,3.6,4.774241333269515,2.692098961466622,6.443598961466622,HIBRIDO_ANALOGO_CLIM,ANALOGO_ESTADO_V2_CONFORMAL,30,10,1.6437171373353707,OK_ANALOGOS_CONTINUIDAD_CORREGIDA,0.25668549599877766,-0.25668549599877766,0.0,CORREGIDO_ANCLA_OBSERVADO,2.388496479541593,6.74720144339165,2.1793524819250285,720.0,OK_CALIBRADO
2026-10-09,BELLAVISTA,14.0,2026-10-08,2027-01-04,90,88,4.531731695785485,3.989619826850745,4.531731695785485,3.6,4.728863284489027,2.6191316957854855,6.444331695785484,HIBRIDO_ANALOGO_CLIM,ANALOGO_ESTADO_V2_CONFORMAL,30,10,1.6437171373353707,OK_ANALOGOS_CONTINUIDAD_CORREGIDA,0.25668549599877766,-0.25668549599877766,0.0,CORREGIDO_ANCLA_OBSERVADO,2.3523792138604565,6.7110841777105135,2.1793524819250285,720.0,OK_CALIBRADO
2026-10-09,BELLAVISTA,14.0,2026-10-08,2027-01-05,90,89,4.480768984241999,3.940581256782201,4.480768984241999,3.6,4.668924260098784,2.609268984242001,6.352268984241999,HIBRIDO_ANALOGO_CLIM,ANALOGO_ESTADO_V2_CONFORMAL,30,10,1.6437171373353707,OK_ANALOGOS_CONTINUIDAD_CORREGIDA,0.25668549599877766,-0.25668549599877766,0.0,CORREGIDO_ANCLA_OBSERVADO,2.301416502316971,6.660121466167028,2.1793524819250285,720.0,OK_CALIBRADO
2026-10-09,BELLAVISTA,14.0,2026-10-08,2027-01-06,90,90,4.438231715585575,3.866117496680101,4.438231715585575,3.6,4.6289364552207335,2.604131715585576,6.272331715585574,HIBRIDO_ANALOGO_CLIM,ANALOGO_ESTADO_V2_CONFORMAL,30,10,1.6437171373353707,OK_ANALOGOS_CONTINUIDAD_CORREGIDA,0.25668549599877766,-0.25668549599877766,0.0,CORREGIDO_ANCLA_OBSERVADO,2.2588792336605463,6.617584197510603,2.1793524819250285,720.0,OK_CALIBRADO
2026-10-09,BORJA,26.0,2026-10-08,2026-10-09,30,1,3.18,2.895100002487317,3.18,3.18,4.034699992538052,2.7793,3.5807,HIBRIDO_ANALOGO_CLIM,ANALOGO_ESTADO_V2_CONFORMAL,30,10,0.73693705886773,OK_ANALOGOS_CONTINUIDAD_CORREGIDA,0.3348675750295169,-0.3348675750295169,0.0,CORREGIDO_ANCLA_OBSERVADO,0.9308726758311585,5.429127324168842,2.2491273241688416,240.0,OK_CALIBRADO
2026-10-09,BORJA,26.0,2026-10-08,2026-10-10,30,2,3.1886140541325667,2.8953601827721798,3.1886140541325667,3.18,4.068375668213726,2.836114054132567,3.5411140541325667,HIBRIDO_ANALOGO_CLIM,ANALOGO_ESTADO_V2_CONFORMAL,30,10,0.73693705886773,OK_ANALOGOS_CONTINUIDAD_CORREGIDA,0.3348675750295169,-0.3348675750295169,0.0,CORREGIDO_ANCLA_OBSERVADO,0.9394867299637251,5.437741378301409,2.2491273241688416,240.0,OK_CALIBRADO
2026-10-09,BORJA,26.0,2026-10-08,2026-10-11,30,3,3.179253748541669,2.898848243786119,3.179253748541669,3.18,4.02047026280832,2.690253748541669,3.668253748541669,HIBRIDO_ANALOGO_CLIM,ANALOGO_ESTADO_V2_CONFORMAL,30,10,0.73693705886773,OK_ANALOGOS_CONTINUIDAD_CORREGIDA,0.3348675750295169,-0.3348675750295169,0.0,CORREGIDO_ANCLA_OBSERVADO,0.9301264243728276,5.428381072710511,2.2491273241688416,240.0,OK_CALIBRADO
2026-10-09,BORJA,26.0,2026-10-08,2026-10-12,30,4,3.2654752419395217,3.031936361109381,3.2654752419395217,3.18,3.9660918844299426,2.4912752419395217,4.039675241939522,HIBRIDO_ANALOGO_CLIM,ANALOGO_ESTADO_V2_CONFORMAL,30,10,0.73693705886773,OK_ANALOGOS_CONTINUIDAD_CORREGIDA,0.3348675750295169,-0.3348675750295169,0.0,CORREGIDO_ANCLA_OBSERVADO,1.01634791777068,5.514602566108364,2.2491273241688416,240.0,OK_CALIBRADO
2026-10-09,BORJA,26.0,2026-10-08,2026-10-13,30,5,3.6391038629515444,3.550684432368655,3.6391038629515444,3.18,3.904362154700212,2.509903862951545,4.768303862951544,HIBRIDO_ANALOGO_CLIM,ANALOGO_ESTADO_V2_CONFORMAL,30,10,0.73693705886773,OK_ANALOGOS_CONTINUIDAD_CORREGIDA,0.3348675750295169,-0.3348675750295169,0.0,CORREGIDO_ANCLA_OBSERVADO,1.3899765387827028,5.888231187120386,2.2491273241688416,240.0,OK_CALIBRADO
2026-10-09,BORJA,26.0,2026-10-08,2026-10-14,30,6,3.7900103187851406,3.7611497969035406,3.7900103187851406,3.18,3.8765918844299425,2.9491103187851406,4.630910318785141,HIBRIDO_ANALOGO_CLIM,ANALOGO_ESTADO_V2_CONFORMAL,30,10,0.73693705886773,OK_ANALOGOS_CONTINUIDAD_CORREGIDA,0.3348675750295169,-0.3348675750295169,0.0,CORREGIDO_ANCLA_OBSERVADO,1.540882994616299,6.039137642953982,2.2491273241688416,240.0,OK_CALIBRADO
2026-10-09,BORJA,26.0,2026-10-08,2026-10-15,30,7,3.5816623589045844,3.4620372017474828,3.5816623589045844,3.18,3.9405378303758885,2.9849623589045846,4.178362358904584,HIBRIDO_ANALOGO_CLIM,ANALOGO_ESTADO_V2_CONFORMAL,30,10,0.73693705886773,OK_ANALOGOS_CONTINUIDAD_CORREGIDA,0.3348675750295169,-0.3348675750295169,0.0,CORREGIDO_ANCLA_OBSERVADO,1.3325350347357428,5.8307896830734265,2.2491273241688416,240.0,OK_CALIBRADO
2026-10-09,BORJA,26.0,2026-10-08,2026-10-16,30,8,3.5499268594008773,3.3145204997065036,3.5499268594008773,3.18,4.256145938483996,2.987726859400878,4.1121268594008775,HIBRIDO_ANALOGO_CLIM,ANALOGO_ESTADO_V2_CONFORMAL,30,10,0.73693705886773,OK_ANALOGOS_CONTINUIDAD_CORREGIDA,0.3348675750295169,-0.3348675750295169,0.0,CORREGIDO_ANCLA_OBSERVADO,1.3007995352320356,5.799054183569719,2.2491273241688416,240.0,OK_CALIBRADO
2026-10-09,BORJA,26.0,2026-10-08,2026-10-17,30,9,3.4538440726459156,3.158932639889078,3.4538440726459156,3.18,4.338578370916428,2.947844072645916,3.959844072645916,HIBRIDO_ANALOGO_CLIM,ANALOGO_ESTADO_V2_CONFORMAL,30,10,0.73693705886773,OK_ANALOGOS_CONTINUIDAD_CORREGIDA,0.3348675750295169,-0.3348675750295169,0.0,CORREGIDO_ANCLA_OBSERVADO,1.204716748477074,5.702971396814757,2.2491273241688416,240.0,OK_CALIBRADO
2026-10-09,BORJA,26.0,2026-10-08,2026-10-18,30,10,3.4698663704845303,3.2212416496198437,3.4698663704845303,3.18,4.215740533078591,3.0748663704845303,3.8648663704845307,HIBRIDO_ANALOGO_CLIM,ANALOGO_ESTADO_V2_CONFORMAL,30,10,0.73693705886773,OK_ANALOGOS_CONTINUIDAD_CORREGIDA,0.3348675750295169,-0.3348675750295169,0.0,CORREGIDO_ANCLA_OBSERVADO,1.2207390463156886,5.718993694653372,2.2491273241688416,240.0,OK_CALIBRADO
2026-10-09,BORJA,26.0,2026-10-08,2026-10-19,30,11,3.6737592364748113,3.520513218687966,3.6737592364748113,3.18,4.133497289835347,2.8672592364748115,4.4802592364748115,HIBRIDO_ANALOGO_CLIM,ANALOGO_ESTADO_V2_CONFORMAL,30,10,0.73693705886773,OK_ANALOGOS_CONTINUIDAD_CORREGIDA,0.3348675750295169,-0.3348675750295169,0.0,CORREGIDO_ANCLA_OBSERVADO,1.4246319123059696,5.9228865606436525,2.2491273241688416,240.0,OK_CALIBRADO
2026-10-09,BORJA,26.0,2026-10-08,2026-10-20,30,12,3.877529004622565,3.739183720362448,3.877529004622565,3.18,4.292564857402915,2.9301790046225644,4.824879004622565,HIBRIDO_ANALOGO_CLIM,ANALOGO_ESTADO_V2_CONFORMAL,30,10,0.73693705886773,OK_ANALOGOS_CONTINUIDAD_CORREGIDA,0.3348675750295169,-0.3348675750295169,0.0,CORREGIDO_ANCLA_OBSERVADO,1.6284016804537234,6.126656328791407,2.2491273241688416,240.0,OK_CALIBRADO
2026-10-09,BORJA,26.0,2026-10-08,2026-10-21,30,13,3.9009356796311887,3.7714421699234957,3.9009356796311887,3.18,4.289416208754266,2.8959356796311884,4.905935679631188,HIBRIDO_ANALOGO_CLIM,ANALOGO_ESTADO_V2_CONFORMAL,30,10,0.73693705886773,OK_ANALOGOS_CONTINUIDAD_CORREGIDA,0.3348675750295169,-0.3348675750295169,0.0,CORREGIDO_ANCLA_OBSERVADO,1.651808355462347,6.15006300380003,2.2491273241688416,240.0,OK_CALIBRADO
2026-10-09,BORJA,26.0,2026-10-08,2026-10-22,30,14,3.7271547703277306,3.535707263825191,3.7271547703277306,3.18,4.301497289835348,2.9016547703277302,4.552654770327731,HIBRIDO_ANALOGO_CLIM,ANALOGO_ESTADO_V2_CONFORMAL,30,10,0.73693705886773,OK_ANALOGOS_CONTINUIDAD_CORREGIDA,0.3348675750295169,-0.3348675750295169,0.0,CORREGIDO_ANCLA_OBSERVADO,1.478027446158889,5.976282094496572,2.2491273241688416,240.0,OK_CALIBRADO
2026-10-09,BORJA,26.0,2026-10-08,2026-10-23,30,15,3.853868977588537,3.678551432064825,3.853868977588537,3.18,4.379821614159672,2.6900189775885366,5.017718977588537,HIBRIDO_ANALOGO_CLIM,ANALOGO_ESTADO_V2_CONFORMAL,30,10,0.73693705886773,OK_ANALOGOS_CONTINUIDAD_CORREGIDA,0.3348675750295169,-0.3348675750295169,0.0,CORREGIDO_ANCLA_OBSERVADO,1.6047416534196954,6.102996301757379,2.2491273241688416,240.0,OK_CALIBRADO
2026-10-09,BORJA,26.0,2026-10-08,2026-10-24,30,16,3.910202440623259,3.76367172512013,3.910202440623259,3.18,4.349794587132646,2.4762024406232594,5.34420244062326,HIBRIDO_ANALOGO_CLIM,ANALOGO_ESTADO_V2_CONFORMAL,30,10,0.73693705886773,OK_ANALOGOS_CONTINUIDAD_CORREGIDA,0.3348675750295169,-0.3348675750295169,0.0,CORREGIDO_ANCLA_OBSERVADO,1.6610751164544175,6.159329764792101,2.2491273241688416,240.0,OK_CALIBRADO
2026-10-09,BORJA,26.0,2026-10-08,2026-10-25,30,17,3.9326214952841627,3.757243978181515,3.9326214952841627,3.18,4.458754046592105,2.9393214952841626,4.925921495284163,HIBRIDO_ANALOGO_CLIM,ANALOGO_ESTADO_V2_CONFORMAL,30,10,0.73693705886773,OK_ANALOGOS_CONTINUIDAD_CORREGIDA,0.3348675750295169,-0.3348675750295169,0.0,CORREGIDO_ANCLA_OBSERVADO,1.683494171115321,6.181748819453004,2.2491273241688416,240.0,OK_CALIBRADO
2026-10-09,BORJA,26.0,2026-10-08,2026-10-26,30,18,4.0419505776434335,3.9113989708767583,4.0419505776434335,3.18,4.433605397943456,3.2611505776434333,4.822750577643433,HIBRIDO_ANALOGO_CLIM,ANALOGO_ESTADO_V2_CONFORMAL,30,10,0.73693705886773,OK_ANALOGOS_CONTINUIDAD_CORREGIDA,0.3348675750295169,-0.3348675750295169,0.0,CORREGIDO_ANCLA_OBSERVADO,1.7928232534745918,6.291077901812275,2.2491273241688416,240.0,OK_CALIBRADO
2026-10-09,BORJA,26.0,2026-10-08,2026-10-27,30,19,4.101071430708341,4.034402450638979,4.101071430708341,3.18,4.301078370916429,3.208921430708341,4.993221430708342,HIBRIDO_ANALOGO_CLIM,ANALOGO_ESTADO_V2_CONFORMAL,30,10,0.73693705886773,OK_ANALOGOS_CONTINUIDAD_CORREGIDA,0.3348675750295169,-0.3348675750295169,0.0,CORREGIDO_ANCLA_OBSERVADO,1.8519441065394995,6.350198754877183,2.2491273241688416,240.0,OK_CALIBRADO
2026-10-09,BORJA,26.0,2026-10-08,2026-10-28,30,20,4.345479393503014,4.394847301932778,4.345479393503014,3.18,4.197375668213725,3.280379393503015,5.410579393503015,HIBRIDO_ANALOGO_CLIM,ANALOGO_ESTADO_V2_CONFORMAL,30,10,0.73693705886773,OK_ANALOGOS_CONTINUIDAD_CORREGIDA,0.3348675750295169,-0.3348675750295169,0.0,CORREGIDO_ANCLA_OBSERVADO,2.0963520693341726,6.594606717671856,2.2491273241688416,240.0,OK_CALIBRADO
2026-10-09,BORJA,26.0,2026-10-08,2026-10-29,30,21,4.219273365738012,4.241496021669532,4.219273365738012,3.18,4.152605397943455,3.1561733657380127,5.282373365738012,HIBRIDO_ANALOGO_CLIM,ANALOGO_ESTADO_V2_CONFORMAL,30,10,0.73693705886773,OK_ANALOGOS_CONTINUIDAD_CORREGIDA,0.3348675750295169,-0.3348675750295169,0.0,CORREGIDO_ANCLA_OBSERVADO,1.97014604156917,6.468400689906853,2.2491273241688416,240.0,OK_CALIBRADO
2026-10-09,BORJA,26.0,2026-10-08,2026-10-30,30,22,4.2268346219807835,4.1884245435067395,4.2268346219807835,3.18,4.3420648574029155,3.0886846219807835,5.364984621980783,HIBRIDO_ANALOGO_CLIM,ANALOGO_ESTADO_V2_CONFORMAL,30,10,0.73693705886773,OK_ANALOGOS_CONTINUIDAD_CORREGIDA,0.3348675750295169,-0.3348675750295169,0.0,CORREGIDO_ANCLA_OBSERVADO,1.9777072978119419,6.475961946149625,2.2491273241688416,240.0,OK_CALIBRADO
2026-10-09,BORJA,26.0,2026-10-08,2026-10-31,30,23,4.140469119425864,4.0890318013614415,4.140469119425864,3.18,4.2947810736191325,2.981519119425863,5.299419119425863,HIBRIDO_ANALOGO_CLIM,ANALOGO_ESTADO_V2_CONFORMAL,30,10,0.73693705886773,OK_ANALOGOS_CONTINUIDAD_CORREGIDA,0.3348675750295169,-0.3348675750295169,0.0,CORREGIDO_ANCLA_OBSERVADO,1.8913417952570226,6.389596443594706,2.2491273241688416,240.0,OK_CALIBRADO
2026-10-09,BORJA,26.0,2026-10-08,2026-11-01,30,24,3.9939204024972432,3.916784913524681,3.9939204024972432,3.18,4.225326869414928,3.0390704024972437,4.948770402497244,HIBRIDO_ANALOGO_CLIM,ANALOGO_ESTADO_V2_CONFORMAL,30,10,0.73693705886773,OK_ANALOGOS_CONTINUIDAD_CORREGIDA,0.3348675750295169,-0.3348675750295169,0.0,CORREGIDO_ANCLA_OBSERVADO,1.7447930783284016,6.243047726666084,2.2491273241688416,240.0,OK_CALIBRADO
2026-10-09,BORJA,26.0,2026-10-08,2026-11-02,30,25,3.7942022822701396,3.6178877301988543,3.7942022822701396,3.18,4.3231459384839965,2.8947022822701394,4.69370228227014,HIBRIDO_ANALOGO_CLIM,ANALOGO_ESTADO_V2_CONFORMAL,30,10,0.73693705886773,OK_ANALOGOS_CONTINUIDAD_CORREGIDA,0.3348675750295169,-0.3348675750295169,0.0,CORREGIDO_ANCLA_OBSERVADO,1.545074958101298,6.043329606438981,2.2491273241688416,240.0,OK_CALIBRADO
2026-10-09,BORJA,26.0,2026-10-08,2026-11-03,30,26,3.703860078560561,3.493724251378875,3.703860078560561,3.18,4.334267560105619,2.918510078560561,4.489210078560561,HIBRIDO_ANALOGO_CLIM,ANALOGO_ESTADO_V2_CONFORMAL,30,10,0.73693705886773,OK_ANALOGOS_CONTINUIDAD_CORREGIDA,0.3348675750295169,-0.3348675750295169,0.0,CORREGIDO_ANCLA_OBSERVADO,1.4547327543917192,5.952987402729402,2.2491273241688416,240.0,OK_CALIBRADO
2026-10-09,BORJA,26.0,2026-10-08,2026-11-04,30,27,3.932840650545408,3.8032884374487614,3.932840650545408,3.18,4.321497289835348,2.7333906505454078,5.132290650545407,HIBRIDO_ANALOGO_CLIM,ANALOGO_ESTADO_V2_CONFORMAL,30,10,0.73693705886773,OK_ANALOGOS_CONTINUIDAD_CORREGIDA,0.3348675750295169,-0.3348675750295169,0.0,CORREGIDO_ANCLA_OBSERVADO,1.6837133263765662,6.181967974714249,2.2491273241688416,240.0,OK_CALIBRADO
2026-10-09,BORJA,26.0,2026-10-08,2026-11-05,30,28,4.043773106605414,3.974513694177419,4.043773106605414,3.18,4.2515513438894015,2.613873106605414,5.473673106605414,HIBRIDO_ANALOGO_CLIM,ANALOGO_ESTADO_V2_CONFORMAL,30,10,0.73693705886773,OK_ANALOGOS_CONTINUIDAD_CORREGIDA,0.3348675750295169,-0.3348675750295169,0.0,CORREGIDO_ANCLA_OBSERVADO,1.7946457824365725,6.292900430774256,2.2491273241688416,240.0,OK_CALIBRADO
2026-10-09,BORJA,26.0,2026-10-08,2026-11-06,30,29,4.100779214416933,4.082066882971155,4.100779214416933,3.18,4.156916208754266,2.678579214416934,5.522979214416933,HIBRIDO_ANALOGO_CLIM,ANALOGO_ESTADO_V2_CONFORMAL,30,10,0.73693705886773,OK_ANALOGOS_CONTINUIDAD_CORREGIDA,0.3348675750295169,-0.3348675750295169,0.0,CORREGIDO_ANCLA_OBSERVADO,1.8516518902480916,6.349906538585775,2.2491273241688416,240.0,OK_CALIBRADO
2026-10-09,BORJA,26.0,2026-10-08,2026-11-07,30,30,4.0515375829527045,3.9910375004783094,4.0515375829527045,3.18,4.233037830375888,2.834687582952704,5.268387582952704,HIBRIDO_ANALOGO_CLIM,ANALOGO_ESTADO_V2_CONFORMAL,30,10,0.73693705886773,OK_ANALOGOS_CONTINUIDAD_CORREGIDA,0.3348675750295169,-0.3348675750295169,0.0,CORREGIDO_ANCLA_OBSERVADO,1.8024102587838629,6.300664907121546,2.2491273241688416,240.0,OK_CALIBRADO
2026-10-09,BORJA,26.0,2026-10-08,2026-10-09,60,1,3.18,2.895100002487317,3.18,3.18,4.034699992538052,2.7793,3.5807,HIBRIDO_ANALOGO_CLIM,ANALOGO_ESTADO_V2_CONFORMAL,30,10,0.73693705886773,OK_ANALOGOS_CONTINUIDAD_CORREGIDA,0.3348675750295169,-0.3348675750295169,0.0,CORREGIDO_ANCLA_OBSERVADO,1.099537832029529,5.260462167970472,2.080462167970471,480.0,OK_CALIBRADO
2026-10-09,BORJA,26.0,2026-10-08,2026-10-10,60,2,3.1886140541325667,2.8953601827721798,3.1886140541325667,3.18,4.068375668213726,2.836114054132567,3.5411140541325667,HIBRIDO_ANALOGO_CLIM,ANALOGO_ESTADO_V2_CONFORMAL,30,10,0.73693705886773,OK_ANALOGOS_CONTINUIDAD_CORREGIDA,0.3348675750295169,-0.3348675750295169,0.0,CORREGIDO_ANCLA_OBSERVADO,1.1081518861620956,5.269076222103038,2.080462167970471,480.0,OK_CALIBRADO
2026-10-09,BORJA,26.0,2026-10-08,2026-10-11,60,3,3.179253748541669,2.898848243786119,3.179253748541669,3.18,4.02047026280832,2.690253748541669,3.668253748541669,HIBRIDO_ANALOGO_CLIM,ANALOGO_ESTADO_V2_CONFORMAL,30,10,0.73693705886773,OK_ANALOGOS_CONTINUIDAD_CORREGIDA,0.3348675750295169,-0.3348675750295169,0.0,CORREGIDO_ANCLA_OBSERVADO,1.098791580571198,5.259715916512141,2.080462167970471,480.0,OK_CALIBRADO
2026-10-09,BORJA,26.0,2026-10-08,2026-10-12,60,4,3.2654752419395217,3.031936361109381,3.2654752419395217,3.18,3.9660918844299426,2.4912752419395217,4.039675241939522,HIBRIDO_ANALOGO_CLIM,ANALOGO_ESTADO_V2_CONFORMAL,30,10,0.73693705886773,OK_ANALOGOS_CONTINUIDAD_CORREGIDA,0.3348675750295169,-0.3348675750295169,0.0,CORREGIDO_ANCLA_OBSERVADO,1.1850130739690505,5.345937409909993,2.080462167970471,480.0,OK_CALIBRADO
2026-10-09,BORJA,26.0,2026-10-08,2026-10-13,60,5,3.6391038629515444,3.550684432368655,3.6391038629515444,3.18,3.904362154700212,2.509903862951545,4.768303862951544,HIBRIDO_ANALOGO_CLIM,ANALOGO_ESTADO_V2_CONFORMAL,30,10,0.73693705886773,OK_ANALOGOS_CONTINUIDAD_CORREGIDA,0.3348675750295169,-0.3348675750295169,0.0,CORREGIDO_ANCLA_OBSERVADO,1.5586416949810733,5.7195660309220155,2.080462167970471,480.0,OK_CALIBRADO
2026-10-09,BORJA,26.0,2026-10-08,2026-10-14,60,6,3.7900103187851406,3.7611497969035406,3.7900103187851406,3.18,3.8765918844299425,2.9491103187851406,4.630910318785141,HIBRIDO_ANALOGO_CLIM,ANALOGO_ESTADO_V2_CONFORMAL,30,10,0.73693705886773,OK_ANALOGOS_CONTINUIDAD_CORREGIDA,0.3348675750295169,-0.3348675750295169,0.0,CORREGIDO_ANCLA_OBSERVADO,1.7095481508146695,5.870472486755611,2.080462167970471,480.0,OK_CALIBRADO
2026-10-09,BORJA,26.0,2026-10-08,2026-10-15,60,7,3.5816623589045844,3.4620372017474828,3.5816623589045844,3.18,3.9405378303758885,2.9849623589045846,4.178362358904584,HIBRIDO_ANALOGO_CLIM,ANALOGO_ESTADO_V2_CONFORMAL,30,10,0.73693705886773,OK_ANALOGOS_CONTINUIDAD_CORREGIDA,0.3348675750295169,-0.3348675750295169,0.0,CORREGIDO_ANCLA_OBSERVADO,1.5012001909341133,5.662124526875056,2.080462167970471,480.0,OK_CALIBRADO
2026-10-09,BORJA,26.0,2026-10-08,2026-10-16,60,8,3.5499268594008773,3.3145204997065036,3.5499268594008773,3.18,4.256145938483996,2.987726859400878,4.1121268594008775,HIBRIDO_ANALOGO_CLIM,ANALOGO_ESTADO_V2_CONFORMAL,30,10,0.73693705886773,OK_ANALOGOS_CONTINUIDAD_CORREGIDA,0.3348675750295169,-0.3348675750295169,0.0,CORREGIDO_ANCLA_OBSERVADO,1.4694646914304061,5.630389027371349,2.080462167970471,480.0,OK_CALIBRADO
2026-10-09,BORJA,26.0,2026-10-08,2026-10-17,60,9,3.4538440726459156,3.158932639889078,3.4538440726459156,3.18,4.338578370916428,2.947844072645916,3.959844072645916,HIBRIDO_ANALOGO_CLIM,ANALOGO_ESTADO_V2_CONFORMAL,30,10,0.73693705886773,OK_ANALOGOS_CONTINUIDAD_CORREGIDA,0.3348675750295169,-0.3348675750295169,0.0,CORREGIDO_ANCLA_OBSERVADO,1.3733819046754445,5.534306240616386,2.080462167970471,480.0,OK_CALIBRADO
2026-10-09,BORJA,26.0,2026-10-08,2026-10-18,60,10,3.4698663704845303,3.2212416496198437,3.4698663704845303,3.18,4.215740533078591,3.0748663704845303,3.8648663704845307,HIBRIDO_ANALOGO_CLIM,ANALOGO_ESTADO_V2_CONFORMAL,30,10,0.73693705886773,OK_ANALOGOS_CONTINUIDAD_CORREGIDA,0.3348675750295169,-0.3348675750295169,0.0,CORREGIDO_ANCLA_OBSERVADO,1.3894042025140592,5.550328538455002,2.080462167970471,480.0,OK_CALIBRADO
2026-10-09,BORJA,26.0,2026-10-08,2026-10-19,60,11,3.6737592364748113,3.520513218687966,3.6737592364748113,3.18,4.133497289835347,2.8672592364748115,4.4802592364748115,HIBRIDO_ANALOGO_CLIM,ANALOGO_ESTADO_V2_CONFORMAL,30,10,0.73693705886773,OK_ANALOGOS_CONTINUIDAD_CORREGIDA,0.3348675750295169,-0.3348675750295169,0.0,CORREGIDO_ANCLA_OBSERVADO,1.5932970685043402,5.754221404445282,2.080462167970471,480.0,OK_CALIBRADO
2026-10-09,BORJA,26.0,2026-10-08,2026-10-20,60,12,3.877529004622565,3.739183720362448,3.877529004622565,3.18,4.292564857402915,2.9301790046225644,4.824879004622565,HIBRIDO_ANALOGO_CLIM,ANALOGO_ESTADO_V2_CONFORMAL,30,10,0.73693705886773,OK_ANALOGOS_CONTINUIDAD_CORREGIDA,0.3348675750295169,-0.3348675750295169,0.0,CORREGIDO_ANCLA_OBSERVADO,1.7970668366520939,5.957991172593037,2.080462167970471,480.0,OK_CALIBRADO
2026-10-09,BORJA,26.0,2026-10-08,2026-10-21,60,13,3.9009356796311887,3.7714421699234957,3.9009356796311887,3.18,4.289416208754266,2.8959356796311884,4.905935679631188,HIBRIDO_ANALOGO_CLIM,ANALOGO_ESTADO_V2_CONFORMAL,30,10,0.73693705886773,OK_ANALOGOS_CONTINUIDAD_CORREGIDA,0.3348675750295169,-0.3348675750295169,0.0,CORREGIDO_ANCLA_OBSERVADO,1.8204735116607176,5.981397847601659,2.080462167970471,480.0,OK_CALIBRADO
2026-10-09,BORJA,26.0,2026-10-08,2026-10-22,60,14,3.7271547703277306,3.535707263825191,3.7271547703277306,3.18,4.301497289835348,2.9016547703277302,4.552654770327731,HIBRIDO_ANALOGO_CLIM,ANALOGO_ESTADO_V2_CONFORMAL,30,10,0.73693705886773,OK_ANALOGOS_CONTINUIDAD_CORREGIDA,0.3348675750295169,-0.3348675750295169,0.0,CORREGIDO_ANCLA_OBSERVADO,1.6466926023572594,5.807616938298201,2.080462167970471,480.0,OK_CALIBRADO
2026-10-09,BORJA,26.0,2026-10-08,2026-10-23,60,15,3.853868977588537,3.678551432064825,3.853868977588537,3.18,4.379821614159672,2.6900189775885366,5.017718977588537,HIBRIDO_ANALOGO_CLIM,ANALOGO_ESTADO_V2_CONFORMAL,30,10,0.73693705886773,OK_ANALOGOS_CONTINUIDAD_CORREGIDA,0.3348675750295169,-0.3348675750295169,0.0,CORREGIDO_ANCLA_OBSERVADO,1.773406809618066,5.934331145559009,2.080462167970471,480.0,OK_CALIBRADO
2026-10-09,BORJA,26.0,2026-10-08,2026-10-24,60,16,3.910202440623259,3.76367172512013,3.910202440623259,3.18,4.349794587132646,2.4762024406232594,5.34420244062326,HIBRIDO_ANALOGO_CLIM,ANALOGO_ESTADO_V2_CONFORMAL,30,10,0.73693705886773,OK_ANALOGOS_CONTINUIDAD_CORREGIDA,0.3348675750295169,-0.3348675750295169,0.0,CORREGIDO_ANCLA_OBSERVADO,1.829740272652788,5.990664608593731,2.080462167970471,480.0,OK_CALIBRADO
2026-10-09,BORJA,26.0,2026-10-08,2026-10-25,60,17,3.9326214952841627,3.757243978181515,3.9326214952841627,3.18,4.458754046592105,2.9393214952841626,4.925921495284163,HIBRIDO_ANALOGO_CLIM,ANALOGO_ESTADO_V2_CONFORMAL,30,10,0.73693705886773,OK_ANALOGOS_CONTINUIDAD_CORREGIDA,0.3348675750295169,-0.3348675750295169,0.0,CORREGIDO_ANCLA_OBSERVADO,1.8521593273136916,6.013083663254633,2.080462167970471,480.0,OK_CALIBRADO
2026-10-09,BORJA,26.0,2026-10-08,2026-10-26,60,18,4.0419505776434335,3.9113989708767583,4.0419505776434335,3.18,4.433605397943456,3.2611505776434333,4.822750577643433,HIBRIDO_ANALOGO_CLIM,ANALOGO_ESTADO_V2_CONFORMAL,30,10,0.73693705886773,OK_ANALOGOS_CONTINUIDAD_CORREGIDA,0.3348675750295169,-0.3348675750295169,0.0,CORREGIDO_ANCLA_OBSERVADO,1.9614884096729623,6.122412745613905,2.080462167970471,480.0,OK_CALIBRADO
2026-10-09,BORJA,26.0,2026-10-08,2026-10-27,60,19,4.101071430708341,4.034402450638979,4.101071430708341,3.18,4.301078370916429,3.208921430708341,4.993221430708342,HIBRIDO_ANALOGO_CLIM,ANALOGO_ESTADO_V2_CONFORMAL,30,10,0.73693705886773,OK_ANALOGOS_CONTINUIDAD_CORREGIDA,0.3348675750295169,-0.3348675750295169,0.0,CORREGIDO_ANCLA_OBSERVADO,2.02060926273787,6.181533598678812,2.080462167970471,480.0,OK_CALIBRADO
2026-10-09,BORJA,26.0,2026-10-08,2026-10-28,60,20,4.345479393503014,4.394847301932778,4.345479393503014,3.18,4.197375668213725,3.280379393503015,5.410579393503015,HIBRIDO_ANALOGO_CLIM,ANALOGO_ESTADO_V2_CONFORMAL,30,10,0.73693705886773,OK_ANALOGOS_CONTINUIDAD_CORREGIDA,0.3348675750295169,-0.3348675750295169,0.0,CORREGIDO_ANCLA_OBSERVADO,2.265017225532543,6.425941561473485,2.080462167970471,480.0,OK_CALIBRADO
2026-10-09,BORJA,26.0,2026-10-08,2026-10-29,60,21,4.219273365738012,4.241496021669532,4.219273365738012,3.18,4.152605397943455,3.1561733657380127,5.282373365738012,HIBRIDO_ANALOGO_CLIM,ANALOGO_ESTADO_V2_CONFORMAL,30,10,0.73693705886773,OK_ANALOGOS_CONTINUIDAD_CORREGIDA,0.3348675750295169,-0.3348675750295169,0.0,CORREGIDO_ANCLA_OBSERVADO,2.1388111977675406,6.299735533708483,2.080462167970471,480.0,OK_CALIBRADO
2026-10-09,BORJA,26.0,2026-10-08,2026-10-30,60,22,4.2268346219807835,4.1884245435067395,4.2268346219807835,3.18,4.3420648574029155,3.0886846219807835,5.364984621980783,HIBRIDO_ANALOGO_CLIM,ANALOGO_ESTADO_V2_CONFORMAL,30,10,0.73693705886773,OK_ANALOGOS_CONTINUIDAD_CORREGIDA,0.3348675750295169,-0.3348675750295169,0.0,CORREGIDO_ANCLA_OBSERVADO,2.1463724540103124,6.307296789951255,2.080462167970471,480.0,OK_CALIBRADO
2026-10-09,BORJA,26.0,2026-10-08,2026-10-31,60,23,4.140469119425864,4.0890318013614415,4.140469119425864,3.18,4.2947810736191325,2.981519119425863,5.299419119425863,HIBRIDO_ANALOGO_CLIM,ANALOGO_ESTADO_V2_CONFORMAL,30,10,0.73693705886773,OK_ANALOGOS_CONTINUIDAD_CORREGIDA,0.3348675750295169,-0.3348675750295169,0.0,CORREGIDO_ANCLA_OBSERVADO,2.060006951455393,6.220931287396335,2.080462167970471,480.0,OK_CALIBRADO
2026-10-09,BORJA,26.0,2026-10-08,2026-11-01,60,24,3.9939204024972432,3.916784913524681,3.9939204024972432,3.18,4.225326869414928,3.0390704024972437,4.948770402497244,HIBRIDO_ANALOGO_CLIM,ANALOGO_ESTADO_V2_CONFORMAL,30,10,0.73693705886773,OK_ANALOGOS_CONTINUIDAD_CORREGIDA,0.3348675750295169,-0.3348675750295169,0.0,CORREGIDO_ANCLA_OBSERVADO,1.913458234526772,6.074382570467714,2.080462167970471,480.0,OK_CALIBRADO
2026-10-09,BORJA,26.0,2026-10-08,2026-11-02,60,25,3.7942022822701396,3.6178877301988543,3.7942022822701396,3.18,4.3231459384839965,2.8947022822701394,4.69370228227014,HIBRIDO_ANALOGO_CLIM,ANALOGO_ESTADO_V2_CONFORMAL,30,10,0.73693705886773,OK_ANALOGOS_CONTINUIDAD_CORREGIDA,0.3348675750295169,-0.3348675750295169,0.0,CORREGIDO_ANCLA_OBSERVADO,1.7137401142996684,5.87466445024061,2.080462167970471,480.0,OK_CALIBRADO
2026-10-09,BORJA,26.0,2026-10-08,2026-11-03,60,26,3.703860078560561,3.493724251378875,3.703860078560561,3.18,4.334267560105619,2.918510078560561,4.489210078560561,HIBRIDO_ANALOGO_CLIM,ANALOGO_ESTADO_V2_CONFORMAL,30,10,0.73693705886773,OK_ANALOGOS_CONTINUIDAD_CORREGIDA,0.3348675750295169,-0.3348675750295169,0.0,CORREGIDO_ANCLA_OBSERVADO,1.6233979105900898,5.7843222465310316,2.080462167970471,480.0,OK_CALIBRADO
2026-10-09,BORJA,26.0,2026-10-08,2026-11-04,60,27,3.932840650545408,3.8032884374487614,3.932840650545408,3.18,4.321497289835348,2.7333906505454078,5.132290650545407,HIBRIDO_ANALOGO_CLIM,ANALOGO_ESTADO_V2_CONFORMAL,30,10,0.73693705886773,OK_ANALOGOS_CONTINUIDAD_CORREGIDA,0.3348675750295169,-0.3348675750295169,0.0,CORREGIDO_ANCLA_OBSERVADO,1.8523784825749368,6.013302818515879,2.080462167970471,480.0,OK_CALIBRADO
2026-10-09,BORJA,26.0,2026-10-08,2026-11-05,60,28,4.043773106605414,3.974513694177419,4.043773106605414,3.18,4.2515513438894015,2.613873106605414,5.473673106605414,HIBRIDO_ANALOGO_CLIM,ANALOGO_ESTADO_V2_CONFORMAL,30,10,0.73693705886773,OK_ANALOGOS_CONTINUIDAD_CORREGIDA,0.3348675750295169,-0.3348675750295169,0.0,CORREGIDO_ANCLA_OBSERVADO,1.963310938634943,6.124235274575885,2.080462167970471,480.0,OK_CALIBRADO
2026-10-09,BORJA,26.0,2026-10-08,2026-11-06,60,29,4.100779214416933,4.082066882971155,4.100779214416933,3.18,4.156916208754266,2.678579214416934,5.522979214416933,HIBRIDO_ANALOGO_CLIM,ANALOGO_ESTADO_V2_CONFORMAL,30,10,0.73693705886773,OK_ANALOGOS_CONTINUIDAD_CORREGIDA,0.3348675750295169,-0.3348675750295169,0.0,CORREGIDO_ANCLA_OBSERVADO,2.020317046446462,6.181241382387404,2.080462167970471,480.0,OK_CALIBRADO
2026-10-09,BORJA,26.0,2026-10-08,2026-11-07,60,30,4.0515375829527045,3.9910375004783094,4.0515375829527045,3.18,4.233037830375888,2.834687582952704,5.268387582952704,HIBRIDO_ANALOGO_CLIM,ANALOGO_ESTADO_V2_CONFORMAL,30,10,0.73693705886773,OK_ANALOGOS_CONTINUIDAD_CORREGIDA,0.3348675750295169,-0.3348675750295169,0.0,CORREGIDO_ANCLA_OBSERVADO,1.9710754149822334,6.131999750923176,2.080462167970471,480.0,OK_CALIBRADO
2026-10-09,BORJA,26.0,2026-10-08,2026-11-08,60,31,4.022538334525166,3.9268084767235325,4.022538334525166,3.18,4.297375668213727,3.2005383345251657,4.844538334525165,HIBRIDO_ANALOGO_CLIM,ANALOGO_ESTADO_V2_CONFORMAL,30,10,0.73693705886773,OK_ANALOGOS_CONTINUIDAD_CORREGIDA,0.3348675750295169,-0.3348675750295169,0.0,CORREGIDO_ANCLA_OBSERVADO,1.9420761665546946,6.103000502495637,2.080462167970471,480.0,OK_CALIBRADO
2026-10-09,BORJA,26.0,2026-10-08,2026-11-09,60,32,4.057347674802795,3.9654554314985737,4.057347674802795,3.18,4.310051343889402,3.3804976748027955,4.734197674802793,HIBRIDO_ANALOGO_CLIM,ANALOGO_ESTADO_V2_CONFORMAL,30,10,0.73693705886773,OK_ANALOGOS_CONTINUIDAD_CORREGIDA,0.3348675750295169,-0.3348675750295169,0.0,CORREGIDO_ANCLA_OBSERVADO,1.976885506832324,6.137809842773266,2.080462167970471,480.0,OK_CALIBRADO
2026-10-09,BORJA,26.0,2026-10-08,2026-11-10,60,33,3.937852983894753,3.8325755071773044,3.937852983894753,3.18,4.215402695240753,2.8718529838947533,5.0038529838947525,HIBRIDO_ANALOGO_CLIM,ANALOGO_ESTADO_V2_CONFORMAL,30,10,0.73693705886773,OK_ANALOGOS_CONTINUIDAD_CORREGIDA,0.3348675750295169,-0.3348675750295169,0.0,CORREGIDO_ANCLA_OBSERVADO,1.857390815924282,6.018315151865224,2.080462167970471,480.0,OK_CALIBRADO
2026-10-09,BORJA,26.0,2026-10-08,2026-11-11,60,34,3.9440863625062152,3.8524807853283245,3.9440863625062152,3.18,4.1757945871326445,2.1843863625062157,5.703786362506214,HIBRIDO_ANALOGO_CLIM,ANALOGO_ESTADO_V2_CONFORMAL,30,10,0.73693705886773,OK_ANALOGOS_CONTINUIDAD_CORREGIDA,0.3348675750295169,-0.3348675750295169,0.0,CORREGIDO_ANCLA_OBSERVADO,1.8636241945357441,6.024548530476686,2.080462167970471,480.0,OK_CALIBRADO
2026-10-09,BORJA,26.0,2026-10-08,2026-11-12,60,35,4.093675672792267,4.001207789144958,4.093675672792267,3.18,4.3182405330785905,2.2370756727922667,5.950275672792266,HIBRIDO_ANALOGO_CLIM,ANALOGO_ESTADO_V2_CONFORMAL,30,10,0.73693705886773,OK_ANALOGOS_CONTINUIDAD_CORREGIDA,0.3348675750295169,-0.3348675750295169,0.0,CORREGIDO_ANCLA_OBSERVADO,2.0132135048217963,6.1741378407627385,2.080462167970471,480.0,OK_CALIBRADO
2026-10-09,BORJA,26.0,2026-10-08,2026-11-13,60,36,4.137431995585102,4.0702978347288195,4.137431995585102,3.18,4.294078370916429,2.318581995585103,5.956281995585101,HIBRIDO_ANALOGO_CLIM,ANALOGO_ESTADO_V2_CONFORMAL,30,10,0.73693705886773,OK_ANALOGOS_CONTINUIDAD_CORREGIDA,0.3348675750295169,-0.3348675750295169,0.0,CORREGIDO_ANCLA_OBSERVADO,2.0569698276146307,6.217894163555573,2.080462167970471,480.0,OK_CALIBRADO
2026-10-09,BORJA,26.0,2026-10-08,2026-11-14,60,37,4.120750122294911,4.0617363247166445,4.120750122294911,3.18,4.253132424970483,2.6707501222949106,5.5707501222949105,HIBRIDO_ANALOGO_CLIM,ANALOGO_ESTADO_V2_CONFORMAL,30,10,0.73693705886773,OK_ANALOGOS_CONTINUIDAD_CORREGIDA,0.3348675750295169,-0.3348675750295169,0.0,CORREGIDO_ANCLA_OBSERVADO,2.04028795432444,6.201212290265382,2.080462167970471,480.0,OK_CALIBRADO
2026-10-09,BORJA,26.0,2026-10-08,2026-11-15,60,38,4.044869836838188,3.8942824278355483,4.044869836838188,3.18,4.369821614159672,2.6997698368381884,5.389969836838189,HIBRIDO_ANALOGO_CLIM,ANALOGO_ESTADO_V2_CONFORMAL,30,10,0.73693705886773,OK_ANALOGOS_CONTINUIDAD_CORREGIDA,0.3348675750295169,-0.3348675750295169,0.0,CORREGIDO_ANCLA_OBSERVADO,1.9644076688677172,6.1253320048086595,2.080462167970471,480.0,OK_CALIBRADO
2026-10-09,BORJA,26.0,2026-10-08,2026-11-16,60,39,4.0585168631043,3.899565826810371,4.0585168631043,3.18,4.388645938483997,2.8835168631043007,5.233516863104299,HIBRIDO_ANALOGO_CLIM,ANALOGO_ESTADO_V2_CONFORMAL,30,10,0.73693705886773,OK_ANALOGOS_CONTINUIDAD_CORREGIDA,0.3348675750295169,-0.3348675750295169,0.0,CORREGIDO_ANCLA_OBSERVADO,1.978054695133829,6.138979031074771,2.080462167970471,480.0,OK_CALIBRADO
2026-10-09,BORJA,26.0,2026-10-08,2026-11-17,60,40,4.195074354293107,4.0980453189544175,4.195074354293107,3.18,4.389132424970484,2.8533743542931065,5.536774354293106,HIBRIDO_ANALOGO_CLIM,ANALOGO_ESTADO_V2_CONFORMAL,30,10,0.73693705886773,OK_ANALOGOS_CONTINUIDAD_CORREGIDA,0.3348675750295169,-0.3348675750295169,0.0,CORREGIDO_ANCLA_OBSERVADO,2.1146121863226357,6.275536522263578,2.080462167970471,480.0,OK_CALIBRADO
2026-10-09,BORJA,26.0,2026-10-08,2026-11-18,60,41,4.435418755196213,4.471566843787535,4.435418755196213,3.18,4.365767560105619,2.812718755196214,6.0581187551962135,HIBRIDO_ANALOGO_CLIM,ANALOGO_ESTADO_V2_CONFORMAL,30,10,0.73693705886773,OK_ANALOGOS_CONTINUIDAD_CORREGIDA,0.3348675750295169,-0.3348675750295169,0.0,CORREGIDO_ANCLA_OBSERVADO,2.3549565872257423,6.5158809231666845,2.080462167970471,480.0,OK_CALIBRADO
2026-10-09,BORJA,26.0,2026-10-08,2026-11-19,60,42,4.480803277278783,4.525318351598635,4.480803277278783,3.18,4.398132424970484,2.8001032772787826,6.161503277278783,HIBRIDO_ANALOGO_CLIM,ANALOGO_ESTADO_V2_CONFORMAL,30,10,0.73693705886773,OK_ANALOGOS_CONTINUIDAD_CORREGIDA,0.3348675750295169,-0.3348675750295169,0.0,CORREGIDO_ANCLA_OBSERVADO,2.400341109308312,6.561265445249254,2.080462167970471,480.0,OK_CALIBRADO
2026-10-09,BORJA,26.0,2026-10-08,2026-11-20,60,43,4.337711015825818,4.342305448276095,4.337711015825818,3.18,4.329483776321835,2.664711015825818,6.010711015825818,HIBRIDO_ANALOGO_CLIM,ANALOGO_ESTADO_V2_CONFORMAL,30,10,0.73693705886773,OK_ANALOGOS_CONTINUIDAD_CORREGIDA,0.3348675750295169,-0.3348675750295169,0.0,CORREGIDO_ANCLA_OBSERVADO,2.2572488478553465,6.418173183796289,2.080462167970471,480.0,OK_CALIBRADO
2026-10-09,BORJA,26.0,2026-10-08,2026-11-21,60,44,4.0625336179720986,3.9369700127824205,4.0625336179720986,3.18,4.279416208754267,2.545533617972098,5.579533617972098,HIBRIDO_ANALOGO_CLIM,ANALOGO_ESTADO_V2_CONFORMAL,30,10,0.73693705886773,OK_ANALOGOS_CONTINUIDAD_CORREGIDA,0.3348675750295169,-0.3348675750295169,0.0,CORREGIDO_ANCLA_OBSERVADO,1.9820714500016274,6.14299578594257,2.080462167970471,480.0,OK_CALIBRADO
2026-10-09,BORJA,26.0,2026-10-08,2026-11-22,60,45,3.9759244558849676,3.7147185933525777,3.9759244558849676,3.18,4.4112675601056175,2.448074455884968,5.503774455884967,HIBRIDO_ANALOGO_CLIM,ANALOGO_ESTADO_V2_CONFORMAL,30,10,0.73693705886773,OK_ANALOGOS_CONTINUIDAD_CORREGIDA,0.3348675750295169,-0.3348675750295169,0.0,CORREGIDO_ANCLA_OBSERVADO,1.8954622879144964,6.056386623855438,2.080462167970471,480.0,OK_CALIBRADO
2026-10-09,BORJA,26.0,2026-10-08,2026-11-23,60,46,3.9514162385924716,3.5934210051317796,3.9514162385924716,3.18,4.527321614159673,2.201416238592472,5.701416238592472,HIBRIDO_ANALOGO_CLIM,ANALOGO_ESTADO_V2_CONFORMAL,30,10,0.73693705886773,OK_ANALOGOS_CONTINUIDAD_CORREGIDA,0.3348675750295169,-0.3348675750295169,0.0,CORREGIDO_ANCLA_OBSERVADO,1.8709540706220005,6.031878406562942,2.080462167970471,480.0,OK_CALIBRADO
2026-10-09,BORJA,26.0,2026-10-08,2026-11-24,60,47,3.8603001156562153,3.4150304429803513,3.8603001156562153,3.18,4.55188918172724,2.3860501156562153,5.334550115656215,HIBRIDO_ANALOGO_CLIM,ANALOGO_ESTADO_V2_CONFORMAL,30,10,0.73693705886773,OK_ANALOGOS_CONTINUIDAD_CORREGIDA,0.3348675750295169,-0.3348675750295169,0.0,CORREGIDO_ANCLA_OBSERVADO,1.7798379476857442,5.940762283626686,2.080462167970471,480.0,OK_CALIBRADO
2026-10-09,BORJA,26.0,2026-10-08,2026-11-25,60,48,3.8904992050716145,3.38825723865255,3.8904992050716145,3.18,4.643862154700212,2.7889492050716145,4.9920492050716145,HIBRIDO_ANALOGO_CLIM,ANALOGO_ESTADO_V2_CONFORMAL,30,10,0.73693705886773,OK_ANALOGOS_CONTINUIDAD_CORREGIDA,0.3348675750295169,-0.3348675750295169,0.0,CORREGIDO_ANCLA_OBSERVADO,1.8100370371011434,5.970961373042085,2.080462167970471,480.0,OK_CALIBRADO
2026-10-09,BORJA,26.0,2026-10-08,2026-11-26,60,49,3.9200441489538087,3.3757232336823093,3.9200441489538087,3.18,4.708754046592105,2.981994148953808,4.858094148953809,HIBRIDO_ANALOGO_CLIM,ANALOGO_ESTADO_V2_CONFORMAL,30,10,0.73693705886773,OK_ANALOGOS_CONTINUIDAD_CORREGIDA,0.3348675750295169,-0.3348675750295169,0.0,CORREGIDO_ANCLA_OBSERVADO,1.8395819809833376,6.00050631692428,2.080462167970471,480.0,OK_CALIBRADO
2026-10-09,BORJA,26.0,2026-10-08,2026-11-27,60,50,4.066501118492823,3.6402586795029874,4.066501118492823,3.18,4.663240533078591,2.8019011184928235,5.331101118492823,HIBRIDO_ANALOGO_CLIM,ANALOGO_ESTADO_V2_CONFORMAL,30,10,0.73693705886773,OK_ANALOGOS_CONTINUIDAD_CORREGIDA,0.3348675750295169,-0.3348675750295169,0.0,CORREGIDO_ANCLA_OBSERVADO,1.9860389505223521,6.146963286463294,2.080462167970471,480.0,OK_CALIBRADO
2026-10-09,BORJA,26.0,2026-10-08,2026-11-28,60,51,4.166315411264687,3.8650452565984765,4.166315411264687,3.18,4.573916208754268,2.9005654112646875,5.432065411264688,HIBRIDO_ANALOGO_CLIM,ANALOGO_ESTADO_V2_CONFORMAL,30,10,0.73693705886773,OK_ANALOGOS_CONTINUIDAD_CORREGIDA,0.3348675750295169,-0.3348675750295169,0.0,CORREGIDO_ANCLA_OBSERVADO,2.085853243294216,6.246777579235158,2.080462167970471,480.0,OK_CALIBRADO
2026-10-09,BORJA,26.0,2026-10-08,2026-11-29,60,52,4.3911502164480805,4.2939635037306285,4.3911502164480805,3.18,4.5182405330785915,3.3361502164480803,5.44615021644808,HIBRIDO_ANALOGO_CLIM,ANALOGO_ESTADO_V2_CONFORMAL,30,10,0.73693705886773,OK_ANALOGOS_CONTINUIDAD_CORREGIDA,0.3348675750295169,-0.3348675750295169,0.0,CORREGIDO_ANCLA_OBSERVADO,2.3106880484776093,6.471612384418552,2.080462167970471,480.0,OK_CALIBRADO
2026-10-09,BORJA,26.0,2026-10-08,2026-11-30,60,53,4.2425321707953305,4.074441368682594,4.2425321707953305,3.18,4.455024316862374,2.90603217079533,5.57903217079533,HIBRIDO_ANALOGO_CLIM,ANALOGO_ESTADO_V2_CONFORMAL,30,10,0.73693705886773,OK_ANALOGOS_CONTINUIDAD_CORREGIDA,0.3348675750295169,-0.3348675750295169,0.0,CORREGIDO_ANCLA_OBSERVADO,2.1620700028248594,6.322994338765802,2.080462167970471,480.0,OK_CALIBRADO
2026-10-09,BORJA,26.0,2026-10-08,2026-12-01,60,54,4.095622777384227,3.926994070507433,4.095622777384227,3.18,4.301724530233642,2.8479727773842263,5.343272777384227,HIBRIDO_ANALOGO_CLIM,ANALOGO_ESTADO_V2_CONFORMAL,30,10,0.73693705886773,OK_ANALOGOS_CONTINUIDAD_CORREGIDA,0.3348675750295169,-0.3348675750295169,0.0,CORREGIDO_ANCLA_OBSERVADO,2.0151606094137557,6.176084945354698,2.080462167970471,480.0,OK_CALIBRADO
2026-10-09,BORJA,26.0,2026-10-08,2026-12-02,60,55,4.204304212671431,4.159328989374728,4.204304212671431,3.18,4.257456749294807,2.7843042126714317,5.624304212671431,HIBRIDO_ANALOGO_CLIM,ANALOGO_ESTADO_V2_CONFORMAL,30,10,0.73693705886773,OK_ANALOGOS_CONTINUIDAD_CORREGIDA,0.3348675750295169,-0.3348675750295169,0.0,CORREGIDO_ANCLA_OBSERVADO,2.12384204470096,6.284766380641902,2.080462167970471,480.0,OK_CALIBRADO
2026-10-09,BORJA,26.0,2026-10-08,2026-12-03,60,56,4.298340164242077,4.236065855023639,4.298340164242077,3.18,4.369510803348861,2.8624401642420767,5.734240164242076,HIBRIDO_ANALOGO_CLIM,ANALOGO_ESTADO_V2_CONFORMAL,30,10,0.73693705886773,OK_ANALOGOS_CONTINUIDAD_CORREGIDA,0.3348675750295169,-0.3348675750295169,0.0,CORREGIDO_ANCLA_OBSERVADO,2.217877996271606,6.378802332212548,2.080462167970471,480.0,OK_CALIBRADO
2026-10-09,BORJA,26.0,2026-10-08,2026-12-04,60,57,4.218113456769258,4.085524222991314,4.218113456769258,3.18,4.364659451997509,3.047863456769257,5.388363456769257,HIBRIDO_ANALOGO_CLIM,ANALOGO_ESTADO_V2_CONFORMAL,30,10,0.73693705886773,OK_ANALOGOS_CONTINUIDAD_CORREGIDA,0.3348675750295169,-0.3348675750295169,0.0,CORREGIDO_ANCLA_OBSERVADO,2.1376512887987866,6.298575624739729,2.080462167970471,480.0,OK_CALIBRADO
2026-10-09,BORJA,26.0,2026-10-08,2026-12-05,60,58,4.09124912732452,3.949013052020144,4.09124912732452,3.18,4.243294587132645,3.0195991273245197,5.16289912732452,HIBRIDO_ANALOGO_CLIM,ANALOGO_ESTADO_V2_CONFORMAL,30,10,0.73693705886773,OK_ANALOGOS_CONTINUIDAD_CORREGIDA,0.3348675750295169,-0.3348675750295169,0.0,CORREGIDO_ANCLA_OBSERVADO,2.010786959354049,6.171711295294991,2.080462167970471,480.0,OK_CALIBRADO
2026-10-09,BORJA,26.0,2026-10-08,2026-12-06,60,59,4.094219083564216,3.9072517267676345,4.094219083564216,3.18,4.287524316862376,3.0872190835642157,5.1012190835642155,HIBRIDO_ANALOGO_CLIM,ANALOGO_ESTADO_V2_CONFORMAL,30,10,0.73693705886773,OK_ANALOGOS_CONTINUIDAD_CORREGIDA,0.3348675750295169,-0.3348675750295169,0.0,CORREGIDO_ANCLA_OBSERVADO,2.0137569155937447,6.174681251534687,2.080462167970471,480.0,OK_CALIBRADO
2026-10-09,BORJA,26.0,2026-10-08,2026-12-07,60,60,4.195977659659333,4.034309380834667,4.195977659659333,3.18,4.357645938483996,2.9399776596593328,5.451977659659331,HIBRIDO_ANALOGO_CLIM,ANALOGO_ESTADO_V2_CONFORMAL,30,10,0.73693705886773,OK_ANALOGOS_CONTINUIDAD_CORREGIDA,0.3348675750295169,-0.3348675750295169,0.0,CORREGIDO_ANCLA_OBSERVADO,2.1155154916888614,6.276439827629804,2.080462167970471,480.0,OK_CALIBRADO
2026-10-09,BORJA,26.0,2026-10-08,2026-10-09,90,1,3.18,2.895100002487317,3.18,3.18,4.034699992538052,2.7793,3.5807,HIBRIDO_ANALOGO_CLIM,ANALOGO_ESTADO_V2_CONFORMAL,30,10,0.73693705886773,OK_ANALOGOS_CONTINUIDAD_CORREGIDA,0.3348675750295169,-0.3348675750295169,0.0,CORREGIDO_ANCLA_OBSERVADO,1.2394214492529438,5.120578550747057,1.9405785507470563,720.0,OK_CALIBRADO
2026-10-09,BORJA,26.0,2026-10-08,2026-10-10,90,2,3.1886140541325667,2.8953601827721798,3.1886140541325667,3.18,4.068375668213726,2.836114054132567,3.5411140541325667,HIBRIDO_ANALOGO_CLIM,ANALOGO_ESTADO_V2_CONFORMAL,30,10,0.73693705886773,OK_ANALOGOS_CONTINUIDAD_CORREGIDA,0.3348675750295169,-0.3348675750295169,0.0,CORREGIDO_ANCLA_OBSERVADO,1.2480355033855104,5.1291926048796235,1.9405785507470563,720.0,OK_CALIBRADO
2026-10-09,BORJA,26.0,2026-10-08,2026-10-11,90,3,3.179253748541669,2.898848243786119,3.179253748541669,3.18,4.02047026280832,2.690253748541669,3.668253748541669,HIBRIDO_ANALOGO_CLIM,ANALOGO_ESTADO_V2_CONFORMAL,30,10,0.73693705886773,OK_ANALOGOS_CONTINUIDAD_CORREGIDA,0.3348675750295169,-0.3348675750295169,0.0,CORREGIDO_ANCLA_OBSERVADO,1.2386751977946129,5.119832299288726,1.9405785507470563,720.0,OK_CALIBRADO
2026-10-09,BORJA,26.0,2026-10-08,2026-10-12,90,4,3.2654752419395217,3.031936361109381,3.2654752419395217,3.18,3.9660918844299426,2.4912752419395217,4.039675241939522,HIBRIDO_ANALOGO_CLIM,ANALOGO_ESTADO_V2_CONFORMAL,30,10,0.73693705886773,OK_ANALOGOS_CONTINUIDAD_CORREGIDA,0.3348675750295169,-0.3348675750295169,0.0,CORREGIDO_ANCLA_OBSERVADO,1.3248966911924653,5.206053792686578,1.9405785507470563,720.0,OK_CALIBRADO
2026-10-09,BORJA,26.0,2026-10-08,2026-10-13,90,5,3.6391038629515444,3.550684432368655,3.6391038629515444,3.18,3.904362154700212,2.509903862951545,4.768303862951544,HIBRIDO_ANALOGO_CLIM,ANALOGO_ESTADO_V2_CONFORMAL,30,10,0.73693705886773,OK_ANALOGOS_CONTINUIDAD_CORREGIDA,0.3348675750295169,-0.3348675750295169,0.0,CORREGIDO_ANCLA_OBSERVADO,1.698525312204488,5.579682413698601,1.9405785507470563,720.0,OK_CALIBRADO
2026-10-09,BORJA,26.0,2026-10-08,2026-10-14,90,6,3.7900103187851406,3.7611497969035406,3.7900103187851406,3.18,3.8765918844299425,2.9491103187851406,4.630910318785141,HIBRIDO_ANALOGO_CLIM,ANALOGO_ESTADO_V2_CONFORMAL,30,10,0.73693705886773,OK_ANALOGOS_CONTINUIDAD_CORREGIDA,0.3348675750295169,-0.3348675750295169,0.0,CORREGIDO_ANCLA_OBSERVADO,1.8494317680380843,5.7305888695321965,1.9405785507470563,720.0,OK_CALIBRADO
2026-10-09,BORJA,26.0,2026-10-08,2026-10-15,90,7,3.5816623589045844,3.4620372017474828,3.5816623589045844,3.18,3.9405378303758885,2.9849623589045846,4.178362358904584,HIBRIDO_ANALOGO_CLIM,ANALOGO_ESTADO_V2_CONFORMAL,30,10,0.73693705886773,OK_ANALOGOS_CONTINUIDAD_CORREGIDA,0.3348675750295169,-0.3348675750295169,0.0,CORREGIDO_ANCLA_OBSERVADO,1.641083808157528,5.522240909651641,1.9405785507470563,720.0,OK_CALIBRADO
2026-10-09,BORJA,26.0,2026-10-08,2026-10-16,90,8,3.5499268594008773,3.3145204997065036,3.5499268594008773,3.18,4.256145938483996,2.987726859400878,4.1121268594008775,HIBRIDO_ANALOGO_CLIM,ANALOGO_ESTADO_V2_CONFORMAL,30,10,0.73693705886773,OK_ANALOGOS_CONTINUIDAD_CORREGIDA,0.3348675750295169,-0.3348675750295169,0.0,CORREGIDO_ANCLA_OBSERVADO,1.609348308653821,5.490505410147934,1.9405785507470563,720.0,OK_CALIBRADO
2026-10-09,BORJA,26.0,2026-10-08,2026-10-17,90,9,3.4538440726459156,3.158932639889078,3.4538440726459156,3.18,4.338578370916428,2.947844072645916,3.959844072645916,HIBRIDO_ANALOGO_CLIM,ANALOGO_ESTADO_V2_CONFORMAL,30,10,0.73693705886773,OK_ANALOGOS_CONTINUIDAD_CORREGIDA,0.3348675750295169,-0.3348675750295169,0.0,CORREGIDO_ANCLA_OBSERVADO,1.5132655218988593,5.3944226233929715,1.9405785507470563,720.0,OK_CALIBRADO
2026-10-09,BORJA,26.0,2026-10-08,2026-10-18,90,10,3.4698663704845303,3.2212416496198437,3.4698663704845303,3.18,4.215740533078591,3.0748663704845303,3.8648663704845307,HIBRIDO_ANALOGO_CLIM,ANALOGO_ESTADO_V2_CONFORMAL,30,10,0.73693705886773,OK_ANALOGOS_CONTINUIDAD_CORREGIDA,0.3348675750295169,-0.3348675750295169,0.0,CORREGIDO_ANCLA_OBSERVADO,1.529287819737474,5.410444921231587,1.9405785507470563,720.0,OK_CALIBRADO
2026-10-09,BORJA,26.0,2026-10-08,2026-10-19,90,11,3.6737592364748113,3.520513218687966,3.6737592364748113,3.18,4.133497289835347,2.8672592364748115,4.4802592364748115,HIBRIDO_ANALOGO_CLIM,ANALOGO_ESTADO_V2_CONFORMAL,30,10,0.73693705886773,OK_ANALOGOS_CONTINUIDAD_CORREGIDA,0.3348675750295169,-0.3348675750295169,0.0,CORREGIDO_ANCLA_OBSERVADO,1.733180685727755,5.614337787221867,1.9405785507470563,720.0,OK_CALIBRADO
2026-10-09,BORJA,26.0,2026-10-08,2026-10-20,90,12,3.877529004622565,3.739183720362448,3.877529004622565,3.18,4.292564857402915,2.9301790046225644,4.824879004622565,HIBRIDO_ANALOGO_CLIM,ANALOGO_ESTADO_V2_CONFORMAL,30,10,0.73693705886773,OK_ANALOGOS_CONTINUIDAD_CORREGIDA,0.3348675750295169,-0.3348675750295169,0.0,CORREGIDO_ANCLA_OBSERVADO,1.9369504538755087,5.818107555369622,1.9405785507470563,720.0,OK_CALIBRADO
2026-10-09,BORJA,26.0,2026-10-08,2026-10-21,90,13,3.9009356796311887,3.7714421699234957,3.9009356796311887,3.18,4.289416208754266,2.8959356796311884,4.905935679631188,HIBRIDO_ANALOGO_CLIM,ANALOGO_ESTADO_V2_CONFORMAL,30,10,0.73693705886773,OK_ANALOGOS_CONTINUIDAD_CORREGIDA,0.3348675750295169,-0.3348675750295169,0.0,CORREGIDO_ANCLA_OBSERVADO,1.9603571288841324,5.841514230378245,1.9405785507470563,720.0,OK_CALIBRADO
2026-10-09,BORJA,26.0,2026-10-08,2026-10-22,90,14,3.7271547703277306,3.535707263825191,3.7271547703277306,3.18,4.301497289835348,2.9016547703277302,4.552654770327731,HIBRIDO_ANALOGO_CLIM,ANALOGO_ESTADO_V2_CONFORMAL,30,10,0.73693705886773,OK_ANALOGOS_CONTINUIDAD_CORREGIDA,0.3348675750295169,-0.3348675750295169,0.0,CORREGIDO_ANCLA_OBSERVADO,1.7865762195806743,5.6677333210747864,1.9405785507470563,720.0,OK_CALIBRADO
2026-10-09,BORJA,26.0,2026-10-08,2026-10-23,90,15,3.853868977588537,3.678551432064825,3.853868977588537,3.18,4.379821614159672,2.6900189775885366,5.017718977588537,HIBRIDO_ANALOGO_CLIM,ANALOGO_ESTADO_V2_CONFORMAL,30,10,0.73693705886773,OK_ANALOGOS_CONTINUIDAD_CORREGIDA,0.3348675750295169,-0.3348675750295169,0.0,CORREGIDO_ANCLA_OBSERVADO,1.9132904268414808,5.794447528335594,1.9405785507470563,720.0,OK_CALIBRADO
2026-10-09,BORJA,26.0,2026-10-08,2026-10-24,90,16,3.910202440623259,3.76367172512013,3.910202440623259,3.18,4.349794587132646,2.4762024406232594,5.34420244062326,HIBRIDO_ANALOGO_CLIM,ANALOGO_ESTADO_V2_CONFORMAL,30,10,0.73693705886773,OK_ANALOGOS_CONTINUIDAD_CORREGIDA,0.3348675750295169,-0.3348675750295169,0.0,CORREGIDO_ANCLA_OBSERVADO,1.9696238898762028,5.850780991370316,1.9405785507470563,720.0,OK_CALIBRADO
2026-10-09,BORJA,26.0,2026-10-08,2026-10-25,90,17,3.9326214952841627,3.757243978181515,3.9326214952841627,3.18,4.458754046592105,2.9393214952841626,4.925921495284163,HIBRIDO_ANALOGO_CLIM,ANALOGO_ESTADO_V2_CONFORMAL,30,10,0.73693705886773,OK_ANALOGOS_CONTINUIDAD_CORREGIDA,0.3348675750295169,-0.3348675750295169,0.0,CORREGIDO_ANCLA_OBSERVADO,1.9920429445371064,5.873200046031219,1.9405785507470563,720.0,OK_CALIBRADO
2026-10-09,BORJA,26.0,2026-10-08,2026-10-26,90,18,4.0419505776434335,3.9113989708767583,4.0419505776434335,3.18,4.433605397943456,3.2611505776434333,4.822750577643433,HIBRIDO_ANALOGO_CLIM,ANALOGO_ESTADO_V2_CONFORMAL,30,10,0.73693705886773,OK_ANALOGOS_CONTINUIDAD_CORREGIDA,0.3348675750295169,-0.3348675750295169,0.0,CORREGIDO_ANCLA_OBSERVADO,2.101372026896377,5.98252912839049,1.9405785507470563,720.0,OK_CALIBRADO
2026-10-09,BORJA,26.0,2026-10-08,2026-10-27,90,19,4.101071430708341,4.034402450638979,4.101071430708341,3.18,4.301078370916429,3.208921430708341,4.993221430708342,HIBRIDO_ANALOGO_CLIM,ANALOGO_ESTADO_V2_CONFORMAL,30,10,0.73693705886773,OK_ANALOGOS_CONTINUIDAD_CORREGIDA,0.3348675750295169,-0.3348675750295169,0.0,CORREGIDO_ANCLA_OBSERVADO,2.160492879961285,6.0416499814553974,1.9405785507470563,720.0,OK_CALIBRADO
2026-10-09,BORJA,26.0,2026-10-08,2026-10-28,90,20,4.345479393503014,4.394847301932778,4.345479393503014,3.18,4.197375668213725,3.280379393503015,5.410579393503015,HIBRIDO_ANALOGO_CLIM,ANALOGO_ESTADO_V2_CONFORMAL,30,10,0.73693705886773,OK_ANALOGOS_CONTINUIDAD_CORREGIDA,0.3348675750295169,-0.3348675750295169,0.0,CORREGIDO_ANCLA_OBSERVADO,2.404900842755958,6.286057944250071,1.9405785507470563,720.0,OK_CALIBRADO
2026-10-09,BORJA,26.0,2026-10-08,2026-10-29,90,21,4.219273365738012,4.241496021669532,4.219273365738012,3.18,4.152605397943455,3.1561733657380127,5.282373365738012,HIBRIDO_ANALOGO_CLIM,ANALOGO_ESTADO_V2_CONFORMAL,30,10,0.73693705886773,OK_ANALOGOS_CONTINUIDAD_CORREGIDA,0.3348675750295169,-0.3348675750295169,0.0,CORREGIDO_ANCLA_OBSERVADO,2.2786948149909554,6.159851916485068,1.9405785507470563,720.0,OK_CALIBRADO
2026-10-09,BORJA,26.0,2026-10-08,2026-10-30,90,22,4.2268346219807835,4.1884245435067395,4.2268346219807835,3.18,4.3420648574029155,3.0886846219807835,5.364984621980783,HIBRIDO_ANALOGO_CLIM,ANALOGO_ESTADO_V2_CONFORMAL,30,10,0.73693705886773,OK_ANALOGOS_CONTINUIDAD_CORREGIDA,0.3348675750295169,-0.3348675750295169,0.0,CORREGIDO_ANCLA_OBSERVADO,2.286256071233727,6.16741317272784,1.9405785507470563,720.0,OK_CALIBRADO
2026-10-09,BORJA,26.0,2026-10-08,2026-10-31,90,23,4.140469119425864,4.0890318013614415,4.140469119425864,3.18,4.2947810736191325,2.981519119425863,5.299419119425863,HIBRIDO_ANALOGO_CLIM,ANALOGO_ESTADO_V2_CONFORMAL,30,10,0.73693705886773,OK_ANALOGOS_CONTINUIDAD_CORREGIDA,0.3348675750295169,-0.3348675750295169,0.0,CORREGIDO_ANCLA_OBSERVADO,2.199890568678808,6.081047670172921,1.9405785507470563,720.0,OK_CALIBRADO
2026-10-09,BORJA,26.0,2026-10-08,2026-11-01,90,24,3.9939204024972432,3.916784913524681,3.9939204024972432,3.18,4.225326869414928,3.0390704024972437,4.948770402497244,HIBRIDO_ANALOGO_CLIM,ANALOGO_ESTADO_V2_CONFORMAL,30,10,0.73693705886773,OK_ANALOGOS_CONTINUIDAD_CORREGIDA,0.3348675750295169,-0.3348675750295169,0.0,CORREGIDO_ANCLA_OBSERVADO,2.053341851750187,5.934498953244299,1.9405785507470563,720.0,OK_CALIBRADO
2026-10-09,BORJA,26.0,2026-10-08,2026-11-02,90,25,3.7942022822701396,3.6178877301988543,3.7942022822701396,3.18,4.3231459384839965,2.8947022822701394,4.69370228227014,HIBRIDO_ANALOGO_CLIM,ANALOGO_ESTADO_V2_CONFORMAL,30,10,0.73693705886773,OK_ANALOGOS_CONTINUIDAD_CORREGIDA,0.3348675750295169,-0.3348675750295169,0.0,CORREGIDO_ANCLA_OBSERVADO,1.8536237315230832,5.734780833017195,1.9405785507470563,720.0,OK_CALIBRADO
2026-10-09,BORJA,26.0,2026-10-08,2026-11-03,90,26,3.703860078560561,3.493724251378875,3.703860078560561,3.18,4.334267560105619,2.918510078560561,4.489210078560561,HIBRIDO_ANALOGO_CLIM,ANALOGO_ESTADO_V2_CONFORMAL,30,10,0.73693705886773,OK_ANALOGOS_CONTINUIDAD_CORREGIDA,0.3348675750295169,-0.3348675750295169,0.0,CORREGIDO_ANCLA_OBSERVADO,1.7632815278135046,5.644438629307617,1.9405785507470563,720.0,OK_CALIBRADO
2026-10-09,BORJA,26.0,2026-10-08,2026-11-04,90,27,3.932840650545408,3.8032884374487614,3.932840650545408,3.18,4.321497289835348,2.7333906505454078,5.132290650545407,HIBRIDO_ANALOGO_CLIM,ANALOGO_ESTADO_V2_CONFORMAL,30,10,0.73693705886773,OK_ANALOGOS_CONTINUIDAD_CORREGIDA,0.3348675750295169,-0.3348675750295169,0.0,CORREGIDO_ANCLA_OBSERVADO,1.9922620997983516,5.873419201292464,1.9405785507470563,720.0,OK_CALIBRADO
2026-10-09,BORJA,26.0,2026-10-08,2026-11-05,90,28,4.043773106605414,3.974513694177419,4.043773106605414,3.18,4.2515513438894015,2.613873106605414,5.473673106605414,HIBRIDO_ANALOGO_CLIM,ANALOGO_ESTADO_V2_CONFORMAL,30,10,0.73693705886773,OK_ANALOGOS_CONTINUIDAD_CORREGIDA,0.3348675750295169,-0.3348675750295169,0.0,CORREGIDO_ANCLA_OBSERVADO,2.103194555858358,5.98435165735247,1.9405785507470563,720.0,OK_CALIBRADO
2026-10-09,BORJA,26.0,2026-10-08,2026-11-06,90,29,4.100779214416933,4.082066882971155,4.100779214416933,3.18,4.156916208754266,2.678579214416934,5.522979214416933,HIBRIDO_ANALOGO_CLIM,ANALOGO_ESTADO_V2_CONFORMAL,30,10,0.73693705886773,OK_ANALOGOS_CONTINUIDAD_CORREGIDA,0.3348675750295169,-0.3348675750295169,0.0,CORREGIDO_ANCLA_OBSERVADO,2.160200663669877,6.04135776516399,1.9405785507470563,720.0,OK_CALIBRADO
2026-10-09,BORJA,26.0,2026-10-08,2026-11-07,90,30,4.0515375829527045,3.9910375004783094,4.0515375829527045,3.18,4.233037830375888,2.834687582952704,5.268387582952704,HIBRIDO_ANALOGO_CLIM,ANALOGO_ESTADO_V2_CONFORMAL,30,10,0.73693705886773,OK_ANALOGOS_CONTINUIDAD_CORREGIDA,0.3348675750295169,-0.3348675750295169,0.0,CORREGIDO_ANCLA_OBSERVADO,2.110959032205648,5.992116133699761,1.9405785507470563,720.0,OK_CALIBRADO
2026-10-09,BORJA,26.0,2026-10-08,2026-11-08,90,31,4.022538334525166,3.9268084767235325,4.022538334525166,3.18,4.297375668213727,3.2005383345251657,4.844538334525165,HIBRIDO_ANALOGO_CLIM,ANALOGO_ESTADO_V2_CONFORMAL,30,10,0.73693705886773,OK_ANALOGOS_CONTINUIDAD_CORREGIDA,0.3348675750295169,-0.3348675750295169,0.0,CORREGIDO_ANCLA_OBSERVADO,2.0819597837781094,5.963116885272222,1.9405785507470563,720.0,OK_CALIBRADO
2026-10-09,BORJA,26.0,2026-10-08,2026-11-09,90,32,4.057347674802795,3.9654554314985737,4.057347674802795,3.18,4.310051343889402,3.3804976748027955,4.734197674802793,HIBRIDO_ANALOGO_CLIM,ANALOGO_ESTADO_V2_CONFORMAL,30,10,0.73693705886773,OK_ANALOGOS_CONTINUIDAD_CORREGIDA,0.3348675750295169,-0.3348675750295169,0.0,CORREGIDO_ANCLA_OBSERVADO,2.1167691240557387,5.997926225549851,1.9405785507470563,720.0,OK_CALIBRADO
2026-10-09,BORJA,26.0,2026-10-08,2026-11-10,90,33,3.937852983894753,3.8325755071773044,3.937852983894753,3.18,4.215402695240753,2.8718529838947533,5.0038529838947525,HIBRIDO_ANALOGO_CLIM,ANALOGO_ESTADO_V2_CONFORMAL,30,10,0.73693705886773,OK_ANALOGOS_CONTINUIDAD_CORREGIDA,0.3348675750295169,-0.3348675750295169,0.0,CORREGIDO_ANCLA_OBSERVADO,1.9972744331476968,5.878431534641809,1.9405785507470563,720.0,OK_CALIBRADO
2026-10-09,BORJA,26.0,2026-10-08,2026-11-11,90,34,3.9440863625062152,3.8524807853283245,3.9440863625062152,3.18,4.1757945871326445,2.1843863625062157,5.703786362506214,HIBRIDO_ANALOGO_CLIM,ANALOGO_ESTADO_V2_CONFORMAL,30,10,0.73693705886773,OK_ANALOGOS_CONTINUIDAD_CORREGIDA,0.3348675750295169,-0.3348675750295169,0.0,CORREGIDO_ANCLA_OBSERVADO,2.003507811759159,5.884664913253271,1.9405785507470563,720.0,OK_CALIBRADO
2026-10-09,BORJA,26.0,2026-10-08,2026-11-12,90,35,4.093675672792267,4.001207789144958,4.093675672792267,3.18,4.3182405330785905,2.2370756727922667,5.950275672792266,HIBRIDO_ANALOGO_CLIM,ANALOGO_ESTADO_V2_CONFORMAL,30,10,0.73693705886773,OK_ANALOGOS_CONTINUIDAD_CORREGIDA,0.3348675750295169,-0.3348675750295169,0.0,CORREGIDO_ANCLA_OBSERVADO,2.153097122045211,6.034254223539324,1.9405785507470563,720.0,OK_CALIBRADO
2026-10-09,BORJA,26.0,2026-10-08,2026-11-13,90,36,4.137431995585102,4.0702978347288195,4.137431995585102,3.18,4.294078370916429,2.318581995585103,5.956281995585101,HIBRIDO_ANALOGO_CLIM,ANALOGO_ESTADO_V2_CONFORMAL,30,10,0.73693705886773,OK_ANALOGOS_CONTINUIDAD_CORREGIDA,0.3348675750295169,-0.3348675750295169,0.0,CORREGIDO_ANCLA_OBSERVADO,2.1968534448380455,6.078010546332158,1.9405785507470563,720.0,OK_CALIBRADO
2026-10-09,BORJA,26.0,2026-10-08,2026-11-14,90,37,4.120750122294911,4.0617363247166445,4.120750122294911,3.18,4.253132424970483,2.6707501222949106,5.5707501222949105,HIBRIDO_ANALOGO_CLIM,ANALOGO_ESTADO_V2_CONFORMAL,30,10,0.73693705886773,OK_ANALOGOS_CONTINUIDAD_CORREGIDA,0.3348675750295169,-0.3348675750295169,0.0,CORREGIDO_ANCLA_OBSERVADO,2.180171571547855,6.0613286730419675,1.9405785507470563,720.0,OK_CALIBRADO
2026-10-09,BORJA,26.0,2026-10-08,2026-11-15,90,38,4.044869836838188,3.8942824278355483,4.044869836838188,3.18,4.369821614159672,2.6997698368381884,5.389969836838189,HIBRIDO_ANALOGO_CLIM,ANALOGO_ESTADO_V2_CONFORMAL,30,10,0.73693705886773,OK_ANALOGOS_CONTINUIDAD_CORREGIDA,0.3348675750295169,-0.3348675750295169,0.0,CORREGIDO_ANCLA_OBSERVADO,2.104291286091132,5.985448387585245,1.9405785507470563,720.0,OK_CALIBRADO
2026-10-09,BORJA,26.0,2026-10-08,2026-11-16,90,39,4.0585168631043,3.899565826810371,4.0585168631043,3.18,4.388645938483997,2.8835168631043007,5.233516863104299,HIBRIDO_ANALOGO_CLIM,ANALOGO_ESTADO_V2_CONFORMAL,30,10,0.73693705886773,OK_ANALOGOS_CONTINUIDAD_CORREGIDA,0.3348675750295169,-0.3348675750295169,0.0,CORREGIDO_ANCLA_OBSERVADO,2.1179383123572437,5.999095413851356,1.9405785507470563,720.0,OK_CALIBRADO
2026-10-09,BORJA,26.0,2026-10-08,2026-11-17,90,40,4.195074354293107,4.0980453189544175,4.195074354293107,3.18,4.389132424970484,2.8533743542931065,5.536774354293106,HIBRIDO_ANALOGO_CLIM,ANALOGO_ESTADO_V2_CONFORMAL,30,10,0.73693705886773,OK_ANALOGOS_CONTINUIDAD_CORREGIDA,0.3348675750295169,-0.3348675750295169,0.0,CORREGIDO_ANCLA_OBSERVADO,2.2544958035460505,6.135652905040163,1.9405785507470563,720.0,OK_CALIBRADO
2026-10-09,BORJA,26.0,2026-10-08,2026-11-18,90,41,4.435418755196213,4.471566843787535,4.435418755196213,3.18,4.365767560105619,2.812718755196214,6.0581187551962135,HIBRIDO_ANALOGO_CLIM,ANALOGO_ESTADO_V2_CONFORMAL,30,10,0.73693705886773,OK_ANALOGOS_CONTINUIDAD_CORREGIDA,0.3348675750295169,-0.3348675750295169,0.0,CORREGIDO_ANCLA_OBSERVADO,2.494840204449157,6.37599730594327,1.9405785507470563,720.0,OK_CALIBRADO
2026-10-09,BORJA,26.0,2026-10-08,2026-11-19,90,42,4.480803277278783,4.525318351598635,4.480803277278783,3.18,4.398132424970484,2.8001032772787826,6.161503277278783,HIBRIDO_ANALOGO_CLIM,ANALOGO_ESTADO_V2_CONFORMAL,30,10,0.73693705886773,OK_ANALOGOS_CONTINUIDAD_CORREGIDA,0.3348675750295169,-0.3348675750295169,0.0,CORREGIDO_ANCLA_OBSERVADO,2.5402247265317266,6.421381828025839,1.9405785507470563,720.0,OK_CALIBRADO
2026-10-09,BORJA,26.0,2026-10-08,2026-11-20,90,43,4.337711015825818,4.342305448276095,4.337711015825818,3.18,4.329483776321835,2.664711015825818,6.010711015825818,HIBRIDO_ANALOGO_CLIM,ANALOGO_ESTADO_V2_CONFORMAL,30,10,0.73693705886773,OK_ANALOGOS_CONTINUIDAD_CORREGIDA,0.3348675750295169,-0.3348675750295169,0.0,CORREGIDO_ANCLA_OBSERVADO,2.3971324650787613,6.278289566572874,1.9405785507470563,720.0,OK_CALIBRADO
2026-10-09,BORJA,26.0,2026-10-08,2026-11-21,90,44,4.0625336179720986,3.9369700127824205,4.0625336179720986,3.18,4.279416208754267,2.545533617972098,5.579533617972098,HIBRIDO_ANALOGO_CLIM,ANALOGO_ESTADO_V2_CONFORMAL,30,10,0.73693705886773,OK_ANALOGOS_CONTINUIDAD_CORREGIDA,0.3348675750295169,-0.3348675750295169,0.0,CORREGIDO_ANCLA_OBSERVADO,2.1219550672250422,6.003112168719155,1.9405785507470563,720.0,OK_CALIBRADO
2026-10-09,BORJA,26.0,2026-10-08,2026-11-22,90,45,3.9759244558849676,3.7147185933525777,3.9759244558849676,3.18,4.4112675601056175,2.448074455884968,5.503774455884967,HIBRIDO_ANALOGO_CLIM,ANALOGO_ESTADO_V2_CONFORMAL,30,10,0.73693705886773,OK_ANALOGOS_CONTINUIDAD_CORREGIDA,0.3348675750295169,-0.3348675750295169,0.0,CORREGIDO_ANCLA_OBSERVADO,2.0353459051379112,5.916503006632023,1.9405785507470563,720.0,OK_CALIBRADO
2026-10-09,BORJA,26.0,2026-10-08,2026-11-23,90,46,3.9514162385924716,3.5934210051317796,3.9514162385924716,3.18,4.527321614159673,2.201416238592472,5.701416238592472,HIBRIDO_ANALOGO_CLIM,ANALOGO_ESTADO_V2_CONFORMAL,30,10,0.73693705886773,OK_ANALOGOS_CONTINUIDAD_CORREGIDA,0.3348675750295169,-0.3348675750295169,0.0,CORREGIDO_ANCLA_OBSERVADO,2.0108376878454153,5.8919947893395275,1.9405785507470563,720.0,OK_CALIBRADO
2026-10-09,BORJA,26.0,2026-10-08,2026-11-24,90,47,3.8603001156562153,3.4150304429803513,3.8603001156562153,3.18,4.55188918172724,2.3860501156562153,5.334550115656215,HIBRIDO_ANALOGO_CLIM,ANALOGO_ESTADO_V2_CONFORMAL,30,10,0.73693705886773,OK_ANALOGOS_CONTINUIDAD_CORREGIDA,0.3348675750295169,-0.3348675750295169,0.0,CORREGIDO_ANCLA_OBSERVADO,1.919721564909159,5.800878666403271,1.9405785507470563,720.0,OK_CALIBRADO
2026-10-09,BORJA,26.0,2026-10-08,2026-11-25,90,48,3.8904992050716145,3.38825723865255,3.8904992050716145,3.18,4.643862154700212,2.7889492050716145,4.9920492050716145,HIBRIDO_ANALOGO_CLIM,ANALOGO_ESTADO_V2_CONFORMAL,30,10,0.73693705886773,OK_ANALOGOS_CONTINUIDAD_CORREGIDA,0.3348675750295169,-0.3348675750295169,0.0,CORREGIDO_ANCLA_OBSERVADO,1.9499206543245582,5.83107775581867,1.9405785507470563,720.0,OK_CALIBRADO
2026-10-09,BORJA,26.0,2026-10-08,2026-11-26,90,49,3.9200441489538087,3.3757232336823093,3.9200441489538087,3.18,4.708754046592105,2.981994148953808,4.858094148953809,HIBRIDO_ANALOGO_CLIM,ANALOGO_ESTADO_V2_CONFORMAL,30,10,0.73693705886773,OK_ANALOGOS_CONTINUIDAD_CORREGIDA,0.3348675750295169,-0.3348675750295169,0.0,CORREGIDO_ANCLA_OBSERVADO,1.9794655982067524,5.8606226997008655,1.9405785507470563,720.0,OK_CALIBRADO
2026-10-09,BORJA,26.0,2026-10-08,2026-11-27,90,50,4.066501118492823,3.6402586795029874,4.066501118492823,3.18,4.663240533078591,2.8019011184928235,5.331101118492823,HIBRIDO_ANALOGO_CLIM,ANALOGO_ESTADO_V2_CONFORMAL,30,10,0.73693705886773,OK_ANALOGOS_CONTINUIDAD_CORREGIDA,0.3348675750295169,-0.3348675750295169,0.0,CORREGIDO_ANCLA_OBSERVADO,2.125922567745767,6.00707966923988,1.9405785507470563,720.0,OK_CALIBRADO
2026-10-09,BORJA,26.0,2026-10-08,2026-11-28,90,51,4.166315411264687,3.8650452565984765,4.166315411264687,3.18,4.573916208754268,2.9005654112646875,5.432065411264688,HIBRIDO_ANALOGO_CLIM,ANALOGO_ESTADO_V2_CONFORMAL,30,10,0.73693705886773,OK_ANALOGOS_CONTINUIDAD_CORREGIDA,0.3348675750295169,-0.3348675750295169,0.0,CORREGIDO_ANCLA_OBSERVADO,2.225736860517631,6.1068939620117435,1.9405785507470563,720.0,OK_CALIBRADO
2026-10-09,BORJA,26.0,2026-10-08,2026-11-29,90,52,4.3911502164480805,4.2939635037306285,4.3911502164480805,3.18,4.5182405330785915,3.3361502164480803,5.44615021644808,HIBRIDO_ANALOGO_CLIM,ANALOGO_ESTADO_V2_CONFORMAL,30,10,0.73693705886773,OK_ANALOGOS_CONTINUIDAD_CORREGIDA,0.3348675750295169,-0.3348675750295169,0.0,CORREGIDO_ANCLA_OBSERVADO,2.450571665701024,6.331728767195137,1.9405785507470563,720.0,OK_CALIBRADO
2026-10-09,BORJA,26.0,2026-10-08,2026-11-30,90,53,4.2425321707953305,4.074441368682594,4.2425321707953305,3.18,4.455024316862374,2.90603217079533,5.57903217079533,HIBRIDO_ANALOGO_CLIM,ANALOGO_ESTADO_V2_CONFORMAL,30,10,0.73693705886773,OK_ANALOGOS_CONTINUIDAD_CORREGIDA,0.3348675750295169,-0.3348675750295169,0.0,CORREGIDO_ANCLA_OBSERVADO,2.301953620048274,6.183110721542387,1.9405785507470563,720.0,OK_CALIBRADO
2026-10-09,BORJA,26.0,2026-10-08,2026-12-01,90,54,4.095622777384227,3.926994070507433,4.095622777384227,3.18,4.301724530233642,2.8479727773842263,5.343272777384227,HIBRIDO_ANALOGO_CLIM,ANALOGO_ESTADO_V2_CONFORMAL,30,10,0.73693705886773,OK_ANALOGOS_CONTINUIDAD_CORREGIDA,0.3348675750295169,-0.3348675750295169,0.0,CORREGIDO_ANCLA_OBSERVADO,2.1550442266371705,6.036201328131283,1.9405785507470563,720.0,OK_CALIBRADO
2026-10-09,BORJA,26.0,2026-10-08,2026-12-02,90,55,4.204304212671431,4.159328989374728,4.204304212671431,3.18,4.257456749294807,2.7843042126714317,5.624304212671431,HIBRIDO_ANALOGO_CLIM,ANALOGO_ESTADO_V2_CONFORMAL,30,10,0.73693705886773,OK_ANALOGOS_CONTINUIDAD_CORREGIDA,0.3348675750295169,-0.3348675750295169,0.0,CORREGIDO_ANCLA_OBSERVADO,2.263725661924375,6.1448827634184875,1.9405785507470563,720.0,OK_CALIBRADO
2026-10-09,BORJA,26.0,2026-10-08,2026-12-03,90,56,4.298340164242077,4.236065855023639,4.298340164242077,3.18,4.369510803348861,2.8624401642420767,5.734240164242076,HIBRIDO_ANALOGO_CLIM,ANALOGO_ESTADO_V2_CONFORMAL,30,10,0.73693705886773,OK_ANALOGOS_CONTINUIDAD_CORREGIDA,0.3348675750295169,-0.3348675750295169,0.0,CORREGIDO_ANCLA_OBSERVADO,2.357761613495021,6.238918714989134,1.9405785507470563,720.0,OK_CALIBRADO
2026-10-09,BORJA,26.0,2026-10-08,2026-12-04,90,57,4.218113456769258,4.085524222991314,4.218113456769258,3.18,4.364659451997509,3.047863456769257,5.388363456769257,HIBRIDO_ANALOGO_CLIM,ANALOGO_ESTADO_V2_CONFORMAL,30,10,0.73693705886773,OK_ANALOGOS_CONTINUIDAD_CORREGIDA,0.3348675750295169,-0.3348675750295169,0.0,CORREGIDO_ANCLA_OBSERVADO,2.2775349060222014,6.158692007516314,1.9405785507470563,720.0,OK_CALIBRADO
2026-10-09,BORJA,26.0,2026-10-08,2026-12-05,90,58,4.09124912732452,3.949013052020144,4.09124912732452,3.18,4.243294587132645,3.0195991273245197,5.16289912732452,HIBRIDO_ANALOGO_CLIM,ANALOGO_ESTADO_V2_CONFORMAL,30,10,0.73693705886773,OK_ANALOGOS_CONTINUIDAD_CORREGIDA,0.3348675750295169,-0.3348675750295169,0.0,CORREGIDO_ANCLA_OBSERVADO,2.150670576577464,6.0318276780715765,1.9405785507470563,720.0,OK_CALIBRADO
2026-10-09,BORJA,26.0,2026-10-08,2026-12-06,90,59,4.094219083564216,3.9072517267676345,4.094219083564216,3.18,4.287524316862376,3.0872190835642157,5.1012190835642155,HIBRIDO_ANALOGO_CLIM,ANALOGO_ESTADO_V2_CONFORMAL,30,10,0.73693705886773,OK_ANALOGOS_CONTINUIDAD_CORREGIDA,0.3348675750295169,-0.3348675750295169,0.0,CORREGIDO_ANCLA_OBSERVADO,2.1536405328171595,6.034797634311272,1.9405785507470563,720.0,OK_CALIBRADO
2026-10-09,BORJA,26.0,2026-10-08,2026-12-07,90,60,4.195977659659333,4.034309380834667,4.195977659659333,3.18,4.357645938483996,2.9399776596593328,5.451977659659331,HIBRIDO_ANALOGO_CLIM,ANALOGO_ESTADO_V2_CONFORMAL,30,10,0.73693705886773,OK_ANALOGOS_CONTINUIDAD_CORREGIDA,0.3348675750295169,-0.3348675750295169,0.0,CORREGIDO_ANCLA_OBSERVADO,2.2553991089122762,6.136556210406389,1.9405785507470563,720.0,OK_CALIBRADO
2026-10-09,BORJA,26.0,2026-10-08,2026-12-08,90,61,4.299534148098363,4.196419942463743,4.299534148098363,3.18,4.399267560105619,2.5890341480983627,6.010034148098363,HIBRIDO_ANALOGO_CLIM,ANALOGO_ESTADO_V2_CONFORMAL,30,10,0.73693705886773,OK_ANALOGOS_CONTINUIDAD_CORREGIDA,0.3348675750295169,-0.3348675750295169,0.0,CORREGIDO_ANCLA_OBSERVADO,2.358955597351307,6.24011269884542,1.9405785507470563,720.0,OK_CALIBRADO
2026-10-09,BORJA,26.0,2026-10-08,2026-12-09,90,62,4.333855324901965,4.112023233775599,4.333855324901965,3.18,4.5413756682137265,2.4607053249019644,6.207005324901964,HIBRIDO_ANALOGO_CLIM,ANALOGO_ESTADO_V2_CONFORMAL,30,10,0.73693705886773,OK_ANALOGOS_CONTINUIDAD_CORREGIDA,0.3348675750295169,-0.3348675750295169,0.0,CORREGIDO_ANCLA_OBSERVADO,2.3932767741549084,6.274433875649021,1.9405785507470563,720.0,OK_CALIBRADO
2026-10-09,BORJA,26.0,2026-10-08,2026-12-10,90,63,4.186942530959662,3.9300278116902354,4.186942530959662,3.18,4.41938918172724,2.101592530959663,6.272292530959662,HIBRIDO_ANALOGO_CLIM,ANALOGO_ESTADO_V2_CONFORMAL,30,10,0.73693705886773,OK_ANALOGOS_CONTINUIDAD_CORREGIDA,0.3348675750295169,-0.3348675750295169,0.0,CORREGIDO_ANCLA_OBSERVADO,2.246363980212606,6.1275210817067185,1.9405785507470563,720.0,OK_CALIBRADO
2026-10-09,BORJA,26.0,2026-10-08,2026-12-11,90,64,4.17257263366716,3.788921289166067,4.17257263366716,3.18,4.508267560105619,2.4094226336671603,5.93572263366716,HIBRIDO_ANALOGO_CLIM,ANALOGO_ESTADO_V2_CONFORMAL,30,10,0.73693705886773,OK_ANALOGOS_CONTINUIDAD_CORREGIDA,0.3348675750295169,-0.3348675750295169,0.0,CORREGIDO_ANCLA_OBSERVADO,2.231994082920104,6.113151184414217,1.9405785507470563,720.0,OK_CALIBRADO
2026-10-09,BORJA,26.0,2026-10-08,2026-12-12,90,65,4.209656215502653,3.621490228392024,4.209656215502653,3.18,4.707335127673186,2.5823062155026535,5.8370062155026545,HIBRIDO_ANALOGO_CLIM,ANALOGO_ESTADO_V2_CONFORMAL,30,10,0.73693705886773,OK_ANALOGOS_CONTINUIDAD_CORREGIDA,0.3348675750295169,-0.3348675750295169,0.0,CORREGIDO_ANCLA_OBSERVADO,2.2690776647555966,6.150234766249709,1.9405785507470563,720.0,OK_CALIBRADO
2026-10-09,BORJA,26.0,2026-10-08,2026-12-13,90,66,4.33049199923666,3.865479526943369,4.33049199923666,3.18,4.710956749294807,2.47349199923666,6.187491999236659,HIBRIDO_ANALOGO_CLIM,ANALOGO_ESTADO_V2_CONFORMAL,30,10,0.73693705886773,OK_ANALOGOS_CONTINUIDAD_CORREGIDA,0.3348675750295169,-0.3348675750295169,0.0,CORREGIDO_ANCLA_OBSERVADO,2.3899134484896036,6.271070549983716,1.9405785507470563,720.0,OK_CALIBRADO
2026-10-09,BORJA,26.0,2026-10-08,2026-12-14,90,67,4.229825809579392,3.7230432498881556,4.229825809579392,3.18,4.630713506051565,2.636325809579393,5.823325809579391,HIBRIDO_ANALOGO_CLIM,ANALOGO_ESTADO_V2_CONFORMAL,30,10,0.73693705886773,OK_ANALOGOS_CONTINUIDAD_CORREGIDA,0.3348675750295169,-0.3348675750295169,0.0,CORREGIDO_ANCLA_OBSERVADO,2.2892472588323356,6.170404360326448,1.9405785507470563,720.0,OK_CALIBRADO
2026-10-09,BORJA,26.0,2026-10-08,2026-12-15,90,68,4.251782604270856,3.7946401152478493,4.251782604270856,3.18,4.6013621547002135,2.633182604270856,5.870382604270855,HIBRIDO_ANALOGO_CLIM,ANALOGO_ESTADO_V2_CONFORMAL,30,10,0.73693705886773,OK_ANALOGOS_CONTINUIDAD_CORREGIDA,0.3348675750295169,-0.3348675750295169,0.0,CORREGIDO_ANCLA_OBSERVADO,2.3112040535237997,6.192361155017912,1.9405785507470563,720.0,OK_CALIBRADO
2026-10-09,BORJA,26.0,2026-10-08,2026-12-16,90,69,4.411480231227895,4.01762328866042,4.411480231227895,3.18,4.702591884429943,2.8394802312278955,5.983480231227896,HIBRIDO_ANALOGO_CLIM,ANALOGO_ESTADO_V2_CONFORMAL,30,10,0.73693705886773,OK_ANALOGOS_CONTINUIDAD_CORREGIDA,0.3348675750295169,-0.3348675750295169,0.0,CORREGIDO_ANCLA_OBSERVADO,2.4709016804808384,6.352058781974951,1.9405785507470563,720.0,OK_CALIBRADO
2026-10-09,BORJA,26.0,2026-10-08,2026-12-17,90,70,4.518676698346098,4.283860302693583,4.518676698346098,3.18,4.686402695240753,3.121476698346099,5.915876698346098,HIBRIDO_ANALOGO_CLIM,ANALOGO_ESTADO_V2_CONFORMAL,30,10,0.73693705886773,OK_ANALOGOS_CONTINUIDAD_CORREGIDA,0.3348675750295169,-0.3348675750295169,0.0,CORREGIDO_ANCLA_OBSERVADO,2.578098147599042,6.459255249093155,1.9405785507470563,720.0,OK_CALIBRADO
2026-10-09,BORJA,26.0,2026-10-08,2026-12-18,90,71,4.487590337519238,4.252168074014316,4.487590337519238,3.18,4.650064857402915,3.355440337519238,5.619740337519238,HIBRIDO_ANALOGO_CLIM,ANALOGO_ESTADO_V2_CONFORMAL,30,10,0.73693705886773,OK_ANALOGOS_CONTINUIDAD_CORREGIDA,0.3348675750295169,-0.3348675750295169,0.0,CORREGIDO_ANCLA_OBSERVADO,2.547011786772182,6.428168888266295,1.9405785507470563,720.0,OK_CALIBRADO
2026-10-09,BORJA,26.0,2026-10-08,2026-12-19,90,72,4.579822248962083,4.220492120084618,4.579822248962083,3.18,4.819375668213727,3.1990222489620845,5.960622248962084,HIBRIDO_ANALOGO_CLIM,ANALOGO_ESTADO_V2_CONFORMAL,30,10,0.73693705886773,OK_ANALOGOS_CONTINUIDAD_CORREGIDA,0.3348675750295169,-0.3348675750295169,0.0,CORREGIDO_ANCLA_OBSERVADO,2.6392436982150267,6.520400799709139,1.9405785507470563,720.0,OK_CALIBRADO
2026-10-09,BORJA,26.0,2026-10-08,2026-12-20,90,73,4.564508035290952,4.048361412792728,4.564508035290952,3.18,4.896821614159672,3.403508035290952,5.725508035290952,HIBRIDO_ANALOGO_CLIM,ANALOGO_ESTADO_V2_CONFORMAL,30,10,0.73693705886773,OK_ANALOGOS_CONTINUIDAD_CORREGIDA,0.3348675750295169,-0.3348675750295169,0.0,CORREGIDO_ANCLA_OBSERVADO,2.623929484543896,6.505086586038009,1.9405785507470563,720.0,OK_CALIBRADO
2026-10-09,BORJA,26.0,2026-10-08,2026-12-21,90,74,4.5289125900621094,3.92073285564429,4.5289125900621094,3.18,4.90697026280832,3.0585625900621096,5.999262590062109,HIBRIDO_ANALOGO_CLIM,ANALOGO_ESTADO_V2_CONFORMAL,30,10,0.73693705886773,OK_ANALOGOS_CONTINUIDAD_CORREGIDA,0.3348675750295169,-0.3348675750295169,0.0,CORREGIDO_ANCLA_OBSERVADO,2.588334039315053,6.469491140809166,1.9405785507470563,720.0,OK_CALIBRADO
2026-10-09,BORJA,26.0,2026-10-08,2026-12-22,90,75,4.542572557725089,4.030468274478261,4.542572557725089,3.18,4.849835127673186,3.0563225577250894,6.028822557725089,HIBRIDO_ANALOGO_CLIM,ANALOGO_ESTADO_V2_CONFORMAL,30,10,0.73693705886773,OK_ANALOGOS_CONTINUIDAD_CORREGIDA,0.3348675750295169,-0.3348675750295169,0.0,CORREGIDO_ANCLA_OBSERVADO,2.6019940069780327,6.483151108472145,1.9405785507470563,720.0,OK_CALIBRADO
2026-10-09,BORJA,26.0,2026-10-08,2026-12-23,90,76,4.660106665927849,4.389673966647818,4.660106665927849,3.18,4.816672965511023,2.9923566659278493,6.327856665927849,HIBRIDO_ANALOGO_CLIM,ANALOGO_ESTADO_V2_CONFORMAL,30,10,0.73693705886773,OK_ANALOGOS_CONTINUIDAD_CORREGIDA,0.3348675750295169,-0.3348675750295169,0.0,CORREGIDO_ANCLA_OBSERVADO,2.7195281151807924,6.600685216674905,1.9405785507470563,720.0,OK_CALIBRADO
2026-10-09,BORJA,26.0,2026-10-08,2026-12-24,90,77,4.656899664470481,4.263618310187326,4.656899664470481,3.18,4.876524316862374,3.2771496644704814,6.036649664470481,HIBRIDO_ANALOGO_CLIM,ANALOGO_ESTADO_V2_CONFORMAL,30,10,0.73693705886773,OK_ANALOGOS_CONTINUIDAD_CORREGIDA,0.3348675750295169,-0.3348675750295169,0.0,CORREGIDO_ANCLA_OBSERVADO,2.716321113723425,6.597478215217538,1.9405785507470563,720.0,OK_CALIBRADO
2026-10-09,BORJA,26.0,2026-10-08,2026-12-25,90,78,4.5490790303643145,4.059246278219266,4.5490790303643145,3.18,4.8128351276731856,3.2503790303643147,5.847779030364315,HIBRIDO_ANALOGO_CLIM,ANALOGO_ESTADO_V2_CONFORMAL,30,10,0.73693705886773,OK_ANALOGOS_CONTINUIDAD_CORREGIDA,0.3348675750295169,-0.3348675750295169,0.0,CORREGIDO_ANCLA_OBSERVADO,2.608500479617258,6.489657581111371,1.9405785507470563,720.0,OK_CALIBRADO
2026-10-09,BORJA,26.0,2026-10-08,2026-12-26,90,79,4.534370217625307,3.9502179881790656,4.534370217625307,3.18,4.837537830375888,3.4086202176253066,5.660120217625307,HIBRIDO_ANALOGO_CLIM,ANALOGO_ESTADO_V2_CONFORMAL,30,10,0.73693705886773,OK_ANALOGOS_CONTINUIDAD_CORREGIDA,0.3348675750295169,-0.3348675750295169,0.0,CORREGIDO_ANCLA_OBSERVADO,2.593791666878251,6.474948768372363,1.9405785507470563,720.0,OK_CALIBRADO
2026-10-09,BORJA,26.0,2026-10-08,2026-12-27,90,80,4.615810445274969,4.047085404802861,4.615810445274969,3.18,4.9001729655110235,3.3898104452749678,5.841810445274968,HIBRIDO_ANALOGO_CLIM,ANALOGO_ESTADO_V2_CONFORMAL,30,10,0.73693705886773,OK_ANALOGOS_CONTINUIDAD_CORREGIDA,0.3348675750295169,-0.3348675750295169,0.0,CORREGIDO_ANCLA_OBSERVADO,2.6752318945279123,6.556388996022025,1.9405785507470563,720.0,OK_CALIBRADO
2026-10-09,BORJA,26.0,2026-10-08,2026-12-28,90,81,4.685351829714666,4.136938493622024,4.685351829714666,3.18,4.949402695240753,3.523401829714667,5.847301829714667,HIBRIDO_ANALOGO_CLIM,ANALOGO_ESTADO_V2_CONFORMAL,30,10,0.73693705886773,OK_ANALOGOS_CONTINUIDAD_CORREGIDA,0.3348675750295169,-0.3348675750295169,0.0,CORREGIDO_ANCLA_OBSERVADO,2.7447732789676094,6.625930380461722,1.9405785507470563,720.0,OK_CALIBRADO
2026-10-09,BORJA,26.0,2026-10-08,2026-12-29,90,82,4.747678920167765,4.141031741240708,4.747678920167765,3.18,5.028808100646158,3.834178920167765,5.661178920167766,HIBRIDO_ANALOGO_CLIM,ANALOGO_ESTADO_V2_CONFORMAL,30,10,0.73693705886773,OK_ANALOGOS_CONTINUIDAD_CORREGIDA,0.3348675750295169,-0.3348675750295169,0.0,CORREGIDO_ANCLA_OBSERVADO,2.8071003694207084,6.688257470914821,1.9405785507470563,720.0,OK_CALIBRADO
2026-10-09,BORJA,26.0,2026-10-08,2026-12-30,90,83,4.749569417320435,4.365712224849073,4.749569417320435,3.18,4.920686479024537,4.0676194173204365,5.431519417320436,HIBRIDO_ANALOGO_CLIM,ANALOGO_ESTADO_V2_CONFORMAL,30,10,0.73693705886773,OK_ANALOGOS_CONTINUIDAD_CORREGIDA,0.3348675750295169,-0.3348675750295169,0.0,CORREGIDO_ANCLA_OBSERVADO,2.808990866573379,6.690147968067492,1.9405785507470563,720.0,OK_CALIBRADO
2026-10-09,BORJA,26.0,2026-10-08,2026-12-31,90,84,4.734589584352291,4.523417550837772,4.734589584352291,3.18,4.825091884429943,3.7215395843522923,5.7476395843522905,HIBRIDO_ANALOGO_CLIM,ANALOGO_ESTADO_V2_CONFORMAL,30,10,0.73693705886773,OK_ANALOGOS_CONTINUIDAD_CORREGIDA,0.3348675750295169,-0.3348675750295169,0.0,CORREGIDO_ANCLA_OBSERVADO,2.7940110336052344,6.675168135099347,1.9405785507470563,720.0,OK_CALIBRADO
2026-10-09,BORJA,26.0,2026-10-08,2027-01-01,90,85,4.7757501194686665,4.2685890625173695,4.7757501194686665,3.18,4.9845811429192,3.5090501194686667,6.042450119468667,HIBRIDO_ANALOGO_CLIM,ANALOGO_ESTADO_V2_CONFORMAL,30,10,0.73693705886773,OK_ANALOGOS_CONTINUIDAD_CORREGIDA,0.3348675750295169,-0.3348675750295169,0.0,CORREGIDO_ANCLA_OBSERVADO,2.83517156872161,6.716328670215723,1.9405785507470563,720.0,OK_CALIBRADO
2026-10-09,BORJA,26.0,2026-10-08,2027-01-02,90,86,4.670461122870007,3.9106205895027384,4.670461122870007,3.18,4.970863194201252,3.4896611228700065,5.851261122870007,HIBRIDO_ANALOGO_CLIM,ANALOGO_ESTADO_V2_CONFORMAL,30,10,0.73693705886773,OK_ANALOGOS_CONTINUIDAD_CORREGIDA,0.3348675750295169,-0.3348675750295169,0.0,CORREGIDO_ANCLA_OBSERVADO,2.7298825721229507,6.611039673617063,1.9405785507470563,720.0,OK_CALIBRADO
2026-10-09,BORJA,26.0,2026-10-08,2027-01-03,90,87,4.593778751362674,3.676439579217146,4.593778751362674,3.18,4.941734989073048,3.581278751362674,5.606278751362675,HIBRIDO_ANALOGO_CLIM,ANALOGO_ESTADO_V2_CONFORMAL,30,10,0.73693705886773,OK_ANALOGOS_CONTINUIDAD_CORREGIDA,0.3348675750295169,-0.3348675750295169,0.0,CORREGIDO_ANCLA_OBSERVADO,2.6532002006156175,6.53435730210973,1.9405785507470563,720.0,OK_CALIBRADO
2026-10-09,BORJA,26.0,2026-10-08,2027-01-04,90,88,4.6218881029220285,3.82565531985288,4.6218881029220285,3.18,4.911427296765355,3.261888102922028,5.981888102922028,HIBRIDO_ANALOGO_CLIM,ANALOGO_ESTADO_V2_CONFORMAL,30,10,0.73693705886773,OK_ANALOGOS_CONTINUIDAD_CORREGIDA,0.3348675750295169,-0.3348675750295169,0.0,CORREGIDO_ANCLA_OBSERVADO,2.681309552174972,6.562466653669085,1.9405785507470563,720.0,OK_CALIBRADO
2026-10-09,BORJA,26.0,2026-10-08,2027-01-05,90,89,4.604246918150116,3.824518965980141,4.604246918150116,3.18,4.875837553175611,3.0005969181501158,6.207896918150116,HIBRIDO_ANALOGO_CLIM,ANALOGO_ESTADO_V2_CONFORMAL,30,10,0.73693705886773,OK_ANALOGOS_CONTINUIDAD_CORREGIDA,0.3348675750295169,-0.3348675750295169,0.0,CORREGIDO_ANCLA_OBSERVADO,2.6636683674030595,6.544825468897172,1.9405785507470563,720.0,OK_CALIBRADO
2026-10-09,BORJA,26.0,2026-10-08,2027-01-06,90,90,4.559788248630417,3.9543326426871412,4.559788248630417,3.18,4.761606783944842,2.367788248630417,6.751788248630417,HIBRIDO_ANALOGO_CLIM,ANALOGO_ESTADO_V2_CONFORMAL,30,10,0.73693705886773,OK_ANALOGOS_CONTINUIDAD_CORREGIDA,0.3348675750295169,-0.3348675750295169,0.0,CORREGIDO_ANCLA_OBSERVADO,2.6192096978833606,6.500366799377473,1.9405785507470563,720.0,OK_CALIBRADO
2026-10-09,CONTAMANA,2.0,2026-10-08,2026-10-09,30,1,5.9,4.829909561721598,5.9,5.9,9.11027131483521,5.730500000000001,6.069500000000001,HIBRIDO_ANALOGO_CLIM,ANALOGO_ESTADO_V2_CONFORMAL,30,10,2.086217457056443,OK_ANALOGOS_CONTINUIDAD_CORREGIDA,1.0789594543955605,-1.0789594543955605,0.0,CORREGIDO_ANCLA_OBSERVADO,3.7928623163679163,8.007137683632084,2.107137683632084,240.0,OK_CALIBRADO
2026-10-09,CONTAMANA,2.0,2026-10-08,2026-10-10,30,2,5.936297666026183,4.875716706166763,5.936297666026183,5.9,9.11804054560444,5.601297666026183,6.271297666026183,HIBRIDO_ANALOGO_CLIM,ANALOGO_ESTADO_V2_CONFORMAL,30,10,2.086217457056443,OK_ANALOGOS_CONTINUIDAD_CORREGIDA,1.0789594543955605,-1.0789594543955605,0.0,CORREGIDO_ANCLA_OBSERVADO,3.829159982394099,8.043435349658267,2.107137683632084,240.0,OK_CALIBRADO
2026-10-09,CONTAMANA,2.0,2026-10-08,2026-10-11,30,3,5.96843456543732,4.918578725894434,5.96843456543732,5.9,9.118002084065978,5.437184565437319,6.49968456543732,HIBRIDO_ANALOGO_CLIM,ANALOGO_ESTADO_V2_CONFORMAL,30,10,2.086217457056443,OK_ANALOGOS_CONTINUIDAD_CORREGIDA,1.0789594543955605,-1.0789594543955605,0.0,CORREGIDO_ANCLA_OBSERVADO,3.8612968818052362,8.075572249069404,2.107137683632084,240.0,OK_CALIBRADO
2026-10-09,CONTAMANA,2.0,2026-10-08,2026-10-12,30,4,5.977164675802771,4.922571437150934,5.977164675802771,5.9,9.140944391758284,5.331664675802772,6.6226646758027705,HIBRIDO_ANALOGO_CLIM,ANALOGO_ESTADO_V2_CONFORMAL,30,10,2.086217457056443,OK_ANALOGOS_CONTINUIDAD_CORREGIDA,1.0789594543955605,-1.0789594543955605,0.0,CORREGIDO_ANCLA_OBSERVADO,3.870026992170687,8.084302359434854,2.107137683632084,240.0,OK_CALIBRADO
2026-10-09,CONTAMANA,2.0,2026-10-08,2026-10-13,30,5,5.932834992490995,4.856202372222411,5.932834992490995,5.9,9.162732853296747,5.330234992490995,6.535434992490995,HIBRIDO_ANALOGO_CLIM,ANALOGO_ESTADO_V2_CONFORMAL,30,10,2.086217457056443,OK_ANALOGOS_CONTINUIDAD_CORREGIDA,1.0789594543955605,-1.0789594543955605,0.0,CORREGIDO_ANCLA_OBSERVADO,3.825697308858911,8.039972676123078,2.107137683632084,240.0,OK_CALIBRADO
2026-10-09,CONTAMANA,2.0,2026-10-08,2026-10-14,30,6,5.878545994156621,4.778573451366323,5.878545994156621,5.9,9.178463622527516,5.36504599415662,6.392045994156621,HIBRIDO_ANALOGO_CLIM,ANALOGO_ESTADO_V2_CONFORMAL,30,10,2.086217457056443,OK_ANALOGOS_CONTINUIDAD_CORREGIDA,1.0789594543955605,-1.0789594543955605,0.0,CORREGIDO_ANCLA_OBSERVADO,3.771408310524537,7.985683677788705,2.107137683632084,240.0,OK_CALIBRADO
2026-10-09,CONTAMANA,2.0,2026-10-08,2026-10-15,30,7,5.782240883751635,4.649147406723778,5.782240883751635,5.9,9.181521314835209,5.303940883751634,6.260540883751635,HIBRIDO_ANALOGO_CLIM,ANALOGO_ESTADO_V2_CONFORMAL,30,10,2.086217457056443,OK_ANALOGOS_CONTINUIDAD_CORREGIDA,1.0789594543955605,-1.0789594543955605,0.0,CORREGIDO_ANCLA_OBSERVADO,3.675103200119551,7.889378567383719,2.107137683632084,240.0,OK_CALIBRADO
2026-10-09,CONTAMANA,2.0,2026-10-08,2026-10-16,30,8,5.690218174392404,4.521520973731983,5.690218174392404,5.9,9.196309776373669,5.199518174392404,6.180918174392405,HIBRIDO_ANALOGO_CLIM,ANALOGO_ESTADO_V2_CONFORMAL,30,10,2.086217457056443,OK_ANALOGOS_CONTINUIDAD_CORREGIDA,1.0789594543955605,-1.0789594543955605,0.0,CORREGIDO_ANCLA_OBSERVADO,3.58308049076032,7.797355858024488,2.107137683632084,240.0,OK_CALIBRADO
2026-10-09,CONTAMANA,2.0,2026-10-08,2026-10-17,30,9,5.677177917723793,4.493031400737936,5.677177917723793,5.9,9.229617468681363,5.259977917723793,6.094377917723794,HIBRIDO_ANALOGO_CLIM,ANALOGO_ESTADO_V2_CONFORMAL,30,10,2.086217457056443,OK_ANALOGOS_CONTINUIDAD_CORREGIDA,1.0789594543955605,-1.0789594543955605,0.0,CORREGIDO_ANCLA_OBSERVADO,3.5700402340917092,7.784315601355877,2.107137683632084,240.0,OK_CALIBRADO
2026-10-09,CONTAMANA,2.0,2026-10-08,2026-10-18,30,10,5.690329666478224,4.504964501641281,5.690329666478224,5.9,9.246425160989054,5.200629666478224,6.180029666478225,HIBRIDO_ANALOGO_CLIM,ANALOGO_ESTADO_V2_CONFORMAL,30,10,2.086217457056443,OK_ANALOGOS_CONTINUIDAD_CORREGIDA,1.0789594543955605,-1.0789594543955605,0.0,CORREGIDO_ANCLA_OBSERVADO,3.58319198284614,7.797467350110308,2.107137683632084,240.0,OK_CALIBRADO
2026-10-09,CONTAMANA,2.0,2026-10-08,2026-10-19,30,11,5.709536488245703,4.529573597331253,5.709536488245703,5.9,9.249425160989055,5.054486488245703,6.3645864882457035,HIBRIDO_ANALOGO_CLIM,ANALOGO_ESTADO_V2_CONFORMAL,30,10,2.086217457056443,OK_ANALOGOS_CONTINUIDAD_CORREGIDA,1.0789594543955605,-1.0789594543955605,0.0,CORREGIDO_ANCLA_OBSERVADO,3.6023988046136193,7.8166741718777875,2.107137683632084,240.0,OK_CALIBRADO
2026-10-09,CONTAMANA,2.0,2026-10-08,2026-10-20,30,12,5.7052690465828295,4.521082393062806,5.7052690465828295,5.9,9.257829007142902,4.961619046582829,6.448919046582829,HIBRIDO_ANALOGO_CLIM,ANALOGO_ESTADO_V2_CONFORMAL,30,10,2.086217457056443,OK_ANALOGOS_CONTINUIDAD_CORREGIDA,1.0789594543955605,-1.0789594543955605,0.0,CORREGIDO_ANCLA_OBSERVADO,3.5981313629507454,7.812406730214914,2.107137683632084,240.0,OK_CALIBRADO
2026-10-09,CONTAMANA,2.0,2026-10-08,2026-10-21,30,13,5.7076462041270695,4.519001936455125,5.7076462041270695,5.9,9.273579007142901,4.869246204127069,6.5460462041270695,HIBRIDO_ANALOGO_CLIM,ANALOGO_ESTADO_V2_CONFORMAL,30,10,2.086217457056443,OK_ANALOGOS_CONTINUIDAD_CORREGIDA,1.0789594543955605,-1.0789594543955605,0.0,CORREGIDO_ANCLA_OBSERVADO,3.6005085204949854,7.814783887759154,2.107137683632084,240.0,OK_CALIBRADO
2026-10-09,CONTAMANA,2.0,2026-10-08,2026-10-22,30,14,5.7469043746705175,4.561269240769467,5.7469043746705175,5.9,9.30380977637367,4.766154374670518,6.727654374670517,HIBRIDO_ANALOGO_CLIM,ANALOGO_ESTADO_V2_CONFORMAL,30,10,2.086217457056443,OK_ANALOGOS_CONTINUIDAD_CORREGIDA,1.0789594543955605,-1.0789594543955605,0.0,CORREGIDO_ANCLA_OBSERVADO,3.6397666910384334,7.854042058302602,2.107137683632084,240.0,OK_CALIBRADO
2026-10-09,CONTAMANA,2.0,2026-10-08,2026-10-23,30,15,5.76420698772343,4.580134263301555,5.76420698772343,5.9,9.316425160989054,4.74230698772343,6.7861069877234295,HIBRIDO_ANALOGO_CLIM,ANALOGO_ESTADO_V2_CONFORMAL,30,10,2.086217457056443,OK_ANALOGOS_CONTINUIDAD_CORREGIDA,1.0789594543955605,-1.0789594543955605,0.0,CORREGIDO_ANCLA_OBSERVADO,3.657069304091346,7.871344671355514,2.107137683632084,240.0,OK_CALIBRADO
2026-10-09,CONTAMANA,2.0,2026-10-08,2026-10-24,30,16,5.939723349588064,4.807361207326195,5.939723349588064,5.9,9.33680977637367,4.3268233495880635,7.552623349588064,HIBRIDO_ANALOGO_CLIM,ANALOGO_ESTADO_V2_CONFORMAL,30,10,2.086217457056443,OK_ANALOGOS_CONTINUIDAD_CORREGIDA,1.0789594543955605,-1.0789594543955605,0.0,CORREGIDO_ANCLA_OBSERVADO,3.83258566595598,8.046861033220148,2.107137683632084,240.0,OK_CALIBRADO
2026-10-09,CONTAMANA,2.0,2026-10-08,2026-10-25,30,17,6.049640663751708,4.9491612159546445,6.049640663751708,5.9,9.3510790071429,4.165490663751707,7.93379066375171,HIBRIDO_ANALOGO_CLIM,ANALOGO_ESTADO_V2_CONFORMAL,30,10,2.086217457056443,OK_ANALOGOS_CONTINUIDAD_CORREGIDA,1.0789594543955605,-1.0789594543955605,0.0,CORREGIDO_ANCLA_OBSERVADO,3.942502980119624,8.156778347383792,2.107137683632084,240.0,OK_CALIBRADO
2026-10-09,CONTAMANA,2.0,2026-10-08,2026-10-26,30,18,6.048436897049644,4.944504911633942,6.048436897049644,5.9,9.360232853296747,4.256786897049645,7.840086897049643,HIBRIDO_ANALOGO_CLIM,ANALOGO_ESTADO_V2_CONFORMAL,30,10,2.086217457056443,OK_ANALOGOS_CONTINUIDAD_CORREGIDA,1.0789594543955605,-1.0789594543955605,0.0,CORREGIDO_ANCLA_OBSERVADO,3.94129921341756,8.155574580681728,2.107137683632084,240.0,OK_CALIBRADO
2026-10-09,CONTAMANA,2.0,2026-10-08,2026-10-27,30,19,6.070034065633504,4.970031905643192,6.070034065633504,5.9,9.37004054560444,4.301034065633503,7.839034065633504,HIBRIDO_ANALOGO_CLIM,ANALOGO_ESTADO_V2_CONFORMAL,30,10,2.086217457056443,OK_ANALOGOS_CONTINUIDAD_CORREGIDA,1.0789594543955605,-1.0789594543955605,0.0,CORREGIDO_ANCLA_OBSERVADO,3.9628963820014196,8.177171749265588,2.107137683632084,240.0,OK_CALIBRADO
2026-10-09,CONTAMANA,2.0,2026-10-08,2026-10-28,30,20,6.096452001160988,5.003358383782401,6.096452001160988,5.9,9.375732853296748,4.250152001160988,7.942752001160988,HIBRIDO_ANALOGO_CLIM,ANALOGO_ESTADO_V2_CONFORMAL,30,10,2.086217457056443,OK_ANALOGOS_CONTINUIDAD_CORREGIDA,1.0789594543955605,-1.0789594543955605,0.0,CORREGIDO_ANCLA_OBSERVADO,3.989314317528904,8.203589684793073,2.107137683632084,240.0,OK_CALIBRADO
2026-10-09,CONTAMANA,2.0,2026-10-08,2026-10-29,30,21,6.098930588466104,5.0064195771123,6.098930588466104,5.9,9.376463622527517,4.185030588466104,8.012830588466104,HIBRIDO_ANALOGO_CLIM,ANALOGO_ESTADO_V2_CONFORMAL,30,10,2.086217457056443,OK_ANALOGOS_CONTINUIDAD_CORREGIDA,1.0789594543955605,-1.0789594543955605,0.0,CORREGIDO_ANCLA_OBSERVADO,3.9917929048340195,8.206068272098188,2.107137683632084,240.0,OK_CALIBRADO
2026-10-09,CONTAMANA,2.0,2026-10-08,2026-10-30,30,22,6.083448514611037,4.98276399145939,6.083448514611037,5.9,9.385502084065978,4.147548514611036,8.019348514611037,HIBRIDO_ANALOGO_CLIM,ANALOGO_ESTADO_V2_CONFORMAL,30,10,2.086217457056443,OK_ANALOGOS_CONTINUIDAD_CORREGIDA,1.0789594543955605,-1.0789594543955605,0.0,CORREGIDO_ANCLA_OBSERVADO,3.976310830978953,8.190586198243121,2.107137683632084,240.0,OK_CALIBRADO
2026-10-09,CONTAMANA,2.0,2026-10-08,2026-10-31,30,23,6.06734215364598,4.953314484531623,6.06734215364598,5.9,9.409425160989054,4.172592153645981,7.962092153645981,HIBRIDO_ANALOGO_CLIM,ANALOGO_ESTADO_V2_CONFORMAL,30,10,2.086217457056443,OK_ANALOGOS_CONTINUIDAD_CORREGIDA,1.0789594543955605,-1.0789594543955605,0.0,CORREGIDO_ANCLA_OBSERVADO,3.9602044700138963,8.174479837278064,2.107137683632084,240.0,OK_CALIBRADO
2026-10-09,CONTAMANA,2.0,2026-10-08,2026-11-01,30,24,5.908160599433503,4.733674976350884,5.908160599433503,5.9,9.431617468681361,3.992510599433503,7.823810599433504,HIBRIDO_ANALOGO_CLIM,ANALOGO_ESTADO_V2_CONFORMAL,30,10,2.086217457056443,OK_ANALOGOS_CONTINUIDAD_CORREGIDA,1.0789594543955605,-1.0789594543955605,0.0,CORREGIDO_ANCLA_OBSERVADO,3.8010229158014193,8.015298283065587,2.107137683632084,240.0,OK_CALIBRADO
2026-10-09,CONTAMANA,2.0,2026-10-08,2026-11-02,30,25,5.908228049572449,4.704572602177169,5.908228049572449,5.9,9.519194391758287,3.939378049572448,7.877078049572448,HIBRIDO_ANALOGO_CLIM,ANALOGO_ESTADO_V2_CONFORMAL,30,10,2.086217457056443,OK_ANALOGOS_CONTINUIDAD_CORREGIDA,1.0789594543955605,-1.0789594543955605,0.0,CORREGIDO_ANCLA_OBSERVADO,3.8010903659403645,8.015365733204533,2.107137683632084,240.0,OK_CALIBRADO
2026-10-09,CONTAMANA,2.0,2026-10-08,2026-11-03,30,26,5.8829182730908745,4.65832623353507,5.8829182730908745,5.9,9.556694391758285,3.779068273090875,7.986768273090874,HIBRIDO_ANALOGO_CLIM,ANALOGO_ESTADO_V2_CONFORMAL,30,10,2.086217457056443,OK_ANALOGOS_CONTINUIDAD_CORREGIDA,1.0789594543955605,-1.0789594543955605,0.0,CORREGIDO_ANCLA_OBSERVADO,3.7757805894587904,7.9900559567229585,2.107137683632084,240.0,OK_CALIBRADO
2026-10-09,CONTAMANA,2.0,2026-10-08,2026-11-04,30,27,5.822320117194144,4.568310743621481,5.822320117194144,5.9,9.584348237912131,3.608470117194144,8.036170117194144,HIBRIDO_ANALOGO_CLIM,ANALOGO_ESTADO_V2_CONFORMAL,30,10,2.086217457056443,OK_ANALOGOS_CONTINUIDAD_CORREGIDA,1.0789594543955605,-1.0789594543955605,0.0,CORREGIDO_ANCLA_OBSERVADO,3.7151824335620596,7.929457800826228,2.107137683632084,240.0,OK_CALIBRADO
2026-10-09,CONTAMANA,2.0,2026-10-08,2026-11-05,30,28,5.800651026255231,4.535328878779854,5.800651026255231,5.9,9.596617468681362,3.5288010262552314,8.07250102625523,HIBRIDO_ANALOGO_CLIM,ANALOGO_ESTADO_V2_CONFORMAL,30,10,2.086217457056443,OK_ANALOGOS_CONTINUIDAD_CORREGIDA,1.0789594543955605,-1.0789594543955605,0.0,CORREGIDO_ANCLA_OBSERVADO,3.693513342623147,7.907788709887315,2.107137683632084,240.0,OK_CALIBRADO
2026-10-09,CONTAMANA,2.0,2026-10-08,2026-11-06,30,29,5.806278592881652,4.540845121461236,5.806278592881652,5.9,9.602579007142902,3.644678592881652,7.967878592881652,HIBRIDO_ANALOGO_CLIM,ANALOGO_ESTADO_V2_CONFORMAL,30,10,2.086217457056443,OK_ANALOGOS_CONTINUIDAD_CORREGIDA,1.0789594543955605,-1.0789594543955605,0.0,CORREGIDO_ANCLA_OBSERVADO,3.699140909249568,7.913416276513736,2.107137683632084,240.0,OK_CALIBRADO
2026-10-09,CONTAMANA,2.0,2026-10-08,2026-11-07,30,30,5.808333643453166,4.543200573505304,5.808333643453166,5.9,9.603732853296748,3.7084836434531656,7.908183643453166,HIBRIDO_ANALOGO_CLIM,ANALOGO_ESTADO_V2_CONFORMAL,30,10,2.086217457056443,OK_ANALOGOS_CONTINUIDAD_CORREGIDA,1.0789594543955605,-1.0789594543955605,0.0,CORREGIDO_ANCLA_OBSERVADO,3.7011959598210815,7.91547132708525,2.107137683632084,240.0,OK_CALIBRADO
2026-10-09,CONTAMANA,2.0,2026-10-08,2026-10-09,60,1,5.9,4.829909561721598,5.9,5.9,9.11027131483521,5.730500000000001,6.069500000000001,HIBRIDO_ANALOGO_CLIM,ANALOGO_ESTADO_V2_CONFORMAL,30,10,2.086217457056443,OK_ANALOGOS_CONTINUIDAD_CORREGIDA,1.0789594543955605,-1.0789594543955605,0.0,CORREGIDO_ANCLA_OBSERVADO,2.045807872921408,9.754192127078593,3.8541921270785924,480.0,OK_CALIBRADO
2026-10-09,CONTAMANA,2.0,2026-10-08,2026-10-10,60,2,5.936297666026183,4.875716706166763,5.936297666026183,5.9,9.11804054560444,5.601297666026183,6.271297666026183,HIBRIDO_ANALOGO_CLIM,ANALOGO_ESTADO_V2_CONFORMAL,30,10,2.086217457056443,OK_ANALOGOS_CONTINUIDAD_CORREGIDA,1.0789594543955605,-1.0789594543955605,0.0,CORREGIDO_ANCLA_OBSERVADO,2.082105538947591,9.790489793104776,3.8541921270785924,480.0,OK_CALIBRADO
2026-10-09,CONTAMANA,2.0,2026-10-08,2026-10-11,60,3,5.96843456543732,4.918578725894434,5.96843456543732,5.9,9.118002084065978,5.437184565437319,6.49968456543732,HIBRIDO_ANALOGO_CLIM,ANALOGO_ESTADO_V2_CONFORMAL,30,10,2.086217457056443,OK_ANALOGOS_CONTINUIDAD_CORREGIDA,1.0789594543955605,-1.0789594543955605,0.0,CORREGIDO_ANCLA_OBSERVADO,2.114242438358728,9.822626692515913,3.8541921270785924,480.0,OK_CALIBRADO
2026-10-09,CONTAMANA,2.0,2026-10-08,2026-10-12,60,4,5.977164675802771,4.922571437150934,5.977164675802771,5.9,9.140944391758284,5.331664675802772,6.6226646758027705,HIBRIDO_ANALOGO_CLIM,ANALOGO_ESTADO_V2_CONFORMAL,30,10,2.086217457056443,OK_ANALOGOS_CONTINUIDAD_CORREGIDA,1.0789594543955605,-1.0789594543955605,0.0,CORREGIDO_ANCLA_OBSERVADO,2.122972548724179,9.831356802881363,3.8541921270785924,480.0,OK_CALIBRADO
2026-10-09,CONTAMANA,2.0,2026-10-08,2026-10-13,60,5,5.932834992490995,4.856202372222411,5.932834992490995,5.9,9.162732853296747,5.330234992490995,6.535434992490995,HIBRIDO_ANALOGO_CLIM,ANALOGO_ESTADO_V2_CONFORMAL,30,10,2.086217457056443,OK_ANALOGOS_CONTINUIDAD_CORREGIDA,1.0789594543955605,-1.0789594543955605,0.0,CORREGIDO_ANCLA_OBSERVADO,2.0786428654124025,9.787027119569586,3.8541921270785924,480.0,OK_CALIBRADO
2026-10-09,CONTAMANA,2.0,2026-10-08,2026-10-14,60,6,5.878545994156621,4.778573451366323,5.878545994156621,5.9,9.178463622527516,5.36504599415662,6.392045994156621,HIBRIDO_ANALOGO_CLIM,ANALOGO_ESTADO_V2_CONFORMAL,30,10,2.086217457056443,OK_ANALOGOS_CONTINUIDAD_CORREGIDA,1.0789594543955605,-1.0789594543955605,0.0,CORREGIDO_ANCLA_OBSERVADO,2.0243538670780286,9.732738121235213,3.8541921270785924,480.0,OK_CALIBRADO
2026-10-09,CONTAMANA,2.0,2026-10-08,2026-10-15,60,7,5.782240883751635,4.649147406723778,5.782240883751635,5.9,9.181521314835209,5.303940883751634,6.260540883751635,HIBRIDO_ANALOGO_CLIM,ANALOGO_ESTADO_V2_CONFORMAL,30,10,2.086217457056443,OK_ANALOGOS_CONTINUIDAD_CORREGIDA,1.0789594543955605,-1.0789594543955605,0.0,CORREGIDO_ANCLA_OBSERVADO,1.9280487566730429,9.636433010830228,3.8541921270785924,480.0,OK_CALIBRADO
2026-10-09,CONTAMANA,2.0,2026-10-08,2026-10-16,60,8,5.690218174392404,4.521520973731983,5.690218174392404,5.9,9.196309776373669,5.199518174392404,6.180918174392405,HIBRIDO_ANALOGO_CLIM,ANALOGO_ESTADO_V2_CONFORMAL,30,10,2.086217457056443,OK_ANALOGOS_CONTINUIDAD_CORREGIDA,1.0789594543955605,-1.0789594543955605,0.0,CORREGIDO_ANCLA_OBSERVADO,1.836026047313812,9.544410301470997,3.8541921270785924,480.0,OK_CALIBRADO
2026-10-09,CONTAMANA,2.0,2026-10-08,2026-10-17,60,9,5.677177917723793,4.493031400737936,5.677177917723793,5.9,9.229617468681363,5.259977917723793,6.094377917723794,HIBRIDO_ANALOGO_CLIM,ANALOGO_ESTADO_V2_CONFORMAL,30,10,2.086217457056443,OK_ANALOGOS_CONTINUIDAD_CORREGIDA,1.0789594543955605,-1.0789594543955605,0.0,CORREGIDO_ANCLA_OBSERVADO,1.822985790645201,9.531370044802387,3.8541921270785924,480.0,OK_CALIBRADO
2026-10-09,CONTAMANA,2.0,2026-10-08,2026-10-18,60,10,5.690329666478224,4.504964501641281,5.690329666478224,5.9,9.246425160989054,5.200629666478224,6.180029666478225,HIBRIDO_ANALOGO_CLIM,ANALOGO_ESTADO_V2_CONFORMAL,30,10,2.086217457056443,OK_ANALOGOS_CONTINUIDAD_CORREGIDA,1.0789594543955605,-1.0789594543955605,0.0,CORREGIDO_ANCLA_OBSERVADO,1.8361375393996315,9.544521793556816,3.8541921270785924,480.0,OK_CALIBRADO
2026-10-09,CONTAMANA,2.0,2026-10-08,2026-10-19,60,11,5.709536488245703,4.529573597331253,5.709536488245703,5.9,9.249425160989055,5.054486488245703,6.3645864882457035,HIBRIDO_ANALOGO_CLIM,ANALOGO_ESTADO_V2_CONFORMAL,30,10,2.086217457056443,OK_ANALOGOS_CONTINUIDAD_CORREGIDA,1.0789594543955605,-1.0789594543955605,0.0,CORREGIDO_ANCLA_OBSERVADO,1.855344361167111,9.563728615324296,3.8541921270785924,480.0,OK_CALIBRADO
2026-10-09,CONTAMANA,2.0,2026-10-08,2026-10-20,60,12,5.7052690465828295,4.521082393062806,5.7052690465828295,5.9,9.257829007142902,4.961619046582829,6.448919046582829,HIBRIDO_ANALOGO_CLIM,ANALOGO_ESTADO_V2_CONFORMAL,30,10,2.086217457056443,OK_ANALOGOS_CONTINUIDAD_CORREGIDA,1.0789594543955605,-1.0789594543955605,0.0,CORREGIDO_ANCLA_OBSERVADO,1.8510769195042371,9.559461173661422,3.8541921270785924,480.0,OK_CALIBRADO
2026-10-09,CONTAMANA,2.0,2026-10-08,2026-10-21,60,13,5.7076462041270695,4.519001936455125,5.7076462041270695,5.9,9.273579007142901,4.869246204127069,6.5460462041270695,HIBRIDO_ANALOGO_CLIM,ANALOGO_ESTADO_V2_CONFORMAL,30,10,2.086217457056443,OK_ANALOGOS_CONTINUIDAD_CORREGIDA,1.0789594543955605,-1.0789594543955605,0.0,CORREGIDO_ANCLA_OBSERVADO,1.853454077048477,9.561838331205662,3.8541921270785924,480.0,OK_CALIBRADO
2026-10-09,CONTAMANA,2.0,2026-10-08,2026-10-22,60,14,5.7469043746705175,4.561269240769467,5.7469043746705175,5.9,9.30380977637367,4.766154374670518,6.727654374670517,HIBRIDO_ANALOGO_CLIM,ANALOGO_ESTADO_V2_CONFORMAL,30,10,2.086217457056443,OK_ANALOGOS_CONTINUIDAD_CORREGIDA,1.0789594543955605,-1.0789594543955605,0.0,CORREGIDO_ANCLA_OBSERVADO,1.8927122475919251,9.60109650174911,3.8541921270785924,480.0,OK_CALIBRADO
2026-10-09,CONTAMANA,2.0,2026-10-08,2026-10-23,60,15,5.76420698772343,4.580134263301555,5.76420698772343,5.9,9.316425160989054,4.74230698772343,6.7861069877234295,HIBRIDO_ANALOGO_CLIM,ANALOGO_ESTADO_V2_CONFORMAL,30,10,2.086217457056443,OK_ANALOGOS_CONTINUIDAD_CORREGIDA,1.0789594543955605,-1.0789594543955605,0.0,CORREGIDO_ANCLA_OBSERVADO,1.9100148606448375,9.618399114802022,3.8541921270785924,480.0,OK_CALIBRADO
2026-10-09,CONTAMANA,2.0,2026-10-08,2026-10-24,60,16,5.939723349588064,4.807361207326195,5.939723349588064,5.9,9.33680977637367,4.3268233495880635,7.552623349588064,HIBRIDO_ANALOGO_CLIM,ANALOGO_ESTADO_V2_CONFORMAL,30,10,2.086217457056443,OK_ANALOGOS_CONTINUIDAD_CORREGIDA,1.0789594543955605,-1.0789594543955605,0.0,CORREGIDO_ANCLA_OBSERVADO,2.0855312225094718,9.793915476666657,3.8541921270785924,480.0,OK_CALIBRADO
2026-10-09,CONTAMANA,2.0,2026-10-08,2026-10-25,60,17,6.049640663751708,4.9491612159546445,6.049640663751708,5.9,9.3510790071429,4.165490663751707,7.93379066375171,HIBRIDO_ANALOGO_CLIM,ANALOGO_ESTADO_V2_CONFORMAL,30,10,2.086217457056443,OK_ANALOGOS_CONTINUIDAD_CORREGIDA,1.0789594543955605,-1.0789594543955605,0.0,CORREGIDO_ANCLA_OBSERVADO,2.1954485366731156,9.9038327908303,3.8541921270785924,480.0,OK_CALIBRADO
2026-10-09,CONTAMANA,2.0,2026-10-08,2026-10-26,60,18,6.048436897049644,4.944504911633942,6.048436897049644,5.9,9.360232853296747,4.256786897049645,7.840086897049643,HIBRIDO_ANALOGO_CLIM,ANALOGO_ESTADO_V2_CONFORMAL,30,10,2.086217457056443,OK_ANALOGOS_CONTINUIDAD_CORREGIDA,1.0789594543955605,-1.0789594543955605,0.0,CORREGIDO_ANCLA_OBSERVADO,2.1942447699710517,9.902629024128236,3.8541921270785924,480.0,OK_CALIBRADO
2026-10-09,CONTAMANA,2.0,2026-10-08,2026-10-27,60,19,6.070034065633504,4.970031905643192,6.070034065633504,5.9,9.37004054560444,4.301034065633503,7.839034065633504,HIBRIDO_ANALOGO_CLIM,ANALOGO_ESTADO_V2_CONFORMAL,30,10,2.086217457056443,OK_ANALOGOS_CONTINUIDAD_CORREGIDA,1.0789594543955605,-1.0789594543955605,0.0,CORREGIDO_ANCLA_OBSERVADO,2.2158419385549113,9.924226192712096,3.8541921270785924,480.0,OK_CALIBRADO
2026-10-09,CONTAMANA,2.0,2026-10-08,2026-10-28,60,20,6.096452001160988,5.003358383782401,6.096452001160988,5.9,9.375732853296748,4.250152001160988,7.942752001160988,HIBRIDO_ANALOGO_CLIM,ANALOGO_ESTADO_V2_CONFORMAL,30,10,2.086217457056443,OK_ANALOGOS_CONTINUIDAD_CORREGIDA,1.0789594543955605,-1.0789594543955605,0.0,CORREGIDO_ANCLA_OBSERVADO,2.2422598740823956,9.950644128239581,3.8541921270785924,480.0,OK_CALIBRADO
2026-10-09,CONTAMANA,2.0,2026-10-08,2026-10-29,60,21,6.098930588466104,5.0064195771123,6.098930588466104,5.9,9.376463622527517,4.185030588466104,8.012830588466104,HIBRIDO_ANALOGO_CLIM,ANALOGO_ESTADO_V2_CONFORMAL,30,10,2.086217457056443,OK_ANALOGOS_CONTINUIDAD_CORREGIDA,1.0789594543955605,-1.0789594543955605,0.0,CORREGIDO_ANCLA_OBSERVADO,2.244738461387511,9.953122715544696,3.8541921270785924,480.0,OK_CALIBRADO
2026-10-09,CONTAMANA,2.0,2026-10-08,2026-10-30,60,22,6.083448514611037,4.98276399145939,6.083448514611037,5.9,9.385502084065978,4.147548514611036,8.019348514611037,HIBRIDO_ANALOGO_CLIM,ANALOGO_ESTADO_V2_CONFORMAL,30,10,2.086217457056443,OK_ANALOGOS_CONTINUIDAD_CORREGIDA,1.0789594543955605,-1.0789594543955605,0.0,CORREGIDO_ANCLA_OBSERVADO,2.2292563875324447,9.93764064168963,3.8541921270785924,480.0,OK_CALIBRADO
2026-10-09,CONTAMANA,2.0,2026-10-08,2026-10-31,60,23,6.06734215364598,4.953314484531623,6.06734215364598,5.9,9.409425160989054,4.172592153645981,7.962092153645981,HIBRIDO_ANALOGO_CLIM,ANALOGO_ESTADO_V2_CONFORMAL,30,10,2.086217457056443,OK_ANALOGOS_CONTINUIDAD_CORREGIDA,1.0789594543955605,-1.0789594543955605,0.0,CORREGIDO_ANCLA_OBSERVADO,2.213150026567388,9.921534280724572,3.8541921270785924,480.0,OK_CALIBRADO
2026-10-09,CONTAMANA,2.0,2026-10-08,2026-11-01,60,24,5.908160599433503,4.733674976350884,5.908160599433503,5.9,9.431617468681361,3.992510599433503,7.823810599433504,HIBRIDO_ANALOGO_CLIM,ANALOGO_ESTADO_V2_CONFORMAL,30,10,2.086217457056443,OK_ANALOGOS_CONTINUIDAD_CORREGIDA,1.0789594543955605,-1.0789594543955605,0.0,CORREGIDO_ANCLA_OBSERVADO,2.053968472354911,9.762352726512095,3.8541921270785924,480.0,OK_CALIBRADO
2026-10-09,CONTAMANA,2.0,2026-10-08,2026-11-02,60,25,5.908228049572449,4.704572602177169,5.908228049572449,5.9,9.519194391758287,3.939378049572448,7.877078049572448,HIBRIDO_ANALOGO_CLIM,ANALOGO_ESTADO_V2_CONFORMAL,30,10,2.086217457056443,OK_ANALOGOS_CONTINUIDAD_CORREGIDA,1.0789594543955605,-1.0789594543955605,0.0,CORREGIDO_ANCLA_OBSERVADO,2.0540359224938562,9.762420176651041,3.8541921270785924,480.0,OK_CALIBRADO
2026-10-09,CONTAMANA,2.0,2026-10-08,2026-11-03,60,26,5.8829182730908745,4.65832623353507,5.8829182730908745,5.9,9.556694391758285,3.779068273090875,7.986768273090874,HIBRIDO_ANALOGO_CLIM,ANALOGO_ESTADO_V2_CONFORMAL,30,10,2.086217457056443,OK_ANALOGOS_CONTINUIDAD_CORREGIDA,1.0789594543955605,-1.0789594543955605,0.0,CORREGIDO_ANCLA_OBSERVADO,2.028726146012282,9.737110400169467,3.8541921270785924,480.0,OK_CALIBRADO
2026-10-09,CONTAMANA,2.0,2026-10-08,2026-11-04,60,27,5.822320117194144,4.568310743621481,5.822320117194144,5.9,9.584348237912131,3.608470117194144,8.036170117194144,HIBRIDO_ANALOGO_CLIM,ANALOGO_ESTADO_V2_CONFORMAL,30,10,2.086217457056443,OK_ANALOGOS_CONTINUIDAD_CORREGIDA,1.0789594543955605,-1.0789594543955605,0.0,CORREGIDO_ANCLA_OBSERVADO,1.9681279901155513,9.676512244272736,3.8541921270785924,480.0,OK_CALIBRADO
2026-10-09,CONTAMANA,2.0,2026-10-08,2026-11-05,60,28,5.800651026255231,4.535328878779854,5.800651026255231,5.9,9.596617468681362,3.5288010262552314,8.07250102625523,HIBRIDO_ANALOGO_CLIM,ANALOGO_ESTADO_V2_CONFORMAL,30,10,2.086217457056443,OK_ANALOGOS_CONTINUIDAD_CORREGIDA,1.0789594543955605,-1.0789594543955605,0.0,CORREGIDO_ANCLA_OBSERVADO,1.9464588991766387,9.654843153333823,3.8541921270785924,480.0,OK_CALIBRADO
2026-10-09,CONTAMANA,2.0,2026-10-08,2026-11-06,60,29,5.806278592881652,4.540845121461236,5.806278592881652,5.9,9.602579007142902,3.644678592881652,7.967878592881652,HIBRIDO_ANALOGO_CLIM,ANALOGO_ESTADO_V2_CONFORMAL,30,10,2.086217457056443,OK_ANALOGOS_CONTINUIDAD_CORREGIDA,1.0789594543955605,-1.0789594543955605,0.0,CORREGIDO_ANCLA_OBSERVADO,1.9520864658030597,9.660470719960244,3.8541921270785924,480.0,OK_CALIBRADO
2026-10-09,CONTAMANA,2.0,2026-10-08,2026-11-07,60,30,5.808333643453166,4.543200573505304,5.808333643453166,5.9,9.603732853296748,3.7084836434531656,7.908183643453166,HIBRIDO_ANALOGO_CLIM,ANALOGO_ESTADO_V2_CONFORMAL,30,10,2.086217457056443,OK_ANALOGOS_CONTINUIDAD_CORREGIDA,1.0789594543955605,-1.0789594543955605,0.0,CORREGIDO_ANCLA_OBSERVADO,1.9541415163745732,9.662525770531758,3.8541921270785924,480.0,OK_CALIBRADO
2026-10-09,CONTAMANA,2.0,2026-10-08,2026-11-08,60,31,5.847458291266657,4.541102501726356,5.847458291266657,5.9,9.597963622527518,3.8326082912666557,7.862308291266656,HIBRIDO_ANALOGO_CLIM,ANALOGO_ESTADO_V2_CONFORMAL,30,10,2.086217457056443,OK_ANALOGOS_CONTINUIDAD_CORREGIDA,1.0789594543955605,-1.0789594543955605,0.0,CORREGIDO_ANCLA_OBSERVADO,1.9932661641880642,9.701650418345249,3.8541921270785924,480.0,OK_CALIBRADO
2026-10-09,CONTAMANA,2.0,2026-10-08,2026-11-09,60,32,5.884525162960609,4.538526562278937,5.884525162960609,5.9,9.586021314835207,3.9561751629606086,7.812875162960609,HIBRIDO_ANALOGO_CLIM,ANALOGO_ESTADO_V2_CONFORMAL,30,10,2.086217457056443,OK_ANALOGOS_CONTINUIDAD_CORREGIDA,1.0789594543955605,-1.0789594543955605,0.0,CORREGIDO_ANCLA_OBSERVADO,2.030333035882016,9.738717290039201,3.8541921270785924,480.0,OK_CALIBRADO
2026-10-09,CONTAMANA,2.0,2026-10-08,2026-11-10,60,33,5.889932965083753,4.496714439846463,5.889932965083753,5.9,9.562963622527516,3.873332965083753,7.906532965083754,HIBRIDO_ANALOGO_CLIM,ANALOGO_ESTADO_V2_CONFORMAL,30,10,2.086217457056443,OK_ANALOGOS_CONTINUIDAD_CORREGIDA,1.0789594543955605,-1.0789594543955605,0.0,CORREGIDO_ANCLA_OBSERVADO,2.035740838005161,9.744125092162346,3.8541921270785924,480.0,OK_CALIBRADO
2026-10-09,CONTAMANA,2.0,2026-10-08,2026-11-11,60,34,5.933115174218633,4.507410331506176,5.933115174218633,5.9,9.53930977637367,3.9296151742186334,7.936615174218632,HIBRIDO_ANALOGO_CLIM,ANALOGO_ESTADO_V2_CONFORMAL,30,10,2.086217457056443,OK_ANALOGOS_CONTINUIDAD_CORREGIDA,1.0789594543955605,-1.0789594543955605,0.0,CORREGIDO_ANCLA_OBSERVADO,2.078923047140041,9.787307301297226,3.8541921270785924,480.0,OK_CALIBRADO
2026-10-09,CONTAMANA,2.0,2026-10-08,2026-11-12,60,35,6.023578121235941,4.585584543781039,6.023578121235941,5.9,9.515848237912131,3.916928121235941,8.130228121235941,HIBRIDO_ANALOGO_CLIM,ANALOGO_ESTADO_V2_CONFORMAL,30,10,2.086217457056443,OK_ANALOGOS_CONTINUIDAD_CORREGIDA,1.0789594543955605,-1.0789594543955605,0.0,CORREGIDO_ANCLA_OBSERVADO,2.1693859941573486,9.877770248314533,3.8541921270785924,480.0,OK_CALIBRADO
2026-10-09,CONTAMANA,2.0,2026-10-08,2026-11-13,60,36,6.134588864309296,4.692186495402586,6.134588864309296,5.9,9.500194391758285,3.768788864309297,8.500388864309295,HIBRIDO_ANALOGO_CLIM,ANALOGO_ESTADO_V2_CONFORMAL,30,10,2.086217457056443,OK_ANALOGOS_CONTINUIDAD_CORREGIDA,1.0789594543955605,-1.0789594543955605,0.0,CORREGIDO_ANCLA_OBSERVADO,2.2803967372307037,9.988780991387888,3.8541921270785924,480.0,OK_CALIBRADO
2026-10-09,CONTAMANA,2.0,2026-10-08,2026-11-14,60,37,6.2247570346405015,4.768840103432295,6.2247570346405015,5.9,9.490732853296748,3.7026070346405024,8.746907034640502,HIBRIDO_ANALOGO_CLIM,ANALOGO_ESTADO_V2_CONFORMAL,30,10,2.086217457056443,OK_ANALOGOS_CONTINUIDAD_CORREGIDA,1.0789594543955605,-1.0789594543955605,0.0,CORREGIDO_ANCLA_OBSERVADO,2.370564907561909,10.078949161719095,3.8541921270785924,480.0,OK_CALIBRADO
2026-10-09,CONTAMANA,2.0,2026-10-08,2026-11-15,60,38,6.28101516765584,4.789485583503301,6.28101516765584,5.9,9.4995790071429,3.6844151676558408,8.87761516765584,HIBRIDO_ANALOGO_CLIM,ANALOGO_ESTADO_V2_CONFORMAL,30,10,2.086217457056443,OK_ANALOGOS_CONTINUIDAD_CORREGIDA,1.0789594543955605,-1.0789594543955605,0.0,CORREGIDO_ANCLA_OBSERVADO,2.426823040577248,10.135207294734432,3.8541921270785924,480.0,OK_CALIBRADO
2026-10-09,CONTAMANA,2.0,2026-10-08,2026-11-16,60,39,6.910156875535373,5.627690664020638,6.910156875535373,5.9,9.573740545604439,3.697456875535373,10.122856875535373,HIBRIDO_ANALOGO_CLIM,ANALOGO_ESTADO_V2_CONFORMAL,30,10,2.086217457056443,OK_ANALOGOS_CONTINUIDAD_CORREGIDA,1.0789594543955605,-1.0789594543955605,0.0,CORREGIDO_ANCLA_OBSERVADO,3.0559647484567805,10.764349002613965,3.8541921270785924,480.0,OK_CALIBRADO
2026-10-09,CONTAMANA,2.0,2026-10-08,2026-11-17,60,40,6.930541827083346,5.679100160130491,6.930541827083346,5.9,9.433425160989055,3.7568918270833453,10.104191827083346,HIBRIDO_ANALOGO_CLIM,ANALOGO_ESTADO_V2_CONFORMAL,30,10,2.086217457056443,OK_ANALOGOS_CONTINUIDAD_CORREGIDA,1.0789594543955605,-1.0789594543955605,0.0,CORREGIDO_ANCLA_OBSERVADO,3.0763497000047533,10.784733954161938,3.8541921270785924,480.0,OK_CALIBRADO
2026-10-09,CONTAMANA,2.0,2026-10-08,2026-11-18,60,41,7.050005619938863,5.728022936998501,7.050005619938863,5.9,9.59724054560444,3.8800056199388635,10.220005619938862,HIBRIDO_ANALOGO_CLIM,ANALOGO_ESTADO_V2_CONFORMAL,30,10,2.086217457056443,OK_ANALOGOS_CONTINUIDAD_CORREGIDA,1.0789594543955605,-1.0789594543955605,0.0,CORREGIDO_ANCLA_OBSERVADO,3.195813492860271,10.904197747017456,3.8541921270785924,480.0,OK_CALIBRADO
2026-10-09,CONTAMANA,2.0,2026-10-08,2026-11-19,60,42,7.108724680209585,5.8038830012099885,7.108724680209585,5.9,9.532002084065978,3.880849680209586,10.336599680209584,HIBRIDO_ANALOGO_CLIM,ANALOGO_ESTADO_V2_CONFORMAL,30,10,2.086217457056443,OK_ANALOGOS_CONTINUIDAD_CORREGIDA,1.0789594543955605,-1.0789594543955605,0.0,CORREGIDO_ANCLA_OBSERVADO,3.2545325531309928,10.962916807288178,3.8541921270785924,480.0,OK_CALIBRADO
2026-10-09,CONTAMANA,2.0,2026-10-08,2026-11-20,60,43,7.163532162168773,5.854626381608792,7.163532162168773,5.9,9.507386699450594,3.866907162168773,10.460157162168771,HIBRIDO_ANALOGO_CLIM,ANALOGO_ESTADO_V2_CONFORMAL,30,10,2.086217457056443,OK_ANALOGOS_CONTINUIDAD_CORREGIDA,1.0789594543955605,-1.0789594543955605,0.0,CORREGIDO_ANCLA_OBSERVADO,3.3093400350901803,11.017724289247365,3.8541921270785924,480.0,OK_CALIBRADO
2026-10-09,CONTAMANA,2.0,2026-10-08,2026-11-21,60,44,7.189336889465894,5.830881088543579,7.189336889465894,5.9,9.53576054560444,3.853086889465893,10.525586889465893,HIBRIDO_ANALOGO_CLIM,ANALOGO_ESTADO_V2_CONFORMAL,30,10,2.086217457056443,OK_ANALOGOS_CONTINUIDAD_CORREGIDA,1.0789594543955605,-1.0789594543955605,0.0,CORREGIDO_ANCLA_OBSERVADO,3.3351447623873014,11.043529016544486,3.8541921270785924,480.0,OK_CALIBRADO
2026-10-09,CONTAMANA,2.0,2026-10-08,2026-11-22,60,45,7.177609110509117,5.780478249451924,7.177609110509117,5.9,9.50616054560444,3.8228591105091168,10.532359110509116,HIBRIDO_ANALOGO_CLIM,ANALOGO_ESTADO_V2_CONFORMAL,30,10,2.086217457056443,OK_ANALOGOS_CONTINUIDAD_CORREGIDA,1.0789594543955605,-1.0789594543955605,0.0,CORREGIDO_ANCLA_OBSERVADO,3.3234169834305245,11.03180123758771,3.8541921270785924,480.0,OK_CALIBRADO
2026-10-09,CONTAMANA,2.0,2026-10-08,2026-11-23,60,46,7.150206567182911,5.702478418434396,7.150206567182911,5.9,9.479160545604438,3.7629565671829113,10.537456567182911,HIBRIDO_ANALOGO_CLIM,ANALOGO_ESTADO_V2_CONFORMAL,30,10,2.086217457056443,OK_ANALOGOS_CONTINUIDAD_CORREGIDA,1.0789594543955605,-1.0789594543955605,0.0,CORREGIDO_ANCLA_OBSERVADO,3.2960144401043188,11.004398694261504,3.8541921270785924,480.0,OK_CALIBRADO
2026-10-09,CONTAMANA,2.0,2026-10-08,2026-11-24,60,47,7.19536656124839,5.743752900087646,7.19536656124839,5.9,9.45000054560444,3.73836656124839,10.65236656124839,HIBRIDO_ANALOGO_CLIM,ANALOGO_ESTADO_V2_CONFORMAL,30,10,2.086217457056443,OK_ANALOGOS_CONTINUIDAD_CORREGIDA,1.0789594543955605,-1.0789594543955605,0.0,CORREGIDO_ANCLA_OBSERVADO,3.3411744341697975,11.049558688326982,3.8541921270785924,480.0,OK_CALIBRADO
2026-10-09,CONTAMANA,2.0,2026-10-08,2026-11-25,60,48,7.233210482061578,5.784150439699671,7.233210482061578,5.9,9.40680054560444,3.670960482061578,10.795460482061578,HIBRIDO_ANALOGO_CLIM,ANALOGO_ESTADO_V2_CONFORMAL,30,10,2.086217457056443,OK_ANALOGOS_CONTINUIDAD_CORREGIDA,1.0789594543955605,-1.0789594543955605,0.0,CORREGIDO_ANCLA_OBSERVADO,3.3790183549829855,11.08740260914017,3.8541921270785924,480.0,OK_CALIBRADO
2026-10-09,CONTAMANA,2.0,2026-10-08,2026-11-26,60,49,7.3162291323853434,5.901984635938364,7.3162291323853434,5.9,9.36544054560444,3.652979132385343,10.979479132385343,HIBRIDO_ANALOGO_CLIM,ANALOGO_ESTADO_V2_CONFORMAL,30,10,2.086217457056443,OK_ANALOGOS_CONTINUIDAD_CORREGIDA,1.0789594543955605,-1.0789594543955605,0.0,CORREGIDO_ANCLA_OBSERVADO,3.462037005306751,11.170421259463936,3.8541921270785924,480.0,OK_CALIBRADO
2026-10-09,CONTAMANA,2.0,2026-10-08,2026-11-27,60,50,7.391481096379719,6.01879577550492,7.391481096379719,5.9,9.31324054560444,3.6569810963797185,11.12598109637972,HIBRIDO_ANALOGO_CLIM,ANALOGO_ESTADO_V2_CONFORMAL,30,10,2.086217457056443,OK_ANALOGOS_CONTINUIDAD_CORREGIDA,1.0789594543955605,-1.0789594543955605,0.0,CORREGIDO_ANCLA_OBSERVADO,3.5372889693011267,11.245673223458311,3.8541921270785924,480.0,OK_CALIBRADO
2026-10-09,CONTAMANA,2.0,2026-10-08,2026-11-28,60,51,7.437040150169693,6.0875355100657496,7.437040150169693,5.9,9.26284054560444,3.654040150169693,11.220040150169693,HIBRIDO_ANALOGO_CLIM,ANALOGO_ESTADO_V2_CONFORMAL,30,10,2.086217457056443,OK_ANALOGOS_CONTINUIDAD_CORREGIDA,1.0789594543955605,-1.0789594543955605,0.0,CORREGIDO_ANCLA_OBSERVADO,3.582848023091101,11.291232277248286,3.8541921270785924,480.0,OK_CALIBRADO
2026-10-09,CONTAMANA,2.0,2026-10-08,2026-11-29,60,52,7.48666395796287,6.14685597917814,7.48666395796287,5.9,9.23872054560444,3.649413957962871,11.323913957962871,HIBRIDO_ANALOGO_CLIM,ANALOGO_ESTADO_V2_CONFORMAL,30,10,2.086217457056443,OK_ANALOGOS_CONTINUIDAD_CORREGIDA,1.0789594543955605,-1.0789594543955605,0.0,CORREGIDO_ANCLA_OBSERVADO,3.6324718308842776,11.340856085041462,3.8541921270785924,480.0,OK_CALIBRADO
2026-10-09,CONTAMANA,2.0,2026-10-08,2026-11-30,60,53,7.541180330043771,6.207526129674886,7.541180330043771,5.9,9.22712054560444,3.631305330043771,11.45105533004377,HIBRIDO_ANALOGO_CLIM,ANALOGO_ESTADO_V2_CONFORMAL,30,10,2.086217457056443,OK_ANALOGOS_CONTINUIDAD_CORREGIDA,1.0789594543955605,-1.0789594543955605,0.0,CORREGIDO_ANCLA_OBSERVADO,3.6869882029651784,11.395372457122363,3.8541921270785924,480.0,OK_CALIBRADO
2026-10-09,CONTAMANA,2.0,2026-10-08,2026-12-01,60,54,7.592654473826327,6.2722185969169635,7.592654473826327,5.9,9.20652054560444,3.6377794738263276,11.547529473826328,HIBRIDO_ANALOGO_CLIM,ANALOGO_ESTADO_V2_CONFORMAL,30,10,2.086217457056443,OK_ANALOGOS_CONTINUIDAD_CORREGIDA,1.0789594543955605,-1.0789594543955605,0.0,CORREGIDO_ANCLA_OBSERVADO,3.7384623467477347,11.44684660090492,3.8541921270785924,480.0,OK_CALIBRADO
2026-10-09,CONTAMANA,2.0,2026-10-08,2026-12-02,60,55,7.609994041335069,6.268496230030219,7.609994041335069,5.9,9.19540054560444,3.6249940413350688,11.594994041335069,HIBRIDO_ANALOGO_CLIM,ANALOGO_ESTADO_V2_CONFORMAL,30,10,2.086217457056443,OK_ANALOGOS_CONTINUIDAD_CORREGIDA,1.0789594543955605,-1.0789594543955605,0.0,CORREGIDO_ANCLA_OBSERVADO,3.7558019142564767,11.464186168413661,3.8541921270785924,480.0,OK_CALIBRADO
2026-10-09,CONTAMANA,2.0,2026-10-08,2026-12-03,60,56,7.625204990250722,6.397925802393142,7.625204990250722,5.9,9.02780977637367,3.5031049902507236,11.747304990250722,HIBRIDO_ANALOGO_CLIM,ANALOGO_ESTADO_V2_CONFORMAL,30,10,2.086217457056443,OK_ANALOGOS_CONTINUIDAD_CORREGIDA,1.0789594543955605,-1.0789594543955605,0.0,CORREGIDO_ANCLA_OBSERVADO,3.77101286317213,11.479397117329315,3.8541921270785924,480.0,OK_CALIBRADO
2026-10-09,CONTAMANA,2.0,2026-10-08,2026-12-04,60,57,7.657904826504394,6.433325989076881,7.657904826504394,5.9,9.011386699450593,3.4884048265043948,11.827404826504393,HIBRIDO_ANALOGO_CLIM,ANALOGO_ESTADO_V2_CONFORMAL,30,10,2.086217457056443,OK_ANALOGOS_CONTINUIDAD_CORREGIDA,1.0789594543955605,-1.0789594543955605,0.0,CORREGIDO_ANCLA_OBSERVADO,3.8037126994258017,11.512096953582986,3.8541921270785924,480.0,OK_CALIBRADO
2026-10-09,CONTAMANA,2.0,2026-10-08,2026-12-05,60,58,7.786845337563873,6.695384807957687,7.786845337563873,5.9,8.953579007142901,2.834745337563874,12.738945337563873,HIBRIDO_ANALOGO_CLIM,ANALOGO_ESTADO_V2_CONFORMAL,30,10,2.086217457056443,OK_ANALOGOS_CONTINUIDAD_CORREGIDA,1.0789594543955605,-1.0789594543955605,0.0,CORREGIDO_ANCLA_OBSERVADO,3.932653210485281,11.641037464642466,3.8541921270785924,480.0,OK_CALIBRADO
2026-10-09,CONTAMANA,2.0,2026-10-08,2026-12-06,60,59,7.7840516680031815,6.721430017158082,7.7840516680031815,5.9,8.882694391758285,2.920051668003181,12.648051668003182,HIBRIDO_ANALOGO_CLIM,ANALOGO_ESTADO_V2_CONFORMAL,30,10,2.086217457056443,OK_ANALOGOS_CONTINUIDAD_CORREGIDA,1.0789594543955605,-1.0789594543955605,0.0,CORREGIDO_ANCLA_OBSERVADO,3.929859540924589,11.638243795081774,3.8541921270785924,480.0,OK_CALIBRADO
2026-10-09,CONTAMANA,2.0,2026-10-08,2026-12-07,60,60,7.819452759767868,6.813595743162066,7.819452759767868,5.9,8.825309776373672,2.946102759767868,12.692802759767869,HIBRIDO_ANALOGO_CLIM,ANALOGO_ESTADO_V2_CONFORMAL,30,10,2.086217457056443,OK_ANALOGOS_CONTINUIDAD_CORREGIDA,1.0789594543955605,-1.0789594543955605,0.0,CORREGIDO_ANCLA_OBSERVADO,3.965260632689276,11.67364488684646,3.8541921270785924,480.0,OK_CALIBRADO
2026-10-09,CONTAMANA,2.0,2026-10-08,2026-10-09,90,1,5.9,4.829909561721598,5.9,5.9,9.11027131483521,5.730500000000001,6.069500000000001,HIBRIDO_ANALOGO_CLIM,ANALOGO_ESTADO_V2_CONFORMAL,30,10,2.086217457056443,OK_ANALOGOS_CONTINUIDAD_CORREGIDA,1.0789594543955605,-1.0789594543955605,0.0,CORREGIDO_ANCLA_OBSERVADO,1.2979576296515223,10.502042370348478,4.602042370348478,720.0,OK_CALIBRADO
2026-10-09,CONTAMANA,2.0,2026-10-08,2026-10-10,90,2,5.936297666026183,4.875716706166763,5.936297666026183,5.9,9.11804054560444,5.601297666026183,6.271297666026183,HIBRIDO_ANALOGO_CLIM,ANALOGO_ESTADO_V2_CONFORMAL,30,10,2.086217457056443,OK_ANALOGOS_CONTINUIDAD_CORREGIDA,1.0789594543955605,-1.0789594543955605,0.0,CORREGIDO_ANCLA_OBSERVADO,1.3342552956777052,10.538340036374661,4.602042370348478,720.0,OK_CALIBRADO
2026-10-09,CONTAMANA,2.0,2026-10-08,2026-10-11,90,3,5.96843456543732,4.918578725894434,5.96843456543732,5.9,9.118002084065978,5.437184565437319,6.49968456543732,HIBRIDO_ANALOGO_CLIM,ANALOGO_ESTADO_V2_CONFORMAL,30,10,2.086217457056443,OK_ANALOGOS_CONTINUIDAD_CORREGIDA,1.0789594543955605,-1.0789594543955605,0.0,CORREGIDO_ANCLA_OBSERVADO,1.3663921950888422,10.570476935785798,4.602042370348478,720.0,OK_CALIBRADO
2026-10-09,CONTAMANA,2.0,2026-10-08,2026-10-12,90,4,5.977164675802771,4.922571437150934,5.977164675802771,5.9,9.140944391758284,5.331664675802772,6.6226646758027705,HIBRIDO_ANALOGO_CLIM,ANALOGO_ESTADO_V2_CONFORMAL,30,10,2.086217457056443,OK_ANALOGOS_CONTINUIDAD_CORREGIDA,1.0789594543955605,-1.0789594543955605,0.0,CORREGIDO_ANCLA_OBSERVADO,1.3751223054542931,10.57920704615125,4.602042370348478,720.0,OK_CALIBRADO
2026-10-09,CONTAMANA,2.0,2026-10-08,2026-10-13,90,5,5.932834992490995,4.856202372222411,5.932834992490995,5.9,9.162732853296747,5.330234992490995,6.535434992490995,HIBRIDO_ANALOGO_CLIM,ANALOGO_ESTADO_V2_CONFORMAL,30,10,2.086217457056443,OK_ANALOGOS_CONTINUIDAD_CORREGIDA,1.0789594543955605,-1.0789594543955605,0.0,CORREGIDO_ANCLA_OBSERVADO,1.3307926221425168,10.534877362839474,4.602042370348478,720.0,OK_CALIBRADO
2026-10-09,CONTAMANA,2.0,2026-10-08,2026-10-14,90,6,5.878545994156621,4.778573451366323,5.878545994156621,5.9,9.178463622527516,5.36504599415662,6.392045994156621,HIBRIDO_ANALOGO_CLIM,ANALOGO_ESTADO_V2_CONFORMAL,30,10,2.086217457056443,OK_ANALOGOS_CONTINUIDAD_CORREGIDA,1.0789594543955605,-1.0789594543955605,0.0,CORREGIDO_ANCLA_OBSERVADO,1.2765036238081429,10.480588364505099,4.602042370348478,720.0,OK_CALIBRADO
2026-10-09,CONTAMANA,2.0,2026-10-08,2026-10-15,90,7,5.782240883751635,4.649147406723778,5.782240883751635,5.9,9.181521314835209,5.303940883751634,6.260540883751635,HIBRIDO_ANALOGO_CLIM,ANALOGO_ESTADO_V2_CONFORMAL,30,10,2.086217457056443,OK_ANALOGOS_CONTINUIDAD_CORREGIDA,1.0789594543955605,-1.0789594543955605,0.0,CORREGIDO_ANCLA_OBSERVADO,1.1801985134031572,10.384283254100113,4.602042370348478,720.0,OK_CALIBRADO
2026-10-09,CONTAMANA,2.0,2026-10-08,2026-10-16,90,8,5.690218174392404,4.521520973731983,5.690218174392404,5.9,9.196309776373669,5.199518174392404,6.180918174392405,HIBRIDO_ANALOGO_CLIM,ANALOGO_ESTADO_V2_CONFORMAL,30,10,2.086217457056443,OK_ANALOGOS_CONTINUIDAD_CORREGIDA,1.0789594543955605,-1.0789594543955605,0.0,CORREGIDO_ANCLA_OBSERVADO,1.0881758040439262,10.292260544740882,4.602042370348478,720.0,OK_CALIBRADO
2026-10-09,CONTAMANA,2.0,2026-10-08,2026-10-17,90,9,5.677177917723793,4.493031400737936,5.677177917723793,5.9,9.229617468681363,5.259977917723793,6.094377917723794,HIBRIDO_ANALOGO_CLIM,ANALOGO_ESTADO_V2_CONFORMAL,30,10,2.086217457056443,OK_ANALOGOS_CONTINUIDAD_CORREGIDA,1.0789594543955605,-1.0789594543955605,0.0,CORREGIDO_ANCLA_OBSERVADO,1.0751355473753152,10.27922028807227,4.602042370348478,720.0,OK_CALIBRADO
2026-10-09,CONTAMANA,2.0,2026-10-08,2026-10-18,90,10,5.690329666478224,4.504964501641281,5.690329666478224,5.9,9.246425160989054,5.200629666478224,6.180029666478225,HIBRIDO_ANALOGO_CLIM,ANALOGO_ESTADO_V2_CONFORMAL,30,10,2.086217457056443,OK_ANALOGOS_CONTINUIDAD_CORREGIDA,1.0789594543955605,-1.0789594543955605,0.0,CORREGIDO_ANCLA_OBSERVADO,1.0882872961297458,10.292372036826702,4.602042370348478,720.0,OK_CALIBRADO
2026-10-09,CONTAMANA,2.0,2026-10-08,2026-10-19,90,11,5.709536488245703,4.529573597331253,5.709536488245703,5.9,9.249425160989055,5.054486488245703,6.3645864882457035,HIBRIDO_ANALOGO_CLIM,ANALOGO_ESTADO_V2_CONFORMAL,30,10,2.086217457056443,OK_ANALOGOS_CONTINUIDAD_CORREGIDA,1.0789594543955605,-1.0789594543955605,0.0,CORREGIDO_ANCLA_OBSERVADO,1.1074941178972253,10.311578858594181,4.602042370348478,720.0,OK_CALIBRADO
2026-10-09,CONTAMANA,2.0,2026-10-08,2026-10-20,90,12,5.7052690465828295,4.521082393062806,5.7052690465828295,5.9,9.257829007142902,4.961619046582829,6.448919046582829,HIBRIDO_ANALOGO_CLIM,ANALOGO_ESTADO_V2_CONFORMAL,30,10,2.086217457056443,OK_ANALOGOS_CONTINUIDAD_CORREGIDA,1.0789594543955605,-1.0789594543955605,0.0,CORREGIDO_ANCLA_OBSERVADO,1.1032266762343514,10.307311416931308,4.602042370348478,720.0,OK_CALIBRADO
2026-10-09,CONTAMANA,2.0,2026-10-08,2026-10-21,90,13,5.7076462041270695,4.519001936455125,5.7076462041270695,5.9,9.273579007142901,4.869246204127069,6.5460462041270695,HIBRIDO_ANALOGO_CLIM,ANALOGO_ESTADO_V2_CONFORMAL,30,10,2.086217457056443,OK_ANALOGOS_CONTINUIDAD_CORREGIDA,1.0789594543955605,-1.0789594543955605,0.0,CORREGIDO_ANCLA_OBSERVADO,1.1056038337785914,10.309688574475548,4.602042370348478,720.0,OK_CALIBRADO
2026-10-09,CONTAMANA,2.0,2026-10-08,2026-10-22,90,14,5.7469043746705175,4.561269240769467,5.7469043746705175,5.9,9.30380977637367,4.766154374670518,6.727654374670517,HIBRIDO_ANALOGO_CLIM,ANALOGO_ESTADO_V2_CONFORMAL,30,10,2.086217457056443,OK_ANALOGOS_CONTINUIDAD_CORREGIDA,1.0789594543955605,-1.0789594543955605,0.0,CORREGIDO_ANCLA_OBSERVADO,1.1448620043220394,10.348946745018996,4.602042370348478,720.0,OK_CALIBRADO
2026-10-09,CONTAMANA,2.0,2026-10-08,2026-10-23,90,15,5.76420698772343,4.580134263301555,5.76420698772343,5.9,9.316425160989054,4.74230698772343,6.7861069877234295,HIBRIDO_ANALOGO_CLIM,ANALOGO_ESTADO_V2_CONFORMAL,30,10,2.086217457056443,OK_ANALOGOS_CONTINUIDAD_CORREGIDA,1.0789594543955605,-1.0789594543955605,0.0,CORREGIDO_ANCLA_OBSERVADO,1.1621646173749518,10.366249358071908,4.602042370348478,720.0,OK_CALIBRADO
2026-10-09,CONTAMANA,2.0,2026-10-08,2026-10-24,90,16,5.939723349588064,4.807361207326195,5.939723349588064,5.9,9.33680977637367,4.3268233495880635,7.552623349588064,HIBRIDO_ANALOGO_CLIM,ANALOGO_ESTADO_V2_CONFORMAL,30,10,2.086217457056443,OK_ANALOGOS_CONTINUIDAD_CORREGIDA,1.0789594543955605,-1.0789594543955605,0.0,CORREGIDO_ANCLA_OBSERVADO,1.337680979239586,10.541765719936542,4.602042370348478,720.0,OK_CALIBRADO
2026-10-09,CONTAMANA,2.0,2026-10-08,2026-10-25,90,17,6.049640663751708,4.9491612159546445,6.049640663751708,5.9,9.3510790071429,4.165490663751707,7.93379066375171,HIBRIDO_ANALOGO_CLIM,ANALOGO_ESTADO_V2_CONFORMAL,30,10,2.086217457056443,OK_ANALOGOS_CONTINUIDAD_CORREGIDA,1.0789594543955605,-1.0789594543955605,0.0,CORREGIDO_ANCLA_OBSERVADO,1.4475982934032299,10.651683034100186,4.602042370348478,720.0,OK_CALIBRADO
2026-10-09,CONTAMANA,2.0,2026-10-08,2026-10-26,90,18,6.048436897049644,4.944504911633942,6.048436897049644,5.9,9.360232853296747,4.256786897049645,7.840086897049643,HIBRIDO_ANALOGO_CLIM,ANALOGO_ESTADO_V2_CONFORMAL,30,10,2.086217457056443,OK_ANALOGOS_CONTINUIDAD_CORREGIDA,1.0789594543955605,-1.0789594543955605,0.0,CORREGIDO_ANCLA_OBSERVADO,1.446394526701166,10.650479267398122,4.602042370348478,720.0,OK_CALIBRADO
2026-10-09,CONTAMANA,2.0,2026-10-08,2026-10-27,90,19,6.070034065633504,4.970031905643192,6.070034065633504,5.9,9.37004054560444,4.301034065633503,7.839034065633504,HIBRIDO_ANALOGO_CLIM,ANALOGO_ESTADO_V2_CONFORMAL,30,10,2.086217457056443,OK_ANALOGOS_CONTINUIDAD_CORREGIDA,1.0789594543955605,-1.0789594543955605,0.0,CORREGIDO_ANCLA_OBSERVADO,1.4679916952850256,10.672076435981982,4.602042370348478,720.0,OK_CALIBRADO
2026-10-09,CONTAMANA,2.0,2026-10-08,2026-10-28,90,20,6.096452001160988,5.003358383782401,6.096452001160988,5.9,9.375732853296748,4.250152001160988,7.942752001160988,HIBRIDO_ANALOGO_CLIM,ANALOGO_ESTADO_V2_CONFORMAL,30,10,2.086217457056443,OK_ANALOGOS_CONTINUIDAD_CORREGIDA,1.0789594543955605,-1.0789594543955605,0.0,CORREGIDO_ANCLA_OBSERVADO,1.4944096308125099,10.698494371509465,4.602042370348478,720.0,OK_CALIBRADO
2026-10-09,CONTAMANA,2.0,2026-10-08,2026-10-29,90,21,6.098930588466104,5.0064195771123,6.098930588466104,5.9,9.376463622527517,4.185030588466104,8.012830588466104,HIBRIDO_ANALOGO_CLIM,ANALOGO_ESTADO_V2_CONFORMAL,30,10,2.086217457056443,OK_ANALOGOS_CONTINUIDAD_CORREGIDA,1.0789594543955605,-1.0789594543955605,0.0,CORREGIDO_ANCLA_OBSERVADO,1.4968882181176255,10.700972958814582,4.602042370348478,720.0,OK_CALIBRADO
2026-10-09,CONTAMANA,2.0,2026-10-08,2026-10-30,90,22,6.083448514611037,4.98276399145939,6.083448514611037,5.9,9.385502084065978,4.147548514611036,8.019348514611037,HIBRIDO_ANALOGO_CLIM,ANALOGO_ESTADO_V2_CONFORMAL,30,10,2.086217457056443,OK_ANALOGOS_CONTINUIDAD_CORREGIDA,1.0789594543955605,-1.0789594543955605,0.0,CORREGIDO_ANCLA_OBSERVADO,1.481406144262559,10.685490884959515,4.602042370348478,720.0,OK_CALIBRADO
2026-10-09,CONTAMANA,2.0,2026-10-08,2026-10-31,90,23,6.06734215364598,4.953314484531623,6.06734215364598,5.9,9.409425160989054,4.172592153645981,7.962092153645981,HIBRIDO_ANALOGO_CLIM,ANALOGO_ESTADO_V2_CONFORMAL,30,10,2.086217457056443,OK_ANALOGOS_CONTINUIDAD_CORREGIDA,1.0789594543955605,-1.0789594543955605,0.0,CORREGIDO_ANCLA_OBSERVADO,1.4652997832975023,10.66938452399446,4.602042370348478,720.0,OK_CALIBRADO
2026-10-09,CONTAMANA,2.0,2026-10-08,2026-11-01,90,24,5.908160599433503,4.733674976350884,5.908160599433503,5.9,9.431617468681361,3.992510599433503,7.823810599433504,HIBRIDO_ANALOGO_CLIM,ANALOGO_ESTADO_V2_CONFORMAL,30,10,2.086217457056443,OK_ANALOGOS_CONTINUIDAD_CORREGIDA,1.0789594543955605,-1.0789594543955605,0.0,CORREGIDO_ANCLA_OBSERVADO,1.3061182290850253,10.510202969781982,4.602042370348478,720.0,OK_CALIBRADO
2026-10-09,CONTAMANA,2.0,2026-10-08,2026-11-02,90,25,5.908228049572449,4.704572602177169,5.908228049572449,5.9,9.519194391758287,3.939378049572448,7.877078049572448,HIBRIDO_ANALOGO_CLIM,ANALOGO_ESTADO_V2_CONFORMAL,30,10,2.086217457056443,OK_ANALOGOS_CONTINUIDAD_CORREGIDA,1.0789594543955605,-1.0789594543955605,0.0,CORREGIDO_ANCLA_OBSERVADO,1.3061856792239706,10.510270419920927,4.602042370348478,720.0,OK_CALIBRADO
2026-10-09,CONTAMANA,2.0,2026-10-08,2026-11-03,90,26,5.8829182730908745,4.65832623353507,5.8829182730908745,5.9,9.556694391758285,3.779068273090875,7.986768273090874,HIBRIDO_ANALOGO_CLIM,ANALOGO_ESTADO_V2_CONFORMAL,30,10,2.086217457056443,OK_ANALOGOS_CONTINUIDAD_CORREGIDA,1.0789594543955605,-1.0789594543955605,0.0,CORREGIDO_ANCLA_OBSERVADO,1.2808759027423964,10.484960643439353,4.602042370348478,720.0,OK_CALIBRADO
2026-10-09,CONTAMANA,2.0,2026-10-08,2026-11-04,90,27,5.822320117194144,4.568310743621481,5.822320117194144,5.9,9.584348237912131,3.608470117194144,8.036170117194144,HIBRIDO_ANALOGO_CLIM,ANALOGO_ESTADO_V2_CONFORMAL,30,10,2.086217457056443,OK_ANALOGOS_CONTINUIDAD_CORREGIDA,1.0789594543955605,-1.0789594543955605,0.0,CORREGIDO_ANCLA_OBSERVADO,1.2202777468456656,10.424362487542622,4.602042370348478,720.0,OK_CALIBRADO
2026-10-09,CONTAMANA,2.0,2026-10-08,2026-11-05,90,28,5.800651026255231,4.535328878779854,5.800651026255231,5.9,9.596617468681362,3.5288010262552314,8.07250102625523,HIBRIDO_ANALOGO_CLIM,ANALOGO_ESTADO_V2_CONFORMAL,30,10,2.086217457056443,OK_ANALOGOS_CONTINUIDAD_CORREGIDA,1.0789594543955605,-1.0789594543955605,0.0,CORREGIDO_ANCLA_OBSERVADO,1.198608655906753,10.40269339660371,4.602042370348478,720.0,OK_CALIBRADO
2026-10-09,CONTAMANA,2.0,2026-10-08,2026-11-06,90,29,5.806278592881652,4.540845121461236,5.806278592881652,5.9,9.602579007142902,3.644678592881652,7.967878592881652,HIBRIDO_ANALOGO_CLIM,ANALOGO_ESTADO_V2_CONFORMAL,30,10,2.086217457056443,OK_ANALOGOS_CONTINUIDAD_CORREGIDA,1.0789594543955605,-1.0789594543955605,0.0,CORREGIDO_ANCLA_OBSERVADO,1.204236222533174,10.40832096323013,4.602042370348478,720.0,OK_CALIBRADO
2026-10-09,CONTAMANA,2.0,2026-10-08,2026-11-07,90,30,5.808333643453166,4.543200573505304,5.808333643453166,5.9,9.603732853296748,3.7084836434531656,7.908183643453166,HIBRIDO_ANALOGO_CLIM,ANALOGO_ESTADO_V2_CONFORMAL,30,10,2.086217457056443,OK_ANALOGOS_CONTINUIDAD_CORREGIDA,1.0789594543955605,-1.0789594543955605,0.0,CORREGIDO_ANCLA_OBSERVADO,1.2062912731046875,10.410376013801644,4.602042370348478,720.0,OK_CALIBRADO
2026-10-09,CONTAMANA,2.0,2026-10-08,2026-11-08,90,31,5.847458291266657,4.541102501726356,5.847458291266657,5.9,9.597963622527518,3.8326082912666557,7.862308291266656,HIBRIDO_ANALOGO_CLIM,ANALOGO_ESTADO_V2_CONFORMAL,30,10,2.086217457056443,OK_ANALOGOS_CONTINUIDAD_CORREGIDA,1.0789594543955605,-1.0789594543955605,0.0,CORREGIDO_ANCLA_OBSERVADO,1.2454159209181785,10.449500661615135,4.602042370348478,720.0,OK_CALIBRADO
2026-10-09,CONTAMANA,2.0,2026-10-08,2026-11-09,90,32,5.884525162960609,4.538526562278937,5.884525162960609,5.9,9.586021314835207,3.9561751629606086,7.812875162960609,HIBRIDO_ANALOGO_CLIM,ANALOGO_ESTADO_V2_CONFORMAL,30,10,2.086217457056443,OK_ANALOGOS_CONTINUIDAD_CORREGIDA,1.0789594543955605,-1.0789594543955605,0.0,CORREGIDO_ANCLA_OBSERVADO,1.2824827926121305,10.486567533309087,4.602042370348478,720.0,OK_CALIBRADO
2026-10-09,CONTAMANA,2.0,2026-10-08,2026-11-10,90,33,5.889932965083753,4.496714439846463,5.889932965083753,5.9,9.562963622527516,3.873332965083753,7.906532965083754,HIBRIDO_ANALOGO_CLIM,ANALOGO_ESTADO_V2_CONFORMAL,30,10,2.086217457056443,OK_ANALOGOS_CONTINUIDAD_CORREGIDA,1.0789594543955605,-1.0789594543955605,0.0,CORREGIDO_ANCLA_OBSERVADO,1.2878905947352752,10.491975335432231,4.602042370348478,720.0,OK_CALIBRADO
2026-10-09,CONTAMANA,2.0,2026-10-08,2026-11-11,90,34,5.933115174218633,4.507410331506176,5.933115174218633,5.9,9.53930977637367,3.9296151742186334,7.936615174218632,HIBRIDO_ANALOGO_CLIM,ANALOGO_ESTADO_V2_CONFORMAL,30,10,2.086217457056443,OK_ANALOGOS_CONTINUIDAD_CORREGIDA,1.0789594543955605,-1.0789594543955605,0.0,CORREGIDO_ANCLA_OBSERVADO,1.3310728038701551,10.535157544567111,4.602042370348478,720.0,OK_CALIBRADO
2026-10-09,CONTAMANA,2.0,2026-10-08,2026-11-12,90,35,6.023578121235941,4.585584543781039,6.023578121235941,5.9,9.515848237912131,3.916928121235941,8.130228121235941,HIBRIDO_ANALOGO_CLIM,ANALOGO_ESTADO_V2_CONFORMAL,30,10,2.086217457056443,OK_ANALOGOS_CONTINUIDAD_CORREGIDA,1.0789594543955605,-1.0789594543955605,0.0,CORREGIDO_ANCLA_OBSERVADO,1.4215357508874629,10.625620491584419,4.602042370348478,720.0,OK_CALIBRADO
2026-10-09,CONTAMANA,2.0,2026-10-08,2026-11-13,90,36,6.134588864309296,4.692186495402586,6.134588864309296,5.9,9.500194391758285,3.768788864309297,8.500388864309295,HIBRIDO_ANALOGO_CLIM,ANALOGO_ESTADO_V2_CONFORMAL,30,10,2.086217457056443,OK_ANALOGOS_CONTINUIDAD_CORREGIDA,1.0789594543955605,-1.0789594543955605,0.0,CORREGIDO_ANCLA_OBSERVADO,1.532546493960818,10.736631234657775,4.602042370348478,720.0,OK_CALIBRADO
2026-10-09,CONTAMANA,2.0,2026-10-08,2026-11-14,90,37,6.2247570346405015,4.768840103432295,6.2247570346405015,5.9,9.490732853296748,3.7026070346405024,8.746907034640502,HIBRIDO_ANALOGO_CLIM,ANALOGO_ESTADO_V2_CONFORMAL,30,10,2.086217457056443,OK_ANALOGOS_CONTINUIDAD_CORREGIDA,1.0789594543955605,-1.0789594543955605,0.0,CORREGIDO_ANCLA_OBSERVADO,1.6227146642920234,10.826799404988979,4.602042370348478,720.0,OK_CALIBRADO
2026-10-09,CONTAMANA,2.0,2026-10-08,2026-11-15,90,38,6.28101516765584,4.789485583503301,6.28101516765584,5.9,9.4995790071429,3.6844151676558408,8.87761516765584,HIBRIDO_ANALOGO_CLIM,ANALOGO_ESTADO_V2_CONFORMAL,30,10,2.086217457056443,OK_ANALOGOS_CONTINUIDAD_CORREGIDA,1.0789594543955605,-1.0789594543955605,0.0,CORREGIDO_ANCLA_OBSERVADO,1.6789727973073623,10.88305753800432,4.602042370348478,720.0,OK_CALIBRADO
2026-10-09,CONTAMANA,2.0,2026-10-08,2026-11-16,90,39,6.910156875535373,5.627690664020638,6.910156875535373,5.9,9.573740545604439,3.697456875535373,10.122856875535373,HIBRIDO_ANALOGO_CLIM,ANALOGO_ESTADO_V2_CONFORMAL,30,10,2.086217457056443,OK_ANALOGOS_CONTINUIDAD_CORREGIDA,1.0789594543955605,-1.0789594543955605,0.0,CORREGIDO_ANCLA_OBSERVADO,2.3081145051868948,11.512199245883851,4.602042370348478,720.0,OK_CALIBRADO
2026-10-09,CONTAMANA,2.0,2026-10-08,2026-11-17,90,40,6.930541827083346,5.679100160130491,6.930541827083346,5.9,9.433425160989055,3.7568918270833453,10.104191827083346,HIBRIDO_ANALOGO_CLIM,ANALOGO_ESTADO_V2_CONFORMAL,30,10,2.086217457056443,OK_ANALOGOS_CONTINUIDAD_CORREGIDA,1.0789594543955605,-1.0789594543955605,0.0,CORREGIDO_ANCLA_OBSERVADO,2.3284994567348676,11.532584197431824,4.602042370348478,720.0,OK_CALIBRADO
2026-10-09,CONTAMANA,2.0,2026-10-08,2026-11-18,90,41,7.050005619938863,5.728022936998501,7.050005619938863,5.9,9.59724054560444,3.8800056199388635,10.220005619938862,HIBRIDO_ANALOGO_CLIM,ANALOGO_ESTADO_V2_CONFORMAL,30,10,2.086217457056443,OK_ANALOGOS_CONTINUIDAD_CORREGIDA,1.0789594543955605,-1.0789594543955605,0.0,CORREGIDO_ANCLA_OBSERVADO,2.4479632495903854,11.652047990287342,4.602042370348478,720.0,OK_CALIBRADO
2026-10-09,CONTAMANA,2.0,2026-10-08,2026-11-19,90,42,7.108724680209585,5.8038830012099885,7.108724680209585,5.9,9.532002084065978,3.880849680209586,10.336599680209584,HIBRIDO_ANALOGO_CLIM,ANALOGO_ESTADO_V2_CONFORMAL,30,10,2.086217457056443,OK_ANALOGOS_CONTINUIDAD_CORREGIDA,1.0789594543955605,-1.0789594543955605,0.0,CORREGIDO_ANCLA_OBSERVADO,2.506682309861107,11.710767050558063,4.602042370348478,720.0,OK_CALIBRADO
2026-10-09,CONTAMANA,2.0,2026-10-08,2026-11-20,90,43,7.163532162168773,5.854626381608792,7.163532162168773,5.9,9.507386699450594,3.866907162168773,10.460157162168771,HIBRIDO_ANALOGO_CLIM,ANALOGO_ESTADO_V2_CONFORMAL,30,10,2.086217457056443,OK_ANALOGOS_CONTINUIDAD_CORREGIDA,1.0789594543955605,-1.0789594543955605,0.0,CORREGIDO_ANCLA_OBSERVADO,2.5614897918202946,11.76557453251725,4.602042370348478,720.0,OK_CALIBRADO
2026-10-09,CONTAMANA,2.0,2026-10-08,2026-11-21,90,44,7.189336889465894,5.830881088543579,7.189336889465894,5.9,9.53576054560444,3.853086889465893,10.525586889465893,HIBRIDO_ANALOGO_CLIM,ANALOGO_ESTADO_V2_CONFORMAL,30,10,2.086217457056443,OK_ANALOGOS_CONTINUIDAD_CORREGIDA,1.0789594543955605,-1.0789594543955605,0.0,CORREGIDO_ANCLA_OBSERVADO,2.5872945191174157,11.791379259814372,4.602042370348478,720.0,OK_CALIBRADO
2026-10-09,CONTAMANA,2.0,2026-10-08,2026-11-22,90,45,7.177609110509117,5.780478249451924,7.177609110509117,5.9,9.50616054560444,3.8228591105091168,10.532359110509116,HIBRIDO_ANALOGO_CLIM,ANALOGO_ESTADO_V2_CONFORMAL,30,10,2.086217457056443,OK_ANALOGOS_CONTINUIDAD_CORREGIDA,1.0789594543955605,-1.0789594543955605,0.0,CORREGIDO_ANCLA_OBSERVADO,2.575566740160639,11.779651480857595,4.602042370348478,720.0,OK_CALIBRADO
2026-10-09,CONTAMANA,2.0,2026-10-08,2026-11-23,90,46,7.150206567182911,5.702478418434396,7.150206567182911,5.9,9.479160545604438,3.7629565671829113,10.537456567182911,HIBRIDO_ANALOGO_CLIM,ANALOGO_ESTADO_V2_CONFORMAL,30,10,2.086217457056443,OK_ANALOGOS_CONTINUIDAD_CORREGIDA,1.0789594543955605,-1.0789594543955605,0.0,CORREGIDO_ANCLA_OBSERVADO,2.548164196834433,11.75224893753139,4.602042370348478,720.0,OK_CALIBRADO
2026-10-09,CONTAMANA,2.0,2026-10-08,2026-11-24,90,47,7.19536656124839,5.743752900087646,7.19536656124839,5.9,9.45000054560444,3.73836656124839,10.65236656124839,HIBRIDO_ANALOGO_CLIM,ANALOGO_ESTADO_V2_CONFORMAL,30,10,2.086217457056443,OK_ANALOGOS_CONTINUIDAD_CORREGIDA,1.0789594543955605,-1.0789594543955605,0.0,CORREGIDO_ANCLA_OBSERVADO,2.593324190899912,11.797408931596868,4.602042370348478,720.0,OK_CALIBRADO
2026-10-09,CONTAMANA,2.0,2026-10-08,2026-11-25,90,48,7.233210482061578,5.784150439699671,7.233210482061578,5.9,9.40680054560444,3.670960482061578,10.795460482061578,HIBRIDO_ANALOGO_CLIM,ANALOGO_ESTADO_V2_CONFORMAL,30,10,2.086217457056443,OK_ANALOGOS_CONTINUIDAD_CORREGIDA,1.0789594543955605,-1.0789594543955605,0.0,CORREGIDO_ANCLA_OBSERVADO,2.6311681117131,11.835252852410056,4.602042370348478,720.0,OK_CALIBRADO
2026-10-09,CONTAMANA,2.0,2026-10-08,2026-11-26,90,49,7.3162291323853434,5.901984635938364,7.3162291323853434,5.9,9.36544054560444,3.652979132385343,10.979479132385343,HIBRIDO_ANALOGO_CLIM,ANALOGO_ESTADO_V2_CONFORMAL,30,10,2.086217457056443,OK_ANALOGOS_CONTINUIDAD_CORREGIDA,1.0789594543955605,-1.0789594543955605,0.0,CORREGIDO_ANCLA_OBSERVADO,2.7141867620368654,11.918271502733822,4.602042370348478,720.0,OK_CALIBRADO
2026-10-09,CONTAMANA,2.0,2026-10-08,2026-11-27,90,50,7.391481096379719,6.01879577550492,7.391481096379719,5.9,9.31324054560444,3.6569810963797185,11.12598109637972,HIBRIDO_ANALOGO_CLIM,ANALOGO_ESTADO_V2_CONFORMAL,30,10,2.086217457056443,OK_ANALOGOS_CONTINUIDAD_CORREGIDA,1.0789594543955605,-1.0789594543955605,0.0,CORREGIDO_ANCLA_OBSERVADO,2.789438726031241,11.993523466728197,4.602042370348478,720.0,OK_CALIBRADO
2026-10-09,CONTAMANA,2.0,2026-10-08,2026-11-28,90,51,7.437040150169693,6.0875355100657496,7.437040150169693,5.9,9.26284054560444,3.654040150169693,11.220040150169693,HIBRIDO_ANALOGO_CLIM,ANALOGO_ESTADO_V2_CONFORMAL,30,10,2.086217457056443,OK_ANALOGOS_CONTINUIDAD_CORREGIDA,1.0789594543955605,-1.0789594543955605,0.0,CORREGIDO_ANCLA_OBSERVADO,2.834997779821215,12.039082520518171,4.602042370348478,720.0,OK_CALIBRADO
2026-10-09,CONTAMANA,2.0,2026-10-08,2026-11-29,90,52,7.48666395796287,6.14685597917814,7.48666395796287,5.9,9.23872054560444,3.649413957962871,11.323913957962871,HIBRIDO_ANALOGO_CLIM,ANALOGO_ESTADO_V2_CONFORMAL,30,10,2.086217457056443,OK_ANALOGOS_CONTINUIDAD_CORREGIDA,1.0789594543955605,-1.0789594543955605,0.0,CORREGIDO_ANCLA_OBSERVADO,2.884621587614392,12.088706328311348,4.602042370348478,720.0,OK_CALIBRADO
2026-10-09,CONTAMANA,2.0,2026-10-08,2026-11-30,90,53,7.541180330043771,6.207526129674886,7.541180330043771,5.9,9.22712054560444,3.631305330043771,11.45105533004377,HIBRIDO_ANALOGO_CLIM,ANALOGO_ESTADO_V2_CONFORMAL,30,10,2.086217457056443,OK_ANALOGOS_CONTINUIDAD_CORREGIDA,1.0789594543955605,-1.0789594543955605,0.0,CORREGIDO_ANCLA_OBSERVADO,2.9391379596952927,12.143222700392249,4.602042370348478,720.0,OK_CALIBRADO
2026-10-09,CONTAMANA,2.0,2026-10-08,2026-12-01,90,54,7.592654473826327,6.2722185969169635,7.592654473826327,5.9,9.20652054560444,3.6377794738263276,11.547529473826328,HIBRIDO_ANALOGO_CLIM,ANALOGO_ESTADO_V2_CONFORMAL,30,10,2.086217457056443,OK_ANALOGOS_CONTINUIDAD_CORREGIDA,1.0789594543955605,-1.0789594543955605,0.0,CORREGIDO_ANCLA_OBSERVADO,2.990612103477849,12.194696844174805,4.602042370348478,720.0,OK_CALIBRADO
2026-10-09,CONTAMANA,2.0,2026-10-08,2026-12-02,90,55,7.609994041335069,6.268496230030219,7.609994041335069,5.9,9.19540054560444,3.6249940413350688,11.594994041335069,HIBRIDO_ANALOGO_CLIM,ANALOGO_ESTADO_V2_CONFORMAL,30,10,2.086217457056443,OK_ANALOGOS_CONTINUIDAD_CORREGIDA,1.0789594543955605,-1.0789594543955605,0.0,CORREGIDO_ANCLA_OBSERVADO,3.007951670986591,12.212036411683547,4.602042370348478,720.0,OK_CALIBRADO
2026-10-09,CONTAMANA,2.0,2026-10-08,2026-12-03,90,56,7.625204990250722,6.397925802393142,7.625204990250722,5.9,9.02780977637367,3.5031049902507236,11.747304990250722,HIBRIDO_ANALOGO_CLIM,ANALOGO_ESTADO_V2_CONFORMAL,30,10,2.086217457056443,OK_ANALOGOS_CONTINUIDAD_CORREGIDA,1.0789594543955605,-1.0789594543955605,0.0,CORREGIDO_ANCLA_OBSERVADO,3.0231626199022443,12.2272473605992,4.602042370348478,720.0,OK_CALIBRADO
2026-10-09,CONTAMANA,2.0,2026-10-08,2026-12-04,90,57,7.657904826504394,6.433325989076881,7.657904826504394,5.9,9.011386699450593,3.4884048265043948,11.827404826504393,HIBRIDO_ANALOGO_CLIM,ANALOGO_ESTADO_V2_CONFORMAL,30,10,2.086217457056443,OK_ANALOGOS_CONTINUIDAD_CORREGIDA,1.0789594543955605,-1.0789594543955605,0.0,CORREGIDO_ANCLA_OBSERVADO,3.055862456155916,12.259947196852872,4.602042370348478,720.0,OK_CALIBRADO
2026-10-09,CONTAMANA,2.0,2026-10-08,2026-12-05,90,58,7.786845337563873,6.695384807957687,7.786845337563873,5.9,8.953579007142901,2.834745337563874,12.738945337563873,HIBRIDO_ANALOGO_CLIM,ANALOGO_ESTADO_V2_CONFORMAL,30,10,2.086217457056443,OK_ANALOGOS_CONTINUIDAD_CORREGIDA,1.0789594543955605,-1.0789594543955605,0.0,CORREGIDO_ANCLA_OBSERVADO,3.1848029672153952,12.388887707912351,4.602042370348478,720.0,OK_CALIBRADO
2026-10-09,CONTAMANA,2.0,2026-10-08,2026-12-06,90,59,7.7840516680031815,6.721430017158082,7.7840516680031815,5.9,8.882694391758285,2.920051668003181,12.648051668003182,HIBRIDO_ANALOGO_CLIM,ANALOGO_ESTADO_V2_CONFORMAL,30,10,2.086217457056443,OK_ANALOGOS_CONTINUIDAD_CORREGIDA,1.0789594543955605,-1.0789594543955605,0.0,CORREGIDO_ANCLA_OBSERVADO,3.1820092976547034,12.38609403835166,4.602042370348478,720.0,OK_CALIBRADO
2026-10-09,CONTAMANA,2.0,2026-10-08,2026-12-07,90,60,7.819452759767868,6.813595743162066,7.819452759767868,5.9,8.825309776373672,2.946102759767868,12.692802759767869,HIBRIDO_ANALOGO_CLIM,ANALOGO_ESTADO_V2_CONFORMAL,30,10,2.086217457056443,OK_ANALOGOS_CONTINUIDAD_CORREGIDA,1.0789594543955605,-1.0789594543955605,0.0,CORREGIDO_ANCLA_OBSERVADO,3.21741038941939,12.421495130116346,4.602042370348478,720.0,OK_CALIBRADO
2026-10-09,CONTAMANA,2.0,2026-10-08,2026-12-08,90,61,7.8744188485564255,6.928594199587616,7.8744188485564255,5.9,8.789232853296747,3.082768848556425,12.666068848556426,HIBRIDO_ANALOGO_CLIM,ANALOGO_ESTADO_V2_CONFORMAL,30,10,2.086217457056443,OK_ANALOGOS_CONTINUIDAD_CORREGIDA,1.0789594543955605,-1.0789594543955605,0.0,CORREGIDO_ANCLA_OBSERVADO,3.2723764782079474,12.476461218904904,4.602042370348478,720.0,OK_CALIBRADO
2026-10-09,CONTAMANA,2.0,2026-10-08,2026-12-09,90,62,8.004899369745585,7.182755088920338,8.004899369745585,5.9,8.774002084065978,3.3489993697455844,12.660799369745584,HIBRIDO_ANALOGO_CLIM,ANALOGO_ESTADO_V2_CONFORMAL,30,10,2.086217457056443,OK_ANALOGOS_CONTINUIDAD_CORREGIDA,1.0789594543955605,-1.0789594543955605,0.0,CORREGIDO_ANCLA_OBSERVADO,3.402856999397107,12.606941740094063,4.602042370348478,720.0,OK_CALIBRADO
2026-10-09,CONTAMANA,2.0,2026-10-08,2026-12-10,90,63,8.101110590866215,7.3691637178154625,8.101110590866215,5.9,8.763348237912131,3.578610590866215,12.623610590866214,HIBRIDO_ANALOGO_CLIM,ANALOGO_ESTADO_V2_CONFORMAL,30,10,2.086217457056443,OK_ANALOGOS_CONTINUIDAD_CORREGIDA,1.0789594543955605,-1.0789594543955605,0.0,CORREGIDO_ANCLA_OBSERVADO,3.499068220517737,12.703152961214693,4.602042370348478,720.0,OK_CALIBRADO
2026-10-09,CONTAMANA,2.0,2026-10-08,2026-12-11,90,64,8.108606863648577,7.4050782600946246,8.108606863648577,5.9,8.724194391758285,3.5389568636485764,12.678256863648576,HIBRIDO_ANALOGO_CLIM,ANALOGO_ESTADO_V2_CONFORMAL,30,10,2.086217457056443,OK_ANALOGOS_CONTINUIDAD_CORREGIDA,1.0789594543955605,-1.0789594543955605,0.0,CORREGIDO_ANCLA_OBSERVADO,3.5065644933000986,12.710649233997055,4.602042370348478,720.0,OK_CALIBRADO
2026-10-09,CONTAMANA,2.0,2026-10-08,2026-12-12,90,65,8.096878403420094,7.420504962656775,8.096878403420094,5.9,8.669194391758285,3.4144784034200946,12.779278403420092,HIBRIDO_ANALOGO_CLIM,ANALOGO_ESTADO_V2_CONFORMAL,30,10,2.086217457056443,OK_ANALOGOS_CONTINUIDAD_CORREGIDA,1.0789594543955605,-1.0789594543955605,0.0,CORREGIDO_ANCLA_OBSERVADO,3.494836033071616,12.698920773768572,4.602042370348478,720.0,OK_CALIBRADO
2026-10-09,CONTAMANA,2.0,2026-10-08,2026-12-13,90,66,8.08699546812335,7.446025843509712,8.08699546812335,5.9,8.611425160989054,3.2920954681233505,12.881895468123348,HIBRIDO_ANALOGO_CLIM,ANALOGO_ESTADO_V2_CONFORMAL,30,10,2.086217457056443,OK_ANALOGOS_CONTINUIDAD_CORREGIDA,1.0789594543955605,-1.0789594543955605,0.0,CORREGIDO_ANCLA_OBSERVADO,3.4849530977748717,12.689037838471828,4.602042370348478,720.0,OK_CALIBRADO
2026-10-09,CONTAMANA,2.0,2026-10-08,2026-12-14,90,67,8.0541391320597,7.411394384313011,8.0541391320597,5.9,8.5625790071429,3.1607891320596995,12.9474891320597,HIBRIDO_ANALOGO_CLIM,ANALOGO_ESTADO_V2_CONFORMAL,30,10,2.086217457056443,OK_ANALOGOS_CONTINUIDAD_CORREGIDA,1.0789594543955605,-1.0789594543955605,0.0,CORREGIDO_ANCLA_OBSERVADO,3.4520967617112213,12.656181502408177,4.602042370348478,720.0,OK_CALIBRADO
2026-10-09,CONTAMANA,2.0,2026-10-08,2026-12-15,90,68,8.02157531413365,7.365863384222141,8.02157531413365,5.9,8.523002084065979,3.1148753141336503,12.928275314133648,HIBRIDO_ANALOGO_CLIM,ANALOGO_ESTADO_V2_CONFORMAL,30,10,2.086217457056443,OK_ANALOGOS_CONTINUIDAD_CORREGIDA,1.0789594543955605,-1.0789594543955605,0.0,CORREGIDO_ANCLA_OBSERVADO,3.419532943785171,12.623617684482127,4.602042370348478,720.0,OK_CALIBRADO
2026-10-09,CONTAMANA,2.0,2026-10-08,2026-12-16,90,69,7.983875621980207,7.304319910832492,7.983875621980207,5.9,8.486155930219825,3.0632756219802086,12.904475621980206,HIBRIDO_ANALOGO_CLIM,ANALOGO_ESTADO_V2_CONFORMAL,30,10,2.086217457056443,OK_ANALOGOS_CONTINUIDAD_CORREGIDA,1.0789594543955605,-1.0789594543955605,0.0,CORREGIDO_ANCLA_OBSERVADO,3.381833251631729,12.585917992328685,4.602042370348478,720.0,OK_CALIBRADO
2026-10-09,CONTAMANA,2.0,2026-10-08,2026-12-17,90,70,7.944942106897619,7.244965831169608,7.944942106897619,5.9,8.444925160989055,3.0758421068976194,12.814042106897618,HIBRIDO_ANALOGO_CLIM,ANALOGO_ESTADO_V2_CONFORMAL,30,10,2.086217457056443,OK_ANALOGOS_CONTINUIDAD_CORREGIDA,1.0789594543955605,-1.0789594543955605,0.0,CORREGIDO_ANCLA_OBSERVADO,3.342899736549141,12.546984477246097,4.602042370348478,720.0,OK_CALIBRADO
2026-10-09,CONTAMANA,2.0,2026-10-08,2026-12-18,90,71,7.905802816380865,7.197631820975275,7.905802816380865,5.9,8.394540545604439,3.1242028163808646,12.687402816380864,HIBRIDO_ANALOGO_CLIM,ANALOGO_ESTADO_V2_CONFORMAL,30,10,2.086217457056443,OK_ANALOGOS_CONTINUIDAD_CORREGIDA,1.0789594543955605,-1.0789594543955605,0.0,CORREGIDO_ANCLA_OBSERVADO,3.3037604460323866,12.507845186729343,4.602042370348478,720.0,OK_CALIBRADO
2026-10-09,CONTAMANA,2.0,2026-10-08,2026-12-19,90,72,7.88664802250611,7.202059237858617,7.88664802250611,5.9,8.34304054560444,3.55779802250611,12.21549802250611,HIBRIDO_ANALOGO_CLIM,ANALOGO_ESTADO_V2_CONFORMAL,30,10,2.086217457056443,OK_ANALOGOS_CONTINUIDAD_CORREGIDA,1.0789594543955605,-1.0789594543955605,0.0,CORREGIDO_ANCLA_OBSERVADO,3.284605652157632,12.488690392854588,4.602042370348478,720.0,OK_CALIBRADO
2026-10-09,CONTAMANA,2.0,2026-10-08,2026-12-20,90,73,7.902304123532392,7.291592397597247,7.902304123532392,5.9,8.295502084065978,4.168979123532393,11.635629123532391,HIBRIDO_ANALOGO_CLIM,ANALOGO_ESTADO_V2_CONFORMAL,30,10,2.086217457056443,OK_ANALOGOS_CONTINUIDAD_CORREGIDA,1.0789594543955605,-1.0789594543955605,0.0,CORREGIDO_ANCLA_OBSERVADO,3.3002617531839142,12.50434649388087,4.602042370348478,720.0,OK_CALIBRADO
2026-10-09,CONTAMANA,2.0,2026-10-08,2026-12-21,90,74,7.914620557614818,7.3487977675713125,7.914620557614818,5.9,8.266348237912132,4.268770557614817,11.560470557614817,HIBRIDO_ANALOGO_CLIM,ANALOGO_ESTADO_V2_CONFORMAL,30,10,2.086217457056443,OK_ANALOGOS_CONTINUIDAD_CORREGIDA,1.0789594543955605,-1.0789594543955605,0.0,CORREGIDO_ANCLA_OBSERVADO,3.3125781872663396,12.516662927963296,4.602042370348478,720.0,OK_CALIBRADO
2026-10-09,CONTAMANA,2.0,2026-10-08,2026-12-22,90,75,7.924698051159142,7.39944773990416,7.924698051159142,5.9,8.239848237912133,4.256098051159142,11.593298051159142,HIBRIDO_ANALOGO_CLIM,ANALOGO_ESTADO_V2_CONFORMAL,30,10,2.086217457056443,OK_ANALOGOS_CONTINUIDAD_CORREGIDA,1.0789594543955605,-1.0789594543955605,0.0,CORREGIDO_ANCLA_OBSERVADO,3.322655680810664,12.52674042150762,4.602042370348478,720.0,OK_CALIBRADO
2026-10-09,CONTAMANA,2.0,2026-10-08,2026-12-23,90,76,7.933069165640168,7.4783144044431396,7.933069165640168,5.9,8.196348237912131,4.088969165640168,11.777169165640167,HIBRIDO_ANALOGO_CLIM,ANALOGO_ESTADO_V2_CONFORMAL,30,10,2.086217457056443,OK_ANALOGOS_CONTINUIDAD_CORREGIDA,1.0789594543955605,-1.0789594543955605,0.0,CORREGIDO_ANCLA_OBSERVADO,3.33102679529169,12.535111535988646,4.602042370348478,720.0,OK_CALIBRADO
2026-10-09,CONTAMANA,2.0,2026-10-08,2026-12-24,90,77,7.866791799577596,7.34718179103937,7.866791799577596,5.9,8.156963622527515,3.103941799577597,12.629641799577596,HIBRIDO_ANALOGO_CLIM,ANALOGO_ESTADO_V2_CONFORMAL,30,10,2.086217457056443,OK_ANALOGOS_CONTINUIDAD_CORREGIDA,1.0789594543955605,-1.0789594543955605,0.0,CORREGIDO_ANCLA_OBSERVADO,3.264749429229118,12.468834169926074,4.602042370348478,720.0,OK_CALIBRADO
2026-10-09,CONTAMANA,2.0,2026-10-08,2026-12-25,90,78,7.891790604362367,7.497826427769944,7.891790604362367,5.9,8.103925160989055,3.026540604362367,12.757040604362366,HIBRIDO_ANALOGO_CLIM,ANALOGO_ESTADO_V2_CONFORMAL,30,10,2.086217457056443,OK_ANALOGOS_CONTINUIDAD_CORREGIDA,1.0789594543955605,-1.0789594543955605,0.0,CORREGIDO_ANCLA_OBSERVADO,3.2897482340138886,12.493832974710845,4.602042370348478,720.0,OK_CALIBRADO
2026-10-09,CONTAMANA,2.0,2026-10-08,2026-12-26,90,79,7.896280856471501,7.638326446078391,7.896280856471501,5.9,8.030155930219824,2.900430856471501,12.892130856471502,HIBRIDO_ANALOGO_CLIM,ANALOGO_ESTADO_V2_CONFORMAL,30,10,2.086217457056443,OK_ANALOGOS_CONTINUIDAD_CORREGIDA,1.0789594543955605,-1.0789594543955605,0.0,CORREGIDO_ANCLA_OBSERVADO,3.2942384861230227,12.498323226819979,4.602042370348478,720.0,OK_CALIBRADO
2026-10-09,CONTAMANA,2.0,2026-10-08,2026-12-27,90,80,7.869174540100211,7.698519452168673,7.869174540100211,5.9,7.954502084065979,3.03832454010021,12.70002454010021,HIBRIDO_ANALOGO_CLIM,ANALOGO_ESTADO_V2_CONFORMAL,30,10,2.086217457056443,OK_ANALOGOS_CONTINUIDAD_CORREGIDA,1.0789594543955605,-1.0789594543955605,0.0,CORREGIDO_ANCLA_OBSERVADO,3.267132169751733,12.471216910448689,4.602042370348478,720.0,OK_CALIBRADO
2026-10-09,CONTAMANA,2.0,2026-10-08,2026-12-28,90,81,7.807231254827505,7.7101717219120935,7.807231254827505,5.9,7.853963622527516,2.9761312548275054,12.638331254827504,HIBRIDO_ANALOGO_CLIM,ANALOGO_ESTADO_V2_CONFORMAL,30,10,2.086217457056443,OK_ANALOGOS_CONTINUIDAD_CORREGIDA,1.0789594543955605,-1.0789594543955605,0.0,CORREGIDO_ANCLA_OBSERVADO,3.2051888844790266,12.409273625175983,4.602042370348478,720.0,OK_CALIBRADO
2026-10-09,CONTAMANA,2.0,2026-10-08,2026-12-29,90,82,7.729362260469829,7.685487661373685,7.729362260469829,5.9,7.749694391758286,2.8311122604698284,12.62761226046983,HIBRIDO_ANALOGO_CLIM,ANALOGO_ESTADO_V2_CONFORMAL,30,10,2.086217457056443,OK_ANALOGOS_CONTINUIDAD_CORREGIDA,1.0789594543955605,-1.0789594543955605,0.0,CORREGIDO_ANCLA_OBSERVADO,3.127319890121351,12.331404630818307,4.602042370348478,720.0,OK_CALIBRADO
2026-10-09,CONTAMANA,2.0,2026-10-08,2026-12-30,90,83,7.660008358684992,7.669426800086072,7.660008358684992,5.9,7.655809776373669,2.7126583586849917,12.607358358684992,HIBRIDO_ANALOGO_CLIM,ANALOGO_ESTADO_V2_CONFORMAL,30,10,2.086217457056443,OK_ANALOGOS_CONTINUIDAD_CORREGIDA,1.0789594543955605,-1.0789594543955605,0.0,CORREGIDO_ANCLA_OBSERVADO,3.0579659883365142,12.26205072903347,4.602042370348478,720.0,OK_CALIBRADO
2026-10-09,CONTAMANA,2.0,2026-10-08,2026-12-31,90,84,7.598845608664984,7.673147166062666,7.598845608664984,5.9,7.567002084065978,2.7007456086649837,12.496945608664983,HIBRIDO_ANALOGO_CLIM,ANALOGO_ESTADO_V2_CONFORMAL,30,10,2.086217457056443,OK_ANALOGOS_CONTINUIDAD_CORREGIDA,1.0789594543955605,-1.0789594543955605,0.0,CORREGIDO_ANCLA_OBSERVADO,2.996803238316506,12.200887979013462,4.602042370348478,720.0,OK_CALIBRADO
2026-10-09,CONTAMANA,2.0,2026-10-08,2027-01-01,90,85,7.722105214421422,7.683124904625302,7.722105214421422,5.9,7.738155930219824,2.890855214421422,12.55335521442142,HIBRIDO_ANALOGO_CLIM,ANALOGO_ESTADO_V2_CONFORMAL,30,10,2.086217457056443,OK_ANALOGOS_CONTINUIDAD_CORREGIDA,1.0789594543955605,-1.0789594543955605,0.0,CORREGIDO_ANCLA_OBSERVADO,3.120062844072944,12.3241475847699,4.602042370348478,720.0,OK_CALIBRADO
2026-10-09,CONTAMANA,2.0,2026-10-08,2027-01-02,90,86,7.698754230595849,7.703088845574118,7.698754230595849,5.9,7.697040545604439,2.88330423059585,12.51420423059585,HIBRIDO_ANALOGO_CLIM,ANALOGO_ESTADO_V2_CONFORMAL,30,10,2.086217457056443,OK_ANALOGOS_CONTINUIDAD_CORREGIDA,1.0789594543955605,-1.0789594543955605,0.0,CORREGIDO_ANCLA_OBSERVADO,3.096711860247371,12.300796600944327,4.602042370348478,720.0,OK_CALIBRADO
2026-10-09,CONTAMANA,2.0,2026-10-08,2027-01-03,90,87,7.66063162090893,7.716336763494894,7.66063162090893,5.9,7.6395020840659775,2.823131620908931,12.49813162090893,HIBRIDO_ANALOGO_CLIM,ANALOGO_ESTADO_V2_CONFORMAL,30,10,2.086217457056443,OK_ANALOGOS_CONTINUIDAD_CORREGIDA,1.0789594543955605,-1.0789594543955605,0.0,CORREGIDO_ANCLA_OBSERVADO,3.058589250560452,12.262673991257408,4.602042370348478,720.0,OK_CALIBRADO
2026-10-09,CONTAMANA,2.0,2026-10-08,2027-01-04,90,88,7.623045942732189,7.692604054064262,7.623045942732189,5.9,7.597752084065979,2.77719594273219,12.468895942732187,HIBRIDO_ANALOGO_CLIM,ANALOGO_ESTADO_V2_CONFORMAL,30,10,2.086217457056443,OK_ANALOGOS_CONTINUIDAD_CORREGIDA,1.0789594543955605,-1.0789594543955605,0.0,CORREGIDO_ANCLA_OBSERVADO,3.0210035723837105,12.225088313080667,4.602042370348478,720.0,OK_CALIBRADO
2026-10-09,CONTAMANA,2.0,2026-10-08,2027-01-05,90,89,7.558812889647177,7.679126418325703,7.558812889647177,5.9,7.516905930219824,2.7025628896471767,12.415062889647176,HIBRIDO_ANALOGO_CLIM,ANALOGO_ESTADO_V2_CONFORMAL,30,10,2.086217457056443,OK_ANALOGOS_CONTINUIDAD_CORREGIDA,1.0789594543955605,-1.0789594543955605,0.0,CORREGIDO_ANCLA_OBSERVADO,2.956770519298699,12.160855259995655,4.602042370348478,720.0,OK_CALIBRADO
2026-10-09,CONTAMANA,2.0,2026-10-08,2027-01-06,90,90,7.496508887833565,7.684606222213251,7.496508887833565,5.9,7.4338097763736695,2.665883887833565,12.327133887833565,HIBRIDO_ANALOGO_CLIM,ANALOGO_ESTADO_V2_CONFORMAL,30,10,2.086217457056443,OK_ANALOGOS_CONTINUIDAD_CORREGIDA,1.0789594543955605,-1.0789594543955605,0.0,CORREGIDO_ANCLA_OBSERVADO,2.894466517485087,12.098551258182043,4.602042370348478,720.0,OK_CALIBRADO
2026-10-09,ENAPU,29.0,2026-10-08,2026-10-09,30,1,27.17155735507886,3.89605083241284,27.17155735507886,3.95,96.99807692307692,27.03455735507886,27.30855735507886,HIBRIDO_ANALOGO_CLIM,ANALOGO_ESTADO_V2_CONFORMAL,30,10,2.9639507467694663,EXCLUIDA_UNIDADES_MIXTAS,23.22155735507886,0.0,23.22155735507886,NO_CORREGIDO_UNIDADES_MIXTAS,15.069061848288719,39.274052861869,12.102495506790142,240.0,OK_CALIBRADO
2026-10-09,ENAPU,29.0,2026-10-08,2026-10-10,30,2,27.167176205752423,3.8790554538237387,27.167176205752423,3.95,97.03153846153847,26.915676205752423,27.41867620575242,HIBRIDO_ANALOGO_CLIM,ANALOGO_ESTADO_V2_CONFORMAL,30,10,2.9639507467694663,EXCLUIDA_UNIDADES_MIXTAS,23.22155735507886,0.0,23.22155735507886,NO_CORREGIDO_UNIDADES_MIXTAS,15.064680698962281,39.26967171254256,12.102495506790142,240.0,OK_CALIBRADO
2026-10-09,ENAPU,29.0,2026-10-08,2026-10-11,30,3,27.1914804023846,3.8951789980512586,27.1914804023846,3.95,97.08038461538462,26.8844804023846,27.4984804023846,HIBRIDO_ANALOGO_CLIM,ANALOGO_ESTADO_V2_CONFORMAL,30,10,2.9639507467694663,EXCLUIDA_UNIDADES_MIXTAS,23.22155735507886,0.0,23.22155735507886,NO_CORREGIDO_UNIDADES_MIXTAS,15.088984895594457,39.29397590917474,12.102495506790142,240.0,OK_CALIBRADO
2026-10-09,ENAPU,29.0,2026-10-08,2026-10-12,30,4,27.187937302141663,3.8743010182401627,27.187937302141663,3.95,97.12884615384615,26.828437302141662,27.547437302141667,HIBRIDO_ANALOGO_CLIM,ANALOGO_ESTADO_V2_CONFORMAL,30,10,2.9639507467694663,EXCLUIDA_UNIDADES_MIXTAS,23.22155735507886,0.0,23.22155735507886,NO_CORREGIDO_UNIDADES_MIXTAS,15.085441795351521,39.290432808931804,12.102495506790142,240.0,OK_CALIBRADO
2026-10-09,ENAPU,29.0,2026-10-08,2026-10-13,30,5,27.167880070845833,3.8170452226662355,27.167880070845833,3.95,97.22038461538462,26.73088007084583,27.604880070845834,HIBRIDO_ANALOGO_CLIM,ANALOGO_ESTADO_V2_CONFORMAL,30,10,2.9639507467694663,EXCLUIDA_UNIDADES_MIXTAS,23.22155735507886,0.0,23.22155735507886,NO_CORREGIDO_UNIDADES_MIXTAS,15.065384564055691,39.270375577635974,12.102495506790142,240.0,OK_CALIBRADO
2026-10-09,ENAPU,29.0,2026-10-08,2026-10-14,30,6,27.15894723667334,3.774750161718303,27.15894723667334,3.95,97.31153846153846,26.653447236673344,27.664447236673343,HIBRIDO_ANALOGO_CLIM,ANALOGO_ESTADO_V2_CONFORMAL,30,10,2.9639507467694663,EXCLUIDA_UNIDADES_MIXTAS,23.22155735507886,0.0,23.22155735507886,NO_CORREGIDO_UNIDADES_MIXTAS,15.0564517298832,39.26144274346348,12.102495506790142,240.0,OK_CALIBRADO
2026-10-09,ENAPU,29.0,2026-10-08,2026-10-15,30,7,27.16717268812845,3.7435379431456264,27.16717268812845,3.95,97.43807692307692,26.666172688128448,27.66817268812845,HIBRIDO_ANALOGO_CLIM,ANALOGO_ESTADO_V2_CONFORMAL,30,10,2.9639507467694663,EXCLUIDA_UNIDADES_MIXTAS,23.22155735507886,0.0,23.22155735507886,NO_CORREGIDO_UNIDADES_MIXTAS,15.064677181338308,39.269668194918594,12.102495506790142,240.0,OK_CALIBRADO
2026-10-09,ENAPU,29.0,2026-10-08,2026-10-16,30,8,27.165799179052726,3.7106809566856884,27.165799179052726,3.95,97.53115384615384,26.563799179052726,27.767799179052723,HIBRIDO_ANALOGO_CLIM,ANALOGO_ESTADO_V2_CONFORMAL,30,10,2.9639507467694663,EXCLUIDA_UNIDADES_MIXTAS,23.22155735507886,0.0,23.22155735507886,NO_CORREGIDO_UNIDADES_MIXTAS,15.063303672262585,39.26829468584287,12.102495506790142,240.0,OK_CALIBRADO
2026-10-09,ENAPU,29.0,2026-10-08,2026-10-17,30,9,27.206224361324615,3.732273507407179,27.206224361324615,3.95,97.62807692307692,26.513724361324616,27.898724361324618,HIBRIDO_ANALOGO_CLIM,ANALOGO_ESTADO_V2_CONFORMAL,30,10,2.9639507467694663,EXCLUIDA_UNIDADES_MIXTAS,23.22155735507886,0.0,23.22155735507886,NO_CORREGIDO_UNIDADES_MIXTAS,15.103728854534474,39.30871986811476,12.102495506790142,240.0,OK_CALIBRADO
2026-10-09,ENAPU,29.0,2026-10-08,2026-10-18,30,10,27.232368533468133,3.7487990702652074,27.232368533468133,3.95,97.68307692307691,26.387368533468134,28.07736853346813,HIBRIDO_ANALOGO_CLIM,ANALOGO_ESTADO_V2_CONFORMAL,30,10,2.9639507467694663,EXCLUIDA_UNIDADES_MIXTAS,23.22155735507886,0.0,23.22155735507886,NO_CORREGIDO_UNIDADES_MIXTAS,15.129873026677991,39.334864040258275,12.102495506790142,240.0,OK_CALIBRADO
2026-10-09,ENAPU,29.0,2026-10-08,2026-10-19,30,11,27.24272058870582,3.7449095028898096,27.24272058870582,3.95,97.73615384615384,26.200220588705818,28.28522058870582,HIBRIDO_ANALOGO_CLIM,ANALOGO_ESTADO_V2_CONFORMAL,30,10,2.9639507467694663,EXCLUIDA_UNIDADES_MIXTAS,23.22155735507886,0.0,23.22155735507886,NO_CORREGIDO_UNIDADES_MIXTAS,15.140225081915677,39.34521609549596,12.102495506790142,240.0,OK_CALIBRADO
2026-10-09,ENAPU,29.0,2026-10-08,2026-10-20,30,12,27.268057591275095,3.7534357627257697,27.268057591275095,3.95,97.81192307692308,26.136557591275093,28.399557591275094,HIBRIDO_ANALOGO_CLIM,ANALOGO_ESTADO_V2_CONFORMAL,30,10,2.9639507467694663,EXCLUIDA_UNIDADES_MIXTAS,23.22155735507886,0.0,23.22155735507886,NO_CORREGIDO_UNIDADES_MIXTAS,15.165562084484954,39.37055309806524,12.102495506790142,240.0,OK_CALIBRADO
2026-10-09,ENAPU,29.0,2026-10-08,2026-10-21,30,13,35.88295890163729,15.222534945772795,35.88295890163729,3.95,97.86423076923076,31.5802089016373,40.18570890163728,HIBRIDO_ANALOGO_CLIM,ANALOGO_ESTADO_V2_CONFORMAL,30,10,2.9639507467694663,EXCLUIDA_UNIDADES_MIXTAS,23.22155735507886,0.0,23.22155735507886,NO_CORREGIDO_UNIDADES_MIXTAS,23.780463394847146,47.98545440842743,12.102495506790142,240.0,OK_CALIBRADO
2026-10-09,ENAPU,29.0,2026-10-08,2026-10-22,30,14,35.86314139565217,15.184060322408024,35.86314139565217,3.95,97.90038461538461,31.60239139565218,40.123891395652166,HIBRIDO_ANALOGO_CLIM,ANALOGO_ESTADO_V2_CONFORMAL,30,10,2.9639507467694663,EXCLUIDA_UNIDADES_MIXTAS,23.22155735507886,0.0,23.22155735507886,NO_CORREGIDO_UNIDADES_MIXTAS,23.76064588886203,47.96563690244231,12.102495506790142,240.0,OK_CALIBRADO
2026-10-09,ENAPU,29.0,2026-10-08,2026-10-23,30,15,35.824648220350866,15.124274550211412,35.824648220350866,3.95,97.92576923076923,31.603398220350876,40.04589822035086,HIBRIDO_ANALOGO_CLIM,ANALOGO_ESTADO_V2_CONFORMAL,30,10,2.9639507467694663,EXCLUIDA_UNIDADES_MIXTAS,23.22155735507886,0.0,23.22155735507886,NO_CORREGIDO_UNIDADES_MIXTAS,23.722152713560725,47.92714372714101,12.102495506790142,240.0,OK_CALIBRADO
2026-10-09,ENAPU,29.0,2026-10-08,2026-10-24,30,16,35.78379366808693,15.060186429244112,35.78379366808693,3.95,97.9546153846154,31.544543668086938,40.02304366808692,HIBRIDO_ANALOGO_CLIM,ANALOGO_ESTADO_V2_CONFORMAL,30,10,2.9639507467694663,EXCLUIDA_UNIDADES_MIXTAS,23.22155735507886,0.0,23.22155735507886,NO_CORREGIDO_UNIDADES_MIXTAS,23.681298161296787,47.88628917487707,12.102495506790142,240.0,OK_CALIBRADO
2026-10-09,ENAPU,29.0,2026-10-08,2026-10-25,30,17,35.73351734520121,14.983407742319557,35.73351734520121,3.95,97.98384615384614,31.502767345201217,39.96426734520119,HIBRIDO_ANALOGO_CLIM,ANALOGO_ESTADO_V2_CONFORMAL,30,10,2.9639507467694663,EXCLUIDA_UNIDADES_MIXTAS,23.22155735507886,0.0,23.22155735507886,NO_CORREGIDO_UNIDADES_MIXTAS,23.631021838411066,47.83601285199135,12.102495506790142,240.0,OK_CALIBRADO
2026-10-09,ENAPU,29.0,2026-10-08,2026-10-26,30,18,35.69659655737272,14.93276976880465,35.69659655737272,3.95,97.98807692307693,31.472846557372733,39.92034655737271,HIBRIDO_ANALOGO_CLIM,ANALOGO_ESTADO_V2_CONFORMAL,30,10,2.9639507467694663,EXCLUIDA_UNIDADES_MIXTAS,23.22155735507886,0.0,23.22155735507886,NO_CORREGIDO_UNIDADES_MIXTAS,23.59410105058258,47.79909206416286,12.102495506790142,240.0,OK_CALIBRADO
2026-10-09,ENAPU,29.0,2026-10-08,2026-10-27,30,19,35.65241187245962,14.868472240202573,35.65241187245962,3.95,98.00423076923077,31.426161872459637,39.87866187245962,HIBRIDO_ANALOGO_CLIM,ANALOGO_ESTADO_V2_CONFORMAL,30,10,2.9639507467694663,EXCLUIDA_UNIDADES_MIXTAS,23.22155735507886,0.0,23.22155735507886,NO_CORREGIDO_UNIDADES_MIXTAS,23.549916365669482,47.754907379249765,12.102495506790142,240.0,OK_CALIBRADO
2026-10-09,ENAPU,29.0,2026-10-08,2026-10-28,30,20,35.64509665970937,14.846026315509928,35.64509665970937,3.95,98.04230769230769,31.414346659709377,39.87584665970935,HIBRIDO_ANALOGO_CLIM,ANALOGO_ESTADO_V2_CONFORMAL,30,10,2.9639507467694663,EXCLUIDA_UNIDADES_MIXTAS,23.22155735507886,0.0,23.22155735507886,NO_CORREGIDO_UNIDADES_MIXTAS,23.542601152919225,47.74759216649951,12.102495506790142,240.0,OK_CALIBRADO
2026-10-09,ENAPU,29.0,2026-10-08,2026-10-29,30,21,35.643684203560184,14.826194322695638,35.643684203560184,3.95,98.09615384615384,31.410434203560197,39.876934203560175,HIBRIDO_ANALOGO_CLIM,ANALOGO_ESTADO_V2_CONFORMAL,30,10,2.9639507467694663,EXCLUIDA_UNIDADES_MIXTAS,23.22155735507886,0.0,23.22155735507886,NO_CORREGIDO_UNIDADES_MIXTAS,23.541188696770043,47.746179710350326,12.102495506790142,240.0,OK_CALIBRADO
2026-10-09,ENAPU,29.0,2026-10-08,2026-10-30,30,22,35.62116935727063,14.777712989181358,35.62116935727063,3.95,98.15153846153846,31.40091935727064,39.841419357270624,HIBRIDO_ANALOGO_CLIM,ANALOGO_ESTADO_V2_CONFORMAL,30,10,2.9639507467694663,EXCLUIDA_UNIDADES_MIXTAS,23.22155735507886,0.0,23.22155735507886,NO_CORREGIDO_UNIDADES_MIXTAS,23.51867385048049,47.72366486406077,12.102495506790142,240.0,OK_CALIBRADO
2026-10-09,ENAPU,29.0,2026-10-08,2026-10-31,30,23,35.620538831999504,14.759308186255751,35.620538831999504,3.95,98.20423076923076,31.50528883199951,39.73578883199949,HIBRIDO_ANALOGO_CLIM,ANALOGO_ESTADO_V2_CONFORMAL,30,10,2.9639507467694663,EXCLUIDA_UNIDADES_MIXTAS,23.22155735507886,0.0,23.22155735507886,NO_CORREGIDO_UNIDADES_MIXTAS,23.518043325209362,47.723034338789645,12.102495506790142,240.0,OK_CALIBRADO
2026-10-09,ENAPU,29.0,2026-10-08,2026-11-01,30,24,35.74370969226464,14.750995639068902,35.74370969226464,3.95,98.72185185185184,31.65095969226465,39.836459692264626,HIBRIDO_ANALOGO_CLIM,ANALOGO_ESTADO_V2_CONFORMAL,30,10,2.9639507467694663,EXCLUIDA_UNIDADES_MIXTAS,23.22155735507886,0.0,23.22155735507886,NO_CORREGIDO_UNIDADES_MIXTAS,23.641214185474496,47.84620519905478,12.102495506790142,240.0,OK_CALIBRADO
2026-10-09,ENAPU,29.0,2026-10-08,2026-11-02,30,25,35.740060037952645,14.726993630850442,35.740060037952645,3.95,98.77925925925926,31.719310037952653,39.76081003795264,HIBRIDO_ANALOGO_CLIM,ANALOGO_ESTADO_V2_CONFORMAL,30,10,2.9639507467694663,EXCLUIDA_UNIDADES_MIXTAS,23.22155735507886,0.0,23.22155735507886,NO_CORREGIDO_UNIDADES_MIXTAS,23.637564531162504,47.84255554474279,12.102495506790142,240.0,OK_CALIBRADO
2026-10-09,ENAPU,29.0,2026-10-08,2026-11-03,30,26,35.7512778236048,14.715037098139737,35.7512778236048,3.95,98.86,31.87402782360481,39.62852782360479,HIBRIDO_ANALOGO_CLIM,ANALOGO_ESTADO_V2_CONFORMAL,30,10,2.9639507467694663,EXCLUIDA_UNIDADES_MIXTAS,23.22155735507886,0.0,23.22155735507886,NO_CORREGIDO_UNIDADES_MIXTAS,23.64878231681466,47.853773330394944,12.102495506790142,240.0,OK_CALIBRADO
2026-10-09,ENAPU,29.0,2026-10-08,2026-11-04,30,27,35.77970358628711,14.729481324926029,35.77970358628711,3.95,98.93037037037037,32.01395358628712,39.5454535862871,HIBRIDO_ANALOGO_CLIM,ANALOGO_ESTADO_V2_CONFORMAL,30,10,2.9639507467694663,EXCLUIDA_UNIDADES_MIXTAS,23.22155735507886,0.0,23.22155735507886,NO_CORREGIDO_UNIDADES_MIXTAS,23.67720807949697,47.882199093077254,12.102495506790142,240.0,OK_CALIBRADO
2026-10-09,ENAPU,29.0,2026-10-08,2026-11-05,30,28,35.784901386914754,14.716658639343134,35.784901386914754,3.95,98.98962962962962,31.918151386914765,39.65165138691475,HIBRIDO_ANALOGO_CLIM,ANALOGO_ESTADO_V2_CONFORMAL,30,10,2.9639507467694663,EXCLUIDA_UNIDADES_MIXTAS,23.22155735507886,0.0,23.22155735507886,NO_CORREGIDO_UNIDADES_MIXTAS,23.682405880124612,47.887396893704896,12.102495506790142,240.0,OK_CALIBRADO
2026-10-09,ENAPU,29.0,2026-10-08,2026-11-06,30,29,35.76157605578364,14.667410049686834,35.76157605578364,3.95,99.04407407407408,31.801826055783653,39.721326055783635,HIBRIDO_ANALOGO_CLIM,ANALOGO_ESTADO_V2_CONFORMAL,30,10,2.9639507467694663,EXCLUIDA_UNIDADES_MIXTAS,23.22155735507886,0.0,23.22155735507886,NO_CORREGIDO_UNIDADES_MIXTAS,23.6590805489935,47.864071562573784,12.102495506790142,240.0,OK_CALIBRADO
2026-10-09,ENAPU,29.0,2026-10-08,2026-11-07,30,30,35.74463268018512,14.624942339012259,35.74463268018512,3.95,99.10370370370372,31.709882680185128,39.77938268018511,HIBRIDO_ANALOGO_CLIM,ANALOGO_ESTADO_V2_CONFORMAL,30,10,2.9639507467694663,EXCLUIDA_UNIDADES_MIXTAS,23.22155735507886,0.0,23.22155735507886,NO_CORREGIDO_UNIDADES_MIXTAS,23.64213717339498,47.84712818697526,12.102495506790142,240.0,OK_CALIBRADO
2026-10-09,ENAPU,29.0,2026-10-08,2026-10-09,60,1,27.17155735507886,3.89605083241284,27.17155735507886,3.95,96.99807692307692,27.03455735507886,27.30855735507886,HIBRIDO_ANALOGO_CLIM,ANALOGO_ESTADO_V2_CONFORMAL,30,10,2.9639507467694663,EXCLUIDA_UNIDADES_MIXTAS,23.22155735507886,0.0,23.22155735507886,NO_CORREGIDO_UNIDADES_MIXTAS,7.236422188598695,47.106692521559026,19.935135166480165,480.0,OK_CALIBRADO
2026-10-09,ENAPU,29.0,2026-10-08,2026-10-10,60,2,27.167176205752423,3.8790554538237387,27.167176205752423,3.95,97.03153846153847,26.915676205752423,27.41867620575242,HIBRIDO_ANALOGO_CLIM,ANALOGO_ESTADO_V2_CONFORMAL,30,10,2.9639507467694663,EXCLUIDA_UNIDADES_MIXTAS,23.22155735507886,0.0,23.22155735507886,NO_CORREGIDO_UNIDADES_MIXTAS,7.232041039272257,47.10231137223259,19.935135166480165,480.0,OK_CALIBRADO
2026-10-09,ENAPU,29.0,2026-10-08,2026-10-11,60,3,27.1914804023846,3.8951789980512586,27.1914804023846,3.95,97.08038461538462,26.8844804023846,27.4984804023846,HIBRIDO_ANALOGO_CLIM,ANALOGO_ESTADO_V2_CONFORMAL,30,10,2.9639507467694663,EXCLUIDA_UNIDADES_MIXTAS,23.22155735507886,0.0,23.22155735507886,NO_CORREGIDO_UNIDADES_MIXTAS,7.256345235904433,47.126615568864764,19.935135166480165,480.0,OK_CALIBRADO
2026-10-09,ENAPU,29.0,2026-10-08,2026-10-12,60,4,27.187937302141663,3.8743010182401627,27.187937302141663,3.95,97.12884615384615,26.828437302141662,27.547437302141667,HIBRIDO_ANALOGO_CLIM,ANALOGO_ESTADO_V2_CONFORMAL,30,10,2.9639507467694663,EXCLUIDA_UNIDADES_MIXTAS,23.22155735507886,0.0,23.22155735507886,NO_CORREGIDO_UNIDADES_MIXTAS,7.252802135661497,47.12307246862183,19.935135166480165,480.0,OK_CALIBRADO
2026-10-09,ENAPU,29.0,2026-10-08,2026-10-13,60,5,27.167880070845833,3.8170452226662355,27.167880070845833,3.95,97.22038461538462,26.73088007084583,27.604880070845834,HIBRIDO_ANALOGO_CLIM,ANALOGO_ESTADO_V2_CONFORMAL,30,10,2.9639507467694663,EXCLUIDA_UNIDADES_MIXTAS,23.22155735507886,0.0,23.22155735507886,NO_CORREGIDO_UNIDADES_MIXTAS,7.232744904365667,47.103015237326,19.935135166480165,480.0,OK_CALIBRADO
2026-10-09,ENAPU,29.0,2026-10-08,2026-10-14,60,6,27.15894723667334,3.774750161718303,27.15894723667334,3.95,97.31153846153846,26.653447236673344,27.664447236673343,HIBRIDO_ANALOGO_CLIM,ANALOGO_ESTADO_V2_CONFORMAL,30,10,2.9639507467694663,EXCLUIDA_UNIDADES_MIXTAS,23.22155735507886,0.0,23.22155735507886,NO_CORREGIDO_UNIDADES_MIXTAS,7.223812070193176,47.09408240315351,19.935135166480165,480.0,OK_CALIBRADO
2026-10-09,ENAPU,29.0,2026-10-08,2026-10-15,60,7,27.16717268812845,3.7435379431456264,27.16717268812845,3.95,97.43807692307692,26.666172688128448,27.66817268812845,HIBRIDO_ANALOGO_CLIM,ANALOGO_ESTADO_V2_CONFORMAL,30,10,2.9639507467694663,EXCLUIDA_UNIDADES_MIXTAS,23.22155735507886,0.0,23.22155735507886,NO_CORREGIDO_UNIDADES_MIXTAS,7.232037521648284,47.10230785460861,19.935135166480165,480.0,OK_CALIBRADO
2026-10-09,ENAPU,29.0,2026-10-08,2026-10-16,60,8,27.165799179052726,3.7106809566856884,27.165799179052726,3.95,97.53115384615384,26.563799179052726,27.767799179052723,HIBRIDO_ANALOGO_CLIM,ANALOGO_ESTADO_V2_CONFORMAL,30,10,2.9639507467694663,EXCLUIDA_UNIDADES_MIXTAS,23.22155735507886,0.0,23.22155735507886,NO_CORREGIDO_UNIDADES_MIXTAS,7.230664012572561,47.10093434553289,19.935135166480165,480.0,OK_CALIBRADO
2026-10-09,ENAPU,29.0,2026-10-08,2026-10-17,60,9,27.206224361324615,3.732273507407179,27.206224361324615,3.95,97.62807692307692,26.513724361324616,27.898724361324618,HIBRIDO_ANALOGO_CLIM,ANALOGO_ESTADO_V2_CONFORMAL,30,10,2.9639507467694663,EXCLUIDA_UNIDADES_MIXTAS,23.22155735507886,0.0,23.22155735507886,NO_CORREGIDO_UNIDADES_MIXTAS,7.27108919484445,47.14135952780478,19.935135166480165,480.0,OK_CALIBRADO
2026-10-09,ENAPU,29.0,2026-10-08,2026-10-18,60,10,27.232368533468133,3.7487990702652074,27.232368533468133,3.95,97.68307692307691,26.387368533468134,28.07736853346813,HIBRIDO_ANALOGO_CLIM,ANALOGO_ESTADO_V2_CONFORMAL,30,10,2.9639507467694663,EXCLUIDA_UNIDADES_MIXTAS,23.22155735507886,0.0,23.22155735507886,NO_CORREGIDO_UNIDADES_MIXTAS,7.297233366987967,47.1675036999483,19.935135166480165,480.0,OK_CALIBRADO
2026-10-09,ENAPU,29.0,2026-10-08,2026-10-19,60,11,27.24272058870582,3.7449095028898096,27.24272058870582,3.95,97.73615384615384,26.200220588705818,28.28522058870582,HIBRIDO_ANALOGO_CLIM,ANALOGO_ESTADO_V2_CONFORMAL,30,10,2.9639507467694663,EXCLUIDA_UNIDADES_MIXTAS,23.22155735507886,0.0,23.22155735507886,NO_CORREGIDO_UNIDADES_MIXTAS,7.307585422225653,47.17785575518599,19.935135166480165,480.0,OK_CALIBRADO
2026-10-09,ENAPU,29.0,2026-10-08,2026-10-20,60,12,27.268057591275095,3.7534357627257697,27.268057591275095,3.95,97.81192307692308,26.136557591275093,28.399557591275094,HIBRIDO_ANALOGO_CLIM,ANALOGO_ESTADO_V2_CONFORMAL,30,10,2.9639507467694663,EXCLUIDA_UNIDADES_MIXTAS,23.22155735507886,0.0,23.22155735507886,NO_CORREGIDO_UNIDADES_MIXTAS,7.33292242479493,47.20319275775526,19.935135166480165,480.0,OK_CALIBRADO
2026-10-09,ENAPU,29.0,2026-10-08,2026-10-21,60,13,35.88295890163729,15.222534945772795,35.88295890163729,3.95,97.86423076923076,31.5802089016373,40.18570890163728,HIBRIDO_ANALOGO_CLIM,ANALOGO_ESTADO_V2_CONFORMAL,30,10,2.9639507467694663,EXCLUIDA_UNIDADES_MIXTAS,23.22155735507886,0.0,23.22155735507886,NO_CORREGIDO_UNIDADES_MIXTAS,15.947823735157122,55.81809406811745,19.935135166480165,480.0,OK_CALIBRADO
2026-10-09,ENAPU,29.0,2026-10-08,2026-10-22,60,14,35.86314139565217,15.184060322408024,35.86314139565217,3.95,97.90038461538461,31.60239139565218,40.123891395652166,HIBRIDO_ANALOGO_CLIM,ANALOGO_ESTADO_V2_CONFORMAL,30,10,2.9639507467694663,EXCLUIDA_UNIDADES_MIXTAS,23.22155735507886,0.0,23.22155735507886,NO_CORREGIDO_UNIDADES_MIXTAS,15.928006229172006,55.79827656213234,19.935135166480165,480.0,OK_CALIBRADO
2026-10-09,ENAPU,29.0,2026-10-08,2026-10-23,60,15,35.824648220350866,15.124274550211412,35.824648220350866,3.95,97.92576923076923,31.603398220350876,40.04589822035086,HIBRIDO_ANALOGO_CLIM,ANALOGO_ESTADO_V2_CONFORMAL,30,10,2.9639507467694663,EXCLUIDA_UNIDADES_MIXTAS,23.22155735507886,0.0,23.22155735507886,NO_CORREGIDO_UNIDADES_MIXTAS,15.8895130538707,55.75978338683103,19.935135166480165,480.0,OK_CALIBRADO
2026-10-09,ENAPU,29.0,2026-10-08,2026-10-24,60,16,35.78379366808693,15.060186429244112,35.78379366808693,3.95,97.9546153846154,31.544543668086938,40.02304366808692,HIBRIDO_ANALOGO_CLIM,ANALOGO_ESTADO_V2_CONFORMAL,30,10,2.9639507467694663,EXCLUIDA_UNIDADES_MIXTAS,23.22155735507886,0.0,23.22155735507886,NO_CORREGIDO_UNIDADES_MIXTAS,15.848658501606764,55.718928834567095,19.935135166480165,480.0,OK_CALIBRADO
2026-10-09,ENAPU,29.0,2026-10-08,2026-10-25,60,17,35.73351734520121,14.983407742319557,35.73351734520121,3.95,97.98384615384614,31.502767345201217,39.96426734520119,HIBRIDO_ANALOGO_CLIM,ANALOGO_ESTADO_V2_CONFORMAL,30,10,2.9639507467694663,EXCLUIDA_UNIDADES_MIXTAS,23.22155735507886,0.0,23.22155735507886,NO_CORREGIDO_UNIDADES_MIXTAS,15.798382178721042,55.66865251168137,19.935135166480165,480.0,OK_CALIBRADO
2026-10-09,ENAPU,29.0,2026-10-08,2026-10-26,60,18,35.69659655737272,14.93276976880465,35.69659655737272,3.95,97.98807692307693,31.472846557372733,39.92034655737271,HIBRIDO_ANALOGO_CLIM,ANALOGO_ESTADO_V2_CONFORMAL,30,10,2.9639507467694663,EXCLUIDA_UNIDADES_MIXTAS,23.22155735507886,0.0,23.22155735507886,NO_CORREGIDO_UNIDADES_MIXTAS,15.761461390892556,55.63173172385289,19.935135166480165,480.0,OK_CALIBRADO
2026-10-09,ENAPU,29.0,2026-10-08,2026-10-27,60,19,35.65241187245962,14.868472240202573,35.65241187245962,3.95,98.00423076923077,31.426161872459637,39.87866187245962,HIBRIDO_ANALOGO_CLIM,ANALOGO_ESTADO_V2_CONFORMAL,30,10,2.9639507467694663,EXCLUIDA_UNIDADES_MIXTAS,23.22155735507886,0.0,23.22155735507886,NO_CORREGIDO_UNIDADES_MIXTAS,15.717276705979458,55.58754703893979,19.935135166480165,480.0,OK_CALIBRADO
2026-10-09,ENAPU,29.0,2026-10-08,2026-10-28,60,20,35.64509665970937,14.846026315509928,35.64509665970937,3.95,98.04230769230769,31.414346659709377,39.87584665970935,HIBRIDO_ANALOGO_CLIM,ANALOGO_ESTADO_V2_CONFORMAL,30,10,2.9639507467694663,EXCLUIDA_UNIDADES_MIXTAS,23.22155735507886,0.0,23.22155735507886,NO_CORREGIDO_UNIDADES_MIXTAS,15.709961493229201,55.58023182618953,19.935135166480165,480.0,OK_CALIBRADO
2026-10-09,ENAPU,29.0,2026-10-08,2026-10-29,60,21,35.643684203560184,14.826194322695638,35.643684203560184,3.95,98.09615384615384,31.410434203560197,39.876934203560175,HIBRIDO_ANALOGO_CLIM,ANALOGO_ESTADO_V2_CONFORMAL,30,10,2.9639507467694663,EXCLUIDA_UNIDADES_MIXTAS,23.22155735507886,0.0,23.22155735507886,NO_CORREGIDO_UNIDADES_MIXTAS,15.708549037080019,55.57881937004035,19.935135166480165,480.0,OK_CALIBRADO
2026-10-09,ENAPU,29.0,2026-10-08,2026-10-30,60,22,35.62116935727063,14.777712989181358,35.62116935727063,3.95,98.15153846153846,31.40091935727064,39.841419357270624,HIBRIDO_ANALOGO_CLIM,ANALOGO_ESTADO_V2_CONFORMAL,30,10,2.9639507467694663,EXCLUIDA_UNIDADES_MIXTAS,23.22155735507886,0.0,23.22155735507886,NO_CORREGIDO_UNIDADES_MIXTAS,15.686034190790465,55.556304523750796,19.935135166480165,480.0,OK_CALIBRADO
2026-10-09,ENAPU,29.0,2026-10-08,2026-10-31,60,23,35.620538831999504,14.759308186255751,35.620538831999504,3.95,98.20423076923076,31.50528883199951,39.73578883199949,HIBRIDO_ANALOGO_CLIM,ANALOGO_ESTADO_V2_CONFORMAL,30,10,2.9639507467694663,EXCLUIDA_UNIDADES_MIXTAS,23.22155735507886,0.0,23.22155735507886,NO_CORREGIDO_UNIDADES_MIXTAS,15.685403665519338,55.55567399847967,19.935135166480165,480.0,OK_CALIBRADO
2026-10-09,ENAPU,29.0,2026-10-08,2026-11-01,60,24,35.74370969226464,14.750995639068902,35.74370969226464,3.95,98.72185185185184,31.65095969226465,39.836459692264626,HIBRIDO_ANALOGO_CLIM,ANALOGO_ESTADO_V2_CONFORMAL,30,10,2.9639507467694663,EXCLUIDA_UNIDADES_MIXTAS,23.22155735507886,0.0,23.22155735507886,NO_CORREGIDO_UNIDADES_MIXTAS,15.808574525784472,55.6788448587448,19.935135166480165,480.0,OK_CALIBRADO
2026-10-09,ENAPU,29.0,2026-10-08,2026-11-02,60,25,35.740060037952645,14.726993630850442,35.740060037952645,3.95,98.77925925925926,31.719310037952653,39.76081003795264,HIBRIDO_ANALOGO_CLIM,ANALOGO_ESTADO_V2_CONFORMAL,30,10,2.9639507467694663,EXCLUIDA_UNIDADES_MIXTAS,23.22155735507886,0.0,23.22155735507886,NO_CORREGIDO_UNIDADES_MIXTAS,15.80492487147248,55.67519520443281,19.935135166480165,480.0,OK_CALIBRADO
2026-10-09,ENAPU,29.0,2026-10-08,2026-11-03,60,26,35.7512778236048,14.715037098139737,35.7512778236048,3.95,98.86,31.87402782360481,39.62852782360479,HIBRIDO_ANALOGO_CLIM,ANALOGO_ESTADO_V2_CONFORMAL,30,10,2.9639507467694663,EXCLUIDA_UNIDADES_MIXTAS,23.22155735507886,0.0,23.22155735507886,NO_CORREGIDO_UNIDADES_MIXTAS,15.816142657124637,55.68641299008497,19.935135166480165,480.0,OK_CALIBRADO
2026-10-09,ENAPU,29.0,2026-10-08,2026-11-04,60,27,35.77970358628711,14.729481324926029,35.77970358628711,3.95,98.93037037037037,32.01395358628712,39.5454535862871,HIBRIDO_ANALOGO_CLIM,ANALOGO_ESTADO_V2_CONFORMAL,30,10,2.9639507467694663,EXCLUIDA_UNIDADES_MIXTAS,23.22155735507886,0.0,23.22155735507886,NO_CORREGIDO_UNIDADES_MIXTAS,15.844568419806947,55.71483875276728,19.935135166480165,480.0,OK_CALIBRADO
2026-10-09,ENAPU,29.0,2026-10-08,2026-11-05,60,28,35.784901386914754,14.716658639343134,35.784901386914754,3.95,98.98962962962962,31.918151386914765,39.65165138691475,HIBRIDO_ANALOGO_CLIM,ANALOGO_ESTADO_V2_CONFORMAL,30,10,2.9639507467694663,EXCLUIDA_UNIDADES_MIXTAS,23.22155735507886,0.0,23.22155735507886,NO_CORREGIDO_UNIDADES_MIXTAS,15.849766220434589,55.72003655339492,19.935135166480165,480.0,OK_CALIBRADO
2026-10-09,ENAPU,29.0,2026-10-08,2026-11-06,60,29,35.76157605578364,14.667410049686834,35.76157605578364,3.95,99.04407407407408,31.801826055783653,39.721326055783635,HIBRIDO_ANALOGO_CLIM,ANALOGO_ESTADO_V2_CONFORMAL,30,10,2.9639507467694663,EXCLUIDA_UNIDADES_MIXTAS,23.22155735507886,0.0,23.22155735507886,NO_CORREGIDO_UNIDADES_MIXTAS,15.826440889303477,55.69671122226381,19.935135166480165,480.0,OK_CALIBRADO
2026-10-09,ENAPU,29.0,2026-10-08,2026-11-07,60,30,35.74463268018512,14.624942339012259,35.74463268018512,3.95,99.10370370370372,31.709882680185128,39.77938268018511,HIBRIDO_ANALOGO_CLIM,ANALOGO_ESTADO_V2_CONFORMAL,30,10,2.9639507467694663,EXCLUIDA_UNIDADES_MIXTAS,23.22155735507886,0.0,23.22155735507886,NO_CORREGIDO_UNIDADES_MIXTAS,15.809497513704954,55.679767846665285,19.935135166480165,480.0,OK_CALIBRADO
2026-10-09,ENAPU,29.0,2026-10-08,2026-11-08,60,31,36.44744758984196,14.591752056216372,36.44744758984196,3.95,99.19444444444444,32.346697589841966,40.54819758984195,HIBRIDO_ANALOGO_CLIM,ANALOGO_ESTADO_V2_CONFORMAL,30,10,2.9639507467694663,EXCLUIDA_UNIDADES_MIXTAS,23.22155735507886,0.0,23.22155735507886,NO_CORREGIDO_UNIDADES_MIXTAS,16.51231242336179,56.38258275632212,19.935135166480165,480.0,OK_CALIBRADO
2026-10-09,ENAPU,29.0,2026-10-08,2026-11-09,60,32,37.15952616780246,14.578276424107742,37.15952616780246,3.95,99.25796296296296,32.92927616780247,41.38977616780245,HIBRIDO_ANALOGO_CLIM,ANALOGO_ESTADO_V2_CONFORMAL,30,10,2.9639507467694663,EXCLUIDA_UNIDADES_MIXTAS,23.22155735507886,0.0,23.22155735507886,NO_CORREGIDO_UNIDADES_MIXTAS,17.224391001322296,57.09466133428263,19.935135166480165,480.0,OK_CALIBRADO
2026-10-09,ENAPU,29.0,2026-10-08,2026-11-10,60,33,37.87981582496049,14.56803459892379,37.87981582496049,3.95,99.33814814814815,33.5065658249605,42.25306582496048,HIBRIDO_ANALOGO_CLIM,ANALOGO_ESTADO_V2_CONFORMAL,30,10,2.9639507467694663,EXCLUIDA_UNIDADES_MIXTAS,23.22155735507886,0.0,23.22155735507886,NO_CORREGIDO_UNIDADES_MIXTAS,17.944680658480323,57.814950991440654,19.935135166480165,480.0,OK_CALIBRADO
2026-10-09,ENAPU,29.0,2026-10-08,2026-11-11,60,34,38.630989863086164,14.594171901980689,38.630989863086164,3.95,99.43,34.05923986308618,43.20273986308616,HIBRIDO_ANALOGO_CLIM,ANALOGO_ESTADO_V2_CONFORMAL,30,10,2.9639507467694663,EXCLUIDA_UNIDADES_MIXTAS,23.22155735507886,0.0,23.22155735507886,NO_CORREGIDO_UNIDADES_MIXTAS,18.695854696606,58.56612502956633,19.935135166480165,480.0,OK_CALIBRADO
2026-10-09,ENAPU,29.0,2026-10-08,2026-11-12,60,35,39.40443419643149,14.654626055092809,39.40443419643149,3.95,99.51111111111112,34.5571841964315,44.25168419643148,HIBRIDO_ANALOGO_CLIM,ANALOGO_ESTADO_V2_CONFORMAL,30,10,2.9639507467694663,EXCLUIDA_UNIDADES_MIXTAS,23.22155735507886,0.0,23.22155735507886,NO_CORREGIDO_UNIDADES_MIXTAS,19.469299029951323,59.339569362911654,19.935135166480165,480.0,OK_CALIBRADO
2026-10-09,ENAPU,29.0,2026-10-08,2026-11-13,60,36,40.1662396869954,14.686056695707704,40.1662396869954,3.95,99.61999999999999,35.09398968699541,45.23848968699539,HIBRIDO_ANALOGO_CLIM,ANALOGO_ESTADO_V2_CONFORMAL,30,10,2.9639507467694663,EXCLUIDA_UNIDADES_MIXTAS,23.22155735507886,0.0,23.22155735507886,NO_CORREGIDO_UNIDADES_MIXTAS,20.23110452051523,60.10137485347556,19.935135166480165,480.0,OK_CALIBRADO
2026-10-09,ENAPU,29.0,2026-10-08,2026-11-14,60,37,40.916061294602514,14.704898971223617,40.916061294602514,3.95,99.71407407407408,35.69681129460252,46.1353112946025,HIBRIDO_ANALOGO_CLIM,ANALOGO_ESTADO_V2_CONFORMAL,30,10,2.9639507467694663,EXCLUIDA_UNIDADES_MIXTAS,23.22155735507886,0.0,23.22155735507886,NO_CORREGIDO_UNIDADES_MIXTAS,20.98092612812235,60.85119646108268,19.935135166480165,480.0,OK_CALIBRADO
2026-10-09,ENAPU,29.0,2026-10-08,2026-11-15,60,38,41.63284511945227,14.705654104347499,41.63284511945227,3.95,99.73888888888888,36.36959511945228,46.896095119452255,HIBRIDO_ANALOGO_CLIM,ANALOGO_ESTADO_V2_CONFORMAL,30,10,2.9639507467694663,EXCLUIDA_UNIDADES_MIXTAS,23.22155735507886,0.0,23.22155735507886,NO_CORREGIDO_UNIDADES_MIXTAS,21.697709952972104,61.567980285932435,19.935135166480165,480.0,OK_CALIBRADO
2026-10-09,ENAPU,29.0,2026-10-08,2026-11-16,60,39,42.344807141404075,14.685653926908653,42.344807141404075,3.95,99.79074074074073,37.02855714140408,47.66105714140406,HIBRIDO_ANALOGO_CLIM,ANALOGO_ESTADO_V2_CONFORMAL,30,10,2.9639507467694663,EXCLUIDA_UNIDADES_MIXTAS,23.22155735507886,0.0,23.22155735507886,NO_CORREGIDO_UNIDADES_MIXTAS,22.40967197492391,62.27994230788424,19.935135166480165,480.0,OK_CALIBRADO
2026-10-09,ENAPU,29.0,2026-10-08,2026-11-17,60,40,43.054279099875274,14.670863094257365,43.054279099875274,3.95,99.82111111111111,37.76852909987528,48.34002909987527,HIBRIDO_ANALOGO_CLIM,ANALOGO_ESTADO_V2_CONFORMAL,30,10,2.9639507467694663,EXCLUIDA_UNIDADES_MIXTAS,23.22155735507886,0.0,23.22155735507886,NO_CORREGIDO_UNIDADES_MIXTAS,23.119143933395108,62.98941426635544,19.935135166480165,480.0,OK_CALIBRADO
2026-10-09,ENAPU,29.0,2026-10-08,2026-11-18,60,41,43.79121210658151,14.693374226593582,43.79121210658151,3.95,99.85777777777777,38.50996210658152,49.0724621065815,HIBRIDO_ANALOGO_CLIM,ANALOGO_ESTADO_V2_CONFORMAL,30,10,2.9639507467694663,EXCLUIDA_UNIDADES_MIXTAS,23.22155735507886,0.0,23.22155735507886,NO_CORREGIDO_UNIDADES_MIXTAS,23.856076940101346,63.72634727306168,19.935135166480165,480.0,OK_CALIBRADO
2026-10-09,ENAPU,29.0,2026-10-08,2026-11-19,60,42,44.515648098865555,14.686125280305992,44.515648098865555,3.95,99.91333333333333,39.26789809886556,49.763398098865544,HIBRIDO_ANALOGO_CLIM,ANALOGO_ESTADO_V2_CONFORMAL,30,10,2.9639507467694663,EXCLUIDA_UNIDADES_MIXTAS,23.22155735507886,0.0,23.22155735507886,NO_CORREGIDO_UNIDADES_MIXTAS,24.58051293238539,64.45078326534572,19.935135166480165,480.0,OK_CALIBRADO
2026-10-09,ENAPU,29.0,2026-10-08,2026-11-20,60,43,45.23740829151865,14.677418405252721,45.23740829151865,3.95,99.96111111111111,39.95665829151866,50.51815829151864,HIBRIDO_ANALOGO_CLIM,ANALOGO_ESTADO_V2_CONFORMAL,30,10,2.9639507467694663,EXCLUIDA_UNIDADES_MIXTAS,23.22155735507886,0.0,23.22155735507886,NO_CORREGIDO_UNIDADES_MIXTAS,25.302273125038482,65.17254345799881,19.935135166480165,480.0,OK_CALIBRADO
2026-10-09,ENAPU,29.0,2026-10-08,2026-11-21,60,44,45.96054417111697,14.66532315517495,45.96054417111697,3.95,100.01592592592591,40.63029417111698,51.290794171116964,HIBRIDO_ANALOGO_CLIM,ANALOGO_ESTADO_V2_CONFORMAL,30,10,2.9639507467694663,EXCLUIDA_UNIDADES_MIXTAS,23.22155735507886,0.0,23.22155735507886,NO_CORREGIDO_UNIDADES_MIXTAS,26.025409004636806,65.89567933759713,19.935135166480165,480.0,OK_CALIBRADO
2026-10-09,ENAPU,29.0,2026-10-08,2026-11-22,60,45,46.70138151009621,14.679543749487276,46.70138151009621,3.95,100.07111111111111,41.27263151009622,52.1301315100962,HIBRIDO_ANALOGO_CLIM,ANALOGO_ESTADO_V2_CONFORMAL,30,10,2.9639507467694663,EXCLUIDA_UNIDADES_MIXTAS,23.22155735507886,0.0,23.22155735507886,NO_CORREGIDO_UNIDADES_MIXTAS,26.766246343616046,66.63651667657638,19.935135166480165,480.0,OK_CALIBRADO
2026-10-09,ENAPU,29.0,2026-10-08,2026-11-23,60,46,47.439020209595625,14.689312051596511,47.439020209595625,3.95,100.12333333333333,41.945770209595636,52.932270209595615,HIBRIDO_ANALOGO_CLIM,ANALOGO_ESTADO_V2_CONFORMAL,30,10,2.9639507467694663,EXCLUIDA_UNIDADES_MIXTAS,23.22155735507886,0.0,23.22155735507886,NO_CORREGIDO_UNIDADES_MIXTAS,27.50388504311546,67.37415537607579,19.935135166480165,480.0,OK_CALIBRADO
2026-10-09,ENAPU,29.0,2026-10-08,2026-11-24,60,47,48.147722540439915,14.665611887887032,48.147722540439915,3.95,100.15185185185184,42.542472540439924,53.752972540439906,HIBRIDO_ANALOGO_CLIM,ANALOGO_ESTADO_V2_CONFORMAL,30,10,2.9639507467694663,EXCLUIDA_UNIDADES_MIXTAS,23.22155735507886,0.0,23.22155735507886,NO_CORREGIDO_UNIDADES_MIXTAS,28.21258737395975,68.08285770692008,19.935135166480165,480.0,OK_CALIBRADO
2026-10-09,ENAPU,29.0,2026-10-08,2026-11-25,60,48,48.87745652119053,14.681192967416322,48.87745652119053,3.95,100.17185185185184,43.27720652119054,54.47770652119053,HIBRIDO_ANALOGO_CLIM,ANALOGO_ESTADO_V2_CONFORMAL,30,10,2.9639507467694663,EXCLUIDA_UNIDADES_MIXTAS,23.22155735507886,0.0,23.22155735507886,NO_CORREGIDO_UNIDADES_MIXTAS,28.942321354710366,68.8125916876707,19.935135166480165,480.0,OK_CALIBRADO
2026-10-09,ENAPU,29.0,2026-10-08,2026-11-26,60,49,49.63369122944378,14.721246522377594,49.63369122944378,3.95,100.2211111111111,44.08894122944379,55.17844122944376,HIBRIDO_ANALOGO_CLIM,ANALOGO_ESTADO_V2_CONFORMAL,30,10,2.9639507467694663,EXCLUIDA_UNIDADES_MIXTAS,23.22155735507886,0.0,23.22155735507886,NO_CORREGIDO_UNIDADES_MIXTAS,29.69855606296361,69.56882639592394,19.935135166480165,480.0,OK_CALIBRADO
2026-10-09,ENAPU,29.0,2026-10-08,2026-11-27,60,50,50.37414984836357,14.732140480792559,50.37414984836357,3.95,100.27296296296296,44.80889984836358,55.939399848363564,HIBRIDO_ANALOGO_CLIM,ANALOGO_ESTADO_V2_CONFORMAL,30,10,2.9639507467694663,EXCLUIDA_UNIDADES_MIXTAS,23.22155735507886,0.0,23.22155735507886,NO_CORREGIDO_UNIDADES_MIXTAS,30.439014681883407,70.30928501484374,19.935135166480165,480.0,OK_CALIBRADO
2026-10-09,ENAPU,29.0,2026-10-08,2026-11-28,60,51,51.129984983062926,14.751342643652098,51.129984983062926,3.95,100.34814814814816,45.59423498306293,56.66573498306292,HIBRIDO_ANALOGO_CLIM,ANALOGO_ESTADO_V2_CONFORMAL,30,10,2.9639507467694663,EXCLUIDA_UNIDADES_MIXTAS,23.22155735507886,0.0,23.22155735507886,NO_CORREGIDO_UNIDADES_MIXTAS,31.19484981658276,71.06512014954309,19.935135166480165,480.0,OK_CALIBRADO
2026-10-09,ENAPU,29.0,2026-10-08,2026-11-29,60,52,51.882871939521635,14.755198847521829,51.882871939521635,3.95,100.43444444444445,46.34762193952164,57.418121939521626,HIBRIDO_ANALOGO_CLIM,ANALOGO_ESTADO_V2_CONFORMAL,30,10,2.9639507467694663,EXCLUIDA_UNIDADES_MIXTAS,23.22155735507886,0.0,23.22155735507886,NO_CORREGIDO_UNIDADES_MIXTAS,31.94773677304147,71.8180071060018,19.935135166480165,480.0,OK_CALIBRADO
2026-10-09,ENAPU,29.0,2026-10-08,2026-11-30,60,53,52.623118545922836,14.744501983852958,52.623118545922836,3.95,100.5074074074074,47.007368545922844,58.23886854592283,HIBRIDO_ANALOGO_CLIM,ANALOGO_ESTADO_V2_CONFORMAL,30,10,2.9639507467694663,EXCLUIDA_UNIDADES_MIXTAS,23.22155735507886,0.0,23.22155735507886,NO_CORREGIDO_UNIDADES_MIXTAS,32.68798337944267,72.558253712403,19.935135166480165,480.0,OK_CALIBRADO
2026-10-09,ENAPU,29.0,2026-10-08,2026-12-01,60,54,53.37726282406414,14.74381119526815,53.37726282406414,3.95,100.59592592592593,47.659512824064144,59.09501282406413,HIBRIDO_ANALOGO_CLIM,ANALOGO_ESTADO_V2_CONFORMAL,30,10,2.9639507467694663,EXCLUIDA_UNIDADES_MIXTAS,23.22155735507886,0.0,23.22155735507886,NO_CORREGIDO_UNIDADES_MIXTAS,33.442127657583974,73.3123979905443,19.935135166480165,480.0,OK_CALIBRADO
2026-10-09,ENAPU,29.0,2026-10-08,2026-12-02,60,55,54.15821248258972,14.808352389510372,54.15821248258972,3.95,100.66259259259259,48.16096248258973,60.15546248258971,HIBRIDO_ANALOGO_CLIM,ANALOGO_ESTADO_V2_CONFORMAL,30,10,2.9639507467694663,EXCLUIDA_UNIDADES_MIXTAS,23.22155735507886,0.0,23.22155735507886,NO_CORREGIDO_UNIDADES_MIXTAS,34.22307731610955,74.09334764906988,19.935135166480165,480.0,OK_CALIBRADO
2026-10-09,ENAPU,29.0,2026-10-08,2026-12-03,60,56,54.91144279240541,14.839649680204595,54.91144279240541,3.95,100.70777777777778,48.52819279240542,61.2946927924054,HIBRIDO_ANALOGO_CLIM,ANALOGO_ESTADO_V2_CONFORMAL,30,10,2.9639507467694663,EXCLUIDA_UNIDADES_MIXTAS,23.22155735507886,0.0,23.22155735507886,NO_CORREGIDO_UNIDADES_MIXTAS,34.976307625925244,74.84657795888558,19.935135166480165,480.0,OK_CALIBRADO
2026-10-09,ENAPU,29.0,2026-10-08,2026-12-04,60,57,55.67279947062448,14.881963718297083,55.67279947062448,3.95,100.7574074074074,48.98654947062449,62.35904947062447,HIBRIDO_ANALOGO_CLIM,ANALOGO_ESTADO_V2_CONFORMAL,30,10,2.9639507467694663,EXCLUIDA_UNIDADES_MIXTAS,23.22155735507886,0.0,23.22155735507886,NO_CORREGIDO_UNIDADES_MIXTAS,35.73766430414432,75.60793463710465,19.935135166480165,480.0,OK_CALIBRADO
2026-10-09,ENAPU,29.0,2026-10-08,2026-12-05,60,58,56.12479403891964,14.931781771863585,56.12479403891964,3.95,100.1587037037037,49.293044038919646,62.95654403891963,HIBRIDO_ANALOGO_CLIM,ANALOGO_ESTADO_V2_CONFORMAL,30,10,2.9639507467694663,EXCLUIDA_UNIDADES_MIXTAS,23.22155735507886,0.0,23.22155735507886,NO_CORREGIDO_UNIDADES_MIXTAS,36.18965887243947,76.05992920539981,19.935135166480165,480.0,OK_CALIBRADO
2026-10-09,ENAPU,29.0,2026-10-08,2026-12-06,60,59,56.898265120049196,14.985869655308262,56.898265120049196,3.95,100.23141975308643,49.9605151200492,63.83601512004918,HIBRIDO_ANALOGO_CLIM,ANALOGO_ESTADO_V2_CONFORMAL,30,10,2.9639507467694663,EXCLUIDA_UNIDADES_MIXTAS,23.22155735507886,0.0,23.22155735507886,NO_CORREGIDO_UNIDADES_MIXTAS,36.96312995356903,76.83340028652935,19.935135166480165,480.0,OK_CALIBRADO
2026-10-09,ENAPU,29.0,2026-10-08,2026-12-07,60,60,57.68207156503599,15.035686339948526,57.68207156503599,3.95,100.32845679012345,50.627821565035994,64.73632156503598,HIBRIDO_ANALOGO_CLIM,ANALOGO_ESTADO_V2_CONFORMAL,30,10,2.9639507467694663,EXCLUIDA_UNIDADES_MIXTAS,23.22155735507886,0.0,23.22155735507886,NO_CORREGIDO_UNIDADES_MIXTAS,37.746936398555825,77.61720673151615,19.935135166480165,480.0,OK_CALIBRADO
2026-10-09,ENAPU,29.0,2026-10-08,2026-10-09,90,1,27.17155735507886,3.89605083241284,27.17155735507886,3.95,96.99807692307692,27.03455735507886,27.30855735507886,HIBRIDO_ANALOGO_CLIM,ANALOGO_ESTADO_V2_CONFORMAL,30,10,2.9639507467694663,EXCLUIDA_UNIDADES_MIXTAS,23.22155735507886,0.0,23.22155735507886,NO_CORREGIDO_UNIDADES_MIXTAS,-2.2449179489898654,56.588032659147586,29.416475304068726,720.0,OK_CALIBRADO
2026-10-09,ENAPU,29.0,2026-10-08,2026-10-10,90,2,27.167176205752423,3.8790554538237387,27.167176205752423,3.95,97.03153846153847,26.915676205752423,27.41867620575242,HIBRIDO_ANALOGO_CLIM,ANALOGO_ESTADO_V2_CONFORMAL,30,10,2.9639507467694663,EXCLUIDA_UNIDADES_MIXTAS,23.22155735507886,0.0,23.22155735507886,NO_CORREGIDO_UNIDADES_MIXTAS,-2.2492990983163033,56.58365150982115,29.416475304068726,720.0,OK_CALIBRADO
2026-10-09,ENAPU,29.0,2026-10-08,2026-10-11,90,3,27.1914804023846,3.8951789980512586,27.1914804023846,3.95,97.08038461538462,26.8844804023846,27.4984804023846,HIBRIDO_ANALOGO_CLIM,ANALOGO_ESTADO_V2_CONFORMAL,30,10,2.9639507467694663,EXCLUIDA_UNIDADES_MIXTAS,23.22155735507886,0.0,23.22155735507886,NO_CORREGIDO_UNIDADES_MIXTAS,-2.224994901684127,56.607955706453325,29.416475304068726,720.0,OK_CALIBRADO
2026-10-09,ENAPU,29.0,2026-10-08,2026-10-12,90,4,27.187937302141663,3.8743010182401627,27.187937302141663,3.95,97.12884615384615,26.828437302141662,27.547437302141667,HIBRIDO_ANALOGO_CLIM,ANALOGO_ESTADO_V2_CONFORMAL,30,10,2.9639507467694663,EXCLUIDA_UNIDADES_MIXTAS,23.22155735507886,0.0,23.22155735507886,NO_CORREGIDO_UNIDADES_MIXTAS,-2.2285380019270633,56.60441260621039,29.416475304068726,720.0,OK_CALIBRADO
2026-10-09,ENAPU,29.0,2026-10-08,2026-10-13,90,5,27.167880070845833,3.8170452226662355,27.167880070845833,3.95,97.22038461538462,26.73088007084583,27.604880070845834,HIBRIDO_ANALOGO_CLIM,ANALOGO_ESTADO_V2_CONFORMAL,30,10,2.9639507467694663,EXCLUIDA_UNIDADES_MIXTAS,23.22155735507886,0.0,23.22155735507886,NO_CORREGIDO_UNIDADES_MIXTAS,-2.2485952332228933,56.58435537491456,29.416475304068726,720.0,OK_CALIBRADO
2026-10-09,ENAPU,29.0,2026-10-08,2026-10-14,90,6,27.15894723667334,3.774750161718303,27.15894723667334,3.95,97.31153846153846,26.653447236673344,27.664447236673343,HIBRIDO_ANALOGO_CLIM,ANALOGO_ESTADO_V2_CONFORMAL,30,10,2.9639507467694663,EXCLUIDA_UNIDADES_MIXTAS,23.22155735507886,0.0,23.22155735507886,NO_CORREGIDO_UNIDADES_MIXTAS,-2.257528067395384,56.57542254074207,29.416475304068726,720.0,OK_CALIBRADO
2026-10-09,ENAPU,29.0,2026-10-08,2026-10-15,90,7,27.16717268812845,3.7435379431456264,27.16717268812845,3.95,97.43807692307692,26.666172688128448,27.66817268812845,HIBRIDO_ANALOGO_CLIM,ANALOGO_ESTADO_V2_CONFORMAL,30,10,2.9639507467694663,EXCLUIDA_UNIDADES_MIXTAS,23.22155735507886,0.0,23.22155735507886,NO_CORREGIDO_UNIDADES_MIXTAS,-2.2493026159402767,56.58364799219717,29.416475304068726,720.0,OK_CALIBRADO
2026-10-09,ENAPU,29.0,2026-10-08,2026-10-16,90,8,27.165799179052726,3.7106809566856884,27.165799179052726,3.95,97.53115384615384,26.563799179052726,27.767799179052723,HIBRIDO_ANALOGO_CLIM,ANALOGO_ESTADO_V2_CONFORMAL,30,10,2.9639507467694663,EXCLUIDA_UNIDADES_MIXTAS,23.22155735507886,0.0,23.22155735507886,NO_CORREGIDO_UNIDADES_MIXTAS,-2.2506761250159997,56.58227448312145,29.416475304068726,720.0,OK_CALIBRADO
2026-10-09,ENAPU,29.0,2026-10-08,2026-10-17,90,9,27.206224361324615,3.732273507407179,27.206224361324615,3.95,97.62807692307692,26.513724361324616,27.898724361324618,HIBRIDO_ANALOGO_CLIM,ANALOGO_ESTADO_V2_CONFORMAL,30,10,2.9639507467694663,EXCLUIDA_UNIDADES_MIXTAS,23.22155735507886,0.0,23.22155735507886,NO_CORREGIDO_UNIDADES_MIXTAS,-2.2102509427441106,56.62269966539334,29.416475304068726,720.0,OK_CALIBRADO
2026-10-09,ENAPU,29.0,2026-10-08,2026-10-18,90,10,27.232368533468133,3.7487990702652074,27.232368533468133,3.95,97.68307692307691,26.387368533468134,28.07736853346813,HIBRIDO_ANALOGO_CLIM,ANALOGO_ESTADO_V2_CONFORMAL,30,10,2.9639507467694663,EXCLUIDA_UNIDADES_MIXTAS,23.22155735507886,0.0,23.22155735507886,NO_CORREGIDO_UNIDADES_MIXTAS,-2.184106770600593,56.64884383753686,29.416475304068726,720.0,OK_CALIBRADO
2026-10-09,ENAPU,29.0,2026-10-08,2026-10-19,90,11,27.24272058870582,3.7449095028898096,27.24272058870582,3.95,97.73615384615384,26.200220588705818,28.28522058870582,HIBRIDO_ANALOGO_CLIM,ANALOGO_ESTADO_V2_CONFORMAL,30,10,2.9639507467694663,EXCLUIDA_UNIDADES_MIXTAS,23.22155735507886,0.0,23.22155735507886,NO_CORREGIDO_UNIDADES_MIXTAS,-2.1737547153629073,56.65919589277455,29.416475304068726,720.0,OK_CALIBRADO
2026-10-09,ENAPU,29.0,2026-10-08,2026-10-20,90,12,27.268057591275095,3.7534357627257697,27.268057591275095,3.95,97.81192307692308,26.136557591275093,28.399557591275094,HIBRIDO_ANALOGO_CLIM,ANALOGO_ESTADO_V2_CONFORMAL,30,10,2.9639507467694663,EXCLUIDA_UNIDADES_MIXTAS,23.22155735507886,0.0,23.22155735507886,NO_CORREGIDO_UNIDADES_MIXTAS,-2.1484177127936306,56.68453289534382,29.416475304068726,720.0,OK_CALIBRADO
2026-10-09,ENAPU,29.0,2026-10-08,2026-10-21,90,13,35.88295890163729,15.222534945772795,35.88295890163729,3.95,97.86423076923076,31.5802089016373,40.18570890163728,HIBRIDO_ANALOGO_CLIM,ANALOGO_ESTADO_V2_CONFORMAL,30,10,2.9639507467694663,EXCLUIDA_UNIDADES_MIXTAS,23.22155735507886,0.0,23.22155735507886,NO_CORREGIDO_UNIDADES_MIXTAS,6.466483597568562,65.299434205706,29.416475304068726,720.0,OK_CALIBRADO
2026-10-09,ENAPU,29.0,2026-10-08,2026-10-22,90,14,35.86314139565217,15.184060322408024,35.86314139565217,3.95,97.90038461538461,31.60239139565218,40.123891395652166,HIBRIDO_ANALOGO_CLIM,ANALOGO_ESTADO_V2_CONFORMAL,30,10,2.9639507467694663,EXCLUIDA_UNIDADES_MIXTAS,23.22155735507886,0.0,23.22155735507886,NO_CORREGIDO_UNIDADES_MIXTAS,6.446666091583445,65.27961669972089,29.416475304068726,720.0,OK_CALIBRADO
2026-10-09,ENAPU,29.0,2026-10-08,2026-10-23,90,15,35.824648220350866,15.124274550211412,35.824648220350866,3.95,97.92576923076923,31.603398220350876,40.04589822035086,HIBRIDO_ANALOGO_CLIM,ANALOGO_ESTADO_V2_CONFORMAL,30,10,2.9639507467694663,EXCLUIDA_UNIDADES_MIXTAS,23.22155735507886,0.0,23.22155735507886,NO_CORREGIDO_UNIDADES_MIXTAS,6.40817291628214,65.24112352441959,29.416475304068726,720.0,OK_CALIBRADO
2026-10-09,ENAPU,29.0,2026-10-08,2026-10-24,90,16,35.78379366808693,15.060186429244112,35.78379366808693,3.95,97.9546153846154,31.544543668086938,40.02304366808692,HIBRIDO_ANALOGO_CLIM,ANALOGO_ESTADO_V2_CONFORMAL,30,10,2.9639507467694663,EXCLUIDA_UNIDADES_MIXTAS,23.22155735507886,0.0,23.22155735507886,NO_CORREGIDO_UNIDADES_MIXTAS,6.367318364018203,65.20026897215565,29.416475304068726,720.0,OK_CALIBRADO
2026-10-09,ENAPU,29.0,2026-10-08,2026-10-25,90,17,35.73351734520121,14.983407742319557,35.73351734520121,3.95,97.98384615384614,31.502767345201217,39.96426734520119,HIBRIDO_ANALOGO_CLIM,ANALOGO_ESTADO_V2_CONFORMAL,30,10,2.9639507467694663,EXCLUIDA_UNIDADES_MIXTAS,23.22155735507886,0.0,23.22155735507886,NO_CORREGIDO_UNIDADES_MIXTAS,6.317042041132481,65.14999264926993,29.416475304068726,720.0,OK_CALIBRADO
2026-10-09,ENAPU,29.0,2026-10-08,2026-10-26,90,18,35.69659655737272,14.93276976880465,35.69659655737272,3.95,97.98807692307693,31.472846557372733,39.92034655737271,HIBRIDO_ANALOGO_CLIM,ANALOGO_ESTADO_V2_CONFORMAL,30,10,2.9639507467694663,EXCLUIDA_UNIDADES_MIXTAS,23.22155735507886,0.0,23.22155735507886,NO_CORREGIDO_UNIDADES_MIXTAS,6.280121253303996,65.11307186144145,29.416475304068726,720.0,OK_CALIBRADO
2026-10-09,ENAPU,29.0,2026-10-08,2026-10-27,90,19,35.65241187245962,14.868472240202573,35.65241187245962,3.95,98.00423076923077,31.426161872459637,39.87866187245962,HIBRIDO_ANALOGO_CLIM,ANALOGO_ESTADO_V2_CONFORMAL,30,10,2.9639507467694663,EXCLUIDA_UNIDADES_MIXTAS,23.22155735507886,0.0,23.22155735507886,NO_CORREGIDO_UNIDADES_MIXTAS,6.235936568390898,65.06888717652835,29.416475304068726,720.0,OK_CALIBRADO
2026-10-09,ENAPU,29.0,2026-10-08,2026-10-28,90,20,35.64509665970937,14.846026315509928,35.64509665970937,3.95,98.04230769230769,31.414346659709377,39.87584665970935,HIBRIDO_ANALOGO_CLIM,ANALOGO_ESTADO_V2_CONFORMAL,30,10,2.9639507467694663,EXCLUIDA_UNIDADES_MIXTAS,23.22155735507886,0.0,23.22155735507886,NO_CORREGIDO_UNIDADES_MIXTAS,6.228621355640641,65.06157196377809,29.416475304068726,720.0,OK_CALIBRADO
2026-10-09,ENAPU,29.0,2026-10-08,2026-10-29,90,21,35.643684203560184,14.826194322695638,35.643684203560184,3.95,98.09615384615384,31.410434203560197,39.876934203560175,HIBRIDO_ANALOGO_CLIM,ANALOGO_ESTADO_V2_CONFORMAL,30,10,2.9639507467694663,EXCLUIDA_UNIDADES_MIXTAS,23.22155735507886,0.0,23.22155735507886,NO_CORREGIDO_UNIDADES_MIXTAS,6.227208899491458,65.06015950762891,29.416475304068726,720.0,OK_CALIBRADO
2026-10-09,ENAPU,29.0,2026-10-08,2026-10-30,90,22,35.62116935727063,14.777712989181358,35.62116935727063,3.95,98.15153846153846,31.40091935727064,39.841419357270624,HIBRIDO_ANALOGO_CLIM,ANALOGO_ESTADO_V2_CONFORMAL,30,10,2.9639507467694663,EXCLUIDA_UNIDADES_MIXTAS,23.22155735507886,0.0,23.22155735507886,NO_CORREGIDO_UNIDADES_MIXTAS,6.204694053201905,65.03764466133936,29.416475304068726,720.0,OK_CALIBRADO
2026-10-09,ENAPU,29.0,2026-10-08,2026-10-31,90,23,35.620538831999504,14.759308186255751,35.620538831999504,3.95,98.20423076923076,31.50528883199951,39.73578883199949,HIBRIDO_ANALOGO_CLIM,ANALOGO_ESTADO_V2_CONFORMAL,30,10,2.9639507467694663,EXCLUIDA_UNIDADES_MIXTAS,23.22155735507886,0.0,23.22155735507886,NO_CORREGIDO_UNIDADES_MIXTAS,6.204063527930778,65.03701413606822,29.416475304068726,720.0,OK_CALIBRADO
2026-10-09,ENAPU,29.0,2026-10-08,2026-11-01,90,24,35.74370969226464,14.750995639068902,35.74370969226464,3.95,98.72185185185184,31.65095969226465,39.836459692264626,HIBRIDO_ANALOGO_CLIM,ANALOGO_ESTADO_V2_CONFORMAL,30,10,2.9639507467694663,EXCLUIDA_UNIDADES_MIXTAS,23.22155735507886,0.0,23.22155735507886,NO_CORREGIDO_UNIDADES_MIXTAS,6.327234388195912,65.16018499633336,29.416475304068726,720.0,OK_CALIBRADO
2026-10-09,ENAPU,29.0,2026-10-08,2026-11-02,90,25,35.740060037952645,14.726993630850442,35.740060037952645,3.95,98.77925925925926,31.719310037952653,39.76081003795264,HIBRIDO_ANALOGO_CLIM,ANALOGO_ESTADO_V2_CONFORMAL,30,10,2.9639507467694663,EXCLUIDA_UNIDADES_MIXTAS,23.22155735507886,0.0,23.22155735507886,NO_CORREGIDO_UNIDADES_MIXTAS,6.323584733883919,65.15653534202137,29.416475304068726,720.0,OK_CALIBRADO
2026-10-09,ENAPU,29.0,2026-10-08,2026-11-03,90,26,35.7512778236048,14.715037098139737,35.7512778236048,3.95,98.86,31.87402782360481,39.62852782360479,HIBRIDO_ANALOGO_CLIM,ANALOGO_ESTADO_V2_CONFORMAL,30,10,2.9639507467694663,EXCLUIDA_UNIDADES_MIXTAS,23.22155735507886,0.0,23.22155735507886,NO_CORREGIDO_UNIDADES_MIXTAS,6.334802519536076,65.16775312767354,29.416475304068726,720.0,OK_CALIBRADO
2026-10-09,ENAPU,29.0,2026-10-08,2026-11-04,90,27,35.77970358628711,14.729481324926029,35.77970358628711,3.95,98.93037037037037,32.01395358628712,39.5454535862871,HIBRIDO_ANALOGO_CLIM,ANALOGO_ESTADO_V2_CONFORMAL,30,10,2.9639507467694663,EXCLUIDA_UNIDADES_MIXTAS,23.22155735507886,0.0,23.22155735507886,NO_CORREGIDO_UNIDADES_MIXTAS,6.363228282218387,65.19617889035584,29.416475304068726,720.0,OK_CALIBRADO
2026-10-09,ENAPU,29.0,2026-10-08,2026-11-05,90,28,35.784901386914754,14.716658639343134,35.784901386914754,3.95,98.98962962962962,31.918151386914765,39.65165138691475,HIBRIDO_ANALOGO_CLIM,ANALOGO_ESTADO_V2_CONFORMAL,30,10,2.9639507467694663,EXCLUIDA_UNIDADES_MIXTAS,23.22155735507886,0.0,23.22155735507886,NO_CORREGIDO_UNIDADES_MIXTAS,6.368426082846028,65.20137669098348,29.416475304068726,720.0,OK_CALIBRADO
2026-10-09,ENAPU,29.0,2026-10-08,2026-11-06,90,29,35.76157605578364,14.667410049686834,35.76157605578364,3.95,99.04407407407408,31.801826055783653,39.721326055783635,HIBRIDO_ANALOGO_CLIM,ANALOGO_ESTADO_V2_CONFORMAL,30,10,2.9639507467694663,EXCLUIDA_UNIDADES_MIXTAS,23.22155735507886,0.0,23.22155735507886,NO_CORREGIDO_UNIDADES_MIXTAS,6.3451007517149165,65.17805135985236,29.416475304068726,720.0,OK_CALIBRADO
2026-10-09,ENAPU,29.0,2026-10-08,2026-11-07,90,30,35.74463268018512,14.624942339012259,35.74463268018512,3.95,99.10370370370372,31.709882680185128,39.77938268018511,HIBRIDO_ANALOGO_CLIM,ANALOGO_ESTADO_V2_CONFORMAL,30,10,2.9639507467694663,EXCLUIDA_UNIDADES_MIXTAS,23.22155735507886,0.0,23.22155735507886,NO_CORREGIDO_UNIDADES_MIXTAS,6.328157376116394,65.16110798425385,29.416475304068726,720.0,OK_CALIBRADO
2026-10-09,ENAPU,29.0,2026-10-08,2026-11-08,90,31,36.44744758984196,14.591752056216372,36.44744758984196,3.95,99.19444444444444,32.346697589841966,40.54819758984195,HIBRIDO_ANALOGO_CLIM,ANALOGO_ESTADO_V2_CONFORMAL,30,10,2.9639507467694663,EXCLUIDA_UNIDADES_MIXTAS,23.22155735507886,0.0,23.22155735507886,NO_CORREGIDO_UNIDADES_MIXTAS,7.030972285773231,65.86392289391068,29.416475304068726,720.0,OK_CALIBRADO
2026-10-09,ENAPU,29.0,2026-10-08,2026-11-09,90,32,37.15952616780246,14.578276424107742,37.15952616780246,3.95,99.25796296296296,32.92927616780247,41.38977616780245,HIBRIDO_ANALOGO_CLIM,ANALOGO_ESTADO_V2_CONFORMAL,30,10,2.9639507467694663,EXCLUIDA_UNIDADES_MIXTAS,23.22155735507886,0.0,23.22155735507886,NO_CORREGIDO_UNIDADES_MIXTAS,7.743050863733735,66.5760014718712,29.416475304068726,720.0,OK_CALIBRADO
2026-10-09,ENAPU,29.0,2026-10-08,2026-11-10,90,33,37.87981582496049,14.56803459892379,37.87981582496049,3.95,99.33814814814815,33.5065658249605,42.25306582496048,HIBRIDO_ANALOGO_CLIM,ANALOGO_ESTADO_V2_CONFORMAL,30,10,2.9639507467694663,EXCLUIDA_UNIDADES_MIXTAS,23.22155735507886,0.0,23.22155735507886,NO_CORREGIDO_UNIDADES_MIXTAS,8.463340520891762,67.29629112902921,29.416475304068726,720.0,OK_CALIBRADO
2026-10-09,ENAPU,29.0,2026-10-08,2026-11-11,90,34,38.630989863086164,14.594171901980689,38.630989863086164,3.95,99.43,34.05923986308618,43.20273986308616,HIBRIDO_ANALOGO_CLIM,ANALOGO_ESTADO_V2_CONFORMAL,30,10,2.9639507467694663,EXCLUIDA_UNIDADES_MIXTAS,23.22155735507886,0.0,23.22155735507886,NO_CORREGIDO_UNIDADES_MIXTAS,9.214514559017438,68.04746516715488,29.416475304068726,720.0,OK_CALIBRADO
2026-10-09,ENAPU,29.0,2026-10-08,2026-11-12,90,35,39.40443419643149,14.654626055092809,39.40443419643149,3.95,99.51111111111112,34.5571841964315,44.25168419643148,HIBRIDO_ANALOGO_CLIM,ANALOGO_ESTADO_V2_CONFORMAL,30,10,2.9639507467694663,EXCLUIDA_UNIDADES_MIXTAS,23.22155735507886,0.0,23.22155735507886,NO_CORREGIDO_UNIDADES_MIXTAS,9.987958892362762,68.82090950050022,29.416475304068726,720.0,OK_CALIBRADO
2026-10-09,ENAPU,29.0,2026-10-08,2026-11-13,90,36,40.1662396869954,14.686056695707704,40.1662396869954,3.95,99.61999999999999,35.09398968699541,45.23848968699539,HIBRIDO_ANALOGO_CLIM,ANALOGO_ESTADO_V2_CONFORMAL,30,10,2.9639507467694663,EXCLUIDA_UNIDADES_MIXTAS,23.22155735507886,0.0,23.22155735507886,NO_CORREGIDO_UNIDADES_MIXTAS,10.74976438292667,69.58271499106412,29.416475304068726,720.0,OK_CALIBRADO
2026-10-09,ENAPU,29.0,2026-10-08,2026-11-14,90,37,40.916061294602514,14.704898971223617,40.916061294602514,3.95,99.71407407407408,35.69681129460252,46.1353112946025,HIBRIDO_ANALOGO_CLIM,ANALOGO_ESTADO_V2_CONFORMAL,30,10,2.9639507467694663,EXCLUIDA_UNIDADES_MIXTAS,23.22155735507886,0.0,23.22155735507886,NO_CORREGIDO_UNIDADES_MIXTAS,11.499585990533788,70.33253659867124,29.416475304068726,720.0,OK_CALIBRADO
2026-10-09,ENAPU,29.0,2026-10-08,2026-11-15,90,38,41.63284511945227,14.705654104347499,41.63284511945227,3.95,99.73888888888888,36.36959511945228,46.896095119452255,HIBRIDO_ANALOGO_CLIM,ANALOGO_ESTADO_V2_CONFORMAL,30,10,2.9639507467694663,EXCLUIDA_UNIDADES_MIXTAS,23.22155735507886,0.0,23.22155735507886,NO_CORREGIDO_UNIDADES_MIXTAS,12.216369815383544,71.049320423521,29.416475304068726,720.0,OK_CALIBRADO
2026-10-09,ENAPU,29.0,2026-10-08,2026-11-16,90,39,42.344807141404075,14.685653926908653,42.344807141404075,3.95,99.79074074074073,37.02855714140408,47.66105714140406,HIBRIDO_ANALOGO_CLIM,ANALOGO_ESTADO_V2_CONFORMAL,30,10,2.9639507467694663,EXCLUIDA_UNIDADES_MIXTAS,23.22155735507886,0.0,23.22155735507886,NO_CORREGIDO_UNIDADES_MIXTAS,12.92833183733535,71.7612824454728,29.416475304068726,720.0,OK_CALIBRADO
2026-10-09,ENAPU,29.0,2026-10-08,2026-11-17,90,40,43.054279099875274,14.670863094257365,43.054279099875274,3.95,99.82111111111111,37.76852909987528,48.34002909987527,HIBRIDO_ANALOGO_CLIM,ANALOGO_ESTADO_V2_CONFORMAL,30,10,2.9639507467694663,EXCLUIDA_UNIDADES_MIXTAS,23.22155735507886,0.0,23.22155735507886,NO_CORREGIDO_UNIDADES_MIXTAS,13.637803795806548,72.470754403944,29.416475304068726,720.0,OK_CALIBRADO
2026-10-09,ENAPU,29.0,2026-10-08,2026-11-18,90,41,43.79121210658151,14.693374226593582,43.79121210658151,3.95,99.85777777777777,38.50996210658152,49.0724621065815,HIBRIDO_ANALOGO_CLIM,ANALOGO_ESTADO_V2_CONFORMAL,30,10,2.9639507467694663,EXCLUIDA_UNIDADES_MIXTAS,23.22155735507886,0.0,23.22155735507886,NO_CORREGIDO_UNIDADES_MIXTAS,14.374736802512786,73.20768741065024,29.416475304068726,720.0,OK_CALIBRADO
2026-10-09,ENAPU,29.0,2026-10-08,2026-11-19,90,42,44.515648098865555,14.686125280305992,44.515648098865555,3.95,99.91333333333333,39.26789809886556,49.763398098865544,HIBRIDO_ANALOGO_CLIM,ANALOGO_ESTADO_V2_CONFORMAL,30,10,2.9639507467694663,EXCLUIDA_UNIDADES_MIXTAS,23.22155735507886,0.0,23.22155735507886,NO_CORREGIDO_UNIDADES_MIXTAS,15.099172794796829,73.93212340293428,29.416475304068726,720.0,OK_CALIBRADO
2026-10-09,ENAPU,29.0,2026-10-08,2026-11-20,90,43,45.23740829151865,14.677418405252721,45.23740829151865,3.95,99.96111111111111,39.95665829151866,50.51815829151864,HIBRIDO_ANALOGO_CLIM,ANALOGO_ESTADO_V2_CONFORMAL,30,10,2.9639507467694663,EXCLUIDA_UNIDADES_MIXTAS,23.22155735507886,0.0,23.22155735507886,NO_CORREGIDO_UNIDADES_MIXTAS,15.820932987449922,74.65388359558737,29.416475304068726,720.0,OK_CALIBRADO
2026-10-09,ENAPU,29.0,2026-10-08,2026-11-21,90,44,45.96054417111697,14.66532315517495,45.96054417111697,3.95,100.01592592592591,40.63029417111698,51.290794171116964,HIBRIDO_ANALOGO_CLIM,ANALOGO_ESTADO_V2_CONFORMAL,30,10,2.9639507467694663,EXCLUIDA_UNIDADES_MIXTAS,23.22155735507886,0.0,23.22155735507886,NO_CORREGIDO_UNIDADES_MIXTAS,16.544068867048246,75.3770194751857,29.416475304068726,720.0,OK_CALIBRADO
2026-10-09,ENAPU,29.0,2026-10-08,2026-11-22,90,45,46.70138151009621,14.679543749487276,46.70138151009621,3.95,100.07111111111111,41.27263151009622,52.1301315100962,HIBRIDO_ANALOGO_CLIM,ANALOGO_ESTADO_V2_CONFORMAL,30,10,2.9639507467694663,EXCLUIDA_UNIDADES_MIXTAS,23.22155735507886,0.0,23.22155735507886,NO_CORREGIDO_UNIDADES_MIXTAS,17.284906206027486,76.11785681416494,29.416475304068726,720.0,OK_CALIBRADO
2026-10-09,ENAPU,29.0,2026-10-08,2026-11-23,90,46,47.439020209595625,14.689312051596511,47.439020209595625,3.95,100.12333333333333,41.945770209595636,52.932270209595615,HIBRIDO_ANALOGO_CLIM,ANALOGO_ESTADO_V2_CONFORMAL,30,10,2.9639507467694663,EXCLUIDA_UNIDADES_MIXTAS,23.22155735507886,0.0,23.22155735507886,NO_CORREGIDO_UNIDADES_MIXTAS,18.0225449055269,76.85549551366435,29.416475304068726,720.0,OK_CALIBRADO
2026-10-09,ENAPU,29.0,2026-10-08,2026-11-24,90,47,48.147722540439915,14.665611887887032,48.147722540439915,3.95,100.15185185185184,42.542472540439924,53.752972540439906,HIBRIDO_ANALOGO_CLIM,ANALOGO_ESTADO_V2_CONFORMAL,30,10,2.9639507467694663,EXCLUIDA_UNIDADES_MIXTAS,23.22155735507886,0.0,23.22155735507886,NO_CORREGIDO_UNIDADES_MIXTAS,18.73124723637119,77.56419784450864,29.416475304068726,720.0,OK_CALIBRADO
2026-10-09,ENAPU,29.0,2026-10-08,2026-11-25,90,48,48.87745652119053,14.681192967416322,48.87745652119053,3.95,100.17185185185184,43.27720652119054,54.47770652119053,HIBRIDO_ANALOGO_CLIM,ANALOGO_ESTADO_V2_CONFORMAL,30,10,2.9639507467694663,EXCLUIDA_UNIDADES_MIXTAS,23.22155735507886,0.0,23.22155735507886,NO_CORREGIDO_UNIDADES_MIXTAS,19.460981217121805,78.29393182525925,29.416475304068726,720.0,OK_CALIBRADO
2026-10-09,ENAPU,29.0,2026-10-08,2026-11-26,90,49,49.63369122944378,14.721246522377594,49.63369122944378,3.95,100.2211111111111,44.08894122944379,55.17844122944376,HIBRIDO_ANALOGO_CLIM,ANALOGO_ESTADO_V2_CONFORMAL,30,10,2.9639507467694663,EXCLUIDA_UNIDADES_MIXTAS,23.22155735507886,0.0,23.22155735507886,NO_CORREGIDO_UNIDADES_MIXTAS,20.21721592537505,79.05016653351251,29.416475304068726,720.0,OK_CALIBRADO
2026-10-09,ENAPU,29.0,2026-10-08,2026-11-27,90,50,50.37414984836357,14.732140480792559,50.37414984836357,3.95,100.27296296296296,44.80889984836358,55.939399848363564,HIBRIDO_ANALOGO_CLIM,ANALOGO_ESTADO_V2_CONFORMAL,30,10,2.9639507467694663,EXCLUIDA_UNIDADES_MIXTAS,23.22155735507886,0.0,23.22155735507886,NO_CORREGIDO_UNIDADES_MIXTAS,20.957674544294846,79.7906251524323,29.416475304068726,720.0,OK_CALIBRADO
2026-10-09,ENAPU,29.0,2026-10-08,2026-11-28,90,51,51.129984983062926,14.751342643652098,51.129984983062926,3.95,100.34814814814816,45.59423498306293,56.66573498306292,HIBRIDO_ANALOGO_CLIM,ANALOGO_ESTADO_V2_CONFORMAL,30,10,2.9639507467694663,EXCLUIDA_UNIDADES_MIXTAS,23.22155735507886,0.0,23.22155735507886,NO_CORREGIDO_UNIDADES_MIXTAS,21.7135096789942,80.54646028713165,29.416475304068726,720.0,OK_CALIBRADO
2026-10-09,ENAPU,29.0,2026-10-08,2026-11-29,90,52,51.882871939521635,14.755198847521829,51.882871939521635,3.95,100.43444444444445,46.34762193952164,57.418121939521626,HIBRIDO_ANALOGO_CLIM,ANALOGO_ESTADO_V2_CONFORMAL,30,10,2.9639507467694663,EXCLUIDA_UNIDADES_MIXTAS,23.22155735507886,0.0,23.22155735507886,NO_CORREGIDO_UNIDADES_MIXTAS,22.46639663545291,81.29934724359036,29.416475304068726,720.0,OK_CALIBRADO
2026-10-09,ENAPU,29.0,2026-10-08,2026-11-30,90,53,52.623118545922836,14.744501983852958,52.623118545922836,3.95,100.5074074074074,47.007368545922844,58.23886854592283,HIBRIDO_ANALOGO_CLIM,ANALOGO_ESTADO_V2_CONFORMAL,30,10,2.9639507467694663,EXCLUIDA_UNIDADES_MIXTAS,23.22155735507886,0.0,23.22155735507886,NO_CORREGIDO_UNIDADES_MIXTAS,23.20664324185411,82.03959384999156,29.416475304068726,720.0,OK_CALIBRADO
2026-10-09,ENAPU,29.0,2026-10-08,2026-12-01,90,54,53.37726282406414,14.74381119526815,53.37726282406414,3.95,100.59592592592593,47.659512824064144,59.09501282406413,HIBRIDO_ANALOGO_CLIM,ANALOGO_ESTADO_V2_CONFORMAL,30,10,2.9639507467694663,EXCLUIDA_UNIDADES_MIXTAS,23.22155735507886,0.0,23.22155735507886,NO_CORREGIDO_UNIDADES_MIXTAS,23.960787519995414,82.79373812813287,29.416475304068726,720.0,OK_CALIBRADO
2026-10-09,ENAPU,29.0,2026-10-08,2026-12-02,90,55,54.15821248258972,14.808352389510372,54.15821248258972,3.95,100.66259259259259,48.16096248258973,60.15546248258971,HIBRIDO_ANALOGO_CLIM,ANALOGO_ESTADO_V2_CONFORMAL,30,10,2.9639507467694663,EXCLUIDA_UNIDADES_MIXTAS,23.22155735507886,0.0,23.22155735507886,NO_CORREGIDO_UNIDADES_MIXTAS,24.741737178520992,83.57468778665844,29.416475304068726,720.0,OK_CALIBRADO
2026-10-09,ENAPU,29.0,2026-10-08,2026-12-03,90,56,54.91144279240541,14.839649680204595,54.91144279240541,3.95,100.70777777777778,48.52819279240542,61.2946927924054,HIBRIDO_ANALOGO_CLIM,ANALOGO_ESTADO_V2_CONFORMAL,30,10,2.9639507467694663,EXCLUIDA_UNIDADES_MIXTAS,23.22155735507886,0.0,23.22155735507886,NO_CORREGIDO_UNIDADES_MIXTAS,25.494967488336684,84.32791809647414,29.416475304068726,720.0,OK_CALIBRADO
2026-10-09,ENAPU,29.0,2026-10-08,2026-12-04,90,57,55.67279947062448,14.881963718297083,55.67279947062448,3.95,100.7574074074074,48.98654947062449,62.35904947062447,HIBRIDO_ANALOGO_CLIM,ANALOGO_ESTADO_V2_CONFORMAL,30,10,2.9639507467694663,EXCLUIDA_UNIDADES_MIXTAS,23.22155735507886,0.0,23.22155735507886,NO_CORREGIDO_UNIDADES_MIXTAS,26.256324166555757,85.08927477469321,29.416475304068726,720.0,OK_CALIBRADO
2026-10-09,ENAPU,29.0,2026-10-08,2026-12-05,90,58,56.12479403891964,14.931781771863585,56.12479403891964,3.95,100.1587037037037,49.293044038919646,62.95654403891963,HIBRIDO_ANALOGO_CLIM,ANALOGO_ESTADO_V2_CONFORMAL,30,10,2.9639507467694663,EXCLUIDA_UNIDADES_MIXTAS,23.22155735507886,0.0,23.22155735507886,NO_CORREGIDO_UNIDADES_MIXTAS,26.708318734850913,85.54126934298836,29.416475304068726,720.0,OK_CALIBRADO
2026-10-09,ENAPU,29.0,2026-10-08,2026-12-06,90,59,56.898265120049196,14.985869655308262,56.898265120049196,3.95,100.23141975308643,49.9605151200492,63.83601512004918,HIBRIDO_ANALOGO_CLIM,ANALOGO_ESTADO_V2_CONFORMAL,30,10,2.9639507467694663,EXCLUIDA_UNIDADES_MIXTAS,23.22155735507886,0.0,23.22155735507886,NO_CORREGIDO_UNIDADES_MIXTAS,27.48178981598047,86.31474042411793,29.416475304068726,720.0,OK_CALIBRADO
2026-10-09,ENAPU,29.0,2026-10-08,2026-12-07,90,60,57.68207156503599,15.035686339948526,57.68207156503599,3.95,100.32845679012345,50.627821565035994,64.73632156503598,HIBRIDO_ANALOGO_CLIM,ANALOGO_ESTADO_V2_CONFORMAL,30,10,2.9639507467694663,EXCLUIDA_UNIDADES_MIXTAS,23.22155735507886,0.0,23.22155735507886,NO_CORREGIDO_UNIDADES_MIXTAS,28.265596260967264,87.09854686910472,29.416475304068726,720.0,OK_CALIBRADO
2026-10-09,ENAPU,29.0,2026-10-08,2026-12-08,90,61,58.46285621367339,15.062694579808621,58.46285621367339,3.95,100.44006172839507,51.2446062136734,65.68110621367337,HIBRIDO_ANALOGO_CLIM,ANALOGO_ESTADO_V2_CONFORMAL,30,10,2.9639507467694663,EXCLUIDA_UNIDADES_MIXTAS,23.22155735507886,0.0,23.22155735507886,NO_CORREGIDO_UNIDADES_MIXTAS,29.046380909604665,87.87933151774212,29.416475304068726,720.0,OK_CALIBRADO
2026-10-09,ENAPU,29.0,2026-10-08,2026-12-09,90,62,59.23266715752412,15.108687690748056,59.23266715752412,3.95,100.50993827160494,51.91191715752413,66.55341715752411,HIBRIDO_ANALOGO_CLIM,ANALOGO_ESTADO_V2_CONFORMAL,30,10,2.9639507467694663,EXCLUIDA_UNIDADES_MIXTAS,23.22155735507886,0.0,23.22155735507886,NO_CORREGIDO_UNIDADES_MIXTAS,29.816191853455393,88.64914246159285,29.416475304068726,720.0,OK_CALIBRADO
2026-10-09,ENAPU,29.0,2026-10-08,2026-12-10,90,63,60.00505320205996,15.147256253849426,60.00505320205996,3.95,100.59067901234567,52.653803202059976,67.35630320205996,HIBRIDO_ANALOGO_CLIM,ANALOGO_ESTADO_V2_CONFORMAL,30,10,2.9639507467694663,EXCLUIDA_UNIDADES_MIXTAS,23.22155735507886,0.0,23.22155735507886,NO_CORREGIDO_UNIDADES_MIXTAS,30.588577897991236,89.42152850612868,29.416475304068726,720.0,OK_CALIBRADO
2026-10-09,ENAPU,29.0,2026-10-08,2026-12-11,90,64,60.75504326725674,15.178655325779442,60.75504326725674,3.95,100.63438271604937,53.35379326725675,68.15629326725673,HIBRIDO_ANALOGO_CLIM,ANALOGO_ESTADO_V2_CONFORMAL,30,10,2.9639507467694663,EXCLUIDA_UNIDADES_MIXTAS,23.22155735507886,0.0,23.22155735507886,NO_CORREGIDO_UNIDADES_MIXTAS,31.338567963188012,90.17151857132546,29.416475304068726,720.0,OK_CALIBRADO
2026-10-09,ENAPU,29.0,2026-10-08,2026-12-12,90,65,61.504804843092316,15.19641483161781,61.504804843092316,3.95,100.68882716049383,54.067554843092324,68.94205484309231,HIBRIDO_ANALOGO_CLIM,ANALOGO_ESTADO_V2_CONFORMAL,30,10,2.9639507467694663,EXCLUIDA_UNIDADES_MIXTAS,23.22155735507886,0.0,23.22155735507886,NO_CORREGIDO_UNIDADES_MIXTAS,32.08832953902359,90.92128014716104,29.416475304068726,720.0,OK_CALIBRADO
2026-10-09,ENAPU,29.0,2026-10-08,2026-12-13,90,66,62.6221349624563,15.219723784882314,62.6221349624563,3.95,101.40592592592593,55.147384962456314,70.0968849624563,HIBRIDO_ANALOGO_CLIM,ANALOGO_ESTADO_V2_CONFORMAL,30,10,2.9639507467694663,EXCLUIDA_UNIDADES_MIXTAS,23.22155735507886,0.0,23.22155735507886,NO_CORREGIDO_UNIDADES_MIXTAS,33.205659658387574,92.03861026652503,29.416475304068726,720.0,OK_CALIBRADO
2026-10-09,ENAPU,29.0,2026-10-08,2026-12-14,90,67,63.384363951757464,15.242585048004306,63.384363951757464,3.95,101.46666666666667,55.938613951757475,70.83011395175745,HIBRIDO_ANALOGO_CLIM,ANALOGO_ESTADO_V2_CONFORMAL,30,10,2.9639507467694663,EXCLUIDA_UNIDADES_MIXTAS,23.22155735507886,0.0,23.22155735507886,NO_CORREGIDO_UNIDADES_MIXTAS,33.96788864768874,92.80083925582619,29.416475304068726,720.0,OK_CALIBRADO
2026-10-09,ENAPU,29.0,2026-10-08,2026-12-15,90,68,64.15290749022647,15.289216715337439,64.15290749022647,3.95,101.51925925925926,56.81115749022648,71.49465749022646,HIBRIDO_ANALOGO_CLIM,ANALOGO_ESTADO_V2_CONFORMAL,30,10,2.9639507467694663,EXCLUIDA_UNIDADES_MIXTAS,23.22155735507886,0.0,23.22155735507886,NO_CORREGIDO_UNIDADES_MIXTAS,34.73643218615774,93.5693827942952,29.416475304068726,720.0,OK_CALIBRADO
2026-10-09,ENAPU,29.0,2026-10-08,2026-12-16,90,69,64.94387053846586,15.386362051292226,64.94387053846586,3.95,101.57333333333334,57.707120538465865,72.18062053846585,HIBRIDO_ANALOGO_CLIM,ANALOGO_ESTADO_V2_CONFORMAL,30,10,2.9639507467694663,EXCLUIDA_UNIDADES_MIXTAS,23.22155735507886,0.0,23.22155735507886,NO_CORREGIDO_UNIDADES_MIXTAS,35.52739523439713,94.36034584253458,29.416475304068726,720.0,OK_CALIBRADO
2026-10-09,ENAPU,29.0,2026-10-08,2026-12-17,90,70,65.7167000938173,15.464524669605932,65.7167000938173,3.95,101.61111111111111,58.477950093817306,72.95545009381729,HIBRIDO_ANALOGO_CLIM,ANALOGO_ESTADO_V2_CONFORMAL,30,10,2.9639507467694663,EXCLUIDA_UNIDADES_MIXTAS,23.22155735507886,0.0,23.22155735507886,NO_CORREGIDO_UNIDADES_MIXTAS,36.30022478974857,95.13317539788602,29.416475304068726,720.0,OK_CALIBRADO
2026-10-09,ENAPU,29.0,2026-10-08,2026-12-18,90,71,66.47319370159552,15.524722292645093,66.47319370159552,3.95,101.63481481481482,59.23094370159553,73.71544370159552,HIBRIDO_ANALOGO_CLIM,ANALOGO_ESTADO_V2_CONFORMAL,30,10,2.9639507467694663,EXCLUIDA_UNIDADES_MIXTAS,23.22155735507886,0.0,23.22155735507886,NO_CORREGIDO_UNIDADES_MIXTAS,37.056718397526794,95.88966900566425,29.416475304068726,720.0,OK_CALIBRADO
2026-10-09,ENAPU,29.0,2026-10-08,2026-12-19,90,72,67.22802720195288,15.558401338215543,67.22802720195288,3.95,101.67444444444445,59.961277201952896,74.49477720195287,HIBRIDO_ANALOGO_CLIM,ANALOGO_ESTADO_V2_CONFORMAL,30,10,2.9639507467694663,EXCLUIDA_UNIDADES_MIXTAS,23.22155735507886,0.0,23.22155735507886,NO_CORREGIDO_UNIDADES_MIXTAS,37.81155189788416,96.64450250602161,29.416475304068726,720.0,OK_CALIBRADO
2026-10-09,ENAPU,29.0,2026-10-08,2026-12-20,90,73,67.96121914900088,15.590070955683888,67.96121914900088,3.95,101.67962962962963,60.66096914900089,75.26146914900087,HIBRIDO_ANALOGO_CLIM,ANALOGO_ESTADO_V2_CONFORMAL,30,10,2.9639507467694663,EXCLUIDA_UNIDADES_MIXTAS,23.22155735507886,0.0,23.22155735507886,NO_CORREGIDO_UNIDADES_MIXTAS,38.54474384493216,97.37769445306961,29.416475304068726,720.0,OK_CALIBRADO
2026-10-09,ENAPU,29.0,2026-10-08,2026-12-21,90,74,68.71222551899716,15.613953849879856,68.71222551899716,3.95,101.71925925925926,61.37697551899716,76.04747551899715,HIBRIDO_ANALOGO_CLIM,ANALOGO_ESTADO_V2_CONFORMAL,30,10,2.9639507467694663,EXCLUIDA_UNIDADES_MIXTAS,23.22155735507886,0.0,23.22155735507886,NO_CORREGIDO_UNIDADES_MIXTAS,39.29575021492843,98.12870082306588,29.416475304068726,720.0,OK_CALIBRADO
2026-10-09,ENAPU,29.0,2026-10-08,2026-12-22,90,75,69.46818073324155,15.640457263952785,69.46818073324155,3.95,101.76481481481481,61.99043073324156,76.94593073324154,HIBRIDO_ANALOGO_CLIM,ANALOGO_ESTADO_V2_CONFORMAL,30,10,2.9639507467694663,EXCLUIDA_UNIDADES_MIXTAS,23.22155735507886,0.0,23.22155735507886,NO_CORREGIDO_UNIDADES_MIXTAS,40.05170542917283,98.88465603731028,29.416475304068726,720.0,OK_CALIBRADO
2026-10-09,ENAPU,29.0,2026-10-08,2026-12-23,90,76,70.22174017559524,15.642927751623422,70.22174017559524,3.95,101.82,62.59049017559525,77.85299017559524,HIBRIDO_ANALOGO_CLIM,ANALOGO_ESTADO_V2_CONFORMAL,30,10,2.9639507467694663,EXCLUIDA_UNIDADES_MIXTAS,23.22155735507886,0.0,23.22155735507886,NO_CORREGIDO_UNIDADES_MIXTAS,40.80526487152652,99.63821547966397,29.416475304068726,720.0,OK_CALIBRADO
2026-10-09,ENAPU,29.0,2026-10-08,2026-12-24,90,77,70.96774894309311,15.624527627581116,70.96774894309311,3.95,101.87370370370371,63.20449894309312,78.73099894309311,HIBRIDO_ANALOGO_CLIM,ANALOGO_ESTADO_V2_CONFORMAL,30,10,2.9639507467694663,EXCLUIDA_UNIDADES_MIXTAS,23.22155735507886,0.0,23.22155735507886,NO_CORREGIDO_UNIDADES_MIXTAS,41.55127363902439,100.38422424716184,29.416475304068726,720.0,OK_CALIBRADO
2026-10-09,ENAPU,29.0,2026-10-08,2026-12-25,90,78,71.71547431950981,15.584900172144408,71.71547431950981,3.95,101.93962962962962,63.70722431950981,79.7237243195098,HIBRIDO_ANALOGO_CLIM,ANALOGO_ESTADO_V2_CONFORMAL,30,10,2.9639507467694663,EXCLUIDA_UNIDADES_MIXTAS,23.22155735507886,0.0,23.22155735507886,NO_CORREGIDO_UNIDADES_MIXTAS,42.29899901544108,101.13194962357854,29.416475304068726,720.0,OK_CALIBRADO
2026-10-09,ENAPU,29.0,2026-10-08,2026-12-26,90,79,72.46065979790626,15.542680889987608,72.46065979790626,3.95,102.00037037037038,64.36940979790627,80.55190979790625,HIBRIDO_ANALOGO_CLIM,ANALOGO_ESTADO_V2_CONFORMAL,30,10,2.9639507467694663,EXCLUIDA_UNIDADES_MIXTAS,23.22155735507886,0.0,23.22155735507886,NO_CORREGIDO_UNIDADES_MIXTAS,43.044184493837534,101.87713510197499,29.416475304068726,720.0,OK_CALIBRADO
2026-10-09,ENAPU,29.0,2026-10-08,2026-12-27,90,80,73.20084212731503,15.50993378935251,73.20084212731503,3.95,102.04629629629629,65.04959212731504,81.35209212731502,HIBRIDO_ANALOGO_CLIM,ANALOGO_ESTADO_V2_CONFORMAL,30,10,2.9639507467694663,EXCLUIDA_UNIDADES_MIXTAS,23.22155735507886,0.0,23.22155735507886,NO_CORREGIDO_UNIDADES_MIXTAS,43.7843668232463,102.61731743138375,29.416475304068726,720.0,OK_CALIBRADO
2026-10-09,ENAPU,29.0,2026-10-08,2026-12-28,90,81,73.95822708496708,15.546852569129474,73.95822708496708,3.95,102.08222222222221,65.7499770849671,82.16647708496708,HIBRIDO_ANALOGO_CLIM,ANALOGO_ESTADO_V2_CONFORMAL,30,10,2.9639507467694663,EXCLUIDA_UNIDADES_MIXTAS,23.22155735507886,0.0,23.22155735507886,NO_CORREGIDO_UNIDADES_MIXTAS,44.54175178089835,103.3747023890358,29.416475304068726,720.0,OK_CALIBRADO
2026-10-09,ENAPU,29.0,2026-10-08,2026-12-29,90,82,74.71876089235072,15.624936931010055,74.71876089235072,3.95,102.10370370370372,66.49701089235073,82.94051089235072,HIBRIDO_ANALOGO_CLIM,ANALOGO_ESTADO_V2_CONFORMAL,30,10,2.9639507467694663,EXCLUIDA_UNIDADES_MIXTAS,23.22155735507886,0.0,23.22155735507886,NO_CORREGIDO_UNIDADES_MIXTAS,45.30228558828199,104.13523619641944,29.416475304068726,720.0,OK_CALIBRADO
2026-10-09,ENAPU,29.0,2026-10-08,2026-12-30,90,83,75.50951499099774,15.780829400232935,75.50951499099774,3.95,102.13555555555556,67.30476499099775,83.71426499099775,HIBRIDO_ANALOGO_CLIM,ANALOGO_ESTADO_V2_CONFORMAL,30,10,2.9639507467694663,EXCLUIDA_UNIDADES_MIXTAS,23.22155735507886,0.0,23.22155735507886,NO_CORREGIDO_UNIDADES_MIXTAS,46.09303968692902,104.92599029506647,29.416475304068726,720.0,OK_CALIBRADO
2026-10-09,ENAPU,29.0,2026-10-08,2026-12-31,90,84,76.30195638527653,15.947508938576092,76.30195638527653,3.95,102.16814814814815,68.12720638527654,84.47670638527651,HIBRIDO_ANALOGO_CLIM,ANALOGO_ESTADO_V2_CONFORMAL,30,10,2.9639507467694663,EXCLUIDA_UNIDADES_MIXTAS,23.22155735507886,0.0,23.22155735507886,NO_CORREGIDO_UNIDADES_MIXTAS,46.8854810812078,105.71843168934525,29.416475304068726,720.0,OK_CALIBRADO
2026-10-09,ENAPU,29.0,2026-10-08,2027-01-01,90,85,77.3059367256201,16.109078977636262,77.3059367256201,3.95,102.50464285714285,69.13168672562011,85.4801867256201,HIBRIDO_ANALOGO_CLIM,ANALOGO_ESTADO_V2_CONFORMAL,30,10,2.9639507467694663,EXCLUIDA_UNIDADES_MIXTAS,23.22155735507886,0.0,23.22155735507886,NO_CORREGIDO_UNIDADES_MIXTAS,47.889461421551374,106.72241202968883,29.416475304068726,720.0,OK_CALIBRADO
2026-10-09,ENAPU,29.0,2026-10-08,2027-01-02,90,86,78.088552464466,16.196508698115277,78.088552464466,3.95,102.5575,69.89580246446602,86.281302464466,HIBRIDO_ANALOGO_CLIM,ANALOGO_ESTADO_V2_CONFORMAL,30,10,2.9639507467694663,EXCLUIDA_UNIDADES_MIXTAS,23.22155735507886,0.0,23.22155735507886,NO_CORREGIDO_UNIDADES_MIXTAS,48.67207716039728,107.50502776853473,29.416475304068726,720.0,OK_CALIBRADO
2026-10-09,ENAPU,29.0,2026-10-08,2027-01-03,90,87,78.88339631441195,16.27306451993962,78.88339631441195,3.95,102.63214285714285,70.64614631441196,87.12064631441194,HIBRIDO_ANALOGO_CLIM,ANALOGO_ESTADO_V2_CONFORMAL,30,10,2.9639507467694663,EXCLUIDA_UNIDADES_MIXTAS,23.22155735507886,0.0,23.22155735507886,NO_CORREGIDO_UNIDADES_MIXTAS,49.46692101034323,108.29987161848068,29.416475304068726,720.0,OK_CALIBRADO
2026-10-09,ENAPU,29.0,2026-10-08,2027-01-04,90,88,79.6520845224198,16.332191959074297,79.6520845224198,3.95,102.6775,71.37383452241981,87.9303345224198,HIBRIDO_ANALOGO_CLIM,ANALOGO_ESTADO_V2_CONFORMAL,30,10,2.9639507467694663,EXCLUIDA_UNIDADES_MIXTAS,23.22155735507886,0.0,23.22155735507886,NO_CORREGIDO_UNIDADES_MIXTAS,50.23560921835107,109.06855982648852,29.416475304068726,720.0,OK_CALIBRADO
2026-10-09,ENAPU,29.0,2026-10-08,2027-01-05,90,89,80.43438427127309,16.427466764375094,80.43438427127309,3.95,102.72892857142857,72.08913427127311,88.7796342712731,HIBRIDO_ANALOGO_CLIM,ANALOGO_ESTADO_V2_CONFORMAL,30,10,2.9639507467694663,EXCLUIDA_UNIDADES_MIXTAS,23.22155735507886,0.0,23.22155735507886,NO_CORREGIDO_UNIDADES_MIXTAS,51.01790896720436,109.85085957534181,29.416475304068726,720.0,OK_CALIBRADO
2026-10-09,ENAPU,29.0,2026-10-08,2027-01-06,90,90,81.21608375698763,16.527549313664817,81.21608375698763,3.95,102.77892857142857,72.82833375698765,89.60383375698763,HIBRIDO_ANALOGO_CLIM,ANALOGO_ESTADO_V2_CONFORMAL,30,10,2.9639507467694663,EXCLUIDA_UNIDADES_MIXTAS,23.22155735507886,0.0,23.22155735507886,NO_CORREGIDO_UNIDADES_MIXTAS,51.7996084529189,110.63255906105636,29.416475304068726,720.0,OK_CALIBRADO
2026-10-09,LAGUNAS,33.0,2026-10-08,2026-10-09,30,1,4.47,4.236418462208464,4.47,4.47,5.170744613374607,4.227899999999999,4.7120999999999995,HIBRIDO_ANALOGO_CLIM,ANALOGO_ESTADO_V2_CONFORMAL,30,10,1.3529962037950252,OK_ANALOGOS_CONTINUIDAD_CORREGIDA,0.1417099320799382,-0.1417099320799382,0.0,CORREGIDO_ANCLA_OBSERVADO,2.6944389144682424,6.245561085531757,1.7755610855317574,240.0,OK_CALIBRADO
2026-10-09,LAGUNAS,33.0,2026-10-08,2026-10-10,30,2,4.48245972918437,4.2156223435452,4.48245972918437,4.47,5.28297188610188,4.002759729184371,4.96215972918437,HIBRIDO_ANALOGO_CLIM,ANALOGO_ESTADO_V2_CONFORMAL,30,10,1.3529962037950252,OK_ANALOGOS_CONTINUIDAD_CORREGIDA,0.1417099320799382,-0.1417099320799382,0.0,CORREGIDO_ANCLA_OBSERVADO,2.706898643652613,6.258020814716128,1.7755610855317574,240.0,OK_CALIBRADO
2026-10-09,LAGUNAS,33.0,2026-10-08,2026-10-11,30,3,4.422117377521391,4.085832541327895,4.422117377521391,4.47,5.43097188610188,3.9163173775213913,4.927917377521391,HIBRIDO_ANALOGO_CLIM,ANALOGO_ESTADO_V2_CONFORMAL,30,10,1.3529962037950252,OK_ANALOGOS_CONTINUIDAD_CORREGIDA,0.1417099320799382,-0.1417099320799382,0.0,CORREGIDO_ANCLA_OBSERVADO,2.6465562919896337,6.1976784630531485,1.7755610855317574,240.0,OK_CALIBRADO
2026-10-09,LAGUNAS,33.0,2026-10-08,2026-10-12,30,4,4.340701440315107,3.962884018992244,4.340701440315107,4.47,5.474153704283698,3.776751440315108,4.904651440315107,HIBRIDO_ANALOGO_CLIM,ANALOGO_ESTADO_V2_CONFORMAL,30,10,1.3529962037950252,OK_ANALOGOS_CONTINUIDAD_CORREGIDA,0.1417099320799382,-0.1417099320799382,0.0,CORREGIDO_ANCLA_OBSERVADO,2.56514035478335,6.116262525846865,1.7755610855317574,240.0,OK_CALIBRADO
2026-10-09,LAGUNAS,33.0,2026-10-08,2026-10-13,30,5,4.392170529786757,3.9948731079847457,4.392170529786757,4.47,5.584062795192789,3.5356705297867568,5.248670529786756,HIBRIDO_ANALOGO_CLIM,ANALOGO_ESTADO_V2_CONFORMAL,30,10,1.3529962037950252,OK_ANALOGOS_CONTINUIDAD_CORREGIDA,0.1417099320799382,-0.1417099320799382,0.0,CORREGIDO_ANCLA_OBSERVADO,2.6166094442549994,6.167731615318514,1.7755610855317574,240.0,OK_CALIBRADO
2026-10-09,LAGUNAS,33.0,2026-10-08,2026-10-14,30,6,4.539348396690498,4.133549657795795,4.539348396690498,4.47,5.7567446133746065,3.445548396690498,5.633148396690498,HIBRIDO_ANALOGO_CLIM,ANALOGO_ESTADO_V2_CONFORMAL,30,10,1.3529962037950252,OK_ANALOGOS_CONTINUIDAD_CORREGIDA,0.1417099320799382,-0.1417099320799382,0.0,CORREGIDO_ANCLA_OBSERVADO,2.7637873111587403,6.314909482222255,1.7755610855317574,240.0,OK_CALIBRADO
2026-10-09,LAGUNAS,33.0,2026-10-08,2026-10-15,30,7,4.814592856053082,4.480678633915604,4.814592856053082,4.47,5.816335522465517,3.234242856053082,6.394942856053082,HIBRIDO_ANALOGO_CLIM,ANALOGO_ESTADO_V2_CONFORMAL,30,10,1.3529962037950252,OK_ANALOGOS_CONTINUIDAD_CORREGIDA,0.1417099320799382,-0.1417099320799382,0.0,CORREGIDO_ANCLA_OBSERVADO,3.0390317705213246,6.590153941584839,1.7755610855317574,240.0,OK_CALIBRADO
2026-10-09,LAGUNAS,33.0,2026-10-08,2026-10-16,30,8,4.927924482462319,4.6395147418551925,4.927924482462319,4.47,5.793153704283698,3.186974482462319,6.66887448246232,HIBRIDO_ANALOGO_CLIM,ANALOGO_ESTADO_V2_CONFORMAL,30,10,1.3529962037950252,OK_ANALOGOS_CONTINUIDAD_CORREGIDA,0.1417099320799382,-0.1417099320799382,0.0,CORREGIDO_ANCLA_OBSERVADO,3.1523633969305616,6.703485567994076,1.7755610855317574,240.0,OK_CALIBRADO
2026-10-09,LAGUNAS,33.0,2026-10-08,2026-10-17,30,9,5.000571774022329,4.769514160904903,5.000571774022329,4.47,5.693744613374607,3.250821774022328,6.7503217740223285,HIBRIDO_ANALOGO_CLIM,ANALOGO_ESTADO_V2_CONFORMAL,30,10,1.3529962037950252,OK_ANALOGOS_CONTINUIDAD_CORREGIDA,0.1417099320799382,-0.1417099320799382,0.0,CORREGIDO_ANCLA_OBSERVADO,3.2250106884905714,6.776132859554086,1.7755610855317574,240.0,OK_CALIBRADO
2026-10-09,LAGUNAS,33.0,2026-10-08,2026-10-18,30,10,5.056421508806509,4.8081774436474465,5.056421508806509,4.47,5.801153704283698,3.251771508806509,6.861071508806509,HIBRIDO_ANALOGO_CLIM,ANALOGO_ESTADO_V2_CONFORMAL,30,10,1.3529962037950252,OK_ANALOGOS_CONTINUIDAD_CORREGIDA,0.1417099320799382,-0.1417099320799382,0.0,CORREGIDO_ANCLA_OBSERVADO,3.280860423274752,6.831982594338267,1.7755610855317574,240.0,OK_CALIBRADO
2026-10-09,LAGUNAS,33.0,2026-10-08,2026-10-19,30,11,5.32511614142848,4.741588468961589,5.32511614142848,4.47,7.075699158829152,3.6003161414284794,7.04991614142848,HIBRIDO_ANALOGO_CLIM,ANALOGO_ESTADO_V2_CONFORMAL,30,10,1.3529962037950252,OK_ANALOGOS_CONTINUIDAD_CORREGIDA,0.1417099320799382,-0.1417099320799382,0.0,CORREGIDO_ANCLA_OBSERVADO,3.5495550558967226,7.100677226960237,1.7755610855317574,240.0,OK_CALIBRADO
2026-10-09,LAGUNAS,33.0,2026-10-08,2026-10-20,30,12,5.039757229582622,4.790594768318627,5.039757229582622,4.47,5.787244613374607,3.368057229582622,6.711457229582622,HIBRIDO_ANALOGO_CLIM,ANALOGO_ESTADO_V2_CONFORMAL,30,10,1.3529962037950252,OK_ANALOGOS_CONTINUIDAD_CORREGIDA,0.1417099320799382,-0.1417099320799382,0.0,CORREGIDO_ANCLA_OBSERVADO,3.2641961440508647,6.8153183151143795,1.7755610855317574,240.0,OK_CALIBRADO
2026-10-09,LAGUNAS,33.0,2026-10-08,2026-10-21,30,13,5.174709449534316,4.959728031284523,5.174709449534316,4.47,5.819653704283699,3.4539594495343167,6.895459449534316,HIBRIDO_ANALOGO_CLIM,ANALOGO_ESTADO_V2_CONFORMAL,30,10,1.3529962037950252,OK_ANALOGOS_CONTINUIDAD_CORREGIDA,0.1417099320799382,-0.1417099320799382,0.0,CORREGIDO_ANCLA_OBSERVADO,3.399148364002559,6.950270535066074,1.7755610855317574,240.0,OK_CALIBRADO
2026-10-09,LAGUNAS,33.0,2026-10-08,2026-10-22,30,14,5.109522568667028,4.867039462855411,5.109522568667028,4.47,5.83697188610188,3.240022568667028,6.979022568667028,HIBRIDO_ANALOGO_CLIM,ANALOGO_ESTADO_V2_CONFORMAL,30,10,1.3529962037950252,OK_ANALOGOS_CONTINUIDAD_CORREGIDA,0.1417099320799382,-0.1417099320799382,0.0,CORREGIDO_ANCLA_OBSERVADO,3.333961483135271,6.885083654198786,1.7755610855317574,240.0,OK_CALIBRADO
2026-10-09,LAGUNAS,33.0,2026-10-08,2026-10-23,30,15,4.994432483676503,4.73281328892865,4.994432483676503,4.47,5.779290067920062,3.296682483676503,6.692182483676503,HIBRIDO_ANALOGO_CLIM,ANALOGO_ESTADO_V2_CONFORMAL,30,10,1.3529962037950252,OK_ANALOGOS_CONTINUIDAD_CORREGIDA,0.1417099320799382,-0.1417099320799382,0.0,CORREGIDO_ANCLA_OBSERVADO,3.2188713981447457,6.7699935692082605,1.7755610855317574,240.0,OK_CALIBRADO
2026-10-09,LAGUNAS,33.0,2026-10-08,2026-10-24,30,16,5.841197979889439,5.848697586909534,5.841197979889439,4.47,5.818699158829152,3.384447979889441,8.297947979889436,HIBRIDO_ANALOGO_CLIM,ANALOGO_ESTADO_V2_CONFORMAL,30,10,1.3529962037950252,OK_ANALOGOS_CONTINUIDAD_CORREGIDA,0.1417099320799382,-0.1417099320799382,0.0,CORREGIDO_ANCLA_OBSERVADO,4.065636894357682,7.6167590654211965,1.7755610855317574,240.0,OK_CALIBRADO
2026-10-09,LAGUNAS,33.0,2026-10-08,2026-10-25,30,17,4.84946337713048,4.515566601412741,4.84946337713048,4.47,5.851153704283698,3.1664633771304795,6.5324633771304805,HIBRIDO_ANALOGO_CLIM,ANALOGO_ESTADO_V2_CONFORMAL,30,10,1.3529962037950252,OK_ANALOGOS_CONTINUIDAD_CORREGIDA,0.1417099320799382,-0.1417099320799382,0.0,CORREGIDO_ANCLA_OBSERVADO,3.0739022915987224,6.625024462662237,1.7755610855317574,240.0,OK_CALIBRADO
2026-10-09,LAGUNAS,33.0,2026-10-08,2026-10-26,30,18,4.928079405955603,4.523251609543207,4.928079405955603,4.47,6.14256279519279,3.0669794059556033,6.789179405955603,HIBRIDO_ANALOGO_CLIM,ANALOGO_ESTADO_V2_CONFORMAL,30,10,1.3529962037950252,OK_ANALOGOS_CONTINUIDAD_CORREGIDA,0.1417099320799382,-0.1417099320799382,0.0,CORREGIDO_ANCLA_OBSERVADO,3.1525183204238454,6.70364049148736,1.7755610855317574,240.0,OK_CALIBRADO
2026-10-09,LAGUNAS,33.0,2026-10-08,2026-10-27,30,19,5.040711230574822,4.650745557520349,5.040711230574822,4.47,6.210608249738244,3.055861230574822,7.025561230574822,HIBRIDO_ANALOGO_CLIM,ANALOGO_ESTADO_V2_CONFORMAL,30,10,1.3529962037950252,OK_ANALOGOS_CONTINUIDAD_CORREGIDA,0.1417099320799382,-0.1417099320799382,0.0,CORREGIDO_ANCLA_OBSERVADO,3.265150145043065,6.81627231610658,1.7755610855317574,240.0,OK_CALIBRADO
2026-10-09,LAGUNAS,33.0,2026-10-08,2026-10-28,30,20,5.143935306269844,4.736498870568256,5.143935306269844,4.47,6.366244613374608,2.900835306269845,7.387035306269844,HIBRIDO_ANALOGO_CLIM,ANALOGO_ESTADO_V2_CONFORMAL,30,10,1.3529962037950252,OK_ANALOGOS_CONTINUIDAD_CORREGIDA,0.1417099320799382,-0.1417099320799382,0.0,CORREGIDO_ANCLA_OBSERVADO,3.3683742207380867,6.9194963918016015,1.7755610855317574,240.0,OK_CALIBRADO
2026-10-09,LAGUNAS,33.0,2026-10-08,2026-10-29,30,21,5.186774957847695,4.743663860550845,5.186774957847695,4.47,6.516108249738244,2.828224957847695,7.545324957847694,HIBRIDO_ANALOGO_CLIM,ANALOGO_ESTADO_V2_CONFORMAL,30,10,1.3529962037950252,OK_ANALOGOS_CONTINUIDAD_CORREGIDA,0.1417099320799382,-0.1417099320799382,0.0,CORREGIDO_ANCLA_OBSERVADO,3.4112138723159378,6.9623360433794526,1.7755610855317574,240.0,OK_CALIBRADO
2026-10-09,LAGUNAS,33.0,2026-10-08,2026-10-30,30,22,5.221561228310611,4.76484858480443,5.221561228310611,4.47,6.591699158829153,2.915611228310611,7.527511228310611,HIBRIDO_ANALOGO_CLIM,ANALOGO_ESTADO_V2_CONFORMAL,30,10,1.3529962037950252,OK_ANALOGOS_CONTINUIDAD_CORREGIDA,0.1417099320799382,-0.1417099320799382,0.0,CORREGIDO_ANCLA_OBSERVADO,3.4460001427788534,6.997122313842368,1.7755610855317574,240.0,OK_CALIBRADO
2026-10-09,LAGUNAS,33.0,2026-10-08,2026-10-31,30,23,5.235823101892716,4.7575159313987525,5.235823101892716,4.47,6.670744613374607,2.9369231018927158,7.534723101892716,HIBRIDO_ANALOGO_CLIM,ANALOGO_ESTADO_V2_CONFORMAL,30,10,1.3529962037950252,OK_ANALOGOS_CONTINUIDAD_CORREGIDA,0.1417099320799382,-0.1417099320799382,0.0,CORREGIDO_ANCLA_OBSERVADO,3.460262016360959,7.011384187424474,1.7755610855317574,240.0,OK_CALIBRADO
2026-10-09,LAGUNAS,33.0,2026-10-08,2026-11-01,30,24,5.3826038244687835,4.920572046348661,5.3826038244687835,4.47,6.768699158829152,3.1184538244687836,7.646753824468783,HIBRIDO_ANALOGO_CLIM,ANALOGO_ESTADO_V2_CONFORMAL,30,10,1.3529962037950252,OK_ANALOGOS_CONTINUIDAD_CORREGIDA,0.1417099320799382,-0.1417099320799382,0.0,CORREGIDO_ANCLA_OBSERVADO,3.607042738937026,7.158164910000541,1.7755610855317574,240.0,OK_CALIBRADO
2026-10-09,LAGUNAS,33.0,2026-10-08,2026-11-02,30,25,5.438698934066143,4.992214010660292,5.438698934066143,4.47,6.778153704283698,3.232598934066143,7.644798934066143,HIBRIDO_ANALOGO_CLIM,ANALOGO_ESTADO_V2_CONFORMAL,30,10,1.3529962037950252,OK_ANALOGOS_CONTINUIDAD_CORREGIDA,0.1417099320799382,-0.1417099320799382,0.0,CORREGIDO_ANCLA_OBSERVADO,3.6631378485343857,7.2142600195979005,1.7755610855317574,240.0,OK_CALIBRADO
2026-10-09,LAGUNAS,33.0,2026-10-08,2026-11-03,30,26,5.5198175888569265,5.1191449443207295,5.5198175888569265,4.47,6.721835522465516,3.377917588856927,7.661717588856927,HIBRIDO_ANALOGO_CLIM,ANALOGO_ESTADO_V2_CONFORMAL,30,10,1.3529962037950252,OK_ANALOGOS_CONTINUIDAD_CORREGIDA,0.1417099320799382,-0.1417099320799382,0.0,CORREGIDO_ANCLA_OBSERVADO,3.744256503325169,7.295378674388684,1.7755610855317574,240.0,OK_CALIBRADO
2026-10-09,LAGUNAS,33.0,2026-10-08,2026-11-04,30,27,5.534507013081739,5.121049025105328,5.534507013081739,4.47,6.77488097701097,3.2872570130817387,7.781757013081738,HIBRIDO_ANALOGO_CLIM,ANALOGO_ESTADO_V2_CONFORMAL,30,10,1.3529962037950252,OK_ANALOGOS_CONTINUIDAD_CORREGIDA,0.1417099320799382,-0.1417099320799382,0.0,CORREGIDO_ANCLA_OBSERVADO,3.7589459275499815,7.310068098613496,1.7755610855317574,240.0,OK_CALIBRADO
2026-10-09,LAGUNAS,33.0,2026-10-08,2026-11-05,30,28,5.531702081632814,5.099536389234035,5.531702081632814,4.47,6.828199158829152,3.396552081632815,7.666852081632815,HIBRIDO_ANALOGO_CLIM,ANALOGO_ESTADO_V2_CONFORMAL,30,10,1.3529962037950252,OK_ANALOGOS_CONTINUIDAD_CORREGIDA,0.1417099320799382,-0.1417099320799382,0.0,CORREGIDO_ANCLA_OBSERVADO,3.756140996101057,7.307263167164572,1.7755610855317574,240.0,OK_CALIBRADO
2026-10-09,LAGUNAS,33.0,2026-10-08,2026-11-06,30,29,5.53749962143191,5.069963411996466,5.53749962143191,4.47,6.940108249738244,3.4221496214319105,7.65284962143191,HIBRIDO_ANALOGO_CLIM,ANALOGO_ESTADO_V2_CONFORMAL,30,10,1.3529962037950252,OK_ANALOGOS_CONTINUIDAD_CORREGIDA,0.1417099320799382,-0.1417099320799382,0.0,CORREGIDO_ANCLA_OBSERVADO,3.7619385359001525,7.313060706963667,1.7755610855317574,240.0,OK_CALIBRADO
2026-10-09,LAGUNAS,33.0,2026-10-08,2026-11-07,30,30,5.52226981089843,5.022914573709402,5.52226981089843,4.47,7.020335522465516,3.37936981089843,7.66516981089843,HIBRIDO_ANALOGO_CLIM,ANALOGO_ESTADO_V2_CONFORMAL,30,10,1.3529962037950252,OK_ANALOGOS_CONTINUIDAD_CORREGIDA,0.1417099320799382,-0.1417099320799382,0.0,CORREGIDO_ANCLA_OBSERVADO,3.7467087253666724,7.297830896430187,1.7755610855317574,240.0,OK_CALIBRADO
2026-10-09,LAGUNAS,33.0,2026-10-08,2026-10-09,60,1,4.47,4.236418462208464,4.47,4.47,5.170744613374607,4.227899999999999,4.7120999999999995,HIBRIDO_ANALOGO_CLIM,ANALOGO_ESTADO_V2_CONFORMAL,30,10,1.3529962037950252,OK_ANALOGOS_CONTINUIDAD_CORREGIDA,0.1417099320799382,-0.1417099320799382,0.0,CORREGIDO_ANCLA_OBSERVADO,2.2676446294160986,6.672355370583901,2.202355370583901,480.0,OK_CALIBRADO
2026-10-09,LAGUNAS,33.0,2026-10-08,2026-10-10,60,2,4.48245972918437,4.2156223435452,4.48245972918437,4.47,5.28297188610188,4.002759729184371,4.96215972918437,HIBRIDO_ANALOGO_CLIM,ANALOGO_ESTADO_V2_CONFORMAL,30,10,1.3529962037950252,OK_ANALOGOS_CONTINUIDAD_CORREGIDA,0.1417099320799382,-0.1417099320799382,0.0,CORREGIDO_ANCLA_OBSERVADO,2.280104358600469,6.684815099768271,2.202355370583901,480.0,OK_CALIBRADO
2026-10-09,LAGUNAS,33.0,2026-10-08,2026-10-11,60,3,4.422117377521391,4.085832541327895,4.422117377521391,4.47,5.43097188610188,3.9163173775213913,4.927917377521391,HIBRIDO_ANALOGO_CLIM,ANALOGO_ESTADO_V2_CONFORMAL,30,10,1.3529962037950252,OK_ANALOGOS_CONTINUIDAD_CORREGIDA,0.1417099320799382,-0.1417099320799382,0.0,CORREGIDO_ANCLA_OBSERVADO,2.21976200693749,6.624472748105292,2.202355370583901,480.0,OK_CALIBRADO
2026-10-09,LAGUNAS,33.0,2026-10-08,2026-10-12,60,4,4.340701440315107,3.962884018992244,4.340701440315107,4.47,5.474153704283698,3.776751440315108,4.904651440315107,HIBRIDO_ANALOGO_CLIM,ANALOGO_ESTADO_V2_CONFORMAL,30,10,1.3529962037950252,OK_ANALOGOS_CONTINUIDAD_CORREGIDA,0.1417099320799382,-0.1417099320799382,0.0,CORREGIDO_ANCLA_OBSERVADO,2.138346069731206,6.543056810899008,2.202355370583901,480.0,OK_CALIBRADO
2026-10-09,LAGUNAS,33.0,2026-10-08,2026-10-13,60,5,4.392170529786757,3.9948731079847457,4.392170529786757,4.47,5.584062795192789,3.5356705297867568,5.248670529786756,HIBRIDO_ANALOGO_CLIM,ANALOGO_ESTADO_V2_CONFORMAL,30,10,1.3529962037950252,OK_ANALOGOS_CONTINUIDAD_CORREGIDA,0.1417099320799382,-0.1417099320799382,0.0,CORREGIDO_ANCLA_OBSERVADO,2.1898151592028556,6.594525900370658,2.202355370583901,480.0,OK_CALIBRADO
2026-10-09,LAGUNAS,33.0,2026-10-08,2026-10-14,60,6,4.539348396690498,4.133549657795795,4.539348396690498,4.47,5.7567446133746065,3.445548396690498,5.633148396690498,HIBRIDO_ANALOGO_CLIM,ANALOGO_ESTADO_V2_CONFORMAL,30,10,1.3529962037950252,OK_ANALOGOS_CONTINUIDAD_CORREGIDA,0.1417099320799382,-0.1417099320799382,0.0,CORREGIDO_ANCLA_OBSERVADO,2.3369930261065965,6.741703767274399,2.202355370583901,480.0,OK_CALIBRADO
2026-10-09,LAGUNAS,33.0,2026-10-08,2026-10-15,60,7,4.814592856053082,4.480678633915604,4.814592856053082,4.47,5.816335522465517,3.234242856053082,6.394942856053082,HIBRIDO_ANALOGO_CLIM,ANALOGO_ESTADO_V2_CONFORMAL,30,10,1.3529962037950252,OK_ANALOGOS_CONTINUIDAD_CORREGIDA,0.1417099320799382,-0.1417099320799382,0.0,CORREGIDO_ANCLA_OBSERVADO,2.6122374854691808,7.016948226636983,2.202355370583901,480.0,OK_CALIBRADO
2026-10-09,LAGUNAS,33.0,2026-10-08,2026-10-16,60,8,4.927924482462319,4.6395147418551925,4.927924482462319,4.47,5.793153704283698,3.186974482462319,6.66887448246232,HIBRIDO_ANALOGO_CLIM,ANALOGO_ESTADO_V2_CONFORMAL,30,10,1.3529962037950252,OK_ANALOGOS_CONTINUIDAD_CORREGIDA,0.1417099320799382,-0.1417099320799382,0.0,CORREGIDO_ANCLA_OBSERVADO,2.7255691118784178,7.13027985304622,2.202355370583901,480.0,OK_CALIBRADO
2026-10-09,LAGUNAS,33.0,2026-10-08,2026-10-17,60,9,5.000571774022329,4.769514160904903,5.000571774022329,4.47,5.693744613374607,3.250821774022328,6.7503217740223285,HIBRIDO_ANALOGO_CLIM,ANALOGO_ESTADO_V2_CONFORMAL,30,10,1.3529962037950252,OK_ANALOGOS_CONTINUIDAD_CORREGIDA,0.1417099320799382,-0.1417099320799382,0.0,CORREGIDO_ANCLA_OBSERVADO,2.7982164034384276,7.20292714460623,2.202355370583901,480.0,OK_CALIBRADO
2026-10-09,LAGUNAS,33.0,2026-10-08,2026-10-18,60,10,5.056421508806509,4.8081774436474465,5.056421508806509,4.47,5.801153704283698,3.251771508806509,6.861071508806509,HIBRIDO_ANALOGO_CLIM,ANALOGO_ESTADO_V2_CONFORMAL,30,10,1.3529962037950252,OK_ANALOGOS_CONTINUIDAD_CORREGIDA,0.1417099320799382,-0.1417099320799382,0.0,CORREGIDO_ANCLA_OBSERVADO,2.854066138222608,7.25877687939041,2.202355370583901,480.0,OK_CALIBRADO
2026-10-09,LAGUNAS,33.0,2026-10-08,2026-10-19,60,11,5.32511614142848,4.741588468961589,5.32511614142848,4.47,7.075699158829152,3.6003161414284794,7.04991614142848,HIBRIDO_ANALOGO_CLIM,ANALOGO_ESTADO_V2_CONFORMAL,30,10,1.3529962037950252,OK_ANALOGOS_CONTINUIDAD_CORREGIDA,0.1417099320799382,-0.1417099320799382,0.0,CORREGIDO_ANCLA_OBSERVADO,3.122760770844579,7.527471512012381,2.202355370583901,480.0,OK_CALIBRADO
2026-10-09,LAGUNAS,33.0,2026-10-08,2026-10-20,60,12,5.039757229582622,4.790594768318627,5.039757229582622,4.47,5.787244613374607,3.368057229582622,6.711457229582622,HIBRIDO_ANALOGO_CLIM,ANALOGO_ESTADO_V2_CONFORMAL,30,10,1.3529962037950252,OK_ANALOGOS_CONTINUIDAD_CORREGIDA,0.1417099320799382,-0.1417099320799382,0.0,CORREGIDO_ANCLA_OBSERVADO,2.837401858998721,7.242112600166523,2.202355370583901,480.0,OK_CALIBRADO
2026-10-09,LAGUNAS,33.0,2026-10-08,2026-10-21,60,13,5.174709449534316,4.959728031284523,5.174709449534316,4.47,5.819653704283699,3.4539594495343167,6.895459449534316,HIBRIDO_ANALOGO_CLIM,ANALOGO_ESTADO_V2_CONFORMAL,30,10,1.3529962037950252,OK_ANALOGOS_CONTINUIDAD_CORREGIDA,0.1417099320799382,-0.1417099320799382,0.0,CORREGIDO_ANCLA_OBSERVADO,2.9723540789504153,7.377064820118218,2.202355370583901,480.0,OK_CALIBRADO
2026-10-09,LAGUNAS,33.0,2026-10-08,2026-10-22,60,14,5.109522568667028,4.867039462855411,5.109522568667028,4.47,5.83697188610188,3.240022568667028,6.979022568667028,HIBRIDO_ANALOGO_CLIM,ANALOGO_ESTADO_V2_CONFORMAL,30,10,1.3529962037950252,OK_ANALOGOS_CONTINUIDAD_CORREGIDA,0.1417099320799382,-0.1417099320799382,0.0,CORREGIDO_ANCLA_OBSERVADO,2.907167198083127,7.311877939250929,2.202355370583901,480.0,OK_CALIBRADO
2026-10-09,LAGUNAS,33.0,2026-10-08,2026-10-23,60,15,4.994432483676503,4.73281328892865,4.994432483676503,4.47,5.779290067920062,3.296682483676503,6.692182483676503,HIBRIDO_ANALOGO_CLIM,ANALOGO_ESTADO_V2_CONFORMAL,30,10,1.3529962037950252,OK_ANALOGOS_CONTINUIDAD_CORREGIDA,0.1417099320799382,-0.1417099320799382,0.0,CORREGIDO_ANCLA_OBSERVADO,2.792077113092602,7.196787854260404,2.202355370583901,480.0,OK_CALIBRADO
2026-10-09,LAGUNAS,33.0,2026-10-08,2026-10-24,60,16,5.841197979889439,5.848697586909534,5.841197979889439,4.47,5.818699158829152,3.384447979889441,8.297947979889436,HIBRIDO_ANALOGO_CLIM,ANALOGO_ESTADO_V2_CONFORMAL,30,10,1.3529962037950252,OK_ANALOGOS_CONTINUIDAD_CORREGIDA,0.1417099320799382,-0.1417099320799382,0.0,CORREGIDO_ANCLA_OBSERVADO,3.638842609305538,8.04355335047334,2.202355370583901,480.0,OK_CALIBRADO
2026-10-09,LAGUNAS,33.0,2026-10-08,2026-10-25,60,17,4.84946337713048,4.515566601412741,4.84946337713048,4.47,5.851153704283698,3.1664633771304795,6.5324633771304805,HIBRIDO_ANALOGO_CLIM,ANALOGO_ESTADO_V2_CONFORMAL,30,10,1.3529962037950252,OK_ANALOGOS_CONTINUIDAD_CORREGIDA,0.1417099320799382,-0.1417099320799382,0.0,CORREGIDO_ANCLA_OBSERVADO,2.6471080065465786,7.051818747714381,2.202355370583901,480.0,OK_CALIBRADO
2026-10-09,LAGUNAS,33.0,2026-10-08,2026-10-26,60,18,4.928079405955603,4.523251609543207,4.928079405955603,4.47,6.14256279519279,3.0669794059556033,6.789179405955603,HIBRIDO_ANALOGO_CLIM,ANALOGO_ESTADO_V2_CONFORMAL,30,10,1.3529962037950252,OK_ANALOGOS_CONTINUIDAD_CORREGIDA,0.1417099320799382,-0.1417099320799382,0.0,CORREGIDO_ANCLA_OBSERVADO,2.7257240353717016,7.130434776539504,2.202355370583901,480.0,OK_CALIBRADO
2026-10-09,LAGUNAS,33.0,2026-10-08,2026-10-27,60,19,5.040711230574822,4.650745557520349,5.040711230574822,4.47,6.210608249738244,3.055861230574822,7.025561230574822,HIBRIDO_ANALOGO_CLIM,ANALOGO_ESTADO_V2_CONFORMAL,30,10,1.3529962037950252,OK_ANALOGOS_CONTINUIDAD_CORREGIDA,0.1417099320799382,-0.1417099320799382,0.0,CORREGIDO_ANCLA_OBSERVADO,2.838355859990921,7.2430666011587235,2.202355370583901,480.0,OK_CALIBRADO
2026-10-09,LAGUNAS,33.0,2026-10-08,2026-10-28,60,20,5.143935306269844,4.736498870568256,5.143935306269844,4.47,6.366244613374608,2.900835306269845,7.387035306269844,HIBRIDO_ANALOGO_CLIM,ANALOGO_ESTADO_V2_CONFORMAL,30,10,1.3529962037950252,OK_ANALOGOS_CONTINUIDAD_CORREGIDA,0.1417099320799382,-0.1417099320799382,0.0,CORREGIDO_ANCLA_OBSERVADO,2.941579935685943,7.346290676853745,2.202355370583901,480.0,OK_CALIBRADO
2026-10-09,LAGUNAS,33.0,2026-10-08,2026-10-29,60,21,5.186774957847695,4.743663860550845,5.186774957847695,4.47,6.516108249738244,2.828224957847695,7.545324957847694,HIBRIDO_ANALOGO_CLIM,ANALOGO_ESTADO_V2_CONFORMAL,30,10,1.3529962037950252,OK_ANALOGOS_CONTINUIDAD_CORREGIDA,0.1417099320799382,-0.1417099320799382,0.0,CORREGIDO_ANCLA_OBSERVADO,2.984419587263794,7.389130328431596,2.202355370583901,480.0,OK_CALIBRADO
2026-10-09,LAGUNAS,33.0,2026-10-08,2026-10-30,60,22,5.221561228310611,4.76484858480443,5.221561228310611,4.47,6.591699158829153,2.915611228310611,7.527511228310611,HIBRIDO_ANALOGO_CLIM,ANALOGO_ESTADO_V2_CONFORMAL,30,10,1.3529962037950252,OK_ANALOGOS_CONTINUIDAD_CORREGIDA,0.1417099320799382,-0.1417099320799382,0.0,CORREGIDO_ANCLA_OBSERVADO,3.0192058577267096,7.423916598894512,2.202355370583901,480.0,OK_CALIBRADO
2026-10-09,LAGUNAS,33.0,2026-10-08,2026-10-31,60,23,5.235823101892716,4.7575159313987525,5.235823101892716,4.47,6.670744613374607,2.9369231018927158,7.534723101892716,HIBRIDO_ANALOGO_CLIM,ANALOGO_ESTADO_V2_CONFORMAL,30,10,1.3529962037950252,OK_ANALOGOS_CONTINUIDAD_CORREGIDA,0.1417099320799382,-0.1417099320799382,0.0,CORREGIDO_ANCLA_OBSERVADO,3.033467731308815,7.438178472476618,2.202355370583901,480.0,OK_CALIBRADO
2026-10-09,LAGUNAS,33.0,2026-10-08,2026-11-01,60,24,5.3826038244687835,4.920572046348661,5.3826038244687835,4.47,6.768699158829152,3.1184538244687836,7.646753824468783,HIBRIDO_ANALOGO_CLIM,ANALOGO_ESTADO_V2_CONFORMAL,30,10,1.3529962037950252,OK_ANALOGOS_CONTINUIDAD_CORREGIDA,0.1417099320799382,-0.1417099320799382,0.0,CORREGIDO_ANCLA_OBSERVADO,3.1802484538848823,7.584959195052685,2.202355370583901,480.0,OK_CALIBRADO
2026-10-09,LAGUNAS,33.0,2026-10-08,2026-11-02,60,25,5.438698934066143,4.992214010660292,5.438698934066143,4.47,6.778153704283698,3.232598934066143,7.644798934066143,HIBRIDO_ANALOGO_CLIM,ANALOGO_ESTADO_V2_CONFORMAL,30,10,1.3529962037950252,OK_ANALOGOS_CONTINUIDAD_CORREGIDA,0.1417099320799382,-0.1417099320799382,0.0,CORREGIDO_ANCLA_OBSERVADO,3.236343563482242,7.641054304650044,2.202355370583901,480.0,OK_CALIBRADO
2026-10-09,LAGUNAS,33.0,2026-10-08,2026-11-03,60,26,5.5198175888569265,5.1191449443207295,5.5198175888569265,4.47,6.721835522465516,3.377917588856927,7.661717588856927,HIBRIDO_ANALOGO_CLIM,ANALOGO_ESTADO_V2_CONFORMAL,30,10,1.3529962037950252,OK_ANALOGOS_CONTINUIDAD_CORREGIDA,0.1417099320799382,-0.1417099320799382,0.0,CORREGIDO_ANCLA_OBSERVADO,3.3174622182730253,7.722172959440828,2.202355370583901,480.0,OK_CALIBRADO
2026-10-09,LAGUNAS,33.0,2026-10-08,2026-11-04,60,27,5.534507013081739,5.121049025105328,5.534507013081739,4.47,6.77488097701097,3.2872570130817387,7.781757013081738,HIBRIDO_ANALOGO_CLIM,ANALOGO_ESTADO_V2_CONFORMAL,30,10,1.3529962037950252,OK_ANALOGOS_CONTINUIDAD_CORREGIDA,0.1417099320799382,-0.1417099320799382,0.0,CORREGIDO_ANCLA_OBSERVADO,3.3321516424978377,7.73686238366564,2.202355370583901,480.0,OK_CALIBRADO
2026-10-09,LAGUNAS,33.0,2026-10-08,2026-11-05,60,28,5.531702081632814,5.099536389234035,5.531702081632814,4.47,6.828199158829152,3.396552081632815,7.666852081632815,HIBRIDO_ANALOGO_CLIM,ANALOGO_ESTADO_V2_CONFORMAL,30,10,1.3529962037950252,OK_ANALOGOS_CONTINUIDAD_CORREGIDA,0.1417099320799382,-0.1417099320799382,0.0,CORREGIDO_ANCLA_OBSERVADO,3.329346711048913,7.734057452216716,2.202355370583901,480.0,OK_CALIBRADO
2026-10-09,LAGUNAS,33.0,2026-10-08,2026-11-06,60,29,5.53749962143191,5.069963411996466,5.53749962143191,4.47,6.940108249738244,3.4221496214319105,7.65284962143191,HIBRIDO_ANALOGO_CLIM,ANALOGO_ESTADO_V2_CONFORMAL,30,10,1.3529962037950252,OK_ANALOGOS_CONTINUIDAD_CORREGIDA,0.1417099320799382,-0.1417099320799382,0.0,CORREGIDO_ANCLA_OBSERVADO,3.3351442508480087,7.739854992015811,2.202355370583901,480.0,OK_CALIBRADO
2026-10-09,LAGUNAS,33.0,2026-10-08,2026-11-07,60,30,5.52226981089843,5.022914573709402,5.52226981089843,4.47,7.020335522465516,3.37936981089843,7.66516981089843,HIBRIDO_ANALOGO_CLIM,ANALOGO_ESTADO_V2_CONFORMAL,30,10,1.3529962037950252,OK_ANALOGOS_CONTINUIDAD_CORREGIDA,0.1417099320799382,-0.1417099320799382,0.0,CORREGIDO_ANCLA_OBSERVADO,3.3199144403145286,7.724625181482331,2.202355370583901,480.0,OK_CALIBRADO
2026-10-09,LAGUNAS,33.0,2026-10-08,2026-11-08,60,31,5.652127914463656,5.1299953359870125,5.652127914463656,4.47,7.151153704283697,3.491627914463656,7.812627914463656,HIBRIDO_ANALOGO_CLIM,ANALOGO_ESTADO_V2_CONFORMAL,30,10,1.3529962037950252,OK_ANALOGOS_CONTINUIDAD_CORREGIDA,0.1417099320799382,-0.1417099320799382,0.0,CORREGIDO_ANCLA_OBSERVADO,3.449772543879755,7.854483285047557,2.202355370583901,480.0,OK_CALIBRADO
2026-10-09,LAGUNAS,33.0,2026-10-08,2026-11-09,60,32,5.765924450108474,5.2182212502431025,5.765924450108474,4.47,7.2721082497382445,3.766574450108475,7.765274450108474,HIBRIDO_ANALOGO_CLIM,ANALOGO_ESTADO_V2_CONFORMAL,30,10,1.3529962037950252,OK_ANALOGOS_CONTINUIDAD_CORREGIDA,0.1417099320799382,-0.1417099320799382,0.0,CORREGIDO_ANCLA_OBSERVADO,3.563569079524573,7.968279820692375,2.202355370583901,480.0,OK_CALIBRADO
2026-10-09,LAGUNAS,33.0,2026-10-08,2026-11-10,60,33,5.778761816060274,5.244871789492769,5.778761816060274,4.47,7.186290067920062,3.984911816060273,7.572611816060274,HIBRIDO_ANALOGO_CLIM,ANALOGO_ESTADO_V2_CONFORMAL,30,10,1.3529962037950252,OK_ANALOGOS_CONTINUIDAD_CORREGIDA,0.1417099320799382,-0.1417099320799382,0.0,CORREGIDO_ANCLA_OBSERVADO,3.5764064454763727,7.981117186644175,2.202355370583901,480.0,OK_CALIBRADO
2026-10-09,LAGUNAS,33.0,2026-10-08,2026-11-11,60,34,5.699265060897065,5.160286886873174,5.699265060897065,4.47,7.062562795192789,3.7986150608970655,7.5999150608970645,HIBRIDO_ANALOGO_CLIM,ANALOGO_ESTADO_V2_CONFORMAL,30,10,1.3529962037950252,OK_ANALOGOS_CONTINUIDAD_CORREGIDA,0.1417099320799382,-0.1417099320799382,0.0,CORREGIDO_ANCLA_OBSERVADO,3.4969096903131636,7.901620431480966,2.202355370583901,480.0,OK_CALIBRADO
2026-10-09,LAGUNAS,33.0,2026-10-08,2026-11-12,60,35,5.6702629577170525,5.105872115547899,5.6702629577170525,4.47,7.040926431556425,3.6727629577170533,7.667762957717052,HIBRIDO_ANALOGO_CLIM,ANALOGO_ESTADO_V2_CONFORMAL,30,10,1.3529962037950252,OK_ANALOGOS_CONTINUIDAD_CORREGIDA,0.1417099320799382,-0.1417099320799382,0.0,CORREGIDO_ANCLA_OBSERVADO,3.4679075871331513,7.872618328300954,2.202355370583901,480.0,OK_CALIBRADO
2026-10-09,LAGUNAS,33.0,2026-10-08,2026-11-13,60,36,5.666522124132311,5.09157612224925,5.666522124132311,4.47,7.008062795192789,3.397272124132311,7.935772124132311,HIBRIDO_ANALOGO_CLIM,ANALOGO_ESTADO_V2_CONFORMAL,30,10,1.3529962037950252,OK_ANALOGOS_CONTINUIDAD_CORREGIDA,0.1417099320799382,-0.1417099320799382,0.0,CORREGIDO_ANCLA_OBSERVADO,3.46416675354841,7.868877494716212,2.202355370583901,480.0,OK_CALIBRADO
2026-10-09,LAGUNAS,33.0,2026-10-08,2026-11-14,60,37,5.722619897811795,5.143228595255316,5.722619897811795,4.47,7.022335522465517,2.9705198978117946,8.474719897811795,HIBRIDO_ANALOGO_CLIM,ANALOGO_ESTADO_V2_CONFORMAL,30,10,1.3529962037950252,OK_ANALOGOS_CONTINUIDAD_CORREGIDA,0.1417099320799382,-0.1417099320799382,0.0,CORREGIDO_ANCLA_OBSERVADO,3.5202645272278934,7.924975268395696,2.202355370583901,480.0,OK_CALIBRADO
2026-10-09,LAGUNAS,33.0,2026-10-08,2026-11-15,60,38,5.867331676616155,5.325703508583968,5.867331676616155,4.47,7.036108249738243,2.9021816766161552,8.832481676616155,HIBRIDO_ANALOGO_CLIM,ANALOGO_ESTADO_V2_CONFORMAL,30,10,1.3529962037950252,OK_ANALOGOS_CONTINUIDAD_CORREGIDA,0.1417099320799382,-0.1417099320799382,0.0,CORREGIDO_ANCLA_OBSERVADO,3.664976306032254,8.069687047200055,2.202355370583901,480.0,OK_CALIBRADO
2026-10-09,LAGUNAS,33.0,2026-10-08,2026-11-16,60,39,6.01719249403035,5.48467076653463,6.01719249403035,4.47,7.123199158829153,2.96314249403035,9.07124249403035,HIBRIDO_ANALOGO_CLIM,ANALOGO_ESTADO_V2_CONFORMAL,30,10,1.3529962037950252,OK_ANALOGOS_CONTINUIDAD_CORREGIDA,0.1417099320799382,-0.1417099320799382,0.0,CORREGIDO_ANCLA_OBSERVADO,3.8148371234464484,8.21954786461425,2.202355370583901,480.0,OK_CALIBRADO
2026-10-09,LAGUNAS,33.0,2026-10-08,2026-11-17,60,40,6.116001662828402,5.536607460282571,6.116001662828402,4.47,7.274790067920062,3.1173516628284017,9.1146516628284,HIBRIDO_ANALOGO_CLIM,ANALOGO_ESTADO_V2_CONFORMAL,30,10,1.3529962037950252,OK_ANALOGOS_CONTINUIDAD_CORREGIDA,0.1417099320799382,-0.1417099320799382,0.0,CORREGIDO_ANCLA_OBSERVADO,3.9136462922445006,8.318357033412303,2.202355370583901,480.0,OK_CALIBRADO
2026-10-09,LAGUNAS,33.0,2026-10-08,2026-11-18,60,41,6.2837296041902,5.695331711046164,6.2837296041902,4.47,7.41747188610188,3.3012296041902003,9.266229604190201,HIBRIDO_ANALOGO_CLIM,ANALOGO_ESTADO_V2_CONFORMAL,30,10,1.3529962037950252,OK_ANALOGOS_CONTINUIDAD_CORREGIDA,0.1417099320799382,-0.1417099320799382,0.0,CORREGIDO_ANCLA_OBSERVADO,4.081374233606299,8.486084974774101,2.202355370583901,480.0,OK_CALIBRADO
2026-10-09,LAGUNAS,33.0,2026-10-08,2026-11-19,60,42,6.40903000401375,5.858337522050211,6.40903000401375,4.47,7.431744613374608,3.25468000401375,9.563380004013752,HIBRIDO_ANALOGO_CLIM,ANALOGO_ESTADO_V2_CONFORMAL,30,10,1.3529962037950252,OK_ANALOGOS_CONTINUIDAD_CORREGIDA,0.1417099320799382,-0.1417099320799382,0.0,CORREGIDO_ANCLA_OBSERVADO,4.206674633429849,8.611385374597651,2.202355370583901,480.0,OK_CALIBRADO
2026-10-09,LAGUNAS,33.0,2026-10-08,2026-11-20,60,43,6.442781957459239,5.863394311357741,6.442781957459239,4.47,7.480290067920062,3.498531957459239,9.38703195745924,HIBRIDO_ANALOGO_CLIM,ANALOGO_ESTADO_V2_CONFORMAL,30,10,1.3529962037950252,OK_ANALOGOS_CONTINUIDAD_CORREGIDA,0.1417099320799382,-0.1417099320799382,0.0,CORREGIDO_ANCLA_OBSERVADO,4.240426586875338,8.645137328043141,2.202355370583901,480.0,OK_CALIBRADO
2026-10-09,LAGUNAS,33.0,2026-10-08,2026-11-21,60,44,6.429108024353423,5.845713157025368,6.429108024353423,4.47,7.436790067920062,3.4297580243534225,9.428458024353422,HIBRIDO_ANALOGO_CLIM,ANALOGO_ESTADO_V2_CONFORMAL,30,10,1.3529962037950252,OK_ANALOGOS_CONTINUIDAD_CORREGIDA,0.1417099320799382,-0.1417099320799382,0.0,CORREGIDO_ANCLA_OBSERVADO,4.2267526537695215,8.631463394937324,2.202355370583901,480.0,OK_CALIBRADO
2026-10-09,LAGUNAS,33.0,2026-10-08,2026-11-22,60,45,6.441569014926233,5.897236383129936,6.441569014926233,4.47,7.348790067920062,3.4868690149262322,9.396269014926233,HIBRIDO_ANALOGO_CLIM,ANALOGO_ESTADO_V2_CONFORMAL,30,10,1.3529962037950252,OK_ANALOGOS_CONTINUIDAD_CORREGIDA,0.1417099320799382,-0.1417099320799382,0.0,CORREGIDO_ANCLA_OBSERVADO,4.239213644342332,8.643924385510134,2.202355370583901,480.0,OK_CALIBRADO
2026-10-09,LAGUNAS,33.0,2026-10-08,2026-11-23,60,46,6.4240902549439545,5.9468997078113865,6.4240902549439545,4.47,7.191744613374606,3.6808402549439543,9.167340254943955,HIBRIDO_ANALOGO_CLIM,ANALOGO_ESTADO_V2_CONFORMAL,30,10,1.3529962037950252,OK_ANALOGOS_CONTINUIDAD_CORREGIDA,0.1417099320799382,-0.1417099320799382,0.0,CORREGIDO_ANCLA_OBSERVADO,4.221734884360053,8.626445625527856,2.202355370583901,480.0,OK_CALIBRADO
2026-10-09,LAGUNAS,33.0,2026-10-08,2026-11-24,60,47,6.476945651864006,6.071429383992299,6.476945651864006,4.47,7.106790067920061,4.023845651864006,8.930045651864006,HIBRIDO_ANALOGO_CLIM,ANALOGO_ESTADO_V2_CONFORMAL,30,10,1.3529962037950252,OK_ANALOGOS_CONTINUIDAD_CORREGIDA,0.1417099320799382,-0.1417099320799382,0.0,CORREGIDO_ANCLA_OBSERVADO,4.274590281280105,8.679301022447907,2.202355370583901,480.0,OK_CALIBRADO
2026-10-09,LAGUNAS,33.0,2026-10-08,2026-11-25,60,48,6.575125817305598,6.169864801744439,6.575125817305598,4.47,7.183017340647335,4.281475817305598,8.868775817305597,HIBRIDO_ANALOGO_CLIM,ANALOGO_ESTADO_V2_CONFORMAL,30,10,1.3529962037950252,OK_ANALOGOS_CONTINUIDAD_CORREGIDA,0.1417099320799382,-0.1417099320799382,0.0,CORREGIDO_ANCLA_OBSERVADO,4.372770446721697,8.7774811878895,2.202355370583901,480.0,OK_CALIBRADO
2026-10-09,LAGUNAS,33.0,2026-10-08,2026-11-26,60,49,6.72082754847106,6.3633604575837195,6.72082754847106,4.47,7.238790067920062,4.302577548471059,9.139077548471061,HIBRIDO_ANALOGO_CLIM,ANALOGO_ESTADO_V2_CONFORMAL,30,10,1.3529962037950252,OK_ANALOGOS_CONTINUIDAD_CORREGIDA,0.1417099320799382,-0.1417099320799382,0.0,CORREGIDO_ANCLA_OBSERVADO,4.518472177887158,8.92318291905496,2.202355370583901,480.0,OK_CALIBRADO
2026-10-09,LAGUNAS,33.0,2026-10-08,2026-11-27,60,50,6.68117509395141,6.279989073584191,6.68117509395141,4.47,7.2428355224655165,4.203875093951409,9.15847509395141,HIBRIDO_ANALOGO_CLIM,ANALOGO_ESTADO_V2_CONFORMAL,30,10,1.3529962037950252,OK_ANALOGOS_CONTINUIDAD_CORREGIDA,0.1417099320799382,-0.1417099320799382,0.0,CORREGIDO_ANCLA_OBSERVADO,4.478819723367509,8.883530464535312,2.202355370583901,480.0,OK_CALIBRADO
2026-10-09,LAGUNAS,33.0,2026-10-08,2026-11-28,60,51,6.643967853437931,6.203006374749557,6.643967853437931,4.47,7.240562795192789,4.05401785343793,9.233917853437934,HIBRIDO_ANALOGO_CLIM,ANALOGO_ESTADO_V2_CONFORMAL,30,10,1.3529962037950252,OK_ANALOGOS_CONTINUIDAD_CORREGIDA,0.1417099320799382,-0.1417099320799382,0.0,CORREGIDO_ANCLA_OBSERVADO,4.44161248285403,8.846323224021832,2.202355370583901,480.0,OK_CALIBRADO
2026-10-09,LAGUNAS,33.0,2026-10-08,2026-11-29,60,52,6.6577352001986165,6.136407146272591,6.6577352001986165,4.47,7.33947188610188,4.051885200198616,9.263585200198616,HIBRIDO_ANALOGO_CLIM,ANALOGO_ESTADO_V2_CONFORMAL,30,10,1.3529962037950252,OK_ANALOGOS_CONTINUIDAD_CORREGIDA,0.1417099320799382,-0.1417099320799382,0.0,CORREGIDO_ANCLA_OBSERVADO,4.455379829614715,8.860090570782518,2.202355370583901,480.0,OK_CALIBRADO
2026-10-09,LAGUNAS,33.0,2026-10-08,2026-11-30,60,53,6.706298016541203,6.148114344961996,6.706298016541203,4.47,7.4119264315564255,4.405598016541203,9.006998016541203,HIBRIDO_ANALOGO_CLIM,ANALOGO_ESTADO_V2_CONFORMAL,30,10,1.3529962037950252,OK_ANALOGOS_CONTINUIDAD_CORREGIDA,0.1417099320799382,-0.1417099320799382,0.0,CORREGIDO_ANCLA_OBSERVADO,4.503942645957302,8.908653387125105,2.202355370583901,480.0,OK_CALIBRADO
2026-10-09,LAGUNAS,33.0,2026-10-08,2026-12-01,60,54,6.759941541581599,6.1929539043294675,6.759941541581599,4.47,7.452926431556425,4.743191541581599,8.776691541581599,HIBRIDO_ANALOGO_CLIM,ANALOGO_ESTADO_V2_CONFORMAL,30,10,1.3529962037950252,OK_ANALOGOS_CONTINUIDAD_CORREGIDA,0.1417099320799382,-0.1417099320799382,0.0,CORREGIDO_ANCLA_OBSERVADO,4.5575861709976975,8.962296912165499,2.202355370583901,480.0,OK_CALIBRADO
2026-10-09,LAGUNAS,33.0,2026-10-08,2026-12-02,60,55,6.851770876987005,6.22510079235134,6.851770876987005,4.47,7.592380977010971,5.032670876987005,8.670870876987006,HIBRIDO_ANALOGO_CLIM,ANALOGO_ESTADO_V2_CONFORMAL,30,10,1.3529962037950252,OK_ANALOGOS_CONTINUIDAD_CORREGIDA,0.1417099320799382,-0.1417099320799382,0.0,CORREGIDO_ANCLA_OBSERVADO,4.649415506403104,9.054126247570906,2.202355370583901,480.0,OK_CALIBRADO
2026-10-09,LAGUNAS,33.0,2026-10-08,2026-12-03,60,56,6.869410049257655,6.202128669291686,6.869410049257655,4.47,7.632017340647334,5.053560049257656,8.685260049257657,HIBRIDO_ANALOGO_CLIM,ANALOGO_ESTADO_V2_CONFORMAL,30,10,1.3529962037950252,OK_ANALOGOS_CONTINUIDAD_CORREGIDA,0.1417099320799382,-0.1417099320799382,0.0,CORREGIDO_ANCLA_OBSERVADO,4.667054678673754,9.071765419841556,2.202355370583901,480.0,OK_CALIBRADO
2026-10-09,LAGUNAS,33.0,2026-10-08,2026-12-04,60,57,6.900917216716093,6.1785798751505965,6.900917216716093,4.47,7.699290067920062,4.956267216716093,8.845567216716095,HIBRIDO_ANALOGO_CLIM,ANALOGO_ESTADO_V2_CONFORMAL,30,10,1.3529962037950252,OK_ANALOGOS_CONTINUIDAD_CORREGIDA,0.1417099320799382,-0.1417099320799382,0.0,CORREGIDO_ANCLA_OBSERVADO,4.698561846132192,9.103272587299994,2.202355370583901,480.0,OK_CALIBRADO
2026-10-09,LAGUNAS,33.0,2026-10-08,2026-12-05,60,58,6.982454403495592,6.224015761409359,6.982454403495592,4.47,7.793199158829152,4.932204403495592,9.032704403495593,HIBRIDO_ANALOGO_CLIM,ANALOGO_ESTADO_V2_CONFORMAL,30,10,1.3529962037950252,OK_ANALOGOS_CONTINUIDAD_CORREGIDA,0.1417099320799382,-0.1417099320799382,0.0,CORREGIDO_ANCLA_OBSERVADO,4.780099032911691,9.184809774079493,2.202355370583901,480.0,OK_CALIBRADO
2026-10-09,LAGUNAS,33.0,2026-10-08,2026-12-06,60,59,7.079344904175172,6.262542502877953,7.079344904175172,4.47,7.9238355224655175,4.9000449041751715,9.25864490417517,HIBRIDO_ANALOGO_CLIM,ANALOGO_ESTADO_V2_CONFORMAL,30,10,1.3529962037950252,OK_ANALOGOS_CONTINUIDAD_CORREGIDA,0.1417099320799382,-0.1417099320799382,0.0,CORREGIDO_ANCLA_OBSERVADO,4.876989533591271,9.281700274759073,2.202355370583901,480.0,OK_CALIBRADO
2026-10-09,LAGUNAS,33.0,2026-10-08,2026-12-07,60,60,7.10286192017002,6.25684286332907,7.10286192017002,4.47,7.94888097701097,4.86236192017002,9.343361920170022,HIBRIDO_ANALOGO_CLIM,ANALOGO_ESTADO_V2_CONFORMAL,30,10,1.3529962037950252,OK_ANALOGOS_CONTINUIDAD_CORREGIDA,0.1417099320799382,-0.1417099320799382,0.0,CORREGIDO_ANCLA_OBSERVADO,4.900506549586119,9.305217290753921,2.202355370583901,480.0,OK_CALIBRADO
2026-10-09,LAGUNAS,33.0,2026-10-08,2026-10-09,90,1,4.47,4.236418462208464,4.47,4.47,5.170744613374607,4.227899999999999,4.7120999999999995,HIBRIDO_ANALOGO_CLIM,ANALOGO_ESTADO_V2_CONFORMAL,30,10,1.3529962037950252,OK_ANALOGOS_CONTINUIDAD_CORREGIDA,0.1417099320799382,-0.1417099320799382,0.0,CORREGIDO_ANCLA_OBSERVADO,2.4990568587079,6.4409431412921,1.9709431412921,720.0,OK_CALIBRADO
2026-10-09,LAGUNAS,33.0,2026-10-08,2026-10-10,90,2,4.48245972918437,4.2156223435452,4.48245972918437,4.47,5.28297188610188,4.002759729184371,4.96215972918437,HIBRIDO_ANALOGO_CLIM,ANALOGO_ESTADO_V2_CONFORMAL,30,10,1.3529962037950252,OK_ANALOGOS_CONTINUIDAD_CORREGIDA,0.1417099320799382,-0.1417099320799382,0.0,CORREGIDO_ANCLA_OBSERVADO,2.5115165878922703,6.45340287047647,1.9709431412921,720.0,OK_CALIBRADO
2026-10-09,LAGUNAS,33.0,2026-10-08,2026-10-11,90,3,4.422117377521391,4.085832541327895,4.422117377521391,4.47,5.43097188610188,3.9163173775213913,4.927917377521391,HIBRIDO_ANALOGO_CLIM,ANALOGO_ESTADO_V2_CONFORMAL,30,10,1.3529962037950252,OK_ANALOGOS_CONTINUIDAD_CORREGIDA,0.1417099320799382,-0.1417099320799382,0.0,CORREGIDO_ANCLA_OBSERVADO,2.451174236229291,6.393060518813491,1.9709431412921,720.0,OK_CALIBRADO
2026-10-09,LAGUNAS,33.0,2026-10-08,2026-10-12,90,4,4.340701440315107,3.962884018992244,4.340701440315107,4.47,5.474153704283698,3.776751440315108,4.904651440315107,HIBRIDO_ANALOGO_CLIM,ANALOGO_ESTADO_V2_CONFORMAL,30,10,1.3529962037950252,OK_ANALOGOS_CONTINUIDAD_CORREGIDA,0.1417099320799382,-0.1417099320799382,0.0,CORREGIDO_ANCLA_OBSERVADO,2.3697582990230073,6.311644581607207,1.9709431412921,720.0,OK_CALIBRADO
2026-10-09,LAGUNAS,33.0,2026-10-08,2026-10-13,90,5,4.392170529786757,3.9948731079847457,4.392170529786757,4.47,5.584062795192789,3.5356705297867568,5.248670529786756,HIBRIDO_ANALOGO_CLIM,ANALOGO_ESTADO_V2_CONFORMAL,30,10,1.3529962037950252,OK_ANALOGOS_CONTINUIDAD_CORREGIDA,0.1417099320799382,-0.1417099320799382,0.0,CORREGIDO_ANCLA_OBSERVADO,2.421227388494657,6.363113671078857,1.9709431412921,720.0,OK_CALIBRADO
2026-10-09,LAGUNAS,33.0,2026-10-08,2026-10-14,90,6,4.539348396690498,4.133549657795795,4.539348396690498,4.47,5.7567446133746065,3.445548396690498,5.633148396690498,HIBRIDO_ANALOGO_CLIM,ANALOGO_ESTADO_V2_CONFORMAL,30,10,1.3529962037950252,OK_ANALOGOS_CONTINUIDAD_CORREGIDA,0.1417099320799382,-0.1417099320799382,0.0,CORREGIDO_ANCLA_OBSERVADO,2.568405255398398,6.510291537982598,1.9709431412921,720.0,OK_CALIBRADO
2026-10-09,LAGUNAS,33.0,2026-10-08,2026-10-15,90,7,4.814592856053082,4.480678633915604,4.814592856053082,4.47,5.816335522465517,3.234242856053082,6.394942856053082,HIBRIDO_ANALOGO_CLIM,ANALOGO_ESTADO_V2_CONFORMAL,30,10,1.3529962037950252,OK_ANALOGOS_CONTINUIDAD_CORREGIDA,0.1417099320799382,-0.1417099320799382,0.0,CORREGIDO_ANCLA_OBSERVADO,2.843649714760982,6.785535997345182,1.9709431412921,720.0,OK_CALIBRADO
2026-10-09,LAGUNAS,33.0,2026-10-08,2026-10-16,90,8,4.927924482462319,4.6395147418551925,4.927924482462319,4.47,5.793153704283698,3.186974482462319,6.66887448246232,HIBRIDO_ANALOGO_CLIM,ANALOGO_ESTADO_V2_CONFORMAL,30,10,1.3529962037950252,OK_ANALOGOS_CONTINUIDAD_CORREGIDA,0.1417099320799382,-0.1417099320799382,0.0,CORREGIDO_ANCLA_OBSERVADO,2.956981341170219,6.898867623754419,1.9709431412921,720.0,OK_CALIBRADO
2026-10-09,LAGUNAS,33.0,2026-10-08,2026-10-17,90,9,5.000571774022329,4.769514160904903,5.000571774022329,4.47,5.693744613374607,3.250821774022328,6.7503217740223285,HIBRIDO_ANALOGO_CLIM,ANALOGO_ESTADO_V2_CONFORMAL,30,10,1.3529962037950252,OK_ANALOGOS_CONTINUIDAD_CORREGIDA,0.1417099320799382,-0.1417099320799382,0.0,CORREGIDO_ANCLA_OBSERVADO,3.029628632730229,6.971514915314429,1.9709431412921,720.0,OK_CALIBRADO
2026-10-09,LAGUNAS,33.0,2026-10-08,2026-10-18,90,10,5.056421508806509,4.8081774436474465,5.056421508806509,4.47,5.801153704283698,3.251771508806509,6.861071508806509,HIBRIDO_ANALOGO_CLIM,ANALOGO_ESTADO_V2_CONFORMAL,30,10,1.3529962037950252,OK_ANALOGOS_CONTINUIDAD_CORREGIDA,0.1417099320799382,-0.1417099320799382,0.0,CORREGIDO_ANCLA_OBSERVADO,3.0854783675144093,7.027364650098609,1.9709431412921,720.0,OK_CALIBRADO
2026-10-09,LAGUNAS,33.0,2026-10-08,2026-10-19,90,11,5.32511614142848,4.741588468961589,5.32511614142848,4.47,7.075699158829152,3.6003161414284794,7.04991614142848,HIBRIDO_ANALOGO_CLIM,ANALOGO_ESTADO_V2_CONFORMAL,30,10,1.3529962037950252,OK_ANALOGOS_CONTINUIDAD_CORREGIDA,0.1417099320799382,-0.1417099320799382,0.0,CORREGIDO_ANCLA_OBSERVADO,3.35417300013638,7.29605928272058,1.9709431412921,720.0,OK_CALIBRADO
2026-10-09,LAGUNAS,33.0,2026-10-08,2026-10-20,90,12,5.039757229582622,4.790594768318627,5.039757229582622,4.47,5.787244613374607,3.368057229582622,6.711457229582622,HIBRIDO_ANALOGO_CLIM,ANALOGO_ESTADO_V2_CONFORMAL,30,10,1.3529962037950252,OK_ANALOGOS_CONTINUIDAD_CORREGIDA,0.1417099320799382,-0.1417099320799382,0.0,CORREGIDO_ANCLA_OBSERVADO,3.068814088290522,7.010700370874722,1.9709431412921,720.0,OK_CALIBRADO
2026-10-09,LAGUNAS,33.0,2026-10-08,2026-10-21,90,13,5.174709449534316,4.959728031284523,5.174709449534316,4.47,5.819653704283699,3.4539594495343167,6.895459449534316,HIBRIDO_ANALOGO_CLIM,ANALOGO_ESTADO_V2_CONFORMAL,30,10,1.3529962037950252,OK_ANALOGOS_CONTINUIDAD_CORREGIDA,0.1417099320799382,-0.1417099320799382,0.0,CORREGIDO_ANCLA_OBSERVADO,3.2037663082422165,7.145652590826416,1.9709431412921,720.0,OK_CALIBRADO
2026-10-09,LAGUNAS,33.0,2026-10-08,2026-10-22,90,14,5.109522568667028,4.867039462855411,5.109522568667028,4.47,5.83697188610188,3.240022568667028,6.979022568667028,HIBRIDO_ANALOGO_CLIM,ANALOGO_ESTADO_V2_CONFORMAL,30,10,1.3529962037950252,OK_ANALOGOS_CONTINUIDAD_CORREGIDA,0.1417099320799382,-0.1417099320799382,0.0,CORREGIDO_ANCLA_OBSERVADO,3.1385794273749283,7.080465709959128,1.9709431412921,720.0,OK_CALIBRADO
2026-10-09,LAGUNAS,33.0,2026-10-08,2026-10-23,90,15,4.994432483676503,4.73281328892865,4.994432483676503,4.47,5.779290067920062,3.296682483676503,6.692182483676503,HIBRIDO_ANALOGO_CLIM,ANALOGO_ESTADO_V2_CONFORMAL,30,10,1.3529962037950252,OK_ANALOGOS_CONTINUIDAD_CORREGIDA,0.1417099320799382,-0.1417099320799382,0.0,CORREGIDO_ANCLA_OBSERVADO,3.023489342384403,6.965375624968603,1.9709431412921,720.0,OK_CALIBRADO
2026-10-09,LAGUNAS,33.0,2026-10-08,2026-10-24,90,16,5.841197979889439,5.848697586909534,5.841197979889439,4.47,5.818699158829152,3.384447979889441,8.297947979889436,HIBRIDO_ANALOGO_CLIM,ANALOGO_ESTADO_V2_CONFORMAL,30,10,1.3529962037950252,OK_ANALOGOS_CONTINUIDAD_CORREGIDA,0.1417099320799382,-0.1417099320799382,0.0,CORREGIDO_ANCLA_OBSERVADO,3.870254838597339,7.812141121181539,1.9709431412921,720.0,OK_CALIBRADO
2026-10-09,LAGUNAS,33.0,2026-10-08,2026-10-25,90,17,4.84946337713048,4.515566601412741,4.84946337713048,4.47,5.851153704283698,3.1664633771304795,6.5324633771304805,HIBRIDO_ANALOGO_CLIM,ANALOGO_ESTADO_V2_CONFORMAL,30,10,1.3529962037950252,OK_ANALOGOS_CONTINUIDAD_CORREGIDA,0.1417099320799382,-0.1417099320799382,0.0,CORREGIDO_ANCLA_OBSERVADO,2.87852023583838,6.82040651842258,1.9709431412921,720.0,OK_CALIBRADO
2026-10-09,LAGUNAS,33.0,2026-10-08,2026-10-26,90,18,4.928079405955603,4.523251609543207,4.928079405955603,4.47,6.14256279519279,3.0669794059556033,6.789179405955603,HIBRIDO_ANALOGO_CLIM,ANALOGO_ESTADO_V2_CONFORMAL,30,10,1.3529962037950252,OK_ANALOGOS_CONTINUIDAD_CORREGIDA,0.1417099320799382,-0.1417099320799382,0.0,CORREGIDO_ANCLA_OBSERVADO,2.957136264663503,6.899022547247703,1.9709431412921,720.0,OK_CALIBRADO
2026-10-09,LAGUNAS,33.0,2026-10-08,2026-10-27,90,19,5.040711230574822,4.650745557520349,5.040711230574822,4.47,6.210608249738244,3.055861230574822,7.025561230574822,HIBRIDO_ANALOGO_CLIM,ANALOGO_ESTADO_V2_CONFORMAL,30,10,1.3529962037950252,OK_ANALOGOS_CONTINUIDAD_CORREGIDA,0.1417099320799382,-0.1417099320799382,0.0,CORREGIDO_ANCLA_OBSERVADO,3.0697680892827224,7.011654371866922,1.9709431412921,720.0,OK_CALIBRADO
2026-10-09,LAGUNAS,33.0,2026-10-08,2026-10-28,90,20,5.143935306269844,4.736498870568256,5.143935306269844,4.47,6.366244613374608,2.900835306269845,7.387035306269844,HIBRIDO_ANALOGO_CLIM,ANALOGO_ESTADO_V2_CONFORMAL,30,10,1.3529962037950252,OK_ANALOGOS_CONTINUIDAD_CORREGIDA,0.1417099320799382,-0.1417099320799382,0.0,CORREGIDO_ANCLA_OBSERVADO,3.172992164977744,7.114878447561944,1.9709431412921,720.0,OK_CALIBRADO
2026-10-09,LAGUNAS,33.0,2026-10-08,2026-10-29,90,21,5.186774957847695,4.743663860550845,5.186774957847695,4.47,6.516108249738244,2.828224957847695,7.545324957847694,HIBRIDO_ANALOGO_CLIM,ANALOGO_ESTADO_V2_CONFORMAL,30,10,1.3529962037950252,OK_ANALOGOS_CONTINUIDAD_CORREGIDA,0.1417099320799382,-0.1417099320799382,0.0,CORREGIDO_ANCLA_OBSERVADO,3.2158318165555952,7.157718099139795,1.9709431412921,720.0,OK_CALIBRADO
2026-10-09,LAGUNAS,33.0,2026-10-08,2026-10-30,90,22,5.221561228310611,4.76484858480443,5.221561228310611,4.47,6.591699158829153,2.915611228310611,7.527511228310611,HIBRIDO_ANALOGO_CLIM,ANALOGO_ESTADO_V2_CONFORMAL,30,10,1.3529962037950252,OK_ANALOGOS_CONTINUIDAD_CORREGIDA,0.1417099320799382,-0.1417099320799382,0.0,CORREGIDO_ANCLA_OBSERVADO,3.250618087018511,7.192504369602711,1.9709431412921,720.0,OK_CALIBRADO
2026-10-09,LAGUNAS,33.0,2026-10-08,2026-10-31,90,23,5.235823101892716,4.7575159313987525,5.235823101892716,4.47,6.670744613374607,2.9369231018927158,7.534723101892716,HIBRIDO_ANALOGO_CLIM,ANALOGO_ESTADO_V2_CONFORMAL,30,10,1.3529962037950252,OK_ANALOGOS_CONTINUIDAD_CORREGIDA,0.1417099320799382,-0.1417099320799382,0.0,CORREGIDO_ANCLA_OBSERVADO,3.2648799606006165,7.206766243184816,1.9709431412921,720.0,OK_CALIBRADO
2026-10-09,LAGUNAS,33.0,2026-10-08,2026-11-01,90,24,5.3826038244687835,4.920572046348661,5.3826038244687835,4.47,6.768699158829152,3.1184538244687836,7.646753824468783,HIBRIDO_ANALOGO_CLIM,ANALOGO_ESTADO_V2_CONFORMAL,30,10,1.3529962037950252,OK_ANALOGOS_CONTINUIDAD_CORREGIDA,0.1417099320799382,-0.1417099320799382,0.0,CORREGIDO_ANCLA_OBSERVADO,3.4116606831766836,7.353546965760883,1.9709431412921,720.0,OK_CALIBRADO
2026-10-09,LAGUNAS,33.0,2026-10-08,2026-11-02,90,25,5.438698934066143,4.992214010660292,5.438698934066143,4.47,6.778153704283698,3.232598934066143,7.644798934066143,HIBRIDO_ANALOGO_CLIM,ANALOGO_ESTADO_V2_CONFORMAL,30,10,1.3529962037950252,OK_ANALOGOS_CONTINUIDAD_CORREGIDA,0.1417099320799382,-0.1417099320799382,0.0,CORREGIDO_ANCLA_OBSERVADO,3.467755792774043,7.409642075358243,1.9709431412921,720.0,OK_CALIBRADO
2026-10-09,LAGUNAS,33.0,2026-10-08,2026-11-03,90,26,5.5198175888569265,5.1191449443207295,5.5198175888569265,4.47,6.721835522465516,3.377917588856927,7.661717588856927,HIBRIDO_ANALOGO_CLIM,ANALOGO_ESTADO_V2_CONFORMAL,30,10,1.3529962037950252,OK_ANALOGOS_CONTINUIDAD_CORREGIDA,0.1417099320799382,-0.1417099320799382,0.0,CORREGIDO_ANCLA_OBSERVADO,3.5488744475648266,7.490760730149026,1.9709431412921,720.0,OK_CALIBRADO
2026-10-09,LAGUNAS,33.0,2026-10-08,2026-11-04,90,27,5.534507013081739,5.121049025105328,5.534507013081739,4.47,6.77488097701097,3.2872570130817387,7.781757013081738,HIBRIDO_ANALOGO_CLIM,ANALOGO_ESTADO_V2_CONFORMAL,30,10,1.3529962037950252,OK_ANALOGOS_CONTINUIDAD_CORREGIDA,0.1417099320799382,-0.1417099320799382,0.0,CORREGIDO_ANCLA_OBSERVADO,3.563563871789639,7.505450154373839,1.9709431412921,720.0,OK_CALIBRADO
2026-10-09,LAGUNAS,33.0,2026-10-08,2026-11-05,90,28,5.531702081632814,5.099536389234035,5.531702081632814,4.47,6.828199158829152,3.396552081632815,7.666852081632815,HIBRIDO_ANALOGO_CLIM,ANALOGO_ESTADO_V2_CONFORMAL,30,10,1.3529962037950252,OK_ANALOGOS_CONTINUIDAD_CORREGIDA,0.1417099320799382,-0.1417099320799382,0.0,CORREGIDO_ANCLA_OBSERVADO,3.5607589403407145,7.502645222924914,1.9709431412921,720.0,OK_CALIBRADO
2026-10-09,LAGUNAS,33.0,2026-10-08,2026-11-06,90,29,5.53749962143191,5.069963411996466,5.53749962143191,4.47,6.940108249738244,3.4221496214319105,7.65284962143191,HIBRIDO_ANALOGO_CLIM,ANALOGO_ESTADO_V2_CONFORMAL,30,10,1.3529962037950252,OK_ANALOGOS_CONTINUIDAD_CORREGIDA,0.1417099320799382,-0.1417099320799382,0.0,CORREGIDO_ANCLA_OBSERVADO,3.56655648013981,7.50844276272401,1.9709431412921,720.0,OK_CALIBRADO
2026-10-09,LAGUNAS,33.0,2026-10-08,2026-11-07,90,30,5.52226981089843,5.022914573709402,5.52226981089843,4.47,7.020335522465516,3.37936981089843,7.66516981089843,HIBRIDO_ANALOGO_CLIM,ANALOGO_ESTADO_V2_CONFORMAL,30,10,1.3529962037950252,OK_ANALOGOS_CONTINUIDAD_CORREGIDA,0.1417099320799382,-0.1417099320799382,0.0,CORREGIDO_ANCLA_OBSERVADO,3.55132666960633,7.49321295219053,1.9709431412921,720.0,OK_CALIBRADO
2026-10-09,LAGUNAS,33.0,2026-10-08,2026-11-08,90,31,5.652127914463656,5.1299953359870125,5.652127914463656,4.47,7.151153704283697,3.491627914463656,7.812627914463656,HIBRIDO_ANALOGO_CLIM,ANALOGO_ESTADO_V2_CONFORMAL,30,10,1.3529962037950252,OK_ANALOGOS_CONTINUIDAD_CORREGIDA,0.1417099320799382,-0.1417099320799382,0.0,CORREGIDO_ANCLA_OBSERVADO,3.681184773171556,7.623071055755756,1.9709431412921,720.0,OK_CALIBRADO
2026-10-09,LAGUNAS,33.0,2026-10-08,2026-11-09,90,32,5.765924450108474,5.2182212502431025,5.765924450108474,4.47,7.2721082497382445,3.766574450108475,7.765274450108474,HIBRIDO_ANALOGO_CLIM,ANALOGO_ESTADO_V2_CONFORMAL,30,10,1.3529962037950252,OK_ANALOGOS_CONTINUIDAD_CORREGIDA,0.1417099320799382,-0.1417099320799382,0.0,CORREGIDO_ANCLA_OBSERVADO,3.794981308816374,7.736867591400574,1.9709431412921,720.0,OK_CALIBRADO
2026-10-09,LAGUNAS,33.0,2026-10-08,2026-11-10,90,33,5.778761816060274,5.244871789492769,5.778761816060274,4.47,7.186290067920062,3.984911816060273,7.572611816060274,HIBRIDO_ANALOGO_CLIM,ANALOGO_ESTADO_V2_CONFORMAL,30,10,1.3529962037950252,OK_ANALOGOS_CONTINUIDAD_CORREGIDA,0.1417099320799382,-0.1417099320799382,0.0,CORREGIDO_ANCLA_OBSERVADO,3.807818674768174,7.749704957352374,1.9709431412921,720.0,OK_CALIBRADO
2026-10-09,LAGUNAS,33.0,2026-10-08,2026-11-11,90,34,5.699265060897065,5.160286886873174,5.699265060897065,4.47,7.062562795192789,3.7986150608970655,7.5999150608970645,HIBRIDO_ANALOGO_CLIM,ANALOGO_ESTADO_V2_CONFORMAL,30,10,1.3529962037950252,OK_ANALOGOS_CONTINUIDAD_CORREGIDA,0.1417099320799382,-0.1417099320799382,0.0,CORREGIDO_ANCLA_OBSERVADO,3.728321919604965,7.670208202189165,1.9709431412921,720.0,OK_CALIBRADO
2026-10-09,LAGUNAS,33.0,2026-10-08,2026-11-12,90,35,5.6702629577170525,5.105872115547899,5.6702629577170525,4.47,7.040926431556425,3.6727629577170533,7.667762957717052,HIBRIDO_ANALOGO_CLIM,ANALOGO_ESTADO_V2_CONFORMAL,30,10,1.3529962037950252,OK_ANALOGOS_CONTINUIDAD_CORREGIDA,0.1417099320799382,-0.1417099320799382,0.0,CORREGIDO_ANCLA_OBSERVADO,3.6993198164249526,7.641206099009152,1.9709431412921,720.0,OK_CALIBRADO
2026-10-09,LAGUNAS,33.0,2026-10-08,2026-11-13,90,36,5.666522124132311,5.09157612224925,5.666522124132311,4.47,7.008062795192789,3.397272124132311,7.935772124132311,HIBRIDO_ANALOGO_CLIM,ANALOGO_ESTADO_V2_CONFORMAL,30,10,1.3529962037950252,OK_ANALOGOS_CONTINUIDAD_CORREGIDA,0.1417099320799382,-0.1417099320799382,0.0,CORREGIDO_ANCLA_OBSERVADO,3.6955789828402112,7.637465265424411,1.9709431412921,720.0,OK_CALIBRADO
2026-10-09,LAGUNAS,33.0,2026-10-08,2026-11-14,90,37,5.722619897811795,5.143228595255316,5.722619897811795,4.47,7.022335522465517,2.9705198978117946,8.474719897811795,HIBRIDO_ANALOGO_CLIM,ANALOGO_ESTADO_V2_CONFORMAL,30,10,1.3529962037950252,OK_ANALOGOS_CONTINUIDAD_CORREGIDA,0.1417099320799382,-0.1417099320799382,0.0,CORREGIDO_ANCLA_OBSERVADO,3.7516767565196947,7.6935630391038945,1.9709431412921,720.0,OK_CALIBRADO
2026-10-09,LAGUNAS,33.0,2026-10-08,2026-11-15,90,38,5.867331676616155,5.325703508583968,5.867331676616155,4.47,7.036108249738243,2.9021816766161552,8.832481676616155,HIBRIDO_ANALOGO_CLIM,ANALOGO_ESTADO_V2_CONFORMAL,30,10,1.3529962037950252,OK_ANALOGOS_CONTINUIDAD_CORREGIDA,0.1417099320799382,-0.1417099320799382,0.0,CORREGIDO_ANCLA_OBSERVADO,3.8963885353240553,7.838274817908255,1.9709431412921,720.0,OK_CALIBRADO
2026-10-09,LAGUNAS,33.0,2026-10-08,2026-11-16,90,39,6.01719249403035,5.48467076653463,6.01719249403035,4.47,7.123199158829153,2.96314249403035,9.07124249403035,HIBRIDO_ANALOGO_CLIM,ANALOGO_ESTADO_V2_CONFORMAL,30,10,1.3529962037950252,OK_ANALOGOS_CONTINUIDAD_CORREGIDA,0.1417099320799382,-0.1417099320799382,0.0,CORREGIDO_ANCLA_OBSERVADO,4.04624935273825,7.9881356353224495,1.9709431412921,720.0,OK_CALIBRADO
2026-10-09,LAGUNAS,33.0,2026-10-08,2026-11-17,90,40,6.116001662828402,5.536607460282571,6.116001662828402,4.47,7.274790067920062,3.1173516628284017,9.1146516628284,HIBRIDO_ANALOGO_CLIM,ANALOGO_ESTADO_V2_CONFORMAL,30,10,1.3529962037950252,OK_ANALOGOS_CONTINUIDAD_CORREGIDA,0.1417099320799382,-0.1417099320799382,0.0,CORREGIDO_ANCLA_OBSERVADO,4.145058521536302,8.086944804120503,1.9709431412921,720.0,OK_CALIBRADO
2026-10-09,LAGUNAS,33.0,2026-10-08,2026-11-18,90,41,6.2837296041902,5.695331711046164,6.2837296041902,4.47,7.41747188610188,3.3012296041902003,9.266229604190201,HIBRIDO_ANALOGO_CLIM,ANALOGO_ESTADO_V2_CONFORMAL,30,10,1.3529962037950252,OK_ANALOGOS_CONTINUIDAD_CORREGIDA,0.1417099320799382,-0.1417099320799382,0.0,CORREGIDO_ANCLA_OBSERVADO,4.3127864628981,8.2546727454823,1.9709431412921,720.0,OK_CALIBRADO
2026-10-09,LAGUNAS,33.0,2026-10-08,2026-11-19,90,42,6.40903000401375,5.858337522050211,6.40903000401375,4.47,7.431744613374608,3.25468000401375,9.563380004013752,HIBRIDO_ANALOGO_CLIM,ANALOGO_ESTADO_V2_CONFORMAL,30,10,1.3529962037950252,OK_ANALOGOS_CONTINUIDAD_CORREGIDA,0.1417099320799382,-0.1417099320799382,0.0,CORREGIDO_ANCLA_OBSERVADO,4.43808686272165,8.37997314530585,1.9709431412921,720.0,OK_CALIBRADO
2026-10-09,LAGUNAS,33.0,2026-10-08,2026-11-20,90,43,6.442781957459239,5.863394311357741,6.442781957459239,4.47,7.480290067920062,3.498531957459239,9.38703195745924,HIBRIDO_ANALOGO_CLIM,ANALOGO_ESTADO_V2_CONFORMAL,30,10,1.3529962037950252,OK_ANALOGOS_CONTINUIDAD_CORREGIDA,0.1417099320799382,-0.1417099320799382,0.0,CORREGIDO_ANCLA_OBSERVADO,4.471838816167139,8.413725098751339,1.9709431412921,720.0,OK_CALIBRADO
2026-10-09,LAGUNAS,33.0,2026-10-08,2026-11-21,90,44,6.429108024353423,5.845713157025368,6.429108024353423,4.47,7.436790067920062,3.4297580243534225,9.428458024353422,HIBRIDO_ANALOGO_CLIM,ANALOGO_ESTADO_V2_CONFORMAL,30,10,1.3529962037950252,OK_ANALOGOS_CONTINUIDAD_CORREGIDA,0.1417099320799382,-0.1417099320799382,0.0,CORREGIDO_ANCLA_OBSERVADO,4.458164883061323,8.400051165645522,1.9709431412921,720.0,OK_CALIBRADO
2026-10-09,LAGUNAS,33.0,2026-10-08,2026-11-22,90,45,6.441569014926233,5.897236383129936,6.441569014926233,4.47,7.348790067920062,3.4868690149262322,9.396269014926233,HIBRIDO_ANALOGO_CLIM,ANALOGO_ESTADO_V2_CONFORMAL,30,10,1.3529962037950252,OK_ANALOGOS_CONTINUIDAD_CORREGIDA,0.1417099320799382,-0.1417099320799382,0.0,CORREGIDO_ANCLA_OBSERVADO,4.470625873634133,8.412512156218334,1.9709431412921,720.0,OK_CALIBRADO
2026-10-09,LAGUNAS,33.0,2026-10-08,2026-11-23,90,46,6.4240902549439545,5.9468997078113865,6.4240902549439545,4.47,7.191744613374606,3.6808402549439543,9.167340254943955,HIBRIDO_ANALOGO_CLIM,ANALOGO_ESTADO_V2_CONFORMAL,30,10,1.3529962037950252,OK_ANALOGOS_CONTINUIDAD_CORREGIDA,0.1417099320799382,-0.1417099320799382,0.0,CORREGIDO_ANCLA_OBSERVADO,4.453147113651855,8.395033396236055,1.9709431412921,720.0,OK_CALIBRADO
2026-10-09,LAGUNAS,33.0,2026-10-08,2026-11-24,90,47,6.476945651864006,6.071429383992299,6.476945651864006,4.47,7.106790067920061,4.023845651864006,8.930045651864006,HIBRIDO_ANALOGO_CLIM,ANALOGO_ESTADO_V2_CONFORMAL,30,10,1.3529962037950252,OK_ANALOGOS_CONTINUIDAD_CORREGIDA,0.1417099320799382,-0.1417099320799382,0.0,CORREGIDO_ANCLA_OBSERVADO,4.506002510571906,8.447888793156107,1.9709431412921,720.0,OK_CALIBRADO
2026-10-09,LAGUNAS,33.0,2026-10-08,2026-11-25,90,48,6.575125817305598,6.169864801744439,6.575125817305598,4.47,7.183017340647335,4.281475817305598,8.868775817305597,HIBRIDO_ANALOGO_CLIM,ANALOGO_ESTADO_V2_CONFORMAL,30,10,1.3529962037950252,OK_ANALOGOS_CONTINUIDAD_CORREGIDA,0.1417099320799382,-0.1417099320799382,0.0,CORREGIDO_ANCLA_OBSERVADO,4.604182676013498,8.546068958597697,1.9709431412921,720.0,OK_CALIBRADO
2026-10-09,LAGUNAS,33.0,2026-10-08,2026-11-26,90,49,6.72082754847106,6.3633604575837195,6.72082754847106,4.47,7.238790067920062,4.302577548471059,9.139077548471061,HIBRIDO_ANALOGO_CLIM,ANALOGO_ESTADO_V2_CONFORMAL,30,10,1.3529962037950252,OK_ANALOGOS_CONTINUIDAD_CORREGIDA,0.1417099320799382,-0.1417099320799382,0.0,CORREGIDO_ANCLA_OBSERVADO,4.74988440717896,8.69177068976316,1.9709431412921,720.0,OK_CALIBRADO
2026-10-09,LAGUNAS,33.0,2026-10-08,2026-11-27,90,50,6.68117509395141,6.279989073584191,6.68117509395141,4.47,7.2428355224655165,4.203875093951409,9.15847509395141,HIBRIDO_ANALOGO_CLIM,ANALOGO_ESTADO_V2_CONFORMAL,30,10,1.3529962037950252,OK_ANALOGOS_CONTINUIDAD_CORREGIDA,0.1417099320799382,-0.1417099320799382,0.0,CORREGIDO_ANCLA_OBSERVADO,4.71023195265931,8.65211823524351,1.9709431412921,720.0,OK_CALIBRADO
2026-10-09,LAGUNAS,33.0,2026-10-08,2026-11-28,90,51,6.643967853437931,6.203006374749557,6.643967853437931,4.47,7.240562795192789,4.05401785343793,9.233917853437934,HIBRIDO_ANALOGO_CLIM,ANALOGO_ESTADO_V2_CONFORMAL,30,10,1.3529962037950252,OK_ANALOGOS_CONTINUIDAD_CORREGIDA,0.1417099320799382,-0.1417099320799382,0.0,CORREGIDO_ANCLA_OBSERVADO,4.673024712145831,8.614910994730032,1.9709431412921,720.0,OK_CALIBRADO
2026-10-09,LAGUNAS,33.0,2026-10-08,2026-11-29,90,52,6.6577352001986165,6.136407146272591,6.6577352001986165,4.47,7.33947188610188,4.051885200198616,9.263585200198616,HIBRIDO_ANALOGO_CLIM,ANALOGO_ESTADO_V2_CONFORMAL,30,10,1.3529962037950252,OK_ANALOGOS_CONTINUIDAD_CORREGIDA,0.1417099320799382,-0.1417099320799382,0.0,CORREGIDO_ANCLA_OBSERVADO,4.686792058906517,8.628678341490716,1.9709431412921,720.0,OK_CALIBRADO
2026-10-09,LAGUNAS,33.0,2026-10-08,2026-11-30,90,53,6.706298016541203,6.148114344961996,6.706298016541203,4.47,7.4119264315564255,4.405598016541203,9.006998016541203,HIBRIDO_ANALOGO_CLIM,ANALOGO_ESTADO_V2_CONFORMAL,30,10,1.3529962037950252,OK_ANALOGOS_CONTINUIDAD_CORREGIDA,0.1417099320799382,-0.1417099320799382,0.0,CORREGIDO_ANCLA_OBSERVADO,4.7353548752491035,8.677241157833304,1.9709431412921,720.0,OK_CALIBRADO
2026-10-09,LAGUNAS,33.0,2026-10-08,2026-12-01,90,54,6.759941541581599,6.1929539043294675,6.759941541581599,4.47,7.452926431556425,4.743191541581599,8.776691541581599,HIBRIDO_ANALOGO_CLIM,ANALOGO_ESTADO_V2_CONFORMAL,30,10,1.3529962037950252,OK_ANALOGOS_CONTINUIDAD_CORREGIDA,0.1417099320799382,-0.1417099320799382,0.0,CORREGIDO_ANCLA_OBSERVADO,4.788998400289499,8.730884682873699,1.9709431412921,720.0,OK_CALIBRADO
2026-10-09,LAGUNAS,33.0,2026-10-08,2026-12-02,90,55,6.851770876987005,6.22510079235134,6.851770876987005,4.47,7.592380977010971,5.032670876987005,8.670870876987006,HIBRIDO_ANALOGO_CLIM,ANALOGO_ESTADO_V2_CONFORMAL,30,10,1.3529962037950252,OK_ANALOGOS_CONTINUIDAD_CORREGIDA,0.1417099320799382,-0.1417099320799382,0.0,CORREGIDO_ANCLA_OBSERVADO,4.880827735694905,8.822714018279104,1.9709431412921,720.0,OK_CALIBRADO
2026-10-09,LAGUNAS,33.0,2026-10-08,2026-12-03,90,56,6.869410049257655,6.202128669291686,6.869410049257655,4.47,7.632017340647334,5.053560049257656,8.685260049257657,HIBRIDO_ANALOGO_CLIM,ANALOGO_ESTADO_V2_CONFORMAL,30,10,1.3529962037950252,OK_ANALOGOS_CONTINUIDAD_CORREGIDA,0.1417099320799382,-0.1417099320799382,0.0,CORREGIDO_ANCLA_OBSERVADO,4.898466907965555,8.840353190549756,1.9709431412921,720.0,OK_CALIBRADO
2026-10-09,LAGUNAS,33.0,2026-10-08,2026-12-04,90,57,6.900917216716093,6.1785798751505965,6.900917216716093,4.47,7.699290067920062,4.956267216716093,8.845567216716095,HIBRIDO_ANALOGO_CLIM,ANALOGO_ESTADO_V2_CONFORMAL,30,10,1.3529962037950252,OK_ANALOGOS_CONTINUIDAD_CORREGIDA,0.1417099320799382,-0.1417099320799382,0.0,CORREGIDO_ANCLA_OBSERVADO,4.929974075423993,8.871860358008192,1.9709431412921,720.0,OK_CALIBRADO
2026-10-09,LAGUNAS,33.0,2026-10-08,2026-12-05,90,58,6.982454403495592,6.224015761409359,6.982454403495592,4.47,7.793199158829152,4.932204403495592,9.032704403495593,HIBRIDO_ANALOGO_CLIM,ANALOGO_ESTADO_V2_CONFORMAL,30,10,1.3529962037950252,OK_ANALOGOS_CONTINUIDAD_CORREGIDA,0.1417099320799382,-0.1417099320799382,0.0,CORREGIDO_ANCLA_OBSERVADO,5.011511262203492,8.953397544787691,1.9709431412921,720.0,OK_CALIBRADO
2026-10-09,LAGUNAS,33.0,2026-10-08,2026-12-06,90,59,7.079344904175172,6.262542502877953,7.079344904175172,4.47,7.9238355224655175,4.9000449041751715,9.25864490417517,HIBRIDO_ANALOGO_CLIM,ANALOGO_ESTADO_V2_CONFORMAL,30,10,1.3529962037950252,OK_ANALOGOS_CONTINUIDAD_CORREGIDA,0.1417099320799382,-0.1417099320799382,0.0,CORREGIDO_ANCLA_OBSERVADO,5.108401762883072,9.050288045467273,1.9709431412921,720.0,OK_CALIBRADO
2026-10-09,LAGUNAS,33.0,2026-10-08,2026-12-07,90,60,7.10286192017002,6.25684286332907,7.10286192017002,4.47,7.94888097701097,4.86236192017002,9.343361920170022,HIBRIDO_ANALOGO_CLIM,ANALOGO_ESTADO_V2_CONFORMAL,30,10,1.3529962037950252,OK_ANALOGOS_CONTINUIDAD_CORREGIDA,0.1417099320799382,-0.1417099320799382,0.0,CORREGIDO_ANCLA_OBSERVADO,5.13191877887792,9.07380506146212,1.9709431412921,720.0,OK_CALIBRADO
2026-10-09,LAGUNAS,33.0,2026-10-08,2026-12-08,90,61,7.1985902466786245,6.396360539355044,7.1985902466786245,4.47,7.974517340647334,5.197890246678623,9.199290246678625,HIBRIDO_ANALOGO_CLIM,ANALOGO_ESTADO_V2_CONFORMAL,30,10,1.3529962037950252,OK_ANALOGOS_CONTINUIDAD_CORREGIDA,0.1417099320799382,-0.1417099320799382,0.0,CORREGIDO_ANCLA_OBSERVADO,5.2276471053865246,9.169533387970723,1.9709431412921,720.0,OK_CALIBRADO
2026-10-09,LAGUNAS,33.0,2026-10-08,2026-12-09,90,62,7.302342392984648,6.55407387526372,7.302342392984648,4.47,8.002335522465515,5.224242392984649,9.380442392984648,HIBRIDO_ANALOGO_CLIM,ANALOGO_ESTADO_V2_CONFORMAL,30,10,1.3529962037950252,OK_ANALOGOS_CONTINUIDAD_CORREGIDA,0.1417099320799382,-0.1417099320799382,0.0,CORREGIDO_ANCLA_OBSERVADO,5.331399251692548,9.273285534276749,1.9709431412921,720.0,OK_CALIBRADO
2026-10-09,LAGUNAS,33.0,2026-10-08,2026-12-10,90,63,7.352257933626467,6.6264664359144065,7.352257933626467,4.47,8.008926431556425,5.018257933626466,9.686257933626468,HIBRIDO_ANALOGO_CLIM,ANALOGO_ESTADO_V2_CONFORMAL,30,10,1.3529962037950252,OK_ANALOGOS_CONTINUIDAD_CORREGIDA,0.1417099320799382,-0.1417099320799382,0.0,CORREGIDO_ANCLA_OBSERVADO,5.381314792334367,9.323201074918567,1.9709431412921,720.0,OK_CALIBRADO
2026-10-09,LAGUNAS,33.0,2026-10-08,2026-12-11,90,64,7.405735608957797,6.649257785728195,7.405735608957797,4.47,8.067653704283696,4.900535608957798,9.910935608957796,HIBRIDO_ANALOGO_CLIM,ANALOGO_ESTADO_V2_CONFORMAL,30,10,1.3529962037950252,OK_ANALOGOS_CONTINUIDAD_CORREGIDA,0.1417099320799382,-0.1417099320799382,0.0,CORREGIDO_ANCLA_OBSERVADO,5.434792467665697,9.376678750249898,1.9709431412921,720.0,OK_CALIBRADO
2026-10-09,LAGUNAS,33.0,2026-10-08,2026-12-12,90,65,7.41720067101941,6.681896673029382,7.41720067101941,4.47,8.039380977010971,4.83510067101941,9.999300671019409,HIBRIDO_ANALOGO_CLIM,ANALOGO_ESTADO_V2_CONFORMAL,30,10,1.3529962037950252,OK_ANALOGOS_CONTINUIDAD_CORREGIDA,0.1417099320799382,-0.1417099320799382,0.0,CORREGIDO_ANCLA_OBSERVADO,5.44625752972731,9.38814381231151,1.9709431412921,720.0,OK_CALIBRADO
2026-10-09,LAGUNAS,33.0,2026-10-08,2026-12-13,90,66,7.4178494650270315,6.708866505935551,7.4178494650270315,4.47,7.997926431556425,4.792199465027031,10.043499465027033,HIBRIDO_ANALOGO_CLIM,ANALOGO_ESTADO_V2_CONFORMAL,30,10,1.3529962037950252,OK_ANALOGOS_CONTINUIDAD_CORREGIDA,0.1417099320799382,-0.1417099320799382,0.0,CORREGIDO_ANCLA_OBSERVADO,5.4469063237349316,9.388792606319132,1.9709431412921,720.0,OK_CALIBRADO
2026-10-09,LAGUNAS,33.0,2026-10-08,2026-12-14,90,67,7.471858836667592,6.755344570058552,7.471858836667592,4.47,8.0386537042837,5.110408836667593,9.833308836667591,HIBRIDO_ANALOGO_CLIM,ANALOGO_ESTADO_V2_CONFORMAL,30,10,1.3529962037950252,OK_ANALOGOS_CONTINUIDAD_CORREGIDA,0.1417099320799382,-0.1417099320799382,0.0,CORREGIDO_ANCLA_OBSERVADO,5.500915695375492,9.442801977959693,1.9709431412921,720.0,OK_CALIBRADO
2026-10-09,LAGUNAS,33.0,2026-10-08,2026-12-15,90,68,7.478511230597574,6.739359883889146,7.478511230597574,4.47,8.043744613374606,4.976711230597574,9.980311230597575,HIBRIDO_ANALOGO_CLIM,ANALOGO_ESTADO_V2_CONFORMAL,30,10,1.3529962037950252,OK_ANALOGOS_CONTINUIDAD_CORREGIDA,0.1417099320799382,-0.1417099320799382,0.0,CORREGIDO_ANCLA_OBSERVADO,5.507568089305474,9.449454371889674,1.9709431412921,720.0,OK_CALIBRADO
2026-10-09,LAGUNAS,33.0,2026-10-08,2026-12-16,90,69,7.481030993680328,6.802118984147425,7.481030993680328,4.47,7.982835522465517,4.926980993680327,10.035080993680328,HIBRIDO_ANALOGO_CLIM,ANALOGO_ESTADO_V2_CONFORMAL,30,10,1.3529962037950252,OK_ANALOGOS_CONTINUIDAD_CORREGIDA,0.1417099320799382,-0.1417099320799382,0.0,CORREGIDO_ANCLA_OBSERVADO,5.510087852388228,9.451974134972428,1.9709431412921,720.0,OK_CALIBRADO
2026-10-09,LAGUNAS,33.0,2026-10-08,2026-12-17,90,70,7.532629252580988,6.961522292924467,7.532629252580988,4.47,7.940562795192789,5.187429252580988,9.877829252580987,HIBRIDO_ANALOGO_CLIM,ANALOGO_ESTADO_V2_CONFORMAL,30,10,1.3529962037950252,OK_ANALOGOS_CONTINUIDAD_CORREGIDA,0.1417099320799382,-0.1417099320799382,0.0,CORREGIDO_ANCLA_OBSERVADO,5.561686111288888,9.503572393873089,1.9709431412921,720.0,OK_CALIBRADO
2026-10-09,LAGUNAS,33.0,2026-10-08,2026-12-18,90,71,7.548510062278852,7.069018996590937,7.548510062278852,4.47,7.879426431556426,5.368110062278852,9.728910062278853,HIBRIDO_ANALOGO_CLIM,ANALOGO_ESTADO_V2_CONFORMAL,30,10,1.3529962037950252,OK_ANALOGOS_CONTINUIDAD_CORREGIDA,0.1417099320799382,-0.1417099320799382,0.0,CORREGIDO_ANCLA_OBSERVADO,5.577566920986752,9.51945320357095,1.9709431412921,720.0,OK_CALIBRADO
2026-10-09,LAGUNAS,33.0,2026-10-08,2026-12-19,90,72,7.601994898043846,7.111256688684068,7.601994898043846,4.47,7.929153704283698,5.487794898043846,9.716194898043845,HIBRIDO_ANALOGO_CLIM,ANALOGO_ESTADO_V2_CONFORMAL,30,10,1.3529962037950252,OK_ANALOGOS_CONTINUIDAD_CORREGIDA,0.1417099320799382,-0.1417099320799382,0.0,CORREGIDO_ANCLA_OBSERVADO,5.631051756751746,9.572938039335945,1.9709431412921,720.0,OK_CALIBRADO
2026-10-09,LAGUNAS,33.0,2026-10-08,2026-12-20,90,73,7.665855330715522,7.163922847204409,7.665855330715522,4.47,7.989017340647334,5.904755330715522,9.426955330715522,HIBRIDO_ANALOGO_CLIM,ANALOGO_ESTADO_V2_CONFORMAL,30,10,1.3529962037950252,OK_ANALOGOS_CONTINUIDAD_CORREGIDA,0.1417099320799382,-0.1417099320799382,0.0,CORREGIDO_ANCLA_OBSERVADO,5.694912189423422,9.636798472007623,1.9709431412921,720.0,OK_CALIBRADO
2026-10-09,LAGUNAS,33.0,2026-10-08,2026-12-21,90,74,7.71560110378273,7.229105418391845,7.71560110378273,4.47,8.018017340647333,6.22550110378273,9.20570110378273,HIBRIDO_ANALOGO_CLIM,ANALOGO_ESTADO_V2_CONFORMAL,30,10,1.3529962037950252,OK_ANALOGOS_CONTINUIDAD_CORREGIDA,0.1417099320799382,-0.1417099320799382,0.0,CORREGIDO_ANCLA_OBSERVADO,5.74465796249063,9.686544245074831,1.9709431412921,720.0,OK_CALIBRADO
2026-10-09,LAGUNAS,33.0,2026-10-08,2026-12-22,90,75,7.7562426772998245,7.2277546020236745,7.7562426772998245,4.47,8.073335522465516,6.271042677299825,9.241442677299823,HIBRIDO_ANALOGO_CLIM,ANALOGO_ESTADO_V2_CONFORMAL,30,10,1.3529962037950252,OK_ANALOGOS_CONTINUIDAD_CORREGIDA,0.1417099320799382,-0.1417099320799382,0.0,CORREGIDO_ANCLA_OBSERVADO,5.785299536007725,9.727185818591924,1.9709431412921,720.0,OK_CALIBRADO
2026-10-09,LAGUNAS,33.0,2026-10-08,2026-12-23,90,76,7.772464260542136,7.144273403170349,7.772464260542136,4.47,8.136153704283696,6.215264260542137,9.329664260542135,HIBRIDO_ANALOGO_CLIM,ANALOGO_ESTADO_V2_CONFORMAL,30,10,1.3529962037950252,OK_ANALOGOS_CONTINUIDAD_CORREGIDA,0.1417099320799382,-0.1417099320799382,0.0,CORREGIDO_ANCLA_OBSERVADO,5.801521119250036,9.743407401834236,1.9709431412921,720.0,OK_CALIBRADO
2026-10-09,LAGUNAS,33.0,2026-10-08,2026-12-24,90,77,7.758452725739114,7.084139345554628,7.758452725739114,4.47,8.135017340647334,6.114402725739114,9.402502725739115,HIBRIDO_ANALOGO_CLIM,ANALOGO_ESTADO_V2_CONFORMAL,30,10,1.3529962037950252,OK_ANALOGOS_CONTINUIDAD_CORREGIDA,0.1417099320799382,-0.1417099320799382,0.0,CORREGIDO_ANCLA_OBSERVADO,5.787509584447014,9.729395867031215,1.9709431412921,720.0,OK_CALIBRADO
2026-10-09,LAGUNAS,33.0,2026-10-08,2026-12-25,90,78,7.75371356315386,7.116487067289356,7.75371356315386,4.47,8.096835522465515,6.10761356315386,9.39981356315386,HIBRIDO_ANALOGO_CLIM,ANALOGO_ESTADO_V2_CONFORMAL,30,10,1.3529962037950252,OK_ANALOGOS_CONTINUIDAD_CORREGIDA,0.1417099320799382,-0.1417099320799382,0.0,CORREGIDO_ANCLA_OBSERVADO,5.78277042186176,9.724656704445959,1.9709431412921,720.0,OK_CALIBRADO
2026-10-09,LAGUNAS,33.0,2026-10-08,2026-12-26,90,79,7.765763151421957,7.151928582825832,7.765763151421957,4.47,8.084335522465516,6.120463151421958,9.411063151421956,HIBRIDO_ANALOGO_CLIM,ANALOGO_ESTADO_V2_CONFORMAL,30,10,1.3529962037950252,OK_ANALOGOS_CONTINUIDAD_CORREGIDA,0.1417099320799382,-0.1417099320799382,0.0,CORREGIDO_ANCLA_OBSERVADO,5.7948200101298575,9.736706292714057,1.9709431412921,720.0,OK_CALIBRADO
2026-10-09,LAGUNAS,33.0,2026-10-08,2026-12-27,90,80,7.706667842445383,7.134514300586936,7.706667842445383,4.47,7.992744613374607,6.070567842445383,9.342767842445383,HIBRIDO_ANALOGO_CLIM,ANALOGO_ESTADO_V2_CONFORMAL,30,10,1.3529962037950252,OK_ANALOGOS_CONTINUIDAD_CORREGIDA,0.1417099320799382,-0.1417099320799382,0.0,CORREGIDO_ANCLA_OBSERVADO,5.735724701153283,9.677610983737484,1.9709431412921,720.0,OK_CALIBRADO
2026-10-09,LAGUNAS,33.0,2026-10-08,2026-12-28,90,81,7.692360355851117,7.150618226589044,7.692360355851117,4.47,7.953199158829153,6.115410355851118,9.269310355851118,HIBRIDO_ANALOGO_CLIM,ANALOGO_ESTADO_V2_CONFORMAL,30,10,1.3529962037950252,OK_ANALOGOS_CONTINUIDAD_CORREGIDA,0.1417099320799382,-0.1417099320799382,0.0,CORREGIDO_ANCLA_OBSERVADO,5.721417214559017,9.663303497143218,1.9709431412921,720.0,OK_CALIBRADO
2026-10-09,LAGUNAS,33.0,2026-10-08,2026-12-29,90,82,7.691108567660974,7.175960928345907,7.691108567660974,4.47,7.929835522465518,5.867508567660974,9.514708567660975,HIBRIDO_ANALOGO_CLIM,ANALOGO_ESTADO_V2_CONFORMAL,30,10,1.3529962037950252,OK_ANALOGOS_CONTINUIDAD_CORREGIDA,0.1417099320799382,-0.1417099320799382,0.0,CORREGIDO_ANCLA_OBSERVADO,5.720165426368874,9.662051708953074,1.9709431412921,720.0,OK_CALIBRADO
2026-10-09,LAGUNAS,33.0,2026-10-08,2026-12-30,90,83,7.726344828706177,7.18217528717724,7.726344828706177,4.47,7.968926431556425,5.723494828706177,9.729194828706177,HIBRIDO_ANALOGO_CLIM,ANALOGO_ESTADO_V2_CONFORMAL,30,10,1.3529962037950252,OK_ANALOGOS_CONTINUIDAD_CORREGIDA,0.1417099320799382,-0.1417099320799382,0.0,CORREGIDO_ANCLA_OBSERVADO,5.755401687414077,9.697287969998277,1.9709431412921,720.0,OK_CALIBRADO
2026-10-09,LAGUNAS,33.0,2026-10-08,2026-12-31,90,84,7.838725116881888,7.236891746277662,7.838725116881888,4.47,8.0966537042837,5.779025116881888,9.898425116881889,HIBRIDO_ANALOGO_CLIM,ANALOGO_ESTADO_V2_CONFORMAL,30,10,1.3529962037950252,OK_ANALOGOS_CONTINUIDAD_CORREGIDA,0.1417099320799382,-0.1417099320799382,0.0,CORREGIDO_ANCLA_OBSERVADO,5.867781975589788,9.80966825817399,1.9709431412921,720.0,OK_CALIBRADO
2026-10-09,LAGUNAS,33.0,2026-10-08,2027-01-01,90,85,8.040385291970058,7.325098693234326,8.040385291970058,4.47,8.334915067920061,5.898385291970056,10.182385291970057,HIBRIDO_ANALOGO_CLIM,ANALOGO_ESTADO_V2_CONFORMAL,30,10,1.3529962037950252,OK_ANALOGOS_CONTINUIDAD_CORREGIDA,0.1417099320799382,-0.1417099320799382,0.0,CORREGIDO_ANCLA_OBSERVADO,6.069442150677958,10.011328433262157,1.9709431412921,720.0,OK_CALIBRADO
2026-10-09,LAGUNAS,33.0,2026-10-08,2027-01-02,90,86,8.063748304892965,7.384390218020509,8.063748304892965,4.47,8.332331734586727,5.860198304892965,10.267298304892964,HIBRIDO_ANALOGO_CLIM,ANALOGO_ESTADO_V2_CONFORMAL,30,10,1.3529962037950252,OK_ANALOGOS_CONTINUIDAD_CORREGIDA,0.1417099320799382,-0.1417099320799382,0.0,CORREGIDO_ANCLA_OBSERVADO,6.092805163600865,10.034691446185064,1.9709431412921,720.0,OK_CALIBRADO
2026-10-09,LAGUNAS,33.0,2026-10-08,2027-01-03,90,87,8.077497738285317,7.386219475308864,8.077497738285317,4.47,8.339706734586727,5.706047738285315,10.448947738285316,HIBRIDO_ANALOGO_CLIM,ANALOGO_ESTADO_V2_CONFORMAL,30,10,1.3529962037950252,OK_ANALOGOS_CONTINUIDAD_CORREGIDA,0.1417099320799382,-0.1417099320799382,0.0,CORREGIDO_ANCLA_OBSERVADO,6.106554596993217,10.048440879577416,1.9709431412921,720.0,OK_CALIBRADO
2026-10-09,LAGUNAS,33.0,2026-10-08,2027-01-04,90,88,8.12449317329375,7.356426713071397,8.12449317329375,4.47,8.403790067920063,5.622743173293751,10.626243173293751,HIBRIDO_ANALOGO_CLIM,ANALOGO_ESTADO_V2_CONFORMAL,30,10,1.3529962037950252,OK_ANALOGOS_CONTINUIDAD_CORREGIDA,0.1417099320799382,-0.1417099320799382,0.0,CORREGIDO_ANCLA_OBSERVADO,6.15355003200165,10.09543631458585,1.9709431412921,720.0,OK_CALIBRADO
2026-10-09,LAGUNAS,33.0,2026-10-08,2027-01-05,90,89,8.16083058944102,7.334108215743119,8.16083058944102,4.47,8.448790067920061,5.52458058944102,10.79708058944102,HIBRIDO_ANALOGO_CLIM,ANALOGO_ESTADO_V2_CONFORMAL,30,10,1.3529962037950252,OK_ANALOGOS_CONTINUIDAD_CORREGIDA,0.1417099320799382,-0.1417099320799382,0.0,CORREGIDO_ANCLA_OBSERVADO,6.1898874481489194,10.13177373073312,1.9709431412921,720.0,OK_CALIBRADO
2026-10-09,LAGUNAS,33.0,2026-10-08,2027-01-06,90,90,8.14581949946534,7.3065327941011695,8.14581949946534,4.47,8.425581734586729,5.45466949946534,10.83696949946534,HIBRIDO_ANALOGO_CLIM,ANALOGO_ESTADO_V2_CONFORMAL,30,10,1.3529962037950252,OK_ANALOGOS_CONTINUIDAD_CORREGIDA,0.1417099320799382,-0.1417099320799382,0.0,CORREGIDO_ANCLA_OBSERVADO,6.17487635817324,10.11676264075744,1.9709431412921,720.0,OK_CALIBRADO
2026-10-09,NAUTA,10.0,2026-10-08,2026-10-09,30,1,5.28,5.608903228291176,5.28,5.28,4.293290315126473,5.02585,5.53415,HIBRIDO_ANALOGO_CLIM,ANALOGO_ESTADO_V2_CONFORMAL,30,10,2.519972070151433,OK_ANALOGOS_CONTINUIDAD_CORREGIDA,-0.3640946629525601,0.3640946629525601,0.0,CORREGIDO_ANCLA_OBSERVADO,3.0945736212104604,7.46542637878954,2.18542637878954,240.0,OK_CALIBRADO
2026-10-09,NAUTA,10.0,2026-10-08,2026-10-10,30,2,5.232914802959697,5.513021516295409,5.232914802959697,5.28,4.39259466295256,4.743264802959697,5.722564802959697,HIBRIDO_ANALOGO_CLIM,ANALOGO_ESTADO_V2_CONFORMAL,30,10,2.519972070151433,OK_ANALOGOS_CONTINUIDAD_CORREGIDA,-0.3640946629525601,0.3640946629525601,0.0,CORREGIDO_ANCLA_OBSERVADO,3.047488424170157,7.418341181749237,2.18542637878954,240.0,OK_CALIBRADO
2026-10-09,NAUTA,10.0,2026-10-08,2026-10-11,30,3,5.184770437345776,5.423481202723225,5.184770437345776,5.28,4.46863814121343,4.521620437345776,5.847920437345776,HIBRIDO_ANALOGO_CLIM,ANALOGO_ESTADO_V2_CONFORMAL,30,10,2.519972070151433,OK_ANALOGOS_CONTINUIDAD_CORREGIDA,-0.3640946629525601,0.3640946629525601,0.0,CORREGIDO_ANCLA_OBSERVADO,2.999344058556236,7.370196816135316,2.18542637878954,240.0,OK_CALIBRADO
2026-10-09,NAUTA,10.0,2026-10-08,2026-10-12,30,4,5.13895529410031,5.33315521462782,5.13895529410031,5.28,4.556355532517777,4.3859552941003095,5.89195529410031,HIBRIDO_ANALOGO_CLIM,ANALOGO_ESTADO_V2_CONFORMAL,30,10,2.519972070151433,OK_ANALOGOS_CONTINUIDAD_CORREGIDA,-0.3640946629525601,0.3640946629525601,0.0,CORREGIDO_ANCLA_OBSERVADO,2.9535289153107698,7.324381672889849,2.18542637878954,240.0,OK_CALIBRADO
2026-10-09,NAUTA,10.0,2026-10-08,2026-10-13,30,5,5.120877593044231,5.271022627712469,5.120877593044231,5.28,4.670442489039516,4.253227593044231,5.988527593044231,HIBRIDO_ANALOGO_CLIM,ANALOGO_ESTADO_V2_CONFORMAL,30,10,2.519972070151433,OK_ANALOGOS_CONTINUIDAD_CORREGIDA,-0.3640946629525601,0.3640946629525601,0.0,CORREGIDO_ANCLA_OBSERVADO,2.935451214254691,7.306303971833771,2.18542637878954,240.0,OK_CALIBRADO
2026-10-09,NAUTA,10.0,2026-10-08,2026-10-14,30,6,5.127163517363398,5.245635744195996,5.127163517363398,5.28,4.771746836865604,4.127163517363398,6.127163517363398,HIBRIDO_ANALOGO_CLIM,ANALOGO_ESTADO_V2_CONFORMAL,30,10,2.519972070151433,OK_ANALOGOS_CONTINUIDAD_CORREGIDA,-0.3640946629525601,0.3640946629525601,0.0,CORREGIDO_ANCLA_OBSERVADO,2.941737138573858,7.312589896152938,2.18542637878954,240.0,OK_CALIBRADO
2026-10-09,NAUTA,10.0,2026-10-08,2026-10-15,30,7,5.149414006598361,5.243911758828122,5.149414006598361,5.28,4.8659207499090815,3.9954140065983603,6.303414006598361,HIBRIDO_ANALOGO_CLIM,ANALOGO_ESTADO_V2_CONFORMAL,30,10,2.519972070151433,OK_ANALOGOS_CONTINUIDAD_CORREGIDA,-0.3640946629525601,0.3640946629525601,0.0,CORREGIDO_ANCLA_OBSERVADO,2.9639876278088213,7.334840385387901,2.18542637878954,240.0,OK_CALIBRADO
2026-10-09,NAUTA,10.0,2026-10-08,2026-10-16,30,8,5.113008990363591,5.17427753428321,5.113008990363591,5.28,4.929203358604734,3.842008990363591,6.384008990363592,HIBRIDO_ANALOGO_CLIM,ANALOGO_ESTADO_V2_CONFORMAL,30,10,2.519972070151433,OK_ANALOGOS_CONTINUIDAD_CORREGIDA,-0.3640946629525601,0.3640946629525601,0.0,CORREGIDO_ANCLA_OBSERVADO,2.927582611574051,7.298435369153131,2.18542637878954,240.0,OK_CALIBRADO
2026-10-09,NAUTA,10.0,2026-10-08,2026-10-17,30,9,5.05285539117885,5.077601720877468,5.05285539117885,5.28,4.978616402082995,3.5379553911788504,6.56775539117885,HIBRIDO_ANALOGO_CLIM,ANALOGO_ESTADO_V2_CONFORMAL,30,10,2.519972070151433,OK_ANALOGOS_CONTINUIDAD_CORREGIDA,-0.3640946629525601,0.3640946629525601,0.0,CORREGIDO_ANCLA_OBSERVADO,2.8674290123893105,7.23828176996839,2.18542637878954,240.0,OK_CALIBRADO
2026-10-09,NAUTA,10.0,2026-10-08,2026-10-18,30,10,5.011247662950612,5.011356633964454,5.011247662950612,5.28,5.010920749909082,3.303997662950611,6.718497662950612,HIBRIDO_ANALOGO_CLIM,ANALOGO_ESTADO_V2_CONFORMAL,30,10,2.519972070151433,OK_ANALOGOS_CONTINUIDAD_CORREGIDA,-0.3640946629525601,0.3640946629525601,0.0,CORREGIDO_ANCLA_OBSERVADO,2.825821284161072,7.196674041740152,2.18542637878954,240.0,OK_CALIBRADO
2026-10-09,NAUTA,10.0,2026-10-08,2026-10-19,30,11,4.957230685249701,4.915420953551646,4.957230685249701,5.28,5.082659880343864,3.114480685249701,6.799980685249701,HIBRIDO_ANALOGO_CLIM,ANALOGO_ESTADO_V2_CONFORMAL,30,10,2.519972070151433,OK_ANALOGOS_CONTINUIDAD_CORREGIDA,-0.3640946629525601,0.3640946629525601,0.0,CORREGIDO_ANCLA_OBSERVADO,2.7718043064601607,7.14265706403924,2.18542637878954,240.0,OK_CALIBRADO
2026-10-09,NAUTA,10.0,2026-10-08,2026-10-20,30,12,4.903070070268463,4.8199531770549235,4.903070070268463,5.28,5.152420749909082,2.9368200702684626,6.869320070268463,HIBRIDO_ANALOGO_CLIM,ANALOGO_ESTADO_V2_CONFORMAL,30,10,2.519972070151433,OK_ANALOGOS_CONTINUIDAD_CORREGIDA,-0.3640946629525601,0.3640946629525601,0.0,CORREGIDO_ANCLA_OBSERVADO,2.717643691478923,7.0884964490580025,2.18542637878954,240.0,OK_CALIBRADO
2026-10-09,NAUTA,10.0,2026-10-08,2026-10-21,30,13,4.862230325303996,4.743985691015343,4.862230325303996,5.28,5.216964228169951,2.8531303253039946,6.871330325303996,HIBRIDO_ANALOGO_CLIM,ANALOGO_ESTADO_V2_CONFORMAL,30,10,2.519972070151433,OK_ANALOGOS_CONTINUIDAD_CORREGIDA,-0.3640946629525601,0.3640946629525601,0.0,CORREGIDO_ANCLA_OBSERVADO,2.6768039465144557,7.047656704093535,2.18542637878954,240.0,OK_CALIBRADO
2026-10-09,NAUTA,10.0,2026-10-08,2026-10-22,30,14,4.841434443137575,4.708511471315188,4.841434443137575,5.28,5.240203358604734,2.8636844431375743,6.819184443137575,HIBRIDO_ANALOGO_CLIM,ANALOGO_ESTADO_V2_CONFORMAL,30,10,2.519972070151433,OK_ANALOGOS_CONTINUIDAD_CORREGIDA,-0.3640946629525601,0.3640946629525601,0.0,CORREGIDO_ANCLA_OBSERVADO,2.6560080643480353,7.026860821927115,2.18542637878954,240.0,OK_CALIBRADO
2026-10-09,NAUTA,10.0,2026-10-08,2026-10-23,30,15,4.895948352529478,4.765341611373959,4.895948352529478,5.28,5.287768575996038,2.9611983525294785,6.830698352529478,HIBRIDO_ANALOGO_CLIM,ANALOGO_ESTADO_V2_CONFORMAL,30,10,2.519972070151433,OK_ANALOGOS_CONTINUIDAD_CORREGIDA,-0.3640946629525601,0.3640946629525601,0.0,CORREGIDO_ANCLA_OBSERVADO,2.7105219737399384,7.081374731319018,2.18542637878954,240.0,OK_CALIBRADO
2026-10-09,NAUTA,10.0,2026-10-08,2026-10-24,30,16,4.976033577379041,4.858230606825549,4.976033577379041,5.28,5.329442489039517,2.9804335773790407,6.971633577379041,HIBRIDO_ANALOGO_CLIM,ANALOGO_ESTADO_V2_CONFORMAL,30,10,2.519972070151433,OK_ANALOGOS_CONTINUIDAD_CORREGIDA,-0.3640946629525601,0.3640946629525601,0.0,CORREGIDO_ANCLA_OBSERVADO,2.790607198589501,7.1614599561685806,2.18542637878954,240.0,OK_CALIBRADO
2026-10-09,NAUTA,10.0,2026-10-08,2026-10-25,30,17,5.018988366340268,4.9068442384839965,5.018988366340268,5.28,5.355420749909082,2.9654383663402673,7.072538366340267,HIBRIDO_ANALOGO_CLIM,ANALOGO_ESTADO_V2_CONFORMAL,30,10,2.519972070151433,OK_ANALOGOS_CONTINUIDAD_CORREGIDA,-0.3640946629525601,0.3640946629525601,0.0,CORREGIDO_ANCLA_OBSERVADO,2.833561987550728,7.2044147451298075,2.18542637878954,240.0,OK_CALIBRADO
2026-10-09,NAUTA,10.0,2026-10-08,2026-10-26,30,18,5.0035390594218345,4.869440814766665,5.0035390594218345,5.28,5.405833793387343,2.8157890594218347,7.191289059421835,HIBRIDO_ANALOGO_CLIM,ANALOGO_ESTADO_V2_CONFORMAL,30,10,2.519972070151433,OK_ANALOGOS_CONTINUIDAD_CORREGIDA,-0.3640946629525601,0.3640946629525601,0.0,CORREGIDO_ANCLA_OBSERVADO,2.8181126806322947,7.188965438211374,2.18542637878954,240.0,OK_CALIBRADO
2026-10-09,NAUTA,10.0,2026-10-08,2026-10-27,30,19,4.936430767129476,4.7644848308406225,4.936430767129476,5.28,5.452268575996038,2.6522807671294752,7.220580767129476,HIBRIDO_ANALOGO_CLIM,ANALOGO_ESTADO_V2_CONFORMAL,30,10,2.519972070151433,OK_ANALOGOS_CONTINUIDAD_CORREGIDA,-0.3640946629525601,0.3640946629525601,0.0,CORREGIDO_ANCLA_OBSERVADO,2.751004388339936,7.121857145919016,2.18542637878954,240.0,OK_CALIBRADO
2026-10-09,NAUTA,10.0,2026-10-08,2026-10-28,30,20,4.893288689273658,4.692751915438661,4.893288689273658,5.28,5.494899010778647,2.561638689273658,7.2249386892736585,HIBRIDO_ANALOGO_CLIM,ANALOGO_ESTADO_V2_CONFORMAL,30,10,2.519972070151433,OK_ANALOGOS_CONTINUIDAD_CORREGIDA,-0.3640946629525601,0.3640946629525601,0.0,CORREGIDO_ANCLA_OBSERVADO,2.707862310484118,7.078715068063198,2.18542637878954,240.0,OK_CALIBRADO
2026-10-09,NAUTA,10.0,2026-10-08,2026-10-29,30,21,4.884411296127281,4.667111043417405,4.884411296127281,5.28,5.536312054256908,2.5259112961272807,7.242911296127281,HIBRIDO_ANALOGO_CLIM,ANALOGO_ESTADO_V2_CONFORMAL,30,10,2.519972070151433,OK_ANALOGOS_CONTINUIDAD_CORREGIDA,-0.3640946629525601,0.3640946629525601,0.0,CORREGIDO_ANCLA_OBSERVADO,2.698984917337741,7.069837674916821,2.18542637878954,240.0,OK_CALIBRADO
2026-10-09,NAUTA,10.0,2026-10-08,2026-10-30,30,22,4.921576437227599,4.703823985174352,4.921576437227599,5.28,5.574833793387342,2.6717264372275986,7.171426437227599,HIBRIDO_ANALOGO_CLIM,ANALOGO_ESTADO_V2_CONFORMAL,30,10,2.519972070151433,OK_ANALOGOS_CONTINUIDAD_CORREGIDA,-0.3640946629525601,0.3640946629525601,0.0,CORREGIDO_ANCLA_OBSERVADO,2.736150058438059,7.107002816017139,2.18542637878954,240.0,OK_CALIBRADO
2026-10-09,NAUTA,10.0,2026-10-08,2026-10-31,30,23,4.958801543244974,4.733834271458386,4.958801543244974,5.28,5.633703358604734,2.784301543244973,7.133301543244974,HIBRIDO_ANALOGO_CLIM,ANALOGO_ESTADO_V2_CONFORMAL,30,10,2.519972070151433,OK_ANALOGOS_CONTINUIDAD_CORREGIDA,-0.3640946629525601,0.3640946629525601,0.0,CORREGIDO_ANCLA_OBSERVADO,2.773375164455434,7.1442279220345135,2.18542637878954,240.0,OK_CALIBRADO
2026-10-09,NAUTA,10.0,2026-10-08,2026-11-01,30,24,4.998957786663933,4.764151291669173,4.998957786663933,5.28,5.703377271648212,2.891607786663933,7.106307786663932,HIBRIDO_ANALOGO_CLIM,ANALOGO_ESTADO_V2_CONFORMAL,30,10,2.519972070151433,OK_ANALOGOS_CONTINUIDAD_CORREGIDA,-0.3640946629525601,0.3640946629525601,0.0,CORREGIDO_ANCLA_OBSERVADO,2.813531407874393,7.184384165453473,2.18542637878954,240.0,OK_CALIBRADO
2026-10-09,NAUTA,10.0,2026-10-08,2026-11-02,30,25,5.000011321329787,4.781122429677752,5.000011321329787,5.28,5.656677996285893,2.874661321329788,7.1253613213297875,HIBRIDO_ANALOGO_CLIM,ANALOGO_ESTADO_V2_CONFORMAL,30,10,2.519972070151433,OK_ANALOGOS_CONTINUIDAD_CORREGIDA,-0.3640946629525601,0.3640946629525601,0.0,CORREGIDO_ANCLA_OBSERVADO,2.8145849425402476,7.185437700119327,2.18542637878954,240.0,OK_CALIBRADO
2026-10-09,NAUTA,10.0,2026-10-08,2026-11-03,30,26,5.012356306097627,4.771311576034871,5.012356306097627,5.28,5.735490496285894,2.778506306097627,7.246206306097627,HIBRIDO_ANALOGO_CLIM,ANALOGO_ESTADO_V2_CONFORMAL,30,10,2.519972070151433,OK_ANALOGOS_CONTINUIDAD_CORREGIDA,-0.3640946629525601,0.3640946629525601,0.0,CORREGIDO_ANCLA_OBSERVADO,2.826929927308087,7.197782684887167,2.18542637878954,240.0,OK_CALIBRADO
2026-10-09,NAUTA,10.0,2026-10-08,2026-11-04,30,27,5.030426741587335,4.770349934465593,5.030426741587335,5.28,5.81065716295256,2.701076741587335,7.359776741587335,HIBRIDO_ANALOGO_CLIM,ANALOGO_ESTADO_V2_CONFORMAL,30,10,2.519972070151433,OK_ANALOGOS_CONTINUIDAD_CORREGIDA,-0.3640946629525601,0.3640946629525601,0.0,CORREGIDO_ANCLA_OBSERVADO,2.845000362797795,7.215853120376875,2.18542637878954,240.0,OK_CALIBRADO
2026-10-09,NAUTA,10.0,2026-10-08,2026-11-05,30,28,5.199467104087269,4.976973195576616,5.199467104087269,5.28,5.8669488296192265,2.990817104087269,7.408117104087269,HIBRIDO_ANALOGO_CLIM,ANALOGO_ESTADO_V2_CONFORMAL,30,10,2.519972070151433,OK_ANALOGOS_CONTINUIDAD_CORREGIDA,-0.3640946629525601,0.3640946629525601,0.0,CORREGIDO_ANCLA_OBSERVADO,3.014040725297729,7.384893482876809,2.18542637878954,240.0,OK_CALIBRADO
2026-10-09,NAUTA,10.0,2026-10-08,2026-11-06,30,29,5.227386623144518,4.990143665430727,5.227386623144518,5.28,5.939115496285893,3.0922366231445184,7.362536623144518,HIBRIDO_ANALOGO_CLIM,ANALOGO_ESTADO_V2_CONFORMAL,30,10,2.519972070151433,OK_ANALOGOS_CONTINUIDAD_CORREGIDA,-0.3640946629525601,0.3640946629525601,0.0,CORREGIDO_ANCLA_OBSERVADO,3.0419602443549785,7.412813001934058,2.18542637878954,240.0,OK_CALIBRADO
2026-10-09,NAUTA,10.0,2026-10-08,2026-11-07,30,30,5.2278292164358895,4.970803234263666,5.2278292164358895,5.28,5.99890716295256,3.1073292164358897,7.348329216435889,HIBRIDO_ANALOGO_CLIM,ANALOGO_ESTADO_V2_CONFORMAL,30,10,2.519972070151433,OK_ANALOGOS_CONTINUIDAD_CORREGIDA,-0.3640946629525601,0.3640946629525601,0.0,CORREGIDO_ANCLA_OBSERVADO,3.0424028376463497,7.413255595225429,2.18542637878954,240.0,OK_CALIBRADO
2026-10-09,NAUTA,10.0,2026-10-08,2026-10-09,60,1,5.28,5.608903228291176,5.28,5.28,4.293290315126473,5.02585,5.53415,HIBRIDO_ANALOGO_CLIM,ANALOGO_ESTADO_V2_CONFORMAL,30,10,2.519972070151433,OK_ANALOGOS_CONTINUIDAD_CORREGIDA,-0.3640946629525601,0.3640946629525601,0.0,CORREGIDO_ANCLA_OBSERVADO,2.3783358924768594,8.18166410752314,2.901664107523141,480.0,OK_CALIBRADO
2026-10-09,NAUTA,10.0,2026-10-08,2026-10-10,60,2,5.232914802959697,5.513021516295409,5.232914802959697,5.28,4.39259466295256,4.743264802959697,5.722564802959697,HIBRIDO_ANALOGO_CLIM,ANALOGO_ESTADO_V2_CONFORMAL,30,10,2.519972070151433,OK_ANALOGOS_CONTINUIDAD_CORREGIDA,-0.3640946629525601,0.3640946629525601,0.0,CORREGIDO_ANCLA_OBSERVADO,2.331250695436556,8.134578910482837,2.901664107523141,480.0,OK_CALIBRADO
2026-10-09,NAUTA,10.0,2026-10-08,2026-10-11,60,3,5.184770437345776,5.423481202723225,5.184770437345776,5.28,4.46863814121343,4.521620437345776,5.847920437345776,HIBRIDO_ANALOGO_CLIM,ANALOGO_ESTADO_V2_CONFORMAL,30,10,2.519972070151433,OK_ANALOGOS_CONTINUIDAD_CORREGIDA,-0.3640946629525601,0.3640946629525601,0.0,CORREGIDO_ANCLA_OBSERVADO,2.283106329822635,8.086434544868917,2.901664107523141,480.0,OK_CALIBRADO
2026-10-09,NAUTA,10.0,2026-10-08,2026-10-12,60,4,5.13895529410031,5.33315521462782,5.13895529410031,5.28,4.556355532517777,4.3859552941003095,5.89195529410031,HIBRIDO_ANALOGO_CLIM,ANALOGO_ESTADO_V2_CONFORMAL,30,10,2.519972070151433,OK_ANALOGOS_CONTINUIDAD_CORREGIDA,-0.3640946629525601,0.3640946629525601,0.0,CORREGIDO_ANCLA_OBSERVADO,2.2372911865771687,8.04061940162345,2.901664107523141,480.0,OK_CALIBRADO
2026-10-09,NAUTA,10.0,2026-10-08,2026-10-13,60,5,5.120877593044231,5.271022627712469,5.120877593044231,5.28,4.670442489039516,4.253227593044231,5.988527593044231,HIBRIDO_ANALOGO_CLIM,ANALOGO_ESTADO_V2_CONFORMAL,30,10,2.519972070151433,OK_ANALOGOS_CONTINUIDAD_CORREGIDA,-0.3640946629525601,0.3640946629525601,0.0,CORREGIDO_ANCLA_OBSERVADO,2.21921348552109,8.022541700567372,2.901664107523141,480.0,OK_CALIBRADO
2026-10-09,NAUTA,10.0,2026-10-08,2026-10-14,60,6,5.127163517363398,5.245635744195996,5.127163517363398,5.28,4.771746836865604,4.127163517363398,6.127163517363398,HIBRIDO_ANALOGO_CLIM,ANALOGO_ESTADO_V2_CONFORMAL,30,10,2.519972070151433,OK_ANALOGOS_CONTINUIDAD_CORREGIDA,-0.3640946629525601,0.3640946629525601,0.0,CORREGIDO_ANCLA_OBSERVADO,2.225499409840257,8.028827624886539,2.901664107523141,480.0,OK_CALIBRADO
2026-10-09,NAUTA,10.0,2026-10-08,2026-10-15,60,7,5.149414006598361,5.243911758828122,5.149414006598361,5.28,4.8659207499090815,3.9954140065983603,6.303414006598361,HIBRIDO_ANALOGO_CLIM,ANALOGO_ESTADO_V2_CONFORMAL,30,10,2.519972070151433,OK_ANALOGOS_CONTINUIDAD_CORREGIDA,-0.3640946629525601,0.3640946629525601,0.0,CORREGIDO_ANCLA_OBSERVADO,2.2477498990752203,8.051078114121502,2.901664107523141,480.0,OK_CALIBRADO
2026-10-09,NAUTA,10.0,2026-10-08,2026-10-16,60,8,5.113008990363591,5.17427753428321,5.113008990363591,5.28,4.929203358604734,3.842008990363591,6.384008990363592,HIBRIDO_ANALOGO_CLIM,ANALOGO_ESTADO_V2_CONFORMAL,30,10,2.519972070151433,OK_ANALOGOS_CONTINUIDAD_CORREGIDA,-0.3640946629525601,0.3640946629525601,0.0,CORREGIDO_ANCLA_OBSERVADO,2.21134488284045,8.014673097886732,2.901664107523141,480.0,OK_CALIBRADO
2026-10-09,NAUTA,10.0,2026-10-08,2026-10-17,60,9,5.05285539117885,5.077601720877468,5.05285539117885,5.28,4.978616402082995,3.5379553911788504,6.56775539117885,HIBRIDO_ANALOGO_CLIM,ANALOGO_ESTADO_V2_CONFORMAL,30,10,2.519972070151433,OK_ANALOGOS_CONTINUIDAD_CORREGIDA,-0.3640946629525601,0.3640946629525601,0.0,CORREGIDO_ANCLA_OBSERVADO,2.1511912836557094,7.954519498701991,2.901664107523141,480.0,OK_CALIBRADO
2026-10-09,NAUTA,10.0,2026-10-08,2026-10-18,60,10,5.011247662950612,5.011356633964454,5.011247662950612,5.28,5.010920749909082,3.303997662950611,6.718497662950612,HIBRIDO_ANALOGO_CLIM,ANALOGO_ESTADO_V2_CONFORMAL,30,10,2.519972070151433,OK_ANALOGOS_CONTINUIDAD_CORREGIDA,-0.3640946629525601,0.3640946629525601,0.0,CORREGIDO_ANCLA_OBSERVADO,2.109583555427471,7.912911770473753,2.901664107523141,480.0,OK_CALIBRADO
2026-10-09,NAUTA,10.0,2026-10-08,2026-10-19,60,11,4.957230685249701,4.915420953551646,4.957230685249701,5.28,5.082659880343864,3.114480685249701,6.799980685249701,HIBRIDO_ANALOGO_CLIM,ANALOGO_ESTADO_V2_CONFORMAL,30,10,2.519972070151433,OK_ANALOGOS_CONTINUIDAD_CORREGIDA,-0.3640946629525601,0.3640946629525601,0.0,CORREGIDO_ANCLA_OBSERVADO,2.0555665777265597,7.858894792772841,2.901664107523141,480.0,OK_CALIBRADO
2026-10-09,NAUTA,10.0,2026-10-08,2026-10-20,60,12,4.903070070268463,4.8199531770549235,4.903070070268463,5.28,5.152420749909082,2.9368200702684626,6.869320070268463,HIBRIDO_ANALOGO_CLIM,ANALOGO_ESTADO_V2_CONFORMAL,30,10,2.519972070151433,OK_ANALOGOS_CONTINUIDAD_CORREGIDA,-0.3640946629525601,0.3640946629525601,0.0,CORREGIDO_ANCLA_OBSERVADO,2.001405962745322,7.8047341777916035,2.901664107523141,480.0,OK_CALIBRADO
2026-10-09,NAUTA,10.0,2026-10-08,2026-10-21,60,13,4.862230325303996,4.743985691015343,4.862230325303996,5.28,5.216964228169951,2.8531303253039946,6.871330325303996,HIBRIDO_ANALOGO_CLIM,ANALOGO_ESTADO_V2_CONFORMAL,30,10,2.519972070151433,OK_ANALOGOS_CONTINUIDAD_CORREGIDA,-0.3640946629525601,0.3640946629525601,0.0,CORREGIDO_ANCLA_OBSERVADO,1.9605662177808547,7.763894432827136,2.901664107523141,480.0,OK_CALIBRADO
2026-10-09,NAUTA,10.0,2026-10-08,2026-10-22,60,14,4.841434443137575,4.708511471315188,4.841434443137575,5.28,5.240203358604734,2.8636844431375743,6.819184443137575,HIBRIDO_ANALOGO_CLIM,ANALOGO_ESTADO_V2_CONFORMAL,30,10,2.519972070151433,OK_ANALOGOS_CONTINUIDAD_CORREGIDA,-0.3640946629525601,0.3640946629525601,0.0,CORREGIDO_ANCLA_OBSERVADO,1.9397703356144342,7.743098550660716,2.901664107523141,480.0,OK_CALIBRADO
2026-10-09,NAUTA,10.0,2026-10-08,2026-10-23,60,15,4.895948352529478,4.765341611373959,4.895948352529478,5.28,5.287768575996038,2.9611983525294785,6.830698352529478,HIBRIDO_ANALOGO_CLIM,ANALOGO_ESTADO_V2_CONFORMAL,30,10,2.519972070151433,OK_ANALOGOS_CONTINUIDAD_CORREGIDA,-0.3640946629525601,0.3640946629525601,0.0,CORREGIDO_ANCLA_OBSERVADO,1.9942842450063374,7.797612460052619,2.901664107523141,480.0,OK_CALIBRADO
2026-10-09,NAUTA,10.0,2026-10-08,2026-10-24,60,16,4.976033577379041,4.858230606825549,4.976033577379041,5.28,5.329442489039517,2.9804335773790407,6.971633577379041,HIBRIDO_ANALOGO_CLIM,ANALOGO_ESTADO_V2_CONFORMAL,30,10,2.519972070151433,OK_ANALOGOS_CONTINUIDAD_CORREGIDA,-0.3640946629525601,0.3640946629525601,0.0,CORREGIDO_ANCLA_OBSERVADO,2.0743694698559,7.877697684902182,2.901664107523141,480.0,OK_CALIBRADO
2026-10-09,NAUTA,10.0,2026-10-08,2026-10-25,60,17,5.018988366340268,4.9068442384839965,5.018988366340268,5.28,5.355420749909082,2.9654383663402673,7.072538366340267,HIBRIDO_ANALOGO_CLIM,ANALOGO_ESTADO_V2_CONFORMAL,30,10,2.519972070151433,OK_ANALOGOS_CONTINUIDAD_CORREGIDA,-0.3640946629525601,0.3640946629525601,0.0,CORREGIDO_ANCLA_OBSERVADO,2.117324258817127,7.9206524738634085,2.901664107523141,480.0,OK_CALIBRADO
2026-10-09,NAUTA,10.0,2026-10-08,2026-10-26,60,18,5.0035390594218345,4.869440814766665,5.0035390594218345,5.28,5.405833793387343,2.8157890594218347,7.191289059421835,HIBRIDO_ANALOGO_CLIM,ANALOGO_ESTADO_V2_CONFORMAL,30,10,2.519972070151433,OK_ANALOGOS_CONTINUIDAD_CORREGIDA,-0.3640946629525601,0.3640946629525601,0.0,CORREGIDO_ANCLA_OBSERVADO,2.1018749518986937,7.905203166944975,2.901664107523141,480.0,OK_CALIBRADO
2026-10-09,NAUTA,10.0,2026-10-08,2026-10-27,60,19,4.936430767129476,4.7644848308406225,4.936430767129476,5.28,5.452268575996038,2.6522807671294752,7.220580767129476,HIBRIDO_ANALOGO_CLIM,ANALOGO_ESTADO_V2_CONFORMAL,30,10,2.519972070151433,OK_ANALOGOS_CONTINUIDAD_CORREGIDA,-0.3640946629525601,0.3640946629525601,0.0,CORREGIDO_ANCLA_OBSERVADO,2.034766659606335,7.838094874652617,2.901664107523141,480.0,OK_CALIBRADO
2026-10-09,NAUTA,10.0,2026-10-08,2026-10-28,60,20,4.893288689273658,4.692751915438661,4.893288689273658,5.28,5.494899010778647,2.561638689273658,7.2249386892736585,HIBRIDO_ANALOGO_CLIM,ANALOGO_ESTADO_V2_CONFORMAL,30,10,2.519972070151433,OK_ANALOGOS_CONTINUIDAD_CORREGIDA,-0.3640946629525601,0.3640946629525601,0.0,CORREGIDO_ANCLA_OBSERVADO,1.991624581750517,7.794952796796799,2.901664107523141,480.0,OK_CALIBRADO
2026-10-09,NAUTA,10.0,2026-10-08,2026-10-29,60,21,4.884411296127281,4.667111043417405,4.884411296127281,5.28,5.536312054256908,2.5259112961272807,7.242911296127281,HIBRIDO_ANALOGO_CLIM,ANALOGO_ESTADO_V2_CONFORMAL,30,10,2.519972070151433,OK_ANALOGOS_CONTINUIDAD_CORREGIDA,-0.3640946629525601,0.3640946629525601,0.0,CORREGIDO_ANCLA_OBSERVADO,1.9827471886041401,7.786075403650422,2.901664107523141,480.0,OK_CALIBRADO
2026-10-09,NAUTA,10.0,2026-10-08,2026-10-30,60,22,4.921576437227599,4.703823985174352,4.921576437227599,5.28,5.574833793387342,2.6717264372275986,7.171426437227599,HIBRIDO_ANALOGO_CLIM,ANALOGO_ESTADO_V2_CONFORMAL,30,10,2.519972070151433,OK_ANALOGOS_CONTINUIDAD_CORREGIDA,-0.3640946629525601,0.3640946629525601,0.0,CORREGIDO_ANCLA_OBSERVADO,2.019912329704458,7.82324054475074,2.901664107523141,480.0,OK_CALIBRADO
2026-10-09,NAUTA,10.0,2026-10-08,2026-10-31,60,23,4.958801543244974,4.733834271458386,4.958801543244974,5.28,5.633703358604734,2.784301543244973,7.133301543244974,HIBRIDO_ANALOGO_CLIM,ANALOGO_ESTADO_V2_CONFORMAL,30,10,2.519972070151433,OK_ANALOGOS_CONTINUIDAD_CORREGIDA,-0.3640946629525601,0.3640946629525601,0.0,CORREGIDO_ANCLA_OBSERVADO,2.057137435721833,7.8604656507681145,2.901664107523141,480.0,OK_CALIBRADO
2026-10-09,NAUTA,10.0,2026-10-08,2026-11-01,60,24,4.998957786663933,4.764151291669173,4.998957786663933,5.28,5.703377271648212,2.891607786663933,7.106307786663932,HIBRIDO_ANALOGO_CLIM,ANALOGO_ESTADO_V2_CONFORMAL,30,10,2.519972070151433,OK_ANALOGOS_CONTINUIDAD_CORREGIDA,-0.3640946629525601,0.3640946629525601,0.0,CORREGIDO_ANCLA_OBSERVADO,2.097293679140792,7.900621894187074,2.901664107523141,480.0,OK_CALIBRADO
2026-10-09,NAUTA,10.0,2026-10-08,2026-11-02,60,25,5.000011321329787,4.781122429677752,5.000011321329787,5.28,5.656677996285893,2.874661321329788,7.1253613213297875,HIBRIDO_ANALOGO_CLIM,ANALOGO_ESTADO_V2_CONFORMAL,30,10,2.519972070151433,OK_ANALOGOS_CONTINUIDAD_CORREGIDA,-0.3640946629525601,0.3640946629525601,0.0,CORREGIDO_ANCLA_OBSERVADO,2.0983472138066466,7.901675428852928,2.901664107523141,480.0,OK_CALIBRADO
2026-10-09,NAUTA,10.0,2026-10-08,2026-11-03,60,26,5.012356306097627,4.771311576034871,5.012356306097627,5.28,5.735490496285894,2.778506306097627,7.246206306097627,HIBRIDO_ANALOGO_CLIM,ANALOGO_ESTADO_V2_CONFORMAL,30,10,2.519972070151433,OK_ANALOGOS_CONTINUIDAD_CORREGIDA,-0.3640946629525601,0.3640946629525601,0.0,CORREGIDO_ANCLA_OBSERVADO,2.110692198574486,7.914020413620768,2.901664107523141,480.0,OK_CALIBRADO
2026-10-09,NAUTA,10.0,2026-10-08,2026-11-04,60,27,5.030426741587335,4.770349934465593,5.030426741587335,5.28,5.81065716295256,2.701076741587335,7.359776741587335,HIBRIDO_ANALOGO_CLIM,ANALOGO_ESTADO_V2_CONFORMAL,30,10,2.519972070151433,OK_ANALOGOS_CONTINUIDAD_CORREGIDA,-0.3640946629525601,0.3640946629525601,0.0,CORREGIDO_ANCLA_OBSERVADO,2.128762634064194,7.932090849110476,2.901664107523141,480.0,OK_CALIBRADO
2026-10-09,NAUTA,10.0,2026-10-08,2026-11-05,60,28,5.199467104087269,4.976973195576616,5.199467104087269,5.28,5.8669488296192265,2.990817104087269,7.408117104087269,HIBRIDO_ANALOGO_CLIM,ANALOGO_ESTADO_V2_CONFORMAL,30,10,2.519972070151433,OK_ANALOGOS_CONTINUIDAD_CORREGIDA,-0.3640946629525601,0.3640946629525601,0.0,CORREGIDO_ANCLA_OBSERVADO,2.297802996564128,8.10113121161041,2.901664107523141,480.0,OK_CALIBRADO
2026-10-09,NAUTA,10.0,2026-10-08,2026-11-06,60,29,5.227386623144518,4.990143665430727,5.227386623144518,5.28,5.939115496285893,3.0922366231445184,7.362536623144518,HIBRIDO_ANALOGO_CLIM,ANALOGO_ESTADO_V2_CONFORMAL,30,10,2.519972070151433,OK_ANALOGOS_CONTINUIDAD_CORREGIDA,-0.3640946629525601,0.3640946629525601,0.0,CORREGIDO_ANCLA_OBSERVADO,2.3257225156213774,8.12905073066766,2.901664107523141,480.0,OK_CALIBRADO
2026-10-09,NAUTA,10.0,2026-10-08,2026-11-07,60,30,5.2278292164358895,4.970803234263666,5.2278292164358895,5.28,5.99890716295256,3.1073292164358897,7.348329216435889,HIBRIDO_ANALOGO_CLIM,ANALOGO_ESTADO_V2_CONFORMAL,30,10,2.519972070151433,OK_ANALOGOS_CONTINUIDAD_CORREGIDA,-0.3640946629525601,0.3640946629525601,0.0,CORREGIDO_ANCLA_OBSERVADO,2.3261651089127486,8.12949332395903,2.901664107523141,480.0,OK_CALIBRADO
2026-10-09,NAUTA,10.0,2026-10-08,2026-11-08,60,31,5.252542203104614,4.96420651484297,5.252542203104614,5.28,6.08034466295256,3.0786922031046142,7.426392203104615,HIBRIDO_ANALOGO_CLIM,ANALOGO_ESTADO_V2_CONFORMAL,30,10,2.519972070151433,OK_ANALOGOS_CONTINUIDAD_CORREGIDA,-0.3640946629525601,0.3640946629525601,0.0,CORREGIDO_ANCLA_OBSERVADO,2.350878095581473,8.154206310627755,2.901664107523141,480.0,OK_CALIBRADO
2026-10-09,NAUTA,10.0,2026-10-08,2026-11-09,60,32,5.25111911264171,4.937681033740795,5.25111911264171,5.28,6.1130738296192275,2.8616191126417108,7.64061911264171,HIBRIDO_ANALOGO_CLIM,ANALOGO_ESTADO_V2_CONFORMAL,30,10,2.519972070151433,OK_ANALOGOS_CONTINUIDAD_CORREGIDA,-0.3640946629525601,0.3640946629525601,0.0,CORREGIDO_ANCLA_OBSERVADO,2.3494550051185694,8.152783220164851,2.901664107523141,480.0,OK_CALIBRADO
2026-10-09,NAUTA,10.0,2026-10-08,2026-11-10,60,33,5.213009852574629,4.862400096914034,5.213009852574629,5.28,6.13734466295256,2.631759852574629,7.794259852574629,HIBRIDO_ANALOGO_CLIM,ANALOGO_ESTADO_V2_CONFORMAL,30,10,2.519972070151433,OK_ANALOGOS_CONTINUIDAD_CORREGIDA,-0.3640946629525601,0.3640946629525601,0.0,CORREGIDO_ANCLA_OBSERVADO,2.3113457450514883,8.11467396009777,2.901664107523141,480.0,OK_CALIBRADO
2026-10-09,NAUTA,10.0,2026-10-08,2026-11-11,60,34,5.191898735517457,4.795154609167145,5.191898735517457,5.28,6.195427996285893,2.552948735517457,7.830848735517457,HIBRIDO_ANALOGO_CLIM,ANALOGO_ESTADO_V2_CONFORMAL,30,10,2.519972070151433,OK_ANALOGOS_CONTINUIDAD_CORREGIDA,-0.3640946629525601,0.3640946629525601,0.0,CORREGIDO_ANCLA_OBSERVADO,2.290234627994316,8.093562843040598,2.901664107523141,480.0,OK_CALIBRADO
2026-10-09,NAUTA,10.0,2026-10-08,2026-11-12,60,35,5.209182781961824,4.7742325466519135,5.209182781961824,5.28,6.265490496285893,2.583932781961824,7.834432781961825,HIBRIDO_ANALOGO_CLIM,ANALOGO_ESTADO_V2_CONFORMAL,30,10,2.519972070151433,OK_ANALOGOS_CONTINUIDAD_CORREGIDA,-0.3640946629525601,0.3640946629525601,0.0,CORREGIDO_ANCLA_OBSERVADO,2.3075186744386835,8.110846889484964,2.901664107523141,480.0,OK_CALIBRADO
2026-10-09,NAUTA,10.0,2026-10-08,2026-11-13,60,36,5.271519883492761,4.827755692295704,5.271519883492761,5.28,6.30696966295256,2.7515198834927608,7.791519883492761,HIBRIDO_ANALOGO_CLIM,ANALOGO_ESTADO_V2_CONFORMAL,30,10,2.519972070151433,OK_ANALOGOS_CONTINUIDAD_CORREGIDA,-0.3640946629525601,0.3640946629525601,0.0,CORREGIDO_ANCLA_OBSERVADO,2.3698557759696204,8.173183991015902,2.901664107523141,480.0,OK_CALIBRADO
2026-10-09,NAUTA,10.0,2026-10-08,2026-11-14,60,37,5.30956196955247,4.837741672494598,5.30956196955247,5.28,6.36796966295256,2.92456196955247,7.6945619695524705,HIBRIDO_ANALOGO_CLIM,ANALOGO_ESTADO_V2_CONFORMAL,30,10,2.519972070151433,OK_ANALOGOS_CONTINUIDAD_CORREGIDA,-0.3640946629525601,0.3640946629525601,0.0,CORREGIDO_ANCLA_OBSERVADO,2.407897862029329,8.211226077075612,2.901664107523141,480.0,OK_CALIBRADO
2026-10-09,NAUTA,10.0,2026-10-08,2026-11-15,60,38,5.344147115082228,4.85130099533744,5.344147115082228,5.28,6.40765716295256,3.1156971150822277,7.572597115082227,HIBRIDO_ANALOGO_CLIM,ANALOGO_ESTADO_V2_CONFORMAL,30,10,2.519972070151433,OK_ANALOGOS_CONTINUIDAD_CORREGIDA,-0.3640946629525601,0.3640946629525601,0.0,CORREGIDO_ANCLA_OBSERVADO,2.442483007559087,8.245811222605369,2.901664107523141,480.0,OK_CALIBRADO
2026-10-09,NAUTA,10.0,2026-10-08,2026-11-16,60,39,5.417225437529681,4.91395969936311,5.417225437529681,5.28,6.46246966295256,3.287275437529681,7.547175437529681,HIBRIDO_ANALOGO_CLIM,ANALOGO_ESTADO_V2_CONFORMAL,30,10,2.519972070151433,OK_ANALOGOS_CONTINUIDAD_CORREGIDA,-0.3640946629525601,0.3640946629525601,0.0,CORREGIDO_ANCLA_OBSERVADO,2.5155613300065403,8.318889545052823,2.901664107523141,480.0,OK_CALIBRADO
2026-10-09,NAUTA,10.0,2026-10-08,2026-11-17,60,40,5.472162944721535,4.953895002272689,5.472162944721535,5.28,6.5086988296192265,3.0699129447215348,7.874412944721535,HIBRIDO_ANALOGO_CLIM,ANALOGO_ESTADO_V2_CONFORMAL,30,10,2.519972070151433,OK_ANALOGOS_CONTINUIDAD_CORREGIDA,-0.3640946629525601,0.3640946629525601,0.0,CORREGIDO_ANCLA_OBSERVADO,2.570498837198394,8.373827052244675,2.901664107523141,480.0,OK_CALIBRADO
2026-10-09,NAUTA,10.0,2026-10-08,2026-11-18,60,41,5.454711841869714,4.890892909408996,5.454711841869714,5.28,6.54109466295256,2.7163118418697145,8.193111841869715,HIBRIDO_ANALOGO_CLIM,ANALOGO_ESTADO_V2_CONFORMAL,30,10,2.519972070151433,OK_ANALOGOS_CONTINUIDAD_CORREGIDA,-0.3640946629525601,0.3640946629525601,0.0,CORREGIDO_ANCLA_OBSERVADO,2.553047734346573,8.356375949392856,2.901664107523141,480.0,OK_CALIBRADO
2026-10-09,NAUTA,10.0,2026-10-08,2026-11-19,60,42,5.468092762166799,4.8516093668719025,5.468092762166799,5.28,6.612990496285893,2.605492762166799,8.3306927621668,HIBRIDO_ANALOGO_CLIM,ANALOGO_ESTADO_V2_CONFORMAL,30,10,2.519972070151433,OK_ANALOGOS_CONTINUIDAD_CORREGIDA,-0.3640946629525601,0.3640946629525601,0.0,CORREGIDO_ANCLA_OBSERVADO,2.5664286546436585,8.36975686968994,2.901664107523141,480.0,OK_CALIBRADO
2026-10-09,NAUTA,10.0,2026-10-08,2026-11-20,60,43,5.469521215883699,4.791439074446974,5.469521215883699,5.28,6.683761329619227,2.449271215883699,8.4897712158837,HIBRIDO_ANALOGO_CLIM,ANALOGO_ESTADO_V2_CONFORMAL,30,10,2.519972070151433,OK_ANALOGOS_CONTINUIDAD_CORREGIDA,-0.3640946629525601,0.3640946629525601,0.0,CORREGIDO_ANCLA_OBSERVADO,2.567857108360558,8.37118532340684,2.901664107523141,480.0,OK_CALIBRADO
2026-10-09,NAUTA,10.0,2026-10-08,2026-11-21,60,44,5.50772380646975,4.772137389558649,5.50772380646975,5.28,6.77828216295256,2.271873806469751,8.743573806469751,HIBRIDO_ANALOGO_CLIM,ANALOGO_ESTADO_V2_CONFORMAL,30,10,2.519972070151433,OK_ANALOGOS_CONTINUIDAD_CORREGIDA,-0.3640946629525601,0.3640946629525601,0.0,CORREGIDO_ANCLA_OBSERVADO,2.606059698946609,8.40938791399289,2.901664107523141,480.0,OK_CALIBRADO
2026-10-09,NAUTA,10.0,2026-10-08,2026-11-22,60,45,5.563860572148274,4.793020117665702,5.563860572148274,5.28,6.84859466295256,2.2399605721482745,8.887760572148274,HIBRIDO_ANALOGO_CLIM,ANALOGO_ESTADO_V2_CONFORMAL,30,10,2.519972070151433,OK_ANALOGOS_CONTINUIDAD_CORREGIDA,-0.3640946629525601,0.3640946629525601,0.0,CORREGIDO_ANCLA_OBSERVADO,2.662196464625133,8.465524679671415,2.901664107523141,480.0,OK_CALIBRADO
2026-10-09,NAUTA,10.0,2026-10-08,2026-11-23,60,46,5.620847070430758,4.833629535439727,5.620847070430758,5.28,6.8872404962858935,2.296047070430758,8.945647070430757,HIBRIDO_ANALOGO_CLIM,ANALOGO_ESTADO_V2_CONFORMAL,30,10,2.519972070151433,OK_ANALOGOS_CONTINUIDAD_CORREGIDA,-0.3640946629525601,0.3640946629525601,0.0,CORREGIDO_ANCLA_OBSERVADO,2.7191829629076167,8.522511177953898,2.901664107523141,480.0,OK_CALIBRADO
2026-10-09,NAUTA,10.0,2026-10-08,2026-11-24,60,47,5.696452041623902,4.912745205517324,5.696452041623902,5.28,6.913698829619226,2.4603520416239024,8.932552041623902,HIBRIDO_ANALOGO_CLIM,ANALOGO_ESTADO_V2_CONFORMAL,30,10,2.519972070151433,OK_ANALOGOS_CONTINUIDAD_CORREGIDA,-0.3640946629525601,0.3640946629525601,0.0,CORREGIDO_ANCLA_OBSERVADO,2.7947879341007615,8.598116149147042,2.901664107523141,480.0,OK_CALIBRADO
2026-10-09,NAUTA,10.0,2026-10-08,2026-11-25,60,48,5.767545369393388,4.9555680625761624,5.767545369393388,5.28,6.985511329619226,2.4871453693933887,9.04794536939339,HIBRIDO_ANALOGO_CLIM,ANALOGO_ESTADO_V2_CONFORMAL,30,10,2.519972070151433,OK_ANALOGOS_CONTINUIDAD_CORREGIDA,-0.3640946629525601,0.3640946629525601,0.0,CORREGIDO_ANCLA_OBSERVADO,2.865881261870247,8.669209476916528,2.901664107523141,480.0,OK_CALIBRADO
2026-10-09,NAUTA,10.0,2026-10-08,2026-11-26,60,49,5.674712659741047,4.731328425130285,5.674712659741047,5.28,7.041657162952561,1.7172126597410473,9.632212659741047,HIBRIDO_ANALOGO_CLIM,ANALOGO_ESTADO_V2_CONFORMAL,30,10,2.519972070151433,OK_ANALOGOS_CONTINUIDAD_CORREGIDA,-0.3640946629525601,0.3640946629525601,0.0,CORREGIDO_ANCLA_OBSERVADO,2.7730485522179062,8.576376767264188,2.901664107523141,480.0,OK_CALIBRADO
2026-10-09,NAUTA,10.0,2026-10-08,2026-11-27,60,50,5.74778700478635,4.786213082286675,5.74778700478635,5.28,7.093990496285893,1.703687004786349,9.79188700478635,HIBRIDO_ANALOGO_CLIM,ANALOGO_ESTADO_V2_CONFORMAL,30,10,2.519972070151433,OK_ANALOGOS_CONTINUIDAD_CORREGIDA,-0.3640946629525601,0.3640946629525601,0.0,CORREGIDO_ANCLA_OBSERVADO,2.846122897263209,8.64945111230949,2.901664107523141,480.0,OK_CALIBRADO
2026-10-09,NAUTA,10.0,2026-10-08,2026-11-28,60,51,5.804343260955589,4.8208675870157975,5.804343260955589,5.28,7.134927996285893,1.664993260955589,9.94369326095559,HIBRIDO_ANALOGO_CLIM,ANALOGO_ESTADO_V2_CONFORMAL,30,10,2.519972070151433,OK_ANALOGOS_CONTINUIDAD_CORREGIDA,-0.3640946629525601,0.3640946629525601,0.0,CORREGIDO_ANCLA_OBSERVADO,2.902679153432448,8.70600736847873,2.901664107523141,480.0,OK_CALIBRADO
2026-10-09,NAUTA,10.0,2026-10-08,2026-11-29,60,52,5.8611981023835735,4.8594328403798395,5.8611981023835735,5.28,7.171198829619226,1.6554481023835739,10.066948102383574,HIBRIDO_ANALOGO_CLIM,ANALOGO_ESTADO_V2_CONFORMAL,30,10,2.519972070151433,OK_ANALOGOS_CONTINUIDAD_CORREGIDA,-0.3640946629525601,0.3640946629525601,0.0,CORREGIDO_ANCLA_OBSERVADO,2.9595339948604327,8.762862209906714,2.901664107523141,480.0,OK_CALIBRADO
2026-10-09,NAUTA,10.0,2026-10-08,2026-11-30,60,53,5.936955599902818,4.928032783858494,5.936955599902818,5.28,7.212386329619227,1.7191055999028182,10.154805599902819,HIBRIDO_ANALOGO_CLIM,ANALOGO_ESTADO_V2_CONFORMAL,30,10,2.519972070151433,OK_ANALOGOS_CONTINUIDAD_CORREGIDA,-0.3640946629525601,0.3640946629525601,0.0,CORREGIDO_ANCLA_OBSERVADO,3.0352914923796774,8.83861970742596,2.901664107523141,480.0,OK_CALIBRADO
2026-10-09,NAUTA,10.0,2026-10-08,2026-12-01,60,54,5.866266320656635,4.740719495141788,5.866266320656635,5.28,7.24193466295256,1.6098663206566357,10.122666320656634,HIBRIDO_ANALOGO_CLIM,ANALOGO_ESTADO_V2_CONFORMAL,30,10,2.519972070151433,OK_ANALOGOS_CONTINUIDAD_CORREGIDA,-0.3640946629525601,0.3640946629525601,0.0,CORREGIDO_ANCLA_OBSERVADO,2.964602213133494,8.767930428179776,2.901664107523141,480.0,OK_CALIBRADO
2026-10-09,NAUTA,10.0,2026-10-08,2026-12-02,60,55,5.905053385616487,4.726884612485963,5.905053385616487,5.28,7.2974346629525595,1.704303385616487,10.105803385616486,HIBRIDO_ANALOGO_CLIM,ANALOGO_ESTADO_V2_CONFORMAL,30,10,2.519972070151433,OK_ANALOGOS_CONTINUIDAD_CORREGIDA,-0.3640946629525601,0.3640946629525601,0.0,CORREGIDO_ANCLA_OBSERVADO,3.003389278093346,8.806717493139628,2.901664107523141,480.0,OK_CALIBRADO
2026-10-09,NAUTA,10.0,2026-10-08,2026-12-03,60,56,5.957383160805799,4.744483096427383,5.957383160805799,5.28,7.3435546629525605,1.7956331608057985,10.119133160805799,HIBRIDO_ANALOGO_CLIM,ANALOGO_ESTADO_V2_CONFORMAL,30,10,2.519972070151433,OK_ANALOGOS_CONTINUIDAD_CORREGIDA,-0.3640946629525601,0.3640946629525601,0.0,CORREGIDO_ANCLA_OBSERVADO,3.055719053282658,8.85904726832894,2.901664107523141,480.0,OK_CALIBRADO
2026-10-09,NAUTA,10.0,2026-10-08,2026-12-04,60,57,6.014142734035054,4.770174798347786,6.014142734035054,5.28,7.38905466295256,1.8447427340350537,10.183542734035054,HIBRIDO_ANALOGO_CLIM,ANALOGO_ESTADO_V2_CONFORMAL,30,10,2.519972070151433,OK_ANALOGOS_CONTINUIDAD_CORREGIDA,-0.3640946629525601,0.3640946629525601,0.0,CORREGIDO_ANCLA_OBSERVADO,3.112478626511913,8.915806841558194,2.901664107523141,480.0,OK_CALIBRADO
2026-10-09,NAUTA,10.0,2026-10-08,2026-12-05,60,58,6.090423062937364,4.7726709209876645,6.090423062937364,5.28,7.49905466295256,1.740673062937364,10.440173062937363,HIBRIDO_ANALOGO_CLIM,ANALOGO_ESTADO_V2_CONFORMAL,30,10,2.519972070151433,OK_ANALOGOS_CONTINUIDAD_CORREGIDA,-0.3640946629525601,0.3640946629525601,0.0,CORREGIDO_ANCLA_OBSERVADO,3.1887589554142233,8.992087170460504,2.901664107523141,480.0,OK_CALIBRADO
2026-10-09,NAUTA,10.0,2026-10-08,2026-12-06,60,59,6.1323809056113365,4.777940386215728,6.1323809056113365,5.28,7.53273466295256,1.6343809056113365,10.630380905611336,HIBRIDO_ANALOGO_CLIM,ANALOGO_ESTADO_V2_CONFORMAL,30,10,2.519972070151433,OK_ANALOGOS_CONTINUIDAD_CORREGIDA,-0.3640946629525601,0.3640946629525601,0.0,CORREGIDO_ANCLA_OBSERVADO,3.2307167980881957,9.034045013134477,2.901664107523141,480.0,OK_CALIBRADO
2026-10-09,NAUTA,10.0,2026-10-08,2026-12-07,60,60,6.213094156151113,4.819813649349666,6.213094156151113,5.28,7.606374662952561,1.6754441561511133,10.750744156151113,HIBRIDO_ANALOGO_CLIM,ANALOGO_ESTADO_V2_CONFORMAL,30,10,2.519972070151433,OK_ANALOGOS_CONTINUIDAD_CORREGIDA,-0.3640946629525601,0.3640946629525601,0.0,CORREGIDO_ANCLA_OBSERVADO,3.3114300486279724,9.114758263674254,2.901664107523141,480.0,OK_CALIBRADO
2026-10-09,NAUTA,10.0,2026-10-08,2026-10-09,90,1,5.28,5.607128944948285,5.28,5.28,4.298613165155143,5.02585,5.53415,HIBRIDO_ANALOGO_CLIM,ANALOGO_ESTADO_V2_CONFORMAL,30,10,2.5260791247754693,OK_ANALOGOS_CONTINUIDAD_CORREGIDA,-0.36941751298123027,0.36941751298123027,0.0,CORREGIDO_ANCLA_OBSERVADO,2.151979772740215,8.408020227259787,3.1280202272597855,720.0,OK_CALIBRADO
2026-10-09,NAUTA,10.0,2026-10-08,2026-10-10,90,2,5.232228798095127,5.5103325597997594,5.232228798095127,5.28,4.3979175129812305,4.742578798095127,5.721878798095127,HIBRIDO_ANALOGO_CLIM,ANALOGO_ESTADO_V2_CONFORMAL,30,10,2.5260791247754693,OK_ANALOGOS_CONTINUIDAD_CORREGIDA,-0.36941751298123027,0.36941751298123027,0.0,CORREGIDO_ANCLA_OBSERVADO,2.1042085708353415,8.360249025354912,3.1280202272597855,720.0,OK_CALIBRADO
2026-10-09,NAUTA,10.0,2026-10-08,2026-10-11,90,3,5.181590698848552,5.417467268050703,5.181590698848552,5.28,4.4739609912421,4.518440698848552,5.844740698848552,HIBRIDO_ANALOGO_CLIM,ANALOGO_ESTADO_V2_CONFORMAL,30,10,2.5260791247754693,OK_ANALOGOS_CONTINUIDAD_CORREGIDA,-0.36941751298123027,0.36941751298123027,0.0,CORREGIDO_ANCLA_OBSERVADO,2.053570471588767,8.309610926108338,3.1280202272597855,720.0,OK_CALIBRADO
2026-10-09,NAUTA,10.0,2026-10-08,2026-10-12,90,4,5.129790967282153,5.319161828860722,5.129790967282153,5.28,4.5616783825464475,4.376790967282153,5.882790967282153,HIBRIDO_ANALOGO_CLIM,ANALOGO_ESTADO_V2_CONFORMAL,30,10,2.5260791247754693,OK_ANALOGOS_CONTINUIDAD_CORREGIDA,-0.36941751298123027,0.36941751298123027,0.0,CORREGIDO_ANCLA_OBSERVADO,2.0017707400223674,8.257811194541938,3.1280202272597855,720.0,OK_CALIBRADO
2026-10-09,NAUTA,10.0,2026-10-08,2026-10-13,90,5,5.105152706447283,5.248281828906983,5.105152706447283,5.28,4.675765339068186,4.237502706447284,5.9728027064472835,HIBRIDO_ANALOGO_CLIM,ANALOGO_ESTADO_V2_CONFORMAL,30,10,2.5260791247754693,OK_ANALOGOS_CONTINUIDAD_CORREGIDA,-0.36941751298123027,0.36941751298123027,0.0,CORREGIDO_ANCLA_OBSERVADO,1.9771324791874978,8.233172933707069,3.1280202272597855,720.0,OK_CALIBRADO
2026-10-09,NAUTA,10.0,2026-10-08,2026-10-14,90,6,5.101396025251527,5.209504804703945,5.101396025251527,5.28,4.777069686894274,4.101396025251528,6.101396025251527,HIBRIDO_ANALOGO_CLIM,ANALOGO_ESTADO_V2_CONFORMAL,30,10,2.5260791247754693,OK_ANALOGOS_CONTINUIDAD_CORREGIDA,-0.36941751298123027,0.36941751298123027,0.0,CORREGIDO_ANCLA_OBSERVADO,1.973375797991742,8.229416252511314,3.1280202272597855,720.0,OK_CALIBRADO
2026-10-09,NAUTA,10.0,2026-10-08,2026-10-15,90,7,5.118351112773378,5.200720283718587,5.118351112773378,5.28,4.871243599937752,3.964351112773377,6.272351112773378,HIBRIDO_ANALOGO_CLIM,ANALOGO_ESTADO_V2_CONFORMAL,30,10,2.5260791247754693,OK_ANALOGOS_CONTINUIDAD_CORREGIDA,-0.36941751298123027,0.36941751298123027,0.0,CORREGIDO_ANCLA_OBSERVADO,1.9903308855135924,8.246371340033164,3.1280202272597855,720.0,OK_CALIBRADO
2026-10-09,NAUTA,10.0,2026-10-08,2026-10-16,90,8,5.080775414892639,5.129525150312384,5.080775414892639,5.28,4.934526208633404,3.8097754148926395,6.35177541489264,HIBRIDO_ANALOGO_CLIM,ANALOGO_ESTADO_V2_CONFORMAL,30,10,2.5260791247754693,OK_ANALOGOS_CONTINUIDAD_CORREGIDA,-0.36941751298123027,0.36941751298123027,0.0,CORREGIDO_ANCLA_OBSERVADO,1.952755187632854,8.208795642152424,3.1280202272597855,720.0,OK_CALIBRADO
2026-10-09,NAUTA,10.0,2026-10-08,2026-10-17,90,9,5.020567222111498,5.032776545444776,5.020567222111498,5.28,4.983939252111665,3.505667222111498,6.535467222111498,HIBRIDO_ANALOGO_CLIM,ANALOGO_ESTADO_V2_CONFORMAL,30,10,2.5260791247754693,OK_ANALOGOS_CONTINUIDAD_CORREGIDA,-0.36941751298123027,0.36941751298123027,0.0,CORREGIDO_ANCLA_OBSERVADO,1.8925469948517124,8.148587449371284,3.1280202272597855,720.0,OK_CALIBRADO
2026-10-09,NAUTA,10.0,2026-10-08,2026-10-18,90,10,4.97529850498899,4.961650140006069,4.97529850498899,5.28,5.016243599937752,3.268048504988989,6.68254850498899,HIBRIDO_ANALOGO_CLIM,ANALOGO_ESTADO_V2_CONFORMAL,30,10,2.5260791247754693,OK_ANALOGOS_CONTINUIDAD_CORREGIDA,-0.36941751298123027,0.36941751298123027,0.0,CORREGIDO_ANCLA_OBSERVADO,1.8472782777292043,8.103318732248775,3.1280202272597855,720.0,OK_CALIBRADO
2026-10-09,NAUTA,10.0,2026-10-08,2026-10-19,90,11,4.91639130914032,4.859194168729582,4.91639130914032,5.28,5.087982730372534,3.0736413091403207,6.759141309140321,HIBRIDO_ANALOGO_CLIM,ANALOGO_ESTADO_V2_CONFORMAL,30,10,2.5260791247754693,OK_ANALOGOS_CONTINUIDAD_CORREGIDA,-0.36941751298123027,0.36941751298123027,0.0,CORREGIDO_ANCLA_OBSERVADO,1.788371081880535,8.044411536400105,3.1280202272597855,720.0,OK_CALIBRADO
2026-10-09,NAUTA,10.0,2026-10-08,2026-10-20,90,12,4.85325383648052,4.751757248661442,4.85325383648052,5.28,5.157743599937752,2.88700383648052,6.8195038364805205,HIBRIDO_ANALOGO_CLIM,ANALOGO_ESTADO_V2_CONFORMAL,30,10,2.5260791247754693,OK_ANALOGOS_CONTINUIDAD_CORREGIDA,-0.36941751298123027,0.36941751298123027,0.0,CORREGIDO_ANCLA_OBSERVADO,1.7252336092207345,7.9812740637403055,3.1280202272597855,720.0,OK_CALIBRADO
2026-10-09,NAUTA,10.0,2026-10-08,2026-10-21,90,13,4.809889447776375,4.672423570968959,4.809889447776375,5.28,5.2222870781986215,2.800789447776374,6.818989447776375,HIBRIDO_ANALOGO_CLIM,ANALOGO_ESTADO_V2_CONFORMAL,30,10,2.5260791247754693,OK_ANALOGOS_CONTINUIDAD_CORREGIDA,-0.36941751298123027,0.36941751298123027,0.0,CORREGIDO_ANCLA_OBSERVADO,1.6818692205165897,7.937909675036161,3.1280202272597855,720.0,OK_CALIBRADO
2026-10-09,NAUTA,10.0,2026-10-08,2026-10-22,90,14,4.78135798787621,4.6266352476238115,4.78135798787621,5.28,5.245526208633404,2.8036079878762092,6.75910798787621,HIBRIDO_ANALOGO_CLIM,ANALOGO_ESTADO_V2_CONFORMAL,30,10,2.5260791247754693,OK_ANALOGOS_CONTINUIDAD_CORREGIDA,-0.36941751298123027,0.36941751298123027,0.0,CORREGIDO_ANCLA_OBSERVADO,1.6533377606164246,7.9093782151359955,3.1280202272597855,720.0,OK_CALIBRADO
2026-10-09,NAUTA,10.0,2026-10-08,2026-10-23,90,15,4.826546099281205,4.671030990366703,4.826546099281205,5.28,5.293091426024708,2.8917960992812053,6.761296099281205,HIBRIDO_ANALOGO_CLIM,ANALOGO_ESTADO_V2_CONFORMAL,30,10,2.5260791247754693,OK_ANALOGOS_CONTINUIDAD_CORREGIDA,-0.36941751298123027,0.36941751298123027,0.0,CORREGIDO_ANCLA_OBSERVADO,1.6985258720214196,7.9545663265409905,3.1280202272597855,720.0,OK_CALIBRADO
2026-10-09,NAUTA,10.0,2026-10-08,2026-10-24,90,16,4.897336005454881,4.751526227583779,4.897336005454881,5.28,5.334765339068187,2.901736005454881,6.892936005454882,HIBRIDO_ANALOGO_CLIM,ANALOGO_ESTADO_V2_CONFORMAL,30,10,2.5260791247754693,OK_ANALOGOS_CONTINUIDAD_CORREGIDA,-0.36941751298123027,0.36941751298123027,0.0,CORREGIDO_ANCLA_OBSERVADO,1.7693157781950957,8.025356232714667,3.1280202272597855,720.0,OK_CALIBRADO
2026-10-09,NAUTA,10.0,2026-10-08,2026-10-25,90,17,4.932103102924079,4.7892229372528545,4.932103102924079,5.28,5.360743599937752,2.8785531029240783,6.985653102924078,HIBRIDO_ANALOGO_CLIM,ANALOGO_ESTADO_V2_CONFORMAL,30,10,2.5260791247754693,OK_ANALOGOS_CONTINUIDAD_CORREGIDA,-0.36941751298123027,0.36941751298123027,0.0,CORREGIDO_ANCLA_OBSERVADO,1.8040828756642933,8.060123330183863,3.1280202272597855,720.0,OK_CALIBRADO
2026-10-09,NAUTA,10.0,2026-10-08,2026-10-26,90,18,4.908365496081495,4.740768446969988,4.908365496081495,5.28,5.411156643416013,2.720615496081495,7.096115496081495,HIBRIDO_ANALOGO_CLIM,ANALOGO_ESTADO_V2_CONFORMAL,30,10,2.5260791247754693,OK_ANALOGOS_CONTINUIDAD_CORREGIDA,-0.36941751298123027,0.36941751298123027,0.0,CORREGIDO_ANCLA_OBSERVADO,1.7803452688217094,8.03638572334128,3.1280202272597855,720.0,OK_CALIBRADO
2026-10-09,NAUTA,10.0,2026-10-08,2026-10-27,90,19,4.832280944720323,4.623844117618862,4.832280944720323,5.28,5.457591426024708,2.5481309447203224,7.116430944720324,HIBRIDO_ANALOGO_CLIM,ANALOGO_ESTADO_V2_CONFORMAL,30,10,2.5260791247754693,OK_ANALOGOS_CONTINUIDAD_CORREGIDA,-0.36941751298123027,0.36941751298123027,0.0,CORREGIDO_ANCLA_OBSERVADO,1.7042607174605378,7.960301171980109,3.1280202272597855,720.0,OK_CALIBRADO
2026-10-09,NAUTA,10.0,2026-10-08,2026-10-28,90,20,4.7831292402836185,4.544098366775719,4.7831292402836185,5.28,5.500221860807317,2.4514792402836187,7.114779240283619,HIBRIDO_ANALOGO_CLIM,ANALOGO_ESTADO_V2_CONFORMAL,30,10,2.5260791247754693,OK_ANALOGOS_CONTINUIDAD_CORREGIDA,-0.36941751298123027,0.36941751298123027,0.0,CORREGIDO_ANCLA_OBSERVADO,1.655109013023833,7.911149467543404,3.1280202272597855,720.0,OK_CALIBRADO
2026-10-09,NAUTA,10.0,2026-10-08,2026-10-29,90,21,4.7753812698474905,4.519963391701461,4.7753812698474905,5.28,5.541634904285578,2.41688126984749,7.133881269847491,HIBRIDO_ANALOGO_CLIM,ANALOGO_ESTADO_V2_CONFORMAL,30,10,2.5260791247754693,OK_ANALOGOS_CONTINUIDAD_CORREGIDA,-0.36941751298123027,0.36941751298123027,0.0,CORREGIDO_ANCLA_OBSERVADO,1.647361042587705,7.903401497107276,3.1280202272597855,720.0,OK_CALIBRADO
2026-10-09,NAUTA,10.0,2026-10-08,2026-10-30,90,22,4.797329839529914,4.536387571567881,4.797329839529914,5.28,5.580156643416013,2.547479839529914,7.047179839529915,HIBRIDO_ANALOGO_CLIM,ANALOGO_ESTADO_V2_CONFORMAL,30,10,2.5260791247754693,OK_ANALOGOS_CONTINUIDAD_CORREGIDA,-0.36941751298123027,0.36941751298123027,0.0,CORREGIDO_ANCLA_OBSERVADO,1.669309612270129,7.9253500667897,3.1280202272597855,720.0,OK_CALIBRADO
2026-10-09,NAUTA,10.0,2026-10-08,2026-10-31,90,23,4.818124336003706,4.544490378460473,4.818124336003706,5.28,5.639026208633404,2.6436243360037053,6.992624336003706,HIBRIDO_ANALOGO_CLIM,ANALOGO_ESTADO_V2_CONFORMAL,30,10,2.5260791247754693,OK_ANALOGOS_CONTINUIDAD_CORREGIDA,-0.36941751298123027,0.36941751298123027,0.0,CORREGIDO_ANCLA_OBSERVADO,1.6901041087439204,7.946144563263491,3.1280202272597855,720.0,OK_CALIBRADO
2026-10-09,NAUTA,10.0,2026-10-08,2026-11-01,90,24,4.841826935974768,4.552869207407397,4.841826935974768,5.28,5.708700121676882,2.7344769359747683,6.9491769359747675,HIBRIDO_ANALOGO_CLIM,ANALOGO_ESTADO_V2_CONFORMAL,30,10,2.5260791247754693,OK_ANALOGOS_CONTINUIDAD_CORREGIDA,-0.36941751298123027,0.36941751298123027,0.0,CORREGIDO_ANCLA_OBSERVADO,1.7138067087149826,7.9698471632345536,3.1280202272597855,720.0,OK_CALIBRADO
2026-10-09,NAUTA,10.0,2026-10-08,2026-11-02,90,25,4.8228511036525985,4.5431345227652775,4.8228511036525985,5.28,5.662000846314563,2.7506011036525986,6.895101103652598,HIBRIDO_ANALOGO_CLIM,ANALOGO_ESTADO_V2_CONFORMAL,30,10,2.5260791247754693,OK_ANALOGOS_CONTINUIDAD_CORREGIDA,-0.36941751298123027,0.36941751298123027,0.0,CORREGIDO_ANCLA_OBSERVADO,1.694830876392813,7.950871330912384,3.1280202272597855,720.0,OK_CALIBRADO
2026-10-09,NAUTA,10.0,2026-10-08,2026-11-03,90,26,4.817430829914186,4.509636657780726,4.817430829914186,5.28,5.740813346314564,2.633980829914186,7.000880829914186,HIBRIDO_ANALOGO_CLIM,ANALOGO_ESTADO_V2_CONFORMAL,30,10,2.5260791247754693,OK_ANALOGOS_CONTINUIDAD_CORREGIDA,-0.36941751298123027,0.36941751298123027,0.0,CORREGIDO_ANCLA_OBSERVADO,1.6894106026544007,7.945451057173972,3.1280202272597855,720.0,OK_CALIBRADO
2026-10-09,NAUTA,10.0,2026-10-08,2026-11-04,90,27,4.824175762978123,4.49357434631042,4.824175762978123,5.28,5.81598001298123,2.5330757629781226,7.115275762978123,HIBRIDO_ANALOGO_CLIM,ANALOGO_ESTADO_V2_CONFORMAL,30,10,2.5260791247754693,OK_ANALOGOS_CONTINUIDAD_CORREGIDA,-0.36941751298123027,0.36941751298123027,0.0,CORREGIDO_ANCLA_OBSERVADO,1.6961555357183373,7.952195990237908,3.1280202272597855,720.0,OK_CALIBRADO
2026-10-09,NAUTA,10.0,2026-10-08,2026-11-05,90,28,4.990940135004422,4.697162953456597,4.990940135004422,5.28,5.872271679647897,2.827290135004422,7.1545901350044225,HIBRIDO_ANALOGO_CLIM,ANALOGO_ESTADO_V2_CONFORMAL,30,10,2.5260791247754693,OK_ANALOGOS_CONTINUIDAD_CORREGIDA,-0.36941751298123027,0.36941751298123027,0.0,CORREGIDO_ANCLA_OBSERVADO,1.8629199077446366,8.118960362264207,3.1280202272597855,720.0,OK_CALIBRADO
2026-10-09,NAUTA,10.0,2026-10-08,2026-11-06,90,29,5.026909076275047,4.721065986261874,5.026909076275047,5.28,5.944438346314564,2.9750090762750463,7.078809076275046,HIBRIDO_ANALOGO_CLIM,ANALOGO_ESTADO_V2_CONFORMAL,30,10,2.5260791247754693,OK_ANALOGOS_CONTINUIDAD_CORREGIDA,-0.36941751298123027,0.36941751298123027,0.0,CORREGIDO_ANCLA_OBSERVADO,1.8988888490152611,8.154929303534832,3.1280202272597855,720.0,OK_CALIBRADO
2026-10-09,NAUTA,10.0,2026-10-08,2026-11-07,90,30,5.017866601913601,4.689078798224392,5.017866601913601,5.28,6.00423001298123,2.998616601913602,7.037116601913602,HIBRIDO_ANALOGO_CLIM,ANALOGO_ESTADO_V2_CONFORMAL,30,10,2.5260791247754693,OK_ANALOGOS_CONTINUIDAD_CORREGIDA,-0.36941751298123027,0.36941751298123027,0.0,CORREGIDO_ANCLA_OBSERVADO,1.8898463746538159,8.145886829173387,3.1280202272597855,720.0,OK_CALIBRADO
2026-10-09,NAUTA,10.0,2026-10-08,2026-11-08,90,31,5.0715771207944735,4.718354624639536,5.0715771207944735,5.28,6.08566751298123,2.914827120794473,7.228327120794473,HIBRIDO_ANALOGO_CLIM,ANALOGO_ESTADO_V2_CONFORMAL,30,10,2.5260791247754693,OK_ANALOGOS_CONTINUIDAD_CORREGIDA,-0.36941751298123027,0.36941751298123027,0.0,CORREGIDO_ANCLA_OBSERVADO,1.943556893534688,8.199597348054258,3.1280202272597855,720.0,OK_CALIBRADO
2026-10-09,NAUTA,10.0,2026-10-08,2026-11-09,90,32,5.076877211695731,4.6981428597131245,5.076877211695731,5.28,6.118396679647898,2.6873772116957313,7.466377211695731,HIBRIDO_ANALOGO_CLIM,ANALOGO_ESTADO_V2_CONFORMAL,30,10,2.5260791247754693,OK_ANALOGOS_CONTINUIDAD_CORREGIDA,-0.36941751298123027,0.36941751298123027,0.0,CORREGIDO_ANCLA_OBSERVADO,1.9488569844359453,8.204897438955516,3.1280202272597855,720.0,OK_CALIBRADO
2026-10-09,NAUTA,10.0,2026-10-08,2026-11-10,90,33,5.057398443673026,4.645744658763018,5.057398443673026,5.28,6.14266751298123,2.476148443673026,7.638648443673026,HIBRIDO_ANALOGO_CLIM,ANALOGO_ESTADO_V2_CONFORMAL,30,10,2.5260791247754693,OK_ANALOGOS_CONTINUIDAD_CORREGIDA,-0.36941751298123027,0.36941751298123027,0.0,CORREGIDO_ANCLA_OBSERVADO,1.929378216413241,8.185418670932812,3.1280202272597855,720.0,OK_CALIBRADO
2026-10-09,NAUTA,10.0,2026-10-08,2026-11-11,90,34,5.060711427922368,4.609998169488244,5.060711427922368,5.28,6.2007508463145635,2.4217614279223683,7.6996614279223685,HIBRIDO_ANALOGO_CLIM,ANALOGO_ESTADO_V2_CONFORMAL,30,10,2.5260791247754693,OK_ANALOGOS_CONTINUIDAD_CORREGIDA,-0.36941751298123027,0.36941751298123027,0.0,CORREGIDO_ANCLA_OBSERVADO,1.9326912006625827,8.188731655182153,3.1280202272597855,720.0,OK_CALIBRADO
2026-10-09,NAUTA,10.0,2026-10-08,2026-11-12,90,35,5.0951990113361285,4.611122520462655,5.0951990113361285,5.28,6.270813346314563,2.469949011336128,7.720449011336129,HIBRIDO_ANALOGO_CLIM,ANALOGO_ESTADO_V2_CONFORMAL,30,10,2.5260791247754693,OK_ANALOGOS_CONTINUIDAD_CORREGIDA,-0.36941751298123027,0.36941751298123027,0.0,CORREGIDO_ANCLA_OBSERVADO,1.967178784076343,8.223219238595913,3.1280202272597855,720.0,OK_CALIBRADO
2026-10-09,NAUTA,10.0,2026-10-08,2026-11-13,90,36,5.182017394211031,4.697613771880946,5.182017394211031,5.28,6.31229251298123,2.6620173942110306,7.702017394211031,HIBRIDO_ANALOGO_CLIM,ANALOGO_ESTADO_V2_CONFORMAL,30,10,2.5260791247754693,OK_ANALOGOS_CONTINUIDAD_CORREGIDA,-0.36941751298123027,0.36941751298123027,0.0,CORREGIDO_ANCLA_OBSERVADO,2.0539971669512456,8.310037621470816,3.1280202272597855,720.0,OK_CALIBRADO
2026-10-09,NAUTA,10.0,2026-10-08,2026-11-14,90,37,5.229407164887465,4.719482371158919,5.229407164887465,5.28,6.37329251298123,2.844407164887465,7.614407164887465,HIBRIDO_ANALOGO_CLIM,ANALOGO_ESTADO_V2_CONFORMAL,30,10,2.5260791247754693,OK_ANALOGOS_CONTINUIDAD_CORREGIDA,-0.36941751298123027,0.36941751298123027,0.0,CORREGIDO_ANCLA_OBSERVADO,2.1013869376276793,8.357427392147251,3.1280202272597855,720.0,OK_CALIBRADO
2026-10-09,NAUTA,10.0,2026-10-08,2026-11-15,90,38,5.268450777159543,4.738059180071443,5.268450777159543,5.28,6.41298001298123,3.0400007771595425,7.496900777159542,HIBRIDO_ANALOGO_CLIM,ANALOGO_ESTADO_V2_CONFORMAL,30,10,2.5260791247754693,OK_ANALOGOS_CONTINUIDAD_CORREGIDA,-0.36941751298123027,0.36941751298123027,0.0,CORREGIDO_ANCLA_OBSERVADO,2.140430549899757,8.396471004419329,3.1280202272597855,720.0,OK_CALIBRADO
2026-10-09,NAUTA,10.0,2026-10-08,2026-11-16,90,39,5.335268267988142,4.789978816695174,5.335268267988142,5.28,6.46779251298123,3.205318267988142,7.465218267988142,HIBRIDO_ANALOGO_CLIM,ANALOGO_ESTADO_V2_CONFORMAL,30,10,2.5260791247754693,OK_ANALOGOS_CONTINUIDAD_CORREGIDA,-0.36941751298123027,0.36941751298123027,0.0,CORREGIDO_ANCLA_OBSERVADO,2.2072480407283566,8.463288495247927,3.1280202272597855,720.0,OK_CALIBRADO
2026-10-09,NAUTA,10.0,2026-10-08,2026-11-17,90,40,5.38462079618028,4.819920354446471,5.38462079618028,5.28,6.514021679647897,2.98237079618028,7.78687079618028,HIBRIDO_ANALOGO_CLIM,ANALOGO_ESTADO_V2_CONFORMAL,30,10,2.5260791247754693,OK_ANALOGOS_CONTINUIDAD_CORREGIDA,-0.36941751298123027,0.36941751298123027,0.0,CORREGIDO_ANCLA_OBSERVADO,2.2566005689204944,8.512641023440064,3.1280202272597855,720.0,OK_CALIBRADO
2026-10-09,NAUTA,10.0,2026-10-08,2026-11-18,90,41,5.366836796741844,4.754649336415073,5.366836796741844,5.28,6.54641751298123,2.6284367967418447,8.105236796741845,HIBRIDO_ANALOGO_CLIM,ANALOGO_ESTADO_V2_CONFORMAL,30,10,2.5260791247754693,OK_ANALOGOS_CONTINUIDAD_CORREGIDA,-0.36941751298123027,0.36941751298123027,0.0,CORREGIDO_ANCLA_OBSERVADO,2.2388165694820588,8.494857024001629,3.1280202272597855,720.0,OK_CALIBRADO
2026-10-09,NAUTA,10.0,2026-10-08,2026-11-19,90,42,5.382514493270345,4.717084341631152,5.382514493270345,5.28,6.618313346314563,2.5199144932703446,8.245114493270346,HIBRIDO_ANALOGO_CLIM,ANALOGO_ESTADO_V2_CONFORMAL,30,10,2.5260791247754693,OK_ANALOGOS_CONTINUIDAD_CORREGIDA,-0.36941751298123027,0.36941751298123027,0.0,CORREGIDO_ANCLA_OBSERVADO,2.2544942660105596,8.510534720530131,3.1280202272597855,720.0,OK_CALIBRADO
2026-10-09,NAUTA,10.0,2026-10-08,2026-11-20,90,43,5.387723124080956,4.660989028115003,5.387723124080956,5.28,6.689084179647897,2.3674731240809566,8.407973124080957,HIBRIDO_ANALOGO_CLIM,ANALOGO_ESTADO_V2_CONFORMAL,30,10,2.5260791247754693,OK_ANALOGOS_CONTINUIDAD_CORREGIDA,-0.36941751298123027,0.36941751298123027,0.0,CORREGIDO_ANCLA_OBSERVADO,2.259702896821171,8.515743351340742,3.1280202272597855,720.0,OK_CALIBRADO
2026-10-09,NAUTA,10.0,2026-10-08,2026-11-21,90,44,5.426226938789971,4.640376474784505,5.426226938789971,5.28,6.78360501298123,2.1903769387899716,8.66207693878997,HIBRIDO_ANALOGO_CLIM,ANALOGO_ESTADO_V2_CONFORMAL,30,10,2.5260791247754693,OK_ANALOGOS_CONTINUIDAD_CORREGIDA,-0.36941751298123027,0.36941751298123027,0.0,CORREGIDO_ANCLA_OBSERVADO,2.2982067115301854,8.554247166049755,3.1280202272597855,720.0,OK_CALIBRADO
2026-10-09,NAUTA,10.0,2026-10-08,2026-11-22,90,45,5.47973968858,4.655232993939262,5.47973968858,5.28,6.85391751298123,2.1558396885800004,8.803639688579999,HIBRIDO_ANALOGO_CLIM,ANALOGO_ESTADO_V2_CONFORMAL,30,10,2.5260791247754693,OK_ANALOGOS_CONTINUIDAD_CORREGIDA,-0.36941751298123027,0.36941751298123027,0.0,CORREGIDO_ANCLA_OBSERVADO,2.351719461320214,8.607759915839786,3.1280202272597855,720.0,OK_CALIBRADO
2026-10-09,NAUTA,10.0,2026-10-08,2026-11-23,90,46,5.530812918168246,4.684319408779995,5.530812918168246,5.28,6.892563346314564,2.2060129181682466,8.855612918168244,HIBRIDO_ANALOGO_CLIM,ANALOGO_ESTADO_V2_CONFORMAL,30,10,2.5260791247754693,OK_ANALOGOS_CONTINUIDAD_CORREGIDA,-0.36941751298123027,0.36941751298123027,0.0,CORREGIDO_ANCLA_OBSERVADO,2.402792690908461,8.658833145428032,3.1280202272597855,720.0,OK_CALIBRADO
2026-10-09,NAUTA,10.0,2026-10-08,2026-11-24,90,47,5.594350137729912,4.7414794189608,5.594350137729912,5.28,6.919021679647896,2.3582501377299123,8.830450137729912,HIBRIDO_ANALOGO_CLIM,ANALOGO_ESTADO_V2_CONFORMAL,30,10,2.5260791247754693,OK_ANALOGOS_CONTINUIDAD_CORREGIDA,-0.36941751298123027,0.36941751298123027,0.0,CORREGIDO_ANCLA_OBSERVADO,2.466329910470127,8.722370364989697,3.1280202272597855,720.0,OK_CALIBRADO
2026-10-09,NAUTA,10.0,2026-10-08,2026-11-25,90,48,5.652227494191094,4.759823037219892,5.652227494191094,5.28,6.990834179647896,2.371827494191095,8.932627494191095,HIBRIDO_ANALOGO_CLIM,ANALOGO_ESTADO_V2_CONFORMAL,30,10,2.5260791247754693,OK_ANALOGOS_CONTINUIDAD_CORREGIDA,-0.36941751298123027,0.36941751298123027,0.0,CORREGIDO_ANCLA_OBSERVADO,2.5242072669313087,8.78024772145088,3.1280202272597855,720.0,OK_CALIBRADO
2026-10-09,NAUTA,10.0,2026-10-08,2026-11-26,90,49,5.555652948421161,4.526427227809283,5.555652948421161,5.28,7.046980012981231,1.5981529484211616,9.513152948421162,HIBRIDO_ANALOGO_CLIM,ANALOGO_ESTADO_V2_CONFORMAL,30,10,2.5260791247754693,OK_ANALOGOS_CONTINUIDAD_CORREGIDA,-0.36941751298123027,0.36941751298123027,0.0,CORREGIDO_ANCLA_OBSERVADO,2.427632721161376,8.683673175680948,3.1280202272597855,720.0,OK_CALIBRADO
2026-10-09,NAUTA,10.0,2026-10-08,2026-11-27,90,50,5.629891715468022,4.580304836291921,5.629891715468022,5.28,7.099313346314563,1.5857917154680217,9.673991715468024,HIBRIDO_ANALOGO_CLIM,ANALOGO_ESTADO_V2_CONFORMAL,30,10,2.5260791247754693,OK_ANALOGOS_CONTINUIDAD_CORREGIDA,-0.36941751298123027,0.36941751298123027,0.0,CORREGIDO_ANCLA_OBSERVADO,2.501871488208237,8.757911942727809,3.1280202272597855,720.0,OK_CALIBRADO
2026-10-09,NAUTA,10.0,2026-10-08,2026-11-28,90,51,5.680805420049422,4.602084887592579,5.680805420049422,5.28,7.140250846314563,1.5414554200494224,9.82015542004942,HIBRIDO_ANALOGO_CLIM,ANALOGO_ESTADO_V2_CONFORMAL,30,10,2.5260791247754693,OK_ANALOGOS_CONTINUIDAD_CORREGIDA,-0.36941751298123027,0.36941751298123027,0.0,CORREGIDO_ANCLA_OBSERVADO,2.552785192789637,8.808825647309208,3.1280202272597855,720.0,OK_CALIBRADO
2026-10-09,NAUTA,10.0,2026-10-08,2026-11-29,90,52,5.73255443802952,4.628344194438997,5.73255443802952,5.28,7.176521679647896,1.52680443802952,9.938304438029519,HIBRIDO_ANALOGO_CLIM,ANALOGO_ESTADO_V2_CONFORMAL,30,10,2.5260791247754693,OK_ANALOGOS_CONTINUIDAD_CORREGIDA,-0.36941751298123027,0.36941751298123027,0.0,CORREGIDO_ANCLA_OBSERVADO,2.6045342107697342,8.860574665289306,3.1280202272597855,720.0,OK_CALIBRADO
2026-10-09,NAUTA,10.0,2026-10-08,2026-11-30,90,53,5.80298403571787,4.683873100967251,5.80298403571787,5.28,7.217709179647898,1.5851340357178698,10.020834035717868,HIBRIDO_ANALOGO_CLIM,ANALOGO_ESTADO_V2_CONFORMAL,30,10,2.5260791247754693,OK_ANALOGOS_CONTINUIDAD_CORREGIDA,-0.36941751298123027,0.36941751298123027,0.0,CORREGIDO_ANCLA_OBSERVADO,2.6749638084580845,8.931004262977655,3.1280202272597855,720.0,OK_CALIBRADO
2026-10-09,NAUTA,10.0,2026-10-08,2026-12-01,90,54,5.731035719228381,4.490490615248777,5.731035719228381,5.28,7.24725751298123,1.4746357192283819,9.98743571922838,HIBRIDO_ANALOGO_CLIM,ANALOGO_ESTADO_V2_CONFORMAL,30,10,2.5260791247754693,OK_ANALOGOS_CONTINUIDAD_CORREGIDA,-0.36941751298123027,0.36941751298123027,0.0,CORREGIDO_ANCLA_OBSERVADO,2.6030154919685957,8.859055946488166,3.1280202272597855,720.0,OK_CALIBRADO
2026-10-09,NAUTA,10.0,2026-10-08,2026-12-02,90,55,5.755802891914297,4.446841289473048,5.755802891914297,5.28,7.30275751298123,1.5550528919142974,9.956552891914296,HIBRIDO_ANALOGO_CLIM,ANALOGO_ESTADO_V2_CONFORMAL,30,10,2.5260791247754693,OK_ANALOGOS_CONTINUIDAD_CORREGIDA,-0.36941751298123027,0.36941751298123027,0.0,CORREGIDO_ANCLA_OBSERVADO,2.6277826646545117,8.883823119174082,3.1280202272597855,720.0,OK_CALIBRADO
2026-10-09,NAUTA,10.0,2026-10-08,2026-12-03,90,56,5.80168126313346,4.44788454451666,5.80168126313346,5.28,7.348877512981231,1.6399312631334597,9.963431263133458,HIBRIDO_ANALOGO_CLIM,ANALOGO_ESTADO_V2_CONFORMAL,30,10,2.5260791247754693,OK_ANALOGOS_CONTINUIDAD_CORREGIDA,-0.36941751298123027,0.36941751298123027,0.0,CORREGIDO_ANCLA_OBSERVADO,2.6736610358736748,8.929701490393246,3.1280202272597855,720.0,OK_CALIBRADO
2026-10-09,NAUTA,10.0,2026-10-08,2026-12-04,90,57,5.84649260557092,4.446025308390162,5.84649260557092,5.28,7.39437751298123,1.67709260557092,10.015892605570919,HIBRIDO_ANALOGO_CLIM,ANALOGO_ESTADO_V2_CONFORMAL,30,10,2.5260791247754693,OK_ANALOGOS_CONTINUIDAD_CORREGIDA,-0.36941751298123027,0.36941751298123027,0.0,CORREGIDO_ANCLA_OBSERVADO,2.7184723783111346,8.974512832830705,3.1280202272597855,720.0,OK_CALIBRADO
2026-10-09,NAUTA,10.0,2026-10-08,2026-12-05,90,58,5.912071960502213,4.422495798505713,5.912071960502213,5.28,7.50437751298123,1.5623219605022127,10.26182196050221,HIBRIDO_ANALOGO_CLIM,ANALOGO_ESTADO_V2_CONFORMAL,30,10,2.5260791247754693,OK_ANALOGOS_CONTINUIDAD_CORREGIDA,-0.36941751298123027,0.36941751298123027,0.0,CORREGIDO_ANCLA_OBSERVADO,2.7840517332424275,9.040092187762,3.1280202272597855,720.0,OK_CALIBRADO
2026-10-09,NAUTA,10.0,2026-10-08,2026-12-06,90,59,5.951749873151663,4.4174523198738855,5.951749873151663,5.28,7.53805751298123,1.4537498731516634,10.449749873151664,HIBRIDO_ANALOGO_CLIM,ANALOGO_ESTADO_V2_CONFORMAL,30,10,2.5260791247754693,OK_ANALOGOS_CONTINUIDAD_CORREGIDA,-0.36941751298123027,0.36941751298123027,0.0,CORREGIDO_ANCLA_OBSERVADO,2.823729645891878,9.079770100411448,3.1280202272597855,720.0,OK_CALIBRADO
2026-10-09,NAUTA,10.0,2026-10-08,2026-12-07,90,60,6.034271721201102,4.4568459294209735,6.034271721201102,5.28,7.611697512981231,1.496621721201102,10.5719217212011,HIBRIDO_ANALOGO_CLIM,ANALOGO_ESTADO_V2_CONFORMAL,30,10,2.5260791247754693,OK_ANALOGOS_CONTINUIDAD_CORREGIDA,-0.36941751298123027,0.36941751298123027,0.0,CORREGIDO_ANCLA_OBSERVADO,2.9062514939413164,9.162291948460886,3.1280202272597855,720.0,OK_CALIBRADO
2026-10-09,NAUTA,10.0,2026-10-08,2026-12-08,90,61,6.140982691424761,4.521407028459598,6.140982691424761,5.28,7.70745751298123,1.6148326914247606,10.667132691424762,HIBRIDO_ANALOGO_CLIM,ANALOGO_ESTADO_V2_CONFORMAL,30,10,2.5260791247754693,OK_ANALOGOS_CONTINUIDAD_CORREGIDA,-0.36941751298123027,0.36941751298123027,0.0,CORREGIDO_ANCLA_OBSERVADO,3.0129624641649757,9.269002918684546,3.1280202272597855,720.0,OK_CALIBRADO
2026-10-09,NAUTA,10.0,2026-10-08,2026-12-09,90,62,6.243113531439531,4.619372033929437,6.243113531439531,5.28,7.762097512981231,1.6586135314395296,10.827613531439532,HIBRIDO_ANALOGO_CLIM,ANALOGO_ESTADO_V2_CONFORMAL,30,10,2.5260791247754693,OK_ANALOGOS_CONTINUIDAD_CORREGIDA,-0.36941751298123027,0.36941751298123027,0.0,CORREGIDO_ANCLA_OBSERVADO,3.1150933041797453,9.371133758699315,3.1280202272597855,720.0,OK_CALIBRADO
2026-10-09,NAUTA,10.0,2026-10-08,2026-12-10,90,63,6.396100948398682,4.823116324386392,6.396100948398682,5.28,7.81927751298123,1.4451009483986808,11.347100948398683,HIBRIDO_ANALOGO_CLIM,ANALOGO_ESTADO_V2_CONFORMAL,30,10,2.5260791247754693,OK_ANALOGOS_CONTINUIDAD_CORREGIDA,-0.36941751298123027,0.36941751298123027,0.0,CORREGIDO_ANCLA_OBSERVADO,3.2680807211388965,9.524121175658468,3.1280202272597855,720.0,OK_CALIBRADO
2026-10-09,NAUTA,10.0,2026-10-08,2026-12-11,90,64,6.484808051324683,4.910054380860058,6.484808051324683,5.28,7.862717512981231,1.685408051324683,11.284208051324683,HIBRIDO_ANALOGO_CLIM,ANALOGO_ESTADO_V2_CONFORMAL,30,10,2.5260791247754693,OK_ANALOGOS_CONTINUIDAD_CORREGIDA,-0.36941751298123027,0.36941751298123027,0.0,CORREGIDO_ANCLA_OBSERVADO,3.356787824064898,9.61282827858447,3.1280202272597855,720.0,OK_CALIBRADO
2026-10-09,NAUTA,10.0,2026-10-08,2026-12-12,90,65,6.608703453904625,5.056628656814092,6.608703453904625,5.28,7.921997512981231,1.9616034539046245,11.255803453904626,HIBRIDO_ANALOGO_CLIM,ANALOGO_ESTADO_V2_CONFORMAL,30,10,2.5260791247754693,OK_ANALOGOS_CONTINUIDAD_CORREGIDA,-0.36941751298123027,0.36941751298123027,0.0,CORREGIDO_ANCLA_OBSERVADO,3.4806832266448398,9.73672368116441,3.1280202272597855,720.0,OK_CALIBRADO
2026-10-09,NAUTA,10.0,2026-10-08,2026-12-13,90,66,6.712478329058892,5.148523770931588,6.712478329058892,5.28,7.992077512981231,2.112978329058893,11.311978329058892,HIBRIDO_ANALOGO_CLIM,ANALOGO_ESTADO_V2_CONFORMAL,30,10,2.5260791247754693,OK_ANALOGOS_CONTINUIDAD_CORREGIDA,-0.36941751298123027,0.36941751298123027,0.0,CORREGIDO_ANCLA_OBSERVADO,3.5844581017991066,9.840498556318678,3.1280202272597855,720.0,OK_CALIBRADO
2026-10-09,NAUTA,10.0,2026-10-08,2026-12-14,90,67,6.78657665377881,5.217713680824806,6.78657665377881,5.28,8.02761751298123,2.25057665377881,11.32257665377881,HIBRIDO_ANALOGO_CLIM,ANALOGO_ESTADO_V2_CONFORMAL,30,10,2.5260791247754693,OK_ANALOGOS_CONTINUIDAD_CORREGIDA,-0.36941751298123027,0.36941751298123027,0.0,CORREGIDO_ANCLA_OBSERVADO,3.6585564265190245,9.914596881038594,3.1280202272597855,720.0,OK_CALIBRADO
2026-10-09,NAUTA,10.0,2026-10-08,2026-12-15,90,68,6.856475431539958,5.264880401962911,6.856475431539958,5.28,8.07357751298123,2.3449754315399574,11.367975431539957,HIBRIDO_ANALOGO_CLIM,ANALOGO_ESTADO_V2_CONFORMAL,30,10,2.5260791247754693,OK_ANALOGOS_CONTINUIDAD_CORREGIDA,-0.36941751298123027,0.36941751298123027,0.0,CORREGIDO_ANCLA_OBSERVADO,3.7284552042801726,9.984495658799744,3.1280202272597855,720.0,OK_CALIBRADO
2026-10-09,NAUTA,10.0,2026-10-08,2026-12-16,90,69,6.916601490789513,5.292184519588956,6.916601490789513,5.28,8.11725751298123,2.422601490789514,11.410601490789514,HIBRIDO_ANALOGO_CLIM,ANALOGO_ESTADO_V2_CONFORMAL,30,10,2.5260791247754693,OK_ANALOGOS_CONTINUIDAD_CORREGIDA,-0.36941751298123027,0.36941751298123027,0.0,CORREGIDO_ANCLA_OBSERVADO,3.7885812635297276,10.0446217180493,3.1280202272597855,720.0,OK_CALIBRADO
2026-10-09,NAUTA,10.0,2026-10-08,2026-12-17,90,70,6.959189349122223,5.313869919719614,6.959189349122223,5.28,8.13441751298123,2.4641893491222238,11.45418934912222,HIBRIDO_ANALOGO_CLIM,ANALOGO_ESTADO_V2_CONFORMAL,30,10,2.5260791247754693,OK_ANALOGOS_CONTINUIDAD_CORREGIDA,-0.36941751298123027,0.36941751298123027,0.0,CORREGIDO_ANCLA_OBSERVADO,3.8311691218624375,10.087209576382008,3.1280202272597855,720.0,OK_CALIBRADO
2026-10-09,NAUTA,10.0,2026-10-08,2026-12-18,90,71,7.032799148166496,5.419623558332901,7.032799148166496,5.28,8.146117512981231,2.4627991481664964,11.602799148166497,HIBRIDO_ANALOGO_CLIM,ANALOGO_ESTADO_V2_CONFORMAL,30,10,2.5260791247754693,OK_ANALOGOS_CONTINUIDAD_CORREGIDA,-0.36941751298123027,0.36941751298123027,0.0,CORREGIDO_ANCLA_OBSERVADO,3.9047789209067103,10.160819375426282,3.1280202272597855,720.0,OK_CALIBRADO
2026-10-09,NAUTA,10.0,2026-10-08,2026-12-19,90,72,7.098095868638241,5.489283402123758,7.098095868638241,5.28,8.17063751298123,2.5640958686382405,11.632095868638242,HIBRIDO_ANALOGO_CLIM,ANALOGO_ESTADO_V2_CONFORMAL,30,10,2.5260791247754693,OK_ANALOGOS_CONTINUIDAD_CORREGIDA,-0.36941751298123027,0.36941751298123027,0.0,CORREGIDO_ANCLA_OBSERVADO,3.9700756413784557,10.226116095898027,3.1280202272597855,720.0,OK_CALIBRADO
2026-10-09,NAUTA,10.0,2026-10-08,2026-12-20,90,73,7.130805663224419,5.472910662538309,7.130805663224419,5.28,8.19821751298123,2.7258056632244183,11.53580566322442,HIBRIDO_ANALOGO_CLIM,ANALOGO_ESTADO_V2_CONFORMAL,30,10,2.5260791247754693,OK_ANALOGOS_CONTINUIDAD_CORREGIDA,-0.36941751298123027,0.36941751298123027,0.0,CORREGIDO_ANCLA_OBSERVADO,4.0027854359646335,10.258825890484204,3.1280202272597855,720.0,OK_CALIBRADO
2026-10-09,NAUTA,10.0,2026-10-08,2026-12-21,90,74,7.1335651910544025,5.4164236296938535,7.1335651910544025,5.28,8.200977512981229,2.755065191054402,11.5120651910544,HIBRIDO_ANALOGO_CLIM,ANALOGO_ESTADO_V2_CONFORMAL,30,10,2.5260791247754693,OK_ANALOGOS_CONTINUIDAD_CORREGIDA,-0.36941751298123027,0.36941751298123027,0.0,CORREGIDO_ANCLA_OBSERVADO,4.005544963794617,10.261585418314187,3.1280202272597855,720.0,OK_CALIBRADO
2026-10-09,NAUTA,10.0,2026-10-08,2026-12-22,90,75,7.153400721318281,5.356706068546699,7.153400721318281,5.28,8.231417512981231,2.77440072131828,11.532400721318282,HIBRIDO_ANALOGO_CLIM,ANALOGO_ESTADO_V2_CONFORMAL,30,10,2.5260791247754693,OK_ANALOGOS_CONTINUIDAD_CORREGIDA,-0.36941751298123027,0.36941751298123027,0.0,CORREGIDO_ANCLA_OBSERVADO,4.025380494058496,10.281420948578067,3.1280202272597855,720.0,OK_CALIBRADO
2026-10-09,NAUTA,10.0,2026-10-08,2026-12-23,90,76,7.169488892704912,5.27013036677309,7.169488892704912,5.28,8.26911751298123,2.6869888927049126,11.65198889270491,HIBRIDO_ANALOGO_CLIM,ANALOGO_ESTADO_V2_CONFORMAL,30,10,2.5260791247754693,OK_ANALOGOS_CONTINUIDAD_CORREGIDA,-0.36941751298123027,0.36941751298123027,0.0,CORREGIDO_ANCLA_OBSERVADO,4.041468665445127,10.297509119964698,3.1280202272597855,720.0,OK_CALIBRADO
2026-10-09,NAUTA,10.0,2026-10-08,2026-12-24,90,77,7.209899206061581,5.20338967971709,7.209899206061581,5.28,8.330417512981231,2.602399206061581,11.81739920606158,HIBRIDO_ANALOGO_CLIM,ANALOGO_ESTADO_V2_CONFORMAL,30,10,2.5260791247754693,OK_ANALOGOS_CONTINUIDAD_CORREGIDA,-0.36941751298123027,0.36941751298123027,0.0,CORREGIDO_ANCLA_OBSERVADO,4.081878978801796,10.337919433321368,3.1280202272597855,720.0,OK_CALIBRADO
2026-10-09,NAUTA,10.0,2026-10-08,2026-12-25,90,78,7.271998520643765,5.218891820588473,7.271998520643765,5.28,8.377517512981228,2.5829985206437653,11.960998520643763,HIBRIDO_ANALOGO_CLIM,ANALOGO_ESTADO_V2_CONFORMAL,30,10,2.5260791247754693,OK_ANALOGOS_CONTINUIDAD_CORREGIDA,-0.36941751298123027,0.36941751298123027,0.0,CORREGIDO_ANCLA_OBSERVADO,4.14397829338398,10.400018747903552,3.1280202272597855,720.0,OK_CALIBRADO
2026-10-09,NAUTA,10.0,2026-10-08,2026-12-26,90,79,7.323998463445272,5.215779319217449,7.323998463445272,5.28,8.418137512981229,2.577498463445272,12.070498463445272,HIBRIDO_ANALOGO_CLIM,ANALOGO_ESTADO_V2_CONFORMAL,30,10,2.5260791247754693,OK_ANALOGOS_CONTINUIDAD_CORREGIDA,-0.36941751298123027,0.36941751298123027,0.0,CORREGIDO_ANCLA_OBSERVADO,4.1959782361854865,10.452018690705057,3.1280202272597855,720.0,OK_CALIBRADO
2026-10-09,NAUTA,10.0,2026-10-08,2026-12-27,90,80,7.37417421802158,5.2310476281022815,7.37417421802158,5.28,8.445737512981228,2.5426742180215793,12.205674218021581,HIBRIDO_ANALOGO_CLIM,ANALOGO_ESTADO_V2_CONFORMAL,30,10,2.5260791247754693,OK_ANALOGOS_CONTINUIDAD_CORREGIDA,-0.36941751298123027,0.36941751298123027,0.0,CORREGIDO_ANCLA_OBSERVADO,4.246153990761795,10.502194445281365,3.1280202272597855,720.0,OK_CALIBRADO
2026-10-09,NAUTA,10.0,2026-10-08,2026-12-28,90,81,7.432348631670837,5.289153262795404,7.432348631670837,5.28,8.46425751298123,2.5023486316708365,12.362348631670837,HIBRIDO_ANALOGO_CLIM,ANALOGO_ESTADO_V2_CONFORMAL,30,10,2.5260791247754693,OK_ANALOGOS_CONTINUIDAD_CORREGIDA,-0.36941751298123027,0.36941751298123027,0.0,CORREGIDO_ANCLA_OBSERVADO,4.304328404411051,10.560368858930623,3.1280202272597855,720.0,OK_CALIBRADO
2026-10-09,NAUTA,10.0,2026-10-08,2026-12-29,90,82,7.49307423757655,5.334266116966449,7.49307423757655,5.28,8.493497512981229,2.47807423757655,12.508074237576547,HIBRIDO_ANALOGO_CLIM,ANALOGO_ESTADO_V2_CONFORMAL,30,10,2.5260791247754693,OK_ANALOGOS_CONTINUIDAD_CORREGIDA,-0.36941751298123027,0.36941751298123027,0.0,CORREGIDO_ANCLA_OBSERVADO,4.365054010316764,10.621094464836336,3.1280202272597855,720.0,OK_CALIBRADO
2026-10-09,NAUTA,10.0,2026-10-08,2026-12-30,90,83,7.547379499026435,5.3655607109656795,7.547379499026435,5.28,8.51999751298123,2.423379499026434,12.671379499026436,HIBRIDO_ANALOGO_CLIM,ANALOGO_ESTADO_V2_CONFORMAL,30,10,2.5260791247754693,OK_ANALOGOS_CONTINUIDAD_CORREGIDA,-0.36941751298123027,0.36941751298123027,0.0,CORREGIDO_ANCLA_OBSERVADO,4.419359271766649,10.67539972628622,3.1280202272597855,720.0,OK_CALIBRADO
2026-10-09,NAUTA,10.0,2026-10-08,2026-12-31,90,84,7.620274761747794,5.418021675536443,7.620274761747794,5.28,8.564097512981231,2.457274761747794,12.783274761747794,HIBRIDO_ANALOGO_CLIM,ANALOGO_ESTADO_V2_CONFORMAL,30,10,2.5260791247754693,OK_ANALOGOS_CONTINUIDAD_CORREGIDA,-0.36941751298123027,0.36941751298123027,0.0,CORREGIDO_ANCLA_OBSERVADO,4.4922545344880085,10.74829498900758,3.1280202272597855,720.0,OK_CALIBRADO
2026-10-09,NAUTA,10.0,2026-10-08,2027-01-01,90,85,7.7043233028812255,5.46910824318781,7.7043233028812255,5.28,8.624705974519692,2.6208233028812256,12.787823302881225,HIBRIDO_ANALOGO_CLIM,ANALOGO_ESTADO_V2_CONFORMAL,30,10,2.5260791247754693,OK_ANALOGOS_CONTINUIDAD_CORREGIDA,-0.36941751298123027,0.36941751298123027,0.0,CORREGIDO_ANCLA_OBSERVADO,4.57630307562144,10.83234353014101,3.1280202272597855,720.0,OK_CALIBRADO
2026-10-09,NAUTA,10.0,2026-10-08,2027-01-02,90,86,7.79318621855322,5.565308193280559,7.79318621855322,5.28,8.673975205288922,2.7501862185532193,12.83618621855322,HIBRIDO_ANALOGO_CLIM,ANALOGO_ESTADO_V2_CONFORMAL,30,10,2.5260791247754693,OK_ANALOGOS_CONTINUIDAD_CORREGIDA,-0.36941751298123027,0.36941751298123027,0.0,CORREGIDO_ANCLA_OBSERVADO,4.665165991293435,10.921206445813006,3.1280202272597855,720.0,OK_CALIBRADO
2026-10-09,NAUTA,10.0,2026-10-08,2027-01-03,90,87,7.8892028618928975,5.716171928604074,7.8892028618928975,5.28,8.713455974519693,2.793702861892898,12.984702861892895,HIBRIDO_ANALOGO_CLIM,ANALOGO_ESTADO_V2_CONFORMAL,30,10,2.5260791247754693,OK_ANALOGOS_CONTINUIDAD_CORREGIDA,-0.36941751298123027,0.36941751298123027,0.0,CORREGIDO_ANCLA_OBSERVADO,4.761182634633112,11.017223089152683,3.1280202272597855,720.0,OK_CALIBRADO
2026-10-09,NAUTA,10.0,2026-10-08,2027-01-04,90,88,7.965287306777809,5.807448470487631,7.965287306777809,5.28,8.749955974519693,2.7342873067778086,13.196287306777808,HIBRIDO_ANALOGO_CLIM,ANALOGO_ESTADO_V2_CONFORMAL,30,10,2.5260791247754693,OK_ANALOGOS_CONTINUIDAD_CORREGIDA,-0.36941751298123027,0.36941751298123027,0.0,CORREGIDO_ANCLA_OBSERVADO,4.837267079518024,11.093307534037596,3.1280202272597855,720.0,OK_CALIBRADO
2026-10-09,NAUTA,10.0,2026-10-08,2027-01-05,90,89,8.037751139607252,5.894206489498834,8.037751139607252,5.28,8.78437905144277,2.740751139607252,13.334751139607253,HIBRIDO_ANALOGO_CLIM,ANALOGO_ESTADO_V2_CONFORMAL,30,10,2.5260791247754693,OK_ANALOGOS_CONTINUIDAD_CORREGIDA,-0.36941751298123027,0.36941751298123027,0.0,CORREGIDO_ANCLA_OBSERVADO,4.909730912347467,11.165771366867038,3.1280202272597855,720.0,OK_CALIBRADO
2026-10-09,NAUTA,10.0,2026-10-08,2027-01-06,90,90,8.09957609193313,5.982513367250367,8.09957609193313,5.28,8.805263666827383,2.794576091933129,13.40457609193313,HIBRIDO_ANALOGO_CLIM,ANALOGO_ESTADO_V2_CONFORMAL,30,10,2.5260791247754693,OK_ANALOGOS_CONTINUIDAD_CORREGIDA,-0.36941751298123027,0.36941751298123027,0.0,CORREGIDO_ANCLA_OBSERVADO,4.971555864673345,11.227596319192916,3.1280202272597855,720.0,OK_CALIBRADO
2026-10-09,PUERTO ALEGRIA,1044.0,2026-10-08,2026-10-09,30,1,9.69,9.72924650929574,9.69,9.69,9.572260472112779,9.590199596,9.789800404,HIBRIDO_ANALOGO_CLIM,ANALOGO_ESTADO_V2_CONFORMAL,30,10,2.7896150849556456,OK_ANALOGOS_CONTINUIDAD_CORREGIDA,-0.09052379037484748,0.09052379037484748,0.0,CORREGIDO_ANCLA_OBSERVADO,7.059400334432345,12.320599665567654,2.6305996655676545,240.0,OK_CALIBRADO
2026-10-09,PUERTO ALEGRIA,1044.0,2026-10-08,2026-10-10,30,2,9.669431479462753,9.697842498498952,9.669431479462753,9.69,9.584198422354158,9.444219071462756,9.894643887462752,HIBRIDO_ANALOGO_CLIM,ANALOGO_ESTADO_V2_CONFORMAL,30,10,2.7896150849556456,OK_ANALOGOS_CONTINUIDAD_CORREGIDA,-0.09052379037484748,0.09052379037484748,0.0,CORREGIDO_ANCLA_OBSERVADO,7.038831813895099,12.300031145030408,2.6305996655676545,240.0,OK_CALIBRADO
2026-10-09,PUERTO ALEGRIA,1044.0,2026-10-08,2026-10-11,30,3,9.672546773745298,9.697746194983724,9.672546773745298,9.69,9.59694851003002,9.296031201745297,10.049062345745298,HIBRIDO_ANALOGO_CLIM,ANALOGO_ESTADO_V2_CONFORMAL,30,10,2.7896150849556456,OK_ANALOGOS_CONTINUIDAD_CORREGIDA,-0.09052379037484748,0.09052379037484748,0.0,CORREGIDO_ANCLA_OBSERVADO,7.041947108177643,12.303146439312952,2.6305996655676545,240.0,OK_CALIBRADO
2026-10-09,PUERTO ALEGRIA,1044.0,2026-10-08,2026-10-12,30,4,9.674612673811634,9.698469161584816,9.674612673811634,9.69,9.603043210492089,9.165998297811635,10.183227049811634,HIBRIDO_ANALOGO_CLIM,ANALOGO_ESTADO_V2_CONFORMAL,30,10,2.7896150849556456,OK_ANALOGOS_CONTINUIDAD_CORREGIDA,-0.09052379037484748,0.09052379037484748,0.0,CORREGIDO_ANCLA_OBSERVADO,7.044013008243979,12.305212339379288,2.6305996655676545,240.0,OK_CALIBRADO
2026-10-09,PUERTO ALEGRIA,1044.0,2026-10-08,2026-10-13,30,5,9.685128723660869,9.704711641027474,9.685128723660869,9.69,9.626379971561054,9.045584479660869,10.324672967660868,HIBRIDO_ANALOGO_CLIM,ANALOGO_ESTADO_V2_CONFORMAL,30,10,2.7896150849556456,OK_ANALOGOS_CONTINUIDAD_CORREGIDA,-0.09052379037484748,0.09052379037484748,0.0,CORREGIDO_ANCLA_OBSERVADO,7.054529058093214,12.315728389228523,2.6305996655676545,240.0,OK_CALIBRADO
2026-10-09,PUERTO ALEGRIA,1044.0,2026-10-08,2026-10-14,30,6,9.710817429261498,9.729850458430612,9.710817429261498,9.69,9.653718341754159,8.949588521261498,10.472046337261498,HIBRIDO_ANALOGO_CLIM,ANALOGO_ESTADO_V2_CONFORMAL,30,10,2.7896150849556456,OK_ANALOGOS_CONTINUIDAD_CORREGIDA,-0.09052379037484748,0.09052379037484748,0.0,CORREGIDO_ANCLA_OBSERVADO,7.0802177636938435,12.341417094829152,2.6305996655676545,240.0,OK_CALIBRADO
2026-10-09,PUERTO ALEGRIA,1044.0,2026-10-08,2026-10-15,30,7,9.750327595456762,9.766687434047284,9.750327595456762,9.69,9.701248079685191,8.888412455456763,10.61224273545676,HIBRIDO_ANALOGO_CLIM,ANALOGO_ESTADO_V2_CONFORMAL,30,10,2.7896150849556456,OK_ANALOGOS_CONTINUIDAD_CORREGIDA,-0.09052379037484748,0.09052379037484748,0.0,CORREGIDO_ANCLA_OBSERVADO,7.119727929889107,12.380927261024416,2.6305996655676545,240.0,OK_CALIBRADO
2026-10-09,PUERTO ALEGRIA,1044.0,2026-10-08,2026-10-16,30,8,9.807353503430875,9.822578756978286,9.807353503430875,9.69,9.761677742788642,8.810028791430875,10.804678215430876,HIBRIDO_ANALOGO_CLIM,ANALOGO_ESTADO_V2_CONFORMAL,30,10,2.7896150849556456,OK_ANALOGOS_CONTINUIDAD_CORREGIDA,-0.09052379037484748,0.09052379037484748,0.0,CORREGIDO_ANCLA_OBSERVADO,7.17675383786322,12.43795316899853,2.6305996655676545,240.0,OK_CALIBRADO
2026-10-09,PUERTO ALEGRIA,1044.0,2026-10-08,2026-10-17,30,9,9.87289421473999,9.887410477973198,9.87289421473999,9.69,9.829345425040366,8.76320463073999,10.98258379873999,HIBRIDO_ANALOGO_CLIM,ANALOGO_ESTADO_V2_CONFORMAL,30,10,2.7896150849556456,OK_ANALOGOS_CONTINUIDAD_CORREGIDA,-0.09052379037484748,0.09052379037484748,0.0,CORREGIDO_ANCLA_OBSERVADO,7.242294549172335,12.503493880307644,2.6305996655676545,240.0,OK_CALIBRADO
2026-10-09,PUERTO ALEGRIA,1044.0,2026-10-08,2026-10-18,30,10,9.944693453375224,9.958486863192592,9.944693453375224,9.69,9.903313223923123,8.744255853375224,11.145131053375225,HIBRIDO_ANALOGO_CLIM,ANALOGO_ESTADO_V2_CONFORMAL,30,10,2.7896150849556456,OK_ANALOGOS_CONTINUIDAD_CORREGIDA,-0.09052379037484748,0.09052379037484748,0.0,CORREGIDO_ANCLA_OBSERVADO,7.31409378780757,12.575293118942879,2.6305996655676545,240.0,OK_CALIBRADO
2026-10-09,PUERTO ALEGRIA,1044.0,2026-10-08,2026-10-19,30,11,10.016793856094008,10.033600647014188,10.016793856094008,9.69,9.966373483333468,8.766985144094008,11.266602568094008,HIBRIDO_ANALOGO_CLIM,ANALOGO_ESTADO_V2_CONFORMAL,30,10,2.7896150849556456,OK_ANALOGOS_CONTINUIDAD_CORREGIDA,-0.09052379037484748,0.09052379037484748,0.0,CORREGIDO_ANCLA_OBSERVADO,7.3861941905263535,12.647393521661662,2.6305996655676545,240.0,OK_CALIBRADO
2026-10-09,PUERTO ALEGRIA,1044.0,2026-10-08,2026-10-20,30,12,10.089204815244292,10.115642093620314,10.089204815244292,9.69,10.009892980116227,8.825082968619293,11.353326661869291,HIBRIDO_ANALOGO_CLIM,ANALOGO_ESTADO_V2_CONFORMAL,30,10,2.7896150849556456,OK_ANALOGOS_CONTINUIDAD_CORREGIDA,-0.09052379037484748,0.09052379037484748,0.0,CORREGIDO_ANCLA_OBSERVADO,7.458605149676638,12.719804480811947,2.6305996655676545,240.0,OK_CALIBRADO
2026-10-09,PUERTO ALEGRIA,1044.0,2026-10-08,2026-10-21,30,13,10.151045221681423,10.187473284204305,10.151045221681423,9.69,10.04176103411278,8.826869605681425,11.475220837681423,HIBRIDO_ANALOGO_CLIM,ANALOGO_ESTADO_V2_CONFORMAL,30,10,2.7896150849556456,OK_ANALOGOS_CONTINUIDAD_CORREGIDA,-0.09052379037484748,0.09052379037484748,0.0,CORREGIDO_ANCLA_OBSERVADO,7.520445556113769,12.781644887249078,2.6305996655676545,240.0,OK_CALIBRADO
2026-10-09,PUERTO ALEGRIA,1044.0,2026-10-08,2026-10-22,30,14,10.215544441655325,10.25845781046376,10.215544441655325,9.69,10.08680433523002,8.850657217030326,11.580431666280324,HIBRIDO_ANALOGO_CLIM,ANALOGO_ESTADO_V2_CONFORMAL,30,10,2.7896150849556456,OK_ANALOGOS_CONTINUIDAD_CORREGIDA,-0.09052379037484748,0.09052379037484748,0.0,CORREGIDO_ANCLA_OBSERVADO,7.584944776087671,12.84614410722298,2.6305996655676545,240.0,OK_CALIBRADO
2026-10-09,PUERTO ALEGRIA,1044.0,2026-10-08,2026-10-23,30,15,10.284898293322948,10.33727491625967,10.284898293322948,9.69,10.127768424512778,8.82241394932295,11.747382637322948,HIBRIDO_ANALOGO_CLIM,ANALOGO_ESTADO_V2_CONFORMAL,30,10,2.7896150849556456,OK_ANALOGOS_CONTINUIDAD_CORREGIDA,-0.09052379037484748,0.09052379037484748,0.0,CORREGIDO_ANCLA_OBSERVADO,7.654298627755294,12.915497958890603,2.6305996655676545,240.0,OK_CALIBRADO
2026-10-09,PUERTO ALEGRIA,1044.0,2026-10-08,2026-10-24,30,16,10.352168498948053,10.412388143271306,10.352168498948053,9.69,10.171509565978296,8.735571866323054,11.968765131573054,HIBRIDO_ANALOGO_CLIM,ANALOGO_ESTADO_V2_CONFORMAL,30,10,2.7896150849556456,OK_ANALOGOS_CONTINUIDAD_CORREGIDA,-0.09052379037484748,0.09052379037484748,0.0,CORREGIDO_ANCLA_OBSERVADO,7.721568833380399,12.982768164515708,2.6305996655676545,240.0,OK_CALIBRADO
2026-10-09,PUERTO ALEGRIA,1044.0,2026-10-08,2026-10-25,30,17,10.445359062644352,10.520947530700854,10.445359062644352,9.69,10.218593658474848,8.606797438644353,12.283920686644352,HIBRIDO_ANALOGO_CLIM,ANALOGO_ESTADO_V2_CONFORMAL,30,10,2.7896150849556456,OK_ANALOGOS_CONTINUIDAD_CORREGIDA,-0.09052379037484748,0.09052379037484748,0.0,CORREGIDO_ANCLA_OBSERVADO,7.814759397076697,13.075958728212006,2.6305996655676545,240.0,OK_CALIBRADO
2026-10-09,PUERTO ALEGRIA,1044.0,2026-10-08,2026-10-26,30,18,10.556054737224777,10.652376945423029,10.556054737224777,9.69,10.26708811263002,8.460357701224776,12.651751773224776,HIBRIDO_ANALOGO_CLIM,ANALOGO_ESTADO_V2_CONFORMAL,30,10,2.7896150849556456,OK_ANALOGOS_CONTINUIDAD_CORREGIDA,-0.09052379037484748,0.09052379037484748,0.0,CORREGIDO_ANCLA_OBSERVADO,7.925455071657122,13.186654402792431,2.6305996655676545,240.0,OK_CALIBRADO
2026-10-09,PUERTO ALEGRIA,1044.0,2026-10-08,2026-10-27,30,19,10.674767687536006,10.798155055665589,10.674767687536006,9.69,10.30460558314726,8.360328171536008,12.989207203536006,HIBRIDO_ANALOGO_CLIM,ANALOGO_ESTADO_V2_CONFORMAL,30,10,2.7896150849556456,OK_ANALOGOS_CONTINUIDAD_CORREGIDA,-0.09052379037484748,0.09052379037484748,0.0,CORREGIDO_ANCLA_OBSERVADO,8.044168021968352,13.30536735310366,2.6305996655676545,240.0,OK_CALIBRADO
2026-10-09,PUERTO ALEGRIA,1044.0,2026-10-08,2026-10-28,30,20,10.785458275136405,10.93536464542129,10.785458275136405,9.69,10.335739164281746,8.294564775136406,13.276351775136405,HIBRIDO_ANALOGO_CLIM,ANALOGO_ESTADO_V2_CONFORMAL,30,10,2.7896150849556456,OK_ANALOGOS_CONTINUIDAD_CORREGIDA,-0.09052379037484748,0.09052379037484748,0.0,CORREGIDO_ANCLA_OBSERVADO,8.15485860956875,13.416057940704059,2.6305996655676545,240.0,OK_CALIBRADO
2026-10-09,PUERTO ALEGRIA,1044.0,2026-10-08,2026-10-29,30,21,10.880503352594939,11.049871466203935,10.880503352594939,9.69,10.37239901176795,8.265234479969939,13.49577222521994,HIBRIDO_ANALOGO_CLIM,ANALOGO_ESTADO_V2_CONFORMAL,30,10,2.7896150849556456,OK_ANALOGOS_CONTINUIDAD_CORREGIDA,-0.09052379037484748,0.09052379037484748,0.0,CORREGIDO_ANCLA_OBSERVADO,8.249903687027285,13.511103018162594,2.6305996655676545,240.0,OK_CALIBRADO
2026-10-09,PUERTO ALEGRIA,1044.0,2026-10-08,2026-10-30,30,22,10.977418412409474,11.165026290222166,10.977418412409474,9.69,10.414594778971399,8.319816944409475,13.635019880409475,HIBRIDO_ANALOGO_CLIM,ANALOGO_ESTADO_V2_CONFORMAL,30,10,2.7896150849556456,OK_ANALOGOS_CONTINUIDAD_CORREGIDA,-0.09052379037484748,0.09052379037484748,0.0,CORREGIDO_ANCLA_OBSERVADO,8.34681874684182,13.608018077977128,2.6305996655676545,240.0,OK_CALIBRADO
2026-10-09,PUERTO ALEGRIA,1044.0,2026-10-08,2026-10-31,30,23,11.084317622291465,11.29193803654758,11.084317622291465,9.69,10.461456379523122,8.391099868666466,13.777535375916464,HIBRIDO_ANALOGO_CLIM,ANALOGO_ESTADO_V2_CONFORMAL,30,10,2.7896150849556456,OK_ANALOGOS_CONTINUIDAD_CORREGIDA,-0.09052379037484748,0.09052379037484748,0.0,CORREGIDO_ANCLA_OBSERVADO,8.45371795672381,13.71491728785912,2.6305996655676545,240.0,OK_CALIBRADO
2026-10-09,PUERTO ALEGRIA,1044.0,2026-10-08,2026-11-01,30,24,11.197881533871506,11.428370745066944,11.197881533871506,9.69,10.506413900285192,8.466673833226507,13.929089234516507,HIBRIDO_ANALOGO_CLIM,ANALOGO_ESTADO_V2_CONFORMAL,30,10,2.7896150849556456,OK_ANALOGOS_CONTINUIDAD_CORREGIDA,-0.09052379037484748,0.09052379037484748,0.0,CORREGIDO_ANCLA_OBSERVADO,8.567281868303851,13.82848119943916,2.6305996655676545,240.0,OK_CALIBRADO
2026-10-09,PUERTO ALEGRIA,1044.0,2026-10-08,2026-11-02,30,25,11.286289198180631,11.529122322736582,11.286289198180631,9.69,10.55778982451278,8.439078090180631,14.13350030618063,HIBRIDO_ANALOGO_CLIM,ANALOGO_ESTADO_V2_CONFORMAL,30,10,2.7896150849556456,OK_ANALOGOS_CONTINUIDAD_CORREGIDA,-0.09052379037484748,0.09052379037484748,0.0,CORREGIDO_ANCLA_OBSERVADO,8.655689532612977,13.916888863748285,2.6305996655676545,240.0,OK_CALIBRADO
2026-10-09,PUERTO ALEGRIA,1044.0,2026-10-08,2026-11-03,30,26,11.361587162797766,11.613388164410003,11.361587162797766,9.69,10.606184157961053,8.378231518797767,14.344942806797766,HIBRIDO_ANALOGO_CLIM,ANALOGO_ESTADO_V2_CONFORMAL,30,10,2.7896150849556456,OK_ANALOGOS_CONTINUIDAD_CORREGIDA,-0.09052379037484748,0.09052379037484748,0.0,CORREGIDO_ANCLA_OBSERVADO,8.730987497230112,13.992186828365421,2.6305996655676545,240.0,OK_CALIBRADO
2026-10-09,PUERTO ALEGRIA,1044.0,2026-10-08,2026-11-04,30,27,11.415783080279676,11.67246266295025,11.415783080279676,9.69,10.645744332267952,8.321422468279676,14.510143692279675,HIBRIDO_ANALOGO_CLIM,ANALOGO_ESTADO_V2_CONFORMAL,30,10,2.7896150849556456,OK_ANALOGOS_CONTINUIDAD_CORREGIDA,-0.09052379037484748,0.09052379037484748,0.0,CORREGIDO_ANCLA_OBSERVADO,8.785183414712021,14.04638274584733,2.6305996655676545,240.0,OK_CALIBRADO
2026-10-09,PUERTO ALEGRIA,1044.0,2026-10-08,2026-11-05,30,28,11.446325794396579,11.701308376445201,11.446325794396579,9.69,10.68137804825071,8.34544363839658,14.547207950396578,HIBRIDO_ANALOGO_CLIM,ANALOGO_ESTADO_V2_CONFORMAL,30,10,2.7896150849556456,OK_ANALOGOS_CONTINUIDAD_CORREGIDA,-0.09052379037484748,0.09052379037484748,0.0,CORREGIDO_ANCLA_OBSERVADO,8.815726128828924,14.076925459964233,2.6305996655676545,240.0,OK_CALIBRADO
2026-10-09,PUERTO ALEGRIA,1044.0,2026-10-08,2026-11-06,30,29,11.47861884624094,11.72583693644343,11.47861884624094,9.69,10.736964575633468,8.296248970340939,14.660988722140939,HIBRIDO_ANALOGO_CLIM,ANALOGO_ESTADO_V2_CONFORMAL,30,10,2.7896150849556456,OK_ANALOGOS_CONTINUIDAD_CORREGIDA,-0.09052379037484748,0.09052379037484748,0.0,CORREGIDO_ANCLA_OBSERVADO,8.848019180673285,14.109218511808594,2.6305996655676545,240.0,OK_CALIBRADO
2026-10-09,PUERTO ALEGRIA,1044.0,2026-10-08,2026-11-07,30,30,11.514932807885522,11.753910896535057,11.514932807885522,9.69,10.797998541936916,8.171849268365522,14.85801634740552,HIBRIDO_ANALOGO_CLIM,ANALOGO_ESTADO_V2_CONFORMAL,30,10,2.7896150849556456,OK_ANALOGOS_CONTINUIDAD_CORREGIDA,-0.09052379037484748,0.09052379037484748,0.0,CORREGIDO_ANCLA_OBSERVADO,8.884333142317868,14.145532473453176,2.6305996655676545,240.0,OK_CALIBRADO
2026-10-09,PUERTO ALEGRIA,1044.0,2026-10-08,2026-10-09,60,1,9.69,9.72924650929574,9.69,9.69,9.572260472112779,9.590199596,9.789800404,HIBRIDO_ANALOGO_CLIM,ANALOGO_ESTADO_V2_CONFORMAL,30,10,2.7896150849556456,OK_ANALOGOS_CONTINUIDAD_CORREGIDA,-0.09052379037484748,0.09052379037484748,0.0,CORREGIDO_ANCLA_OBSERVADO,6.8927217712851725,12.487278228714827,2.797278228714827,480.0,OK_CALIBRADO
2026-10-09,PUERTO ALEGRIA,1044.0,2026-10-08,2026-10-10,60,2,9.669431479462753,9.697842498498952,9.669431479462753,9.69,9.584198422354158,9.444219071462756,9.894643887462752,HIBRIDO_ANALOGO_CLIM,ANALOGO_ESTADO_V2_CONFORMAL,30,10,2.7896150849556456,OK_ANALOGOS_CONTINUIDAD_CORREGIDA,-0.09052379037484748,0.09052379037484748,0.0,CORREGIDO_ANCLA_OBSERVADO,6.872153250747926,12.46670970817758,2.797278228714827,480.0,OK_CALIBRADO
2026-10-09,PUERTO ALEGRIA,1044.0,2026-10-08,2026-10-11,60,3,9.672546773745298,9.697746194983724,9.672546773745298,9.69,9.59694851003002,9.296031201745297,10.049062345745298,HIBRIDO_ANALOGO_CLIM,ANALOGO_ESTADO_V2_CONFORMAL,30,10,2.7896150849556456,OK_ANALOGOS_CONTINUIDAD_CORREGIDA,-0.09052379037484748,0.09052379037484748,0.0,CORREGIDO_ANCLA_OBSERVADO,6.875268545030471,12.469825002460125,2.797278228714827,480.0,OK_CALIBRADO
2026-10-09,PUERTO ALEGRIA,1044.0,2026-10-08,2026-10-12,60,4,9.674612673811634,9.698469161584816,9.674612673811634,9.69,9.603043210492089,9.165998297811635,10.183227049811634,HIBRIDO_ANALOGO_CLIM,ANALOGO_ESTADO_V2_CONFORMAL,30,10,2.7896150849556456,OK_ANALOGOS_CONTINUIDAD_CORREGIDA,-0.09052379037484748,0.09052379037484748,0.0,CORREGIDO_ANCLA_OBSERVADO,6.877334445096807,12.47189090252646,2.797278228714827,480.0,OK_CALIBRADO
2026-10-09,PUERTO ALEGRIA,1044.0,2026-10-08,2026-10-13,60,5,9.685128723660869,9.704711641027474,9.685128723660869,9.69,9.626379971561054,9.045584479660869,10.324672967660868,HIBRIDO_ANALOGO_CLIM,ANALOGO_ESTADO_V2_CONFORMAL,30,10,2.7896150849556456,OK_ANALOGOS_CONTINUIDAD_CORREGIDA,-0.09052379037484748,0.09052379037484748,0.0,CORREGIDO_ANCLA_OBSERVADO,6.887850494946042,12.482406952375696,2.797278228714827,480.0,OK_CALIBRADO
2026-10-09,PUERTO ALEGRIA,1044.0,2026-10-08,2026-10-14,60,6,9.710817429261498,9.729850458430612,9.710817429261498,9.69,9.653718341754159,8.949588521261498,10.472046337261498,HIBRIDO_ANALOGO_CLIM,ANALOGO_ESTADO_V2_CONFORMAL,30,10,2.7896150849556456,OK_ANALOGOS_CONTINUIDAD_CORREGIDA,-0.09052379037484748,0.09052379037484748,0.0,CORREGIDO_ANCLA_OBSERVADO,6.913539200546671,12.508095657976325,2.797278228714827,480.0,OK_CALIBRADO
2026-10-09,PUERTO ALEGRIA,1044.0,2026-10-08,2026-10-15,60,7,9.750327595456762,9.766687434047284,9.750327595456762,9.69,9.701248079685191,8.888412455456763,10.61224273545676,HIBRIDO_ANALOGO_CLIM,ANALOGO_ESTADO_V2_CONFORMAL,30,10,2.7896150849556456,OK_ANALOGOS_CONTINUIDAD_CORREGIDA,-0.09052379037484748,0.09052379037484748,0.0,CORREGIDO_ANCLA_OBSERVADO,6.953049366741935,12.547605824171589,2.797278228714827,480.0,OK_CALIBRADO
2026-10-09,PUERTO ALEGRIA,1044.0,2026-10-08,2026-10-16,60,8,9.807353503430875,9.822578756978286,9.807353503430875,9.69,9.761677742788642,8.810028791430875,10.804678215430876,HIBRIDO_ANALOGO_CLIM,ANALOGO_ESTADO_V2_CONFORMAL,30,10,2.7896150849556456,OK_ANALOGOS_CONTINUIDAD_CORREGIDA,-0.09052379037484748,0.09052379037484748,0.0,CORREGIDO_ANCLA_OBSERVADO,7.010075274716048,12.604631732145702,2.797278228714827,480.0,OK_CALIBRADO
2026-10-09,PUERTO ALEGRIA,1044.0,2026-10-08,2026-10-17,60,9,9.87289421473999,9.887410477973198,9.87289421473999,9.69,9.829345425040366,8.76320463073999,10.98258379873999,HIBRIDO_ANALOGO_CLIM,ANALOGO_ESTADO_V2_CONFORMAL,30,10,2.7896150849556456,OK_ANALOGOS_CONTINUIDAD_CORREGIDA,-0.09052379037484748,0.09052379037484748,0.0,CORREGIDO_ANCLA_OBSERVADO,7.075615986025163,12.670172443454817,2.797278228714827,480.0,OK_CALIBRADO
2026-10-09,PUERTO ALEGRIA,1044.0,2026-10-08,2026-10-18,60,10,9.944693453375224,9.958486863192592,9.944693453375224,9.69,9.903313223923123,8.744255853375224,11.145131053375225,HIBRIDO_ANALOGO_CLIM,ANALOGO_ESTADO_V2_CONFORMAL,30,10,2.7896150849556456,OK_ANALOGOS_CONTINUIDAD_CORREGIDA,-0.09052379037484748,0.09052379037484748,0.0,CORREGIDO_ANCLA_OBSERVADO,7.1474152246603975,12.741971682090051,2.797278228714827,480.0,OK_CALIBRADO
2026-10-09,PUERTO ALEGRIA,1044.0,2026-10-08,2026-10-19,60,11,10.016793856094008,10.033600647014188,10.016793856094008,9.69,9.966373483333468,8.766985144094008,11.266602568094008,HIBRIDO_ANALOGO_CLIM,ANALOGO_ESTADO_V2_CONFORMAL,30,10,2.7896150849556456,OK_ANALOGOS_CONTINUIDAD_CORREGIDA,-0.09052379037484748,0.09052379037484748,0.0,CORREGIDO_ANCLA_OBSERVADO,7.219515627379181,12.814072084808835,2.797278228714827,480.0,OK_CALIBRADO
2026-10-09,PUERTO ALEGRIA,1044.0,2026-10-08,2026-10-20,60,12,10.089204815244292,10.115642093620314,10.089204815244292,9.69,10.009892980116227,8.825082968619293,11.353326661869291,HIBRIDO_ANALOGO_CLIM,ANALOGO_ESTADO_V2_CONFORMAL,30,10,2.7896150849556456,OK_ANALOGOS_CONTINUIDAD_CORREGIDA,-0.09052379037484748,0.09052379037484748,0.0,CORREGIDO_ANCLA_OBSERVADO,7.291926586529465,12.88648304395912,2.797278228714827,480.0,OK_CALIBRADO
2026-10-09,PUERTO ALEGRIA,1044.0,2026-10-08,2026-10-21,60,13,10.151045221681423,10.187473284204305,10.151045221681423,9.69,10.04176103411278,8.826869605681425,11.475220837681423,HIBRIDO_ANALOGO_CLIM,ANALOGO_ESTADO_V2_CONFORMAL,30,10,2.7896150849556456,OK_ANALOGOS_CONTINUIDAD_CORREGIDA,-0.09052379037484748,0.09052379037484748,0.0,CORREGIDO_ANCLA_OBSERVADO,7.353766992966596,12.94832345039625,2.797278228714827,480.0,OK_CALIBRADO
2026-10-09,PUERTO ALEGRIA,1044.0,2026-10-08,2026-10-22,60,14,10.215544441655325,10.25845781046376,10.215544441655325,9.69,10.08680433523002,8.850657217030326,11.580431666280324,HIBRIDO_ANALOGO_CLIM,ANALOGO_ESTADO_V2_CONFORMAL,30,10,2.7896150849556456,OK_ANALOGOS_CONTINUIDAD_CORREGIDA,-0.09052379037484748,0.09052379037484748,0.0,CORREGIDO_ANCLA_OBSERVADO,7.418266212940498,13.012822670370152,2.797278228714827,480.0,OK_CALIBRADO
2026-10-09,PUERTO ALEGRIA,1044.0,2026-10-08,2026-10-23,60,15,10.284898293322948,10.33727491625967,10.284898293322948,9.69,10.127768424512778,8.82241394932295,11.747382637322948,HIBRIDO_ANALOGO_CLIM,ANALOGO_ESTADO_V2_CONFORMAL,30,10,2.7896150849556456,OK_ANALOGOS_CONTINUIDAD_CORREGIDA,-0.09052379037484748,0.09052379037484748,0.0,CORREGIDO_ANCLA_OBSERVADO,7.487620064608121,13.082176522037775,2.797278228714827,480.0,OK_CALIBRADO
2026-10-09,PUERTO ALEGRIA,1044.0,2026-10-08,2026-10-24,60,16,10.352168498948053,10.412388143271306,10.352168498948053,9.69,10.171509565978296,8.735571866323054,11.968765131573054,HIBRIDO_ANALOGO_CLIM,ANALOGO_ESTADO_V2_CONFORMAL,30,10,2.7896150849556456,OK_ANALOGOS_CONTINUIDAD_CORREGIDA,-0.09052379037484748,0.09052379037484748,0.0,CORREGIDO_ANCLA_OBSERVADO,7.554890270233226,13.14944672766288,2.797278228714827,480.0,OK_CALIBRADO
2026-10-09,PUERTO ALEGRIA,1044.0,2026-10-08,2026-10-25,60,17,10.445359062644352,10.520947530700854,10.445359062644352,9.69,10.218593658474848,8.606797438644353,12.283920686644352,HIBRIDO_ANALOGO_CLIM,ANALOGO_ESTADO_V2_CONFORMAL,30,10,2.7896150849556456,OK_ANALOGOS_CONTINUIDAD_CORREGIDA,-0.09052379037484748,0.09052379037484748,0.0,CORREGIDO_ANCLA_OBSERVADO,7.648080833929525,13.242637291359179,2.797278228714827,480.0,OK_CALIBRADO
2026-10-09,PUERTO ALEGRIA,1044.0,2026-10-08,2026-10-26,60,18,10.556054737224777,10.652376945423029,10.556054737224777,9.69,10.26708811263002,8.460357701224776,12.651751773224776,HIBRIDO_ANALOGO_CLIM,ANALOGO_ESTADO_V2_CONFORMAL,30,10,2.7896150849556456,OK_ANALOGOS_CONTINUIDAD_CORREGIDA,-0.09052379037484748,0.09052379037484748,0.0,CORREGIDO_ANCLA_OBSERVADO,7.75877650850995,13.353332965939604,2.797278228714827,480.0,OK_CALIBRADO
2026-10-09,PUERTO ALEGRIA,1044.0,2026-10-08,2026-10-27,60,19,10.674767687536006,10.798155055665589,10.674767687536006,9.69,10.30460558314726,8.360328171536008,12.989207203536006,HIBRIDO_ANALOGO_CLIM,ANALOGO_ESTADO_V2_CONFORMAL,30,10,2.7896150849556456,OK_ANALOGOS_CONTINUIDAD_CORREGIDA,-0.09052379037484748,0.09052379037484748,0.0,CORREGIDO_ANCLA_OBSERVADO,7.877489458821179,13.472045916250833,2.797278228714827,480.0,OK_CALIBRADO
2026-10-09,PUERTO ALEGRIA,1044.0,2026-10-08,2026-10-28,60,20,10.785458275136405,10.93536464542129,10.785458275136405,9.69,10.335739164281746,8.294564775136406,13.276351775136405,HIBRIDO_ANALOGO_CLIM,ANALOGO_ESTADO_V2_CONFORMAL,30,10,2.7896150849556456,OK_ANALOGOS_CONTINUIDAD_CORREGIDA,-0.09052379037484748,0.09052379037484748,0.0,CORREGIDO_ANCLA_OBSERVADO,7.9881800464215775,13.582736503851232,2.797278228714827,480.0,OK_CALIBRADO
2026-10-09,PUERTO ALEGRIA,1044.0,2026-10-08,2026-10-29,60,21,10.880503352594939,11.049871466203935,10.880503352594939,9.69,10.37239901176795,8.265234479969939,13.49577222521994,HIBRIDO_ANALOGO_CLIM,ANALOGO_ESTADO_V2_CONFORMAL,30,10,2.7896150849556456,OK_ANALOGOS_CONTINUIDAD_CORREGIDA,-0.09052379037484748,0.09052379037484748,0.0,CORREGIDO_ANCLA_OBSERVADO,8.083225123880112,13.677781581309766,2.797278228714827,480.0,OK_CALIBRADO
2026-10-09,PUERTO ALEGRIA,1044.0,2026-10-08,2026-10-30,60,22,10.977418412409474,11.165026290222166,10.977418412409474,9.69,10.414594778971399,8.319816944409475,13.635019880409475,HIBRIDO_ANALOGO_CLIM,ANALOGO_ESTADO_V2_CONFORMAL,30,10,2.7896150849556456,OK_ANALOGOS_CONTINUIDAD_CORREGIDA,-0.09052379037484748,0.09052379037484748,0.0,CORREGIDO_ANCLA_OBSERVADO,8.180140183694647,13.7746966411243,2.797278228714827,480.0,OK_CALIBRADO
2026-10-09,PUERTO ALEGRIA,1044.0,2026-10-08,2026-10-31,60,23,11.084317622291465,11.29193803654758,11.084317622291465,9.69,10.461456379523122,8.391099868666466,13.777535375916464,HIBRIDO_ANALOGO_CLIM,ANALOGO_ESTADO_V2_CONFORMAL,30,10,2.7896150849556456,OK_ANALOGOS_CONTINUIDAD_CORREGIDA,-0.09052379037484748,0.09052379037484748,0.0,CORREGIDO_ANCLA_OBSERVADO,8.287039393576638,13.881595851006292,2.797278228714827,480.0,OK_CALIBRADO
2026-10-09,PUERTO ALEGRIA,1044.0,2026-10-08,2026-11-01,60,24,11.197881533871506,11.428370745066944,11.197881533871506,9.69,10.506413900285192,8.466673833226507,13.929089234516507,HIBRIDO_ANALOGO_CLIM,ANALOGO_ESTADO_V2_CONFORMAL,30,10,2.7896150849556456,OK_ANALOGOS_CONTINUIDAD_CORREGIDA,-0.09052379037484748,0.09052379037484748,0.0,CORREGIDO_ANCLA_OBSERVADO,8.400603305156679,13.995159762586333,2.797278228714827,480.0,OK_CALIBRADO
2026-10-09,PUERTO ALEGRIA,1044.0,2026-10-08,2026-11-02,60,25,11.286289198180631,11.529122322736582,11.286289198180631,9.69,10.55778982451278,8.439078090180631,14.13350030618063,HIBRIDO_ANALOGO_CLIM,ANALOGO_ESTADO_V2_CONFORMAL,30,10,2.7896150849556456,OK_ANALOGOS_CONTINUIDAD_CORREGIDA,-0.09052379037484748,0.09052379037484748,0.0,CORREGIDO_ANCLA_OBSERVADO,8.489010969465804,14.083567426895458,2.797278228714827,480.0,OK_CALIBRADO
2026-10-09,PUERTO ALEGRIA,1044.0,2026-10-08,2026-11-03,60,26,11.361587162797766,11.613388164410003,11.361587162797766,9.69,10.606184157961053,8.378231518797767,14.344942806797766,HIBRIDO_ANALOGO_CLIM,ANALOGO_ESTADO_V2_CONFORMAL,30,10,2.7896150849556456,OK_ANALOGOS_CONTINUIDAD_CORREGIDA,-0.09052379037484748,0.09052379037484748,0.0,CORREGIDO_ANCLA_OBSERVADO,8.56430893408294,14.158865391512593,2.797278228714827,480.0,OK_CALIBRADO
2026-10-09,PUERTO ALEGRIA,1044.0,2026-10-08,2026-11-04,60,27,11.415783080279676,11.67246266295025,11.415783080279676,9.69,10.645744332267952,8.321422468279676,14.510143692279675,HIBRIDO_ANALOGO_CLIM,ANALOGO_ESTADO_V2_CONFORMAL,30,10,2.7896150849556456,OK_ANALOGOS_CONTINUIDAD_CORREGIDA,-0.09052379037484748,0.09052379037484748,0.0,CORREGIDO_ANCLA_OBSERVADO,8.618504851564849,14.213061308994503,2.797278228714827,480.0,OK_CALIBRADO
2026-10-09,PUERTO ALEGRIA,1044.0,2026-10-08,2026-11-05,60,28,11.446325794396579,11.701308376445201,11.446325794396579,9.69,10.68137804825071,8.34544363839658,14.547207950396578,HIBRIDO_ANALOGO_CLIM,ANALOGO_ESTADO_V2_CONFORMAL,30,10,2.7896150849556456,OK_ANALOGOS_CONTINUIDAD_CORREGIDA,-0.09052379037484748,0.09052379037484748,0.0,CORREGIDO_ANCLA_OBSERVADO,8.649047565681752,14.243604023111406,2.797278228714827,480.0,OK_CALIBRADO
2026-10-09,PUERTO ALEGRIA,1044.0,2026-10-08,2026-11-06,60,29,11.47861884624094,11.72583693644343,11.47861884624094,9.69,10.736964575633468,8.296248970340939,14.660988722140939,HIBRIDO_ANALOGO_CLIM,ANALOGO_ESTADO_V2_CONFORMAL,30,10,2.7896150849556456,OK_ANALOGOS_CONTINUIDAD_CORREGIDA,-0.09052379037484748,0.09052379037484748,0.0,CORREGIDO_ANCLA_OBSERVADO,8.681340617526113,14.275897074955767,2.797278228714827,480.0,OK_CALIBRADO
2026-10-09,PUERTO ALEGRIA,1044.0,2026-10-08,2026-11-07,60,30,11.514932807885522,11.753910896535057,11.514932807885522,9.69,10.797998541936916,8.171849268365522,14.85801634740552,HIBRIDO_ANALOGO_CLIM,ANALOGO_ESTADO_V2_CONFORMAL,30,10,2.7896150849556456,OK_ANALOGOS_CONTINUIDAD_CORREGIDA,-0.09052379037484748,0.09052379037484748,0.0,CORREGIDO_ANCLA_OBSERVADO,8.717654579170695,14.312211036600349,2.797278228714827,480.0,OK_CALIBRADO
2026-10-09,PUERTO ALEGRIA,1044.0,2026-10-08,2026-11-08,60,31,11.560074884713748,11.800225992520902,11.560074884713748,9.69,10.87060880100933,8.078120739913746,15.042029029513747,HIBRIDO_ANALOGO_CLIM,ANALOGO_ESTADO_V2_CONFORMAL,30,10,2.7896150849556456,OK_ANALOGOS_CONTINUIDAD_CORREGIDA,-0.09052379037484748,0.09052379037484748,0.0,CORREGIDO_ANCLA_OBSERVADO,8.76279665599892,14.357353113428575,2.797278228714827,480.0,OK_CALIBRADO
2026-10-09,PUERTO ALEGRIA,1044.0,2026-10-08,2026-11-09,60,32,11.60285109452486,11.839595394260915,11.60285109452486,9.69,10.95180427025071,8.051143833244861,15.15455835580486,HIBRIDO_ANALOGO_CLIM,ANALOGO_ESTADO_V2_CONFORMAL,30,10,2.7896150849556456,OK_ANALOGOS_CONTINUIDAD_CORREGIDA,-0.09052379037484748,0.09052379037484748,0.0,CORREGIDO_ANCLA_OBSERVADO,8.805572865810033,14.400129323239687,2.797278228714827,480.0,OK_CALIBRADO
2026-10-09,PUERTO ALEGRIA,1044.0,2026-10-08,2026-11-10,60,33,11.649701720796878,11.885747633287043,11.649701720796878,9.69,11.027398860595538,8.043807134496877,15.255596307096878,HIBRIDO_ANALOGO_CLIM,ANALOGO_ESTADO_V2_CONFORMAL,30,10,2.7896150849556456,OK_ANALOGOS_CONTINUIDAD_CORREGIDA,-0.09052379037484748,0.09052379037484748,0.0,CORREGIDO_ANCLA_OBSERVADO,8.852423492082051,14.446979949511705,2.797278228714827,480.0,OK_CALIBRADO
2026-10-09,PUERTO ALEGRIA,1044.0,2026-10-08,2026-11-11,60,34,11.69263555339154,11.92675825003118,11.69263555339154,9.69,11.100442850126571,8.11720023189154,15.268070874891539,HIBRIDO_ANALOGO_CLIM,ANALOGO_ESTADO_V2_CONFORMAL,30,10,2.7896150849556456,OK_ANALOGOS_CONTINUIDAD_CORREGIDA,-0.09052379037484748,0.09052379037484748,0.0,CORREGIDO_ANCLA_OBSERVADO,8.895357324676713,14.489913782106367,2.797278228714827,480.0,OK_CALIBRADO
2026-10-09,PUERTO ALEGRIA,1044.0,2026-10-08,2026-11-12,60,35,11.756272125397269,11.997036850810556,11.756272125397269,9.69,11.17155779225071,7.965777960617269,15.546766290177269,HIBRIDO_ANALOGO_CLIM,ANALOGO_ESTADO_V2_CONFORMAL,30,10,2.7896150849556456,OK_ANALOGOS_CONTINUIDAD_CORREGIDA,-0.09052379037484748,0.09052379037484748,0.0,CORREGIDO_ANCLA_OBSERVADO,8.958993896682442,14.553550354112096,2.797278228714827,480.0,OK_CALIBRADO
2026-10-09,PUERTO ALEGRIA,1044.0,2026-10-08,2026-11-13,60,36,11.886775104445626,12.160437941605515,11.886775104445626,9.69,11.248228484405882,8.324102780945625,15.449447427945625,HIBRIDO_ANALOGO_CLIM,ANALOGO_ESTADO_V2_CONFORMAL,30,10,2.7896150849556456,OK_ANALOGOS_CONTINUIDAD_CORREGIDA,-0.09052379037484748,0.09052379037484748,0.0,CORREGIDO_ANCLA_OBSERVADO,9.089496875730799,14.684053333160453,2.797278228714827,480.0,OK_CALIBRADO
2026-10-09,PUERTO ALEGRIA,1044.0,2026-10-08,2026-11-14,60,37,11.974600262181134,12.261743864282565,11.974600262181134,9.69,11.330467316926573,8.459397378181135,15.489803146181135,HIBRIDO_ANALOGO_CLIM,ANALOGO_ESTADO_V2_CONFORMAL,30,10,2.7896150849556456,OK_ANALOGOS_CONTINUIDAD_CORREGIDA,-0.09052379037484748,0.09052379037484748,0.0,CORREGIDO_ANCLA_OBSERVADO,9.177322033466307,14.771878490895961,2.797278228714827,480.0,OK_CALIBRADO
2026-10-09,PUERTO ALEGRIA,1044.0,2026-10-08,2026-11-15,60,38,12.082197785452072,12.391501004365066,12.082197785452072,9.69,11.414753997271399,8.563269456172073,15.601126114732072,HIBRIDO_ANALOGO_CLIM,ANALOGO_ESTADO_V2_CONFORMAL,30,10,2.7896150849556456,OK_ANALOGOS_CONTINUIDAD_CORREGIDA,-0.09052379037484748,0.09052379037484748,0.0,CORREGIDO_ANCLA_OBSERVADO,9.284919556737245,14.8794760141669,2.797278228714827,480.0,OK_CALIBRADO
2026-10-09,PUERTO ALEGRIA,1044.0,2026-10-08,2026-11-16,60,39,12.211160831168657,12.555028148073848,12.211160831168657,9.69,11.49697486528864,8.576548191968657,15.845773470368655,HIBRIDO_ANALOGO_CLIM,ANALOGO_ESTADO_V2_CONFORMAL,30,10,2.7896150849556456,OK_ANALOGOS_CONTINUIDAD_CORREGIDA,-0.09052379037484748,0.09052379037484748,0.0,CORREGIDO_ANCLA_OBSERVADO,9.41388260245383,15.008439059883484,2.797278228714827,480.0,OK_CALIBRADO
2026-10-09,PUERTO ALEGRIA,1044.0,2026-10-08,2026-11-17,60,40,12.316676378997736,12.687332642964352,12.316676378997736,9.69,11.575363851064502,8.586823868597737,16.046528889397734,HIBRIDO_ANALOGO_CLIM,ANALOGO_ESTADO_V2_CONFORMAL,30,10,2.7896150849556456,OK_ANALOGOS_CONTINUIDAD_CORREGIDA,-0.09052379037484748,0.09052379037484748,0.0,CORREGIDO_ANCLA_OBSERVADO,9.519398150282909,15.113954607712563,2.797278228714827,480.0,OK_CALIBRADO
2026-10-09,PUERTO ALEGRIA,1044.0,2026-10-08,2026-11-18,60,41,12.398205420715152,12.793513613278277,12.398205420715152,9.69,11.636514025288642,8.615067029935151,16.181343811495154,HIBRIDO_ANALOGO_CLIM,ANALOGO_ESTADO_V2_CONFORMAL,30,10,2.7896150849556456,OK_ANALOGOS_CONTINUIDAD_CORREGIDA,-0.09052379037484748,0.09052379037484748,0.0,CORREGIDO_ANCLA_OBSERVADO,9.600927192000325,15.19548364942998,2.797278228714827,480.0,OK_CALIBRADO
2026-10-09,PUERTO ALEGRIA,1044.0,2026-10-08,2026-11-19,60,42,12.46465419801986,12.884098549377786,12.46465419801986,9.69,11.68568611692657,8.586050112119858,16.34325828391986,HIBRIDO_ANALOGO_CLIM,ANALOGO_ESTADO_V2_CONFORMAL,30,10,2.7896150849556456,OK_ANALOGOS_CONTINUIDAD_CORREGIDA,-0.09052379037484748,0.09052379037484748,0.0,CORREGIDO_ANCLA_OBSERVADO,9.667375969305033,15.261932426734687,2.797278228714827,480.0,OK_CALIBRADO
2026-10-09,PUERTO ALEGRIA,1044.0,2026-10-08,2026-11-20,60,43,12.525141669527018,12.974344332636537,12.525141669527018,9.69,11.720755505354157,8.566037952427019,16.484245386627016,HIBRIDO_ANALOGO_CLIM,ANALOGO_ESTADO_V2_CONFORMAL,30,10,2.7896150849556456,OK_ANALOGOS_CONTINUIDAD_CORREGIDA,-0.09052379037484748,0.09052379037484748,0.0,CORREGIDO_ANCLA_OBSERVADO,9.727863440812191,15.322419898241845,2.797278228714827,480.0,OK_CALIBRADO
2026-10-09,PUERTO ALEGRIA,1044.0,2026-10-08,2026-11-21,60,44,12.568141915513172,13.04224819621594,12.568141915513172,9.69,11.749231067026571,8.516717536733172,16.619566294293172,HIBRIDO_ANALOGO_CLIM,ANALOGO_ESTADO_V2_CONFORMAL,30,10,2.7896150849556456,OK_ANALOGOS_CONTINUIDAD_CORREGIDA,-0.09052379037484748,0.09052379037484748,0.0,CORREGIDO_ANCLA_OBSERVADO,9.770863686798345,15.365420144227999,2.797278228714827,480.0,OK_CALIBRADO
2026-10-09,PUERTO ALEGRIA,1044.0,2026-10-08,2026-11-22,60,45,12.602856692988725,13.09781232181567,12.602856692988725,9.69,11.777930644943813,8.462541660208725,16.743171725768725,HIBRIDO_ANALOGO_CLIM,ANALOGO_ESTADO_V2_CONFORMAL,30,10,2.7896150849556456,OK_ANALOGOS_CONTINUIDAD_CORREGIDA,-0.09052379037484748,0.09052379037484748,0.0,CORREGIDO_ANCLA_OBSERVADO,9.805578464273898,15.400134921703552,2.797278228714827,480.0,OK_CALIBRADO
2026-10-09,PUERTO ALEGRIA,1044.0,2026-10-08,2026-11-23,60,46,12.63831962860997,13.140933824407666,12.63831962860997,9.69,11.82976635710933,8.418238835329971,16.858400421889968,HIBRIDO_ANALOGO_CLIM,ANALOGO_ESTADO_V2_CONFORMAL,30,10,2.7896150849556456,OK_ANALOGOS_CONTINUIDAD_CORREGIDA,-0.09052379037484748,0.09052379037484748,0.0,CORREGIDO_ANCLA_OBSERVADO,9.841041399895143,15.435597857324797,2.797278228714827,480.0,OK_CALIBRADO
2026-10-09,PUERTO ALEGRIA,1044.0,2026-10-08,2026-11-24,60,47,12.65846840696626,13.175836167894035,12.65846840696626,9.69,11.854897203823123,8.328685045686262,16.988251768246258,HIBRIDO_ANALOGO_CLIM,ANALOGO_ESTADO_V2_CONFORMAL,30,10,2.7896150849556456,OK_ANALOGOS_CONTINUIDAD_CORREGIDA,-0.09052379037484748,0.09052379037484748,0.0,CORREGIDO_ANCLA_OBSERVADO,9.861190178251434,15.455746635681088,2.797278228714827,480.0,OK_CALIBRADO
2026-10-09,PUERTO ALEGRIA,1044.0,2026-10-08,2026-11-25,60,48,12.67845195149476,13.200922357657458,12.67845195149476,9.69,11.894746342250711,8.240493619269762,17.11641028371976,HIBRIDO_ANALOGO_CLIM,ANALOGO_ESTADO_V2_CONFORMAL,30,10,2.7896150849556456,OK_ANALOGOS_CONTINUIDAD_CORREGIDA,-0.09052379037484748,0.09052379037484748,0.0,CORREGIDO_ANCLA_OBSERVADO,9.881173722779932,15.475730180209586,2.797278228714827,480.0,OK_CALIBRADO
2026-10-09,PUERTO ALEGRIA,1044.0,2026-10-08,2026-11-26,60,49,12.68868794721845,13.207152278298178,12.68868794721845,9.69,11.93744371238864,8.17931559999345,17.19806029444345,HIBRIDO_ANALOGO_CLIM,ANALOGO_ESTADO_V2_CONFORMAL,30,10,2.7896150849556456,OK_ANALOGOS_CONTINUIDAD_CORREGIDA,-0.09052379037484748,0.09052379037484748,0.0,CORREGIDO_ANCLA_OBSERVADO,9.891409718503622,15.485966175933276,2.797278228714827,480.0,OK_CALIBRADO
2026-10-09,PUERTO ALEGRIA,1044.0,2026-10-08,2026-11-27,60,50,12.708915614682853,13.219664447503842,12.708915614682853,9.69,11.993867248733467,8.101268093481602,17.316563135884103,HIBRIDO_ANALOGO_CLIM,ANALOGO_ESTADO_V2_CONFORMAL,30,10,2.7896150849556456,OK_ANALOGOS_CONTINUIDAD_CORREGIDA,-0.09052379037484748,0.09052379037484748,0.0,CORREGIDO_ANCLA_OBSERVADO,9.911637385968026,15.50619384339768,2.797278228714827,480.0,OK_CALIBRADO
2026-10-09,PUERTO ALEGRIA,1044.0,2026-10-08,2026-11-28,60,51,12.718355238864936,13.216144637941419,12.718355238864936,9.69,12.044875463643812,8.110920604639938,17.32578987308993,HIBRIDO_ANALOGO_CLIM,ANALOGO_ESTADO_V2_CONFORMAL,30,10,2.7896150849556456,OK_ANALOGOS_CONTINUIDAD_CORREGIDA,-0.09052379037484748,0.09052379037484748,0.0,CORREGIDO_ANCLA_OBSERVADO,9.921077010150109,15.515633467579763,2.797278228714827,480.0,OK_CALIBRADO
2026-10-09,PUERTO ALEGRIA,1044.0,2026-10-08,2026-11-29,60,52,12.725187423318404,13.205365381122302,12.725187423318404,9.69,12.097262401574847,8.115419799798406,17.334955046838402,HIBRIDO_ANALOGO_CLIM,ANALOGO_ESTADO_V2_CONFORMAL,30,10,2.7896150849556456,OK_ANALOGOS_CONTINUIDAD_CORREGIDA,-0.09052379037484748,0.09052379037484748,0.0,CORREGIDO_ANCLA_OBSERVADO,9.927909194603577,15.522465652033231,2.797278228714827,480.0,OK_CALIBRADO
2026-10-09,PUERTO ALEGRIA,1044.0,2026-10-08,2026-11-30,60,53,12.733386027003776,13.207780436853218,12.733386027003776,9.69,12.13367988625071,8.105204099858778,17.361567954148775,HIBRIDO_ANALOGO_CLIM,ANALOGO_ESTADO_V2_CONFORMAL,30,10,2.7896150849556456,OK_ANALOGOS_CONTINUIDAD_CORREGIDA,-0.09052379037484748,0.09052379037484748,0.0,CORREGIDO_ANCLA_OBSERVADO,9.93610779828895,15.530664255718603,2.797278228714827,480.0,OK_CALIBRADO
2026-10-09,PUERTO ALEGRIA,1044.0,2026-10-08,2026-12-01,60,54,12.762737004538602,13.211880804586063,12.762737004538602,9.69,12.213783471147261,8.090858204893602,17.4346158041836,HIBRIDO_ANALOGO_CLIM,ANALOGO_ESTADO_V2_CONFORMAL,30,10,2.7896150849556456,OK_ANALOGOS_CONTINUIDAD_CORREGIDA,-0.09052379037484748,0.09052379037484748,0.0,CORREGIDO_ANCLA_OBSERVADO,9.965458775823775,15.560015233253429,2.797278228714827,480.0,OK_CALIBRADO
2026-10-09,PUERTO ALEGRIA,1044.0,2026-10-08,2026-12-02,60,55,12.797281607642981,13.238516475984186,12.797281607642981,9.69,12.27582221778519,8.05013474511798,17.54442847016798,HIBRIDO_ANALOGO_CLIM,ANALOGO_ESTADO_V2_CONFORMAL,30,10,2.7896150849556456,OK_ANALOGOS_CONTINUIDAD_CORREGIDA,-0.09052379037484748,0.09052379037484748,0.0,CORREGIDO_ANCLA_OBSERVADO,10.000003378928154,15.594559836357808,2.797278228714827,480.0,OK_CALIBRADO
2026-10-09,PUERTO ALEGRIA,1044.0,2026-10-08,2026-12-03,60,56,12.82163893490006,13.2519006287204,12.82163893490006,9.69,12.329911284819675,8.028369308200059,17.61490856160006,HIBRIDO_ANALOGO_CLIM,ANALOGO_ESTADO_V2_CONFORMAL,30,10,2.7896150849556456,OK_ANALOGOS_CONTINUIDAD_CORREGIDA,-0.09052379037484748,0.09052379037484748,0.0,CORREGIDO_ANCLA_OBSERVADO,10.024360706185233,15.618917163614887,2.797278228714827,480.0,OK_CALIBRADO
2026-10-09,PUERTO ALEGRIA,1044.0,2026-10-08,2026-12-04,60,57,12.851912347752535,13.2716698193977,12.851912347752535,9.69,12.38796987909209,8.008217619127533,17.695607076377534,HIBRIDO_ANALOGO_CLIM,ANALOGO_ESTADO_V2_CONFORMAL,30,10,2.7896150849556456,OK_ANALOGOS_CONTINUIDAD_CORREGIDA,-0.09052379037484748,0.09052379037484748,0.0,CORREGIDO_ANCLA_OBSERVADO,10.054634119037708,15.649190576467362,2.797278228714827,480.0,OK_CALIBRADO
2026-10-09,PUERTO ALEGRIA,1044.0,2026-10-08,2026-12-05,60,58,12.88658160158443,13.300267283396623,12.88658160158443,9.69,12.444365872750708,8.005051366359428,17.76811183680943,HIBRIDO_ANALOGO_CLIM,ANALOGO_ESTADO_V2_CONFORMAL,30,10,2.7896150849556456,OK_ANALOGOS_CONTINUIDAD_CORREGIDA,-0.09052379037484748,0.09052379037484748,0.0,CORREGIDO_ANCLA_OBSERVADO,10.089303372869603,15.683859830299257,2.797278228714827,480.0,OK_CALIBRADO
2026-10-09,PUERTO ALEGRIA,1044.0,2026-10-08,2026-12-06,60,59,12.908368126778505,13.305310227042302,12.908368126778505,9.69,12.497970362098986,8.088074521853505,17.728661731703504,HIBRIDO_ANALOGO_CLIM,ANALOGO_ESTADO_V2_CONFORMAL,30,10,2.7896150849556456,OK_ANALOGOS_CONTINUIDAD_CORREGIDA,-0.09052379037484748,0.09052379037484748,0.0,CORREGIDO_ANCLA_OBSERVADO,10.111089898063678,15.705646355493332,2.797278228714827,480.0,OK_CALIBRADO
2026-10-09,PUERTO ALEGRIA,1044.0,2026-10-08,2026-12-07,60,60,12.936820007566338,13.317851503626793,12.936820007566338,9.69,12.555788511505881,8.150872868041336,17.72276714709134,HIBRIDO_ANALOGO_CLIM,ANALOGO_ESTADO_V2_CONFORMAL,30,10,2.7896150849556456,OK_ANALOGOS_CONTINUIDAD_CORREGIDA,-0.09052379037484748,0.09052379037484748,0.0,CORREGIDO_ANCLA_OBSERVADO,10.13954177885151,15.734098236281165,2.797278228714827,480.0,OK_CALIBRADO
2026-10-09,PUERTO ALEGRIA,1044.0,2026-10-08,2026-10-09,90,1,9.69,9.72924650929574,9.69,9.69,9.572260472112779,9.590199596,9.789800404,HIBRIDO_ANALOGO_CLIM,ANALOGO_ESTADO_V2_CONFORMAL,30,10,2.7896150849556456,OK_ANALOGOS_CONTINUIDAD_CORREGIDA,-0.09052379037484748,0.09052379037484748,0.0,CORREGIDO_ANCLA_OBSERVADO,7.049261152149796,12.330738847850203,2.640738847850203,720.0,OK_CALIBRADO
2026-10-09,PUERTO ALEGRIA,1044.0,2026-10-08,2026-10-10,90,2,9.669431479462753,9.697842498498952,9.669431479462753,9.69,9.584198422354158,9.444219071462756,9.894643887462752,HIBRIDO_ANALOGO_CLIM,ANALOGO_ESTADO_V2_CONFORMAL,30,10,2.7896150849556456,OK_ANALOGOS_CONTINUIDAD_CORREGIDA,-0.09052379037484748,0.09052379037484748,0.0,CORREGIDO_ANCLA_OBSERVADO,7.02869263161255,12.310170327312957,2.640738847850203,720.0,OK_CALIBRADO
2026-10-09,PUERTO ALEGRIA,1044.0,2026-10-08,2026-10-11,90,3,9.672546773745298,9.697746194983724,9.672546773745298,9.69,9.59694851003002,9.296031201745297,10.049062345745298,HIBRIDO_ANALOGO_CLIM,ANALOGO_ESTADO_V2_CONFORMAL,30,10,2.7896150849556456,OK_ANALOGOS_CONTINUIDAD_CORREGIDA,-0.09052379037484748,0.09052379037484748,0.0,CORREGIDO_ANCLA_OBSERVADO,7.0318079258950945,12.3132856215955,2.640738847850203,720.0,OK_CALIBRADO
2026-10-09,PUERTO ALEGRIA,1044.0,2026-10-08,2026-10-12,90,4,9.674612673811634,9.698469161584816,9.674612673811634,9.69,9.603043210492089,9.165998297811635,10.183227049811634,HIBRIDO_ANALOGO_CLIM,ANALOGO_ESTADO_V2_CONFORMAL,30,10,2.7896150849556456,OK_ANALOGOS_CONTINUIDAD_CORREGIDA,-0.09052379037484748,0.09052379037484748,0.0,CORREGIDO_ANCLA_OBSERVADO,7.033873825961431,12.315351521661837,2.640738847850203,720.0,OK_CALIBRADO
2026-10-09,PUERTO ALEGRIA,1044.0,2026-10-08,2026-10-13,90,5,9.685128723660869,9.704711641027474,9.685128723660869,9.69,9.626379971561054,9.045584479660869,10.324672967660868,HIBRIDO_ANALOGO_CLIM,ANALOGO_ESTADO_V2_CONFORMAL,30,10,2.7896150849556456,OK_ANALOGOS_CONTINUIDAD_CORREGIDA,-0.09052379037484748,0.09052379037484748,0.0,CORREGIDO_ANCLA_OBSERVADO,7.044389875810666,12.325867571511072,2.640738847850203,720.0,OK_CALIBRADO
2026-10-09,PUERTO ALEGRIA,1044.0,2026-10-08,2026-10-14,90,6,9.710817429261498,9.729850458430612,9.710817429261498,9.69,9.653718341754159,8.949588521261498,10.472046337261498,HIBRIDO_ANALOGO_CLIM,ANALOGO_ESTADO_V2_CONFORMAL,30,10,2.7896150849556456,OK_ANALOGOS_CONTINUIDAD_CORREGIDA,-0.09052379037484748,0.09052379037484748,0.0,CORREGIDO_ANCLA_OBSERVADO,7.070078581411295,12.351556277111701,2.640738847850203,720.0,OK_CALIBRADO
2026-10-09,PUERTO ALEGRIA,1044.0,2026-10-08,2026-10-15,90,7,9.750327595456762,9.766687434047284,9.750327595456762,9.69,9.701248079685191,8.888412455456763,10.61224273545676,HIBRIDO_ANALOGO_CLIM,ANALOGO_ESTADO_V2_CONFORMAL,30,10,2.7896150849556456,OK_ANALOGOS_CONTINUIDAD_CORREGIDA,-0.09052379037484748,0.09052379037484748,0.0,CORREGIDO_ANCLA_OBSERVADO,7.1095887476065585,12.391066443306965,2.640738847850203,720.0,OK_CALIBRADO
2026-10-09,PUERTO ALEGRIA,1044.0,2026-10-08,2026-10-16,90,8,9.807353503430875,9.822578756978286,9.807353503430875,9.69,9.761677742788642,8.810028791430875,10.804678215430876,HIBRIDO_ANALOGO_CLIM,ANALOGO_ESTADO_V2_CONFORMAL,30,10,2.7896150849556456,OK_ANALOGOS_CONTINUIDAD_CORREGIDA,-0.09052379037484748,0.09052379037484748,0.0,CORREGIDO_ANCLA_OBSERVADO,7.166614655580672,12.448092351281078,2.640738847850203,720.0,OK_CALIBRADO
2026-10-09,PUERTO ALEGRIA,1044.0,2026-10-08,2026-10-17,90,9,9.87289421473999,9.887410477973198,9.87289421473999,9.69,9.829345425040366,8.76320463073999,10.98258379873999,HIBRIDO_ANALOGO_CLIM,ANALOGO_ESTADO_V2_CONFORMAL,30,10,2.7896150849556456,OK_ANALOGOS_CONTINUIDAD_CORREGIDA,-0.09052379037484748,0.09052379037484748,0.0,CORREGIDO_ANCLA_OBSERVADO,7.232155366889787,12.513633062590193,2.640738847850203,720.0,OK_CALIBRADO
2026-10-09,PUERTO ALEGRIA,1044.0,2026-10-08,2026-10-18,90,10,9.944693453375224,9.958486863192592,9.944693453375224,9.69,9.903313223923123,8.744255853375224,11.145131053375225,HIBRIDO_ANALOGO_CLIM,ANALOGO_ESTADO_V2_CONFORMAL,30,10,2.7896150849556456,OK_ANALOGOS_CONTINUIDAD_CORREGIDA,-0.09052379037484748,0.09052379037484748,0.0,CORREGIDO_ANCLA_OBSERVADO,7.303954605525021,12.585432301225428,2.640738847850203,720.0,OK_CALIBRADO
2026-10-09,PUERTO ALEGRIA,1044.0,2026-10-08,2026-10-19,90,11,10.016793856094008,10.033600647014188,10.016793856094008,9.69,9.966373483333468,8.766985144094008,11.266602568094008,HIBRIDO_ANALOGO_CLIM,ANALOGO_ESTADO_V2_CONFORMAL,30,10,2.7896150849556456,OK_ANALOGOS_CONTINUIDAD_CORREGIDA,-0.09052379037484748,0.09052379037484748,0.0,CORREGIDO_ANCLA_OBSERVADO,7.376055008243805,12.657532703944211,2.640738847850203,720.0,OK_CALIBRADO
2026-10-09,PUERTO ALEGRIA,1044.0,2026-10-08,2026-10-20,90,12,10.089204815244292,10.115642093620314,10.089204815244292,9.69,10.009892980116227,8.825082968619293,11.353326661869291,HIBRIDO_ANALOGO_CLIM,ANALOGO_ESTADO_V2_CONFORMAL,30,10,2.7896150849556456,OK_ANALOGOS_CONTINUIDAD_CORREGIDA,-0.09052379037484748,0.09052379037484748,0.0,CORREGIDO_ANCLA_OBSERVADO,7.448465967394089,12.729943663094495,2.640738847850203,720.0,OK_CALIBRADO
2026-10-09,PUERTO ALEGRIA,1044.0,2026-10-08,2026-10-21,90,13,10.151045221681423,10.187473284204305,10.151045221681423,9.69,10.04176103411278,8.826869605681425,11.475220837681423,HIBRIDO_ANALOGO_CLIM,ANALOGO_ESTADO_V2_CONFORMAL,30,10,2.7896150849556456,OK_ANALOGOS_CONTINUIDAD_CORREGIDA,-0.09052379037484748,0.09052379037484748,0.0,CORREGIDO_ANCLA_OBSERVADO,7.51030637383122,12.791784069531626,2.640738847850203,720.0,OK_CALIBRADO
2026-10-09,PUERTO ALEGRIA,1044.0,2026-10-08,2026-10-22,90,14,10.215544441655325,10.25845781046376,10.215544441655325,9.69,10.08680433523002,8.850657217030326,11.580431666280324,HIBRIDO_ANALOGO_CLIM,ANALOGO_ESTADO_V2_CONFORMAL,30,10,2.7896150849556456,OK_ANALOGOS_CONTINUIDAD_CORREGIDA,-0.09052379037484748,0.09052379037484748,0.0,CORREGIDO_ANCLA_OBSERVADO,7.574805593805122,12.856283289505528,2.640738847850203,720.0,OK_CALIBRADO
2026-10-09,PUERTO ALEGRIA,1044.0,2026-10-08,2026-10-23,90,15,10.284898293322948,10.33727491625967,10.284898293322948,9.69,10.127768424512778,8.82241394932295,11.747382637322948,HIBRIDO_ANALOGO_CLIM,ANALOGO_ESTADO_V2_CONFORMAL,30,10,2.7896150849556456,OK_ANALOGOS_CONTINUIDAD_CORREGIDA,-0.09052379037484748,0.09052379037484748,0.0,CORREGIDO_ANCLA_OBSERVADO,7.644159445472745,12.925637141173151,2.640738847850203,720.0,OK_CALIBRADO
2026-10-09,PUERTO ALEGRIA,1044.0,2026-10-08,2026-10-24,90,16,10.352168498948053,10.412388143271306,10.352168498948053,9.69,10.171509565978296,8.735571866323054,11.968765131573054,HIBRIDO_ANALOGO_CLIM,ANALOGO_ESTADO_V2_CONFORMAL,30,10,2.7896150849556456,OK_ANALOGOS_CONTINUIDAD_CORREGIDA,-0.09052379037484748,0.09052379037484748,0.0,CORREGIDO_ANCLA_OBSERVADO,7.71142965109785,12.992907346798257,2.640738847850203,720.0,OK_CALIBRADO
2026-10-09,PUERTO ALEGRIA,1044.0,2026-10-08,2026-10-25,90,17,10.445359062644352,10.520947530700854,10.445359062644352,9.69,10.218593658474848,8.606797438644353,12.283920686644352,HIBRIDO_ANALOGO_CLIM,ANALOGO_ESTADO_V2_CONFORMAL,30,10,2.7896150849556456,OK_ANALOGOS_CONTINUIDAD_CORREGIDA,-0.09052379037484748,0.09052379037484748,0.0,CORREGIDO_ANCLA_OBSERVADO,7.804620214794149,13.086097910494555,2.640738847850203,720.0,OK_CALIBRADO
2026-10-09,PUERTO ALEGRIA,1044.0,2026-10-08,2026-10-26,90,18,10.556054737224777,10.652376945423029,10.556054737224777,9.69,10.26708811263002,8.460357701224776,12.651751773224776,HIBRIDO_ANALOGO_CLIM,ANALOGO_ESTADO_V2_CONFORMAL,30,10,2.7896150849556456,OK_ANALOGOS_CONTINUIDAD_CORREGIDA,-0.09052379037484748,0.09052379037484748,0.0,CORREGIDO_ANCLA_OBSERVADO,7.915315889374574,13.19679358507498,2.640738847850203,720.0,OK_CALIBRADO
2026-10-09,PUERTO ALEGRIA,1044.0,2026-10-08,2026-10-27,90,19,10.674767687536006,10.798155055665589,10.674767687536006,9.69,10.30460558314726,8.360328171536008,12.989207203536006,HIBRIDO_ANALOGO_CLIM,ANALOGO_ESTADO_V2_CONFORMAL,30,10,2.7896150849556456,OK_ANALOGOS_CONTINUIDAD_CORREGIDA,-0.09052379037484748,0.09052379037484748,0.0,CORREGIDO_ANCLA_OBSERVADO,8.034028839685803,13.31550653538621,2.640738847850203,720.0,OK_CALIBRADO
2026-10-09,PUERTO ALEGRIA,1044.0,2026-10-08,2026-10-28,90,20,10.785458275136405,10.93536464542129,10.785458275136405,9.69,10.335739164281746,8.294564775136406,13.276351775136405,HIBRIDO_ANALOGO_CLIM,ANALOGO_ESTADO_V2_CONFORMAL,30,10,2.7896150849556456,OK_ANALOGOS_CONTINUIDAD_CORREGIDA,-0.09052379037484748,0.09052379037484748,0.0,CORREGIDO_ANCLA_OBSERVADO,8.144719427286201,13.426197122986608,2.640738847850203,720.0,OK_CALIBRADO
2026-10-09,PUERTO ALEGRIA,1044.0,2026-10-08,2026-10-29,90,21,10.880503352594939,11.049871466203935,10.880503352594939,9.69,10.37239901176795,8.265234479969939,13.49577222521994,HIBRIDO_ANALOGO_CLIM,ANALOGO_ESTADO_V2_CONFORMAL,30,10,2.7896150849556456,OK_ANALOGOS_CONTINUIDAD_CORREGIDA,-0.09052379037484748,0.09052379037484748,0.0,CORREGIDO_ANCLA_OBSERVADO,8.239764504744736,13.521242200445142,2.640738847850203,720.0,OK_CALIBRADO
2026-10-09,PUERTO ALEGRIA,1044.0,2026-10-08,2026-10-30,90,22,10.977418412409474,11.165026290222166,10.977418412409474,9.69,10.414594778971399,8.319816944409475,13.635019880409475,HIBRIDO_ANALOGO_CLIM,ANALOGO_ESTADO_V2_CONFORMAL,30,10,2.7896150849556456,OK_ANALOGOS_CONTINUIDAD_CORREGIDA,-0.09052379037484748,0.09052379037484748,0.0,CORREGIDO_ANCLA_OBSERVADO,8.33667956455927,13.618157260259677,2.640738847850203,720.0,OK_CALIBRADO
2026-10-09,PUERTO ALEGRIA,1044.0,2026-10-08,2026-10-31,90,23,11.084317622291465,11.29193803654758,11.084317622291465,9.69,10.461456379523122,8.391099868666466,13.777535375916464,HIBRIDO_ANALOGO_CLIM,ANALOGO_ESTADO_V2_CONFORMAL,30,10,2.7896150849556456,OK_ANALOGOS_CONTINUIDAD_CORREGIDA,-0.09052379037484748,0.09052379037484748,0.0,CORREGIDO_ANCLA_OBSERVADO,8.443578774441262,13.725056470141668,2.640738847850203,720.0,OK_CALIBRADO
2026-10-09,PUERTO ALEGRIA,1044.0,2026-10-08,2026-11-01,90,24,11.197881533871506,11.428370745066944,11.197881533871506,9.69,10.506413900285192,8.466673833226507,13.929089234516507,HIBRIDO_ANALOGO_CLIM,ANALOGO_ESTADO_V2_CONFORMAL,30,10,2.7896150849556456,OK_ANALOGOS_CONTINUIDAD_CORREGIDA,-0.09052379037484748,0.09052379037484748,0.0,CORREGIDO_ANCLA_OBSERVADO,8.557142686021303,13.838620381721709,2.640738847850203,720.0,OK_CALIBRADO
2026-10-09,PUERTO ALEGRIA,1044.0,2026-10-08,2026-11-02,90,25,11.286289198180631,11.529122322736582,11.286289198180631,9.69,10.55778982451278,8.439078090180631,14.13350030618063,HIBRIDO_ANALOGO_CLIM,ANALOGO_ESTADO_V2_CONFORMAL,30,10,2.7896150849556456,OK_ANALOGOS_CONTINUIDAD_CORREGIDA,-0.09052379037484748,0.09052379037484748,0.0,CORREGIDO_ANCLA_OBSERVADO,8.645550350330428,13.927028046030834,2.640738847850203,720.0,OK_CALIBRADO
2026-10-09,PUERTO ALEGRIA,1044.0,2026-10-08,2026-11-03,90,26,11.361587162797766,11.613388164410003,11.361587162797766,9.69,10.606184157961053,8.378231518797767,14.344942806797766,HIBRIDO_ANALOGO_CLIM,ANALOGO_ESTADO_V2_CONFORMAL,30,10,2.7896150849556456,OK_ANALOGOS_CONTINUIDAD_CORREGIDA,-0.09052379037484748,0.09052379037484748,0.0,CORREGIDO_ANCLA_OBSERVADO,8.720848314947563,14.00232601064797,2.640738847850203,720.0,OK_CALIBRADO
2026-10-09,PUERTO ALEGRIA,1044.0,2026-10-08,2026-11-04,90,27,11.415783080279676,11.67246266295025,11.415783080279676,9.69,10.645744332267952,8.321422468279676,14.510143692279675,HIBRIDO_ANALOGO_CLIM,ANALOGO_ESTADO_V2_CONFORMAL,30,10,2.7896150849556456,OK_ANALOGOS_CONTINUIDAD_CORREGIDA,-0.09052379037484748,0.09052379037484748,0.0,CORREGIDO_ANCLA_OBSERVADO,8.775044232429472,14.056521928129879,2.640738847850203,720.0,OK_CALIBRADO
2026-10-09,PUERTO ALEGRIA,1044.0,2026-10-08,2026-11-05,90,28,11.446325794396579,11.701308376445201,11.446325794396579,9.69,10.68137804825071,8.34544363839658,14.547207950396578,HIBRIDO_ANALOGO_CLIM,ANALOGO_ESTADO_V2_CONFORMAL,30,10,2.7896150849556456,OK_ANALOGOS_CONTINUIDAD_CORREGIDA,-0.09052379037484748,0.09052379037484748,0.0,CORREGIDO_ANCLA_OBSERVADO,8.805586946546375,14.087064642246782,2.640738847850203,720.0,OK_CALIBRADO
2026-10-09,PUERTO ALEGRIA,1044.0,2026-10-08,2026-11-06,90,29,11.47861884624094,11.72583693644343,11.47861884624094,9.69,10.736964575633468,8.296248970340939,14.660988722140939,HIBRIDO_ANALOGO_CLIM,ANALOGO_ESTADO_V2_CONFORMAL,30,10,2.7896150849556456,OK_ANALOGOS_CONTINUIDAD_CORREGIDA,-0.09052379037484748,0.09052379037484748,0.0,CORREGIDO_ANCLA_OBSERVADO,8.837879998390736,14.119357694091143,2.640738847850203,720.0,OK_CALIBRADO
2026-10-09,PUERTO ALEGRIA,1044.0,2026-10-08,2026-11-07,90,30,11.514932807885522,11.753910896535057,11.514932807885522,9.69,10.797998541936916,8.171849268365522,14.85801634740552,HIBRIDO_ANALOGO_CLIM,ANALOGO_ESTADO_V2_CONFORMAL,30,10,2.7896150849556456,OK_ANALOGOS_CONTINUIDAD_CORREGIDA,-0.09052379037484748,0.09052379037484748,0.0,CORREGIDO_ANCLA_OBSERVADO,8.874193960035319,14.155671655735725,2.640738847850203,720.0,OK_CALIBRADO
2026-10-09,PUERTO ALEGRIA,1044.0,2026-10-08,2026-11-08,90,31,11.560074884713748,11.800225992520902,11.560074884713748,9.69,10.87060880100933,8.078120739913746,15.042029029513747,HIBRIDO_ANALOGO_CLIM,ANALOGO_ESTADO_V2_CONFORMAL,30,10,2.7896150849556456,OK_ANALOGOS_CONTINUIDAD_CORREGIDA,-0.09052379037484748,0.09052379037484748,0.0,CORREGIDO_ANCLA_OBSERVADO,8.919336036863545,14.200813732563951,2.640738847850203,720.0,OK_CALIBRADO
2026-10-09,PUERTO ALEGRIA,1044.0,2026-10-08,2026-11-09,90,32,11.60285109452486,11.839595394260915,11.60285109452486,9.69,10.95180427025071,8.051143833244861,15.15455835580486,HIBRIDO_ANALOGO_CLIM,ANALOGO_ESTADO_V2_CONFORMAL,30,10,2.7896150849556456,OK_ANALOGOS_CONTINUIDAD_CORREGIDA,-0.09052379037484748,0.09052379037484748,0.0,CORREGIDO_ANCLA_OBSERVADO,8.962112246674657,14.243589942375063,2.640738847850203,720.0,OK_CALIBRADO
2026-10-09,PUERTO ALEGRIA,1044.0,2026-10-08,2026-11-10,90,33,11.649701720796878,11.885747633287043,11.649701720796878,9.69,11.027398860595538,8.043807134496877,15.255596307096878,HIBRIDO_ANALOGO_CLIM,ANALOGO_ESTADO_V2_CONFORMAL,30,10,2.7896150849556456,OK_ANALOGOS_CONTINUIDAD_CORREGIDA,-0.09052379037484748,0.09052379037484748,0.0,CORREGIDO_ANCLA_OBSERVADO,9.008962872946675,14.290440568647082,2.640738847850203,720.0,OK_CALIBRADO
2026-10-09,PUERTO ALEGRIA,1044.0,2026-10-08,2026-11-11,90,34,11.69263555339154,11.92675825003118,11.69263555339154,9.69,11.100442850126571,8.11720023189154,15.268070874891539,HIBRIDO_ANALOGO_CLIM,ANALOGO_ESTADO_V2_CONFORMAL,30,10,2.7896150849556456,OK_ANALOGOS_CONTINUIDAD_CORREGIDA,-0.09052379037484748,0.09052379037484748,0.0,CORREGIDO_ANCLA_OBSERVADO,9.051896705541337,14.333374401241743,2.640738847850203,720.0,OK_CALIBRADO
2026-10-09,PUERTO ALEGRIA,1044.0,2026-10-08,2026-11-12,90,35,11.756272125397269,11.997036850810556,11.756272125397269,9.69,11.17155779225071,7.965777960617269,15.546766290177269,HIBRIDO_ANALOGO_CLIM,ANALOGO_ESTADO_V2_CONFORMAL,30,10,2.7896150849556456,OK_ANALOGOS_CONTINUIDAD_CORREGIDA,-0.09052379037484748,0.09052379037484748,0.0,CORREGIDO_ANCLA_OBSERVADO,9.115533277547065,14.397010973247472,2.640738847850203,720.0,OK_CALIBRADO
2026-10-09,PUERTO ALEGRIA,1044.0,2026-10-08,2026-11-13,90,36,11.886775104445626,12.160437941605515,11.886775104445626,9.69,11.248228484405882,8.324102780945625,15.449447427945625,HIBRIDO_ANALOGO_CLIM,ANALOGO_ESTADO_V2_CONFORMAL,30,10,2.7896150849556456,OK_ANALOGOS_CONTINUIDAD_CORREGIDA,-0.09052379037484748,0.09052379037484748,0.0,CORREGIDO_ANCLA_OBSERVADO,9.246036256595422,14.527513952295829,2.640738847850203,720.0,OK_CALIBRADO
2026-10-09,PUERTO ALEGRIA,1044.0,2026-10-08,2026-11-14,90,37,11.974600262181134,12.261743864282565,11.974600262181134,9.69,11.330467316926573,8.459397378181135,15.489803146181135,HIBRIDO_ANALOGO_CLIM,ANALOGO_ESTADO_V2_CONFORMAL,30,10,2.7896150849556456,OK_ANALOGOS_CONTINUIDAD_CORREGIDA,-0.09052379037484748,0.09052379037484748,0.0,CORREGIDO_ANCLA_OBSERVADO,9.333861414330931,14.615339110031337,2.640738847850203,720.0,OK_CALIBRADO
2026-10-09,PUERTO ALEGRIA,1044.0,2026-10-08,2026-11-15,90,38,12.082197785452072,12.391501004365066,12.082197785452072,9.69,11.414753997271399,8.563269456172073,15.601126114732072,HIBRIDO_ANALOGO_CLIM,ANALOGO_ESTADO_V2_CONFORMAL,30,10,2.7896150849556456,OK_ANALOGOS_CONTINUIDAD_CORREGIDA,-0.09052379037484748,0.09052379037484748,0.0,CORREGIDO_ANCLA_OBSERVADO,9.441458937601869,14.722936633302275,2.640738847850203,720.0,OK_CALIBRADO
2026-10-09,PUERTO ALEGRIA,1044.0,2026-10-08,2026-11-16,90,39,12.211160831168657,12.555028148073848,12.211160831168657,9.69,11.49697486528864,8.576548191968657,15.845773470368655,HIBRIDO_ANALOGO_CLIM,ANALOGO_ESTADO_V2_CONFORMAL,30,10,2.7896150849556456,OK_ANALOGOS_CONTINUIDAD_CORREGIDA,-0.09052379037484748,0.09052379037484748,0.0,CORREGIDO_ANCLA_OBSERVADO,9.570421983318454,14.85189967901886,2.640738847850203,720.0,OK_CALIBRADO
2026-10-09,PUERTO ALEGRIA,1044.0,2026-10-08,2026-11-17,90,40,12.316676378997736,12.687332642964352,12.316676378997736,9.69,11.575363851064502,8.586823868597737,16.046528889397734,HIBRIDO_ANALOGO_CLIM,ANALOGO_ESTADO_V2_CONFORMAL,30,10,2.7896150849556456,OK_ANALOGOS_CONTINUIDAD_CORREGIDA,-0.09052379037484748,0.09052379037484748,0.0,CORREGIDO_ANCLA_OBSERVADO,9.675937531147532,14.957415226847939,2.640738847850203,720.0,OK_CALIBRADO
2026-10-09,PUERTO ALEGRIA,1044.0,2026-10-08,2026-11-18,90,41,12.398205420715152,12.793513613278277,12.398205420715152,9.69,11.636514025288642,8.615067029935151,16.181343811495154,HIBRIDO_ANALOGO_CLIM,ANALOGO_ESTADO_V2_CONFORMAL,30,10,2.7896150849556456,OK_ANALOGOS_CONTINUIDAD_CORREGIDA,-0.09052379037484748,0.09052379037484748,0.0,CORREGIDO_ANCLA_OBSERVADO,9.75746657286495,15.038944268565356,2.640738847850203,720.0,OK_CALIBRADO
2026-10-09,PUERTO ALEGRIA,1044.0,2026-10-08,2026-11-19,90,42,12.46465419801986,12.884098549377786,12.46465419801986,9.69,11.68568611692657,8.586050112119858,16.34325828391986,HIBRIDO_ANALOGO_CLIM,ANALOGO_ESTADO_V2_CONFORMAL,30,10,2.7896150849556456,OK_ANALOGOS_CONTINUIDAD_CORREGIDA,-0.09052379037484748,0.09052379037484748,0.0,CORREGIDO_ANCLA_OBSERVADO,9.823915350169656,15.105393045870063,2.640738847850203,720.0,OK_CALIBRADO
2026-10-09,PUERTO ALEGRIA,1044.0,2026-10-08,2026-11-20,90,43,12.525141669527018,12.974344332636537,12.525141669527018,9.69,11.720755505354157,8.566037952427019,16.484245386627016,HIBRIDO_ANALOGO_CLIM,ANALOGO_ESTADO_V2_CONFORMAL,30,10,2.7896150849556456,OK_ANALOGOS_CONTINUIDAD_CORREGIDA,-0.09052379037484748,0.09052379037484748,0.0,CORREGIDO_ANCLA_OBSERVADO,9.884402821676815,15.165880517377222,2.640738847850203,720.0,OK_CALIBRADO
2026-10-09,PUERTO ALEGRIA,1044.0,2026-10-08,2026-11-21,90,44,12.568141915513172,13.04224819621594,12.568141915513172,9.69,11.749231067026571,8.516717536733172,16.619566294293172,HIBRIDO_ANALOGO_CLIM,ANALOGO_ESTADO_V2_CONFORMAL,30,10,2.7896150849556456,OK_ANALOGOS_CONTINUIDAD_CORREGIDA,-0.09052379037484748,0.09052379037484748,0.0,CORREGIDO_ANCLA_OBSERVADO,9.927403067662969,15.208880763363375,2.640738847850203,720.0,OK_CALIBRADO
2026-10-09,PUERTO ALEGRIA,1044.0,2026-10-08,2026-11-22,90,45,12.602856692988725,13.09781232181567,12.602856692988725,9.69,11.777930644943813,8.462541660208725,16.743171725768725,HIBRIDO_ANALOGO_CLIM,ANALOGO_ESTADO_V2_CONFORMAL,30,10,2.7896150849556456,OK_ANALOGOS_CONTINUIDAD_CORREGIDA,-0.09052379037484748,0.09052379037484748,0.0,CORREGIDO_ANCLA_OBSERVADO,9.962117845138522,15.243595540838928,2.640738847850203,720.0,OK_CALIBRADO
2026-10-09,PUERTO ALEGRIA,1044.0,2026-10-08,2026-11-23,90,46,12.63831962860997,13.140933824407666,12.63831962860997,9.69,11.82976635710933,8.418238835329971,16.858400421889968,HIBRIDO_ANALOGO_CLIM,ANALOGO_ESTADO_V2_CONFORMAL,30,10,2.7896150849556456,OK_ANALOGOS_CONTINUIDAD_CORREGIDA,-0.09052379037484748,0.09052379037484748,0.0,CORREGIDO_ANCLA_OBSERVADO,9.997580780759767,15.279058476460174,2.640738847850203,720.0,OK_CALIBRADO
2026-10-09,PUERTO ALEGRIA,1044.0,2026-10-08,2026-11-24,90,47,12.65846840696626,13.175836167894035,12.65846840696626,9.69,11.854897203823123,8.328685045686262,16.988251768246258,HIBRIDO_ANALOGO_CLIM,ANALOGO_ESTADO_V2_CONFORMAL,30,10,2.7896150849556456,OK_ANALOGOS_CONTINUIDAD_CORREGIDA,-0.09052379037484748,0.09052379037484748,0.0,CORREGIDO_ANCLA_OBSERVADO,10.017729559116058,15.299207254816464,2.640738847850203,720.0,OK_CALIBRADO
2026-10-09,PUERTO ALEGRIA,1044.0,2026-10-08,2026-11-25,90,48,12.67845195149476,13.200922357657458,12.67845195149476,9.69,11.894746342250711,8.240493619269762,17.11641028371976,HIBRIDO_ANALOGO_CLIM,ANALOGO_ESTADO_V2_CONFORMAL,30,10,2.7896150849556456,OK_ANALOGOS_CONTINUIDAD_CORREGIDA,-0.09052379037484748,0.09052379037484748,0.0,CORREGIDO_ANCLA_OBSERVADO,10.037713103644556,15.319190799344963,2.640738847850203,720.0,OK_CALIBRADO
2026-10-09,PUERTO ALEGRIA,1044.0,2026-10-08,2026-11-26,90,49,12.68868794721845,13.207152278298178,12.68868794721845,9.69,11.93744371238864,8.17931559999345,17.19806029444345,HIBRIDO_ANALOGO_CLIM,ANALOGO_ESTADO_V2_CONFORMAL,30,10,2.7896150849556456,OK_ANALOGOS_CONTINUIDAD_CORREGIDA,-0.09052379037484748,0.09052379037484748,0.0,CORREGIDO_ANCLA_OBSERVADO,10.047949099368246,15.329426795068652,2.640738847850203,720.0,OK_CALIBRADO
2026-10-09,PUERTO ALEGRIA,1044.0,2026-10-08,2026-11-27,90,50,12.708915614682853,13.219664447503842,12.708915614682853,9.69,11.993867248733467,8.101268093481602,17.316563135884103,HIBRIDO_ANALOGO_CLIM,ANALOGO_ESTADO_V2_CONFORMAL,30,10,2.7896150849556456,OK_ANALOGOS_CONTINUIDAD_CORREGIDA,-0.09052379037484748,0.09052379037484748,0.0,CORREGIDO_ANCLA_OBSERVADO,10.06817676683265,15.349654462533056,2.640738847850203,720.0,OK_CALIBRADO
2026-10-09,PUERTO ALEGRIA,1044.0,2026-10-08,2026-11-28,90,51,12.718355238864936,13.216144637941419,12.718355238864936,9.69,12.044875463643812,8.110920604639938,17.32578987308993,HIBRIDO_ANALOGO_CLIM,ANALOGO_ESTADO_V2_CONFORMAL,30,10,2.7896150849556456,OK_ANALOGOS_CONTINUIDAD_CORREGIDA,-0.09052379037484748,0.09052379037484748,0.0,CORREGIDO_ANCLA_OBSERVADO,10.077616391014732,15.359094086715139,2.640738847850203,720.0,OK_CALIBRADO
2026-10-09,PUERTO ALEGRIA,1044.0,2026-10-08,2026-11-29,90,52,12.725187423318404,13.205365381122302,12.725187423318404,9.69,12.097262401574847,8.115419799798406,17.334955046838402,HIBRIDO_ANALOGO_CLIM,ANALOGO_ESTADO_V2_CONFORMAL,30,10,2.7896150849556456,OK_ANALOGOS_CONTINUIDAD_CORREGIDA,-0.09052379037484748,0.09052379037484748,0.0,CORREGIDO_ANCLA_OBSERVADO,10.084448575468201,15.365926271168608,2.640738847850203,720.0,OK_CALIBRADO
2026-10-09,PUERTO ALEGRIA,1044.0,2026-10-08,2026-11-30,90,53,12.733386027003776,13.207780436853218,12.733386027003776,9.69,12.13367988625071,8.105204099858778,17.361567954148775,HIBRIDO_ANALOGO_CLIM,ANALOGO_ESTADO_V2_CONFORMAL,30,10,2.7896150849556456,OK_ANALOGOS_CONTINUIDAD_CORREGIDA,-0.09052379037484748,0.09052379037484748,0.0,CORREGIDO_ANCLA_OBSERVADO,10.092647179153573,15.37412487485398,2.640738847850203,720.0,OK_CALIBRADO
2026-10-09,PUERTO ALEGRIA,1044.0,2026-10-08,2026-12-01,90,54,12.762737004538602,13.211880804586063,12.762737004538602,9.69,12.213783471147261,8.090858204893602,17.4346158041836,HIBRIDO_ANALOGO_CLIM,ANALOGO_ESTADO_V2_CONFORMAL,30,10,2.7896150849556456,OK_ANALOGOS_CONTINUIDAD_CORREGIDA,-0.09052379037484748,0.09052379037484748,0.0,CORREGIDO_ANCLA_OBSERVADO,10.121998156688399,15.403475852388805,2.640738847850203,720.0,OK_CALIBRADO
2026-10-09,PUERTO ALEGRIA,1044.0,2026-10-08,2026-12-02,90,55,12.797281607642981,13.238516475984186,12.797281607642981,9.69,12.27582221778519,8.05013474511798,17.54442847016798,HIBRIDO_ANALOGO_CLIM,ANALOGO_ESTADO_V2_CONFORMAL,30,10,2.7896150849556456,OK_ANALOGOS_CONTINUIDAD_CORREGIDA,-0.09052379037484748,0.09052379037484748,0.0,CORREGIDO_ANCLA_OBSERVADO,10.156542759792778,15.438020455493184,2.640738847850203,720.0,OK_CALIBRADO
2026-10-09,PUERTO ALEGRIA,1044.0,2026-10-08,2026-12-03,90,56,12.82163893490006,13.2519006287204,12.82163893490006,9.69,12.329911284819675,8.028369308200059,17.61490856160006,HIBRIDO_ANALOGO_CLIM,ANALOGO_ESTADO_V2_CONFORMAL,30,10,2.7896150849556456,OK_ANALOGOS_CONTINUIDAD_CORREGIDA,-0.09052379037484748,0.09052379037484748,0.0,CORREGIDO_ANCLA_OBSERVADO,10.180900087049856,15.462377782750263,2.640738847850203,720.0,OK_CALIBRADO
2026-10-09,PUERTO ALEGRIA,1044.0,2026-10-08,2026-12-04,90,57,12.851912347752535,13.2716698193977,12.851912347752535,9.69,12.38796987909209,8.008217619127533,17.695607076377534,HIBRIDO_ANALOGO_CLIM,ANALOGO_ESTADO_V2_CONFORMAL,30,10,2.7896150849556456,OK_ANALOGOS_CONTINUIDAD_CORREGIDA,-0.09052379037484748,0.09052379037484748,0.0,CORREGIDO_ANCLA_OBSERVADO,10.211173499902332,15.492651195602738,2.640738847850203,720.0,OK_CALIBRADO
2026-10-09,PUERTO ALEGRIA,1044.0,2026-10-08,2026-12-05,90,58,12.88658160158443,13.300267283396623,12.88658160158443,9.69,12.444365872750708,8.005051366359428,17.76811183680943,HIBRIDO_ANALOGO_CLIM,ANALOGO_ESTADO_V2_CONFORMAL,30,10,2.7896150849556456,OK_ANALOGOS_CONTINUIDAD_CORREGIDA,-0.09052379037484748,0.09052379037484748,0.0,CORREGIDO_ANCLA_OBSERVADO,10.245842753734227,15.527320449434633,2.640738847850203,720.0,OK_CALIBRADO
2026-10-09,PUERTO ALEGRIA,1044.0,2026-10-08,2026-12-06,90,59,12.908368126778505,13.305310227042302,12.908368126778505,9.69,12.497970362098986,8.088074521853505,17.728661731703504,HIBRIDO_ANALOGO_CLIM,ANALOGO_ESTADO_V2_CONFORMAL,30,10,2.7896150849556456,OK_ANALOGOS_CONTINUIDAD_CORREGIDA,-0.09052379037484748,0.09052379037484748,0.0,CORREGIDO_ANCLA_OBSERVADO,10.267629278928302,15.549106974628708,2.640738847850203,720.0,OK_CALIBRADO
2026-10-09,PUERTO ALEGRIA,1044.0,2026-10-08,2026-12-07,90,60,12.936820007566338,13.317851503626793,12.936820007566338,9.69,12.555788511505881,8.150872868041336,17.72276714709134,HIBRIDO_ANALOGO_CLIM,ANALOGO_ESTADO_V2_CONFORMAL,30,10,2.7896150849556456,OK_ANALOGOS_CONTINUIDAD_CORREGIDA,-0.09052379037484748,0.09052379037484748,0.0,CORREGIDO_ANCLA_OBSERVADO,10.296081159716135,15.577558855416541,2.640738847850203,720.0,OK_CALIBRADO
2026-10-09,PUERTO ALEGRIA,1044.0,2026-10-08,2026-12-08,90,61,12.987358501010304,13.34581847124831,12.987358501010304,9.69,12.640651316681744,8.208480376365303,17.766236625655303,HIBRIDO_ANALOGO_CLIM,ANALOGO_ESTADO_V2_CONFORMAL,30,10,2.7896150849556456,OK_ANALOGOS_CONTINUIDAD_CORREGIDA,-0.09052379037484748,0.09052379037484748,0.0,CORREGIDO_ANCLA_OBSERVADO,10.3466196531601,15.628097348860507,2.640738847850203,720.0,OK_CALIBRADO
2026-10-09,PUERTO ALEGRIA,1044.0,2026-10-08,2026-12-09,90,62,13.01453070290429,13.336223194233744,13.01453070290429,9.69,12.713592565854157,8.25523509937929,17.773826306429292,HIBRIDO_ANALOGO_CLIM,ANALOGO_ESTADO_V2_CONFORMAL,30,10,2.7896150849556456,OK_ANALOGOS_CONTINUIDAD_CORREGIDA,-0.09052379037484748,0.09052379037484748,0.0,CORREGIDO_ANCLA_OBSERVADO,10.373791855054087,15.655269550754493,2.640738847850203,720.0,OK_CALIBRADO
2026-10-09,PUERTO ALEGRIA,1044.0,2026-10-08,2026-12-10,90,63,13.051494978689137,13.332132653241953,13.051494978689137,9.69,12.797584701712779,8.270678714789137,17.832311242589135,HIBRIDO_ANALOGO_CLIM,ANALOGO_ESTADO_V2_CONFORMAL,30,10,2.7896150849556456,OK_ANALOGOS_CONTINUIDAD_CORREGIDA,-0.09052379037484748,0.09052379037484748,0.0,CORREGIDO_ANCLA_OBSERVADO,10.410756130838934,15.69223382653934,2.640738847850203,720.0,OK_CALIBRADO
2026-10-09,PUERTO ALEGRIA,1044.0,2026-10-08,2026-12-11,90,64,13.099580411108544,13.355094063580552,13.099580411108544,9.69,12.876005965195537,8.292626619588544,17.906534202628542,HIBRIDO_ANALOGO_CLIM,ANALOGO_ESTADO_V2_CONFORMAL,30,10,2.7896150849556456,OK_ANALOGOS_CONTINUIDAD_CORREGIDA,-0.09052379037484748,0.09052379037484748,0.0,CORREGIDO_ANCLA_OBSERVADO,10.458841563258341,15.740319258958747,2.640738847850203,720.0,OK_CALIBRADO
2026-10-09,PUERTO ALEGRIA,1044.0,2026-10-08,2026-12-12,90,65,13.138823859699238,13.36747708381082,13.138823859699238,9.69,12.945348054681745,8.27437642605424,18.00327129334424,HIBRIDO_ANALOGO_CLIM,ANALOGO_ESTADO_V2_CONFORMAL,30,10,2.7896150849556456,OK_ANALOGOS_CONTINUIDAD_CORREGIDA,-0.09052379037484748,0.09052379037484748,0.0,CORREGIDO_ANCLA_OBSERVADO,10.498085011849035,15.779562707549442,2.640738847850203,720.0,OK_CALIBRADO
2026-10-09,PUERTO ALEGRIA,1044.0,2026-10-08,2026-12-13,90,66,13.194734565164469,13.41695651020657,13.194734565164469,9.69,13.01291661013002,8.267987081644469,18.12148204868447,HIBRIDO_ANALOGO_CLIM,ANALOGO_ESTADO_V2_CONFORMAL,30,10,2.7896150849556456,OK_ANALOGOS_CONTINUIDAD_CORREGIDA,-0.09052379037484748,0.09052379037484748,0.0,CORREGIDO_ANCLA_OBSERVADO,10.553995717314265,15.835473413014672,2.640738847850203,720.0,OK_CALIBRADO
2026-10-09,PUERTO ALEGRIA,1044.0,2026-10-08,2026-12-14,90,67,13.233472325878163,13.430668112900047,13.233472325878163,9.69,13.077481628681745,8.281592893098164,18.185351758658165,HIBRIDO_ANALOGO_CLIM,ANALOGO_ESTADO_V2_CONFORMAL,30,10,2.7896150849556456,OK_ANALOGOS_CONTINUIDAD_CORREGIDA,-0.09052379037484748,0.09052379037484748,0.0,CORREGIDO_ANCLA_OBSERVADO,10.59273347802796,15.874211173728366,2.640738847850203,720.0,OK_CALIBRADO
2026-10-09,PUERTO ALEGRIA,1044.0,2026-10-08,2026-12-15,90,68,13.271761162937894,13.45197955707445,13.271761162937894,9.69,13.133947096833468,8.261463801112894,18.282058524762896,HIBRIDO_ANALOGO_CLIM,ANALOGO_ESTADO_V2_CONFORMAL,30,10,2.7896150849556456,OK_ANALOGOS_CONTINUIDAD_CORREGIDA,-0.09052379037484748,0.09052379037484748,0.0,CORREGIDO_ANCLA_OBSERVADO,10.63102231508769,15.912500010788097,2.640738847850203,720.0,OK_CALIBRADO
2026-10-09,PUERTO ALEGRIA,1044.0,2026-10-08,2026-12-16,90,69,13.314082808803182,13.472691126512105,13.314082808803182,9.69,13.196850573974848,8.226047111703183,18.402118505903182,HIBRIDO_ANALOGO_CLIM,ANALOGO_ESTADO_V2_CONFORMAL,30,10,2.7896150849556456,OK_ANALOGOS_CONTINUIDAD_CORREGIDA,-0.09052379037484748,0.09052379037484748,0.0,CORREGIDO_ANCLA_OBSERVADO,10.673343960952979,15.954821656653385,2.640738847850203,720.0,OK_CALIBRADO
2026-10-09,PUERTO ALEGRIA,1044.0,2026-10-08,2026-12-17,90,70,13.3540934270965,13.488157476725432,13.3540934270965,9.69,13.258333391647263,8.209401357996498,18.498785496196497,HIBRIDO_ANALOGO_CLIM,ANALOGO_ESTADO_V2_CONFORMAL,30,10,2.7896150849556456,OK_ANALOGOS_CONTINUIDAD_CORREGIDA,-0.09052379037484748,0.09052379037484748,0.0,CORREGIDO_ANCLA_OBSERVADO,10.713354579246296,15.994832274946702,2.640738847850203,720.0,OK_CALIBRADO
2026-10-09,PUERTO ALEGRIA,1044.0,2026-10-08,2026-12-18,90,71,13.393679970479122,13.524793117583133,13.393679970479122,9.69,13.303193432336917,8.216463922479123,18.570896018479118,HIBRIDO_ANALOGO_CLIM,ANALOGO_ESTADO_V2_CONFORMAL,30,10,2.7896150849556456,OK_ANALOGOS_CONTINUIDAD_CORREGIDA,-0.09052379037484748,0.09052379037484748,0.0,CORREGIDO_ANCLA_OBSERVADO,10.752941122628918,16.034418818329325,2.640738847850203,720.0,OK_CALIBRADO
2026-10-09,PUERTO ALEGRIA,1044.0,2026-10-08,2026-12-19,90,72,13.445497748628599,13.577045096988538,13.445497748628599,9.69,13.35779951638864,8.2166043313486,18.674391165908595,HIBRIDO_ANALOGO_CLIM,ANALOGO_ESTADO_V2_CONFORMAL,30,10,2.7896150849556456,OK_ANALOGOS_CONTINUIDAD_CORREGIDA,-0.09052379037484748,0.09052379037484748,0.0,CORREGIDO_ANCLA_OBSERVADO,10.804758900778396,16.086236596478802,2.640738847850203,720.0,OK_CALIBRADO
2026-10-09,PUERTO ALEGRIA,1044.0,2026-10-08,2026-12-20,90,73,13.490289331303215,13.616749938704647,13.490289331303215,9.69,13.408869488181743,8.267835622023217,18.712743040583213,HIBRIDO_ANALOGO_CLIM,ANALOGO_ESTADO_V2_CONFORMAL,30,10,2.7896150849556456,OK_ANALOGOS_CONTINUIDAD_CORREGIDA,-0.09052379037484748,0.09052379037484748,0.0,CORREGIDO_ANCLA_OBSERVADO,10.849550483453012,16.131028179153418,2.640738847850203,720.0,OK_CALIBRADO
2026-10-09,PUERTO ALEGRIA,1044.0,2026-10-08,2026-12-21,90,74,13.535620439265209,13.664201580101428,13.535620439265209,9.69,13.45569162198864,8.356316597985211,18.714924280545205,HIBRIDO_ANALOGO_CLIM,ANALOGO_ESTADO_V2_CONFORMAL,30,10,2.7896150849556456,OK_ANALOGOS_CONTINUIDAD_CORREGIDA,-0.09052379037484748,0.09052379037484748,0.0,CORREGIDO_ANCLA_OBSERVADO,10.894881591415006,16.17635928711541,2.640738847850203,720.0,OK_CALIBRADO
2026-10-09,PUERTO ALEGRIA,1044.0,2026-10-08,2026-12-22,90,75,13.571712972895503,13.694705652677053,13.571712972895503,9.69,13.49791736502657,8.470374719615505,18.673051226175502,HIBRIDO_ANALOGO_CLIM,ANALOGO_ESTADO_V2_CONFORMAL,30,10,2.7896150849556456,OK_ANALOGOS_CONTINUIDAD_CORREGIDA,-0.09052379037484748,0.09052379037484748,0.0,CORREGIDO_ANCLA_OBSERVADO,10.9309741250453,16.212451820745706,2.640738847850203,720.0,OK_CALIBRADO
2026-10-09,PUERTO ALEGRIA,1044.0,2026-10-08,2026-12-23,90,76,13.630718092093426,13.775375553996046,13.630718092093426,9.69,13.546969035202434,8.624189386813427,18.63724679737342,HIBRIDO_ANALOGO_CLIM,ANALOGO_ESTADO_V2_CONFORMAL,30,10,2.7896150849556456,OK_ANALOGOS_CONTINUIDAD_CORREGIDA,-0.09052379037484748,0.09052379037484748,0.0,CORREGIDO_ANCLA_OBSERVADO,10.989979244243223,16.27145693994363,2.640738847850203,720.0,OK_CALIBRADO
2026-10-09,PUERTO ALEGRIA,1044.0,2026-10-08,2026-12-24,90,77,13.678522955663793,13.79128749331104,13.678522955663793,9.69,13.615550551523123,8.735782474863793,18.621263436463792,HIBRIDO_ANALOGO_CLIM,ANALOGO_ESTADO_V2_CONFORMAL,30,10,2.7896150849556456,OK_ANALOGOS_CONTINUIDAD_CORREGIDA,-0.09052379037484748,0.09052379037484748,0.0,CORREGIDO_ANCLA_OBSERVADO,11.03778410781359,16.319261803513996,2.640738847850203,720.0,OK_CALIBRADO
2026-10-09,PUERTO ALEGRIA,1044.0,2026-10-08,2026-12-25,90,78,13.739453459819366,13.84472516737446,13.739453459819366,9.69,13.682768694212777,8.879048322719365,18.59985859691936,HIBRIDO_ANALOGO_CLIM,ANALOGO_ESTADO_V2_CONFORMAL,30,10,2.7896150849556456,OK_ANALOGOS_CONTINUIDAD_CORREGIDA,-0.09052379037484748,0.09052379037484748,0.0,CORREGIDO_ANCLA_OBSERVADO,11.098714611969163,16.380192307669567,2.640738847850203,720.0,OK_CALIBRADO
2026-10-09,PUERTO ALEGRIA,1044.0,2026-10-08,2026-12-26,90,79,13.7990484773897,13.88695562596079,13.7990484773897,9.69,13.75342578003002,9.003830424484702,18.594266530294696,HIBRIDO_ANALOGO_CLIM,ANALOGO_ESTADO_V2_CONFORMAL,30,10,2.7896150849556456,OK_ANALOGOS_CONTINUIDAD_CORREGIDA,-0.09052379037484748,0.09052379037484748,0.0,CORREGIDO_ANCLA_OBSERVADO,11.158309629539497,16.439787325239905,2.640738847850203,720.0,OK_CALIBRADO
2026-10-09,PUERTO ALEGRIA,1044.0,2026-10-08,2026-12-27,90,80,13.855308865645723,13.919519154808158,13.855308865645723,9.69,13.823203721064504,9.135376631745721,18.57524109954572,HIBRIDO_ANALOGO_CLIM,ANALOGO_ESTADO_V2_CONFORMAL,30,10,2.7896150849556456,OK_ANALOGOS_CONTINUIDAD_CORREGIDA,-0.09052379037484748,0.09052379037484748,0.0,CORREGIDO_ANCLA_OBSERVADO,11.21457001779552,16.496047713495926,2.640738847850203,720.0,OK_CALIBRADO
2026-10-09,PUERTO ALEGRIA,1044.0,2026-10-08,2026-12-28,90,81,13.908803203263249,13.951096592233057,13.908803203263249,9.69,13.888439719685193,9.229572862163248,18.58803354436325,HIBRIDO_ANALOGO_CLIM,ANALOGO_ESTADO_V2_CONFORMAL,30,10,2.7896150849556456,OK_ANALOGOS_CONTINUIDAD_CORREGIDA,-0.09052379037484748,0.09052379037484748,0.0,CORREGIDO_ANCLA_OBSERVADO,11.268064355413046,16.549542051113452,2.640738847850203,720.0,OK_CALIBRADO
2026-10-09,PUERTO ALEGRIA,1044.0,2026-10-08,2026-12-29,90,82,13.95879252865589,13.973941925653637,13.95879252865589,9.69,13.951772076388641,9.298913582255892,18.61867147505589,HIBRIDO_ANALOGO_CLIM,ANALOGO_ESTADO_V2_CONFORMAL,30,10,2.7896150849556456,OK_ANALOGOS_CONTINUIDAD_CORREGIDA,-0.09052379037484748,0.09052379037484748,0.0,CORREGIDO_ANCLA_OBSERVADO,11.318053680805686,16.599531376506093,2.640738847850203,720.0,OK_CALIBRADO
2026-10-09,PUERTO ALEGRIA,1044.0,2026-10-08,2026-12-30,90,83,13.999514658851645,13.998215745287109,13.999514658851645,9.69,14.00009369260933,9.337012252726645,18.662017064976645,HIBRIDO_ANALOGO_CLIM,ANALOGO_ESTADO_V2_CONFORMAL,30,10,2.7896150849556456,OK_ANALOGOS_CONTINUIDAD_CORREGIDA,-0.09052379037484748,0.09052379037484748,0.0,CORREGIDO_ANCLA_OBSERVADO,11.358775811001442,16.640253506701846,2.640738847850203,720.0,OK_CALIBRADO
2026-10-09,PUERTO ALEGRIA,1044.0,2026-10-08,2026-12-31,90,84,14.033361312757277,14.021516491479497,14.033361312757277,9.69,14.038437664733468,9.37318111685228,18.69354150866228,HIBRIDO_ANALOGO_CLIM,ANALOGO_ESTADO_V2_CONFORMAL,30,10,2.7896150849556456,OK_ANALOGOS_CONTINUIDAD_CORREGIDA,-0.09052379037484748,0.09052379037484748,0.0,CORREGIDO_ANCLA_OBSERVADO,11.392622464907074,16.67410016060748,2.640738847850203,720.0,OK_CALIBRADO
2026-10-09,PUERTO ALEGRIA,1044.0,2026-10-08,2027-01-01,90,85,14.10686345875815,14.075933271983786,14.10686345875815,9.69,14.119599418018181,9.453209540478149,18.76051737703815,HIBRIDO_ANALOGO_CLIM,ANALOGO_ESTADO_V2_CONFORMAL,30,10,2.7896150849556456,OK_ANALOGOS_CONTINUIDAD_CORREGIDA,-0.09052379037484748,0.09052379037484748,0.0,CORREGIDO_ANCLA_OBSERVADO,11.466124610907947,16.747602306608353,2.640738847850203,720.0,OK_CALIBRADO
2026-10-09,PUERTO ALEGRIA,1044.0,2026-10-08,2027-01-02,90,86,14.126921356803814,14.117172010678061,14.126921356803814,9.69,14.13077574945818,9.522134806403814,18.731707907203813,HIBRIDO_ANALOGO_CLIM,ANALOGO_ESTADO_V2_CONFORMAL,30,10,2.7896150849556456,OK_ANALOGOS_CONTINUIDAD_CORREGIDA,-0.09052379037484748,0.09052379037484748,0.0,CORREGIDO_ANCLA_OBSERVADO,11.486182508953611,16.767660204654018,2.640738847850203,720.0,OK_CALIBRADO
2026-10-09,PUERTO ALEGRIA,1044.0,2026-10-08,2027-01-03,90,87,14.159927512264396,14.166838839480484,14.159927512264396,9.69,14.157305974354847,9.574463826664397,18.745391197864393,HIBRIDO_ANALOGO_CLIM,ANALOGO_ESTADO_V2_CONFORMAL,30,10,2.7896150849556456,OK_ANALOGOS_CONTINUIDAD_CORREGIDA,-0.09052379037484748,0.09052379037484748,0.0,CORREGIDO_ANCLA_OBSERVADO,11.519188664414193,16.800666360114597,2.640738847850203,720.0,OK_CALIBRADO
2026-10-09,PUERTO ALEGRIA,1044.0,2026-10-08,2027-01-04,90,88,14.19096710979555,14.206039710124141,14.19096710979555,9.69,14.185486164221514,9.58232183251555,18.79961238707555,HIBRIDO_ANALOGO_CLIM,ANALOGO_ESTADO_V2_CONFORMAL,30,10,2.7896150849556456,OK_ANALOGOS_CONTINUIDAD_CORREGIDA,-0.09052379037484748,0.09052379037484748,0.0,CORREGIDO_ANCLA_OBSERVADO,11.550228261945346,16.831705957645752,2.640738847850203,720.0,OK_CALIBRADO
2026-10-09,PUERTO ALEGRIA,1044.0,2026-10-08,2027-01-05,90,89,14.229704900393594,14.244799871071388,14.229704900393594,9.69,14.224447101618182,9.645335366793596,18.81407443399359,HIBRIDO_ANALOGO_CLIM,ANALOGO_ESTADO_V2_CONFORMAL,30,10,2.7896150849556456,OK_ANALOGOS_CONTINUIDAD_CORREGIDA,-0.09052379037484748,0.09052379037484748,0.0,CORREGIDO_ANCLA_OBSERVADO,11.588966052543391,16.870443748243797,2.640738847850203,720.0,OK_CALIBRADO
2026-10-09,PUERTO ALEGRIA,1044.0,2026-10-08,2027-01-06,90,90,14.274130895432693,14.284812020586221,14.274130895432693,9.69,14.270570520381515,9.729148134152693,18.819113656712695,HIBRIDO_ANALOGO_CLIM,ANALOGO_ESTADO_V2_CONFORMAL,30,10,2.7896150849556456,OK_ANALOGOS_CONTINUIDAD_CORREGIDA,-0.09052379037484748,0.09052379037484748,0.0,CORREGIDO_ANCLA_OBSERVADO,11.63339204758249,16.914869743282896,2.640738847850203,720.0,OK_CALIBRADO
2026-10-09,REQUENA,4.0,2026-10-08,2026-10-09,30,1,5.74,6.204739567031921,5.74,5.74,4.345781298904241,5.6545000000000005,5.8255,HIBRIDO_ANALOGO_CLIM,ANALOGO_ESTADO_V2_CONFORMAL,30,10,2.5117474592497393,OK_ANALOGOS_CONTINUIDAD_CORREGIDA,-0.44567603574634607,0.44567603574634607,0.0,CORREGIDO_ANCLA_OBSERVADO,4.8127184138937125,6.667281586106288,0.9272815861062877,240.0,OK_CALIBRADO
2026-10-09,REQUENA,4.0,2026-10-08,2026-10-10,30,2,5.782067769197078,6.2500053645578495,5.782067769197078,5.74,4.378254983114767,5.604067769197078,5.960067769197078,HIBRIDO_ANALOGO_CLIM,ANALOGO_ESTADO_V2_CONFORMAL,30,10,2.5117474592497393,OK_ANALOGOS_CONTINUIDAD_CORREGIDA,-0.44567603574634607,0.44567603574634607,0.0,CORREGIDO_ANCLA_OBSERVADO,4.85478618309079,6.709349355303366,0.9272815861062877,240.0,OK_CALIBRADO
2026-10-09,REQUENA,4.0,2026-10-08,2026-10-11,30,3,5.804080973435782,6.26938261933226,5.804080973435782,5.74,4.4081760357463455,5.5164309734357815,6.091730973435781,HIBRIDO_ANALOGO_CLIM,ANALOGO_ESTADO_V2_CONFORMAL,30,10,2.5117474592497393,OK_ANALOGOS_CONTINUIDAD_CORREGIDA,-0.44567603574634607,0.44567603574634607,0.0,CORREGIDO_ANCLA_OBSERVADO,4.876799387329494,6.731362559542069,0.9272815861062877,240.0,OK_CALIBRADO
2026-10-09,REQUENA,4.0,2026-10-08,2026-10-12,30,4,5.835429642690603,6.281501020443952,5.835429642690603,5.74,4.497215509430557,5.452129642690604,6.218729642690604,HIBRIDO_ANALOGO_CLIM,ANALOGO_ESTADO_V2_CONFORMAL,30,10,2.5117474592497393,OK_ANALOGOS_CONTINUIDAD_CORREGIDA,-0.44567603574634607,0.44567603574634607,0.0,CORREGIDO_ANCLA_OBSERVADO,4.908148056584316,6.762711228796891,0.9272815861062877,240.0,OK_CALIBRADO
2026-10-09,REQUENA,4.0,2026-10-08,2026-10-13,30,5,5.846509977479963,6.280138835250818,5.846509977479963,5.74,4.545623404167399,5.392109977479962,6.300909977479963,HIBRIDO_ANALOGO_CLIM,ANALOGO_ESTADO_V2_CONFORMAL,30,10,2.5117474592497393,OK_ANALOGOS_CONTINUIDAD_CORREGIDA,-0.44567603574634607,0.44567603574634607,0.0,CORREGIDO_ANCLA_OBSERVADO,4.919228391373675,6.773791563586251,0.9272815861062877,240.0,OK_CALIBRADO
2026-10-09,REQUENA,4.0,2026-10-08,2026-10-14,30,6,5.8857168240009905,6.30215147271745,5.8857168240009905,5.74,4.636412877851609,5.420566824000991,6.350866824000991,HIBRIDO_ANALOGO_CLIM,ANALOGO_ESTADO_V2_CONFORMAL,30,10,2.5117474592497393,OK_ANALOGOS_CONTINUIDAD_CORREGIDA,-0.44567603574634607,0.44567603574634607,0.0,CORREGIDO_ANCLA_OBSERVADO,4.958435237894703,6.812998410107278,0.9272815861062877,240.0,OK_CALIBRADO
2026-10-09,REQUENA,4.0,2026-10-08,2026-10-15,30,7,5.961700079832209,6.372673006808198,5.961700079832209,5.74,4.7287812989042415,5.482600079832209,6.44080007983221,HIBRIDO_ANALOGO_CLIM,ANALOGO_ESTADO_V2_CONFORMAL,30,10,2.5117474592497393,OK_ANALOGOS_CONTINUIDAD_CORREGIDA,-0.44567603574634607,0.44567603574634607,0.0,CORREGIDO_ANCLA_OBSERVADO,5.034418493725921,6.888981665938497,0.9272815861062877,240.0,OK_CALIBRADO
2026-10-09,REQUENA,4.0,2026-10-08,2026-10-16,30,8,6.0512122622581686,6.460285741270881,6.0512122622581686,5.74,4.8239918252200304,5.478212262258169,6.624212262258169,HIBRIDO_ANALOGO_CLIM,ANALOGO_ESTADO_V2_CONFORMAL,30,10,2.5117474592497393,OK_ANALOGOS_CONTINUIDAD_CORREGIDA,-0.44567603574634607,0.44567603574634607,0.0,CORREGIDO_ANCLA_OBSERVADO,5.123930676151881,6.978493848364456,0.9272815861062877,240.0,OK_CALIBRADO
2026-10-09,REQUENA,4.0,2026-10-08,2026-10-17,30,9,6.137316936684555,6.542087587874485,6.137316936684555,5.74,4.923004983114767,5.525766936684555,6.748866936684555,HIBRIDO_ANALOGO_CLIM,ANALOGO_ESTADO_V2_CONFORMAL,30,10,2.5117474592497393,OK_ANALOGOS_CONTINUIDAD_CORREGIDA,-0.44567603574634607,0.44567603574634607,0.0,CORREGIDO_ANCLA_OBSERVADO,5.210035350578267,7.064598522790843,0.9272815861062877,240.0,OK_CALIBRADO
2026-10-09,REQUENA,4.0,2026-10-08,2026-10-18,30,10,6.2074202810209345,6.602949064533516,6.2074202810209345,5.74,5.020833930483188,5.496420281020934,6.918420281020934,HIBRIDO_ANALOGO_CLIM,ANALOGO_ESTADO_V2_CONFORMAL,30,10,2.5117474592497393,OK_ANALOGOS_CONTINUIDAD_CORREGIDA,-0.44567603574634607,0.44567603574634607,0.0,CORREGIDO_ANCLA_OBSERVADO,5.280138694914647,7.134701867127222,0.9272815861062877,240.0,OK_CALIBRADO
2026-10-09,REQUENA,4.0,2026-10-08,2026-10-19,30,11,6.278784387762475,6.668267873522238,6.278784387762475,5.74,5.110333930483188,5.501984387762476,7.055584387762475,HIBRIDO_ANALOGO_CLIM,ANALOGO_ESTADO_V2_CONFORMAL,30,10,2.5117474592497393,OK_ANALOGOS_CONTINUIDAD_CORREGIDA,-0.44567603574634607,0.44567603574634607,0.0,CORREGIDO_ANCLA_OBSERVADO,5.351502801656188,7.206065973868763,0.9272815861062877,240.0,OK_CALIBRADO
2026-10-09,REQUENA,4.0,2026-10-08,2026-10-20,30,12,6.365416524027698,6.7558914236302545,6.365416524027698,5.74,5.193991825220031,5.433416524027698,7.297416524027698,HIBRIDO_ANALOGO_CLIM,ANALOGO_ESTADO_V2_CONFORMAL,30,10,2.5117474592497393,OK_ANALOGOS_CONTINUIDAD_CORREGIDA,-0.44567603574634607,0.44567603574634607,0.0,CORREGIDO_ANCLA_OBSERVADO,5.438134937921411,7.292698110133986,0.9272815861062877,240.0,OK_CALIBRADO
2026-10-09,REQUENA,4.0,2026-10-08,2026-10-21,30,13,6.430800103562825,6.815889705115686,6.430800103562825,5.74,5.275531298904241,5.257300103562825,7.604300103562824,HIBRIDO_ANALOGO_CLIM,ANALOGO_ESTADO_V2_CONFORMAL,30,10,2.5117474592497393,OK_ANALOGOS_CONTINUIDAD_CORREGIDA,-0.44567603574634607,0.44567603574634607,0.0,CORREGIDO_ANCLA_OBSERVADO,5.503518517456537,7.358081689669112,0.9272815861062877,240.0,OK_CALIBRADO
2026-10-09,REQUENA,4.0,2026-10-08,2026-10-22,30,14,6.4600468759331555,6.827069612135776,6.4600468759331555,5.74,5.358978667325293,5.141046875933156,7.7790468759331555,HIBRIDO_ANALOGO_CLIM,ANALOGO_ESTADO_V2_CONFORMAL,30,10,2.5117474592497393,OK_ANALOGOS_CONTINUIDAD_CORREGIDA,-0.44567603574634607,0.44567603574634607,0.0,CORREGIDO_ANCLA_OBSERVADO,5.532765289826868,7.387328462039443,0.9272815861062877,240.0,OK_CALIBRADO
2026-10-09,REQUENA,4.0,2026-10-08,2026-10-23,30,15,6.487309136697049,6.837875433505178,6.487309136697049,5.74,5.435610246272662,5.242809136697049,7.7318091366970485,HIBRIDO_ANALOGO_CLIM,ANALOGO_ESTADO_V2_CONFORMAL,30,10,2.5117474592497393,OK_ANALOGOS_CONTINUIDAD_CORREGIDA,-0.44567603574634607,0.44567603574634607,0.0,CORREGIDO_ANCLA_OBSERVADO,5.560027550590761,7.414590722803337,0.9272815861062877,240.0,OK_CALIBRADO
2026-10-09,REQUENA,4.0,2026-10-08,2026-10-24,30,16,6.500688014007308,6.829722708515348,6.500688014007308,5.74,5.513583930483188,5.337688014007308,7.663688014007308,HIBRIDO_ANALOGO_CLIM,ANALOGO_ESTADO_V2_CONFORMAL,30,10,2.5117474592497393,OK_ANALOGOS_CONTINUIDAD_CORREGIDA,-0.44567603574634607,0.44567603574634607,0.0,CORREGIDO_ANCLA_OBSERVADO,5.57340642790102,7.427969600113595,0.9272815861062877,240.0,OK_CALIBRADO
2026-10-09,REQUENA,4.0,2026-10-08,2026-10-25,30,17,6.505277839326212,6.818390721221255,6.505277839326212,5.74,5.565939193641083,5.388977839326212,7.621577839326212,HIBRIDO_ANALOGO_CLIM,ANALOGO_ESTADO_V2_CONFORMAL,30,10,2.5117474592497393,OK_ANALOGOS_CONTINUIDAD_CORREGIDA,-0.44567603574634607,0.44567603574634607,0.0,CORREGIDO_ANCLA_OBSERVADO,5.577996253219924,7.432559425432499,0.9272815861062877,240.0,OK_CALIBRADO
2026-10-09,REQUENA,4.0,2026-10-08,2026-10-26,30,18,6.513754376633474,6.812254174473043,6.513754376633474,5.74,5.618254983114767,5.340954376633475,7.686554376633474,HIBRIDO_ANALOGO_CLIM,ANALOGO_ESTADO_V2_CONFORMAL,30,10,2.5117474592497393,OK_ANALOGOS_CONTINUIDAD_CORREGIDA,-0.44567603574634607,0.44567603574634607,0.0,CORREGIDO_ANCLA_OBSERVADO,5.5864727905271865,7.441035962739762,0.9272815861062877,240.0,OK_CALIBRADO
2026-10-09,REQUENA,4.0,2026-10-08,2026-10-27,30,19,6.524417070148819,6.812036888633854,6.524417070148819,5.74,5.661557614693714,5.293917070148819,7.75491707014882,HIBRIDO_ANALOGO_CLIM,ANALOGO_ESTADO_V2_CONFORMAL,30,10,2.5117474592497393,OK_ANALOGOS_CONTINUIDAD_CORREGIDA,-0.44567603574634607,0.44567603574634607,0.0,CORREGIDO_ANCLA_OBSERVADO,5.597135484042531,7.451698656255107,0.9272815861062877,240.0,OK_CALIBRADO
2026-10-09,REQUENA,4.0,2026-10-08,2026-10-28,30,20,6.5344827036206246,6.809804224490998,6.5344827036206246,5.74,5.708518141009504,5.242682703620624,7.826282703620625,HIBRIDO_ANALOGO_CLIM,ANALOGO_ESTADO_V2_CONFORMAL,30,10,2.5117474592497393,OK_ANALOGOS_CONTINUIDAD_CORREGIDA,-0.44567603574634607,0.44567603574634607,0.0,CORREGIDO_ANCLA_OBSERVADO,5.607201117514337,7.461764289726912,0.9272815861062877,240.0,OK_CALIBRADO
2026-10-09,REQUENA,4.0,2026-10-08,2026-10-29,30,21,6.571042411861155,6.838287344250303,6.571042411861155,5.74,5.769307614693714,5.230042411861156,7.912042411861155,HIBRIDO_ANALOGO_CLIM,ANALOGO_ESTADO_V2_CONFORMAL,30,10,2.5117474592497393,OK_ANALOGOS_CONTINUIDAD_CORREGIDA,-0.44567603574634607,0.44567603574634607,0.0,CORREGIDO_ANCLA_OBSERVADO,5.6437608257548675,7.498323997967443,0.9272815861062877,240.0,OK_CALIBRADO
2026-10-09,REQUENA,4.0,2026-10-08,2026-10-30,30,22,6.649418384442424,6.914823728744627,6.649418384442424,5.74,5.85320235153582,5.234518384442424,8.064318384442425,HIBRIDO_ANALOGO_CLIM,ANALOGO_ESTADO_V2_CONFORMAL,30,10,2.5117474592497393,OK_ANALOGOS_CONTINUIDAD_CORREGIDA,-0.44567603574634607,0.44567603574634607,0.0,CORREGIDO_ANCLA_OBSERVADO,5.722136798336137,7.576699970548712,0.9272815861062877,240.0,OK_CALIBRADO
2026-10-09,REQUENA,4.0,2026-10-08,2026-10-31,30,23,6.7587990647762135,7.015892706031783,6.7587990647762135,5.74,5.987518141009504,5.273399064776214,8.244199064776215,HIBRIDO_ANALOGO_CLIM,ANALOGO_ESTADO_V2_CONFORMAL,30,10,2.5117474592497393,OK_ANALOGOS_CONTINUIDAD_CORREGIDA,-0.44567603574634607,0.44567603574634607,0.0,CORREGIDO_ANCLA_OBSERVADO,5.831517478669926,7.686080650882501,0.9272815861062877,240.0,OK_CALIBRADO
2026-10-09,REQUENA,4.0,2026-10-08,2026-11-01,30,24,6.839561656884384,7.133654161227693,6.839561656884384,5.74,5.957284143854454,5.300561656884384,8.378561656884385,HIBRIDO_ANALOGO_CLIM,ANALOGO_ESTADO_V2_CONFORMAL,30,10,2.5117474592497393,OK_ANALOGOS_CONTINUIDAD_CORREGIDA,-0.44567603574634607,0.44567603574634607,0.0,CORREGIDO_ANCLA_OBSERVADO,5.912280070778096,7.766843242990672,0.9272815861062877,240.0,OK_CALIBRADO
2026-10-09,REQUENA,4.0,2026-10-08,2026-11-02,30,25,6.966411656736912,7.251139769716673,6.966411656736912,5.74,6.112227317797628,5.362261656736912,8.57056165673691,HIBRIDO_ANALOGO_CLIM,ANALOGO_ESTADO_V2_CONFORMAL,30,10,2.5117474592497393,OK_ANALOGOS_CONTINUIDAD_CORREGIDA,-0.44567603574634607,0.44567603574634607,0.0,CORREGIDO_ANCLA_OBSERVADO,6.039130070630624,7.8936932428432,0.9272815861062877,240.0,OK_CALIBRADO
2026-10-09,REQUENA,4.0,2026-10-08,2026-11-03,30,26,7.072128428620338,7.357326234792009,7.072128428620338,5.74,6.2165350101053205,5.3336284286203375,8.810628428620337,HIBRIDO_ANALOGO_CLIM,ANALOGO_ESTADO_V2_CONFORMAL,30,10,2.5117474592497393,OK_ANALOGOS_CONTINUIDAD_CORREGIDA,-0.44567603574634607,0.44567603574634607,0.0,CORREGIDO_ANCLA_OBSERVADO,6.14484684251405,7.999410014726625,0.9272815861062877,240.0,OK_CALIBRADO
2026-10-09,REQUENA,4.0,2026-10-08,2026-11-04,30,27,7.168875754030654,7.443066258416021,7.168875754030654,5.74,6.346304240874551,5.254375754030653,9.083375754030655,HIBRIDO_ANALOGO_CLIM,ANALOGO_ESTADO_V2_CONFORMAL,30,10,2.5117474592497393,OK_ANALOGOS_CONTINUIDAD_CORREGIDA,-0.44567603574634607,0.44567603574634607,0.0,CORREGIDO_ANCLA_OBSERVADO,6.241594167924366,8.09615734013694,0.9272815861062877,240.0,OK_CALIBRADO
2026-10-09,REQUENA,4.0,2026-10-08,2026-11-05,30,28,7.258120188794768,7.515430632973302,7.258120188794768,5.74,6.486188856259166,5.171620188794768,9.344620188794767,HIBRIDO_ANALOGO_CLIM,ANALOGO_ESTADO_V2_CONFORMAL,30,10,2.5117474592497393,OK_ANALOGOS_CONTINUIDAD_CORREGIDA,-0.44567603574634607,0.44567603574634607,0.0,CORREGIDO_ANCLA_OBSERVADO,6.33083860268848,8.185401774901056,0.9272815861062877,240.0,OK_CALIBRADO
2026-10-09,REQUENA,4.0,2026-10-08,2026-11-06,30,29,7.332260221411889,7.568843838855957,7.332260221411889,5.74,6.62250936907968,5.135760221411889,9.52876022141189,HIBRIDO_ANALOGO_CLIM,ANALOGO_ESTADO_V2_CONFORMAL,30,10,2.5117474592497393,OK_ANALOGOS_CONTINUIDAD_CORREGIDA,-0.44567603574634607,0.44567603574634607,0.0,CORREGIDO_ANCLA_OBSERVADO,6.404978635305601,8.259541807518175,0.9272815861062877,240.0,OK_CALIBRADO
2026-10-09,REQUENA,4.0,2026-10-08,2026-11-07,30,30,7.413277587402682,7.630713147356503,7.413277587402682,5.74,6.760970907541218,5.179777587402682,9.646777587402681,HIBRIDO_ANALOGO_CLIM,ANALOGO_ESTADO_V2_CONFORMAL,30,10,2.5117474592497393,OK_ANALOGOS_CONTINUIDAD_CORREGIDA,-0.44567603574634607,0.44567603574634607,0.0,CORREGIDO_ANCLA_OBSERVADO,6.485996001296394,8.34055917350897,0.9272815861062877,240.0,OK_CALIBRADO
2026-10-09,REQUENA,4.0,2026-10-08,2026-10-09,60,1,5.74,6.204799238960692,5.74,5.74,4.345602283117929,5.6545000000000005,5.825500000000001,HIBRIDO_ANALOGO_CLIM,ANALOGO_ESTADO_V2_CONFORMAL,30,10,2.5452691716216744,OK_ANALOGOS_CONTINUIDAD_CORREGIDA,-0.4454970199600341,0.4454970199600341,0.0,CORREGIDO_ANCLA_OBSERVADO,3.648002606018265,7.8319973939817356,2.0919973939817353,480.0,OK_CALIBRADO
2026-10-09,REQUENA,4.0,2026-10-08,2026-10-10,60,2,5.7836509120866415,6.252175893672704,5.7836509120866415,5.74,4.378075967328455,5.605650912086642,5.961650912086641,HIBRIDO_ANALOGO_CLIM,ANALOGO_ESTADO_V2_CONFORMAL,30,10,2.5452691716216744,OK_ANALOGOS_CONTINUIDAD_CORREGIDA,-0.4454970199600341,0.4454970199600341,0.0,CORREGIDO_ANCLA_OBSERVADO,3.691653518104906,7.875648306068377,2.0919973939817353,480.0,OK_CALIBRADO
2026-10-09,REQUENA,4.0,2026-10-08,2026-10-11,60,3,5.806373839294538,6.272499445739373,5.806373839294538,5.74,4.407997019960034,5.5187238392945375,6.094023839294537,HIBRIDO_ANALOGO_CLIM,ANALOGO_ESTADO_V2_CONFORMAL,30,10,2.5452691716216744,OK_ANALOGOS_CONTINUIDAD_CORREGIDA,-0.4454970199600341,0.4454970199600341,0.0,CORREGIDO_ANCLA_OBSERVADO,3.7143764453128023,7.898371233276273,2.0919973939817353,480.0,OK_CALIBRADO
2026-10-09,REQUENA,4.0,2026-10-08,2026-10-12,60,4,5.839403483956362,6.286859147393734,5.839403483956362,5.74,4.497036493644245,5.456103483956363,6.222703483956362,HIBRIDO_ANALOGO_CLIM,ANALOGO_ESTADO_V2_CONFORMAL,30,10,2.5452691716216744,OK_ANALOGOS_CONTINUIDAD_CORREGIDA,-0.4454970199600341,0.4454970199600341,0.0,CORREGIDO_ANCLA_OBSERVADO,3.7474060899746267,7.931400877938097,2.0919973939817353,480.0,OK_CALIBRADO
2026-10-09,REQUENA,4.0,2026-10-08,2026-10-13,60,5,5.856777808492692,6.293888948529894,5.856777808492692,5.74,4.545444388381087,5.402377808492691,6.311177808492691,HIBRIDO_ANALOGO_CLIM,ANALOGO_ESTADO_V2_CONFORMAL,30,10,2.5452691716216744,OK_ANALOGOS_CONTINUIDAD_CORREGIDA,-0.4454970199600341,0.4454970199600341,0.0,CORREGIDO_ANCLA_OBSERVADO,3.7647804145109562,7.948775202474427,2.0919973939817353,480.0,OK_CALIBRADO
2026-10-09,REQUENA,4.0,2026-10-08,2026-10-14,60,6,5.903970332181995,6.326549155554228,5.903970332181995,5.74,4.636233862065297,5.4388203321819955,6.369120332181995,HIBRIDO_ANALOGO_CLIM,ANALOGO_ESTADO_V2_CONFORMAL,30,10,2.5452691716216744,OK_ANALOGOS_CONTINUIDAD_CORREGIDA,-0.4454970199600341,0.4454970199600341,0.0,CORREGIDO_ANCLA_OBSERVADO,3.8119729382002596,7.99596772616373,2.0919973939817353,480.0,OK_CALIBRADO
2026-10-09,REQUENA,4.0,2026-10-08,2026-10-15,60,7,5.989669703461678,6.410025510242928,5.989669703461678,5.74,4.7286022831179295,5.5105697034616785,6.468769703461679,HIBRIDO_ANALOGO_CLIM,ANALOGO_ESTADO_V2_CONFORMAL,30,10,2.5452691716216744,OK_ANALOGOS_CONTINUIDAD_CORREGIDA,-0.4454970199600341,0.4454970199600341,0.0,CORREGIDO_ANCLA_OBSERVADO,3.897672309479943,8.081667097443415,2.0919973939817353,480.0,OK_CALIBRADO
2026-10-09,REQUENA,4.0,2026-10-08,2026-10-16,60,8,6.090003062045709,6.512066479583039,6.090003062045709,5.74,4.8238128094337185,5.51700306204571,6.66300306204571,HIBRIDO_ANALOGO_CLIM,ANALOGO_ESTADO_V2_CONFORMAL,30,10,2.5452691716216744,OK_ANALOGOS_CONTINUIDAD_CORREGIDA,-0.4454970199600341,0.4454970199600341,0.0,CORREGIDO_ANCLA_OBSERVADO,3.998005668063974,8.182000456027446,2.0919973939817353,480.0,OK_CALIBRADO
2026-10-09,REQUENA,4.0,2026-10-08,2026-10-17,60,9,6.1805508417997945,6.599792466623574,6.1805508417997945,5.74,4.922825967328455,5.564050841799794,6.797050841799795,HIBRIDO_ANALOGO_CLIM,ANALOGO_ESTADO_V2_CONFORMAL,30,10,2.5452691716216744,OK_ANALOGOS_CONTINUIDAD_CORREGIDA,-0.4454970199600341,0.4454970199600341,0.0,CORREGIDO_ANCLA_OBSERVADO,4.088553447818059,8.27254823578153,2.0919973939817353,480.0,OK_CALIBRADO
2026-10-09,REQUENA,4.0,2026-10-08,2026-10-18,60,10,6.261821168144098,6.675543252626506,6.261821168144098,5.74,5.020654914696876,5.550821168144098,6.972821168144098,HIBRIDO_ANALOGO_CLIM,ANALOGO_ESTADO_V2_CONFORMAL,30,10,2.5452691716216744,OK_ANALOGOS_CONTINUIDAD_CORREGIDA,-0.4454970199600341,0.4454970199600341,0.0,CORREGIDO_ANCLA_OBSERVADO,4.169823774162363,8.353818562125834,2.0919973939817353,480.0,OK_CALIBRADO
2026-10-09,REQUENA,4.0,2026-10-08,2026-10-19,60,11,6.337760106994231,6.746961837760016,6.337760106994231,5.74,5.110154914696876,5.5447601069942305,7.130760106994231,HIBRIDO_ANALOGO_CLIM,ANALOGO_ESTADO_V2_CONFORMAL,30,10,2.5452691716216744,OK_ANALOGOS_CONTINUIDAD_CORREGIDA,-0.4454970199600341,0.4454970199600341,0.0,CORREGIDO_ANCLA_OBSERVADO,4.245762713012495,8.429757500975967,2.0919973939817353,480.0,OK_CALIBRADO
2026-10-09,REQUENA,4.0,2026-10-08,2026-10-20,60,12,6.429344241347308,6.8411880519851715,6.429344241347308,5.74,5.193812809433719,5.4973442413473075,7.361344241347307,HIBRIDO_ANALOGO_CLIM,ANALOGO_ESTADO_V2_CONFORMAL,30,10,2.5452691716216744,OK_ANALOGOS_CONTINUIDAD_CORREGIDA,-0.4454970199600341,0.4454970199600341,0.0,CORREGIDO_ANCLA_OBSERVADO,4.3373468473655725,8.521341635329044,2.0919973939817353,480.0,OK_CALIBRADO
2026-10-09,REQUENA,4.0,2026-10-08,2026-10-21,60,13,6.497792839202641,6.905273024564212,6.497792839202641,5.74,5.275352283117929,5.324292839202641,7.671292839202641,HIBRIDO_ANALOGO_CLIM,ANALOGO_ESTADO_V2_CONFORMAL,30,10,2.5452691716216744,OK_ANALOGOS_CONTINUIDAD_CORREGIDA,-0.4454970199600341,0.4454970199600341,0.0,CORREGIDO_ANCLA_OBSERVADO,4.405795445220906,8.589790233184377,2.0919973939817353,480.0,OK_CALIBRADO
2026-10-09,REQUENA,4.0,2026-10-08,2026-10-22,60,14,6.530278779344665,6.92077182194656,6.530278779344665,5.74,5.358799651538981,5.211278779344665,7.849278779344665,HIBRIDO_ANALOGO_CLIM,ANALOGO_ESTADO_V2_CONFORMAL,30,10,2.5452691716216744,OK_ANALOGOS_CONTINUIDAD_CORREGIDA,-0.4454970199600341,0.4454970199600341,0.0,CORREGIDO_ANCLA_OBSERVADO,4.43828138536293,8.622276173326402,2.0919973939817353,480.0,OK_CALIBRADO
2026-10-09,REQUENA,4.0,2026-10-08,2026-10-23,60,15,6.557921910275927,6.932085470205785,6.557921910275927,5.74,5.43543123048635,5.313421910275927,7.8024219102759265,HIBRIDO_ANALOGO_CLIM,ANALOGO_ESTADO_V2_CONFORMAL,30,10,2.5452691716216744,OK_ANALOGOS_CONTINUIDAD_CORREGIDA,-0.4454970199600341,0.4454970199600341,0.0,CORREGIDO_ANCLA_OBSERVADO,4.465924516294192,8.649919304257661,2.0919973939817353,480.0,OK_CALIBRADO
2026-10-09,REQUENA,4.0,2026-10-08,2026-10-24,60,16,6.574744107559339,6.928523838513494,6.574744107559339,5.74,5.513404914696876,5.41174410755934,7.737744107559339,HIBRIDO_ANALOGO_CLIM,ANALOGO_ESTADO_V2_CONFORMAL,30,10,2.5452691716216744,OK_ANALOGOS_CONTINUIDAD_CORREGIDA,-0.4454970199600341,0.4454970199600341,0.0,CORREGIDO_ANCLA_OBSERVADO,4.482746713577604,8.666741501541075,2.0919973939817353,480.0,OK_CALIBRADO
2026-10-09,REQUENA,4.0,2026-10-08,2026-10-25,60,17,6.582960071809362,6.922026703127559,6.582960071809362,5.74,5.565760177854771,5.414460071809361,7.751460071809362,HIBRIDO_ANALOGO_CLIM,ANALOGO_ESTADO_V2_CONFORMAL,30,10,2.5452691716216744,OK_ANALOGOS_CONTINUIDAD_CORREGIDA,-0.4454970199600341,0.4454970199600341,0.0,CORREGIDO_ANCLA_OBSERVADO,4.490962677827627,8.674957465791097,2.0919973939817353,480.0,OK_CALIBRADO
2026-10-09,REQUENA,4.0,2026-10-08,2026-10-26,60,18,6.5931998171170525,6.918241100379919,6.5931998171170525,5.74,5.618075967328455,5.354699817117052,7.831699817117053,HIBRIDO_ANALOGO_CLIM,ANALOGO_ESTADO_V2_CONFORMAL,30,10,2.5452691716216744,OK_ANALOGOS_CONTINUIDAD_CORREGIDA,-0.4454970199600341,0.4454970199600341,0.0,CORREGIDO_ANCLA_OBSERVADO,4.501202423135317,8.685197211098789,2.0919973939817353,480.0,OK_CALIBRADO
2026-10-09,REQUENA,4.0,2026-10-08,2026-10-27,60,19,6.60468889469633,6.919125659959305,6.60468889469633,5.74,5.661378598907402,5.30668889469633,7.90268889469633,HIBRIDO_ANALOGO_CLIM,ANALOGO_ESTADO_V2_CONFORMAL,30,10,2.5452691716216744,OK_ANALOGOS_CONTINUIDAD_CORREGIDA,-0.4454970199600341,0.4454970199600341,0.0,CORREGIDO_ANCLA_OBSERVADO,4.5126915007145945,8.696686288678066,2.0919973939817353,480.0,OK_CALIBRADO
2026-10-09,REQUENA,4.0,2026-10-08,2026-10-28,60,20,6.6147011056794165,6.916821765831491,6.6147011056794165,5.74,5.708339125223192,5.2752011056794155,7.954201105679417,HIBRIDO_ANALOGO_CLIM,ANALOGO_ESTADO_V2_CONFORMAL,30,10,2.5452691716216744,OK_ANALOGOS_CONTINUIDAD_CORREGIDA,-0.4454970199600341,0.4454970199600341,0.0,CORREGIDO_ANCLA_OBSERVADO,4.522703711697681,8.706698499661151,2.0919973939817353,480.0,OK_CALIBRADO
2026-10-09,REQUENA,4.0,2026-10-08,2026-10-29,60,21,6.649573504562567,6.943055139780956,6.649573504562567,5.74,5.769128598907402,5.286073504562567,8.013073504562568,HIBRIDO_ANALOGO_CLIM,ANALOGO_ESTADO_V2_CONFORMAL,30,10,2.5452691716216744,OK_ANALOGOS_CONTINUIDAD_CORREGIDA,-0.4454970199600341,0.4454970199600341,0.0,CORREGIDO_ANCLA_OBSERVADO,4.557576110580832,8.741570898544303,2.0919973939817353,480.0,OK_CALIBRADO
2026-10-09,REQUENA,4.0,2026-10-08,2026-10-30,60,22,6.723782365469018,7.014035375375521,6.723782365469018,5.74,5.853023335749508,5.308882365469017,8.138682365469018,HIBRIDO_ANALOGO_CLIM,ANALOGO_ESTADO_V2_CONFORMAL,30,10,2.5452691716216744,OK_ANALOGOS_CONTINUIDAD_CORREGIDA,-0.4454970199600341,0.4454970199600341,0.0,CORREGIDO_ANCLA_OBSERVADO,4.631784971487282,8.815779759450752,2.0919973939817353,480.0,OK_CALIBRADO
2026-10-09,REQUENA,4.0,2026-10-08,2026-10-31,60,23,6.831861740282718,7.113369278635893,6.831861740282718,5.74,5.987339125223192,5.346461740282718,8.317261740282717,HIBRIDO_ANALOGO_CLIM,ANALOGO_ESTADO_V2_CONFORMAL,30,10,2.5452691716216744,OK_ANALOGOS_CONTINUIDAD_CORREGIDA,-0.4454970199600341,0.4454970199600341,0.0,CORREGIDO_ANCLA_OBSERVADO,4.739864346300982,8.923859134264454,2.0919973939817353,480.0,OK_CALIBRADO
2026-10-09,REQUENA,4.0,2026-10-08,2026-11-01,60,24,6.9127198710223,7.2312581186736855,6.9127198710223,5.74,5.957105128068142,5.3737198710223,8.451719871022298,HIBRIDO_ANALOGO_CLIM,ANALOGO_ESTADO_V2_CONFORMAL,30,10,2.5452691716216744,OK_ANALOGOS_CONTINUIDAD_CORREGIDA,-0.4454970199600341,0.4454970199600341,0.0,CORREGIDO_ANCLA_OBSERVADO,4.820722477040564,9.004717265004036,2.0919973939817353,480.0,OK_CALIBRADO
2026-10-09,REQUENA,4.0,2026-10-08,2026-11-02,60,25,7.038272401438202,7.34701376791383,7.038272401438202,5.74,6.112048302011316,5.434122401438202,8.6424224014382,HIBRIDO_ANALOGO_CLIM,ANALOGO_ESTADO_V2_CONFORMAL,30,10,2.5452691716216744,OK_ANALOGOS_CONTINUIDAD_CORREGIDA,-0.4454970199600341,0.4454970199600341,0.0,CORREGIDO_ANCLA_OBSERVADO,4.9462750074564665,9.130269795419938,2.0919973939817353,480.0,OK_CALIBRADO
2026-10-09,REQUENA,4.0,2026-10-08,2026-11-03,60,26,7.144184488106991,7.453460652702985,7.144184488106991,5.74,6.2163559943190085,5.405684488106991,8.882684488106992,HIBRIDO_ANALOGO_CLIM,ANALOGO_ESTADO_V2_CONFORMAL,30,10,2.5452691716216744,OK_ANALOGOS_CONTINUIDAD_CORREGIDA,-0.4454970199600341,0.4454970199600341,0.0,CORREGIDO_ANCLA_OBSERVADO,5.052187094125256,9.236181882088726,2.0919973939817353,480.0,OK_CALIBRADO
2026-10-09,REQUENA,4.0,2026-10-08,2026-11-04,60,27,7.238909450465775,7.536504192258288,7.238909450465775,5.74,6.346125225088239,5.324409450465774,9.153409450465777,HIBRIDO_ANALOGO_CLIM,ANALOGO_ESTADO_V2_CONFORMAL,30,10,2.5452691716216744,OK_ANALOGOS_CONTINUIDAD_CORREGIDA,-0.4454970199600341,0.4454970199600341,0.0,CORREGIDO_ANCLA_OBSERVADO,5.14691205648404,9.330906844447512,2.0919973939817353,480.0,OK_CALIBRADO
2026-10-09,REQUENA,4.0,2026-10-08,2026-11-05,60,28,7.327629527311741,7.608169422924703,7.327629527311741,5.74,6.486009840472854,5.241129527311741,9.41412952731174,HIBRIDO_ANALOGO_CLIM,ANALOGO_ESTADO_V2_CONFORMAL,30,10,2.5452691716216744,OK_ANALOGOS_CONTINUIDAD_CORREGIDA,-0.4454970199600341,0.4454970199600341,0.0,CORREGIDO_ANCLA_OBSERVADO,5.2356321333300055,9.419626921293476,2.0919973939817353,480.0,OK_CALIBRADO
2026-10-09,REQUENA,4.0,2026-10-08,2026-11-06,60,29,7.4012082945320365,7.660834274944926,7.4012082945320365,5.74,6.622330353293368,5.204708294532037,9.597708294532037,HIBRIDO_ANALOGO_CLIM,ANALOGO_ESTADO_V2_CONFORMAL,30,10,2.5452691716216744,OK_ANALOGOS_CONTINUIDAD_CORREGIDA,-0.4454970199600341,0.4454970199600341,0.0,CORREGIDO_ANCLA_OBSERVADO,5.309210900550301,9.493205688513772,2.0919973939817353,480.0,OK_CALIBRADO
2026-10-09,REQUENA,4.0,2026-10-08,2026-11-07,60,30,7.481588898832424,7.721854567858263,7.481588898832424,5.74,6.760791891754906,5.248088898832424,9.715088898832423,HIBRIDO_ANALOGO_CLIM,ANALOGO_ESTADO_V2_CONFORMAL,30,10,2.5452691716216744,OK_ANALOGOS_CONTINUIDAD_CORREGIDA,-0.4454970199600341,0.4454970199600341,0.0,CORREGIDO_ANCLA_OBSERVADO,5.389591504850689,9.57358629281416,2.0919973939817353,480.0,OK_CALIBRADO
2026-10-09,REQUENA,4.0,2026-10-08,2026-11-08,60,31,7.582635940389195,7.817622530651038,7.582635940389195,5.74,6.907997019960034,5.365635940389195,9.799635940389194,HIBRIDO_ANALOGO_CLIM,ANALOGO_ESTADO_V2_CONFORMAL,30,10,2.5452691716216744,OK_ANALOGOS_CONTINUIDAD_CORREGIDA,-0.4454970199600341,0.4454970199600341,0.0,CORREGIDO_ANCLA_OBSERVADO,5.490638546407459,9.674633334370931,2.0919973939817353,480.0,OK_CALIBRADO
2026-10-09,REQUENA,4.0,2026-10-08,2026-11-09,60,32,7.648359701395608,7.869768974831389,7.648359701395608,5.74,7.039484199447214,5.4928597013956075,9.80385970139561,HIBRIDO_ANALOGO_CLIM,ANALOGO_ESTADO_V2_CONFORMAL,30,10,2.5452691716216744,OK_ANALOGOS_CONTINUIDAD_CORREGIDA,-0.4454970199600341,0.4454970199600341,0.0,CORREGIDO_ANCLA_OBSERVADO,5.556362307413873,9.740357095377345,2.0919973939817353,480.0,OK_CALIBRADO
2026-10-09,REQUENA,4.0,2026-10-08,2026-11-10,60,33,7.691878177082489,7.896670410862802,7.691878177082489,5.74,7.151971378934394,5.556378177082489,9.82737817708249,HIBRIDO_ANALOGO_CLIM,ANALOGO_ESTADO_V2_CONFORMAL,30,10,2.5452691716216744,OK_ANALOGOS_CONTINUIDAD_CORREGIDA,-0.4454970199600341,0.4454970199600341,0.0,CORREGIDO_ANCLA_OBSERVADO,5.599880783100754,9.783875571064225,2.0919973939817353,480.0,OK_CALIBRADO
2026-10-09,REQUENA,4.0,2026-10-08,2026-11-11,60,34,7.733156511409798,7.92639815889411,7.733156511409798,5.74,7.244368814831829,5.576656511409799,9.889656511409797,HIBRIDO_ANALOGO_CLIM,ANALOGO_ESTADO_V2_CONFORMAL,30,10,2.5452691716216744,OK_ANALOGOS_CONTINUIDAD_CORREGIDA,-0.4454970199600341,0.4454970199600341,0.0,CORREGIDO_ANCLA_OBSERVADO,5.641159117428063,9.825153905391534,2.0919973939817353,480.0,OK_CALIBRADO
2026-10-09,REQUENA,4.0,2026-10-08,2026-11-12,60,35,8.108337464301677,8.425995746813394,8.108337464301677,5.74,7.33688163534465,7.016337464301675,9.200337464301676,HIBRIDO_ANALOGO_CLIM,ANALOGO_ESTADO_V2_CONFORMAL,30,10,2.5452691716216744,OK_ANALOGOS_CONTINUIDAD_CORREGIDA,-0.4454970199600341,0.4454970199600341,0.0,CORREGIDO_ANCLA_OBSERVADO,6.0163400703199414,10.200334858283412,2.0919973939817353,480.0,OK_CALIBRADO
2026-10-09,REQUENA,4.0,2026-10-08,2026-11-13,60,36,8.16454563916426,8.487214827614423,8.16454563916426,5.74,7.41165086611388,7.04254563916426,9.28654563916426,HIBRIDO_ANALOGO_CLIM,ANALOGO_ESTADO_V2_CONFORMAL,30,10,2.5452691716216744,OK_ANALOGOS_CONTINUIDAD_CORREGIDA,-0.4454970199600341,0.4454970199600341,0.0,CORREGIDO_ANCLA_OBSERVADO,6.072548245182524,10.256543033145995,2.0919973939817353,480.0,OK_CALIBRADO
2026-10-09,REQUENA,4.0,2026-10-08,2026-11-14,60,37,8.206311964200058,8.525975994023462,8.206311964200058,5.74,7.489227789190804,7.103311964200057,9.30931196420006,HIBRIDO_ANALOGO_CLIM,ANALOGO_ESTADO_V2_CONFORMAL,30,10,2.5452691716216744,OK_ANALOGOS_CONTINUIDAD_CORREGIDA,-0.4454970199600341,0.4454970199600341,0.0,CORREGIDO_ANCLA_OBSERVADO,6.114314570218323,10.298309358181793,2.0919973939817353,480.0,OK_CALIBRADO
2026-10-09,REQUENA,4.0,2026-10-08,2026-11-15,60,38,8.21612527918532,8.541781026581152,8.21612527918532,5.74,7.513394455857471,7.155125279185319,9.27712527918532,HIBRIDO_ANALOGO_CLIM,ANALOGO_ESTADO_V2_CONFORMAL,30,10,2.5452691716216744,OK_ANALOGOS_CONTINUIDAD_CORREGIDA,-0.4454970199600341,0.4454970199600341,0.0,CORREGIDO_ANCLA_OBSERVADO,6.124127885203585,10.308122673167055,2.0919973939817353,480.0,OK_CALIBRADO
2026-10-09,REQUENA,4.0,2026-10-08,2026-11-16,60,39,8.139390163911202,8.43146217149263,8.139390163911202,5.74,7.532779071242086,6.9788901639112035,9.2998901639112,HIBRIDO_ANALOGO_CLIM,ANALOGO_ESTADO_V2_CONFORMAL,30,10,2.5452691716216744,OK_ANALOGOS_CONTINUIDAD_CORREGIDA,-0.4454970199600341,0.4454970199600341,0.0,CORREGIDO_ANCLA_OBSERVADO,6.047392769929466,10.231387557892937,2.0919973939817353,480.0,OK_CALIBRADO
2026-10-09,REQUENA,4.0,2026-10-08,2026-11-17,60,40,8.142773709404416,8.441322310536865,8.142773709404416,5.74,7.545676507139521,6.889773709404418,9.395773709404416,HIBRIDO_ANALOGO_CLIM,ANALOGO_ESTADO_V2_CONFORMAL,30,10,2.5452691716216744,OK_ANALOGOS_CONTINUIDAD_CORREGIDA,-0.4454970199600341,0.4454970199600341,0.0,CORREGIDO_ANCLA_OBSERVADO,6.050776315422681,10.234771103386151,2.0919973939817353,480.0,OK_CALIBRADO
2026-10-09,REQUENA,4.0,2026-10-08,2026-11-18,60,41,8.134795032275,8.434904419386855,8.134795032275,5.74,7.556535481498496,6.794295032274999,9.475295032274996,HIBRIDO_ANALOGO_CLIM,ANALOGO_ESTADO_V2_CONFORMAL,30,10,2.5452691716216744,OK_ANALOGOS_CONTINUIDAD_CORREGIDA,-0.4454970199600341,0.4454970199600341,0.0,CORREGIDO_ANCLA_OBSERVADO,6.042797638293264,10.226792426256734,2.0919973939817353,480.0,OK_CALIBRADO
2026-10-09,REQUENA,4.0,2026-10-08,2026-11-19,60,42,8.132920529931702,8.43883595048844,8.132920529931702,5.74,7.564791891754905,6.713420529931702,9.552420529931702,HIBRIDO_ANALOGO_CLIM,ANALOGO_ESTADO_V2_CONFORMAL,30,10,2.5452691716216744,OK_ANALOGOS_CONTINUIDAD_CORREGIDA,-0.4454970199600341,0.4454970199600341,0.0,CORREGIDO_ANCLA_OBSERVADO,6.040923135949967,10.224917923913438,2.0919973939817353,480.0,OK_CALIBRADO
2026-10-09,REQUENA,4.0,2026-10-08,2026-11-20,60,43,8.136529373986434,8.439050938322858,8.136529373986434,5.74,7.594804712267726,6.650029373986436,9.623029373986434,HIBRIDO_ANALOGO_CLIM,ANALOGO_ESTADO_V2_CONFORMAL,30,10,2.5452691716216744,OK_ANALOGOS_CONTINUIDAD_CORREGIDA,-0.4454970199600341,0.4454970199600341,0.0,CORREGIDO_ANCLA_OBSERVADO,6.044531980004699,10.22852676796817,2.0919973939817353,480.0,OK_CALIBRADO
2026-10-09,REQUENA,4.0,2026-10-08,2026-11-21,60,44,8.145468335340901,8.443104899846151,8.145468335340901,5.74,7.63136881483183,6.621968335340901,9.6689683353409,HIBRIDO_ANALOGO_CLIM,ANALOGO_ESTADO_V2_CONFORMAL,30,10,2.5452691716216744,OK_ANALOGOS_CONTINUIDAD_CORREGIDA,-0.4454970199600341,0.4454970199600341,0.0,CORREGIDO_ANCLA_OBSERVADO,6.053470941359166,10.237465729322636,2.0919973939817353,480.0,OK_CALIBRADO
2026-10-09,REQUENA,4.0,2026-10-08,2026-11-22,60,45,8.149637635763643,8.439483543707343,8.149637635763643,5.74,7.666561122524137,6.611137635763643,9.688137635763642,HIBRIDO_ANALOGO_CLIM,ANALOGO_ESTADO_V2_CONFORMAL,30,10,2.5452691716216744,OK_ANALOGOS_CONTINUIDAD_CORREGIDA,-0.4454970199600341,0.4454970199600341,0.0,CORREGIDO_ANCLA_OBSERVADO,6.0576402417819075,10.241635029745378,2.0919973939817353,480.0,OK_CALIBRADO
2026-10-09,REQUENA,4.0,2026-10-08,2026-11-23,60,46,8.164489906159488,8.447506620588396,8.164489906159488,5.74,7.709202148165161,6.624489906159489,9.704489906159488,HIBRIDO_ANALOGO_CLIM,ANALOGO_ESTADO_V2_CONFORMAL,30,10,2.5452691716216744,OK_ANALOGOS_CONTINUIDAD_CORREGIDA,-0.4454970199600341,0.4454970199600341,0.0,CORREGIDO_ANCLA_OBSERVADO,6.072492512177753,10.256487300141224,2.0919973939817353,480.0,OK_CALIBRADO
2026-10-09,REQUENA,4.0,2026-10-08,2026-11-24,60,47,8.178597286120855,8.448478490150634,8.178597286120855,5.74,7.759420096883111,6.636597286120856,9.720597286120853,HIBRIDO_ANALOGO_CLIM,ANALOGO_ESTADO_V2_CONFORMAL,30,10,2.5452691716216744,OK_ANALOGOS_CONTINUIDAD_CORREGIDA,-0.4454970199600341,0.4454970199600341,0.0,CORREGIDO_ANCLA_OBSERVADO,6.08659989213912,10.27059468010259,2.0919973939817353,480.0,OK_CALIBRADO
2026-10-09,REQUENA,4.0,2026-10-08,2026-11-25,60,48,8.20153344301914,8.467557725058544,8.20153344301914,5.74,7.802497019960034,6.67003344301914,9.733033443019139,HIBRIDO_ANALOGO_CLIM,ANALOGO_ESTADO_V2_CONFORMAL,30,10,2.5452691716216744,OK_ANALOGOS_CONTINUIDAD_CORREGIDA,-0.4454970199600341,0.4454970199600341,0.0,CORREGIDO_ANCLA_OBSERVADO,6.109536049037404,10.293530837000874,2.0919973939817353,480.0,OK_CALIBRADO
2026-10-09,REQUENA,4.0,2026-10-08,2026-11-26,60,49,8.244505811157747,8.487600719059092,8.244505811157747,5.74,7.892266250729264,6.726505811157747,9.762505811157745,HIBRIDO_ANALOGO_CLIM,ANALOGO_ESTADO_V2_CONFORMAL,30,10,2.5452691716216744,OK_ANALOGOS_CONTINUIDAD_CORREGIDA,-0.4454970199600341,0.4454970199600341,0.0,CORREGIDO_ANCLA_OBSERVADO,6.152508417176012,10.336503205139483,2.0919973939817353,480.0,OK_CALIBRADO
2026-10-09,REQUENA,4.0,2026-10-08,2026-11-27,60,50,8.28995648347722,8.512299323718434,8.28995648347722,5.74,7.978676507139521,6.769956483477221,9.809956483477219,HIBRIDO_ANALOGO_CLIM,ANALOGO_ESTADO_V2_CONFORMAL,30,10,2.5452691716216744,OK_ANALOGOS_CONTINUIDAD_CORREGIDA,-0.4454970199600341,0.4454970199600341,0.0,CORREGIDO_ANCLA_OBSERVADO,6.197959089495484,10.381953877458955,2.0919973939817353,480.0,OK_CALIBRADO
2026-10-09,REQUENA,4.0,2026-10-08,2026-11-28,60,51,8.32368647264536,8.52148703800809,8.32368647264536,5.74,8.056073943036957,6.805186472645358,9.84218647264536,HIBRIDO_ANALOGO_CLIM,ANALOGO_ESTADO_V2_CONFORMAL,30,10,2.5452691716216744,OK_ANALOGOS_CONTINUIDAD_CORREGIDA,-0.4454970199600341,0.4454970199600341,0.0,CORREGIDO_ANCLA_OBSERVADO,6.231689078663624,10.415683866627095,2.0919973939817353,480.0,OK_CALIBRADO
2026-10-09,REQUENA,4.0,2026-10-08,2026-11-29,60,52,8.354701116845284,8.529004249757534,8.354701116845284,5.74,8.126766250729265,6.806701116845283,9.902701116845282,HIBRIDO_ANALOGO_CLIM,ANALOGO_ESTADO_V2_CONFORMAL,30,10,2.5452691716216744,OK_ANALOGOS_CONTINUIDAD_CORREGIDA,-0.4454970199600341,0.4454970199600341,0.0,CORREGIDO_ANCLA_OBSERVADO,6.262703722863549,10.44669851082702,2.0919973939817353,480.0,OK_CALIBRADO
2026-10-09,REQUENA,4.0,2026-10-08,2026-11-30,60,53,8.38920980388234,8.551958110184447,8.38920980388234,5.74,8.183471378934392,6.71170980388234,10.06670980388234,HIBRIDO_ANALOGO_CLIM,ANALOGO_ESTADO_V2_CONFORMAL,30,10,2.5452691716216744,OK_ANALOGOS_CONTINUIDAD_CORREGIDA,-0.4454970199600341,0.4454970199600341,0.0,CORREGIDO_ANCLA_OBSERVADO,6.297212409900604,10.481207197864075,2.0919973939817353,480.0,OK_CALIBRADO
2026-10-09,REQUENA,4.0,2026-10-08,2026-12-01,60,54,8.4365749951765,8.574267202171793,8.4365749951765,5.74,8.268284519960034,6.657074995176501,10.216074995176498,HIBRIDO_ANALOGO_CLIM,ANALOGO_ESTADO_V2_CONFORMAL,30,10,2.5452691716216744,OK_ANALOGOS_CONTINUIDAD_CORREGIDA,-0.4454970199600341,0.4454970199600341,0.0,CORREGIDO_ANCLA_OBSERVADO,6.344577601194764,10.528572389158235,2.0919973939817353,480.0,OK_CALIBRADO
2026-10-09,REQUENA,4.0,2026-10-08,2026-12-02,60,55,8.484399672991334,8.61055287940243,8.484399672991334,5.74,8.335309519960035,6.665899672991334,10.302899672991334,HIBRIDO_ANALOGO_CLIM,ANALOGO_ESTADO_V2_CONFORMAL,30,10,2.5452691716216744,OK_ANALOGOS_CONTINUIDAD_CORREGIDA,-0.4454970199600341,0.4454970199600341,0.0,CORREGIDO_ANCLA_OBSERVADO,6.392402279009598,10.576397066973069,2.0919973939817353,480.0,OK_CALIBRADO
2026-10-09,REQUENA,4.0,2026-10-08,2026-12-03,60,56,8.499513007724229,8.634747309517895,8.499513007724229,5.74,8.344959519960035,6.826013007724229,10.173013007724226,HIBRIDO_ANALOGO_CLIM,ANALOGO_ESTADO_V2_CONFORMAL,30,10,2.5452691716216744,OK_ANALOGOS_CONTINUIDAD_CORREGIDA,-0.4454970199600341,0.4454970199600341,0.0,CORREGIDO_ANCLA_OBSERVADO,6.407515613742493,10.591510401705964,2.0919973939817353,480.0,OK_CALIBRADO
2026-10-09,REQUENA,4.0,2026-10-08,2026-12-04,60,57,8.511238475500516,8.645734911465713,8.511238475500516,5.74,8.362584519960034,6.868738475500517,10.153738475500514,HIBRIDO_ANALOGO_CLIM,ANALOGO_ESTADO_V2_CONFORMAL,30,10,2.5452691716216744,OK_ANALOGOS_CONTINUIDAD_CORREGIDA,-0.4454970199600341,0.4454970199600341,0.0,CORREGIDO_ANCLA_OBSERVADO,6.419241081518781,10.603235869482251,2.0919973939817353,480.0,OK_CALIBRADO
2026-10-09,REQUENA,4.0,2026-10-08,2026-12-05,60,58,8.528057947430405,8.656264540870431,8.528057947430405,5.74,8.391009519960033,6.867557947430406,10.188557947430404,HIBRIDO_ANALOGO_CLIM,ANALOGO_ESTADO_V2_CONFORMAL,30,10,2.5452691716216744,OK_ANALOGOS_CONTINUIDAD_CORREGIDA,-0.4454970199600341,0.4454970199600341,0.0,CORREGIDO_ANCLA_OBSERVADO,6.4360605534486695,10.62005534141214,2.0919973939817353,480.0,OK_CALIBRADO
2026-10-09,REQUENA,4.0,2026-10-08,2026-12-06,60,59,8.55253437214079,8.652036278348408,8.55253437214079,5.74,8.449659519960033,6.83903437214079,10.26603437214079,HIBRIDO_ANALOGO_CLIM,ANALOGO_ESTADO_V2_CONFORMAL,30,10,2.5452691716216744,OK_ANALOGOS_CONTINUIDAD_CORREGIDA,-0.4454970199600341,0.4454970199600341,0.0,CORREGIDO_ANCLA_OBSERVADO,6.460536978159055,10.644531766122526,2.0919973939817353,480.0,OK_CALIBRADO
2026-10-09,REQUENA,4.0,2026-10-08,2026-12-07,60,60,8.62269792851179,8.731586337063543,8.62269792851179,5.74,8.513809519960034,7.08384792851179,10.16154792851179,HIBRIDO_ANALOGO_CLIM,ANALOGO_ESTADO_V2_CONFORMAL,30,10,2.5452691716216744,OK_ANALOGOS_CONTINUIDAD_CORREGIDA,-0.4454970199600341,0.4454970199600341,0.0,CORREGIDO_ANCLA_OBSERVADO,6.530700534530055,10.714695322493526,2.0919973939817353,480.0,OK_CALIBRADO
2026-10-09,REQUENA,4.0,2026-10-08,2026-10-09,90,1,5.74,6.204799238960692,5.74,5.74,4.345602283117929,5.6545000000000005,5.825500000000001,HIBRIDO_ANALOGO_CLIM,ANALOGO_ESTADO_V2_CONFORMAL,30,10,2.5452691716216744,OK_ANALOGOS_CONTINUIDAD_CORREGIDA,-0.4454970199600341,0.4454970199600341,0.0,CORREGIDO_ANCLA_OBSERVADO,2.9095626578464007,8.5704373421536,2.8304373421535995,720.0,OK_CALIBRADO
2026-10-09,REQUENA,4.0,2026-10-08,2026-10-10,90,2,5.7836509120866415,6.252175893672704,5.7836509120866415,5.74,4.378075967328455,5.605650912086642,5.961650912086641,HIBRIDO_ANALOGO_CLIM,ANALOGO_ESTADO_V2_CONFORMAL,30,10,2.5452691716216744,OK_ANALOGOS_CONTINUIDAD_CORREGIDA,-0.4454970199600341,0.4454970199600341,0.0,CORREGIDO_ANCLA_OBSERVADO,2.953213569933042,8.61408825424024,2.8304373421535995,720.0,OK_CALIBRADO
2026-10-09,REQUENA,4.0,2026-10-08,2026-10-11,90,3,5.806373839294538,6.272499445739373,5.806373839294538,5.74,4.407997019960034,5.5187238392945375,6.094023839294537,HIBRIDO_ANALOGO_CLIM,ANALOGO_ESTADO_V2_CONFORMAL,30,10,2.5452691716216744,OK_ANALOGOS_CONTINUIDAD_CORREGIDA,-0.4454970199600341,0.4454970199600341,0.0,CORREGIDO_ANCLA_OBSERVADO,2.975936497140938,8.636811181448138,2.8304373421535995,720.0,OK_CALIBRADO
2026-10-09,REQUENA,4.0,2026-10-08,2026-10-12,90,4,5.839403483956362,6.286859147393734,5.839403483956362,5.74,4.497036493644245,5.456103483956363,6.222703483956362,HIBRIDO_ANALOGO_CLIM,ANALOGO_ESTADO_V2_CONFORMAL,30,10,2.5452691716216744,OK_ANALOGOS_CONTINUIDAD_CORREGIDA,-0.4454970199600341,0.4454970199600341,0.0,CORREGIDO_ANCLA_OBSERVADO,3.0089661418027625,8.669840826109962,2.8304373421535995,720.0,OK_CALIBRADO
2026-10-09,REQUENA,4.0,2026-10-08,2026-10-13,90,5,5.856777808492692,6.293888948529894,5.856777808492692,5.74,4.545444388381087,5.402377808492691,6.311177808492691,HIBRIDO_ANALOGO_CLIM,ANALOGO_ESTADO_V2_CONFORMAL,30,10,2.5452691716216744,OK_ANALOGOS_CONTINUIDAD_CORREGIDA,-0.4454970199600341,0.4454970199600341,0.0,CORREGIDO_ANCLA_OBSERVADO,3.026340466339092,8.687215150646292,2.8304373421535995,720.0,OK_CALIBRADO
2026-10-09,REQUENA,4.0,2026-10-08,2026-10-14,90,6,5.903970332181995,6.326549155554228,5.903970332181995,5.74,4.636233862065297,5.4388203321819955,6.369120332181995,HIBRIDO_ANALOGO_CLIM,ANALOGO_ESTADO_V2_CONFORMAL,30,10,2.5452691716216744,OK_ANALOGOS_CONTINUIDAD_CORREGIDA,-0.4454970199600341,0.4454970199600341,0.0,CORREGIDO_ANCLA_OBSERVADO,3.0735329900283954,8.734407674335595,2.8304373421535995,720.0,OK_CALIBRADO
2026-10-09,REQUENA,4.0,2026-10-08,2026-10-15,90,7,5.989669703461678,6.410025510242928,5.989669703461678,5.74,4.7286022831179295,5.5105697034616785,6.468769703461679,HIBRIDO_ANALOGO_CLIM,ANALOGO_ESTADO_V2_CONFORMAL,30,10,2.5452691716216744,OK_ANALOGOS_CONTINUIDAD_CORREGIDA,-0.4454970199600341,0.4454970199600341,0.0,CORREGIDO_ANCLA_OBSERVADO,3.159232361308079,8.820107045615277,2.8304373421535995,720.0,OK_CALIBRADO
2026-10-09,REQUENA,4.0,2026-10-08,2026-10-16,90,8,6.090003062045709,6.512066479583039,6.090003062045709,5.74,4.8238128094337185,5.51700306204571,6.66300306204571,HIBRIDO_ANALOGO_CLIM,ANALOGO_ESTADO_V2_CONFORMAL,30,10,2.5452691716216744,OK_ANALOGOS_CONTINUIDAD_CORREGIDA,-0.4454970199600341,0.4454970199600341,0.0,CORREGIDO_ANCLA_OBSERVADO,3.2595657198921097,8.920440404199308,2.8304373421535995,720.0,OK_CALIBRADO
2026-10-09,REQUENA,4.0,2026-10-08,2026-10-17,90,9,6.1805508417997945,6.599792466623574,6.1805508417997945,5.74,4.922825967328455,5.564050841799794,6.797050841799795,HIBRIDO_ANALOGO_CLIM,ANALOGO_ESTADO_V2_CONFORMAL,30,10,2.5452691716216744,OK_ANALOGOS_CONTINUIDAD_CORREGIDA,-0.4454970199600341,0.4454970199600341,0.0,CORREGIDO_ANCLA_OBSERVADO,3.350113499646195,9.010988183953394,2.8304373421535995,720.0,OK_CALIBRADO
2026-10-09,REQUENA,4.0,2026-10-08,2026-10-18,90,10,6.261821168144098,6.675543252626506,6.261821168144098,5.74,5.020654914696876,5.550821168144098,6.972821168144098,HIBRIDO_ANALOGO_CLIM,ANALOGO_ESTADO_V2_CONFORMAL,30,10,2.5452691716216744,OK_ANALOGOS_CONTINUIDAD_CORREGIDA,-0.4454970199600341,0.4454970199600341,0.0,CORREGIDO_ANCLA_OBSERVADO,3.4313838259904985,9.092258510297697,2.8304373421535995,720.0,OK_CALIBRADO
2026-10-09,REQUENA,4.0,2026-10-08,2026-10-19,90,11,6.337760106994231,6.746961837760016,6.337760106994231,5.74,5.110154914696876,5.5447601069942305,7.130760106994231,HIBRIDO_ANALOGO_CLIM,ANALOGO_ESTADO_V2_CONFORMAL,30,10,2.5452691716216744,OK_ANALOGOS_CONTINUIDAD_CORREGIDA,-0.4454970199600341,0.4454970199600341,0.0,CORREGIDO_ANCLA_OBSERVADO,3.507322764840631,9.16819744914783,2.8304373421535995,720.0,OK_CALIBRADO
2026-10-09,REQUENA,4.0,2026-10-08,2026-10-20,90,12,6.429344241347308,6.8411880519851715,6.429344241347308,5.74,5.193812809433719,5.4973442413473075,7.361344241347307,HIBRIDO_ANALOGO_CLIM,ANALOGO_ESTADO_V2_CONFORMAL,30,10,2.5452691716216744,OK_ANALOGOS_CONTINUIDAD_CORREGIDA,-0.4454970199600341,0.4454970199600341,0.0,CORREGIDO_ANCLA_OBSERVADO,3.5989068991937083,9.259781583500907,2.8304373421535995,720.0,OK_CALIBRADO
2026-10-09,REQUENA,4.0,2026-10-08,2026-10-21,90,13,6.497792839202641,6.905273024564212,6.497792839202641,5.74,5.275352283117929,5.324292839202641,7.671292839202641,HIBRIDO_ANALOGO_CLIM,ANALOGO_ESTADO_V2_CONFORMAL,30,10,2.5452691716216744,OK_ANALOGOS_CONTINUIDAD_CORREGIDA,-0.4454970199600341,0.4454970199600341,0.0,CORREGIDO_ANCLA_OBSERVADO,3.6673554970490416,9.32823018135624,2.8304373421535995,720.0,OK_CALIBRADO
2026-10-09,REQUENA,4.0,2026-10-08,2026-10-22,90,14,6.530278779344665,6.92077182194656,6.530278779344665,5.74,5.358799651538981,5.211278779344665,7.849278779344665,HIBRIDO_ANALOGO_CLIM,ANALOGO_ESTADO_V2_CONFORMAL,30,10,2.5452691716216744,OK_ANALOGOS_CONTINUIDAD_CORREGIDA,-0.4454970199600341,0.4454970199600341,0.0,CORREGIDO_ANCLA_OBSERVADO,3.6998414371910657,9.360716121498264,2.8304373421535995,720.0,OK_CALIBRADO
2026-10-09,REQUENA,4.0,2026-10-08,2026-10-23,90,15,6.557921910275927,6.932085470205785,6.557921910275927,5.74,5.43543123048635,5.313421910275927,7.8024219102759265,HIBRIDO_ANALOGO_CLIM,ANALOGO_ESTADO_V2_CONFORMAL,30,10,2.5452691716216744,OK_ANALOGOS_CONTINUIDAD_CORREGIDA,-0.4454970199600341,0.4454970199600341,0.0,CORREGIDO_ANCLA_OBSERVADO,3.7274845681223274,9.388359252429527,2.8304373421535995,720.0,OK_CALIBRADO
2026-10-09,REQUENA,4.0,2026-10-08,2026-10-24,90,16,6.574744107559339,6.928523838513494,6.574744107559339,5.74,5.513404914696876,5.41174410755934,7.737744107559339,HIBRIDO_ANALOGO_CLIM,ANALOGO_ESTADO_V2_CONFORMAL,30,10,2.5452691716216744,OK_ANALOGOS_CONTINUIDAD_CORREGIDA,-0.4454970199600341,0.4454970199600341,0.0,CORREGIDO_ANCLA_OBSERVADO,3.7443067654057396,9.405181449712938,2.8304373421535995,720.0,OK_CALIBRADO
2026-10-09,REQUENA,4.0,2026-10-08,2026-10-25,90,17,6.582960071809362,6.922026703127559,6.582960071809362,5.74,5.565760177854771,5.414460071809361,7.751460071809362,HIBRIDO_ANALOGO_CLIM,ANALOGO_ESTADO_V2_CONFORMAL,30,10,2.5452691716216744,OK_ANALOGOS_CONTINUIDAD_CORREGIDA,-0.4454970199600341,0.4454970199600341,0.0,CORREGIDO_ANCLA_OBSERVADO,3.7525227296557624,9.413397413962961,2.8304373421535995,720.0,OK_CALIBRADO
2026-10-09,REQUENA,4.0,2026-10-08,2026-10-26,90,18,6.5931998171170525,6.918241100379919,6.5931998171170525,5.74,5.618075967328455,5.354699817117052,7.831699817117053,HIBRIDO_ANALOGO_CLIM,ANALOGO_ESTADO_V2_CONFORMAL,30,10,2.5452691716216744,OK_ANALOGOS_CONTINUIDAD_CORREGIDA,-0.4454970199600341,0.4454970199600341,0.0,CORREGIDO_ANCLA_OBSERVADO,3.762762474963453,9.423637159270651,2.8304373421535995,720.0,OK_CALIBRADO
2026-10-09,REQUENA,4.0,2026-10-08,2026-10-27,90,19,6.60468889469633,6.919125659959305,6.60468889469633,5.74,5.661378598907402,5.30668889469633,7.90268889469633,HIBRIDO_ANALOGO_CLIM,ANALOGO_ESTADO_V2_CONFORMAL,30,10,2.5452691716216744,OK_ANALOGOS_CONTINUIDAD_CORREGIDA,-0.4454970199600341,0.4454970199600341,0.0,CORREGIDO_ANCLA_OBSERVADO,3.7742515525427303,9.435126236849928,2.8304373421535995,720.0,OK_CALIBRADO
2026-10-09,REQUENA,4.0,2026-10-08,2026-10-28,90,20,6.6147011056794165,6.916821765831491,6.6147011056794165,5.74,5.708339125223192,5.2752011056794155,7.954201105679417,HIBRIDO_ANALOGO_CLIM,ANALOGO_ESTADO_V2_CONFORMAL,30,10,2.5452691716216744,OK_ANALOGOS_CONTINUIDAD_CORREGIDA,-0.4454970199600341,0.4454970199600341,0.0,CORREGIDO_ANCLA_OBSERVADO,3.784263763525817,9.445138447833017,2.8304373421535995,720.0,OK_CALIBRADO
2026-10-09,REQUENA,4.0,2026-10-08,2026-10-29,90,21,6.649573504562567,6.943055139780956,6.649573504562567,5.74,5.769128598907402,5.286073504562567,8.013073504562568,HIBRIDO_ANALOGO_CLIM,ANALOGO_ESTADO_V2_CONFORMAL,30,10,2.5452691716216744,OK_ANALOGOS_CONTINUIDAD_CORREGIDA,-0.4454970199600341,0.4454970199600341,0.0,CORREGIDO_ANCLA_OBSERVADO,3.8191361624089675,9.480010846716166,2.8304373421535995,720.0,OK_CALIBRADO
2026-10-09,REQUENA,4.0,2026-10-08,2026-10-30,90,22,6.723782365469018,7.014035375375521,6.723782365469018,5.74,5.853023335749508,5.308882365469017,8.138682365469018,HIBRIDO_ANALOGO_CLIM,ANALOGO_ESTADO_V2_CONFORMAL,30,10,2.5452691716216744,OK_ANALOGOS_CONTINUIDAD_CORREGIDA,-0.4454970199600341,0.4454970199600341,0.0,CORREGIDO_ANCLA_OBSERVADO,3.893345023315418,9.554219707622618,2.8304373421535995,720.0,OK_CALIBRADO
2026-10-09,REQUENA,4.0,2026-10-08,2026-10-31,90,23,6.831861740282718,7.113369278635893,6.831861740282718,5.74,5.987339125223192,5.346461740282718,8.317261740282717,HIBRIDO_ANALOGO_CLIM,ANALOGO_ESTADO_V2_CONFORMAL,30,10,2.5452691716216744,OK_ANALOGOS_CONTINUIDAD_CORREGIDA,-0.4454970199600341,0.4454970199600341,0.0,CORREGIDO_ANCLA_OBSERVADO,4.001424398129118,9.662299082436316,2.8304373421535995,720.0,OK_CALIBRADO
2026-10-09,REQUENA,4.0,2026-10-08,2026-11-01,90,24,6.9127198710223,7.2312581186736855,6.9127198710223,5.74,5.957105128068142,5.3737198710223,8.451719871022298,HIBRIDO_ANALOGO_CLIM,ANALOGO_ESTADO_V2_CONFORMAL,30,10,2.5452691716216744,OK_ANALOGOS_CONTINUIDAD_CORREGIDA,-0.4454970199600341,0.4454970199600341,0.0,CORREGIDO_ANCLA_OBSERVADO,4.0822825288687,9.743157213175898,2.8304373421535995,720.0,OK_CALIBRADO
2026-10-09,REQUENA,4.0,2026-10-08,2026-11-02,90,25,7.038272401438202,7.34701376791383,7.038272401438202,5.74,6.112048302011316,5.434122401438202,8.6424224014382,HIBRIDO_ANALOGO_CLIM,ANALOGO_ESTADO_V2_CONFORMAL,30,10,2.5452691716216744,OK_ANALOGOS_CONTINUIDAD_CORREGIDA,-0.4454970199600341,0.4454970199600341,0.0,CORREGIDO_ANCLA_OBSERVADO,4.207835059284602,9.8687097435918,2.8304373421535995,720.0,OK_CALIBRADO
2026-10-09,REQUENA,4.0,2026-10-08,2026-11-03,90,26,7.144184488106991,7.453460652702985,7.144184488106991,5.74,6.2163559943190085,5.405684488106991,8.882684488106992,HIBRIDO_ANALOGO_CLIM,ANALOGO_ESTADO_V2_CONFORMAL,30,10,2.5452691716216744,OK_ANALOGOS_CONTINUIDAD_CORREGIDA,-0.4454970199600341,0.4454970199600341,0.0,CORREGIDO_ANCLA_OBSERVADO,4.313747145953392,9.974621830260592,2.8304373421535995,720.0,OK_CALIBRADO
2026-10-09,REQUENA,4.0,2026-10-08,2026-11-04,90,27,7.238909450465775,7.536504192258288,7.238909450465775,5.74,6.346125225088239,5.324409450465774,9.153409450465777,HIBRIDO_ANALOGO_CLIM,ANALOGO_ESTADO_V2_CONFORMAL,30,10,2.5452691716216744,OK_ANALOGOS_CONTINUIDAD_CORREGIDA,-0.4454970199600341,0.4454970199600341,0.0,CORREGIDO_ANCLA_OBSERVADO,4.408472108312176,10.069346792619374,2.8304373421535995,720.0,OK_CALIBRADO
2026-10-09,REQUENA,4.0,2026-10-08,2026-11-05,90,28,7.327629527311741,7.608169422924703,7.327629527311741,5.74,6.486009840472854,5.241129527311741,9.41412952731174,HIBRIDO_ANALOGO_CLIM,ANALOGO_ESTADO_V2_CONFORMAL,30,10,2.5452691716216744,OK_ANALOGOS_CONTINUIDAD_CORREGIDA,-0.4454970199600341,0.4454970199600341,0.0,CORREGIDO_ANCLA_OBSERVADO,4.497192185158141,10.15806686946534,2.8304373421535995,720.0,OK_CALIBRADO
2026-10-09,REQUENA,4.0,2026-10-08,2026-11-06,90,29,7.4012082945320365,7.660834274944926,7.4012082945320365,5.74,6.622330353293368,5.204708294532037,9.597708294532037,HIBRIDO_ANALOGO_CLIM,ANALOGO_ESTADO_V2_CONFORMAL,30,10,2.5452691716216744,OK_ANALOGOS_CONTINUIDAD_CORREGIDA,-0.4454970199600341,0.4454970199600341,0.0,CORREGIDO_ANCLA_OBSERVADO,4.570770952378437,10.231645636685636,2.8304373421535995,720.0,OK_CALIBRADO
2026-10-09,REQUENA,4.0,2026-10-08,2026-11-07,90,30,7.481588898832424,7.721854567858263,7.481588898832424,5.74,6.760791891754906,5.248088898832424,9.715088898832423,HIBRIDO_ANALOGO_CLIM,ANALOGO_ESTADO_V2_CONFORMAL,30,10,2.5452691716216744,OK_ANALOGOS_CONTINUIDAD_CORREGIDA,-0.4454970199600341,0.4454970199600341,0.0,CORREGIDO_ANCLA_OBSERVADO,4.651151556678824,10.312026240986023,2.8304373421535995,720.0,OK_CALIBRADO
2026-10-09,REQUENA,4.0,2026-10-08,2026-11-08,90,31,7.582635940389195,7.817622530651038,7.582635940389195,5.74,6.907997019960034,5.365635940389195,9.799635940389194,HIBRIDO_ANALOGO_CLIM,ANALOGO_ESTADO_V2_CONFORMAL,30,10,2.5452691716216744,OK_ANALOGOS_CONTINUIDAD_CORREGIDA,-0.4454970199600341,0.4454970199600341,0.0,CORREGIDO_ANCLA_OBSERVADO,4.752198598235595,10.413073282542793,2.8304373421535995,720.0,OK_CALIBRADO
2026-10-09,REQUENA,4.0,2026-10-08,2026-11-09,90,32,7.648359701395608,7.869768974831389,7.648359701395608,5.74,7.039484199447214,5.4928597013956075,9.80385970139561,HIBRIDO_ANALOGO_CLIM,ANALOGO_ESTADO_V2_CONFORMAL,30,10,2.5452691716216744,OK_ANALOGOS_CONTINUIDAD_CORREGIDA,-0.4454970199600341,0.4454970199600341,0.0,CORREGIDO_ANCLA_OBSERVADO,4.817922359242009,10.478797043549207,2.8304373421535995,720.0,OK_CALIBRADO
2026-10-09,REQUENA,4.0,2026-10-08,2026-11-10,90,33,7.691878177082489,7.896670410862802,7.691878177082489,5.74,7.151971378934394,5.556378177082489,9.82737817708249,HIBRIDO_ANALOGO_CLIM,ANALOGO_ESTADO_V2_CONFORMAL,30,10,2.5452691716216744,OK_ANALOGOS_CONTINUIDAD_CORREGIDA,-0.4454970199600341,0.4454970199600341,0.0,CORREGIDO_ANCLA_OBSERVADO,4.86144083492889,10.522315519236088,2.8304373421535995,720.0,OK_CALIBRADO
2026-10-09,REQUENA,4.0,2026-10-08,2026-11-11,90,34,7.733156511409798,7.92639815889411,7.733156511409798,5.74,7.244368814831829,5.576656511409799,9.889656511409797,HIBRIDO_ANALOGO_CLIM,ANALOGO_ESTADO_V2_CONFORMAL,30,10,2.5452691716216744,OK_ANALOGOS_CONTINUIDAD_CORREGIDA,-0.4454970199600341,0.4454970199600341,0.0,CORREGIDO_ANCLA_OBSERVADO,4.902719169256199,10.563593853563397,2.8304373421535995,720.0,OK_CALIBRADO
2026-10-09,REQUENA,4.0,2026-10-08,2026-11-12,90,35,8.108337464301677,8.425995746813394,8.108337464301677,5.74,7.33688163534465,7.016337464301675,9.200337464301676,HIBRIDO_ANALOGO_CLIM,ANALOGO_ESTADO_V2_CONFORMAL,30,10,2.5452691716216744,OK_ANALOGOS_CONTINUIDAD_CORREGIDA,-0.4454970199600341,0.4454970199600341,0.0,CORREGIDO_ANCLA_OBSERVADO,5.277900122148077,10.938774806455276,2.8304373421535995,720.0,OK_CALIBRADO
2026-10-09,REQUENA,4.0,2026-10-08,2026-11-13,90,36,8.16454563916426,8.487214827614423,8.16454563916426,5.74,7.41165086611388,7.04254563916426,9.28654563916426,HIBRIDO_ANALOGO_CLIM,ANALOGO_ESTADO_V2_CONFORMAL,30,10,2.5452691716216744,OK_ANALOGOS_CONTINUIDAD_CORREGIDA,-0.4454970199600341,0.4454970199600341,0.0,CORREGIDO_ANCLA_OBSERVADO,5.33410829701066,10.99498298131786,2.8304373421535995,720.0,OK_CALIBRADO
2026-10-09,REQUENA,4.0,2026-10-08,2026-11-14,90,37,8.206311964200058,8.525975994023462,8.206311964200058,5.74,7.489227789190804,7.103311964200057,9.30931196420006,HIBRIDO_ANALOGO_CLIM,ANALOGO_ESTADO_V2_CONFORMAL,30,10,2.5452691716216744,OK_ANALOGOS_CONTINUIDAD_CORREGIDA,-0.4454970199600341,0.4454970199600341,0.0,CORREGIDO_ANCLA_OBSERVADO,5.375874622046458,11.036749306353657,2.8304373421535995,720.0,OK_CALIBRADO
2026-10-09,REQUENA,4.0,2026-10-08,2026-11-15,90,38,8.21612527918532,8.541781026581152,8.21612527918532,5.74,7.513394455857471,7.155125279185319,9.27712527918532,HIBRIDO_ANALOGO_CLIM,ANALOGO_ESTADO_V2_CONFORMAL,30,10,2.5452691716216744,OK_ANALOGOS_CONTINUIDAD_CORREGIDA,-0.4454970199600341,0.4454970199600341,0.0,CORREGIDO_ANCLA_OBSERVADO,5.3856879370317206,11.04656262133892,2.8304373421535995,720.0,OK_CALIBRADO
2026-10-09,REQUENA,4.0,2026-10-08,2026-11-16,90,39,8.139390163911202,8.43146217149263,8.139390163911202,5.74,7.532779071242086,6.9788901639112035,9.2998901639112,HIBRIDO_ANALOGO_CLIM,ANALOGO_ESTADO_V2_CONFORMAL,30,10,2.5452691716216744,OK_ANALOGOS_CONTINUIDAD_CORREGIDA,-0.4454970199600341,0.4454970199600341,0.0,CORREGIDO_ANCLA_OBSERVADO,5.308952821757602,10.969827506064801,2.8304373421535995,720.0,OK_CALIBRADO
2026-10-09,REQUENA,4.0,2026-10-08,2026-11-17,90,40,8.142773709404416,8.441322310536865,8.142773709404416,5.74,7.545676507139521,6.889773709404418,9.395773709404416,HIBRIDO_ANALOGO_CLIM,ANALOGO_ESTADO_V2_CONFORMAL,30,10,2.5452691716216744,OK_ANALOGOS_CONTINUIDAD_CORREGIDA,-0.4454970199600341,0.4454970199600341,0.0,CORREGIDO_ANCLA_OBSERVADO,5.312336367250817,10.973211051558016,2.8304373421535995,720.0,OK_CALIBRADO
2026-10-09,REQUENA,4.0,2026-10-08,2026-11-18,90,41,8.134795032275,8.434904419386855,8.134795032275,5.74,7.556535481498496,6.794295032274999,9.475295032274996,HIBRIDO_ANALOGO_CLIM,ANALOGO_ESTADO_V2_CONFORMAL,30,10,2.5452691716216744,OK_ANALOGOS_CONTINUIDAD_CORREGIDA,-0.4454970199600341,0.4454970199600341,0.0,CORREGIDO_ANCLA_OBSERVADO,5.3043576901214,10.965232374428599,2.8304373421535995,720.0,OK_CALIBRADO
2026-10-09,REQUENA,4.0,2026-10-08,2026-11-19,90,42,8.132920529931702,8.43883595048844,8.132920529931702,5.74,7.564791891754905,6.713420529931702,9.552420529931702,HIBRIDO_ANALOGO_CLIM,ANALOGO_ESTADO_V2_CONFORMAL,30,10,2.5452691716216744,OK_ANALOGOS_CONTINUIDAD_CORREGIDA,-0.4454970199600341,0.4454970199600341,0.0,CORREGIDO_ANCLA_OBSERVADO,5.302483187778103,10.963357872085302,2.8304373421535995,720.0,OK_CALIBRADO
2026-10-09,REQUENA,4.0,2026-10-08,2026-11-20,90,43,8.136529373986434,8.439050938322858,8.136529373986434,5.74,7.594804712267726,6.650029373986436,9.623029373986434,HIBRIDO_ANALOGO_CLIM,ANALOGO_ESTADO_V2_CONFORMAL,30,10,2.5452691716216744,OK_ANALOGOS_CONTINUIDAD_CORREGIDA,-0.4454970199600341,0.4454970199600341,0.0,CORREGIDO_ANCLA_OBSERVADO,5.306092031832835,10.966966716140034,2.8304373421535995,720.0,OK_CALIBRADO
2026-10-09,REQUENA,4.0,2026-10-08,2026-11-21,90,44,8.145468335340901,8.443104899846151,8.145468335340901,5.74,7.63136881483183,6.621968335340901,9.6689683353409,HIBRIDO_ANALOGO_CLIM,ANALOGO_ESTADO_V2_CONFORMAL,30,10,2.5452691716216744,OK_ANALOGOS_CONTINUIDAD_CORREGIDA,-0.4454970199600341,0.4454970199600341,0.0,CORREGIDO_ANCLA_OBSERVADO,5.315030993187301,10.9759056774945,2.8304373421535995,720.0,OK_CALIBRADO
2026-10-09,REQUENA,4.0,2026-10-08,2026-11-22,90,45,8.149637635763643,8.439483543707343,8.149637635763643,5.74,7.666561122524137,6.611137635763643,9.688137635763642,HIBRIDO_ANALOGO_CLIM,ANALOGO_ESTADO_V2_CONFORMAL,30,10,2.5452691716216744,OK_ANALOGOS_CONTINUIDAD_CORREGIDA,-0.4454970199600341,0.4454970199600341,0.0,CORREGIDO_ANCLA_OBSERVADO,5.319200293610043,10.980074977917242,2.8304373421535995,720.0,OK_CALIBRADO
2026-10-09,REQUENA,4.0,2026-10-08,2026-11-23,90,46,8.164489906159488,8.447506620588396,8.164489906159488,5.74,7.709202148165161,6.624489906159489,9.704489906159488,HIBRIDO_ANALOGO_CLIM,ANALOGO_ESTADO_V2_CONFORMAL,30,10,2.5452691716216744,OK_ANALOGOS_CONTINUIDAD_CORREGIDA,-0.4454970199600341,0.4454970199600341,0.0,CORREGIDO_ANCLA_OBSERVADO,5.334052564005889,10.994927248313088,2.8304373421535995,720.0,OK_CALIBRADO
2026-10-09,REQUENA,4.0,2026-10-08,2026-11-24,90,47,8.178597286120855,8.448478490150634,8.178597286120855,5.74,7.759420096883111,6.636597286120856,9.720597286120853,HIBRIDO_ANALOGO_CLIM,ANALOGO_ESTADO_V2_CONFORMAL,30,10,2.5452691716216744,OK_ANALOGOS_CONTINUIDAD_CORREGIDA,-0.4454970199600341,0.4454970199600341,0.0,CORREGIDO_ANCLA_OBSERVADO,5.348159943967255,11.009034628274454,2.8304373421535995,720.0,OK_CALIBRADO
2026-10-09,REQUENA,4.0,2026-10-08,2026-11-25,90,48,8.20153344301914,8.467557725058544,8.20153344301914,5.74,7.802497019960034,6.67003344301914,9.733033443019139,HIBRIDO_ANALOGO_CLIM,ANALOGO_ESTADO_V2_CONFORMAL,30,10,2.5452691716216744,OK_ANALOGOS_CONTINUIDAD_CORREGIDA,-0.4454970199600341,0.4454970199600341,0.0,CORREGIDO_ANCLA_OBSERVADO,5.37109610086554,11.031970785172739,2.8304373421535995,720.0,OK_CALIBRADO
2026-10-09,REQUENA,4.0,2026-10-08,2026-11-26,90,49,8.244505811157747,8.487600719059092,8.244505811157747,5.74,7.892266250729264,6.726505811157747,9.762505811157745,HIBRIDO_ANALOGO_CLIM,ANALOGO_ESTADO_V2_CONFORMAL,30,10,2.5452691716216744,OK_ANALOGOS_CONTINUIDAD_CORREGIDA,-0.4454970199600341,0.4454970199600341,0.0,CORREGIDO_ANCLA_OBSERVADO,5.414068469004148,11.074943153311347,2.8304373421535995,720.0,OK_CALIBRADO
2026-10-09,REQUENA,4.0,2026-10-08,2026-11-27,90,50,8.28995648347722,8.512299323718434,8.28995648347722,5.74,7.978676507139521,6.769956483477221,9.809956483477219,HIBRIDO_ANALOGO_CLIM,ANALOGO_ESTADO_V2_CONFORMAL,30,10,2.5452691716216744,OK_ANALOGOS_CONTINUIDAD_CORREGIDA,-0.4454970199600341,0.4454970199600341,0.0,CORREGIDO_ANCLA_OBSERVADO,5.45951914132362,11.120393825630819,2.8304373421535995,720.0,OK_CALIBRADO
2026-10-09,REQUENA,4.0,2026-10-08,2026-11-28,90,51,8.32368647264536,8.52148703800809,8.32368647264536,5.74,8.056073943036957,6.805186472645358,9.84218647264536,HIBRIDO_ANALOGO_CLIM,ANALOGO_ESTADO_V2_CONFORMAL,30,10,2.5452691716216744,OK_ANALOGOS_CONTINUIDAD_CORREGIDA,-0.4454970199600341,0.4454970199600341,0.0,CORREGIDO_ANCLA_OBSERVADO,5.49324913049176,11.15412381479896,2.8304373421535995,720.0,OK_CALIBRADO
2026-10-09,REQUENA,4.0,2026-10-08,2026-11-29,90,52,8.354701116845284,8.529004249757534,8.354701116845284,5.74,8.126766250729265,6.806701116845283,9.902701116845282,HIBRIDO_ANALOGO_CLIM,ANALOGO_ESTADO_V2_CONFORMAL,30,10,2.5452691716216744,OK_ANALOGOS_CONTINUIDAD_CORREGIDA,-0.4454970199600341,0.4454970199600341,0.0,CORREGIDO_ANCLA_OBSERVADO,5.5242637746916845,11.185138458998884,2.8304373421535995,720.0,OK_CALIBRADO
2026-10-09,REQUENA,4.0,2026-10-08,2026-11-30,90,53,8.38920980388234,8.551958110184447,8.38920980388234,5.74,8.183471378934392,6.71170980388234,10.06670980388234,HIBRIDO_ANALOGO_CLIM,ANALOGO_ESTADO_V2_CONFORMAL,30,10,2.5452691716216744,OK_ANALOGOS_CONTINUIDAD_CORREGIDA,-0.4454970199600341,0.4454970199600341,0.0,CORREGIDO_ANCLA_OBSERVADO,5.55877246172874,11.219647146035939,2.8304373421535995,720.0,OK_CALIBRADO
2026-10-09,REQUENA,4.0,2026-10-08,2026-12-01,90,54,8.4365749951765,8.574267202171793,8.4365749951765,5.74,8.268284519960034,6.657074995176501,10.216074995176498,HIBRIDO_ANALOGO_CLIM,ANALOGO_ESTADO_V2_CONFORMAL,30,10,2.5452691716216744,OK_ANALOGOS_CONTINUIDAD_CORREGIDA,-0.4454970199600341,0.4454970199600341,0.0,CORREGIDO_ANCLA_OBSERVADO,5.6061376530229,11.2670123373301,2.8304373421535995,720.0,OK_CALIBRADO
2026-10-09,REQUENA,4.0,2026-10-08,2026-12-02,90,55,8.484399672991334,8.61055287940243,8.484399672991334,5.74,8.335309519960035,6.665899672991334,10.302899672991334,HIBRIDO_ANALOGO_CLIM,ANALOGO_ESTADO_V2_CONFORMAL,30,10,2.5452691716216744,OK_ANALOGOS_CONTINUIDAD_CORREGIDA,-0.4454970199600341,0.4454970199600341,0.0,CORREGIDO_ANCLA_OBSERVADO,5.653962330837734,11.314837015144933,2.8304373421535995,720.0,OK_CALIBRADO
2026-10-09,REQUENA,4.0,2026-10-08,2026-12-03,90,56,8.499513007724229,8.634747309517895,8.499513007724229,5.74,8.344959519960035,6.826013007724229,10.173013007724226,HIBRIDO_ANALOGO_CLIM,ANALOGO_ESTADO_V2_CONFORMAL,30,10,2.5452691716216744,OK_ANALOGOS_CONTINUIDAD_CORREGIDA,-0.4454970199600341,0.4454970199600341,0.0,CORREGIDO_ANCLA_OBSERVADO,5.669075665570629,11.329950349877828,2.8304373421535995,720.0,OK_CALIBRADO
2026-10-09,REQUENA,4.0,2026-10-08,2026-12-04,90,57,8.511238475500516,8.645734911465713,8.511238475500516,5.74,8.362584519960034,6.868738475500517,10.153738475500514,HIBRIDO_ANALOGO_CLIM,ANALOGO_ESTADO_V2_CONFORMAL,30,10,2.5452691716216744,OK_ANALOGOS_CONTINUIDAD_CORREGIDA,-0.4454970199600341,0.4454970199600341,0.0,CORREGIDO_ANCLA_OBSERVADO,5.680801133346916,11.341675817654115,2.8304373421535995,720.0,OK_CALIBRADO
2026-10-09,REQUENA,4.0,2026-10-08,2026-12-05,90,58,8.528057947430405,8.656264540870431,8.528057947430405,5.74,8.391009519960033,6.867557947430406,10.188557947430404,HIBRIDO_ANALOGO_CLIM,ANALOGO_ESTADO_V2_CONFORMAL,30,10,2.5452691716216744,OK_ANALOGOS_CONTINUIDAD_CORREGIDA,-0.4454970199600341,0.4454970199600341,0.0,CORREGIDO_ANCLA_OBSERVADO,5.697620605276805,11.358495289584004,2.8304373421535995,720.0,OK_CALIBRADO
2026-10-09,REQUENA,4.0,2026-10-08,2026-12-06,90,59,8.55253437214079,8.652036278348408,8.55253437214079,5.74,8.449659519960033,6.83903437214079,10.26603437214079,HIBRIDO_ANALOGO_CLIM,ANALOGO_ESTADO_V2_CONFORMAL,30,10,2.5452691716216744,OK_ANALOGOS_CONTINUIDAD_CORREGIDA,-0.4454970199600341,0.4454970199600341,0.0,CORREGIDO_ANCLA_OBSERVADO,5.722097029987191,11.38297171429439,2.8304373421535995,720.0,OK_CALIBRADO
2026-10-09,REQUENA,4.0,2026-10-08,2026-12-07,90,60,8.62269792851179,8.731586337063543,8.62269792851179,5.74,8.513809519960034,7.08384792851179,10.16154792851179,HIBRIDO_ANALOGO_CLIM,ANALOGO_ESTADO_V2_CONFORMAL,30,10,2.5452691716216744,OK_ANALOGOS_CONTINUIDAD_CORREGIDA,-0.4454970199600341,0.4454970199600341,0.0,CORREGIDO_ANCLA_OBSERVADO,5.792260586358191,11.45313527066539,2.8304373421535995,720.0,OK_CALIBRADO
2026-10-09,REQUENA,4.0,2026-10-08,2026-12-08,90,61,8.582458950211553,8.604480395047872,8.582458950211553,5.74,8.561159519960036,6.822458950211555,10.342458950211554,HIBRIDO_ANALOGO_CLIM,ANALOGO_ESTADO_V2_CONFORMAL,30,10,2.5452691716216744,OK_ANALOGOS_CONTINUIDAD_CORREGIDA,-0.4454970199600341,0.4454970199600341,0.0,CORREGIDO_ANCLA_OBSERVADO,5.752021608057953,11.412896292365152,2.8304373421535995,720.0,OK_CALIBRADO
2026-10-09,REQUENA,4.0,2026-10-08,2026-12-09,90,62,8.588419626529696,8.56425844734554,8.588419626529696,5.74,8.611022019960032,6.783919626529695,10.392919626529697,HIBRIDO_ANALOGO_CLIM,ANALOGO_ESTADO_V2_CONFORMAL,30,10,2.5452691716216744,OK_ANALOGOS_CONTINUIDAD_CORREGIDA,-0.4454970199600341,0.4454970199600341,0.0,CORREGIDO_ANCLA_OBSERVADO,5.757982284376096,11.418856968683295,2.8304373421535995,720.0,OK_CALIBRADO
2026-10-09,REQUENA,4.0,2026-10-08,2026-12-10,90,63,8.599407274345303,8.521317950244807,8.599407274345303,5.74,8.670059519960034,6.710907274345302,10.4879072743453,HIBRIDO_ANALOGO_CLIM,ANALOGO_ESTADO_V2_CONFORMAL,30,10,2.5452691716216744,OK_ANALOGOS_CONTINUIDAD_CORREGIDA,-0.4454970199600341,0.4454970199600341,0.0,CORREGIDO_ANCLA_OBSERVADO,5.768969932191704,11.429844616498903,2.8304373421535995,720.0,OK_CALIBRADO
2026-10-09,REQUENA,4.0,2026-10-08,2026-12-11,90,64,8.620521945085986,8.487150430944215,8.620521945085986,5.74,8.737222019960033,6.642021945085984,10.599021945085987,HIBRIDO_ANALOGO_CLIM,ANALOGO_ESTADO_V2_CONFORMAL,30,10,2.5452691716216744,OK_ANALOGOS_CONTINUIDAD_CORREGIDA,-0.4454970199600341,0.4454970199600341,0.0,CORREGIDO_ANCLA_OBSERVADO,5.790084602932387,11.450959287239586,2.8304373421535995,720.0,OK_CALIBRADO
2026-10-09,REQUENA,4.0,2026-10-08,2026-12-12,90,65,8.65163150878043,8.474502950113624,8.65163150878043,5.74,8.801509519960035,6.591631508780432,10.711631508780428,HIBRIDO_ANALOGO_CLIM,ANALOGO_ESTADO_V2_CONFORMAL,30,10,2.5452691716216744,OK_ANALOGOS_CONTINUIDAD_CORREGIDA,-0.4454970199600341,0.4454970199600341,0.0,CORREGIDO_ANCLA_OBSERVADO,5.82119416662683,11.482068850934029,2.8304373421535995,720.0,OK_CALIBRADO
2026-10-09,REQUENA,4.0,2026-10-08,2026-12-13,90,66,8.714873181767611,8.488916268421317,8.714873181767611,5.74,8.899747019960035,6.614873181767614,10.814873181767613,HIBRIDO_ANALOGO_CLIM,ANALOGO_ESTADO_V2_CONFORMAL,30,10,2.5452691716216744,OK_ANALOGOS_CONTINUIDAD_CORREGIDA,-0.4454970199600341,0.4454970199600341,0.0,CORREGIDO_ANCLA_OBSERVADO,5.884435839614012,11.545310523921211,2.8304373421535995,720.0,OK_CALIBRADO
2026-10-09,REQUENA,4.0,2026-10-08,2026-12-14,90,67,8.781490066275282,8.508266653126633,8.781490066275282,5.74,8.997622019960033,6.681490066275282,10.88149006627528,HIBRIDO_ANALOGO_CLIM,ANALOGO_ESTADO_V2_CONFORMAL,30,10,2.5452691716216744,OK_ANALOGOS_CONTINUIDAD_CORREGIDA,-0.4454970199600341,0.4454970199600341,0.0,CORREGIDO_ANCLA_OBSERVADO,5.951052724121682,11.611927408428881,2.8304373421535995,720.0,OK_CALIBRADO
2026-10-09,REQUENA,4.0,2026-10-08,2026-12-15,90,68,8.840730181426888,8.535100469498932,8.840730181426888,5.74,9.074447019960033,6.8002301814268895,10.88123018142689,HIBRIDO_ANALOGO_CLIM,ANALOGO_ESTADO_V2_CONFORMAL,30,10,2.5452691716216744,OK_ANALOGOS_CONTINUIDAD_CORREGIDA,-0.4454970199600341,0.4454970199600341,0.0,CORREGIDO_ANCLA_OBSERVADO,6.010292839273289,11.671167523580488,2.8304373421535995,720.0,OK_CALIBRADO
2026-10-09,REQUENA,4.0,2026-10-08,2026-12-16,90,69,8.885522957694945,8.557622020512767,8.885522957694945,5.74,9.127884519960034,6.927522957694947,10.843522957694947,HIBRIDO_ANALOGO_CLIM,ANALOGO_ESTADO_V2_CONFORMAL,30,10,2.5452691716216744,OK_ANALOGOS_CONTINUIDAD_CORREGIDA,-0.4454970199600341,0.4454970199600341,0.0,CORREGIDO_ANCLA_OBSERVADO,6.055085615541346,11.715960299848545,2.8304373421535995,720.0,OK_CALIBRADO
2026-10-09,REQUENA,4.0,2026-10-08,2026-12-17,90,70,8.920872261319023,8.560792599221607,8.920872261319023,5.74,9.178072019960034,7.047872261319025,10.793872261319024,HIBRIDO_ANALOGO_CLIM,ANALOGO_ESTADO_V2_CONFORMAL,30,10,2.5452691716216744,OK_ANALOGOS_CONTINUIDAD_CORREGIDA,-0.4454970199600341,0.4454970199600341,0.0,CORREGIDO_ANCLA_OBSERVADO,6.090434919165423,11.751309603472622,2.8304373421535995,720.0,OK_CALIBRADO
2026-10-09,REQUENA,4.0,2026-10-08,2026-12-18,90,71,8.952229142020503,8.560399155618327,8.952229142020503,5.74,9.222647019960036,7.153729142020505,10.750729142020504,HIBRIDO_ANALOGO_CLIM,ANALOGO_ESTADO_V2_CONFORMAL,30,10,2.5452691716216744,OK_ANALOGOS_CONTINUIDAD_CORREGIDA,-0.4454970199600341,0.4454970199600341,0.0,CORREGIDO_ANCLA_OBSERVADO,6.121791799866903,11.782666484174102,2.8304373421535995,720.0,OK_CALIBRADO
2026-10-09,REQUENA,4.0,2026-10-08,2026-12-19,90,72,8.992376726980691,8.559483787511677,8.992376726980691,5.74,9.280972019960032,7.280376726980691,10.70437672698069,HIBRIDO_ANALOGO_CLIM,ANALOGO_ESTADO_V2_CONFORMAL,30,10,2.5452691716216744,OK_ANALOGOS_CONTINUIDAD_CORREGIDA,-0.4454970199600341,0.4454970199600341,0.0,CORREGIDO_ANCLA_OBSERVADO,6.161939384827091,11.82281406913429,2.8304373421535995,720.0,OK_CALIBRADO
2026-10-09,REQUENA,4.0,2026-10-08,2026-12-20,90,73,9.031667238523077,8.557955822674188,9.031667238523077,5.74,9.336659519960033,7.426167238523077,10.637167238523077,HIBRIDO_ANALOGO_CLIM,ANALOGO_ESTADO_V2_CONFORMAL,30,10,2.5452691716216744,OK_ANALOGOS_CONTINUIDAD_CORREGIDA,-0.4454970199600341,0.4454970199600341,0.0,CORREGIDO_ANCLA_OBSERVADO,6.201229896369478,11.862104580676677,2.8304373421535995,720.0,OK_CALIBRADO
2026-10-09,REQUENA,4.0,2026-10-08,2026-12-21,90,74,9.108478914723964,8.634427506300717,9.108478914723964,5.74,9.403159519960035,7.544978914723963,10.671978914723962,HIBRIDO_ANALOGO_CLIM,ANALOGO_ESTADO_V2_CONFORMAL,30,10,2.5452691716216744,OK_ANALOGOS_CONTINUIDAD_CORREGIDA,-0.4454970199600341,0.4454970199600341,0.0,CORREGIDO_ANCLA_OBSERVADO,6.278041572570364,11.938916256877564,2.8304373421535995,720.0,OK_CALIBRADO
2026-10-09,REQUENA,4.0,2026-10-08,2026-12-22,90,75,9.182533623175086,8.729386295200175,9.182533623175086,5.74,9.454422019960035,7.6480336231750865,10.717033623175087,HIBRIDO_ANALOGO_CLIM,ANALOGO_ESTADO_V2_CONFORMAL,30,10,2.5452691716216744,OK_ANALOGOS_CONTINUIDAD_CORREGIDA,-0.4454970199600341,0.4454970199600341,0.0,CORREGIDO_ANCLA_OBSERVADO,6.3520962810214865,12.012970965328686,2.8304373421535995,720.0,OK_CALIBRADO
2026-10-09,REQUENA,4.0,2026-10-08,2026-12-23,90,76,9.243841436561748,8.807306792510158,9.243841436561748,5.74,9.496572019960034,7.658841436561747,10.82884143656175,HIBRIDO_ANALOGO_CLIM,ANALOGO_ESTADO_V2_CONFORMAL,30,10,2.5452691716216744,OK_ANALOGOS_CONTINUIDAD_CORREGIDA,-0.4454970199600341,0.4454970199600341,0.0,CORREGIDO_ANCLA_OBSERVADO,6.413404094408149,12.074278778715348,2.8304373421535995,720.0,OK_CALIBRADO
2026-10-09,REQUENA,4.0,2026-10-08,2026-12-24,90,77,9.311416605715152,8.896591794160358,9.311416605715152,5.74,9.543072019960036,7.691916605715152,10.93091660571515,HIBRIDO_ANALOGO_CLIM,ANALOGO_ESTADO_V2_CONFORMAL,30,10,2.5452691716216744,OK_ANALOGOS_CONTINUIDAD_CORREGIDA,-0.4454970199600341,0.4454970199600341,0.0,CORREGIDO_ANCLA_OBSERVADO,6.480979263561553,12.141853947868752,2.8304373421535995,720.0,OK_CALIBRADO
2026-10-09,REQUENA,4.0,2026-10-08,2026-12-25,90,78,9.444946146445478,9.159524881347021,9.444946146445478,5.74,9.598634519960033,7.701946146445479,11.18794614644548,HIBRIDO_ANALOGO_CLIM,ANALOGO_ESTADO_V2_CONFORMAL,30,10,2.5452691716216744,OK_ANALOGOS_CONTINUIDAD_CORREGIDA,-0.4454970199600341,0.4454970199600341,0.0,CORREGIDO_ANCLA_OBSERVADO,6.614508804291878,12.275383488599077,2.8304373421535995,720.0,OK_CALIBRADO
2026-10-09,REQUENA,4.0,2026-10-08,2026-12-26,90,79,9.513129975029962,9.25210810796958,9.513129975029962,5.74,9.648597019960036,7.656129975029963,11.370129975029961,HIBRIDO_ANALOGO_CLIM,ANALOGO_ESTADO_V2_CONFORMAL,30,10,2.5452691716216744,OK_ANALOGOS_CONTINUIDAD_CORREGIDA,-0.4454970199600341,0.4454970199600341,0.0,CORREGIDO_ANCLA_OBSERVADO,6.682692632876362,12.343567317183561,2.8304373421535995,720.0,OK_CALIBRADO
2026-10-09,REQUENA,4.0,2026-10-08,2026-12-27,90,80,9.564429084802601,9.31319321448774,9.564429084802601,5.74,9.690047019960033,7.634929084802604,11.493929084802602,HIBRIDO_ANALOGO_CLIM,ANALOGO_ESTADO_V2_CONFORMAL,30,10,2.5452691716216744,OK_ANALOGOS_CONTINUIDAD_CORREGIDA,-0.4454970199600341,0.4454970199600341,0.0,CORREGIDO_ANCLA_OBSERVADO,6.7339917426490015,12.3948664269562,2.8304373421535995,720.0,OK_CALIBRADO
2026-10-09,REQUENA,4.0,2026-10-08,2026-12-28,90,81,9.610505670578998,9.352024598787622,9.610505670578998,5.74,9.734959519960036,7.658005670579,11.563005670578999,HIBRIDO_ANALOGO_CLIM,ANALOGO_ESTADO_V2_CONFORMAL,30,10,2.5452691716216744,OK_ANALOGOS_CONTINUIDAD_CORREGIDA,-0.4454970199600341,0.4454970199600341,0.0,CORREGIDO_ANCLA_OBSERVADO,6.780068328425399,12.440943012732598,2.8304373421535995,720.0,OK_CALIBRADO
2026-10-09,REQUENA,4.0,2026-10-08,2026-12-29,90,82,9.659629959074095,9.38044248558339,9.659629959074095,5.74,9.789009519960032,7.661629959074097,11.657629959074097,HIBRIDO_ANALOGO_CLIM,ANALOGO_ESTADO_V2_CONFORMAL,30,10,2.5452691716216744,OK_ANALOGOS_CONTINUIDAD_CORREGIDA,-0.4454970199600341,0.4454970199600341,0.0,CORREGIDO_ANCLA_OBSERVADO,6.829192616920496,12.490067301227695,2.8304373421535995,720.0,OK_CALIBRADO
2026-10-09,REQUENA,4.0,2026-10-08,2026-12-30,90,83,9.70447505037119,9.398671713185408,9.70447505037119,5.74,9.840797019960036,7.616475050371191,11.792475050371191,HIBRIDO_ANALOGO_CLIM,ANALOGO_ESTADO_V2_CONFORMAL,30,10,2.5452691716216744,OK_ANALOGOS_CONTINUIDAD_CORREGIDA,-0.4454970199600341,0.4454970199600341,0.0,CORREGIDO_ANCLA_OBSERVADO,6.874037708217591,12.53491239252479,2.8304373421535995,720.0,OK_CALIBRADO
2026-10-09,REQUENA,4.0,2026-10-08,2026-12-31,90,84,9.745112747440373,9.409761944894505,9.745112747440373,5.74,9.888834519960035,7.5906127474403755,11.899612747440372,HIBRIDO_ANALOGO_CLIM,ANALOGO_ESTADO_V2_CONFORMAL,30,10,2.5452691716216744,OK_ANALOGOS_CONTINUIDAD_CORREGIDA,-0.4454970199600341,0.4454970199600341,0.0,CORREGIDO_ANCLA_OBSERVADO,6.914675405286774,12.575550089593973,2.8304373421535995,720.0,OK_CALIBRADO
2026-10-09,REQUENA,4.0,2026-10-08,2027-01-01,90,85,9.8886627082952,9.430251907438855,9.8886627082952,5.74,10.07742009688311,7.690662708295202,12.0866627082952,HIBRIDO_ANALOGO_CLIM,ANALOGO_ESTADO_V2_CONFORMAL,30,10,2.5452691716216744,OK_ANALOGOS_CONTINUIDAD_CORREGIDA,-0.4454970199600341,0.4454970199600341,0.0,CORREGIDO_ANCLA_OBSERVADO,7.058225366141601,12.7191000504488,2.8304373421535995,720.0,OK_CALIBRADO
2026-10-09,REQUENA,4.0,2026-10-08,2027-01-02,90,86,9.940021516520417,9.468931894698034,9.940021516520417,5.74,10.126266250729266,7.690021516520417,12.190021516520414,HIBRIDO_ANALOGO_CLIM,ANALOGO_ESTADO_V2_CONFORMAL,30,10,2.5452691716216744,OK_ANALOGOS_CONTINUIDAD_CORREGIDA,-0.4454970199600341,0.4454970199600341,0.0,CORREGIDO_ANCLA_OBSERVADO,7.109584174366818,12.770458858674017,2.8304373421535995,720.0,OK_CALIBRADO
2026-10-09,REQUENA,4.0,2026-10-08,2027-01-03,90,87,10.001645582698032,9.551252865813819,10.001645582698032,5.74,10.172484199447215,7.717145582698033,12.28614558269803,HIBRIDO_ANALOGO_CLIM,ANALOGO_ESTADO_V2_CONFORMAL,30,10,2.5452691716216744,OK_ANALOGOS_CONTINUIDAD_CORREGIDA,-0.4454970199600341,0.4454970199600341,0.0,CORREGIDO_ANCLA_OBSERVADO,7.171208240544432,12.832082924851631,2.8304373421535995,720.0,OK_CALIBRADO
2026-10-09,REQUENA,4.0,2026-10-08,2027-01-04,90,88,10.053528015312121,9.609488252530369,10.053528015312121,5.74,10.214997019960034,7.883928015312122,12.22312801531212,HIBRIDO_ANALOGO_CLIM,ANALOGO_ESTADO_V2_CONFORMAL,30,10,2.5452691716216744,OK_ANALOGOS_CONTINUIDAD_CORREGIDA,-0.4454970199600341,0.4454970199600341,0.0,CORREGIDO_ANCLA_OBSERVADO,7.223090673158522,12.883965357465721,2.8304373421535995,720.0,OK_CALIBRADO
2026-10-09,REQUENA,4.0,2026-10-08,2027-01-05,90,89,10.090655014111828,9.63120166233422,10.090655014111828,5.74,10.250689327652342,7.877905014111828,12.303405014111828,HIBRIDO_ANALOGO_CLIM,ANALOGO_ESTADO_V2_CONFORMAL,30,10,2.5452691716216744,OK_ANALOGOS_CONTINUIDAD_CORREGIDA,-0.4454970199600341,0.4454970199600341,0.0,CORREGIDO_ANCLA_OBSERVADO,7.2602176719582285,12.921092356265428,2.8304373421535995,720.0,OK_CALIBRADO
2026-10-09,REQUENA,4.0,2026-10-08,2027-01-06,90,90,10.122524195407074,9.634028798671274,10.122524195407074,5.74,10.285355994319008,7.8085241954070765,12.436524195407074,HIBRIDO_ANALOGO_CLIM,ANALOGO_ESTADO_V2_CONFORMAL,30,10,2.5452691716216744,OK_ANALOGOS_CONTINUIDAD_CORREGIDA,-0.4454970199600341,0.4454970199600341,0.0,CORREGIDO_ANCLA_OBSERVADO,7.292086853253474,12.952961537560673,2.8304373421535995,720.0,OK_CALIBRADO
2026-10-09,SAN REGIS,34.0,2026-10-08,2026-10-09,30,1,5.06,5.147733983069057,5.06,5.06,4.796798050792829,4.8315,5.2885,HIBRIDO_ANALOGO_CLIM,ANALOGO_ESTADO_V2_CONFORMAL,30,10,1.80379204248575,OK_ANALOGOS_CONTINUIDAD_CORREGIDA,-0.037089717459496185,0.037089717459496185,0.0,CORREGIDO_ANCLA_OBSERVADO,2.886662593064207,7.233337406935792,2.1733374069357927,240.0,OK_CALIBRADO
2026-10-09,SAN REGIS,34.0,2026-10-08,2026-10-10,30,2,5.193104274242528,5.312484126503539,5.193104274242528,5.06,4.8349647174594965,4.733104274242528,5.653104274242528,HIBRIDO_ANALOGO_CLIM,ANALOGO_ESTADO_V2_CONFORMAL,30,10,1.80379204248575,OK_ANALOGOS_CONTINUIDAD_CORREGIDA,-0.037089717459496185,0.037089717459496185,0.0,CORREGIDO_ANCLA_OBSERVADO,3.0197668673067355,7.366441681178321,2.1733374069357927,240.0,OK_CALIBRADO
2026-10-09,SAN REGIS,34.0,2026-10-08,2026-10-11,30,3,5.321428339535774,5.457707880227867,5.321428339535774,5.06,4.912589717459496,4.503178339535773,6.139678339535774,HIBRIDO_ANALOGO_CLIM,ANALOGO_ESTADO_V2_CONFORMAL,30,10,1.80379204248575,OK_ANALOGOS_CONTINUIDAD_CORREGIDA,-0.037089717459496185,0.037089717459496185,0.0,CORREGIDO_ANCLA_OBSERVADO,3.148090932599981,7.4947657464715665,2.1733374069357927,240.0,OK_CALIBRADO
2026-10-09,SAN REGIS,34.0,2026-10-08,2026-10-12,30,4,5.418237186576575,5.557929861467453,5.418237186576575,5.06,4.999159161903941,4.5346371865765756,6.3018371865765745,HIBRIDO_ANALOGO_CLIM,ANALOGO_ESTADO_V2_CONFORMAL,30,10,1.80379204248575,OK_ANALOGOS_CONTINUIDAD_CORREGIDA,-0.037089717459496185,0.037089717459496185,0.0,CORREGIDO_ANCLA_OBSERVADO,3.2448997796407824,7.591574593512368,2.1733374069357927,240.0,OK_CALIBRADO
2026-10-09,SAN REGIS,34.0,2026-10-08,2026-10-13,30,5,5.470640393526905,5.5991433966604855,5.470640393526905,5.06,5.0851313841261625,4.4551403935269045,6.486140393526905,HIBRIDO_ANALOGO_CLIM,ANALOGO_ESTADO_V2_CONFORMAL,30,10,1.80379204248575,OK_ANALOGOS_CONTINUIDAD_CORREGIDA,-0.037089717459496185,0.037089717459496185,0.0,CORREGIDO_ANCLA_OBSERVADO,3.297302986591112,7.6439778004626975,2.1733374069357927,240.0,OK_CALIBRADO
2026-10-09,SAN REGIS,34.0,2026-10-08,2026-10-14,30,6,5.5584055327745165,5.690834878620263,5.5584055327745165,5.06,5.161117495237274,4.482905532774517,6.6339055327745164,HIBRIDO_ANALOGO_CLIM,ANALOGO_ESTADO_V2_CONFORMAL,30,10,1.80379204248575,OK_ANALOGOS_CONTINUIDAD_CORREGIDA,-0.037089717459496185,0.037089717459496185,0.0,CORREGIDO_ANCLA_OBSERVADO,3.385068125838724,7.731742939710309,2.1733374069357927,240.0,OK_CALIBRADO
2026-10-09,SAN REGIS,34.0,2026-10-08,2026-10-15,30,7,5.604346386839225,5.733357869225061,5.604346386839225,5.06,5.217311939681719,4.562446386839225,6.646246386839225,HIBRIDO_ANALOGO_CLIM,ANALOGO_ESTADO_V2_CONFORMAL,30,10,1.80379204248575,OK_ANALOGOS_CONTINUIDAD_CORREGIDA,-0.037089717459496185,0.037089717459496185,0.0,CORREGIDO_ANCLA_OBSERVADO,3.4310089799034325,7.777683793775018,2.1733374069357927,240.0,OK_CALIBRADO
2026-10-09,SAN REGIS,34.0,2026-10-08,2026-10-16,30,8,5.602202265359736,5.722860151696852,5.602202265359736,5.06,5.240228606348385,4.505102265359736,6.699302265359736,HIBRIDO_ANALOGO_CLIM,ANALOGO_ESTADO_V2_CONFORMAL,30,10,1.80379204248575,OK_ANALOGOS_CONTINUIDAD_CORREGIDA,-0.037089717459496185,0.037089717459496185,0.0,CORREGIDO_ANCLA_OBSERVADO,3.4288648584239434,7.775539672295529,2.1733374069357927,240.0,OK_CALIBRADO
2026-10-09,SAN REGIS,34.0,2026-10-08,2026-10-17,30,9,5.576587222289229,5.684836390565807,5.576587222289229,5.06,5.251839717459496,4.403337222289228,6.749837222289229,HIBRIDO_ANALOGO_CLIM,ANALOGO_ESTADO_V2_CONFORMAL,30,10,1.80379204248575,OK_ANALOGOS_CONTINUIDAD_CORREGIDA,-0.037089717459496185,0.037089717459496185,0.0,CORREGIDO_ANCLA_OBSERVADO,3.403249815353436,7.7499246292250215,2.1733374069357927,240.0,OK_CALIBRADO
2026-10-09,SAN REGIS,34.0,2026-10-08,2026-10-18,30,10,5.530567834694076,5.622801281179677,5.530567834694076,5.06,5.253867495237274,4.344967834694077,6.716167834694076,HIBRIDO_ANALOGO_CLIM,ANALOGO_ESTADO_V2_CONFORMAL,30,10,1.80379204248575,OK_ANALOGOS_CONTINUIDAD_CORREGIDA,-0.037089717459496185,0.037089717459496185,0.0,CORREGIDO_ANCLA_OBSERVADO,3.3572304277582834,7.703905241629869,2.1733374069357927,240.0,OK_CALIBRADO
2026-10-09,SAN REGIS,34.0,2026-10-08,2026-10-19,30,11,5.484753262962917,5.54384944479739,5.484753262962917,5.06,5.307464717459496,4.457653262962917,6.511853262962917,HIBRIDO_ANALOGO_CLIM,ANALOGO_ESTADO_V2_CONFORMAL,30,10,1.80379204248575,OK_ANALOGOS_CONTINUIDAD_CORREGIDA,-0.037089717459496185,0.037089717459496185,0.0,CORREGIDO_ANCLA_OBSERVADO,3.311415856027124,7.6580906698987095,2.1733374069357927,240.0,OK_CALIBRADO
2026-10-09,SAN REGIS,34.0,2026-10-08,2026-10-20,30,12,5.474951610748428,5.516956501103997,5.474951610748428,5.06,5.348936939681718,4.590551610748427,6.359351610748428,HIBRIDO_ANALOGO_CLIM,ANALOGO_ESTADO_V2_CONFORMAL,30,10,1.80379204248575,OK_ANALOGOS_CONTINUIDAD_CORREGIDA,-0.037089717459496185,0.037089717459496185,0.0,CORREGIDO_ANCLA_OBSERVADO,3.301614203812635,7.64828901768422,2.1733374069357927,240.0,OK_CALIBRADO
2026-10-09,SAN REGIS,34.0,2026-10-08,2026-10-21,30,13,5.469581209550203,5.502689484691549,5.469581209550203,5.06,5.370256384126163,4.373431209550202,6.5657312095502025,HIBRIDO_ANALOGO_CLIM,ANALOGO_ESTADO_V2_CONFORMAL,30,10,1.80379204248575,OK_ANALOGOS_CONTINUIDAD_CORREGIDA,-0.037089717459496185,0.037089717459496185,0.0,CORREGIDO_ANCLA_OBSERVADO,3.29624380261441,7.6429186164859955,2.1733374069357927,240.0,OK_CALIBRADO
2026-10-09,SAN REGIS,34.0,2026-10-08,2026-10-22,30,14,5.448655384390741,5.46608468077523,5.448655384390741,5.06,5.396367495237274,4.38610538439074,6.511205384390742,HIBRIDO_ANALOGO_CLIM,ANALOGO_ESTADO_V2_CONFORMAL,30,10,1.80379204248575,OK_ANALOGOS_CONTINUIDAD_CORREGIDA,-0.037089717459496185,0.037089717459496185,0.0,CORREGIDO_ANCLA_OBSERVADO,3.2753179774549483,7.621992791326534,2.1733374069357927,240.0,OK_CALIBRADO
2026-10-09,SAN REGIS,34.0,2026-10-08,2026-10-23,30,15,5.459938055872572,5.4674245390473,5.459938055872572,5.06,5.437478606348385,4.510938055872572,6.4089380558725715,HIBRIDO_ANALOGO_CLIM,ANALOGO_ESTADO_V2_CONFORMAL,30,10,1.80379204248575,OK_ANALOGOS_CONTINUIDAD_CORREGIDA,-0.037089717459496185,0.037089717459496185,0.0,CORREGIDO_ANCLA_OBSERVADO,3.286600648936779,7.633275462808364,2.1733374069357927,240.0,OK_CALIBRADO
2026-10-09,SAN REGIS,34.0,2026-10-08,2026-10-24,30,16,5.46711134317233,5.471076885076608,5.46711134317233,5.06,5.455214717459496,4.60361134317233,6.33061134317233,HIBRIDO_ANALOGO_CLIM,ANALOGO_ESTADO_V2_CONFORMAL,30,10,1.80379204248575,OK_ANALOGOS_CONTINUIDAD_CORREGIDA,-0.037089717459496185,0.037089717459496185,0.0,CORREGIDO_ANCLA_OBSERVADO,3.293773936236537,7.640448750108122,2.1733374069357927,240.0,OK_CALIBRADO
2026-10-09,SAN REGIS,34.0,2026-10-08,2026-10-25,30,17,5.454569226195128,5.458104062440339,5.454569226195128,5.06,5.4439647174594965,4.4675692261951285,6.441569226195128,HIBRIDO_ANALOGO_CLIM,ANALOGO_ESTADO_V2_CONFORMAL,30,10,1.80379204248575,OK_ANALOGOS_CONTINUIDAD_CORREGIDA,-0.037089717459496185,0.037089717459496185,0.0,CORREGIDO_ANCLA_OBSERVADO,3.281231819259335,7.62790663313092,2.1733374069357927,240.0,OK_CALIBRADO
2026-10-09,SAN REGIS,34.0,2026-10-08,2026-10-26,30,18,5.431980997539069,5.417555868676705,5.431980997539069,5.06,5.475256384126163,4.30373099753907,6.56023099753907,HIBRIDO_ANALOGO_CLIM,ANALOGO_ESTADO_V2_CONFORMAL,30,10,1.80379204248575,OK_ANALOGOS_CONTINUIDAD_CORREGIDA,-0.037089717459496185,0.037089717459496185,0.0,CORREGIDO_ANCLA_OBSERVADO,3.2586435906032767,7.605318404474862,2.1733374069357927,240.0,OK_CALIBRADO
2026-10-09,SAN REGIS,34.0,2026-10-08,2026-10-27,30,19,5.453945175882651,5.426679402764443,5.453945175882651,5.06,5.535742495237274,4.23744517588265,6.670445175882651,HIBRIDO_ANALOGO_CLIM,ANALOGO_ESTADO_V2_CONFORMAL,30,10,1.80379204248575,OK_ANALOGOS_CONTINUIDAD_CORREGIDA,-0.037089717459496185,0.037089717459496185,0.0,CORREGIDO_ANCLA_OBSERVADO,3.280607768946858,7.627282582818443,2.1733374069357927,240.0,OK_CALIBRADO
2026-10-09,SAN REGIS,34.0,2026-10-08,2026-10-28,30,20,5.494960757344625,5.461815918787816,5.494960757344625,5.06,5.594395273015051,4.134160757344626,6.855760757344625,HIBRIDO_ANALOGO_CLIM,ANALOGO_ESTADO_V2_CONFORMAL,30,10,1.80379204248575,OK_ANALOGOS_CONTINUIDAD_CORREGIDA,-0.037089717459496185,0.037089717459496185,0.0,CORREGIDO_ANCLA_OBSERVADO,3.3216233504088324,7.668298164280418,2.1733374069357927,240.0,OK_CALIBRADO
2026-10-09,SAN REGIS,34.0,2026-10-08,2026-10-29,30,21,5.502055177985508,5.452599220383067,5.502055177985508,5.06,5.6504230507928295,4.094405177985507,6.909705177985507,HIBRIDO_ANALOGO_CLIM,ANALOGO_ESTADO_V2_CONFORMAL,30,10,1.80379204248575,OK_ANALOGOS_CONTINUIDAD_CORREGIDA,-0.037089717459496185,0.037089717459496185,0.0,CORREGIDO_ANCLA_OBSERVADO,3.328717771049715,7.6753925849213,2.1733374069357927,240.0,OK_CALIBRADO
2026-10-09,SAN REGIS,34.0,2026-10-08,2026-10-30,30,22,5.483636947074295,5.4167545421310805,5.483636947074295,5.06,5.684284161903941,4.066036947074295,6.901236947074295,HIBRIDO_ANALOGO_CLIM,ANALOGO_ESTADO_V2_CONFORMAL,30,10,1.80379204248575,OK_ANALOGOS_CONTINUIDAD_CORREGIDA,-0.037089717459496185,0.037089717459496185,0.0,CORREGIDO_ANCLA_OBSERVADO,3.3102995401385025,7.656974354010088,2.1733374069357927,240.0,OK_CALIBRADO
2026-10-09,SAN REGIS,34.0,2026-10-08,2026-10-31,30,23,5.512346225297767,5.451968764947561,5.512346225297767,5.06,5.693478606348385,4.118346225297768,6.906346225297767,HIBRIDO_ANALOGO_CLIM,ANALOGO_ESTADO_V2_CONFORMAL,30,10,1.80379204248575,OK_ANALOGOS_CONTINUIDAD_CORREGIDA,-0.037089717459496185,0.037089717459496185,0.0,CORREGIDO_ANCLA_OBSERVADO,3.3390088183619744,7.68568363223356,2.1733374069357927,240.0,OK_CALIBRADO
2026-10-09,SAN REGIS,34.0,2026-10-08,2026-11-01,30,24,5.584361402701791,5.581732666203608,5.584361402701791,5.06,5.5922476121963385,4.304111402701792,6.864611402701791,HIBRIDO_ANALOGO_CLIM,ANALOGO_ESTADO_V2_CONFORMAL,30,10,1.80379204248575,OK_ANALOGOS_CONTINUIDAD_CORREGIDA,-0.037089717459496185,0.037089717459496185,0.0,CORREGIDO_ANCLA_OBSERVADO,3.4110239957659987,7.757698809637584,2.1733374069357927,240.0,OK_CALIBRADO
2026-10-09,SAN REGIS,34.0,2026-10-08,2026-11-02,30,25,5.687662840682164,5.719768411670916,5.687662840682164,5.06,5.591346127715906,4.196662840682165,7.178662840682165,HIBRIDO_ANALOGO_CLIM,ANALOGO_ESTADO_V2_CONFORMAL,30,10,1.80379204248575,OK_ANALOGOS_CONTINUIDAD_CORREGIDA,-0.037089717459496185,0.037089717459496185,0.0,CORREGIDO_ANCLA_OBSERVADO,3.5143254337463716,7.861000247617957,2.1733374069357927,240.0,OK_CALIBRADO
2026-10-09,SAN REGIS,34.0,2026-10-08,2026-11-03,30,26,5.776681141979822,5.812164608272923,5.776681141979822,5.06,5.670230743100522,4.350081141979821,7.203281141979821,HIBRIDO_ANALOGO_CLIM,ANALOGO_ESTADO_V2_CONFORMAL,30,10,1.80379204248575,OK_ANALOGOS_CONTINUIDAD_CORREGIDA,-0.037089717459496185,0.037089717459496185,0.0,CORREGIDO_ANCLA_OBSERVADO,3.603343735044029,7.950018548915614,2.1733374069357927,240.0,OK_CALIBRADO
2026-10-09,SAN REGIS,34.0,2026-10-08,2026-11-04,30,27,5.898190190072023,5.949360433079617,5.898190190072023,5.06,5.74467946104924,4.663990190072023,7.132390190072022,HIBRIDO_ANALOGO_CLIM,ANALOGO_ESTADO_V2_CONFORMAL,30,10,1.80379204248575,OK_ANALOGOS_CONTINUIDAD_CORREGIDA,-0.037089717459496185,0.037089717459496185,0.0,CORREGIDO_ANCLA_OBSERVADO,3.72485278313623,8.071527597007815,2.1733374069357927,240.0,OK_CALIBRADO
2026-10-09,SAN REGIS,34.0,2026-10-08,2026-11-05,30,28,6.009550502922746,6.074187004060068,6.009550502922746,5.06,5.815640999510778,4.843850502922747,7.175250502922746,HIBRIDO_ANALOGO_CLIM,ANALOGO_ESTADO_V2_CONFORMAL,30,10,1.80379204248575,OK_ANALOGOS_CONTINUIDAD_CORREGIDA,-0.037089717459496185,0.037089717459496185,0.0,CORREGIDO_ANCLA_OBSERVADO,3.8362130959869534,8.18288790985854,2.1733374069357927,240.0,OK_CALIBRADO
2026-10-09,SAN REGIS,34.0,2026-10-08,2026-11-06,30,29,6.058362543287315,6.110821006597443,6.058362543287315,5.06,5.900987153356932,4.864862543287316,7.251862543287316,HIBRIDO_ANALOGO_CLIM,ANALOGO_ESTADO_V2_CONFORMAL,30,10,1.80379204248575,OK_ANALOGOS_CONTINUIDAD_CORREGIDA,-0.037089717459496185,0.037089717459496185,0.0,CORREGIDO_ANCLA_OBSERVADO,3.8850251363515227,8.231699950223108,2.1733374069357927,240.0,OK_CALIBRADO
2026-10-09,SAN REGIS,34.0,2026-10-08,2026-11-07,30,30,6.180279411772565,6.251197344064956,6.180279411772565,5.06,5.9675256148953935,5.009029411772565,7.351529411772566,HIBRIDO_ANALOGO_CLIM,ANALOGO_ESTADO_V2_CONFORMAL,30,10,1.80379204248575,OK_ANALOGOS_CONTINUIDAD_CORREGIDA,-0.037089717459496185,0.037089717459496185,0.0,CORREGIDO_ANCLA_OBSERVADO,4.006942004836772,8.353616818708357,2.1733374069357927,240.0,OK_CALIBRADO
2026-10-09,SAN REGIS,34.0,2026-10-08,2026-10-09,60,1,5.06,5.147733983069057,5.06,5.06,4.796798050792829,4.8315,5.2885,HIBRIDO_ANALOGO_CLIM,ANALOGO_ESTADO_V2_CONFORMAL,30,10,1.80379204248575,OK_ANALOGOS_CONTINUIDAD_CORREGIDA,-0.037089717459496185,0.037089717459496185,0.0,CORREGIDO_ANCLA_OBSERVADO,2.6817394060749473,7.438260593925052,2.3782605939250523,480.0,OK_CALIBRADO
2026-10-09,SAN REGIS,34.0,2026-10-08,2026-10-10,60,2,5.193104274242528,5.312484126503539,5.193104274242528,5.06,4.8349647174594965,4.733104274242528,5.653104274242528,HIBRIDO_ANALOGO_CLIM,ANALOGO_ESTADO_V2_CONFORMAL,30,10,1.80379204248575,OK_ANALOGOS_CONTINUIDAD_CORREGIDA,-0.037089717459496185,0.037089717459496185,0.0,CORREGIDO_ANCLA_OBSERVADO,2.814843680317476,7.5713648681675805,2.3782605939250523,480.0,OK_CALIBRADO
2026-10-09,SAN REGIS,34.0,2026-10-08,2026-10-11,60,3,5.321428339535774,5.457707880227867,5.321428339535774,5.06,4.912589717459496,4.503178339535773,6.139678339535774,HIBRIDO_ANALOGO_CLIM,ANALOGO_ESTADO_V2_CONFORMAL,30,10,1.80379204248575,OK_ANALOGOS_CONTINUIDAD_CORREGIDA,-0.037089717459496185,0.037089717459496185,0.0,CORREGIDO_ANCLA_OBSERVADO,2.9431677456107215,7.699688933460826,2.3782605939250523,480.0,OK_CALIBRADO
2026-10-09,SAN REGIS,34.0,2026-10-08,2026-10-12,60,4,5.418237186576575,5.557929861467453,5.418237186576575,5.06,4.999159161903941,4.5346371865765756,6.3018371865765745,HIBRIDO_ANALOGO_CLIM,ANALOGO_ESTADO_V2_CONFORMAL,30,10,1.80379204248575,OK_ANALOGOS_CONTINUIDAD_CORREGIDA,-0.037089717459496185,0.037089717459496185,0.0,CORREGIDO_ANCLA_OBSERVADO,3.0399765926515228,7.796497780501627,2.3782605939250523,480.0,OK_CALIBRADO
2026-10-09,SAN REGIS,34.0,2026-10-08,2026-10-13,60,5,5.470640393526905,5.5991433966604855,5.470640393526905,5.06,5.0851313841261625,4.4551403935269045,6.486140393526905,HIBRIDO_ANALOGO_CLIM,ANALOGO_ESTADO_V2_CONFORMAL,30,10,1.80379204248575,OK_ANALOGOS_CONTINUIDAD_CORREGIDA,-0.037089717459496185,0.037089717459496185,0.0,CORREGIDO_ANCLA_OBSERVADO,3.0923797996018525,7.848900987451957,2.3782605939250523,480.0,OK_CALIBRADO
2026-10-09,SAN REGIS,34.0,2026-10-08,2026-10-14,60,6,5.5584055327745165,5.690834878620263,5.5584055327745165,5.06,5.161117495237274,4.482905532774517,6.6339055327745164,HIBRIDO_ANALOGO_CLIM,ANALOGO_ESTADO_V2_CONFORMAL,30,10,1.80379204248575,OK_ANALOGOS_CONTINUIDAD_CORREGIDA,-0.037089717459496185,0.037089717459496185,0.0,CORREGIDO_ANCLA_OBSERVADO,3.1801449388494643,7.936666126699569,2.3782605939250523,480.0,OK_CALIBRADO
2026-10-09,SAN REGIS,34.0,2026-10-08,2026-10-15,60,7,5.604346386839225,5.733357869225061,5.604346386839225,5.06,5.217311939681719,4.562446386839225,6.646246386839225,HIBRIDO_ANALOGO_CLIM,ANALOGO_ESTADO_V2_CONFORMAL,30,10,1.80379204248575,OK_ANALOGOS_CONTINUIDAD_CORREGIDA,-0.037089717459496185,0.037089717459496185,0.0,CORREGIDO_ANCLA_OBSERVADO,3.226085792914173,7.982606980764277,2.3782605939250523,480.0,OK_CALIBRADO
2026-10-09,SAN REGIS,34.0,2026-10-08,2026-10-16,60,8,5.602202265359736,5.722860151696852,5.602202265359736,5.06,5.240228606348385,4.505102265359736,6.699302265359736,HIBRIDO_ANALOGO_CLIM,ANALOGO_ESTADO_V2_CONFORMAL,30,10,1.80379204248575,OK_ANALOGOS_CONTINUIDAD_CORREGIDA,-0.037089717459496185,0.037089717459496185,0.0,CORREGIDO_ANCLA_OBSERVADO,3.223941671434684,7.980462859284788,2.3782605939250523,480.0,OK_CALIBRADO
2026-10-09,SAN REGIS,34.0,2026-10-08,2026-10-17,60,9,5.576587222289229,5.684836390565807,5.576587222289229,5.06,5.251839717459496,4.403337222289228,6.749837222289229,HIBRIDO_ANALOGO_CLIM,ANALOGO_ESTADO_V2_CONFORMAL,30,10,1.80379204248575,OK_ANALOGOS_CONTINUIDAD_CORREGIDA,-0.037089717459496185,0.037089717459496185,0.0,CORREGIDO_ANCLA_OBSERVADO,3.1983266283641765,7.954847816214281,2.3782605939250523,480.0,OK_CALIBRADO
2026-10-09,SAN REGIS,34.0,2026-10-08,2026-10-18,60,10,5.530567834694076,5.622801281179677,5.530567834694076,5.06,5.253867495237274,4.344967834694077,6.716167834694076,HIBRIDO_ANALOGO_CLIM,ANALOGO_ESTADO_V2_CONFORMAL,30,10,1.80379204248575,OK_ANALOGOS_CONTINUIDAD_CORREGIDA,-0.037089717459496185,0.037089717459496185,0.0,CORREGIDO_ANCLA_OBSERVADO,3.152307240769024,7.908828428619128,2.3782605939250523,480.0,OK_CALIBRADO
2026-10-09,SAN REGIS,34.0,2026-10-08,2026-10-19,60,11,5.484753262962917,5.54384944479739,5.484753262962917,5.06,5.307464717459496,4.457653262962917,6.511853262962917,HIBRIDO_ANALOGO_CLIM,ANALOGO_ESTADO_V2_CONFORMAL,30,10,1.80379204248575,OK_ANALOGOS_CONTINUIDAD_CORREGIDA,-0.037089717459496185,0.037089717459496185,0.0,CORREGIDO_ANCLA_OBSERVADO,3.1064926690378645,7.863013856887969,2.3782605939250523,480.0,OK_CALIBRADO
2026-10-09,SAN REGIS,34.0,2026-10-08,2026-10-20,60,12,5.474951610748428,5.516956501103997,5.474951610748428,5.06,5.348936939681718,4.590551610748427,6.359351610748428,HIBRIDO_ANALOGO_CLIM,ANALOGO_ESTADO_V2_CONFORMAL,30,10,1.80379204248575,OK_ANALOGOS_CONTINUIDAD_CORREGIDA,-0.037089717459496185,0.037089717459496185,0.0,CORREGIDO_ANCLA_OBSERVADO,3.0966910168233754,7.85321220467348,2.3782605939250523,480.0,OK_CALIBRADO
2026-10-09,SAN REGIS,34.0,2026-10-08,2026-10-21,60,13,5.469581209550203,5.502689484691549,5.469581209550203,5.06,5.370256384126163,4.373431209550202,6.5657312095502025,HIBRIDO_ANALOGO_CLIM,ANALOGO_ESTADO_V2_CONFORMAL,30,10,1.80379204248575,OK_ANALOGOS_CONTINUIDAD_CORREGIDA,-0.037089717459496185,0.037089717459496185,0.0,CORREGIDO_ANCLA_OBSERVADO,3.0913206156251505,7.847841803475255,2.3782605939250523,480.0,OK_CALIBRADO
2026-10-09,SAN REGIS,34.0,2026-10-08,2026-10-22,60,14,5.448655384390741,5.46608468077523,5.448655384390741,5.06,5.396367495237274,4.38610538439074,6.511205384390742,HIBRIDO_ANALOGO_CLIM,ANALOGO_ESTADO_V2_CONFORMAL,30,10,1.80379204248575,OK_ANALOGOS_CONTINUIDAD_CORREGIDA,-0.037089717459496185,0.037089717459496185,0.0,CORREGIDO_ANCLA_OBSERVADO,3.0703947904656888,7.826915978315793,2.3782605939250523,480.0,OK_CALIBRADO
2026-10-09,SAN REGIS,34.0,2026-10-08,2026-10-23,60,15,5.459938055872572,5.4674245390473,5.459938055872572,5.06,5.437478606348385,4.510938055872572,6.4089380558725715,HIBRIDO_ANALOGO_CLIM,ANALOGO_ESTADO_V2_CONFORMAL,30,10,1.80379204248575,OK_ANALOGOS_CONTINUIDAD_CORREGIDA,-0.037089717459496185,0.037089717459496185,0.0,CORREGIDO_ANCLA_OBSERVADO,3.0816774619475193,7.838198649797624,2.3782605939250523,480.0,OK_CALIBRADO
2026-10-09,SAN REGIS,34.0,2026-10-08,2026-10-24,60,16,5.46711134317233,5.471076885076608,5.46711134317233,5.06,5.455214717459496,4.60361134317233,6.33061134317233,HIBRIDO_ANALOGO_CLIM,ANALOGO_ESTADO_V2_CONFORMAL,30,10,1.80379204248575,OK_ANALOGOS_CONTINUIDAD_CORREGIDA,-0.037089717459496185,0.037089717459496185,0.0,CORREGIDO_ANCLA_OBSERVADO,3.0888507492472774,7.845371937097382,2.3782605939250523,480.0,OK_CALIBRADO
2026-10-09,SAN REGIS,34.0,2026-10-08,2026-10-25,60,17,5.454569226195128,5.458104062440339,5.454569226195128,5.06,5.4439647174594965,4.4675692261951285,6.441569226195128,HIBRIDO_ANALOGO_CLIM,ANALOGO_ESTADO_V2_CONFORMAL,30,10,1.80379204248575,OK_ANALOGOS_CONTINUIDAD_CORREGIDA,-0.037089717459496185,0.037089717459496185,0.0,CORREGIDO_ANCLA_OBSERVADO,3.0763086322700754,7.83282982012018,2.3782605939250523,480.0,OK_CALIBRADO
2026-10-09,SAN REGIS,34.0,2026-10-08,2026-10-26,60,18,5.431980997539069,5.417555868676705,5.431980997539069,5.06,5.475256384126163,4.30373099753907,6.56023099753907,HIBRIDO_ANALOGO_CLIM,ANALOGO_ESTADO_V2_CONFORMAL,30,10,1.80379204248575,OK_ANALOGOS_CONTINUIDAD_CORREGIDA,-0.037089717459496185,0.037089717459496185,0.0,CORREGIDO_ANCLA_OBSERVADO,3.053720403614017,7.810241591464122,2.3782605939250523,480.0,OK_CALIBRADO
2026-10-09,SAN REGIS,34.0,2026-10-08,2026-10-27,60,19,5.453945175882651,5.426679402764443,5.453945175882651,5.06,5.535742495237274,4.23744517588265,6.670445175882651,HIBRIDO_ANALOGO_CLIM,ANALOGO_ESTADO_V2_CONFORMAL,30,10,1.80379204248575,OK_ANALOGOS_CONTINUIDAD_CORREGIDA,-0.037089717459496185,0.037089717459496185,0.0,CORREGIDO_ANCLA_OBSERVADO,3.0756845819575984,7.832205769807703,2.3782605939250523,480.0,OK_CALIBRADO
2026-10-09,SAN REGIS,34.0,2026-10-08,2026-10-28,60,20,5.494960757344625,5.461815918787816,5.494960757344625,5.06,5.594395273015051,4.134160757344626,6.855760757344625,HIBRIDO_ANALOGO_CLIM,ANALOGO_ESTADO_V2_CONFORMAL,30,10,1.80379204248575,OK_ANALOGOS_CONTINUIDAD_CORREGIDA,-0.037089717459496185,0.037089717459496185,0.0,CORREGIDO_ANCLA_OBSERVADO,3.116700163419573,7.873221351269677,2.3782605939250523,480.0,OK_CALIBRADO
2026-10-09,SAN REGIS,34.0,2026-10-08,2026-10-29,60,21,5.502055177985508,5.452599220383067,5.502055177985508,5.06,5.6504230507928295,4.094405177985507,6.909705177985507,HIBRIDO_ANALOGO_CLIM,ANALOGO_ESTADO_V2_CONFORMAL,30,10,1.80379204248575,OK_ANALOGOS_CONTINUIDAD_CORREGIDA,-0.037089717459496185,0.037089717459496185,0.0,CORREGIDO_ANCLA_OBSERVADO,3.1237945840604553,7.88031577191056,2.3782605939250523,480.0,OK_CALIBRADO
2026-10-09,SAN REGIS,34.0,2026-10-08,2026-10-30,60,22,5.483636947074295,5.4167545421310805,5.483636947074295,5.06,5.684284161903941,4.066036947074295,6.901236947074295,HIBRIDO_ANALOGO_CLIM,ANALOGO_ESTADO_V2_CONFORMAL,30,10,1.80379204248575,OK_ANALOGOS_CONTINUIDAD_CORREGIDA,-0.037089717459496185,0.037089717459496185,0.0,CORREGIDO_ANCLA_OBSERVADO,3.105376353149243,7.8618975409993475,2.3782605939250523,480.0,OK_CALIBRADO
2026-10-09,SAN REGIS,34.0,2026-10-08,2026-10-31,60,23,5.512346225297767,5.451968764947561,5.512346225297767,5.06,5.693478606348385,4.118346225297768,6.906346225297767,HIBRIDO_ANALOGO_CLIM,ANALOGO_ESTADO_V2_CONFORMAL,30,10,1.80379204248575,OK_ANALOGOS_CONTINUIDAD_CORREGIDA,-0.037089717459496185,0.037089717459496185,0.0,CORREGIDO_ANCLA_OBSERVADO,3.134085631372715,7.890606819222819,2.3782605939250523,480.0,OK_CALIBRADO
2026-10-09,SAN REGIS,34.0,2026-10-08,2026-11-01,60,24,5.584361402701791,5.581732666203608,5.584361402701791,5.06,5.5922476121963385,4.304111402701792,6.864611402701791,HIBRIDO_ANALOGO_CLIM,ANALOGO_ESTADO_V2_CONFORMAL,30,10,1.80379204248575,OK_ANALOGOS_CONTINUIDAD_CORREGIDA,-0.037089717459496185,0.037089717459496185,0.0,CORREGIDO_ANCLA_OBSERVADO,3.206100808776739,7.962621996626844,2.3782605939250523,480.0,OK_CALIBRADO
2026-10-09,SAN REGIS,34.0,2026-10-08,2026-11-02,60,25,5.687662840682164,5.719768411670916,5.687662840682164,5.06,5.591346127715906,4.196662840682165,7.178662840682165,HIBRIDO_ANALOGO_CLIM,ANALOGO_ESTADO_V2_CONFORMAL,30,10,1.80379204248575,OK_ANALOGOS_CONTINUIDAD_CORREGIDA,-0.037089717459496185,0.037089717459496185,0.0,CORREGIDO_ANCLA_OBSERVADO,3.309402246757112,8.065923434607218,2.3782605939250523,480.0,OK_CALIBRADO
2026-10-09,SAN REGIS,34.0,2026-10-08,2026-11-03,60,26,5.776681141979822,5.812164608272923,5.776681141979822,5.06,5.670230743100522,4.350081141979821,7.203281141979821,HIBRIDO_ANALOGO_CLIM,ANALOGO_ESTADO_V2_CONFORMAL,30,10,1.80379204248575,OK_ANALOGOS_CONTINUIDAD_CORREGIDA,-0.037089717459496185,0.037089717459496185,0.0,CORREGIDO_ANCLA_OBSERVADO,3.3984205480547693,8.154941735904874,2.3782605939250523,480.0,OK_CALIBRADO
2026-10-09,SAN REGIS,34.0,2026-10-08,2026-11-04,60,27,5.898190190072023,5.949360433079617,5.898190190072023,5.06,5.74467946104924,4.663990190072023,7.132390190072022,HIBRIDO_ANALOGO_CLIM,ANALOGO_ESTADO_V2_CONFORMAL,30,10,1.80379204248575,OK_ANALOGOS_CONTINUIDAD_CORREGIDA,-0.037089717459496185,0.037089717459496185,0.0,CORREGIDO_ANCLA_OBSERVADO,3.5199295961469703,8.276450783997074,2.3782605939250523,480.0,OK_CALIBRADO
2026-10-09,SAN REGIS,34.0,2026-10-08,2026-11-05,60,28,6.009550502922746,6.074187004060068,6.009550502922746,5.06,5.815640999510778,4.843850502922747,7.175250502922746,HIBRIDO_ANALOGO_CLIM,ANALOGO_ESTADO_V2_CONFORMAL,30,10,1.80379204248575,OK_ANALOGOS_CONTINUIDAD_CORREGIDA,-0.037089717459496185,0.037089717459496185,0.0,CORREGIDO_ANCLA_OBSERVADO,3.6312899089976938,8.387811096847798,2.3782605939250523,480.0,OK_CALIBRADO
2026-10-09,SAN REGIS,34.0,2026-10-08,2026-11-06,60,29,6.058362543287315,6.110821006597443,6.058362543287315,5.06,5.900987153356932,4.864862543287316,7.251862543287316,HIBRIDO_ANALOGO_CLIM,ANALOGO_ESTADO_V2_CONFORMAL,30,10,1.80379204248575,OK_ANALOGOS_CONTINUIDAD_CORREGIDA,-0.037089717459496185,0.037089717459496185,0.0,CORREGIDO_ANCLA_OBSERVADO,3.680101949362263,8.436623137212369,2.3782605939250523,480.0,OK_CALIBRADO
2026-10-09,SAN REGIS,34.0,2026-10-08,2026-11-07,60,30,6.180279411772565,6.251197344064956,6.180279411772565,5.06,5.9675256148953935,5.009029411772565,7.351529411772566,HIBRIDO_ANALOGO_CLIM,ANALOGO_ESTADO_V2_CONFORMAL,30,10,1.80379204248575,OK_ANALOGOS_CONTINUIDAD_CORREGIDA,-0.037089717459496185,0.037089717459496185,0.0,CORREGIDO_ANCLA_OBSERVADO,3.8020188178475127,8.558540005697617,2.3782605939250523,480.0,OK_CALIBRADO
2026-10-09,SAN REGIS,34.0,2026-10-08,2026-11-08,60,31,6.280851212423194,6.375920543282056,6.280851212423194,5.06,6.007910230280009,5.130851212423194,7.430851212423193,HIBRIDO_ANALOGO_CLIM,ANALOGO_ESTADO_V2_CONFORMAL,30,10,1.80379204248575,OK_ANALOGOS_CONTINUIDAD_CORREGIDA,-0.037089717459496185,0.037089717459496185,0.0,CORREGIDO_ANCLA_OBSERVADO,3.9025906184981416,8.659111806348246,2.3782605939250523,480.0,OK_CALIBRADO
2026-10-09,SAN REGIS,34.0,2026-10-08,2026-11-09,60,32,6.378694302005557,6.502494570511817,6.378694302005557,5.06,6.038243563613343,5.3410943020055575,7.416294302005556,HIBRIDO_ANALOGO_CLIM,ANALOGO_ESTADO_V2_CONFORMAL,30,10,1.80379204248575,OK_ANALOGOS_CONTINUIDAD_CORREGIDA,-0.037089717459496185,0.037089717459496185,0.0,CORREGIDO_ANCLA_OBSERVADO,4.000433708080505,8.756954895930608,2.3782605939250523,480.0,OK_CALIBRADO
2026-10-09,SAN REGIS,34.0,2026-10-08,2026-11-10,60,33,6.468169521905452,6.6125322417174015,6.468169521905452,5.06,6.0875768969466755,5.585569521905453,7.350769521905452,HIBRIDO_ANALOGO_CLIM,ANALOGO_ESTADO_V2_CONFORMAL,30,10,1.80379204248575,OK_ANALOGOS_CONTINUIDAD_CORREGIDA,-0.037089717459496185,0.037089717459496185,0.0,CORREGIDO_ANCLA_OBSERVADO,4.0899089279803995,8.846430115830504,2.3782605939250523,480.0,OK_CALIBRADO
2026-10-09,SAN REGIS,34.0,2026-10-08,2026-11-11,60,34,6.631433083551247,6.8225121841587795,6.631433083551247,5.06,6.1481153584851365,5.934533083551247,7.328333083551247,HIBRIDO_ANALOGO_CLIM,ANALOGO_ESTADO_V2_CONFORMAL,30,10,1.80379204248575,OK_ANALOGOS_CONTINUIDAD_CORREGIDA,-0.037089717459496185,0.037089717459496185,0.0,CORREGIDO_ANCLA_OBSERVADO,4.253172489626195,9.0096936774763,2.3782605939250523,480.0,OK_CALIBRADO
2026-10-09,SAN REGIS,34.0,2026-10-08,2026-11-12,60,35,6.81649489929201,7.06909461971475,6.81649489929201,5.06,6.203038435408215,5.98234489929201,7.65064489929201,HIBRIDO_ANALOGO_CLIM,ANALOGO_ESTADO_V2_CONFORMAL,30,10,1.80379204248575,OK_ANALOGOS_CONTINUIDAD_CORREGIDA,-0.037089717459496185,0.037089717459496185,0.0,CORREGIDO_ANCLA_OBSERVADO,4.438234305366958,9.194755493217063,2.3782605939250523,480.0,OK_CALIBRADO
2026-10-09,SAN REGIS,34.0,2026-10-08,2026-11-13,60,36,6.929400045955781,7.229406670256386,6.929400045955781,5.06,6.229384589254368,5.999600045955781,7.859200045955781,HIBRIDO_ANALOGO_CLIM,ANALOGO_ESTADO_V2_CONFORMAL,30,10,1.80379204248575,OK_ANALOGOS_CONTINUIDAD_CORREGIDA,-0.037089717459496185,0.037089717459496185,0.0,CORREGIDO_ANCLA_OBSERVADO,4.5511394520307284,9.307660639880833,2.3782605939250523,480.0,OK_CALIBRADO
2026-10-09,SAN REGIS,34.0,2026-10-08,2026-11-14,60,37,6.972056434079161,7.303195597527471,6.972056434079161,5.06,6.229230743100522,6.084906434079161,7.8592064340791605,HIBRIDO_ANALOGO_CLIM,ANALOGO_ESTADO_V2_CONFORMAL,30,10,1.80379204248575,OK_ANALOGOS_CONTINUIDAD_CORREGIDA,-0.037089717459496185,0.037089717459496185,0.0,CORREGIDO_ANCLA_OBSERVADO,4.593795840154109,9.350317028004213,2.3782605939250523,480.0,OK_CALIBRADO
2026-10-09,SAN REGIS,34.0,2026-10-08,2026-11-15,60,38,6.988190753570473,7.331526818459925,6.988190753570473,5.06,6.247307666177445,5.985040753570474,7.991340753570473,HIBRIDO_ANALOGO_CLIM,ANALOGO_ESTADO_V2_CONFORMAL,30,10,1.80379204248575,OK_ANALOGOS_CONTINUIDAD_CORREGIDA,-0.037089717459496185,0.037089717459496185,0.0,CORREGIDO_ANCLA_OBSERVADO,4.609930159645421,9.366451347495525,2.3782605939250523,480.0,OK_CALIBRADO
2026-10-09,SAN REGIS,34.0,2026-10-08,2026-11-16,60,39,6.984304241635648,7.341568024880957,6.984304241635648,5.06,6.242294845664624,5.791404241635648,8.177204241635648,HIBRIDO_ANALOGO_CLIM,ANALOGO_ESTADO_V2_CONFORMAL,30,10,1.80379204248575,OK_ANALOGOS_CONTINUIDAD_CORREGIDA,-0.037089717459496185,0.037089717459496185,0.0,CORREGIDO_ANCLA_OBSERVADO,4.606043647710596,9.3625648355607,2.3782605939250523,480.0,OK_CALIBRADO
2026-10-09,SAN REGIS,34.0,2026-10-08,2026-11-17,60,40,7.054960046770014,7.444299057579119,7.054960046770014,5.06,6.2762820251518034,5.818260046770014,8.291660046770014,HIBRIDO_ANALOGO_CLIM,ANALOGO_ESTADO_V2_CONFORMAL,30,10,1.80379204248575,OK_ANALOGOS_CONTINUIDAD_CORREGIDA,-0.037089717459496185,0.037089717459496185,0.0,CORREGIDO_ANCLA_OBSERVADO,4.676699452844962,9.433220640695065,2.3782605939250523,480.0,OK_CALIBRADO
2026-10-09,SAN REGIS,34.0,2026-10-08,2026-11-18,60,41,7.1511338116123415,7.582481752719254,7.1511338116123415,5.06,6.319999973869753,5.901783811612341,8.400483811612341,HIBRIDO_ANALOGO_CLIM,ANALOGO_ESTADO_V2_CONFORMAL,30,10,1.80379204248575,OK_ANALOGOS_CONTINUIDAD_CORREGIDA,-0.037089717459496185,0.037089717459496185,0.0,CORREGIDO_ANCLA_OBSERVADO,4.772873217687289,9.529394405537394,2.3782605939250523,480.0,OK_CALIBRADO
2026-10-09,SAN REGIS,34.0,2026-10-08,2026-11-19,60,42,7.206506127601481,7.648144549630596,7.206506127601481,5.06,6.386320486690265,6.004756127601479,8.408256127601481,HIBRIDO_ANALOGO_CLIM,ANALOGO_ESTADO_V2_CONFORMAL,30,10,1.80379204248575,OK_ANALOGOS_CONTINUIDAD_CORREGIDA,-0.037089717459496185,0.037089717459496185,0.0,CORREGIDO_ANCLA_OBSERVADO,4.828245533676428,9.584766721526533,2.3782605939250523,480.0,OK_CALIBRADO
2026-10-09,SAN REGIS,34.0,2026-10-08,2026-11-20,60,43,7.271423494787004,7.737206959515019,7.271423494787004,5.06,6.437346127715907,5.990973494787003,8.551873494787005,HIBRIDO_ANALOGO_CLIM,ANALOGO_ESTADO_V2_CONFORMAL,30,10,1.80379204248575,OK_ANALOGOS_CONTINUIDAD_CORREGIDA,-0.037089717459496185,0.037089717459496185,0.0,CORREGIDO_ANCLA_OBSERVADO,4.8931629008619515,9.649684088712057,2.3782605939250523,480.0,OK_CALIBRADO
2026-10-09,SAN REGIS,34.0,2026-10-08,2026-11-21,60,44,7.350479894461699,7.861419011781463,7.350479894461699,5.06,6.467948691818471,6.062979894461699,8.637979894461699,HIBRIDO_ANALOGO_CLIM,ANALOGO_ESTADO_V2_CONFORMAL,30,10,1.80379204248575,OK_ANALOGOS_CONTINUIDAD_CORREGIDA,-0.037089717459496185,0.037089717459496185,0.0,CORREGIDO_ANCLA_OBSERVADO,4.972219300536647,9.728740488386752,2.3782605939250523,480.0,OK_CALIBRADO
2026-10-09,SAN REGIS,34.0,2026-10-08,2026-11-22,60,45,7.413639804835331,7.965654472645448,7.413639804835331,5.06,6.493615358485137,6.096939804835331,8.730339804835332,HIBRIDO_ANALOGO_CLIM,ANALOGO_ESTADO_V2_CONFORMAL,30,10,1.80379204248575,OK_ANALOGOS_CONTINUIDAD_CORREGIDA,-0.037089717459496185,0.037089717459496185,0.0,CORREGIDO_ANCLA_OBSERVADO,5.035379210910278,9.791900398760383,2.3782605939250523,480.0,OK_CALIBRADO
2026-10-09,SAN REGIS,34.0,2026-10-08,2026-11-23,60,46,7.294383150843027,7.775724599037779,7.294383150843027,5.06,6.520051255921034,5.966983150843026,8.621783150843028,HIBRIDO_ANALOGO_CLIM,ANALOGO_ESTADO_V2_CONFORMAL,30,10,1.80379204248575,OK_ANALOGOS_CONTINUIDAD_CORREGIDA,-0.037089717459496185,0.037089717459496185,0.0,CORREGIDO_ANCLA_OBSERVADO,4.9161225569179745,9.672643744768079,2.3782605939250523,480.0,OK_CALIBRADO
2026-10-09,SAN REGIS,34.0,2026-10-08,2026-11-24,60,47,7.292203489860347,7.774963603949127,7.292203489860347,5.06,6.542384589254368,5.908603489860347,8.675803489860346,HIBRIDO_ANALOGO_CLIM,ANALOGO_ESTADO_V2_CONFORMAL,30,10,1.80379204248575,OK_ANALOGOS_CONTINUIDAD_CORREGIDA,-0.037089717459496185,0.037089717459496185,0.0,CORREGIDO_ANCLA_OBSERVADO,4.913942895935294,9.670464083785399,2.3782605939250523,480.0,OK_CALIBRADO
2026-10-09,SAN REGIS,34.0,2026-10-08,2026-11-25,60,48,7.296768207219387,7.7693914738969205,7.296768207219387,5.06,6.587833307203086,5.836518207219387,8.757018207219387,HIBRIDO_ANALOGO_CLIM,ANALOGO_ESTADO_V2_CONFORMAL,30,10,1.80379204248575,OK_ANALOGOS_CONTINUIDAD_CORREGIDA,-0.037089717459496185,0.037089717459496185,0.0,CORREGIDO_ANCLA_OBSERVADO,4.918507613294334,9.675028801144439,2.3782605939250523,480.0,OK_CALIBRADO
2026-10-09,SAN REGIS,34.0,2026-10-08,2026-11-26,60,49,7.322507005081525,7.780570723624573,7.322507005081525,5.06,6.658782025151804,5.953607005081525,8.691407005081524,HIBRIDO_ANALOGO_CLIM,ANALOGO_ESTADO_V2_CONFORMAL,30,10,1.80379204248575,OK_ANALOGOS_CONTINUIDAD_CORREGIDA,-0.037089717459496185,0.037089717459496185,0.0,CORREGIDO_ANCLA_OBSERVADO,4.944246411156473,9.700767599006578,2.3782605939250523,480.0,OK_CALIBRADO
2026-10-09,SAN REGIS,34.0,2026-10-08,2026-11-27,60,50,7.33532208063529,7.778748127592358,7.33532208063529,5.06,6.714525614895394,6.11322208063529,8.557422080635291,HIBRIDO_ANALOGO_CLIM,ANALOGO_ESTADO_V2_CONFORMAL,30,10,1.80379204248575,OK_ANALOGOS_CONTINUIDAD_CORREGIDA,-0.037089717459496185,0.037089717459496185,0.0,CORREGIDO_ANCLA_OBSERVADO,4.957061486710238,9.713582674560342,2.3782605939250523,480.0,OK_CALIBRADO
2026-10-09,SAN REGIS,34.0,2026-10-08,2026-11-28,60,51,7.363631911442358,7.800024859726235,7.363631911442358,5.06,6.773217922587701,6.071131911442358,8.656131911442356,HIBRIDO_ANALOGO_CLIM,ANALOGO_ESTADO_V2_CONFORMAL,30,10,1.80379204248575,OK_ANALOGOS_CONTINUIDAD_CORREGIDA,-0.037089717459496185,0.037089717459496185,0.0,CORREGIDO_ANCLA_OBSERVADO,4.985371317517306,9.74189250536741,2.3782605939250523,480.0,OK_CALIBRADO
2026-10-09,SAN REGIS,34.0,2026-10-08,2026-11-29,60,52,7.396931613990292,7.833055809376588,7.396931613990292,5.06,6.826615358485137,6.055681613990292,8.73818161399029,HIBRIDO_ANALOGO_CLIM,ANALOGO_ESTADO_V2_CONFORMAL,30,10,1.80379204248575,OK_ANALOGOS_CONTINUIDAD_CORREGIDA,-0.037089717459496185,0.037089717459496185,0.0,CORREGIDO_ANCLA_OBSERVADO,5.01867102006524,9.775192207915344,2.3782605939250523,480.0,OK_CALIBRADO
2026-10-09,SAN REGIS,34.0,2026-10-08,2026-11-30,60,53,7.451468023092442,7.910309568344375,7.451468023092442,5.06,6.87142305079283,6.071468023092442,8.831468023092441,HIBRIDO_ANALOGO_CLIM,ANALOGO_ESTADO_V2_CONFORMAL,30,10,1.80379204248575,OK_ANALOGOS_CONTINUIDAD_CORREGIDA,-0.037089717459496185,0.037089717459496185,0.0,CORREGIDO_ANCLA_OBSERVADO,5.07320742916739,9.829728617017494,2.3782605939250523,480.0,OK_CALIBRADO
2026-10-09,SAN REGIS,34.0,2026-10-08,2026-12-01,60,54,7.494764056209787,7.990423443416963,7.494764056209787,5.06,6.888958138512128,6.048764056209786,8.940764056209789,HIBRIDO_ANALOGO_CLIM,ANALOGO_ESTADO_V2_CONFORMAL,30,10,1.80379204248575,OK_ANALOGOS_CONTINUIDAD_CORREGIDA,-0.037089717459496185,0.037089717459496185,0.0,CORREGIDO_ANCLA_OBSERVADO,5.116503462284735,9.87302465013484,2.3782605939250523,480.0,OK_CALIBRADO
2026-10-09,SAN REGIS,34.0,2026-10-08,2026-12-02,60,55,7.553269327611768,8.11023627424789,7.553269327611768,5.06,6.895035663405442,6.036669327611769,9.069869327611768,HIBRIDO_ANALOGO_CLIM,ANALOGO_ESTADO_V2_CONFORMAL,30,10,1.80379204248575,OK_ANALOGOS_CONTINUIDAD_CORREGIDA,-0.037089717459496185,0.037089717459496185,0.0,CORREGIDO_ANCLA_OBSERVADO,5.175008733686716,9.931529921536821,2.3782605939250523,480.0,OK_CALIBRADO
2026-10-09,SAN REGIS,34.0,2026-10-08,2026-12-03,60,56,7.616382390479464,8.222883411804368,7.616382390479464,5.06,6.923238366108144,6.096282390479463,9.136482390479463,HIBRIDO_ANALOGO_CLIM,ANALOGO_ESTADO_V2_CONFORMAL,30,10,1.80379204248575,OK_ANALOGOS_CONTINUIDAD_CORREGIDA,-0.037089717459496185,0.037089717459496185,0.0,CORREGIDO_ANCLA_OBSERVADO,5.238121796554411,9.994642984404516,2.3782605939250523,480.0,OK_CALIBRADO
2026-10-09,SAN REGIS,34.0,2026-10-08,2026-12-04,60,57,7.68138819436572,8.322914358156035,7.68138819436572,5.06,6.972332960702739,6.22963819436572,9.13313819436572,HIBRIDO_ANALOGO_CLIM,ANALOGO_ESTADO_V2_CONFORMAL,30,10,1.80379204248575,OK_ANALOGOS_CONTINUIDAD_CORREGIDA,-0.037089717459496185,0.037089717459496185,0.0,CORREGIDO_ANCLA_OBSERVADO,5.303127600440668,10.059648788290772,2.3782605939250523,480.0,OK_CALIBRADO
2026-10-09,SAN REGIS,34.0,2026-10-08,2026-12-05,60,58,7.744321129851075,8.398870655131077,7.744321129851075,5.06,7.044630258000037,6.376421129851075,9.112221129851076,HIBRIDO_ANALOGO_CLIM,ANALOGO_ESTADO_V2_CONFORMAL,30,10,1.80379204248575,OK_ANALOGOS_CONTINUIDAD_CORREGIDA,-0.037089717459496185,0.037089717459496185,0.0,CORREGIDO_ANCLA_OBSERVADO,5.366060535926023,10.122581723776127,2.3782605939250523,480.0,OK_CALIBRADO
2026-10-09,SAN REGIS,34.0,2026-10-08,2026-12-06,60,59,7.818989082509282,8.484517356281406,7.818989082509282,5.06,7.130900528270307,6.455239082509283,9.182739082509281,HIBRIDO_ANALOGO_CLIM,ANALOGO_ESTADO_V2_CONFORMAL,30,10,1.80379204248575,OK_ANALOGOS_CONTINUIDAD_CORREGIDA,-0.037089717459496185,0.037089717459496185,0.0,CORREGIDO_ANCLA_OBSERVADO,5.44072848858423,10.197249676434335,2.3782605939250523,480.0,OK_CALIBRADO
2026-10-09,SAN REGIS,34.0,2026-10-08,2026-12-07,60,60,7.888188172237962,8.59852987025967,7.888188172237962,5.06,7.1778464742162535,6.463188172237962,9.313188172237963,HIBRIDO_ANALOGO_CLIM,ANALOGO_ESTADO_V2_CONFORMAL,30,10,1.80379204248575,OK_ANALOGOS_CONTINUIDAD_CORREGIDA,-0.037089717459496185,0.037089717459496185,0.0,CORREGIDO_ANCLA_OBSERVADO,5.50992757831291,10.266448766163014,2.3782605939250523,480.0,OK_CALIBRADO
2026-10-09,SAN REGIS,34.0,2026-10-08,2026-10-09,90,1,5.06,5.150225559906051,5.06,5.06,4.789323320281847,4.8774,5.2425999999999995,HIBRIDO_ANALOGO_CLIM,ANALOGO_ESTADO_V2_CONFORMAL,30,10,1.8139478383195429,OK_ANALOGOS_CONTINUIDAD_CORREGIDA,-0.02961498694851361,0.02961498694851361,0.0,CORREGIDO_ANCLA_OBSERVADO,2.7623550990949974,7.357644900905002,2.297644900905002,720.0,OK_CALIBRADO
2026-10-09,SAN REGIS,34.0,2026-10-08,2026-10-10,90,2,5.19857775001615,5.322273671038695,5.19857775001615,5.06,4.827489986948514,4.7768277500161505,5.620327750016149,HIBRIDO_ANALOGO_CLIM,ANALOGO_ESTADO_V2_CONFORMAL,30,10,1.8139478383195429,OK_ANALOGOS_CONTINUIDAD_CORREGIDA,-0.02961498694851361,0.02961498694851361,0.0,CORREGIDO_ANCLA_OBSERVADO,2.9009328491111477,7.496222650921152,2.297644900905002,720.0,OK_CALIBRADO
2026-10-09,SAN REGIS,34.0,2026-10-08,2026-10-11,90,3,5.335660914719295,5.479176223976222,5.335660914719295,5.06,4.905114986948513,4.558810914719295,6.112510914719295,HIBRIDO_ANALOGO_CLIM,ANALOGO_ESTADO_V2_CONFORMAL,30,10,1.8139478383195429,OK_ANALOGOS_CONTINUIDAD_CORREGIDA,-0.02961498694851361,0.02961498694851361,0.0,CORREGIDO_ANCLA_OBSERVADO,3.0380160138142926,7.633305815624297,2.297644900905002,720.0,OK_CALIBRADO
2026-10-09,SAN REGIS,34.0,2026-10-08,2026-10-12,90,4,5.443937533912324,5.594688568085446,5.443937533912324,5.06,4.991684431392958,4.637737533912325,6.250137533912324,HIBRIDO_ANALOGO_CLIM,ANALOGO_ESTADO_V2_CONFORMAL,30,10,1.8139478383195429,OK_ANALOGOS_CONTINUIDAD_CORREGIDA,-0.02961498694851361,0.02961498694851361,0.0,CORREGIDO_ANCLA_OBSERVADO,3.146292633007322,7.741582434817326,2.297644900905002,720.0,OK_CALIBRADO
2026-10-09,SAN REGIS,34.0,2026-10-08,2026-10-13,90,5,5.511610371480593,5.6562616107690635,5.511610371480593,5.06,5.07765665361518,4.622110371480593,6.401110371480593,HIBRIDO_ANALOGO_CLIM,ANALOGO_ESTADO_V2_CONFORMAL,30,10,1.8139478383195429,OK_ANALOGOS_CONTINUIDAD_CORREGIDA,-0.02961498694851361,0.02961498694851361,0.0,CORREGIDO_ANCLA_OBSERVADO,3.213965470575591,7.809255272385595,2.297644900905002,720.0,OK_CALIBRADO
2026-10-09,SAN REGIS,34.0,2026-10-08,2026-10-14,90,6,5.610773874331453,5.763150910866506,5.610773874331453,5.06,5.153642764726292,4.626273874331452,6.595273874331452,HIBRIDO_ANALOGO_CLIM,ANALOGO_ESTADO_V2_CONFORMAL,30,10,1.8139478383195429,OK_ANALOGOS_CONTINUIDAD_CORREGIDA,-0.02961498694851361,0.02961498694851361,0.0,CORREGIDO_ANCLA_OBSERVADO,3.3131289734264504,7.908418775236455,2.297644900905002,720.0,OK_CALIBRADO
2026-10-09,SAN REGIS,34.0,2026-10-08,2026-10-15,90,7,5.668532778295222,5.821431301336717,5.668532778295222,5.06,5.209837209170736,4.764282778295222,6.572782778295222,HIBRIDO_ANALOGO_CLIM,ANALOGO_ESTADO_V2_CONFORMAL,30,10,1.8139478383195429,OK_ANALOGOS_CONTINUIDAD_CORREGIDA,-0.02961498694851361,0.02961498694851361,0.0,CORREGIDO_ANCLA_OBSERVADO,3.3708878773902198,7.966177679200224,2.297644900905002,720.0,OK_CALIBRADO
2026-10-09,SAN REGIS,34.0,2026-10-08,2026-10-16,90,8,5.666853765075845,5.811553728155327,5.666853765075845,5.06,5.232753875837402,4.839553765075846,6.494153765075845,HIBRIDO_ANALOGO_CLIM,ANALOGO_ESTADO_V2_CONFORMAL,30,10,1.8139478383195429,OK_ANALOGOS_CONTINUIDAD_CORREGIDA,-0.02961498694851361,0.02961498694851361,0.0,CORREGIDO_ANCLA_OBSERVADO,3.369208864170843,7.964498665980847,2.297644900905002,720.0,OK_CALIBRADO
2026-10-09,SAN REGIS,34.0,2026-10-08,2026-10-17,90,9,5.633721710931567,5.763507285592586,5.633721710931567,5.06,5.244364986948513,4.838621710931567,6.428821710931567,HIBRIDO_ANALOGO_CLIM,ANALOGO_ESTADO_V2_CONFORMAL,30,10,1.8139478383195429,OK_ANALOGOS_CONTINUIDAD_CORREGIDA,-0.02961498694851361,0.02961498694851361,0.0,CORREGIDO_ANCLA_OBSERVADO,3.336076810026565,7.9313666118365695,2.297644900905002,720.0,OK_CALIBRADO
2026-10-09,SAN REGIS,34.0,2026-10-08,2026-10-18,90,10,5.578436006425956,5.6891170869925105,5.578436006425956,5.06,5.246392764726291,4.705136006425956,6.451736006425955,HIBRIDO_ANALOGO_CLIM,ANALOGO_ESTADO_V2_CONFORMAL,30,10,1.8139478383195429,OK_ANALOGOS_CONTINUIDAD_CORREGIDA,-0.02961498694851361,0.02961498694851361,0.0,CORREGIDO_ANCLA_OBSERVADO,3.2807911055209535,7.876080907330958,2.297644900905002,720.0,OK_CALIBRADO
2026-10-09,SAN REGIS,34.0,2026-10-08,2026-10-19,90,11,5.530641159134938,5.6075248831970805,5.530641159134938,5.06,5.299989986948513,4.724041159134939,6.337241159134939,HIBRIDO_ANALOGO_CLIM,ANALOGO_ESTADO_V2_CONFORMAL,30,10,1.8139478383195429,OK_ANALOGOS_CONTINUIDAD_CORREGIDA,-0.02961498694851361,0.02961498694851361,0.0,CORREGIDO_ANCLA_OBSERVADO,3.232996258229936,7.82828606003994,2.297644900905002,720.0,OK_CALIBRADO
2026-10-09,SAN REGIS,34.0,2026-10-08,2026-10-20,90,12,5.517858618476167,5.576657421577977,5.517858618476167,5.06,5.341462209170736,4.678458618476166,6.357258618476166,HIBRIDO_ANALOGO_CLIM,ANALOGO_ESTADO_V2_CONFORMAL,30,10,1.8139478383195429,OK_ANALOGOS_CONTINUIDAD_CORREGIDA,-0.02961498694851361,0.02961498694851361,0.0,CORREGIDO_ANCLA_OBSERVADO,3.2202137175711645,7.815503519381169,2.297644900905002,720.0,OK_CALIBRADO
2026-10-09,SAN REGIS,34.0,2026-10-08,2026-10-21,90,13,5.494563300750594,5.538490516462398,5.494563300750594,5.06,5.362781653615181,4.398413300750593,6.590713300750593,HIBRIDO_ANALOGO_CLIM,ANALOGO_ESTADO_V2_CONFORMAL,30,10,1.8139478383195429,OK_ANALOGOS_CONTINUIDAD_CORREGIDA,-0.02961498694851361,0.02961498694851361,0.0,CORREGIDO_ANCLA_OBSERVADO,3.1969183998455915,7.792208201655596,2.297644900905002,720.0,OK_CALIBRADO
2026-10-09,SAN REGIS,34.0,2026-10-08,2026-10-22,90,14,5.447844463101175,5.467495029226137,5.447844463101175,5.06,5.388892764726291,4.385294463101174,6.510394463101176,HIBRIDO_ANALOGO_CLIM,ANALOGO_ESTADO_V2_CONFORMAL,30,10,1.8139478383195429,OK_ANALOGOS_CONTINUIDAD_CORREGIDA,-0.02961498694851361,0.02961498694851361,0.0,CORREGIDO_ANCLA_OBSERVADO,3.150199562196173,7.745489364006177,2.297644900905002,720.0,OK_CALIBRADO
2026-10-09,SAN REGIS,34.0,2026-10-08,2026-10-23,90,15,5.432591106439802,5.433453516640602,5.432591106439802,5.06,5.430003875837403,4.483591106439802,6.381591106439802,HIBRIDO_ANALOGO_CLIM,ANALOGO_ESTADO_V2_CONFORMAL,30,10,1.8139478383195429,OK_ANALOGOS_CONTINUIDAD_CORREGIDA,-0.02961498694851361,0.02961498694851361,0.0,CORREGIDO_ANCLA_OBSERVADO,3.1349462055348,7.730236007344804,2.297644900905002,720.0,OK_CALIBRADO
2026-10-09,SAN REGIS,34.0,2026-10-08,2026-10-24,90,16,5.422300734569422,5.413820983776391,5.422300734569422,5.06,5.4477399869485135,4.558800734569422,6.285800734569422,HIBRIDO_ANALOGO_CLIM,ANALOGO_ESTADO_V2_CONFORMAL,30,10,1.8139478383195429,OK_ANALOGOS_CONTINUIDAD_CORREGIDA,-0.02961498694851361,0.02961498694851361,0.0,CORREGIDO_ANCLA_OBSERVADO,3.12465583366442,7.719945635474424,2.297644900905002,720.0,OK_CALIBRADO
2026-10-09,SAN REGIS,34.0,2026-10-08,2026-10-25,90,17,5.401738919577761,5.3901552304541775,5.401738919577761,5.06,5.436489986948514,4.510588919577761,6.292888919577761,HIBRIDO_ANALOGO_CLIM,ANALOGO_ESTADO_V2_CONFORMAL,30,10,1.8139478383195429,OK_ANALOGOS_CONTINUIDAD_CORREGIDA,-0.02961498694851361,0.02961498694851361,0.0,CORREGIDO_ANCLA_OBSERVADO,3.1040940186727592,7.699383820482764,2.297644900905002,720.0,OK_CALIBRADO
2026-10-09,SAN REGIS,34.0,2026-10-08,2026-10-26,90,18,5.375009321262204,5.344085210477878,5.375009321262204,5.06,5.46778165361518,4.307259321262204,6.442759321262203,HIBRIDO_ANALOGO_CLIM,ANALOGO_ESTADO_V2_CONFORMAL,30,10,1.8139478383195429,OK_ANALOGOS_CONTINUIDAD_CORREGIDA,-0.02961498694851361,0.02961498694851361,0.0,CORREGIDO_ANCLA_OBSERVADO,3.0773644203572017,7.672654222167206,2.297644900905002,720.0,OK_CALIBRADO
2026-10-09,SAN REGIS,34.0,2026-10-08,2026-10-27,90,19,5.39802564476422,5.3546116047768635,5.39802564476422,5.06,5.528267764726292,4.23327564476422,6.56277564476422,HIBRIDO_ANALOGO_CLIM,ANALOGO_ESTADO_V2_CONFORMAL,30,10,1.8139478383195429,OK_ANALOGOS_CONTINUIDAD_CORREGIDA,-0.02961498694851361,0.02961498694851361,0.0,CORREGIDO_ANCLA_OBSERVADO,3.100380743859218,7.6956705456692225,2.297644900905002,720.0,OK_CALIBRADO
2026-10-09,SAN REGIS,34.0,2026-10-08,2026-10-28,90,20,5.441283916295157,5.39273837422552,5.441283916295157,5.06,5.586920542504068,4.152483916295158,6.730083916295158,HIBRIDO_ANALOGO_CLIM,ANALOGO_ESTADO_V2_CONFORMAL,30,10,1.8139478383195429,OK_ANALOGOS_CONTINUIDAD_CORREGIDA,-0.02961498694851361,0.02961498694851361,0.0,CORREGIDO_ANCLA_OBSERVADO,3.1436390153901552,7.73892881720016,2.297644900905002,720.0,OK_CALIBRADO
2026-10-09,SAN REGIS,34.0,2026-10-08,2026-10-29,90,21,5.452204016611086,5.3886225820541656,5.452204016611086,5.06,5.642948320281847,4.125554016611086,6.778854016611086,HIBRIDO_ANALOGO_CLIM,ANALOGO_ESTADO_V2_CONFORMAL,30,10,1.8139478383195429,OK_ANALOGOS_CONTINUIDAD_CORREGIDA,-0.02961498694851361,0.02961498694851361,0.0,CORREGIDO_ANCLA_OBSERVADO,3.1545591157060837,7.749848917516088,2.297644900905002,720.0,OK_CALIBRADO
2026-10-09,SAN REGIS,34.0,2026-10-08,2026-10-30,90,22,5.439801207121358,5.360798465697491,5.439801207121358,5.06,5.676809431392958,4.053701207121359,6.825901207121358,HIBRIDO_ANALOGO_CLIM,ANALOGO_ESTADO_V2_CONFORMAL,30,10,1.8139478383195429,OK_ANALOGOS_CONTINUIDAD_CORREGIDA,-0.02961498694851361,0.02961498694851361,0.0,CORREGIDO_ANCLA_OBSERVADO,3.142156306216356,7.737446108026361,2.297644900905002,720.0,OK_CALIBRADO
2026-10-09,SAN REGIS,34.0,2026-10-08,2026-10-31,90,23,5.4697234148891525,5.397629927906403,5.4697234148891525,5.06,5.686003875837402,4.075723414889153,6.863723414889153,HIBRIDO_ANALOGO_CLIM,ANALOGO_ESTADO_V2_CONFORMAL,30,10,1.8139478383195429,OK_ANALOGOS_CONTINUIDAD_CORREGIDA,-0.02961498694851361,0.02961498694851361,0.0,CORREGIDO_ANCLA_OBSERVADO,3.1720785139841503,7.767368315794155,2.297644900905002,720.0,OK_CALIBRADO
2026-10-09,SAN REGIS,34.0,2026-10-08,2026-11-01,90,24,5.539333438891355,5.524186957960023,5.539333438891355,5.06,5.584772881685356,4.259083438891356,6.819583438891355,HIBRIDO_ANALOGO_CLIM,ANALOGO_ESTADO_V2_CONFORMAL,30,10,1.8139478383195429,OK_ANALOGOS_CONTINUIDAD_CORREGIDA,-0.02961498694851361,0.02961498694851361,0.0,CORREGIDO_ANCLA_OBSERVADO,3.241688537986353,7.8369783397963575,2.297644900905002,720.0,OK_CALIBRADO
2026-10-09,SAN REGIS,34.0,2026-10-08,2026-11-02,90,25,5.639686216613103,5.658291156415829,5.639686216613103,5.06,5.583871397204923,4.148686216613103,7.130686216613103,HIBRIDO_ANALOGO_CLIM,ANALOGO_ESTADO_V2_CONFORMAL,30,10,1.8139478383195429,OK_ANALOGOS_CONTINUIDAD_CORREGIDA,-0.02961498694851361,0.02961498694851361,0.0,CORREGIDO_ANCLA_OBSERVADO,3.3420413157081006,7.937331117518105,2.297644900905002,720.0,OK_CALIBRADO
2026-10-09,SAN REGIS,34.0,2026-10-08,2026-11-03,90,26,5.7216994131937495,5.741347213395153,5.7216994131937495,5.06,5.662756012589539,4.295099413193749,7.148299413193749,HIBRIDO_ANALOGO_CLIM,ANALOGO_ESTADO_V2_CONFORMAL,30,10,1.8139478383195429,OK_ANALOGOS_CONTINUIDAD_CORREGIDA,-0.02961498694851361,0.02961498694851361,0.0,CORREGIDO_ANCLA_OBSERVADO,3.4240545122887474,8.019344314098753,2.297644900905002,720.0,OK_CALIBRADO
2026-10-09,SAN REGIS,34.0,2026-10-08,2026-11-04,90,27,5.837366621809245,5.870753918899575,5.837366621809245,5.06,5.737204730538258,4.603166621809246,7.071566621809245,HIBRIDO_ANALOGO_CLIM,ANALOGO_ESTADO_V2_CONFORMAL,30,10,1.8139478383195429,OK_ANALOGOS_CONTINUIDAD_CORREGIDA,-0.02961498694851361,0.02961498694851361,0.0,CORREGIDO_ANCLA_OBSERVADO,3.539721720904243,8.135011522714247,2.297644900905002,720.0,OK_CALIBRADO
2026-10-09,SAN REGIS,34.0,2026-10-08,2026-11-05,90,28,5.944424255652646,5.9898435845369296,5.944424255652646,5.06,5.808166268999796,4.778724255652647,7.1101242556526465,HIBRIDO_ANALOGO_CLIM,ANALOGO_ESTADO_V2_CONFORMAL,30,10,1.8139478383195429,OK_ANALOGOS_CONTINUIDAD_CORREGIDA,-0.02961498694851361,0.02961498694851361,0.0,CORREGIDO_ANCLA_OBSERVADO,3.646779354747644,8.242069156557648,2.297644900905002,720.0,OK_CALIBRADO
2026-10-09,SAN REGIS,34.0,2026-10-08,2026-11-06,90,29,5.987591802581321,6.018951595826445,5.987591802581321,5.06,5.89351242284595,4.794091802581321,7.181091802581321,HIBRIDO_ANALOGO_CLIM,ANALOGO_ESTADO_V2_CONFORMAL,30,10,1.8139478383195429,OK_ANALOGOS_CONTINUIDAD_CORREGIDA,-0.02961498694851361,0.02961498694851361,0.0,CORREGIDO_ANCLA_OBSERVADO,3.6899469016763184,8.285236703486323,2.297644900905002,720.0,OK_CALIBRADO
2026-10-09,SAN REGIS,34.0,2026-10-08,2026-11-07,90,30,6.105807451755113,6.154392974212014,6.105807451755113,5.06,5.960050884384411,4.934557451755113,7.277057451755113,HIBRIDO_ANALOGO_CLIM,ANALOGO_ESTADO_V2_CONFORMAL,30,10,1.8139478383195429,OK_ANALOGOS_CONTINUIDAD_CORREGIDA,-0.02961498694851361,0.02961498694851361,0.0,CORREGIDO_ANCLA_OBSERVADO,3.8081625508501107,8.403452352660114,2.297644900905002,720.0,OK_CALIBRADO
2026-10-09,SAN REGIS,34.0,2026-10-08,2026-11-08,90,31,6.203449971358464,6.274162877192986,6.203449971358464,5.06,6.000435499769027,5.053449971358464,7.353449971358463,HIBRIDO_ANALOGO_CLIM,ANALOGO_ESTADO_V2_CONFORMAL,30,10,1.8139478383195429,OK_ANALOGOS_CONTINUIDAD_CORREGIDA,-0.02961498694851361,0.02961498694851361,0.0,CORREGIDO_ANCLA_OBSERVADO,3.9058050704534617,8.501094872263465,2.297644900905002,720.0,OK_CALIBRADO
2026-10-09,SAN REGIS,34.0,2026-10-08,2026-11-09,90,32,6.301733582298128,6.400266218369317,6.301733582298128,5.06,6.030768833102361,5.264133582298129,7.339333582298128,HIBRIDO_ANALOGO_CLIM,ANALOGO_ESTADO_V2_CONFORMAL,30,10,1.8139478383195429,OK_ANALOGOS_CONTINUIDAD_CORREGIDA,-0.02961498694851361,0.02961498694851361,0.0,CORREGIDO_ANCLA_OBSERVADO,4.004088681393126,8.59937848320313,2.297644900905002,720.0,OK_CALIBRADO
2026-10-09,SAN REGIS,34.0,2026-10-08,2026-11-10,90,33,6.3932528082763085,6.512034086215852,6.3932528082763085,5.06,6.080102166435693,5.510652808276309,7.2758528082763085,HIBRIDO_ANALOGO_CLIM,ANALOGO_ESTADO_V2_CONFORMAL,30,10,1.8139478383195429,OK_ANALOGOS_CONTINUIDAD_CORREGIDA,-0.02961498694851361,0.02961498694851361,0.0,CORREGIDO_ANCLA_OBSERVADO,4.095607907371306,8.69089770918131,2.297644900905002,720.0,OK_CALIBRADO
2026-10-09,SAN REGIS,34.0,2026-10-08,2026-11-11,90,34,6.558763871239442,6.724068409274556,6.558763871239442,5.06,6.140640627974154,5.727763871239443,7.389763871239442,HIBRIDO_ANALOGO_CLIM,ANALOGO_ESTADO_V2_CONFORMAL,30,10,1.8139478383195429,OK_ANALOGOS_CONTINUIDAD_CORREGIDA,-0.02961498694851361,0.02961498694851361,0.0,CORREGIDO_ANCLA_OBSERVADO,4.26111897033444,8.856408772144444,2.297644900905002,720.0,OK_CALIBRADO
2026-10-09,SAN REGIS,34.0,2026-10-08,2026-11-12,90,35,6.747187682921101,6.974326967989753,6.747187682921101,5.06,6.195563704897232,5.746537682921102,7.7478376829211015,HIBRIDO_ANALOGO_CLIM,ANALOGO_ESTADO_V2_CONFORMAL,30,10,1.8139478383195429,OK_ANALOGOS_CONTINUIDAD_CORREGIDA,-0.02961498694851361,0.02961498694851361,0.0,CORREGIDO_ANCLA_OBSERVADO,4.449542782016099,9.044832583826103,2.297644900905002,720.0,OK_CALIBRADO
2026-10-09,SAN REGIS,34.0,2026-10-08,2026-11-13,90,36,6.860064046748665,7.133558698750927,6.860064046748665,5.06,6.221909858743386,5.795264046748666,7.924864046748665,HIBRIDO_ANALOGO_CLIM,ANALOGO_ESTADO_V2_CONFORMAL,30,10,1.8139478383195429,OK_ANALOGOS_CONTINUIDAD_CORREGIDA,-0.02961498694851361,0.02961498694851361,0.0,CORREGIDO_ANCLA_OBSERVADO,4.562419145843663,9.157708947653667,2.297644900905002,720.0,OK_CALIBRADO
2026-10-09,SAN REGIS,34.0,2026-10-08,2026-11-14,90,37,6.905656727820804,7.210528130996187,6.905656727820804,5.06,6.221756012589539,5.897006727820805,7.9143067278208035,HIBRIDO_ANALOGO_CLIM,ANALOGO_ESTADO_V2_CONFORMAL,30,10,1.8139478383195429,OK_ANALOGOS_CONTINUIDAD_CORREGIDA,-0.02961498694851361,0.02961498694851361,0.0,CORREGIDO_ANCLA_OBSERVADO,4.608011826915802,9.203301628725807,2.297644900905002,720.0,OK_CALIBRADO
2026-10-09,SAN REGIS,34.0,2026-10-08,2026-11-15,90,38,6.925064937783298,7.242611475349636,6.925064937783298,5.06,6.239832935666462,5.821414937783299,8.028714937783297,HIBRIDO_ANALOGO_CLIM,ANALOGO_ESTADO_V2_CONFORMAL,30,10,1.8139478383195429,OK_ANALOGOS_CONTINUIDAD_CORREGIDA,-0.02961498694851361,0.02961498694851361,0.0,CORREGIDO_ANCLA_OBSERVADO,4.627420036878296,9.2227098386883,2.297644900905002,720.0,OK_CALIBRADO
2026-10-09,SAN REGIS,34.0,2026-10-08,2026-11-16,90,39,6.928937036693486,7.263141480397857,6.928937036693486,5.06,6.234820115153641,5.710537036693486,8.147337036693486,HIBRIDO_ANALOGO_CLIM,ANALOGO_ESTADO_V2_CONFORMAL,30,10,1.8139478383195429,OK_ANALOGOS_CONTINUIDAD_CORREGIDA,-0.02961498694851361,0.02961498694851361,0.0,CORREGIDO_ANCLA_OBSERVADO,4.631292135788484,9.226581937598489,2.297644900905002,720.0,OK_CALIBRADO
2026-10-09,SAN REGIS,34.0,2026-10-08,2026-11-17,90,40,7.005852439450412,7.374375011855208,7.005852439450412,5.06,6.268807294640821,5.656152439450413,8.35555243945041,HIBRIDO_ANALOGO_CLIM,ANALOGO_ESTADO_V2_CONFORMAL,30,10,1.8139478383195429,OK_ANALOGOS_CONTINUIDAD_CORREGIDA,-0.02961498694851361,0.02961498694851361,0.0,CORREGIDO_ANCLA_OBSERVADO,4.70820753854541,9.303497340355413,2.297644900905002,720.0,OK_CALIBRADO
2026-10-09,SAN REGIS,34.0,2026-10-08,2026-11-18,90,41,7.1082197986404845,7.521175200748717,7.1082197986404845,5.06,6.31252524335877,5.714869798640484,8.501569798640485,HIBRIDO_ANALOGO_CLIM,ANALOGO_ESTADO_V2_CONFORMAL,30,10,1.8139478383195429,OK_ANALOGOS_CONTINUIDAD_CORREGIDA,-0.02961498694851361,0.02961498694851361,0.0,CORREGIDO_ANCLA_OBSERVADO,4.810574897735482,9.405864699545486,2.297644900905002,720.0,OK_CALIBRADO
2026-10-09,SAN REGIS,34.0,2026-10-08,2026-11-19,90,42,7.169914409534386,7.595874453648673,7.169914409534386,5.06,6.378845756179283,5.833164409534385,8.506664409534388,HIBRIDO_ANALOGO_CLIM,ANALOGO_ESTADO_V2_CONFORMAL,30,10,1.8139478383195429,OK_ANALOGOS_CONTINUIDAD_CORREGIDA,-0.02961498694851361,0.02961498694851361,0.0,CORREGIDO_ANCLA_OBSERVADO,4.872269508629384,9.467559310439388,2.297644900905002,720.0,OK_CALIBRADO
2026-10-09,SAN REGIS,34.0,2026-10-08,2026-11-20,90,43,7.239123298843533,7.691043191966393,7.239123298843533,5.06,6.429871397204924,5.837173298843533,8.641073298843533,HIBRIDO_ANALOGO_CLIM,ANALOGO_ESTADO_V2_CONFORMAL,30,10,1.8139478383195429,OK_ANALOGOS_CONTINUIDAD_CORREGIDA,-0.02961498694851361,0.02961498694851361,0.0,CORREGIDO_ANCLA_OBSERVADO,4.941478397938531,9.536768199748536,2.297644900905002,720.0,OK_CALIBRADO
2026-10-09,SAN REGIS,34.0,2026-10-08,2026-11-21,90,44,7.319565386987911,7.816934107118683,7.319565386987911,5.06,6.460473961307488,5.928565386987911,8.71056538698791,HIBRIDO_ANALOGO_CLIM,ANALOGO_ESTADO_V2_CONFORMAL,30,10,1.8139478383195429,OK_ANALOGOS_CONTINUIDAD_CORREGIDA,-0.02961498694851361,0.02961498694851361,0.0,CORREGIDO_ANCLA_OBSERVADO,5.021920486082909,9.617210287892913,2.297644900905002,720.0,OK_CALIBRADO
2026-10-09,SAN REGIS,34.0,2026-10-08,2026-11-22,90,45,7.3821637376057625,7.919777603384728,7.3821637376057625,5.06,6.486140627974154,5.984463737605762,8.779863737605762,HIBRIDO_ANALOGO_CLIM,ANALOGO_ESTADO_V2_CONFORMAL,30,10,1.8139478383195429,OK_ANALOGOS_CONTINUIDAD_CORREGIDA,-0.02961498694851361,0.02961498694851361,0.0,CORREGIDO_ANCLA_OBSERVADO,5.08451883670076,9.679808638510764,2.297644900905002,720.0,OK_CALIBRADO
2026-10-09,SAN REGIS,34.0,2026-10-08,2026-11-23,90,46,7.264560884488039,7.732010621212193,7.264560884488039,5.06,6.512576525410052,5.937160884488038,8.591960884488039,HIBRIDO_ANALOGO_CLIM,ANALOGO_ESTADO_V2_CONFORMAL,30,10,1.8139478383195429,OK_ANALOGOS_CONTINUIDAD_CORREGIDA,-0.02961498694851361,0.02961498694851361,0.0,CORREGIDO_ANCLA_OBSERVADO,4.9669159835830365,9.56220578539304,2.297644900905002,720.0,OK_CALIBRADO
2026-10-09,SAN REGIS,34.0,2026-10-08,2026-11-24,90,47,7.263020487029443,7.7318040422273135,7.263020487029443,5.06,6.534909858743386,5.879420487029443,8.646620487029441,HIBRIDO_ANALOGO_CLIM,ANALOGO_ESTADO_V2_CONFORMAL,30,10,1.8139478383195429,OK_ANALOGOS_CONTINUIDAD_CORREGIDA,-0.02961498694851361,0.02961498694851361,0.0,CORREGIDO_ANCLA_OBSERVADO,4.96537558612444,9.560665387934446,2.297644900905002,720.0,OK_CALIBRADO
2026-10-09,SAN REGIS,34.0,2026-10-08,2026-11-25,90,48,7.271323270160274,7.731966399139055,7.271323270160274,5.06,6.580358576692103,5.811073270160275,8.731573270160276,HIBRIDO_ANALOGO_CLIM,ANALOGO_ESTADO_V2_CONFORMAL,30,10,1.8139478383195429,OK_ANALOGOS_CONTINUIDAD_CORREGIDA,-0.02961498694851361,0.02961498694851361,0.0,CORREGIDO_ANCLA_OBSERVADO,4.973678369255272,9.568968171065276,2.297644900905002,720.0,OK_CALIBRADO
2026-10-09,SAN REGIS,34.0,2026-10-08,2026-11-26,90,49,7.299034908800545,7.746058191812185,7.299034908800545,5.06,6.651307294640821,5.930134908800545,8.667934908800543,HIBRIDO_ANALOGO_CLIM,ANALOGO_ESTADO_V2_CONFORMAL,30,10,1.8139478383195429,OK_ANALOGOS_CONTINUIDAD_CORREGIDA,-0.02961498694851361,0.02961498694851361,0.0,CORREGIDO_ANCLA_OBSERVADO,5.001390007895543,9.596679809705547,2.297644900905002,720.0,OK_CALIBRADO
2026-10-09,SAN REGIS,34.0,2026-10-08,2026-11-27,90,50,7.3124534649999005,7.74488387972525,7.3124534649999005,5.06,6.707050884384412,6.0903534649999,8.534553464999902,HIBRIDO_ANALOGO_CLIM,ANALOGO_ESTADO_V2_CONFORMAL,30,10,1.8139478383195429,OK_ANALOGOS_CONTINUIDAD_CORREGIDA,-0.02961498694851361,0.02961498694851361,0.0,CORREGIDO_ANCLA_OBSERVADO,5.014808564094898,9.610098365904904,2.297644900905002,720.0,OK_CALIBRADO
2026-10-09,SAN REGIS,34.0,2026-10-08,2026-11-28,90,51,7.340572124381767,7.765445683042021,7.340572124381767,5.06,6.765743192076719,6.0480721243817674,8.633072124381766,HIBRIDO_ANALOGO_CLIM,ANALOGO_ESTADO_V2_CONFORMAL,30,10,1.8139478383195429,OK_ANALOGOS_CONTINUIDAD_CORREGIDA,-0.02961498694851361,0.02961498694851361,0.0,CORREGIDO_ANCLA_OBSERVADO,5.042927223476765,9.63821702528677,2.297644900905002,720.0,OK_CALIBRADO
2026-10-09,SAN REGIS,34.0,2026-10-08,2026-11-29,90,52,7.3749549767784,7.799989478805177,7.3749549767784,5.06,6.819140627974154,6.033704976778401,8.7162049767784,HIBRIDO_ANALOGO_CLIM,ANALOGO_ESTADO_V2_CONFORMAL,30,10,1.8139478383195429,OK_ANALOGOS_CONTINUIDAD_CORREGIDA,-0.02961498694851361,0.02961498694851361,0.0,CORREGIDO_ANCLA_OBSERVADO,5.077310075873398,9.672599877683403,2.297644900905002,720.0,OK_CALIBRADO
2026-10-09,SAN REGIS,34.0,2026-10-08,2026-11-30,90,53,7.430994671740594,7.879553725879602,7.430994671740594,5.06,6.863948320281847,6.050994671740594,8.810994671740591,HIBRIDO_ANALOGO_CLIM,ANALOGO_ESTADO_V2_CONFORMAL,30,10,1.8139478383195429,OK_ANALOGOS_CONTINUIDAD_CORREGIDA,-0.02961498694851361,0.02961498694851361,0.0,CORREGIDO_ANCLA_OBSERVADO,5.133349770835592,9.728639572645596,2.297644900905002,720.0,OK_CALIBRADO
2026-10-09,SAN REGIS,34.0,2026-10-08,2026-12-01,90,54,7.47574274473173,7.961954929329481,7.47574274473173,5.06,6.881483408001145,6.029742744731729,8.92174274473173,HIBRIDO_ANALOGO_CLIM,ANALOGO_ESTADO_V2_CONFORMAL,30,10,1.8139478383195429,OK_ANALOGOS_CONTINUIDAD_CORREGIDA,-0.02961498694851361,0.02961498694851361,0.0,CORREGIDO_ANCLA_OBSERVADO,5.178097843826728,9.773387645636731,2.297644900905002,720.0,OK_CALIBRADO
2026-10-09,SAN REGIS,34.0,2026-10-08,2026-12-02,90,55,7.5357492554718535,8.084216297652727,7.5357492554718535,5.06,6.887560932894459,6.019149255471854,9.052349255471853,HIBRIDO_ANALOGO_CLIM,ANALOGO_ESTADO_V2_CONFORMAL,30,10,1.8139478383195429,OK_ANALOGOS_CONTINUIDAD_CORREGIDA,-0.02961498694851361,0.02961498694851361,0.0,CORREGIDO_ANCLA_OBSERVADO,5.238104354566851,9.833394156376855,2.297644900905002,720.0,OK_CALIBRADO
2026-10-09,SAN REGIS,34.0,2026-10-08,2026-12-03,90,56,7.600327652013159,8.199321166377157,7.600327652013159,5.06,6.915763635597162,6.080227652013159,9.12042765201316,HIBRIDO_ANALOGO_CLIM,ANALOGO_ESTADO_V2_CONFORMAL,30,10,1.8139478383195429,OK_ANALOGOS_CONTINUIDAD_CORREGIDA,-0.02961498694851361,0.02961498694851361,0.0,CORREGIDO_ANCLA_OBSERVADO,5.302682751108157,9.897972552918162,2.297644900905002,720.0,OK_CALIBRADO
2026-10-09,SAN REGIS,34.0,2026-10-08,2026-12-04,90,57,7.669069531647698,8.306213090107835,7.669069531647698,5.06,6.964858230191757,6.217319531647698,9.120819531647697,HIBRIDO_ANALOGO_CLIM,ANALOGO_ESTADO_V2_CONFORMAL,30,10,1.8139478383195429,OK_ANALOGOS_CONTINUIDAD_CORREGIDA,-0.02961498694851361,0.02961498694851361,0.0,CORREGIDO_ANCLA_OBSERVADO,5.371424630742696,9.966714432552699,2.297644900905002,720.0,OK_CALIBRADO
2026-10-09,SAN REGIS,34.0,2026-10-08,2026-12-05,90,58,7.734807288584251,8.387449258641045,7.734807288584251,5.06,7.0371555274890545,6.366907288584251,9.102707288584252,HIBRIDO_ANALOGO_CLIM,ANALOGO_ESTADO_V2_CONFORMAL,30,10,1.8139478383195429,OK_ANALOGOS_CONTINUIDAD_CORREGIDA,-0.02961498694851361,0.02961498694851361,0.0,CORREGIDO_ANCLA_OBSERVADO,5.4371623876792485,10.032452189489252,2.297644900905002,720.0,OK_CALIBRADO
2026-10-09,SAN REGIS,34.0,2026-10-08,2026-12-06,90,59,7.812241020958656,8.478472138479322,7.812241020958656,5.06,7.1234257977593245,6.448491020958657,9.175991020958655,HIBRIDO_ANALOGO_CLIM,ANALOGO_ESTADO_V2_CONFORMAL,30,10,1.8139478383195429,OK_ANALOGOS_CONTINUIDAD_CORREGIDA,-0.02961498694851361,0.02961498694851361,0.0,CORREGIDO_ANCLA_OBSERVADO,5.514596120053654,10.109885921863658,2.297644900905002,720.0,OK_CALIBRADO
2026-10-09,SAN REGIS,34.0,2026-10-08,2026-12-07,90,60,7.8848975814241,8.599423419142926,7.8848975814241,5.06,7.170371743705271,6.4598975814241,9.3098975814241,HIBRIDO_ANALOGO_CLIM,ANALOGO_ESTADO_V2_CONFORMAL,30,10,1.8139478383195429,OK_ANALOGOS_CONTINUIDAD_CORREGIDA,-0.02961498694851361,0.02961498694851361,0.0,CORREGIDO_ANCLA_OBSERVADO,5.587252680519097,10.1825424823291,2.297644900905002,720.0,OK_CALIBRADO
2026-10-09,SAN REGIS,34.0,2026-10-08,2026-12-08,90,61,7.949984788487709,8.734341472900887,7.949984788487709,5.06,7.191344716678243,6.421484788487709,9.478484788487709,HIBRIDO_ANALOGO_CLIM,ANALOGO_ESTADO_V2_CONFORMAL,30,10,1.8139478383195429,OK_ANALOGOS_CONTINUIDAD_CORREGIDA,-0.02961498694851361,0.02961498694851361,0.0,CORREGIDO_ANCLA_OBSERVADO,5.6523398875827064,10.24762968939271,2.297644900905002,720.0,OK_CALIBRADO
2026-10-09,SAN REGIS,34.0,2026-10-08,2026-12-09,90,62,7.99195298911983,8.82820199982859,7.99195298911983,5.06,7.209655527489054,6.50605298911983,9.477852989119832,HIBRIDO_ANALOGO_CLIM,ANALOGO_ESTADO_V2_CONFORMAL,30,10,1.8139478383195429,OK_ANALOGOS_CONTINUIDAD_CORREGIDA,-0.02961498694851361,0.02961498694851361,0.0,CORREGIDO_ANCLA_OBSERVADO,5.694308088214828,10.289597890024833,2.297644900905002,720.0,OK_CALIBRADO
2026-10-09,SAN REGIS,34.0,2026-10-08,2026-12-10,90,63,8.010991598452463,8.879771295662376,8.010991598452463,5.06,7.224952824786352,6.603691598452464,9.418291598452463,HIBRIDO_ANALOGO_CLIM,ANALOGO_ESTADO_V2_CONFORMAL,30,10,1.8139478383195429,OK_ANALOGOS_CONTINUIDAD_CORREGIDA,-0.02961498694851361,0.02961498694851361,0.0,CORREGIDO_ANCLA_OBSERVADO,5.713346697547461,10.308636499357466,2.297644900905002,720.0,OK_CALIBRADO
2026-10-09,SAN REGIS,34.0,2026-10-08,2026-12-11,90,64,8.027302577207912,8.906744765303593,8.027302577207912,5.06,7.257790662624189,6.637902577207911,9.41670257720791,HIBRIDO_ANALOGO_CLIM,ANALOGO_ESTADO_V2_CONFORMAL,30,10,1.8139478383195429,OK_ANALOGOS_CONTINUIDAD_CORREGIDA,-0.02961498694851361,0.02961498694851361,0.0,CORREGIDO_ANCLA_OBSERVADO,5.72965767630291,10.324947478112914,2.297644900905002,720.0,OK_CALIBRADO
2026-10-09,SAN REGIS,34.0,2026-10-08,2026-12-12,90,65,8.051144603438942,8.92653955560576,8.051144603438942,5.06,7.310425797759324,6.640844603438941,9.461444603438942,HIBRIDO_ANALOGO_CLIM,ANALOGO_ESTADO_V2_CONFORMAL,30,10,1.8139478383195429,OK_ANALOGOS_CONTINUIDAD_CORREGIDA,-0.02961498694851361,0.02961498694851361,0.0,CORREGIDO_ANCLA_OBSERVADO,5.75349970253394,10.348789504343944,2.297644900905002,720.0,OK_CALIBRADO
2026-10-09,SAN REGIS,34.0,2026-10-08,2026-12-13,90,66,8.067899703152772,8.945720662597616,8.067899703152772,5.06,7.349682554516081,6.653749703152772,9.482049703152772,HIBRIDO_ANALOGO_CLIM,ANALOGO_ESTADO_V2_CONFORMAL,30,10,1.8139478383195429,OK_ANALOGOS_CONTINUIDAD_CORREGIDA,-0.02961498694851361,0.02961498694851361,0.0,CORREGIDO_ANCLA_OBSERVADO,5.77025480224777,10.365544604057774,2.297644900905002,720.0,OK_CALIBRADO
2026-10-09,SAN REGIS,34.0,2026-10-08,2026-12-14,90,67,8.07054893896959,8.954585281172676,8.07054893896959,5.06,7.371236608570135,6.674548938969592,9.466548938969591,HIBRIDO_ANALOGO_CLIM,ANALOGO_ESTADO_V2_CONFORMAL,30,10,1.8139478383195429,OK_ANALOGOS_CONTINUIDAD_CORREGIDA,-0.02961498694851361,0.02961498694851361,0.0,CORREGIDO_ANCLA_OBSERVADO,5.772904038064588,10.368193839874593,2.297644900905002,720.0,OK_CALIBRADO
2026-10-09,SAN REGIS,34.0,2026-10-08,2026-12-15,90,68,8.061722823729585,8.939413737108573,8.061722823729585,5.06,7.390547419380946,6.651422823729584,9.472022823729585,HIBRIDO_ANALOGO_CLIM,ANALOGO_ESTADO_V2_CONFORMAL,30,10,1.8139478383195429,OK_ANALOGOS_CONTINUIDAD_CORREGIDA,-0.02961498694851361,0.02961498694851361,0.0,CORREGIDO_ANCLA_OBSERVADO,5.764077922824583,10.359367724634588,2.297644900905002,720.0,OK_CALIBRADO
2026-10-09,SAN REGIS,34.0,2026-10-08,2026-12-16,90,69,8.036487558753453,8.910187174979217,8.036487558753453,5.06,7.390709581543108,6.596087558753455,9.476887558753454,HIBRIDO_ANALOGO_CLIM,ANALOGO_ESTADO_V2_CONFORMAL,30,10,1.8139478383195429,OK_ANALOGOS_CONTINUIDAD_CORREGIDA,-0.02961498694851361,0.02961498694851361,0.0,CORREGIDO_ANCLA_OBSERVADO,5.738842657848451,10.334132459658456,2.297644900905002,720.0,OK_CALIBRADO
2026-10-09,SAN REGIS,34.0,2026-10-08,2026-12-17,90,70,8.006215528114332,8.87942655601675,8.006215528114332,5.06,7.3824933653268925,6.538415528114332,9.474015528114332,HIBRIDO_ANALOGO_CLIM,ANALOGO_ESTADO_V2_CONFORMAL,30,10,1.8139478383195429,OK_ANALOGOS_CONTINUIDAD_CORREGIDA,-0.02961498694851361,0.02961498694851361,0.0,CORREGIDO_ANCLA_OBSERVADO,5.70857062720933,10.303860429019334,2.297644900905002,720.0,OK_CALIBRADO
2026-10-09,SAN REGIS,34.0,2026-10-08,2026-12-18,90,71,7.984335824417262,8.857744340705406,7.984335824417262,5.06,7.381560932894459,6.5051858244172625,9.463485824417262,HIBRIDO_ANALOGO_CLIM,ANALOGO_ESTADO_V2_CONFORMAL,30,10,1.8139478383195429,OK_ANALOGOS_CONTINUIDAD_CORREGIDA,-0.02961498694851361,0.02961498694851361,0.0,CORREGIDO_ANCLA_OBSERVADO,5.68669092351226,10.281980725322263,2.297644900905002,720.0,OK_CALIBRADO
2026-10-09,SAN REGIS,34.0,2026-10-08,2026-12-19,90,72,7.974739658239863,8.82785909760932,7.974739658239863,5.06,7.405993365326892,6.451939658239864,9.497539658239862,HIBRIDO_ANALOGO_CLIM,ANALOGO_ESTADO_V2_CONFORMAL,30,10,1.8139478383195429,OK_ANALOGOS_CONTINUIDAD_CORREGIDA,-0.02961498694851361,0.02961498694851361,0.0,CORREGIDO_ANCLA_OBSERVADO,5.677094757334861,10.272384559144864,2.297644900905002,720.0,OK_CALIBRADO
2026-10-09,SAN REGIS,34.0,2026-10-08,2026-12-20,90,73,7.9738207938611065,8.797080071877733,7.9738207938611065,5.06,7.443777149110676,6.3995207938611065,9.548120793861106,HIBRIDO_ANALOGO_CLIM,ANALOGO_ESTADO_V2_CONFORMAL,30,10,1.8139478383195429,OK_ANALOGOS_CONTINUIDAD_CORREGIDA,-0.02961498694851361,0.02961498694851361,0.0,CORREGIDO_ANCLA_OBSERVADO,5.676175892956104,10.271465694766109,2.297644900905002,720.0,OK_CALIBRADO
2026-10-09,SAN REGIS,34.0,2026-10-08,2026-12-21,90,74,7.981176720813074,8.763667336160406,7.981176720813074,5.06,7.494763635597163,6.350676720813073,9.611676720813072,HIBRIDO_ANALOGO_CLIM,ANALOGO_ESTADO_V2_CONFORMAL,30,10,1.8139478383195429,OK_ANALOGOS_CONTINUIDAD_CORREGIDA,-0.02961498694851361,0.02961498694851361,0.0,CORREGIDO_ANCLA_OBSERVADO,5.6835318199080715,10.278821621718077,2.297644900905002,720.0,OK_CALIBRADO
2026-10-09,SAN REGIS,34.0,2026-10-08,2026-12-22,90,75,8.006349376112418,8.755050835529733,8.006349376112418,5.06,7.557128500462028,6.483649376112417,9.529049376112415,HIBRIDO_ANALOGO_CLIM,ANALOGO_ESTADO_V2_CONFORMAL,30,10,1.8139478383195429,OK_ANALOGOS_CONTINUIDAD_CORREGIDA,-0.02961498694851361,0.02961498694851361,0.0,CORREGIDO_ANCLA_OBSERVADO,5.708704475207416,10.30399427701742,2.297644900905002,720.0,OK_CALIBRADO
2026-10-09,SAN REGIS,34.0,2026-10-08,2026-12-23,90,76,8.034208267519453,8.746472582608813,8.034208267519453,5.06,7.621844716678244,6.4159582675194535,9.652458267519453,HIBRIDO_ANALOGO_CLIM,ANALOGO_ESTADO_V2_CONFORMAL,30,10,1.8139478383195429,OK_ANALOGOS_CONTINUIDAD_CORREGIDA,-0.02961498694851361,0.02961498694851361,0.0,CORREGIDO_ANCLA_OBSERVADO,5.736563366614451,10.331853168424455,2.297644900905002,720.0,OK_CALIBRADO
2026-10-09,SAN REGIS,34.0,2026-10-08,2026-12-24,90,77,8.0552679826977,8.754785195073211,8.0552679826977,5.06,7.664628500462027,6.393367982697701,9.717167982697699,HIBRIDO_ANALOGO_CLIM,ANALOGO_ESTADO_V2_CONFORMAL,30,10,1.8139478383195429,OK_ANALOGOS_CONTINUIDAD_CORREGIDA,-0.02961498694851361,0.02961498694851361,0.0,CORREGIDO_ANCLA_OBSERVADO,5.757623081792698,10.352912883602702,2.297644900905002,720.0,OK_CALIBRADO
2026-10-09,SAN REGIS,34.0,2026-10-08,2026-12-25,90,78,8.068175097265115,8.760750051173549,8.068175097265115,5.06,7.695250122083648,6.361075097265115,9.775275097265112,HIBRIDO_ANALOGO_CLIM,ANALOGO_ESTADO_V2_CONFORMAL,30,10,1.8139478383195429,OK_ANALOGOS_CONTINUIDAD_CORREGIDA,-0.02961498694851361,0.02961498694851361,0.0,CORREGIDO_ANCLA_OBSERVADO,5.770530196360113,10.365819998170117,2.297644900905002,720.0,OK_CALIBRADO
2026-10-09,SAN REGIS,34.0,2026-10-08,2026-12-26,90,79,8.092900773774147,8.804086900927299,8.092900773774147,5.06,7.723804176137703,6.351600773774148,9.83420077377415,HIBRIDO_ANALOGO_CLIM,ANALOGO_ESTADO_V2_CONFORMAL,30,10,1.8139478383195429,OK_ANALOGOS_CONTINUIDAD_CORREGIDA,-0.02961498694851361,0.02961498694851361,0.0,CORREGIDO_ANCLA_OBSERVADO,5.795255872869145,10.39054567467915,2.297644900905002,720.0,OK_CALIBRADO
2026-10-09,SAN REGIS,34.0,2026-10-08,2026-12-27,90,80,8.122653057089796,8.854837305480466,8.122653057089796,5.06,7.756560932894459,6.3369030570897955,9.908403057089792,HIBRIDO_ANALOGO_CLIM,ANALOGO_ESTADO_V2_CONFORMAL,30,10,1.8139478383195429,OK_ANALOGOS_CONTINUIDAD_CORREGIDA,-0.02961498694851361,0.02961498694851361,0.0,CORREGIDO_ANCLA_OBSERVADO,5.8250081561847935,10.420297957994798,2.297644900905002,720.0,OK_CALIBRADO
2026-10-09,SAN REGIS,34.0,2026-10-08,2026-12-28,90,81,8.150955766935283,8.9324462850367,8.150955766935283,5.06,7.774682554516081,6.336355766935283,9.965555766935282,HIBRIDO_ANALOGO_CLIM,ANALOGO_ESTADO_V2_CONFORMAL,30,10,1.8139478383195429,OK_ANALOGOS_CONTINUIDAD_CORREGIDA,-0.02961498694851361,0.02961498694851361,0.0,CORREGIDO_ANCLA_OBSERVADO,5.853310866030281,10.448600667840285,2.297644900905002,720.0,OK_CALIBRADO
2026-10-09,SAN REGIS,34.0,2026-10-08,2026-12-29,90,82,8.173996580193535,9.01214149762269,8.173996580193535,5.06,7.785587959921487,6.326396580193534,10.021596580193535,HIBRIDO_ANALOGO_CLIM,ANALOGO_ESTADO_V2_CONFORMAL,30,10,1.8139478383195429,OK_ANALOGOS_CONTINUIDAD_CORREGIDA,-0.02961498694851361,0.02961498694851361,0.0,CORREGIDO_ANCLA_OBSERVADO,5.876351679288533,10.471641481098537,2.297644900905002,720.0,OK_CALIBRADO
2026-10-09,SAN REGIS,34.0,2026-10-08,2026-12-30,90,83,8.200196780560528,9.078761563747157,8.200196780560528,5.06,7.808547419380946,6.3395967805605276,10.060796780560526,HIBRIDO_ANALOGO_CLIM,ANALOGO_ESTADO_V2_CONFORMAL,30,10,1.8139478383195429,OK_ANALOGOS_CONTINUIDAD_CORREGIDA,-0.02961498694851361,0.02961498694851361,0.0,CORREGIDO_ANCLA_OBSERVADO,5.902551879655526,10.49784168146553,2.297644900905002,720.0,OK_CALIBRADO
2026-10-09,SAN REGIS,34.0,2026-10-08,2026-12-31,90,84,8.242609885056268,9.166503386046433,8.242609885056268,5.06,7.846655527489054,6.335109885056269,10.150109885056267,HIBRIDO_ANALOGO_CLIM,ANALOGO_ESTADO_V2_CONFORMAL,30,10,1.8139478383195429,OK_ANALOGOS_CONTINUIDAD_CORREGIDA,-0.02961498694851361,0.02961498694851361,0.0,CORREGIDO_ANCLA_OBSERVADO,5.944964984151266,10.54025478596127,2.297644900905002,720.0,OK_CALIBRADO
2026-10-09,SAN REGIS,34.0,2026-10-08,2027-01-01,90,85,8.370640994773819,9.24916203209315,8.370640994773819,5.06,8.008897038230565,6.379040994773819,10.362240994773817,HIBRIDO_ANALOGO_CLIM,ANALOGO_ESTADO_V2_CONFORMAL,30,10,1.8139478383195429,OK_ANALOGOS_CONTINUIDAD_CORREGIDA,-0.02961498694851361,0.02961498694851361,0.0,CORREGIDO_ANCLA_OBSERVADO,6.072996093868817,10.668285895678821,2.297644900905002,720.0,OK_CALIBRADO
2026-10-09,SAN REGIS,34.0,2026-10-08,2027-01-02,90,86,8.405833367336463,9.329296751816997,8.405833367336463,5.06,8.040743192076718,6.364833367336464,10.446833367336463,HIBRIDO_ANALOGO_CLIM,ANALOGO_ESTADO_V2_CONFORMAL,30,10,1.8139478383195429,OK_ANALOGOS_CONTINUIDAD_CORREGIDA,-0.02961498694851361,0.02961498694851361,0.0,CORREGIDO_ANCLA_OBSERVADO,6.108188466431461,10.703478268241465,2.297644900905002,720.0,OK_CALIBRADO
2026-10-09,SAN REGIS,34.0,2026-10-08,2027-01-03,90,87,8.419482481756042,9.374916366668199,8.419482481756042,5.06,8.057076525410054,6.333632481756042,10.505332481756042,HIBRIDO_ANALOGO_CLIM,ANALOGO_ESTADO_V2_CONFORMAL,30,10,1.8139478383195429,OK_ANALOGOS_CONTINUIDAD_CORREGIDA,-0.02961498694851361,0.02961498694851361,0.0,CORREGIDO_ANCLA_OBSERVADO,6.1218375808510395,10.717127382661044,2.297644900905002,720.0,OK_CALIBRADO
2026-10-09,SAN REGIS,34.0,2026-10-08,2027-01-04,90,88,8.435111692289759,9.398378273003821,8.435111692289759,5.06,8.084832935666462,6.597461692289757,10.272761692289759,HIBRIDO_ANALOGO_CLIM,ANALOGO_ESTADO_V2_CONFORMAL,30,10,1.8139478383195429,OK_ANALOGOS_CONTINUIDAD_CORREGIDA,-0.02961498694851361,0.02961498694851361,0.0,CORREGIDO_ANCLA_OBSERVADO,6.137466791384757,10.732756593194761,2.297644900905002,720.0,OK_CALIBRADO
2026-10-09,SAN REGIS,34.0,2026-10-08,2027-01-05,90,89,8.451862872352564,9.420017057826072,8.451862872352564,5.06,8.114640627974154,6.589062872352564,10.314662872352564,HIBRIDO_ANALOGO_CLIM,ANALOGO_ESTADO_V2_CONFORMAL,30,10,1.8139478383195429,OK_ANALOGOS_CONTINUIDAD_CORREGIDA,-0.02961498694851361,0.02961498694851361,0.0,CORREGIDO_ANCLA_OBSERVADO,6.1542179714475616,10.749507773257566,2.297644900905002,720.0,OK_CALIBRADO
2026-10-09,SAN REGIS,34.0,2026-10-08,2027-01-06,90,90,8.454539860625395,9.417814481656034,8.454539860625395,5.06,8.133448320281847,6.569789860625396,10.339289860625396,HIBRIDO_ANALOGO_CLIM,ANALOGO_ESTADO_V2_CONFORMAL,30,10,1.8139478383195429,OK_ANALOGOS_CONTINUIDAD_CORREGIDA,-0.02961498694851361,0.02961498694851361,0.0,CORREGIDO_ANCLA_OBSERVADO,6.156894959720393,10.752184761530398,2.297644900905002,720.0,OK_CALIBRADO
2026-10-09,SANTA MARIA DE NANAY,30.0,2026-10-08,2026-10-09,30,1,3.22,2.7015808009216244,3.22,3.22,4.775257597235127,2.9665,3.4735,HIBRIDO_ANALOGO_CLIM,ANALOGO_ESTADO_V2_CONFORMAL,30,10,2.3767158818635137,OK_ANALOGOS_CONTINUIDAD_CORREGIDA,0.44235351387598376,-0.44235351387598376,0.0,CORREGIDO_ANCLA_OBSERVADO,0.9684136953971003,5.4715863046029,2.2515863046029,240.0,OK_CALIBRADO
2026-10-09,SANTA MARIA DE NANAY,30.0,2026-10-08,2026-10-10,30,2,3.2002239856575314,2.6392127817983324,3.2002239856575314,3.22,4.8832575972351275,2.668723985657531,3.7317239856575317,HIBRIDO_ANALOGO_CLIM,ANALOGO_ESTADO_V2_CONFORMAL,30,10,2.3767158818635137,OK_ANALOGOS_CONTINUIDAD_CORREGIDA,0.44235351387598376,-0.44235351387598376,0.0,CORREGIDO_ANCLA_OBSERVADO,0.9486376810546315,5.451810290260431,2.2515863046029,240.0,OK_CALIBRADO
2026-10-09,SANTA MARIA DE NANAY,30.0,2026-10-08,2026-10-11,30,3,3.2542599524828346,2.684538515343181,3.2542599524828346,3.22,4.9634242639017945,2.6374099524828347,3.871109952482835,HIBRIDO_ANALOGO_CLIM,ANALOGO_ESTADO_V2_CONFORMAL,30,10,2.3767158818635137,OK_ANALOGOS_CONTINUIDAD_CORREGIDA,0.44235351387598376,-0.44235351387598376,0.0,CORREGIDO_ANCLA_OBSERVADO,1.0026736478799347,5.505846257085734,2.2515863046029,240.0,OK_CALIBRADO
2026-10-09,SANTA MARIA DE NANAY,30.0,2026-10-08,2026-10-12,30,4,3.307957288682033,2.740172000645816,3.307957288682033,3.22,5.011313152790683,2.470057288682033,4.145857288682032,HIBRIDO_ANALOGO_CLIM,ANALOGO_ESTADO_V2_CONFORMAL,30,10,2.3767158818635137,OK_ANALOGOS_CONTINUIDAD_CORREGIDA,0.44235351387598376,-0.44235351387598376,0.0,CORREGIDO_ANCLA_OBSERVADO,1.056370984079133,5.559543593284933,2.2515863046029,240.0,OK_CALIBRADO
2026-10-09,SANTA MARIA DE NANAY,30.0,2026-10-08,2026-10-13,30,5,3.3237715082847528,2.749257626782776,3.3237715082847528,3.22,5.047313152790682,2.403521508284753,4.244021508284753,HIBRIDO_ANALOGO_CLIM,ANALOGO_ESTADO_V2_CONFORMAL,30,10,2.3767158818635137,OK_ANALOGOS_CONTINUIDAD_CORREGIDA,0.44235351387598376,-0.44235351387598376,0.0,CORREGIDO_ANCLA_OBSERVADO,1.0721852036818529,5.575357812887653,2.2515863046029,240.0,OK_CALIBRADO
2026-10-09,SANTA MARIA DE NANAY,30.0,2026-10-08,2026-10-14,30,6,3.3302003010385044,2.7546071282322226,3.3302003010385044,3.22,5.05697981945735,2.340450301038505,4.319950301038503,HIBRIDO_ANALOGO_CLIM,ANALOGO_ESTADO_V2_CONFORMAL,30,10,2.3767158818635137,OK_ANALOGOS_CONTINUIDAD_CORREGIDA,0.44235351387598376,-0.44235351387598376,0.0,CORREGIDO_ANCLA_OBSERVADO,1.0786139964356045,5.581786605641405,2.2515863046029,240.0,OK_CALIBRADO
2026-10-09,SANTA MARIA DE NANAY,30.0,2026-10-08,2026-10-15,30,7,3.334812969153918,2.767646241274996,3.334812969153918,3.22,5.036313152790683,2.4398129691539188,4.229812969153917,HIBRIDO_ANALOGO_CLIM,ANALOGO_ESTADO_V2_CONFORMAL,30,10,2.3767158818635137,OK_ANALOGOS_CONTINUIDAD_CORREGIDA,0.44235351387598376,-0.44235351387598376,0.0,CORREGIDO_ANCLA_OBSERVADO,1.083226664551018,5.586399273756818,2.2515863046029,240.0,OK_CALIBRADO
2026-10-09,SANTA MARIA DE NANAY,30.0,2026-10-08,2026-10-16,30,8,3.3442943514828607,2.76832512141729,3.3442943514828607,3.22,5.072202041679573,2.5762943514828605,4.112294351482861,HIBRIDO_ANALOGO_CLIM,ANALOGO_ESTADO_V2_CONFORMAL,30,10,2.3767158818635137,OK_ANALOGOS_CONTINUIDAD_CORREGIDA,0.44235351387598376,-0.44235351387598376,0.0,CORREGIDO_ANCLA_OBSERVADO,1.0927080468799608,5.595880656085761,2.2515863046029,240.0,OK_CALIBRADO
2026-10-09,SANTA MARIA DE NANAY,30.0,2026-10-08,2026-10-17,30,9,3.3596813942155124,2.7668411783941593,3.3596813942155124,3.22,5.1382020416795715,2.412581394215513,4.306781394215513,HIBRIDO_ANALOGO_CLIM,ANALOGO_ESTADO_V2_CONFORMAL,30,10,2.3767158818635137,OK_ANALOGOS_CONTINUIDAD_CORREGIDA,0.44235351387598376,-0.44235351387598376,0.0,CORREGIDO_ANCLA_OBSERVADO,1.1080950896126125,5.611267698818413,2.2515863046029,240.0,OK_CALIBRADO
2026-10-09,SANTA MARIA DE NANAY,30.0,2026-10-08,2026-10-18,30,10,3.412251123768398,2.824748965946155,3.412251123768398,3.22,5.174757597235127,2.3307511237683984,4.493751123768398,HIBRIDO_ANALOGO_CLIM,ANALOGO_ESTADO_V2_CONFORMAL,30,10,2.3767158818635137,OK_ANALOGOS_CONTINUIDAD_CORREGIDA,0.44235351387598376,-0.44235351387598376,0.0,CORREGIDO_ANCLA_OBSERVADO,1.1606648191654982,5.663837428371298,2.2515863046029,240.0,OK_CALIBRADO
2026-10-09,SANTA MARIA DE NANAY,30.0,2026-10-08,2026-10-19,30,11,3.4308616507706247,2.8395630019491236,3.4308616507706247,3.22,5.204757597235128,2.466761650770625,4.394961650770625,HIBRIDO_ANALOGO_CLIM,ANALOGO_ESTADO_V2_CONFORMAL,30,10,2.3767158818635137,OK_ANALOGOS_CONTINUIDAD_CORREGIDA,0.44235351387598376,-0.44235351387598376,0.0,CORREGIDO_ANCLA_OBSERVADO,1.1792753461677248,5.682447955373524,2.2515863046029,240.0,OK_CALIBRADO
2026-10-09,SANTA MARIA DE NANAY,30.0,2026-10-08,2026-10-20,30,12,3.415643248288685,2.833419946788019,3.415643248288685,3.22,5.1623131527906825,2.5216432482886852,4.309643248288685,HIBRIDO_ANALOGO_CLIM,ANALOGO_ESTADO_V2_CONFORMAL,30,10,2.3767158818635137,OK_ANALOGOS_CONTINUIDAD_CORREGIDA,0.44235351387598376,-0.44235351387598376,0.0,CORREGIDO_ANCLA_OBSERVADO,1.164056943685785,5.667229552891585,2.2515863046029,240.0,OK_CALIBRADO
2026-10-09,SANTA MARIA DE NANAY,30.0,2026-10-08,2026-10-21,30,13,3.3939979843853147,2.820781817139081,3.3939979843853147,3.22,5.113646486124017,2.3592479843853145,4.428747984385314,HIBRIDO_ANALOGO_CLIM,ANALOGO_ESTADO_V2_CONFORMAL,30,10,2.3767158818635137,OK_ANALOGOS_CONTINUIDAD_CORREGIDA,0.44235351387598376,-0.44235351387598376,0.0,CORREGIDO_ANCLA_OBSERVADO,1.1424116797824149,5.645584288988214,2.2515863046029,240.0,OK_CALIBRADO
2026-10-09,SANTA MARIA DE NANAY,30.0,2026-10-08,2026-10-22,30,14,3.335285886169634,2.761943463962618,3.335285886169634,3.22,5.055313152790683,2.3094358861696342,4.3611358861696345,HIBRIDO_ANALOGO_CLIM,ANALOGO_ESTADO_V2_CONFORMAL,30,10,2.3767158818635137,OK_ANALOGOS_CONTINUIDAD_CORREGIDA,0.44235351387598376,-0.44235351387598376,0.0,CORREGIDO_ANCLA_OBSERVADO,1.083699581566734,5.586872190772533,2.2515863046029,240.0,OK_CALIBRADO
2026-10-09,SANTA MARIA DE NANAY,30.0,2026-10-08,2026-10-23,30,15,3.3082118006171473,2.732066905448191,3.3082118006171473,3.22,5.036646486124017,2.3362118006171473,4.280211800617147,HIBRIDO_ANALOGO_CLIM,ANALOGO_ESTADO_V2_CONFORMAL,30,10,2.3767158818635137,OK_ANALOGOS_CONTINUIDAD_CORREGIDA,0.44235351387598376,-0.44235351387598376,0.0,CORREGIDO_ANCLA_OBSERVADO,1.0566254960142474,5.559798105220047,2.2515863046029,240.0,OK_CALIBRADO
2026-10-09,SANTA MARIA DE NANAY,30.0,2026-10-08,2026-10-24,30,16,3.284504033194675,2.677715808144154,3.284504033194675,3.22,5.104868708346238,2.326254033194675,4.242754033194675,HIBRIDO_ANALOGO_CLIM,ANALOGO_ESTADO_V2_CONFORMAL,30,10,2.3767158818635137,OK_ANALOGOS_CONTINUIDAD_CORREGIDA,0.44235351387598376,-0.44235351387598376,0.0,CORREGIDO_ANCLA_OBSERVADO,1.0329177285917752,5.5360903377975745,2.2515863046029,240.0,OK_CALIBRADO
2026-10-09,SANTA MARIA DE NANAY,30.0,2026-10-08,2026-10-25,30,17,3.283336435497438,2.668936788992282,3.283336435497438,3.22,5.126535375012905,2.246286435497438,4.320386435497438,HIBRIDO_ANALOGO_CLIM,ANALOGO_ESTADO_V2_CONFORMAL,30,10,2.3767158818635137,OK_ANALOGOS_CONTINUIDAD_CORREGIDA,0.44235351387598376,-0.44235351387598376,0.0,CORREGIDO_ANCLA_OBSERVADO,1.031750130894538,5.534922740100338,2.2515863046029,240.0,OK_CALIBRADO
2026-10-09,SANTA MARIA DE NANAY,30.0,2026-10-08,2026-10-26,30,18,3.3361112030951987,2.741525368011519,3.3361112030951987,3.22,5.119868708346239,2.2266112030951994,4.445611203095199,HIBRIDO_ANALOGO_CLIM,ANALOGO_ESTADO_V2_CONFORMAL,30,10,2.3767158818635137,OK_ANALOGOS_CONTINUIDAD_CORREGIDA,0.44235351387598376,-0.44235351387598376,0.0,CORREGIDO_ANCLA_OBSERVADO,1.0845248984922988,5.587697507698099,2.2515863046029,240.0,OK_CALIBRADO
2026-10-09,SANTA MARIA DE NANAY,30.0,2026-10-08,2026-10-27,30,19,3.37030591414582,2.7877109086716065,3.37030591414582,3.22,5.11809093056846,2.1600559141458198,4.580555914145819,HIBRIDO_ANALOGO_CLIM,ANALOGO_ESTADO_V2_CONFORMAL,30,10,2.3767158818635137,OK_ANALOGOS_CONTINUIDAD_CORREGIDA,0.44235351387598376,-0.44235351387598376,0.0,CORREGIDO_ANCLA_OBSERVADO,1.1187196095429202,5.6218922187487195,2.2515863046029,240.0,OK_CALIBRADO
2026-10-09,SANTA MARIA DE NANAY,30.0,2026-10-08,2026-10-28,30,20,3.433824480290483,2.862735663531157,3.433824480290483,3.22,5.14709093056846,2.2120744802904833,4.655574480290483,HIBRIDO_ANALOGO_CLIM,ANALOGO_ESTADO_V2_CONFORMAL,30,10,2.3767158818635137,OK_ANALOGOS_CONTINUIDAD_CORREGIDA,0.44235351387598376,-0.44235351387598376,0.0,CORREGIDO_ANCLA_OBSERVADO,1.182238175687583,5.685410784893383,2.2515863046029,240.0,OK_CALIBRADO
2026-10-09,SANTA MARIA DE NANAY,30.0,2026-10-08,2026-10-29,30,21,3.4365499492792027,2.854221474034635,3.4365499492792027,3.22,5.183535375012905,2.254049949279203,4.619049949279201,HIBRIDO_ANALOGO_CLIM,ANALOGO_ESTADO_V2_CONFORMAL,30,10,2.3767158818635137,OK_ANALOGOS_CONTINUIDAD_CORREGIDA,0.44235351387598376,-0.44235351387598376,0.0,CORREGIDO_ANCLA_OBSERVADO,1.1849636446763028,5.688136253882103,2.2515863046029,240.0,OK_CALIBRADO
2026-10-09,SANTA MARIA DE NANAY,30.0,2026-10-08,2026-10-30,30,22,3.4116692263387116,2.7917323619658325,3.4116692263387116,3.22,5.271479819457349,2.0211192263387114,4.802219226338712,HIBRIDO_ANALOGO_CLIM,ANALOGO_ESTADO_V2_CONFORMAL,30,10,2.3767158818635137,OK_ANALOGOS_CONTINUIDAD_CORREGIDA,0.44235351387598376,-0.44235351387598376,0.0,CORREGIDO_ANCLA_OBSERVADO,1.1600829217358117,5.663255530941612,2.2515863046029,240.0,OK_CALIBRADO
2026-10-09,SANTA MARIA DE NANAY,30.0,2026-10-08,2026-10-31,30,23,3.3832657607913474,2.7366203338286064,3.3832657607913474,3.22,5.323202041679572,1.9072657607913475,4.859265760791347,HIBRIDO_ANALOGO_CLIM,ANALOGO_ESTADO_V2_CONFORMAL,30,10,2.3767158818635137,OK_ANALOGOS_CONTINUIDAD_CORREGIDA,0.44235351387598376,-0.44235351387598376,0.0,CORREGIDO_ANCLA_OBSERVADO,1.1316794561884476,5.634852065394247,2.2515863046029,240.0,OK_CALIBRADO
2026-10-09,SANTA MARIA DE NANAY,30.0,2026-10-08,2026-11-01,30,24,3.4451195912261303,2.779647663297206,3.4451195912261303,3.22,5.441535375012904,1.9779695912261297,4.91226959122613,HIBRIDO_ANALOGO_CLIM,ANALOGO_ESTADO_V2_CONFORMAL,30,10,2.3767158818635137,OK_ANALOGOS_CONTINUIDAD_CORREGIDA,0.44235351387598376,-0.44235351387598376,0.0,CORREGIDO_ANCLA_OBSERVADO,1.1935332866232304,5.69670589582903,2.2515863046029,240.0,OK_CALIBRADO
2026-10-09,SANTA MARIA DE NANAY,30.0,2026-10-08,2026-11-02,30,25,3.477753320315284,2.810677820601262,3.477753320315284,3.22,5.478979819457349,2.173703320315284,4.781803320315284,HIBRIDO_ANALOGO_CLIM,ANALOGO_ESTADO_V2_CONFORMAL,30,10,2.3767158818635137,OK_ANALOGOS_CONTINUIDAD_CORREGIDA,0.44235351387598376,-0.44235351387598376,0.0,CORREGIDO_ANCLA_OBSERVADO,1.226167015712384,5.729339624918184,2.2515863046029,240.0,OK_CALIBRADO
2026-10-09,SANTA MARIA DE NANAY,30.0,2026-10-08,2026-11-03,30,26,3.5209293050077033,2.85643098537634,3.5209293050077033,3.22,5.514424263901793,2.3554293050077035,4.686429305007703,HIBRIDO_ANALOGO_CLIM,ANALOGO_ESTADO_V2_CONFORMAL,30,10,2.3767158818635137,OK_ANALOGOS_CONTINUIDAD_CORREGIDA,0.44235351387598376,-0.44235351387598376,0.0,CORREGIDO_ANCLA_OBSERVADO,1.2693430004048034,5.772515609610603,2.2515863046029,240.0,OK_CALIBRADO
2026-10-09,SANTA MARIA DE NANAY,30.0,2026-10-08,2026-11-04,30,27,3.5369496037472046,2.896087679991971,3.5369496037472046,3.22,5.459535375012905,2.388699603747205,4.685199603747204,HIBRIDO_ANALOGO_CLIM,ANALOGO_ESTADO_V2_CONFORMAL,30,10,2.3767158818635137,OK_ANALOGOS_CONTINUIDAD_CORREGIDA,0.44235351387598376,-0.44235351387598376,0.0,CORREGIDO_ANCLA_OBSERVADO,1.2853632991443047,5.788535908350104,2.2515863046029,240.0,OK_CALIBRADO
2026-10-09,SANTA MARIA DE NANAY,30.0,2026-10-08,2026-11-05,30,28,3.4807203051537945,2.8428189855711277,3.4807203051537945,3.22,5.394424263901794,2.3059703051537945,4.655470305153795,HIBRIDO_ANALOGO_CLIM,ANALOGO_ESTADO_V2_CONFORMAL,30,10,2.3767158818635137,OK_ANALOGOS_CONTINUIDAD_CORREGIDA,0.44235351387598376,-0.44235351387598376,0.0,CORREGIDO_ANCLA_OBSERVADO,1.2291340005508946,5.732306609756694,2.2515863046029,240.0,OK_CALIBRADO
2026-10-09,SANTA MARIA DE NANAY,30.0,2026-10-08,2026-11-06,30,29,3.42925803748017,2.7819433694137023,3.42925803748017,3.22,5.371202041679572,2.24925803748017,4.609258037480171,HIBRIDO_ANALOGO_CLIM,ANALOGO_ESTADO_V2_CONFORMAL,30,10,2.3767158818635137,OK_ANALOGOS_CONTINUIDAD_CORREGIDA,0.44235351387598376,-0.44235351387598376,0.0,CORREGIDO_ANCLA_OBSERVADO,1.1776717328772701,5.68084434208307,2.2515863046029,240.0,OK_CALIBRADO
2026-10-09,SANTA MARIA DE NANAY,30.0,2026-10-08,2026-11-07,30,30,3.435645271633539,2.778570792729306,3.435645271633539,3.22,5.406868708346238,2.2252952716335384,4.645995271633538,HIBRIDO_ANALOGO_CLIM,ANALOGO_ESTADO_V2_CONFORMAL,30,10,2.3767158818635137,OK_ANALOGOS_CONTINUIDAD_CORREGIDA,0.44235351387598376,-0.44235351387598376,0.0,CORREGIDO_ANCLA_OBSERVADO,1.184058967030639,5.687231576236439,2.2515863046029,240.0,OK_CALIBRADO
2026-10-09,SANTA MARIA DE NANAY,30.0,2026-10-08,2026-10-09,60,1,3.22,2.7024928929547576,3.22,3.22,4.772521321135729,2.9665,3.4735,HIBRIDO_ANALOGO_CLIM,ANALOGO_ESTADO_V2_CONFORMAL,30,10,2.405647860107533,OK_ANALOGOS_CONTINUIDAD_CORREGIDA,0.44508978997538273,-0.44508978997538273,0.0,CORREGIDO_ANCLA_OBSERVADO,1.1473469997889265,5.292653000211073,2.0726530002110737,480.0,OK_CALIBRADO
2026-10-09,SANTA MARIA DE NANAY,30.0,2026-10-08,2026-10-10,60,2,3.1908695226436232,2.6276522564795877,3.1908695226436232,3.22,4.8805213211357295,2.659369522643623,3.7223695226436226,HIBRIDO_ANALOGO_CLIM,ANALOGO_ESTADO_V2_CONFORMAL,30,10,2.405647860107533,OK_ANALOGOS_CONTINUIDAD_CORREGIDA,0.44508978997538273,-0.44508978997538273,0.0,CORREGIDO_ANCLA_OBSERVADO,1.1182165224325495,5.2635225228546965,2.0726530002110737,480.0,OK_CALIBRADO
2026-10-09,SANTA MARIA DE NANAY,30.0,2026-10-08,2026-10-11,60,3,3.2304800545746617,2.6537440768320844,3.2304800545746617,3.22,4.960687987802395,2.613630054574662,3.847330054574662,HIBRIDO_ANALOGO_CLIM,ANALOGO_ESTADO_V2_CONFORMAL,30,10,2.405647860107533,OK_ANALOGOS_CONTINUIDAD_CORREGIDA,0.44508978997538273,-0.44508978997538273,0.0,CORREGIDO_ANCLA_OBSERVADO,1.157827054363588,5.303133054785736,2.0726530002110737,480.0,OK_CALIBRADO
2026-10-09,SANTA MARIA DE NANAY,30.0,2026-10-08,2026-10-12,60,4,3.275444533168356,2.6977337519940465,3.275444533168356,3.22,5.008576876691285,2.437544533168356,4.113344533168355,HIBRIDO_ANALOGO_CLIM,ANALOGO_ESTADO_V2_CONFORMAL,30,10,2.405647860107533,OK_ANALOGOS_CONTINUIDAD_CORREGIDA,0.44508978997538273,-0.44508978997538273,0.0,CORREGIDO_ANCLA_OBSERVADO,1.2027915329572823,5.34809753337943,2.0726530002110737,480.0,OK_CALIBRADO
2026-10-09,SANTA MARIA DE NANAY,30.0,2026-10-08,2026-10-13,60,5,3.284451748540792,2.697743372490628,3.284451748540792,3.22,5.044576876691284,2.364201748540792,4.204701748540792,HIBRIDO_ANALOGO_CLIM,ANALOGO_ESTADO_V2_CONFORMAL,30,10,2.405647860107533,OK_ANALOGOS_CONTINUIDAD_CORREGIDA,0.44508978997538273,-0.44508978997538273,0.0,CORREGIDO_ANCLA_OBSERVADO,1.2117987483297181,5.3571047487518655,2.0726530002110737,480.0,OK_CALIBRADO
2026-10-09,SANTA MARIA DE NANAY,30.0,2026-10-08,2026-10-14,60,6,3.2921781649231687,2.7048230387782413,3.2921781649231687,3.22,5.05424354335795,2.3024281649231693,4.281928164923169,HIBRIDO_ANALOGO_CLIM,ANALOGO_ESTADO_V2_CONFORMAL,30,10,2.405647860107533,OK_ANALOGOS_CONTINUIDAD_CORREGIDA,0.44508978997538273,-0.44508978997538273,0.0,CORREGIDO_ANCLA_OBSERVADO,1.219525164712095,5.364831165134243,2.0726530002110737,480.0,OK_CALIBRADO
2026-10-09,SANTA MARIA DE NANAY,30.0,2026-10-08,2026-10-15,60,7,3.289576837564265,2.7082434911885924,3.289576837564265,3.22,5.033576876691283,2.3945768375642658,4.184576837564265,HIBRIDO_ANALOGO_CLIM,ANALOGO_ESTADO_V2_CONFORMAL,30,10,2.405647860107533,OK_ANALOGOS_CONTINUIDAD_CORREGIDA,0.44508978997538273,-0.44508978997538273,0.0,CORREGIDO_ANCLA_OBSERVADO,1.2169238373531912,5.362229837775338,2.0726530002110737,480.0,OK_CALIBRADO
2026-10-09,SANTA MARIA DE NANAY,30.0,2026-10-08,2026-10-16,60,8,3.2936226035871132,2.70167488292276,3.2936226035871132,3.22,5.069465765580173,2.3298726035871127,4.257372603587115,HIBRIDO_ANALOGO_CLIM,ANALOGO_ESTADO_V2_CONFORMAL,30,10,2.405647860107533,OK_ANALOGOS_CONTINUIDAD_CORREGIDA,0.44508978997538273,-0.44508978997538273,0.0,CORREGIDO_ANCLA_OBSERVADO,1.2209696033760395,5.3662756037981865,2.0726530002110737,480.0,OK_CALIBRADO
2026-10-09,SANTA MARIA DE NANAY,30.0,2026-10-08,2026-10-17,60,9,3.2968979335836845,2.684041989584855,3.2968979335836845,3.22,5.135465765580173,2.1967979335836842,4.396997933583686,HIBRIDO_ANALOGO_CLIM,ANALOGO_ESTADO_V2_CONFORMAL,30,10,2.405647860107533,OK_ANALOGOS_CONTINUIDAD_CORREGIDA,0.44508978997538273,-0.44508978997538273,0.0,CORREGIDO_ANCLA_OBSERVADO,1.2242449333726109,5.369550933794758,2.0726530002110737,480.0,OK_CALIBRADO
2026-10-09,SANTA MARIA DE NANAY,30.0,2026-10-08,2026-10-18,60,10,3.3327261077196164,2.7196277032475793,3.3327261077196164,3.22,5.172021321135729,2.181476107719616,4.4839761077196165,HIBRIDO_ANALOGO_CLIM,ANALOGO_ESTADO_V2_CONFORMAL,30,10,2.405647860107533,OK_ANALOGOS_CONTINUIDAD_CORREGIDA,0.44508978997538273,-0.44508978997538273,0.0,CORREGIDO_ANCLA_OBSERVADO,1.2600731075085427,5.40537910793069,2.0726530002110737,480.0,OK_CALIBRADO
2026-10-09,SANTA MARIA DE NANAY,30.0,2026-10-08,2026-10-19,60,11,3.345599655967558,2.726792434244835,3.345599655967558,3.22,5.202021321135728,2.3814996559675583,4.309699655967558,HIBRIDO_ANALOGO_CLIM,ANALOGO_ESTADO_V2_CONFORMAL,30,10,2.405647860107533,OK_ANALOGOS_CONTINUIDAD_CORREGIDA,0.44508978997538273,-0.44508978997538273,0.0,CORREGIDO_ANCLA_OBSERVADO,1.2729466557564844,5.418252656178632,2.0726530002110737,480.0,OK_CALIBRADO
2026-10-09,SANTA MARIA DE NANAY,30.0,2026-10-08,2026-10-20,60,12,3.3322863612177733,2.7231895227266034,3.3322863612177733,3.22,5.159576876691284,2.4315363612177725,4.233036361217774,HIBRIDO_ANALOGO_CLIM,ANALOGO_ESTADO_V2_CONFORMAL,30,10,2.405647860107533,OK_ANALOGOS_CONTINUIDAD_CORREGIDA,0.44508978997538273,-0.44508978997538273,0.0,CORREGIDO_ANCLA_OBSERVADO,1.2596333610066996,5.404939361428847,2.0726530002110737,480.0,OK_CALIBRADO
2026-10-09,SANTA MARIA DE NANAY,30.0,2026-10-08,2026-10-21,60,13,3.302229516954887,2.6993359525983105,3.302229516954887,3.22,5.110910210024617,2.2674795169548867,4.336979516954887,HIBRIDO_ANALOGO_CLIM,ANALOGO_ESTADO_V2_CONFORMAL,30,10,2.405647860107533,OK_ANALOGOS_CONTINUIDAD_CORREGIDA,0.44508978997538273,-0.44508978997538273,0.0,CORREGIDO_ANCLA_OBSERVADO,1.2295765167438133,5.374882517165961,2.0726530002110737,480.0,OK_CALIBRADO
2026-10-09,SANTA MARIA DE NANAY,30.0,2026-10-08,2026-10-22,60,14,3.23670347456448,2.631412340522212,3.23670347456448,3.22,5.052576876691283,2.2108534745644803,4.262553474564481,HIBRIDO_ANALOGO_CLIM,ANALOGO_ESTADO_V2_CONFORMAL,30,10,2.405647860107533,OK_ANALOGOS_CONTINUIDAD_CORREGIDA,0.44508978997538273,-0.44508978997538273,0.0,CORREGIDO_ANCLA_OBSERVADO,1.1640504743534064,5.309356474775553,2.0726530002110737,480.0,OK_CALIBRADO
2026-10-09,SANTA MARIA DE NANAY,30.0,2026-10-08,2026-10-23,60,15,3.2032411130206584,2.5930180806860053,3.2032411130206584,3.22,5.033910210024617,2.2312411130206584,4.1752411130206575,HIBRIDO_ANALOGO_CLIM,ANALOGO_ESTADO_V2_CONFORMAL,30,10,2.405647860107533,OK_ANALOGOS_CONTINUIDAD_CORREGIDA,0.44508978997538273,-0.44508978997538273,0.0,CORREGIDO_ANCLA_OBSERVADO,1.1305881128095847,5.2758941132317325,2.0726530002110737,480.0,OK_CALIBRADO
2026-10-09,SANTA MARIA DE NANAY,30.0,2026-10-08,2026-10-24,60,16,3.1913793197388514,2.554461615569522,3.1913793197388514,3.22,5.102132432246838,2.2331293197388513,4.149629319738851,HIBRIDO_ANALOGO_CLIM,ANALOGO_ESTADO_V2_CONFORMAL,30,10,2.405647860107533,OK_ANALOGOS_CONTINUIDAD_CORREGIDA,0.44508978997538273,-0.44508978997538273,0.0,CORREGIDO_ANCLA_OBSERVADO,1.1187263195277777,5.264032319949925,2.0726530002110737,480.0,OK_CALIBRADO
2026-10-09,SANTA MARIA DE NANAY,30.0,2026-10-08,2026-10-25,60,17,3.211257715539187,2.57374392108108,3.211257715539187,3.22,5.123799098913507,2.1742077155391866,4.2483077155391875,HIBRIDO_ANALOGO_CLIM,ANALOGO_ESTADO_V2_CONFORMAL,30,10,2.405647860107533,OK_ANALOGOS_CONTINUIDAD_CORREGIDA,0.44508978997538273,-0.44508978997538273,0.0,CORREGIDO_ANCLA_OBSERVADO,1.1386047153281131,5.2839107157502605,2.0726530002110737,480.0,OK_CALIBRADO
2026-10-09,SANTA MARIA DE NANAY,30.0,2026-10-08,2026-10-26,60,18,3.2792501451699967,2.6666227161443827,3.2792501451699967,3.22,5.117132432246839,2.1697501451699974,4.388750145169997,HIBRIDO_ANALOGO_CLIM,ANALOGO_ESTADO_V2_CONFORMAL,30,10,2.405647860107533,OK_ANALOGOS_CONTINUIDAD_CORREGIDA,0.44508978997538273,-0.44508978997538273,0.0,CORREGIDO_ANCLA_OBSERVADO,1.206597144958923,5.351903145381071,2.0726530002110737,480.0,OK_CALIBRADO
2026-10-09,SANTA MARIA DE NANAY,30.0,2026-10-08,2026-10-27,60,19,3.32644019085669,2.730135369652566,3.32644019085669,3.22,5.115354654469062,2.1161901908566896,4.536690190856691,HIBRIDO_ANALOGO_CLIM,ANALOGO_ESTADO_V2_CONFORMAL,30,10,2.405647860107533,OK_ANALOGOS_CONTINUIDAD_CORREGIDA,0.44508978997538273,-0.44508978997538273,0.0,CORREGIDO_ANCLA_OBSERVADO,1.2537871906456162,5.399093191067763,2.0726530002110737,480.0,OK_CALIBRADO
2026-10-09,SANTA MARIA DE NANAY,30.0,2026-10-08,2026-10-28,60,20,3.3869710260857255,2.80117648329128,3.3869710260857255,3.22,5.144354654469062,2.165221026085726,4.6087210260857265,HIBRIDO_ANALOGO_CLIM,ANALOGO_ESTADO_V2_CONFORMAL,30,10,2.405647860107533,OK_ANALOGOS_CONTINUIDAD_CORREGIDA,0.44508978997538273,-0.44508978997538273,0.0,CORREGIDO_ANCLA_OBSERVADO,1.3143180258746519,5.459624026296799,2.0726530002110737,480.0,OK_CALIBRADO
2026-10-09,SANTA MARIA DE NANAY,30.0,2026-10-08,2026-10-29,60,21,3.3845264181796177,2.785768857934988,3.3845264181796177,3.22,5.180799098913505,2.202026418179618,4.567026418179617,HIBRIDO_ANALOGO_CLIM,ANALOGO_ESTADO_V2_CONFORMAL,30,10,2.405647860107533,OK_ANALOGOS_CONTINUIDAD_CORREGIDA,0.44508978997538273,-0.44508978997538273,0.0,CORREGIDO_ANCLA_OBSERVADO,1.311873417968544,5.457179418390691,2.0726530002110737,480.0,OK_CALIBRADO
2026-10-09,SANTA MARIA DE NANAY,30.0,2026-10-08,2026-10-30,60,22,3.3471646940996895,2.706638411013602,3.3471646940996895,3.22,5.268743543357951,1.9566146940996894,4.73771469409969,HIBRIDO_ANALOGO_CLIM,ANALOGO_ESTADO_V2_CONFORMAL,30,10,2.405647860107533,OK_ANALOGOS_CONTINUIDAD_CORREGIDA,0.44508978997538273,-0.44508978997538273,0.0,CORREGIDO_ANCLA_OBSERVADO,1.2745116938886158,5.419817694310764,2.0726530002110737,480.0,OK_CALIBRADO
2026-10-09,SANTA MARIA DE NANAY,30.0,2026-10-08,2026-10-31,60,23,3.3187801214936923,2.6515515734648654,3.3187801214936923,3.22,5.320465765580172,1.8427801214936923,4.794780121493693,HIBRIDO_ANALOGO_CLIM,ANALOGO_ESTADO_V2_CONFORMAL,30,10,2.405647860107533,OK_ANALOGOS_CONTINUIDAD_CORREGIDA,0.44508978997538273,-0.44508978997538273,0.0,CORREGIDO_ANCLA_OBSERVADO,1.2461271212826186,5.391433121704766,2.0726530002110737,480.0,OK_CALIBRADO
2026-10-09,SANTA MARIA DE NANAY,30.0,2026-10-08,2026-11-01,60,24,3.4081251964998245,2.7312338956952638,3.4081251964998245,3.22,5.438799098913506,1.9409751964998239,4.875275196499825,HIBRIDO_ANALOGO_CLIM,ANALOGO_ESTADO_V2_CONFORMAL,30,10,2.405647860107533,OK_ANALOGOS_CONTINUIDAD_CORREGIDA,0.44508978997538273,-0.44508978997538273,0.0,CORREGIDO_ANCLA_OBSERVADO,1.3354721962887508,5.480778196710898,2.0726530002110737,480.0,OK_CALIBRADO
2026-10-09,SANTA MARIA DE NANAY,30.0,2026-10-08,2026-11-02,60,25,3.4672046201873696,2.7975249791305092,3.4672046201873696,3.22,5.476243543357951,2.163154620187369,4.771254620187371,HIBRIDO_ANALOGO_CLIM,ANALOGO_ESTADO_V2_CONFORMAL,30,10,2.405647860107533,OK_ANALOGOS_CONTINUIDAD_CORREGIDA,0.44508978997538273,-0.44508978997538273,0.0,CORREGIDO_ANCLA_OBSERVADO,1.394551619976296,5.539857620398443,2.0726530002110737,480.0,OK_CALIBRADO
2026-10-09,SANTA MARIA DE NANAY,30.0,2026-10-08,2026-11-03,60,26,3.5171293869459537,2.852276519993807,3.5171293869459537,3.22,5.511687987802395,2.351629386945954,4.682629386945953,HIBRIDO_ANALOGO_CLIM,ANALOGO_ESTADO_V2_CONFORMAL,30,10,2.405647860107533,OK_ANALOGOS_CONTINUIDAD_CORREGIDA,0.44508978997538273,-0.44508978997538273,0.0,CORREGIDO_ANCLA_OBSERVADO,1.44447638673488,5.589782387157028,2.0726530002110737,480.0,OK_CALIBRADO
2026-10-09,SANTA MARIA DE NANAY,30.0,2026-10-08,2026-11-04,60,27,3.541441731300894,2.902989275430023,3.541441731300894,3.22,5.456799098913507,2.3931917313008944,4.6896917313008935,HIBRIDO_ANALOGO_CLIM,ANALOGO_ESTADO_V2_CONFORMAL,30,10,2.405647860107533,OK_ANALOGOS_CONTINUIDAD_CORREGIDA,0.44508978997538273,-0.44508978997538273,0.0,CORREGIDO_ANCLA_OBSERVADO,1.4687887310898202,5.614094731511967,2.0726530002110737,480.0,OK_CALIBRADO
2026-10-09,SANTA MARIA DE NANAY,30.0,2026-10-08,2026-11-05,60,28,3.4806739625806045,2.8436692875066742,3.4806739625806045,3.22,5.3916879878023956,2.3059239625806045,4.655423962580604,HIBRIDO_ANALOGO_CLIM,ANALOGO_ESTADO_V2_CONFORMAL,30,10,2.405647860107533,OK_ANALOGOS_CONTINUIDAD_CORREGIDA,0.44508978997538273,-0.44508978997538273,0.0,CORREGIDO_ANCLA_OBSERVADO,1.4080209623695308,5.553326962791678,2.0726530002110737,480.0,OK_CALIBRADO
2026-10-09,SANTA MARIA DE NANAY,30.0,2026-10-08,2026-11-06,60,29,3.422206167639988,2.773452968326593,3.422206167639988,3.22,5.368465765580174,2.242206167639988,4.602206167639988,HIBRIDO_ANALOGO_CLIM,ANALOGO_ESTADO_V2_CONFORMAL,30,10,2.405647860107533,OK_ANALOGOS_CONTINUIDAD_CORREGIDA,0.44508978997538273,-0.44508978997538273,0.0,CORREGIDO_ANCLA_OBSERVADO,1.3495531674289145,5.494859167851062,2.0726530002110737,480.0,OK_CALIBRADO
2026-10-09,SANTA MARIA DE NANAY,30.0,2026-10-08,2026-11-07,60,30,3.4105161245813993,2.745977355359586,3.4105161245813993,3.22,5.40413243224684,2.200166124581399,4.620866124581399,HIBRIDO_ANALOGO_CLIM,ANALOGO_ESTADO_V2_CONFORMAL,30,10,2.405647860107533,OK_ANALOGOS_CONTINUIDAD_CORREGIDA,0.44508978997538273,-0.44508978997538273,0.0,CORREGIDO_ANCLA_OBSERVADO,1.3378631243703256,5.483169124792473,2.0726530002110737,480.0,OK_CALIBRADO
2026-10-09,SANTA MARIA DE NANAY,30.0,2026-10-08,2026-11-08,60,31,3.460928345325742,2.785668744513025,3.460928345325742,3.22,5.399576876691285,2.188278345325742,4.733578345325743,HIBRIDO_ANALOGO_CLIM,ANALOGO_ESTADO_V2_CONFORMAL,30,10,2.405647860107533,OK_ANALOGOS_CONTINUIDAD_CORREGIDA,0.44508978997538273,-0.44508978997538273,0.0,CORREGIDO_ANCLA_OBSERVADO,1.388275345114668,5.533581345536815,2.0726530002110737,480.0,OK_CALIBRADO
2026-10-09,SANTA MARIA DE NANAY,30.0,2026-10-08,2026-11-09,60,32,3.544447991831288,2.8813304175387646,3.544447991831288,3.22,5.368021321135728,1.9747979918312875,5.114097991831288,HIBRIDO_ANALOGO_CLIM,ANALOGO_ESTADO_V2_CONFORMAL,30,10,2.405647860107533,OK_ANALOGOS_CONTINUIDAD_CORREGIDA,0.44508978997538273,-0.44508978997538273,0.0,CORREGIDO_ANCLA_OBSERVADO,1.4717949916202144,5.617100992042362,2.0726530002110737,480.0,OK_CALIBRADO
2026-10-09,SANTA MARIA DE NANAY,30.0,2026-10-08,2026-11-10,60,33,3.693278361930482,3.073077009588262,3.693278361930482,3.22,5.328354654469061,1.954278361930482,5.432278361930482,HIBRIDO_ANALOGO_CLIM,ANALOGO_ESTADO_V2_CONFORMAL,30,10,2.405647860107533,OK_ANALOGOS_CONTINUIDAD_CORREGIDA,0.44508978997538273,-0.44508978997538273,0.0,CORREGIDO_ANCLA_OBSERVADO,1.6206253617194082,5.765931362141556,2.0726530002110737,480.0,OK_CALIBRADO
2026-10-09,SANTA MARIA DE NANAY,30.0,2026-10-08,2026-11-11,60,34,3.8370381047592326,3.262822517923047,3.8370381047592326,3.22,5.289465765580173,2.0963881047592325,5.577688104759233,HIBRIDO_ANALOGO_CLIM,ANALOGO_ESTADO_V2_CONFORMAL,30,10,2.405647860107533,OK_ANALOGOS_CONTINUIDAD_CORREGIDA,0.44508978997538273,-0.44508978997538273,0.0,CORREGIDO_ANCLA_OBSERVADO,1.764385104548159,5.909691104970307,2.0726530002110737,480.0,OK_CALIBRADO
2026-10-09,SANTA MARIA DE NANAY,30.0,2026-10-08,2026-11-12,60,35,3.949100283138987,3.4314073067089557,3.949100283138987,3.22,5.206354654469061,2.1132002831389873,5.785000283138988,HIBRIDO_ANALOGO_CLIM,ANALOGO_ESTADO_V2_CONFORMAL,30,10,2.405647860107533,OK_ANALOGOS_CONTINUIDAD_CORREGIDA,0.44508978997538273,-0.44508978997538273,0.0,CORREGIDO_ANCLA_OBSERVADO,1.8764472829279133,6.02175328335006,2.0726530002110737,480.0,OK_CALIBRADO
2026-10-09,SANTA MARIA DE NANAY,30.0,2026-10-08,2026-11-13,60,36,3.9467357529119718,3.4400895570065524,3.9467357529119718,3.22,5.1289102100246176,2.026235752911972,5.867235752911972,HIBRIDO_ANALOGO_CLIM,ANALOGO_ESTADO_V2_CONFORMAL,30,10,2.405647860107533,OK_ANALOGOS_CONTINUIDAD_CORREGIDA,0.44508978997538273,-0.44508978997538273,0.0,CORREGIDO_ANCLA_OBSERVADO,1.874082752700898,6.019388753123046,2.0726530002110737,480.0,OK_CALIBRADO
2026-10-09,SANTA MARIA DE NANAY,30.0,2026-10-08,2026-11-14,60,37,3.962836226689094,3.448295214037515,3.962836226689094,3.22,5.117076876691284,1.9398362266890934,5.985836226689095,HIBRIDO_ANALOGO_CLIM,ANALOGO_ESTADO_V2_CONFORMAL,30,10,2.405647860107533,OK_ANALOGOS_CONTINUIDAD_CORREGIDA,0.44508978997538273,-0.44508978997538273,0.0,CORREGIDO_ANCLA_OBSERVADO,1.8901832264780203,6.035489226900168,2.0726530002110737,480.0,OK_CALIBRADO
2026-10-09,SANTA MARIA DE NANAY,30.0,2026-10-08,2026-11-15,60,38,3.964423958363859,3.3922419826619903,3.964423958363859,3.22,5.19913243224684,1.7345239583638588,6.19432395836386,HIBRIDO_ANALOGO_CLIM,ANALOGO_ESTADO_V2_CONFORMAL,30,10,2.405647860107533,OK_ANALOGOS_CONTINUIDAD_CORREGIDA,0.44508978997538273,-0.44508978997538273,0.0,CORREGIDO_ANCLA_OBSERVADO,1.8917709581527853,6.037076958574932,2.0726530002110737,480.0,OK_CALIBRADO
2026-10-09,SANTA MARIA DE NANAY,30.0,2026-10-08,2026-11-16,60,39,3.969235882594449,3.3485490665066724,3.969235882594449,3.22,5.258354654469063,1.683735882594449,6.254735882594449,HIBRIDO_ANALOGO_CLIM,ANALOGO_ESTADO_V2_CONFORMAL,30,10,2.405647860107533,OK_ANALOGOS_CONTINUIDAD_CORREGIDA,0.44508978997538273,-0.44508978997538273,0.0,CORREGIDO_ANCLA_OBSERVADO,1.8965828823833752,6.041888882805523,2.0726530002110737,480.0,OK_CALIBRADO
2026-10-09,SANTA MARIA DE NANAY,30.0,2026-10-08,2026-11-17,60,40,3.9575280611738397,3.2717814311928963,3.9575280611738397,3.22,5.329021321135729,1.70012806117384,6.21492806117384,HIBRIDO_ANALOGO_CLIM,ANALOGO_ESTADO_V2_CONFORMAL,30,10,2.405647860107533,OK_ANALOGOS_CONTINUIDAD_CORREGIDA,0.44508978997538273,-0.44508978997538273,0.0,CORREGIDO_ANCLA_OBSERVADO,1.884875060962766,6.030181061384914,2.0726530002110737,480.0,OK_CALIBRADO
2026-10-09,SANTA MARIA DE NANAY,30.0,2026-10-08,2026-11-18,60,41,3.976965937086263,3.2549104705401968,3.976965937086263,3.22,5.36824354335795,1.7340659370862634,6.219865937086263,HIBRIDO_ANALOGO_CLIM,ANALOGO_ESTADO_V2_CONFORMAL,30,10,2.405647860107533,OK_ANALOGOS_CONTINUIDAD_CORREGIDA,0.44508978997538273,-0.44508978997538273,0.0,CORREGIDO_ANCLA_OBSERVADO,1.9043129368751894,6.049618937297337,2.0726530002110737,480.0,OK_CALIBRADO
2026-10-09,SANTA MARIA DE NANAY,30.0,2026-10-08,2026-11-19,60,42,3.986751648650493,3.258696183978956,3.986751648650493,3.22,5.338854654469062,1.9646016486504925,6.008901648650493,HIBRIDO_ANALOGO_CLIM,ANALOGO_ESTADO_V2_CONFORMAL,30,10,2.405647860107533,OK_ANALOGOS_CONTINUIDAD_CORREGIDA,0.44508978997538273,-0.44508978997538273,0.0,CORREGIDO_ANCLA_OBSERVADO,1.9140986484394191,6.059404648861566,2.0726530002110737,480.0,OK_CALIBRADO
2026-10-09,SANTA MARIA DE NANAY,30.0,2026-10-08,2026-11-20,60,43,4.018101314413862,3.304023330862111,4.018101314413862,3.22,5.296799098913507,2.0400013144138613,5.996201314413861,HIBRIDO_ANALOGO_CLIM,ANALOGO_ESTADO_V2_CONFORMAL,30,10,2.405647860107533,OK_ANALOGOS_CONTINUIDAD_CORREGIDA,0.44508978997538273,-0.44508978997538273,0.0,CORREGIDO_ANCLA_OBSERVADO,1.945448314202788,6.090754314624935,2.0726530002110737,480.0,OK_CALIBRADO
2026-10-09,SANTA MARIA DE NANAY,30.0,2026-10-08,2026-11-21,60,44,4.08406946970088,3.370383894893571,4.08406946970088,3.22,5.316799098913506,1.6974694697008812,6.47066946970088,HIBRIDO_ANALOGO_CLIM,ANALOGO_ESTADO_V2_CONFORMAL,30,10,2.405647860107533,OK_ANALOGOS_CONTINUIDAD_CORREGIDA,0.44508978997538273,-0.44508978997538273,0.0,CORREGIDO_ANCLA_OBSERVADO,2.0114164694898067,6.156722469911954,2.0726530002110737,480.0,OK_CALIBRADO
2026-10-09,SANTA MARIA DE NANAY,30.0,2026-10-08,2026-11-22,60,45,4.1977458835986905,3.472313954409801,4.1977458835986905,3.22,5.406799098913506,1.3963958835986898,6.99909588359869,HIBRIDO_ANALOGO_CLIM,ANALOGO_ESTADO_V2_CONFORMAL,30,10,2.405647860107533,OK_ANALOGOS_CONTINUIDAD_CORREGIDA,0.44508978997538273,-0.44508978997538273,0.0,CORREGIDO_ANCLA_OBSERVADO,2.125092883387617,6.270398883809764,2.0726530002110737,480.0,OK_CALIBRADO
2026-10-09,SANTA MARIA DE NANAY,30.0,2026-10-08,2026-11-23,60,46,4.3025806700674245,3.5959373824664067,4.3025806700674245,3.22,5.439354654469062,1.1474806700674243,7.457680670067424,HIBRIDO_ANALOGO_CLIM,ANALOGO_ESTADO_V2_CONFORMAL,30,10,2.405647860107533,OK_ANALOGOS_CONTINUIDAD_CORREGIDA,0.44508978997538273,-0.44508978997538273,0.0,CORREGIDO_ANCLA_OBSERVADO,2.229927669856351,6.375233670278498,2.0726530002110737,480.0,OK_CALIBRADO
2026-10-09,SANTA MARIA DE NANAY,30.0,2026-10-08,2026-11-24,60,47,4.371554099508176,3.6729777909108328,4.371554099508176,3.22,5.456576876691283,0.9522040995081749,7.790904099508175,HIBRIDO_ANALOGO_CLIM,ANALOGO_ESTADO_V2_CONFORMAL,30,10,2.405647860107533,OK_ANALOGOS_CONTINUIDAD_CORREGIDA,0.44508978997538273,-0.44508978997538273,0.0,CORREGIDO_ANCLA_OBSERVADO,2.298901099297102,6.444207099719249,2.0726530002110737,480.0,OK_CALIBRADO
2026-10-09,SANTA MARIA DE NANAY,30.0,2026-10-08,2026-11-25,60,48,4.413312918933265,3.707433243390882,4.413312918933265,3.22,5.472132432246839,0.8249129189332651,8.001712918933265,HIBRIDO_ANALOGO_CLIM,ANALOGO_ESTADO_V2_CONFORMAL,30,10,2.405647860107533,OK_ANALOGOS_CONTINUIDAD_CORREGIDA,0.44508978997538273,-0.44508978997538273,0.0,CORREGIDO_ANCLA_OBSERVADO,2.3406599187221913,6.485965919144339,2.0726530002110737,480.0,OK_CALIBRADO
2026-10-09,SANTA MARIA DE NANAY,30.0,2026-10-08,2026-11-26,60,49,4.445771598030895,3.7517776576721587,4.445771598030895,3.22,5.451354654469062,1.0009715980308949,7.890571598030894,HIBRIDO_ANALOGO_CLIM,ANALOGO_ESTADO_V2_CONFORMAL,30,10,2.405647860107533,OK_ANALOGOS_CONTINUIDAD_CORREGIDA,0.44508978997538273,-0.44508978997538273,0.0,CORREGIDO_ANCLA_OBSERVADO,2.373118597819821,6.518424598241968,2.0726530002110737,480.0,OK_CALIBRADO
2026-10-09,SANTA MARIA DE NANAY,30.0,2026-10-08,2026-11-27,60,50,4.540283411138349,3.8262642690767286,4.540283411138349,3.22,5.539910210024617,1.6496334111383484,7.430933411138348,HIBRIDO_ANALOGO_CLIM,ANALOGO_ESTADO_V2_CONFORMAL,30,10,2.405647860107533,OK_ANALOGOS_CONTINUIDAD_CORREGIDA,0.44508978997538273,-0.44508978997538273,0.0,CORREGIDO_ANCLA_OBSERVADO,2.467630410927275,6.6129364113494224,2.0726530002110737,480.0,OK_CALIBRADO
2026-10-09,SANTA MARIA DE NANAY,30.0,2026-10-08,2026-11-28,60,51,4.586015485165879,3.8468807368403364,4.586015485165879,3.22,5.586021321135728,2.015615485165879,7.156415485165878,HIBRIDO_ANALOGO_CLIM,ANALOGO_ESTADO_V2_CONFORMAL,30,10,2.405647860107533,OK_ANALOGOS_CONTINUIDAD_CORREGIDA,0.44508978997538273,-0.44508978997538273,0.0,CORREGIDO_ANCLA_OBSERVADO,2.513362484954805,6.658668485376952,2.0726530002110737,480.0,OK_CALIBRADO
2026-10-09,SANTA MARIA DE NANAY,30.0,2026-10-08,2026-11-29,60,52,4.629122483366306,3.874095267555701,4.629122483366306,3.22,5.616465765580173,1.9608224833663055,7.297422483366304,HIBRIDO_ANALOGO_CLIM,ANALOGO_ESTADO_V2_CONFORMAL,30,10,2.405647860107533,OK_ANALOGOS_CONTINUIDAD_CORREGIDA,0.44508978997538273,-0.44508978997538273,0.0,CORREGIDO_ANCLA_OBSERVADO,2.556469483155232,6.7017754835773795,2.0726530002110737,480.0,OK_CALIBRADO
2026-10-09,SANTA MARIA DE NANAY,30.0,2026-10-08,2026-11-30,60,53,4.689991433932848,3.917468621004532,4.689991433932848,3.22,5.666576876691284,1.7863414339328472,7.593641433932847,HIBRIDO_ANALOGO_CLIM,ANALOGO_ESTADO_V2_CONFORMAL,30,10,2.405647860107533,OK_ANALOGOS_CONTINUIDAD_CORREGIDA,0.44508978997538273,-0.44508978997538273,0.0,CORREGIDO_ANCLA_OBSERVADO,2.617338433721774,6.762644434143922,2.0726530002110737,480.0,OK_CALIBRADO
2026-10-09,SANTA MARIA DE NANAY,30.0,2026-10-08,2026-12-01,60,54,4.797973538354642,3.987570806988296,4.797973538354642,3.22,5.788465765580174,1.6238235383546402,7.9721235383546425,HIBRIDO_ANALOGO_CLIM,ANALOGO_ESTADO_V2_CONFORMAL,30,10,2.405647860107533,OK_ANALOGOS_CONTINUIDAD_CORREGIDA,0.44508978997538273,-0.44508978997538273,0.0,CORREGIDO_ANCLA_OBSERVADO,2.725320538143568,6.870626538565715,2.0726530002110737,480.0,OK_CALIBRADO
2026-10-09,SANTA MARIA DE NANAY,30.0,2026-10-08,2026-12-02,60,55,4.896586426008255,4.036808181413212,4.896586426008255,3.22,5.912687987802395,1.661186426008256,8.131986426008256,HIBRIDO_ANALOGO_CLIM,ANALOGO_ESTADO_V2_CONFORMAL,30,10,2.405647860107533,OK_ANALOGOS_CONTINUIDAD_CORREGIDA,0.44508978997538273,-0.44508978997538273,0.0,CORREGIDO_ANCLA_OBSERVADO,2.8239334257971818,6.969239426219329,2.0726530002110737,480.0,OK_CALIBRADO
2026-10-09,SANTA MARIA DE NANAY,30.0,2026-10-08,2026-12-03,60,56,4.919085383634549,4.040738660543239,4.919085383634549,3.22,5.922910210024616,1.6164353836345486,8.221735383634549,HIBRIDO_ANALOGO_CLIM,ANALOGO_ESTADO_V2_CONFORMAL,30,10,2.405647860107533,OK_ANALOGOS_CONTINUIDAD_CORREGIDA,0.44508978997538273,-0.44508978997538273,0.0,CORREGIDO_ANCLA_OBSERVADO,2.8464323834234753,6.991738383845623,2.0726530002110737,480.0,OK_CALIBRADO
2026-10-09,SANTA MARIA DE NANAY,30.0,2026-10-08,2026-12-04,60,57,4.9344994357904035,4.018910851694896,4.9344994357904035,3.22,5.946465765580173,1.6930994357904035,8.175899435790404,HIBRIDO_ANALOGO_CLIM,ANALOGO_ESTADO_V2_CONFORMAL,30,10,2.405647860107533,OK_ANALOGOS_CONTINUIDAD_CORREGIDA,0.44508978997538273,-0.44508978997538273,0.0,CORREGIDO_ANCLA_OBSERVADO,2.86184643557933,7.007152436001477,2.0726530002110737,480.0,OK_CALIBRADO
2026-10-09,SANTA MARIA DE NANAY,30.0,2026-10-08,2026-12-05,60,58,4.96576289255707,4.067248735356246,4.96576289255707,3.22,5.92624354335795,1.77036289255707,8.161162892557071,HIBRIDO_ANALOGO_CLIM,ANALOGO_ESTADO_V2_CONFORMAL,30,10,2.405647860107533,OK_ANALOGOS_CONTINUIDAD_CORREGIDA,0.44508978997538273,-0.44508978997538273,0.0,CORREGIDO_ANCLA_OBSERVADO,2.893109892345996,7.0384158927681435,2.0726530002110737,480.0,OK_CALIBRADO
2026-10-09,SANTA MARIA DE NANAY,30.0,2026-10-08,2026-12-06,60,59,5.0371367223441155,4.181372201472811,5.0371367223441155,3.22,5.921910210024617,1.9100867223441158,8.164186722344118,HIBRIDO_ANALOGO_CLIM,ANALOGO_ESTADO_V2_CONFORMAL,30,10,2.405647860107533,OK_ANALOGOS_CONTINUIDAD_CORREGIDA,0.44508978997538273,-0.44508978997538273,0.0,CORREGIDO_ANCLA_OBSERVADO,2.964483722133042,7.109789722555189,2.0726530002110737,480.0,OK_CALIBRADO
2026-10-09,SANTA MARIA DE NANAY,30.0,2026-10-08,2026-12-07,60,60,5.091873723786792,4.253726126437856,5.091873723786792,3.22,5.930021321135728,2.081323723786792,8.102423723786794,HIBRIDO_ANALOGO_CLIM,ANALOGO_ESTADO_V2_CONFORMAL,30,10,2.405647860107533,OK_ANALOGOS_CONTINUIDAD_CORREGIDA,0.44508978997538273,-0.44508978997538273,0.0,CORREGIDO_ANCLA_OBSERVADO,3.0192207235757182,7.164526723997866,2.0726530002110737,480.0,OK_CALIBRADO
2026-10-09,SANTA MARIA DE NANAY,30.0,2026-10-08,2026-10-09,90,1,3.22,2.7008374405908016,3.22,3.22,4.777487678227596,2.9665,3.4735,HIBRIDO_ANALOGO_CLIM,ANALOGO_ESTADO_V2_CONFORMAL,30,10,2.406007127113363,OK_ANALOGOS_CONTINUIDAD_CORREGIDA,0.4401234328835155,-0.4401234328835155,0.0,CORREGIDO_ANCLA_OBSERVADO,1.2090501557878266,5.230949844212174,2.0109498442121736,720.0,OK_CALIBRADO
2026-10-09,SANTA MARIA DE NANAY,30.0,2026-10-08,2026-10-10,90,2,3.1837317066167308,2.6164797160797755,3.1837317066167308,3.22,4.885487678227596,2.6522317066167305,3.7152317066167306,HIBRIDO_ANALOGO_CLIM,ANALOGO_ESTADO_V2_CONFORMAL,30,10,2.406007127113363,OK_ANALOGOS_CONTINUIDAD_CORREGIDA,0.4401234328835155,-0.4401234328835155,0.0,CORREGIDO_ANCLA_OBSERVADO,1.1727818624045572,5.194681550828904,2.0109498442121736,720.0,OK_CALIBRADO
2026-10-09,SANTA MARIA DE NANAY,30.0,2026-10-08,2026-10-11,90,3,3.2118564376701233,2.6272571352620773,3.2118564376701233,3.22,4.965654344894262,2.5432564376701228,3.880456437670124,HIBRIDO_ANALOGO_CLIM,ANALOGO_ESTADO_V2_CONFORMAL,30,10,2.406007127113363,OK_ANALOGOS_CONTINUIDAD_CORREGIDA,0.4401234328835155,-0.4401234328835155,0.0,CORREGIDO_ANCLA_OBSERVADO,1.2009065934579497,5.222806281882297,2.0109498442121736,720.0,OK_CALIBRADO
2026-10-09,SANTA MARIA DE NANAY,30.0,2026-10-08,2026-10-12,90,4,3.2489038638287844,2.660690740510662,3.2489038638287844,3.22,5.013543233783151,2.4110038638287845,4.086803863828784,HIBRIDO_ANALOGO_CLIM,ANALOGO_ESTADO_V2_CONFORMAL,30,10,2.406007127113363,OK_ANALOGOS_CONTINUIDAD_CORREGIDA,0.4401234328835155,-0.4401234328835155,0.0,CORREGIDO_ANCLA_OBSERVADO,1.2379540196166108,5.259853708040958,2.0109498442121736,720.0,OK_CALIBRADO
2026-10-09,SANTA MARIA DE NANAY,30.0,2026-10-08,2026-10-13,90,5,3.2471968416314057,2.646414710914157,3.2471968416314057,3.22,5.049543233783151,2.304446841631406,4.189946841631405,HIBRIDO_ANALOGO_CLIM,ANALOGO_ESTADO_V2_CONFORMAL,30,10,2.406007127113363,OK_ANALOGOS_CONTINUIDAD_CORREGIDA,0.4401234328835155,-0.4401234328835155,0.0,CORREGIDO_ANCLA_OBSERVADO,1.236246997419232,5.258146685843579,2.0109498442121736,720.0,OK_CALIBRADO
2026-10-09,SANTA MARIA DE NANAY,30.0,2026-10-08,2026-10-14,90,6,3.2456111697906653,2.641078259570948,3.2456111697906653,3.22,5.059209900449818,2.192611169790666,4.298611169790664,HIBRIDO_ANALOGO_CLIM,ANALOGO_ESTADO_V2_CONFORMAL,30,10,2.406007127113363,OK_ANALOGOS_CONTINUIDAD_CORREGIDA,0.4401234328835155,-0.4401234328835155,0.0,CORREGIDO_ANCLA_OBSERVADO,1.2346613255784917,5.256561014002839,2.0109498442121736,720.0,OK_CALIBRADO
2026-10-09,SANTA MARIA DE NANAY,30.0,2026-10-08,2026-10-15,90,7,3.2368164089591795,2.636240800684522,3.2368164089591795,3.22,5.038543233783151,2.1218164089591802,4.351816408959179,HIBRIDO_ANALOGO_CLIM,ANALOGO_ESTADO_V2_CONFORMAL,30,10,2.406007127113363,OK_ANALOGOS_CONTINUIDAD_CORREGIDA,0.4401234328835155,-0.4401234328835155,0.0,CORREGIDO_ANCLA_OBSERVADO,1.225866564747006,5.247766253171353,2.0109498442121736,720.0,OK_CALIBRADO
2026-10-09,SANTA MARIA DE NANAY,30.0,2026-10-08,2026-10-16,90,8,3.233423058570474,2.619753370536618,3.233423058570474,3.22,5.07443212267204,2.075173058570474,4.391673058570474,HIBRIDO_ANALOGO_CLIM,ANALOGO_ESTADO_V2_CONFORMAL,30,10,2.406007127113363,OK_ANALOGOS_CONTINUIDAD_CORREGIDA,0.4401234328835155,-0.4401234328835155,0.0,CORREGIDO_ANCLA_OBSERVADO,1.2224732143583004,5.244372902782647,2.0109498442121736,720.0,OK_CALIBRADO
2026-10-09,SANTA MARIA DE NANAY,30.0,2026-10-08,2026-10-17,90,9,3.214343331248716,2.572313734107608,3.214343331248716,3.22,5.14043212267204,1.9249433312487159,4.503743331248716,HIBRIDO_ANALOGO_CLIM,ANALOGO_ESTADO_V2_CONFORMAL,30,10,2.406007127113363,OK_ANALOGOS_CONTINUIDAD_CORREGIDA,0.4401234328835155,-0.4401234328835155,0.0,CORREGIDO_ANCLA_OBSERVADO,1.2033934870365424,5.225293175460889,2.0109498442121736,720.0,OK_CALIBRADO
2026-10-09,SANTA MARIA DE NANAY,30.0,2026-10-08,2026-10-18,90,10,3.2548318199608484,2.614113200538599,3.2548318199608484,3.22,5.176987678227595,1.9868318199608486,4.522831819960848,HIBRIDO_ANALOGO_CLIM,ANALOGO_ESTADO_V2_CONFORMAL,30,10,2.406007127113363,OK_ANALOGOS_CONTINUIDAD_CORREGIDA,0.4401234328835155,-0.4401234328835155,0.0,CORREGIDO_ANCLA_OBSERVADO,1.2438819757486748,5.265781664173022,2.0109498442121736,720.0,OK_CALIBRADO
2026-10-09,SANTA MARIA DE NANAY,30.0,2026-10-08,2026-10-19,90,11,3.3009325071227567,2.665580783421144,3.3009325071227567,3.22,5.206987678227596,2.2559325071227563,4.345932507122757,HIBRIDO_ANALOGO_CLIM,ANALOGO_ESTADO_V2_CONFORMAL,30,10,2.406007127113363,OK_ANALOGOS_CONTINUIDAD_CORREGIDA,0.4401234328835155,-0.4401234328835155,0.0,CORREGIDO_ANCLA_OBSERVADO,1.289982662910583,5.31188235133493,2.0109498442121736,720.0,OK_CALIBRADO
2026-10-09,SANTA MARIA DE NANAY,30.0,2026-10-08,2026-10-20,90,12,3.317426577708004,2.701721025682955,3.317426577708004,3.22,5.164543233783151,2.272676577708004,4.362176577708004,HIBRIDO_ANALOGO_CLIM,ANALOGO_ESTADO_V2_CONFORMAL,30,10,2.406007127113363,OK_ANALOGOS_CONTINUIDAD_CORREGIDA,0.4401234328835155,-0.4401234328835155,0.0,CORREGIDO_ANCLA_OBSERVADO,1.3064767334958303,5.3283764219201775,2.0109498442121736,720.0,OK_CALIBRADO
2026-10-09,SANTA MARIA DE NANAY,30.0,2026-10-08,2026-10-21,90,13,3.316563310515223,2.716792224981469,3.316563310515223,3.22,5.1158765671164845,2.2818133105152225,4.351313310515223,HIBRIDO_ANALOGO_CLIM,ANALOGO_ESTADO_V2_CONFORMAL,30,10,2.406007127113363,OK_ANALOGOS_CONTINUIDAD_CORREGIDA,0.4401234328835155,-0.4401234328835155,0.0,CORREGIDO_ANCLA_OBSERVADO,1.3056134663030492,5.327513154727397,2.0109498442121736,720.0,OK_CALIBRADO
2026-10-09,SANTA MARIA DE NANAY,30.0,2026-10-08,2026-10-22,90,14,3.2662587923930717,2.6691639785963783,3.2662587923930717,3.22,5.057543233783151,2.240408792393072,4.292108792393072,HIBRIDO_ANALOGO_CLIM,ANALOGO_ESTADO_V2_CONFORMAL,30,10,2.406007127113363,OK_ANALOGOS_CONTINUIDAD_CORREGIDA,0.4401234328835155,-0.4401234328835155,0.0,CORREGIDO_ANCLA_OBSERVADO,1.255308948180898,5.277208636605245,2.0109498442121736,720.0,OK_CALIBRADO
2026-10-09,SANTA MARIA DE NANAY,30.0,2026-10-08,2026-10-23,90,15,3.250822284523272,2.654804190325535,3.250822284523272,3.22,5.038876567116485,2.278822284523272,4.2228222845232715,HIBRIDO_ANALOGO_CLIM,ANALOGO_ESTADO_V2_CONFORMAL,30,10,2.406007127113363,OK_ANALOGOS_CONTINUIDAD_CORREGIDA,0.4401234328835155,-0.4401234328835155,0.0,CORREGIDO_ANCLA_OBSERVADO,1.2398724403110983,5.261772128735446,2.0109498442121736,720.0,OK_CALIBRADO
2026-10-09,SANTA MARIA DE NANAY,30.0,2026-10-08,2026-10-24,90,16,3.242064952235152,2.620387006533968,3.242064952235152,3.22,5.107098789338706,2.283814952235152,4.200314952235152,HIBRIDO_ANALOGO_CLIM,ANALOGO_ESTADO_V2_CONFORMAL,30,10,2.406007127113363,OK_ANALOGOS_CONTINUIDAD_CORREGIDA,0.4401234328835155,-0.4401234328835155,0.0,CORREGIDO_ANCLA_OBSERVADO,1.2311151080229785,5.253014796447326,2.0109498442121736,720.0,OK_CALIBRADO
2026-10-09,SANTA MARIA DE NANAY,30.0,2026-10-08,2026-10-25,90,17,3.254477867514157,2.6297153380170846,3.254477867514157,3.22,5.1287654560053735,2.217427867514157,4.291527867514157,HIBRIDO_ANALOGO_CLIM,ANALOGO_ESTADO_V2_CONFORMAL,30,10,2.406007127113363,OK_ANALOGOS_CONTINUIDAD_CORREGIDA,0.4401234328835155,-0.4401234328835155,0.0,CORREGIDO_ANCLA_OBSERVADO,1.2435280233019834,5.26542771172633,2.0109498442121736,720.0,OK_CALIBRADO
2026-10-09,SANTA MARIA DE NANAY,30.0,2026-10-08,2026-10-26,90,18,3.3196720751833837,2.7188631704649433,3.3196720751833837,3.22,5.122098789338707,2.2101720751833844,4.429172075183383,HIBRIDO_ANALOGO_CLIM,ANALOGO_ESTADO_V2_CONFORMAL,30,10,2.406007127113363,OK_ANALOGOS_CONTINUIDAD_CORREGIDA,0.4401234328835155,-0.4401234328835155,0.0,CORREGIDO_ANCLA_OBSERVADO,1.30872223097121,5.330621919395558,2.0109498442121736,720.0,OK_CALIBRADO
2026-10-09,SANTA MARIA DE NANAY,30.0,2026-10-08,2026-10-27,90,19,3.3802187832213977,2.8001847071082206,3.3802187832213977,3.22,5.120321011560929,2.169968783221398,4.5904687832213975,HIBRIDO_ANALOGO_CLIM,ANALOGO_ESTADO_V2_CONFORMAL,30,10,2.406007127113363,OK_ANALOGOS_CONTINUIDAD_CORREGIDA,0.4401234328835155,-0.4401234328835155,0.0,CORREGIDO_ANCLA_OBSERVADO,1.369268939009224,5.391168627433571,2.0109498442121736,720.0,OK_CALIBRADO
2026-10-09,SANTA MARIA DE NANAY,30.0,2026-10-08,2026-10-28,90,20,3.4680979367845843,2.9076902451924695,3.4680979367845843,3.22,5.149321011560929,2.2463479367845847,4.6898479367845844,HIBRIDO_ANALOGO_CLIM,ANALOGO_ESTADO_V2_CONFORMAL,30,10,2.406007127113363,OK_ANALOGOS_CONTINUIDAD_CORREGIDA,0.4401234328835155,-0.4401234328835155,0.0,CORREGIDO_ANCLA_OBSERVADO,1.4571480925724107,5.479047780996758,2.0109498442121736,720.0,OK_CALIBRADO
2026-10-09,SANTA MARIA DE NANAY,30.0,2026-10-08,2026-10-29,90,21,3.4945495642479276,2.930810933662112,3.4945495642479276,3.22,5.185765456005373,2.312049564247928,4.677049564247927,HIBRIDO_ANALOGO_CLIM,ANALOGO_ESTADO_V2_CONFORMAL,30,10,2.406007127113363,OK_ANALOGOS_CONTINUIDAD_CORREGIDA,0.4401234328835155,-0.4401234328835155,0.0,CORREGIDO_ANCLA_OBSERVADO,1.483599720035754,5.505499408460102,2.0109498442121736,720.0,OK_CALIBRADO
2026-10-09,SANTA MARIA DE NANAY,30.0,2026-10-08,2026-10-30,90,22,3.463092282956141,2.859553077124915,3.463092282956141,3.22,5.273709900449818,2.0725422829561406,4.853642282956141,HIBRIDO_ANALOGO_CLIM,ANALOGO_ESTADO_V2_CONFORMAL,30,10,2.406007127113363,OK_ANALOGOS_CONTINUIDAD_CORREGIDA,0.4401234328835155,-0.4401234328835155,0.0,CORREGIDO_ANCLA_OBSERVADO,1.4521424387439672,5.474042127168314,2.0109498442121736,720.0,OK_CALIBRADO
2026-10-09,SANTA MARIA DE NANAY,30.0,2026-10-08,2026-10-31,90,23,3.431904520447844,2.800728653039779,3.431904520447844,3.22,5.32543212267204,1.9559045204478442,4.907904520447845,HIBRIDO_ANALOGO_CLIM,ANALOGO_ESTADO_V2_CONFORMAL,30,10,2.406007127113363,OK_ANALOGOS_CONTINUIDAD_CORREGIDA,0.4401234328835155,-0.4401234328835155,0.0,CORREGIDO_ANCLA_OBSERVADO,1.4209546762356706,5.442854364660018,2.0109498442121736,720.0,OK_CALIBRADO
2026-10-09,SANTA MARIA DE NANAY,30.0,2026-10-08,2026-11-01,90,24,3.508809301209609,2.863823916277688,3.508809301209609,3.22,5.443765456005373,2.0416593012096085,4.97595930120961,HIBRIDO_ANALOGO_CLIM,ANALOGO_ESTADO_V2_CONFORMAL,30,10,2.406007127113363,OK_ANALOGOS_CONTINUIDAD_CORREGIDA,0.4401234328835155,-0.4401234328835155,0.0,CORREGIDO_ANCLA_OBSERVADO,1.4978594569974355,5.519759145421783,2.0109498442121736,720.0,OK_CALIBRADO
2026-10-09,SANTA MARIA DE NANAY,30.0,2026-10-08,2026-11-02,90,25,3.557315899797302,2.916017899579797,3.557315899797302,3.22,5.481209900449818,2.2532658997973014,4.861365899797303,HIBRIDO_ANALOGO_CLIM,ANALOGO_ESTADO_V2_CONFORMAL,30,10,2.406007127113363,OK_ANALOGOS_CONTINUIDAD_CORREGIDA,0.4401234328835155,-0.4401234328835155,0.0,CORREGIDO_ANCLA_OBSERVADO,1.5463660555851284,5.568265744009476,2.0109498442121736,720.0,OK_CALIBRADO
2026-10-09,SANTA MARIA DE NANAY,30.0,2026-10-08,2026-11-03,90,26,3.594188976261936,2.9533671867178284,3.594188976261936,3.22,5.5166543448942615,2.4286889762619364,4.759688976261936,HIBRIDO_ANALOGO_CLIM,ANALOGO_ESTADO_V2_CONFORMAL,30,10,2.406007127113363,OK_ANALOGOS_CONTINUIDAD_CORREGIDA,0.4401234328835155,-0.4401234328835155,0.0,CORREGIDO_ANCLA_OBSERVADO,1.5832391320497625,5.60513882047411,2.0109498442121736,720.0,OK_CALIBRADO
2026-10-09,SANTA MARIA DE NANAY,30.0,2026-10-08,2026-11-04,90,27,3.60730955294847,2.9891575852628356,3.60730955294847,3.22,5.461765456005374,2.4590595529484705,4.755559552948469,HIBRIDO_ANALOGO_CLIM,ANALOGO_ESTADO_V2_CONFORMAL,30,10,2.406007127113363,OK_ANALOGOS_CONTINUIDAD_CORREGIDA,0.4401234328835155,-0.4401234328835155,0.0,CORREGIDO_ANCLA_OBSERVADO,1.5963597087362964,5.618259397160644,2.0109498442121736,720.0,OK_CALIBRADO
2026-10-09,SANTA MARIA DE NANAY,30.0,2026-10-08,2026-11-05,90,28,3.541254388157408,2.9227877359117898,3.541254388157408,3.22,5.396654344894262,2.366504388157408,4.716004388157408,HIBRIDO_ANALOGO_CLIM,ANALOGO_ESTADO_V2_CONFORMAL,30,10,2.406007127113363,OK_ANALOGOS_CONTINUIDAD_CORREGIDA,0.4401234328835155,-0.4401234328835155,0.0,CORREGIDO_ANCLA_OBSERVADO,1.5303045439452343,5.552204232369581,2.0109498442121736,720.0,OK_CALIBRADO
2026-10-09,SANTA MARIA DE NANAY,30.0,2026-10-08,2026-11-06,90,29,3.4824743662064286,2.8521551140512242,3.4824743662064286,3.22,5.373432122672041,2.3024743662064284,4.662474366206428,HIBRIDO_ANALOGO_CLIM,ANALOGO_ESTADO_V2_CONFORMAL,30,10,2.406007127113363,OK_ANALOGOS_CONTINUIDAD_CORREGIDA,0.4401234328835155,-0.4401234328835155,0.0,CORREGIDO_ANCLA_OBSERVADO,1.471524521994255,5.493424210418603,2.0109498442121736,720.0,OK_CALIBRADO
2026-10-09,SANTA MARIA DE NANAY,30.0,2026-10-08,2026-11-07,90,30,3.473903465779802,2.8288383579268332,3.473903465779802,3.22,5.409098789338707,2.2635534657798013,4.684253465779802,HIBRIDO_ANALOGO_CLIM,ANALOGO_ESTADO_V2_CONFORMAL,30,10,2.406007127113363,OK_ANALOGOS_CONTINUIDAD_CORREGIDA,0.4401234328835155,-0.4401234328835155,0.0,CORREGIDO_ANCLA_OBSERVADO,1.4629536215676282,5.484853309991975,2.0109498442121736,720.0,OK_CALIBRADO
2026-10-09,SANTA MARIA DE NANAY,30.0,2026-10-08,2026-11-08,90,31,3.5249116471101596,2.8702085101791175,3.5249116471101596,3.22,5.404543233783151,2.25226164711016,4.797561647110159,HIBRIDO_ANALOGO_CLIM,ANALOGO_ESTADO_V2_CONFORMAL,30,10,2.406007127113363,OK_ANALOGOS_CONTINUIDAD_CORREGIDA,0.4401234328835155,-0.4401234328835155,0.0,CORREGIDO_ANCLA_OBSERVADO,1.513961802897986,5.535861491322333,2.0109498442121736,720.0,OK_CALIBRADO
2026-10-09,SANTA MARIA DE NANAY,30.0,2026-10-08,2026-11-09,90,32,3.593204283145317,2.9460103212972157,3.593204283145317,3.22,5.372987678227595,2.023554283145317,5.162854283145317,HIBRIDO_ANALOGO_CLIM,ANALOGO_ESTADO_V2_CONFORMAL,30,10,2.406007127113363,OK_ANALOGOS_CONTINUIDAD_CORREGIDA,0.4401234328835155,-0.4401234328835155,0.0,CORREGIDO_ANCLA_OBSERVADO,1.5822544389331434,5.604154127357491,2.0109498442121736,720.0,OK_CALIBRADO
2026-10-09,SANTA MARIA DE NANAY,30.0,2026-10-08,2026-11-10,90,33,3.7319519351362036,3.1245360785613085,3.7319519351362036,3.22,5.333321011560929,1.9929519351362037,5.4709519351362035,HIBRIDO_ANALOGO_CLIM,ANALOGO_ESTADO_V2_CONFORMAL,30,10,2.406007127113363,OK_ANALOGOS_CONTINUIDAD_CORREGIDA,0.4401234328835155,-0.4401234328835155,0.0,CORREGIDO_ANCLA_OBSERVADO,1.72100209092403,5.742901779348378,2.0109498442121736,720.0,OK_CALIBRADO
2026-10-09,SANTA MARIA DE NANAY,30.0,2026-10-08,2026-11-11,90,34,3.9204583720666335,3.377259447408683,3.9204583720666335,3.22,5.29443212267204,2.1798083720666335,5.661108372066634,HIBRIDO_ANALOGO_CLIM,ANALOGO_ESTADO_V2_CONFORMAL,30,10,2.406007127113363,OK_ANALOGOS_CONTINUIDAD_CORREGIDA,0.4401234328835155,-0.4401234328835155,0.0,CORREGIDO_ANCLA_OBSERVADO,1.90950852785446,5.9314082162788075,2.0109498442121736,720.0,OK_CALIBRADO
2026-10-09,SANTA MARIA DE NANAY,30.0,2026-10-08,2026-11-12,90,35,4.027808850678964,3.5404803138452143,4.027808850678964,3.22,5.211321011560929,2.1919088506789643,5.8637088506789645,HIBRIDO_ANALOGO_CLIM,ANALOGO_ESTADO_V2_CONFORMAL,30,10,2.406007127113363,OK_ANALOGOS_CONTINUIDAD_CORREGIDA,0.4401234328835155,-0.4401234328835155,0.0,CORREGIDO_ANCLA_OBSERVADO,2.0168590064667904,6.038758694891138,2.0109498442121736,720.0,OK_CALIBRADO
2026-10-09,SANTA MARIA DE NANAY,30.0,2026-10-08,2026-11-13,90,36,4.023122265638275,3.547084707861899,4.023122265638275,3.22,5.133876567116484,2.118372265638275,5.927872265638275,HIBRIDO_ANALOGO_CLIM,ANALOGO_ESTADO_V2_CONFORMAL,30,10,2.406007127113363,OK_ANALOGOS_CONTINUIDAD_CORREGIDA,0.4401234328835155,-0.4401234328835155,0.0,CORREGIDO_ANCLA_OBSERVADO,2.012172421426101,6.034072109850449,2.0109498442121736,720.0,OK_CALIBRADO
2026-10-09,SANTA MARIA DE NANAY,30.0,2026-10-08,2026-11-14,90,37,4.042095045684478,3.5606723594236245,4.042095045684478,3.22,5.122043233783151,2.040245045684478,6.043945045684478,HIBRIDO_ANALOGO_CLIM,ANALOGO_ESTADO_V2_CONFORMAL,30,10,2.406007127113363,OK_ANALOGOS_CONTINUIDAD_CORREGIDA,0.4401234328835155,-0.4401234328835155,0.0,CORREGIDO_ANCLA_OBSERVADO,2.0311452014723046,6.053044889896652,2.0109498442121736,720.0,OK_CALIBRADO
2026-10-09,SANTA MARIA DE NANAY,30.0,2026-10-08,2026-11-15,90,38,4.070530423303589,3.5452182536775596,4.070530423303589,3.22,5.2040987893387065,1.840630423303589,6.30043042330359,HIBRIDO_ANALOGO_CLIM,ANALOGO_ESTADO_V2_CONFORMAL,30,10,2.406007127113363,OK_ANALOGOS_CONTINUIDAD_CORREGIDA,0.4401234328835155,-0.4401234328835155,0.0,CORREGIDO_ANCLA_OBSERVADO,2.0595805790914157,6.081480267515763,2.0109498442121736,720.0,OK_CALIBRADO
2026-10-09,SANTA MARIA DE NANAY,30.0,2026-10-08,2026-11-16,90,39,4.099560078118995,3.539230739795101,4.099560078118995,3.22,5.2633210115609295,1.826210078118995,6.372910078118995,HIBRIDO_ANALOGO_CLIM,ANALOGO_ESTADO_V2_CONFORMAL,30,10,2.406007127113363,OK_ANALOGOS_CONTINUIDAD_CORREGIDA,0.4401234328835155,-0.4401234328835155,0.0,CORREGIDO_ANCLA_OBSERVADO,2.0886102339068215,6.110509922331168,2.0109498442121736,720.0,OK_CALIBRADO
2026-10-09,SANTA MARIA DE NANAY,30.0,2026-10-08,2026-11-17,90,40,4.101484644439649,3.4852331275456767,4.101484644439649,3.22,5.3339876782275955,1.8440846444396497,6.35888464443965,HIBRIDO_ANALOGO_CLIM,ANALOGO_ESTADO_V2_CONFORMAL,30,10,2.406007127113363,OK_ANALOGOS_CONTINUIDAD_CORREGIDA,0.4401234328835155,-0.4401234328835155,0.0,CORREGIDO_ANCLA_OBSERVADO,2.0905348002274757,6.112434488651823,2.0109498442121736,720.0,OK_CALIBRADO
2026-10-09,SANTA MARIA DE NANAY,30.0,2026-10-08,2026-11-18,90,41,4.128861360250392,3.4830602191342344,4.128861360250392,3.22,5.373209900449818,1.8859613602503922,6.371761360250392,HIBRIDO_ANALOGO_CLIM,ANALOGO_ESTADO_V2_CONFORMAL,30,10,2.406007127113363,OK_ANALOGOS_CONTINUIDAD_CORREGIDA,0.4401234328835155,-0.4401234328835155,0.0,CORREGIDO_ANCLA_OBSERVADO,2.1179115160382183,6.139811204462566,2.0109498442121736,720.0,OK_CALIBRADO
2026-10-09,SANTA MARIA DE NANAY,30.0,2026-10-08,2026-11-19,90,42,4.14149307915196,3.4940857309317463,4.14149307915196,3.22,5.343821011560928,2.2048430791519604,6.07814307915196,HIBRIDO_ANALOGO_CLIM,ANALOGO_ESTADO_V2_CONFORMAL,30,10,2.406007127113363,OK_ANALOGOS_CONTINUIDAD_CORREGIDA,0.4401234328835155,-0.4401234328835155,0.0,CORREGIDO_ANCLA_OBSERVADO,2.1305432349397866,6.152442923364134,2.0109498442121736,720.0,OK_CALIBRADO
2026-10-09,SANTA MARIA DE NANAY,30.0,2026-10-08,2026-11-20,90,43,4.169327658851472,3.5369273305707214,4.169327658851472,3.22,5.3017654560053735,2.1921276588514726,6.146527658851472,HIBRIDO_ANALOGO_CLIM,ANALOGO_ESTADO_V2_CONFORMAL,30,10,2.406007127113363,OK_ANALOGOS_CONTINUIDAD_CORREGIDA,0.4401234328835155,-0.4401234328835155,0.0,CORREGIDO_ANCLA_OBSERVADO,2.1583778146392985,6.180277503063646,2.0109498442121736,720.0,OK_CALIBRADO
2026-10-09,SANTA MARIA DE NANAY,30.0,2026-10-08,2026-11-21,90,44,4.230509333037579,3.598729472372014,4.230509333037579,3.22,5.321765456005373,1.8439093330375798,6.617109333037579,HIBRIDO_ANALOGO_CLIM,ANALOGO_ESTADO_V2_CONFORMAL,30,10,2.406007127113363,OK_ANALOGOS_CONTINUIDAD_CORREGIDA,0.4401234328835155,-0.4401234328835155,0.0,CORREGIDO_ANCLA_OBSERVADO,2.2195594888254058,6.241459177249753,2.0109498442121736,720.0,OK_CALIBRADO
2026-10-09,SANTA MARIA DE NANAY,30.0,2026-10-08,2026-11-22,90,45,4.339219046991953,3.6956912015839007,4.339219046991953,3.22,5.411765456005374,1.5378690469919531,7.140569046991954,HIBRIDO_ANALOGO_CLIM,ANALOGO_ESTADO_V2_CONFORMAL,30,10,2.406007127113363,OK_ANALOGOS_CONTINUIDAD_CORREGIDA,0.4401234328835155,-0.4401234328835155,0.0,CORREGIDO_ANCLA_OBSERVADO,2.32826920277978,6.350168891204127,2.0109498442121736,720.0,OK_CALIBRADO
2026-10-09,SANTA MARIA DE NANAY,30.0,2026-10-08,2026-11-23,90,46,4.439427403555921,3.814763809390647,4.439427403555921,3.22,5.444321011560929,1.2843274035559216,7.5945274035559205,HIBRIDO_ANALOGO_CLIM,ANALOGO_ESTADO_V2_CONFORMAL,30,10,2.406007127113363,OK_ANALOGOS_CONTINUIDAD_CORREGIDA,0.4401234328835155,-0.4401234328835155,0.0,CORREGIDO_ANCLA_OBSERVADO,2.4284775593437478,6.450377247768095,2.0109498442121736,720.0,OK_CALIBRADO
2026-10-09,SANTA MARIA DE NANAY,30.0,2026-10-08,2026-11-24,90,47,4.499056565562993,3.87937336821577,4.499056565562993,3.22,5.461543233783151,1.079706565562993,7.918406565562993,HIBRIDO_ANALOGO_CLIM,ANALOGO_ESTADO_V2_CONFORMAL,30,10,2.406007127113363,OK_ANALOGOS_CONTINUIDAD_CORREGIDA,0.4401234328835155,-0.4401234328835155,0.0,CORREGIDO_ANCLA_OBSERVADO,2.4881067213508197,6.510006409775167,2.0109498442121736,720.0,OK_CALIBRADO
2026-10-09,SANTA MARIA DE NANAY,30.0,2026-10-08,2026-11-25,90,48,4.517492488531435,3.8777549546599204,4.517492488531435,3.22,5.477098789338706,0.9290924885314353,8.105892488531435,HIBRIDO_ANALOGO_CLIM,ANALOGO_ESTADO_V2_CONFORMAL,30,10,2.406007127113363,OK_ANALOGOS_CONTINUIDAD_CORREGIDA,0.4401234328835155,-0.4401234328835155,0.0,CORREGIDO_ANCLA_OBSERVADO,2.506542644319261,6.528442332743609,2.0109498442121736,720.0,OK_CALIBRADO
2026-10-09,SANTA MARIA DE NANAY,30.0,2026-10-08,2026-11-26,90,49,4.53827373541268,3.9046918124371297,4.53827373541268,3.22,5.456321011560929,1.093473735412681,7.983073735412679,HIBRIDO_ANALOGO_CLIM,ANALOGO_ESTADO_V2_CONFORMAL,30,10,2.406007127113363,OK_ANALOGOS_CONTINUIDAD_CORREGIDA,0.4401234328835155,-0.4401234328835155,0.0,CORREGIDO_ANCLA_OBSERVADO,2.5273238912005067,6.549223579624854,2.0109498442121736,720.0,OK_CALIBRADO
2026-10-09,SANTA MARIA DE NANAY,30.0,2026-10-08,2026-11-27,90,50,4.627446294413465,3.972138956768452,4.627446294413465,3.22,5.544876567116485,1.7367962944134652,7.518096294413465,HIBRIDO_ANALOGO_CLIM,ANALOGO_ESTADO_V2_CONFORMAL,30,10,2.406007127113363,OK_ANALOGOS_CONTINUIDAD_CORREGIDA,0.4401234328835155,-0.4401234328835155,0.0,CORREGIDO_ANCLA_OBSERVADO,2.6164964502012915,6.638396138625639,2.0109498442121736,720.0,OK_CALIBRADO
2026-10-09,SANTA MARIA DE NANAY,30.0,2026-10-08,2026-11-28,90,51,4.67390998387961,3.996069948926751,4.67390998387961,3.22,5.590987678227596,2.1035099838796105,7.244309983879609,HIBRIDO_ANALOGO_CLIM,ANALOGO_ESTADO_V2_CONFORMAL,30,10,2.406007127113363,OK_ANALOGOS_CONTINUIDAD_CORREGIDA,0.4401234328835155,-0.4401234328835155,0.0,CORREGIDO_ANCLA_OBSERVADO,2.6629601396674363,6.684859828091783,2.0109498442121736,720.0,OK_CALIBRADO
2026-10-09,SANTA MARIA DE NANAY,30.0,2026-10-08,2026-11-29,90,52,4.731796595340764,4.051487074440377,4.731796595340764,3.22,5.62143212267204,2.0634965953407645,7.400096595340764,HIBRIDO_ANALOGO_CLIM,ANALOGO_ESTADO_V2_CONFORMAL,30,10,2.406007127113363,OK_ANALOGOS_CONTINUIDAD_CORREGIDA,0.4401234328835155,-0.4401234328835155,0.0,CORREGIDO_ANCLA_OBSERVADO,2.7208467511285908,6.742746439552938,2.0109498442121736,720.0,OK_CALIBRADO
2026-10-09,SANTA MARIA DE NANAY,30.0,2026-10-08,2026-11-30,90,53,4.800960086739282,4.112289836092641,4.800960086739282,3.22,5.671543233783151,1.897310086739282,7.704610086739281,HIBRIDO_ANALOGO_CLIM,ANALOGO_ESTADO_V2_CONFORMAL,30,10,2.406007127113363,OK_ANALOGOS_CONTINUIDAD_CORREGIDA,0.4401234328835155,-0.4401234328835155,0.0,CORREGIDO_ANCLA_OBSERVADO,2.7900102425271087,6.811909930951456,2.0109498442121736,720.0,OK_CALIBRADO
2026-10-09,SANTA MARIA DE NANAY,30.0,2026-10-08,2026-12-01,90,54,4.90577243900532,4.179505425096184,4.90577243900532,3.22,5.793432122672041,1.731622439005319,8.07992243900532,HIBRIDO_ANALOGO_CLIM,ANALOGO_ESTADO_V2_CONFORMAL,30,10,2.406007127113363,OK_ANALOGOS_CONTINUIDAD_CORREGIDA,0.4401234328835155,-0.4401234328835155,0.0,CORREGIDO_ANCLA_OBSERVADO,2.8948225947931463,6.916722283217494,2.0109498442121736,720.0,OK_CALIBRADO
2026-10-09,SANTA MARIA DE NANAY,30.0,2026-10-08,2026-12-02,90,55,4.9969942364808375,4.217974144746401,4.9969942364808375,3.22,5.917654344894262,1.7615942364808386,8.232394236480838,HIBRIDO_ANALOGO_CLIM,ANALOGO_ESTADO_V2_CONFORMAL,30,10,2.406007127113363,OK_ANALOGOS_CONTINUIDAD_CORREGIDA,0.4401234328835155,-0.4401234328835155,0.0,CORREGIDO_ANCLA_OBSERVADO,2.986044392268664,7.007944080693012,2.0109498442121736,720.0,OK_CALIBRADO
2026-10-09,SANTA MARIA DE NANAY,30.0,2026-10-08,2026-12-03,90,56,5.012942282086027,4.212374782684377,5.012942282086027,3.22,5.927876567116484,1.7102922820860273,8.315592282086028,HIBRIDO_ANALOGO_CLIM,ANALOGO_ESTADO_V2_CONFORMAL,30,10,2.406007127113363,OK_ANALOGOS_CONTINUIDAD_CORREGIDA,0.4401234328835155,-0.4401234328835155,0.0,CORREGIDO_ANCLA_OBSERVADO,3.0019924378738536,7.0238921262982,2.0109498442121736,720.0,OK_CALIBRADO
2026-10-09,SANTA MARIA DE NANAY,30.0,2026-10-08,2026-12-04,90,57,5.021311055473424,4.179772947055629,5.021311055473424,3.22,5.95143212267204,1.7799110554734243,8.262711055473424,HIBRIDO_ANALOGO_CLIM,ANALOGO_ESTADO_V2_CONFORMAL,30,10,2.406007127113363,OK_ANALOGOS_CONTINUIDAD_CORREGIDA,0.4401234328835155,-0.4401234328835155,0.0,CORREGIDO_ANCLA_OBSERVADO,3.0103612112612503,7.032260899685598,2.0109498442121736,720.0,OK_CALIBRADO
2026-10-09,SANTA MARIA DE NANAY,30.0,2026-10-08,2026-12-05,90,58,5.047852523331949,4.221485944737815,5.047852523331949,3.22,5.931209900449818,1.8524525233319489,8.243252523331948,HIBRIDO_ANALOGO_CLIM,ANALOGO_ESTADO_V2_CONFORMAL,30,10,2.406007127113363,OK_ANALOGOS_CONTINUIDAD_CORREGIDA,0.4401234328835155,-0.4401234328835155,0.0,CORREGIDO_ANCLA_OBSERVADO,3.0369026791197755,7.058802367544123,2.0109498442121736,720.0,OK_CALIBRADO
2026-10-09,SANTA MARIA DE NANAY,30.0,2026-10-08,2026-12-06,90,59,5.116410021208429,4.332516148936704,5.116410021208429,3.22,5.9268765671164845,1.9893600212084288,8.24346002120843,HIBRIDO_ANALOGO_CLIM,ANALOGO_ESTADO_V2_CONFORMAL,30,10,2.406007127113363,OK_ANALOGOS_CONTINUIDAD_CORREGIDA,0.4401234328835155,-0.4401234328835155,0.0,CORREGIDO_ANCLA_OBSERVADO,3.1054601769962553,7.127359865420603,2.0109498442121736,720.0,OK_CALIBRADO
2026-10-09,SANTA MARIA DE NANAY,30.0,2026-10-08,2026-12-07,90,60,5.179576211411673,4.42416474459575,5.179576211411673,3.22,5.934987678227595,2.1690262114116727,8.190126211411673,HIBRIDO_ANALOGO_CLIM,ANALOGO_ESTADO_V2_CONFORMAL,30,10,2.406007127113363,OK_ANALOGOS_CONTINUIDAD_CORREGIDA,0.4401234328835155,-0.4401234328835155,0.0,CORREGIDO_ANCLA_OBSERVADO,3.1686263671994994,7.190526055623847,2.0109498442121736,720.0,OK_CALIBRADO
2026-10-09,SANTA MARIA DE NANAY,30.0,2026-10-08,2026-12-08,90,61,5.264309604025342,4.569288393597775,5.264309604025342,3.22,5.936543233783151,2.358909604025341,8.169709604025341,HIBRIDO_ANALOGO_CLIM,ANALOGO_ESTADO_V2_CONFORMAL,30,10,2.406007127113363,OK_ANALOGOS_CONTINUIDAD_CORREGIDA,0.4401234328835155,-0.4401234328835155,0.0,CORREGIDO_ANCLA_OBSERVADO,3.253359759813168,7.275259448237515,2.0109498442121736,720.0,OK_CALIBRADO
2026-10-09,SANTA MARIA DE NANAY,30.0,2026-10-08,2026-12-09,90,62,5.34557297445966,4.663367218324587,5.34557297445966,3.22,5.983765456005373,2.51632297445966,8.17482297445966,HIBRIDO_ANALOGO_CLIM,ANALOGO_ESTADO_V2_CONFORMAL,30,10,2.406007127113363,OK_ANALOGOS_CONTINUIDAD_CORREGIDA,0.4401234328835155,-0.4401234328835155,0.0,CORREGIDO_ANCLA_OBSERVADO,3.3346231302474867,7.356522818671834,2.0109498442121736,720.0,OK_CALIBRADO
2026-10-09,SANTA MARIA DE NANAY,30.0,2026-10-08,2026-12-10,90,63,5.44133638790297,4.737300751228383,5.44133638790297,3.22,6.078321011560929,2.7023363879029705,8.18033638790297,HIBRIDO_ANALOGO_CLIM,ANALOGO_ESTADO_V2_CONFORMAL,30,10,2.406007127113363,OK_ANALOGOS_CONTINUIDAD_CORREGIDA,0.4401234328835155,-0.4401234328835155,0.0,CORREGIDO_ANCLA_OBSERVADO,3.4303865436907963,7.452286232115144,2.0109498442121736,720.0,OK_CALIBRADO
2026-10-09,SANTA MARIA DE NANAY,30.0,2026-10-08,2026-12-11,90,64,5.495098393838533,4.717447148187541,5.495098393838533,3.22,6.17554323378315,2.8558483938385333,8.134348393838533,HIBRIDO_ANALOGO_CLIM,ANALOGO_ESTADO_V2_CONFORMAL,30,10,2.406007127113363,OK_ANALOGOS_CONTINUIDAD_CORREGIDA,0.4401234328835155,-0.4401234328835155,0.0,CORREGIDO_ANCLA_OBSERVADO,3.4841485496263593,7.506048238050706,2.0109498442121736,720.0,OK_CALIBRADO
2026-10-09,SANTA MARIA DE NANAY,30.0,2026-10-08,2026-12-12,90,65,5.518066105659254,4.67394667141182,5.518066105659254,3.22,6.232321011560929,2.9540661056592548,8.082066105659253,HIBRIDO_ANALOGO_CLIM,ANALOGO_ESTADO_V2_CONFORMAL,30,10,2.406007127113363,OK_ANALOGOS_CONTINUIDAD_CORREGIDA,0.4401234328835155,-0.4401234328835155,0.0,CORREGIDO_ANCLA_OBSERVADO,3.5071162614470803,7.529015949871427,2.0109498442121736,720.0,OK_CALIBRADO
2026-10-09,SANTA MARIA DE NANAY,30.0,2026-10-08,2026-12-13,90,66,5.492515880064012,4.5786676329258045,5.492515880064012,3.22,6.240209900449818,2.9227658800640115,8.062265880064013,HIBRIDO_ANALOGO_CLIM,ANALOGO_ESTADO_V2_CONFORMAL,30,10,2.406007127113363,OK_ANALOGOS_CONTINUIDAD_CORREGIDA,0.4401234328835155,-0.4401234328835155,0.0,CORREGIDO_ANCLA_OBSERVADO,3.4815660358518383,7.503465724276186,2.0109498442121736,720.0,OK_CALIBRADO
2026-10-09,SANTA MARIA DE NANAY,30.0,2026-10-08,2026-12-14,90,67,5.452429399005609,4.471725746236517,5.452429399005609,3.22,6.2282099004498175,2.9932793990056092,7.911579399005609,HIBRIDO_ANALOGO_CLIM,ANALOGO_ESTADO_V2_CONFORMAL,30,10,2.406007127113363,OK_ANALOGOS_CONTINUIDAD_CORREGIDA,0.4401234328835155,-0.4401234328835155,0.0,CORREGIDO_ANCLA_OBSERVADO,3.441479554793436,7.4633792432177835,2.0109498442121736,720.0,OK_CALIBRADO
2026-10-09,SANTA MARIA DE NANAY,30.0,2026-10-08,2026-12-15,90,68,5.428516221218123,4.391626196239925,5.428516221218123,3.22,6.22143212267204,2.925866221218123,7.931166221218122,HIBRIDO_ANALOGO_CLIM,ANALOGO_ESTADO_V2_CONFORMAL,30,10,2.406007127113363,OK_ANALOGOS_CONTINUIDAD_CORREGIDA,0.4401234328835155,-0.4401234328835155,0.0,CORREGIDO_ANCLA_OBSERVADO,3.4175663770059495,7.439466065430297,2.0109498442121736,720.0,OK_CALIBRADO
2026-10-09,SANTA MARIA DE NANAY,30.0,2026-10-08,2026-12-16,90,69,5.402476699425419,4.282752695425089,5.402476699425419,3.22,6.230098789338707,2.812826699425419,7.992126699425418,HIBRIDO_ANALOGO_CLIM,ANALOGO_ESTADO_V2_CONFORMAL,30,10,2.406007127113363,OK_ANALOGOS_CONTINUIDAD_CORREGIDA,0.4401234328835155,-0.4401234328835155,0.0,CORREGIDO_ANCLA_OBSERVADO,3.3915268552132454,7.413426543637593,2.0109498442121736,720.0,OK_CALIBRADO
2026-10-09,SANTA MARIA DE NANAY,30.0,2026-10-08,2026-12-17,90,70,5.454737202707025,4.1909643147560045,5.454737202707025,3.22,6.35743212267204,2.7800872027070263,8.129387202707024,HIBRIDO_ANALOGO_CLIM,ANALOGO_ESTADO_V2_CONFORMAL,30,10,2.406007127113363,OK_ANALOGOS_CONTINUIDAD_CORREGIDA,0.4401234328835155,-0.4401234328835155,0.0,CORREGIDO_ANCLA_OBSERVADO,3.4437873584948515,7.465687046919198,2.0109498442121736,720.0,OK_CALIBRADO
2026-10-09,SANTA MARIA DE NANAY,30.0,2026-10-08,2026-12-18,90,71,5.588867492466925,4.1641854092445465,5.588867492466925,3.22,6.572098789338707,2.952717492466925,8.225017492466923,HIBRIDO_ANALOGO_CLIM,ANALOGO_ESTADO_V2_CONFORMAL,30,10,2.406007127113363,OK_ANALOGOS_CONTINUIDAD_CORREGIDA,0.4401234328835155,-0.4401234328835155,0.0,CORREGIDO_ANCLA_OBSERVADO,3.577917648254751,7.599817336679099,2.0109498442121736,720.0,OK_CALIBRADO
2026-10-09,SANTA MARIA DE NANAY,30.0,2026-10-08,2026-12-19,90,72,5.696858258133711,4.196330794659549,5.696858258133711,3.22,6.697209900449819,3.1499582581337116,8.243758258133711,HIBRIDO_ANALOGO_CLIM,ANALOGO_ESTADO_V2_CONFORMAL,30,10,2.406007127113363,OK_ANALOGOS_CONTINUIDAD_CORREGIDA,0.4401234328835155,-0.4401234328835155,0.0,CORREGIDO_ANCLA_OBSERVADO,3.685908413921537,7.707808102345885,2.0109498442121736,720.0,OK_CALIBRADO
2026-10-09,SANTA MARIA DE NANAY,30.0,2026-10-08,2026-12-20,90,73,5.800177867438291,4.3018160572998205,5.800177867438291,3.22,6.7648765671164846,3.5565778674382904,8.04377786743829,HIBRIDO_ANALOGO_CLIM,ANALOGO_ESTADO_V2_CONFORMAL,30,10,2.406007127113363,OK_ANALOGOS_CONTINUIDAD_CORREGIDA,0.4401234328835155,-0.4401234328835155,0.0,CORREGIDO_ANCLA_OBSERVADO,3.789228023226117,7.811127711650464,2.0109498442121736,720.0,OK_CALIBRADO
2026-10-09,SANTA MARIA DE NANAY,30.0,2026-10-08,2026-12-21,90,74,5.90391547151505,4.449180955402598,5.90391547151505,3.22,6.8082099004498176,3.77804047151505,8.02979047151505,HIBRIDO_ANALOGO_CLIM,ANALOGO_ESTADO_V2_CONFORMAL,30,10,2.406007127113363,OK_ANALOGOS_CONTINUIDAD_CORREGIDA,0.4401234328835155,-0.4401234328835155,0.0,CORREGIDO_ANCLA_OBSERVADO,3.892965627302876,7.914865315727223,2.0109498442121736,720.0,OK_CALIBRADO
2026-10-09,SANTA MARIA DE NANAY,30.0,2026-10-08,2026-12-22,90,75,6.003085315268894,4.5967665621895755,6.003085315268894,3.22,6.846876567116484,3.939835315268894,8.066335315268894,HIBRIDO_ANALOGO_CLIM,ANALOGO_ESTADO_V2_CONFORMAL,30,10,2.406007127113363,OK_ANALOGOS_CONTINUIDAD_CORREGIDA,0.4401234328835155,-0.4401234328835155,0.0,CORREGIDO_ANCLA_OBSERVADO,3.9921354710567205,8.014035159481068,2.0109498442121736,720.0,OK_CALIBRADO
2026-10-09,SANTA MARIA DE NANAY,30.0,2026-10-08,2026-12-23,90,76,5.999774130684674,4.619698205130739,5.999774130684674,3.22,6.798765456005374,3.893524130684675,8.106024130684673,HIBRIDO_ANALOGO_CLIM,ANALOGO_ESTADO_V2_CONFORMAL,30,10,2.406007127113363,OK_ANALOGOS_CONTINUIDAD_CORREGIDA,0.4401234328835155,-0.4401234328835155,0.0,CORREGIDO_ANCLA_OBSERVADO,3.9888242864725005,8.010723974896848,2.0109498442121736,720.0,OK_CALIBRADO
2026-10-09,SANTA MARIA DE NANAY,30.0,2026-10-08,2026-12-24,90,77,5.960032654026861,4.663648075806938,5.960032654026861,3.22,6.683987678227596,3.918882654026861,8.001182654026861,HIBRIDO_ANALOGO_CLIM,ANALOGO_ESTADO_V2_CONFORMAL,30,10,2.406007127113363,OK_ANALOGOS_CONTINUIDAD_CORREGIDA,0.4401234328835155,-0.4401234328835155,0.0,CORREGIDO_ANCLA_OBSERVADO,3.9490828098146875,7.970982498239035,2.0109498442121736,720.0,OK_CALIBRADO
2026-10-09,SANTA MARIA DE NANAY,30.0,2026-10-08,2026-12-25,90,78,5.88403436223757,4.6936924896846675,5.88403436223757,3.22,6.524987678227595,4.0017593622375704,7.766309362237569,HIBRIDO_ANALOGO_CLIM,ANALOGO_ESTADO_V2_CONFORMAL,30,10,2.406007127113363,OK_ANALOGOS_CONTINUIDAD_CORREGIDA,0.4401234328835155,-0.4401234328835155,0.0,CORREGIDO_ANCLA_OBSERVADO,3.8730845180253968,7.8949842064497435,2.0109498442121736,720.0,OK_CALIBRADO
2026-10-09,SANTA MARIA DE NANAY,30.0,2026-10-08,2026-12-26,90,79,5.821386514546908,4.727501887509051,5.821386514546908,3.22,6.389098789338707,4.005286514546908,7.637486514546907,HIBRIDO_ANALOGO_CLIM,ANALOGO_ESTADO_V2_CONFORMAL,30,10,2.406007127113363,OK_ANALOGOS_CONTINUIDAD_CORREGIDA,0.4401234328835155,-0.4401234328835155,0.0,CORREGIDO_ANCLA_OBSERVADO,3.810436670334734,7.832336358759081,2.0109498442121736,720.0,OK_CALIBRADO
2026-10-09,SANTA MARIA DE NANAY,30.0,2026-10-08,2026-12-27,90,80,5.7322402445140455,4.79918982153139,5.7322402445140455,3.22,6.198765456005374,3.730990244514045,7.733490244514046,HIBRIDO_ANALOGO_CLIM,ANALOGO_ESTADO_V2_CONFORMAL,30,10,2.406007127113363,OK_ANALOGOS_CONTINUIDAD_CORREGIDA,0.4401234328835155,-0.4401234328835155,0.0,CORREGIDO_ANCLA_OBSERVADO,3.721290400301872,7.7431900887262195,2.0109498442121736,720.0,OK_CALIBRADO
2026-10-09,SANTA MARIA DE NANAY,30.0,2026-10-08,2026-12-28,90,81,5.715573631259693,4.887405995249434,5.715573631259693,3.22,6.114321011560929,3.540323631259693,7.890823631259694,HIBRIDO_ANALOGO_CLIM,ANALOGO_ESTADO_V2_CONFORMAL,30,10,2.406007127113363,OK_ANALOGOS_CONTINUIDAD_CORREGIDA,0.4401234328835155,-0.4401234328835155,0.0,CORREGIDO_ANCLA_OBSERVADO,3.70462378704752,7.726523475471867,2.0109498442121736,720.0,OK_CALIBRADO
2026-10-09,SANTA MARIA DE NANAY,30.0,2026-10-08,2026-12-29,90,82,5.792705282971596,5.052657307243738,5.792705282971596,3.22,6.135654344894262,3.5707052829715966,8.014705282971596,HIBRIDO_ANALOGO_CLIM,ANALOGO_ESTADO_V2_CONFORMAL,30,10,2.406007127113363,OK_ANALOGOS_CONTINUIDAD_CORREGIDA,0.4401234328835155,-0.4401234328835155,0.0,CORREGIDO_ANCLA_OBSERVADO,3.7817554387594225,7.80365512718377,2.0109498442121736,720.0,OK_CALIBRADO
2026-10-09,SANTA MARIA DE NANAY,30.0,2026-10-08,2026-12-30,90,83,5.869408652157347,5.082725371453215,5.869408652157347,3.22,6.2200987893387065,3.6179086521573467,8.120908652157347,HIBRIDO_ANALOGO_CLIM,ANALOGO_ESTADO_V2_CONFORMAL,30,10,2.406007127113363,OK_ANALOGOS_CONTINUIDAD_CORREGIDA,0.4401234328835155,-0.4401234328835155,0.0,CORREGIDO_ANCLA_OBSERVADO,3.858458807945173,7.880358496369521,2.0109498442121736,720.0,OK_CALIBRADO
2026-10-09,SANTA MARIA DE NANAY,30.0,2026-10-08,2026-12-31,90,84,5.861971939219522,5.072750029682168,5.861971939219522,3.22,6.200209900449818,3.565971939219523,8.157971939219523,HIBRIDO_ANALOGO_CLIM,ANALOGO_ESTADO_V2_CONFORMAL,30,10,2.406007127113363,OK_ANALOGOS_CONTINUIDAD_CORREGIDA,0.4401234328835155,-0.4401234328835155,0.0,CORREGIDO_ANCLA_OBSERVADO,3.8510220950073486,7.872921783431696,2.0109498442121736,720.0,OK_CALIBRADO
2026-10-09,SANTA MARIA DE NANAY,30.0,2026-10-08,2027-01-01,90,85,5.925136316182224,5.065809992484732,5.925136316182224,3.22,6.2789765671164846,3.6618863161822244,8.188386316182223,HIBRIDO_ANALOGO_CLIM,ANALOGO_ESTADO_V2_CONFORMAL,30,10,2.406007127113363,OK_ANALOGOS_CONTINUIDAD_CORREGIDA,0.4401234328835155,-0.4401234328835155,0.0,CORREGIDO_ANCLA_OBSERVADO,3.91418647197005,7.936086160394398,2.0109498442121736,720.0,OK_CALIBRADO
2026-10-09,SANTA MARIA DE NANAY,30.0,2026-10-08,2027-01-02,90,86,5.923561777716253,5.098430251586254,5.923561777716253,3.22,6.249776567116484,3.7844117777162527,8.062711777716252,HIBRIDO_ANALOGO_CLIM,ANALOGO_ESTADO_V2_CONFORMAL,30,10,2.406007127113363,OK_ANALOGOS_CONTINUIDAD_CORREGIDA,0.4401234328835155,-0.4401234328835155,0.0,CORREGIDO_ANCLA_OBSERVADO,3.912611933504079,7.934511621928426,2.0109498442121736,720.0,OK_CALIBRADO
2026-10-09,SANTA MARIA DE NANAY,30.0,2026-10-08,2027-01-03,90,87,5.996685012778757,5.135407278615654,5.996685012778757,3.22,6.323376567116485,3.9511350127787574,8.042235012778756,HIBRIDO_ANALOGO_CLIM,ANALOGO_ESTADO_V2_CONFORMAL,30,10,2.406007127113363,OK_ANALOGOS_CONTINUIDAD_CORREGIDA,0.4401234328835155,-0.4401234328835155,0.0,CORREGIDO_ANCLA_OBSERVADO,3.9857351685665834,8.007634856990931,2.0109498442121736,720.0,OK_CALIBRADO
2026-10-09,SANTA MARIA DE NANAY,30.0,2026-10-08,2027-01-04,90,88,6.039719075755622,5.160110974513252,6.039719075755622,3.22,6.359576567116484,3.8996190757556217,8.179819075755622,HIBRIDO_ANALOGO_CLIM,ANALOGO_ESTADO_V2_CONFORMAL,30,10,2.406007127113363,OK_ANALOGOS_CONTINUIDAD_CORREGIDA,0.4401234328835155,-0.4401234328835155,0.0,CORREGIDO_ANCLA_OBSERVADO,4.028769231543448,8.050668919967796,2.0109498442121736,720.0,OK_CALIBRADO
2026-10-09,SANTA MARIA DE NANAY,30.0,2026-10-08,2027-01-05,90,89,6.041772830236893,5.1698491985503265,6.041772830236893,3.22,6.345476567116484,3.783922830236893,8.299622830236894,HIBRIDO_ANALOGO_CLIM,ANALOGO_ESTADO_V2_CONFORMAL,30,10,2.406007127113363,OK_ANALOGOS_CONTINUIDAD_CORREGIDA,0.4401234328835155,-0.4401234328835155,0.0,CORREGIDO_ANCLA_OBSERVADO,4.03082298602472,8.052722674449067,2.0109498442121736,720.0,OK_CALIBRADO
2026-10-09,SANTA MARIA DE NANAY,30.0,2026-10-08,2027-01-06,90,90,6.002896347885408,5.15665569019218,6.002896347885408,3.22,6.284976567116485,3.5617963478854087,8.443996347885408,HIBRIDO_ANALOGO_CLIM,ANALOGO_ESTADO_V2_CONFORMAL,30,10,2.406007127113363,OK_ANALOGOS_CONTINUIDAD_CORREGIDA,0.4401234328835155,-0.4401234328835155,0.0,CORREGIDO_ANCLA_OBSERVADO,3.9919465036732347,8.013846192097581,2.0109498442121736,720.0,OK_CALIBRADO
2026-10-09,TAMSHIYACU,3.0,2026-10-08,2026-10-09,30,1,1.9,1.955576511356865,1.9,1.9,1.733270465929404,1.7641,2.0359,HIBRIDO_ANALOGO_CLIM,ANALOGO_ESTADO_V2_CONFORMAL,30,10,1.7348556605122156,OK_ANALOGOS_CONTINUIDAD_CORREGIDA,-0.07950657704051523,0.07950657704051523,0.0,CORREGIDO_ANCLA_OBSERVADO,-0.352553257551381,4.15255325755138,2.252553257551381,120.0,OK_CALIBRADO
2026-10-09,TAMSHIYACU,3.0,2026-10-08,2026-10-10,30,2,1.9013899782989485,1.91820405322823,1.9013899782989485,1.9,1.8509477535111034,1.6978899782989485,2.1048899782989485,HIBRIDO_ANALOGO_CLIM,ANALOGO_ESTADO_V2_CONFORMAL,30,10,1.7348556605122156,OK_ANALOGOS_CONTINUIDAD_CORREGIDA,-0.07950657704051523,0.07950657704051523,0.0,CORREGIDO_ANCLA_OBSERVADO,-0.3511632792524324,4.153943235850329,2.252553257551381,120.0,OK_CALIBRADO
2026-10-09,TAMSHIYACU,3.0,2026-10-08,2026-10-11,30,3,1.9074199981413544,1.9178372169396734,1.9074199981413544,1.9,1.8761683417463977,1.5997699981413545,2.215069998141354,HIBRIDO_ANALOGO_CLIM,ANALOGO_ESTADO_V2_CONFORMAL,30,10,1.7348556605122156,OK_ANALOGOS_CONTINUIDAD_CORREGIDA,-0.07950657704051523,0.07950657704051523,0.0,CORREGIDO_ANCLA_OBSERVADO,-0.3451332594100265,4.159973255692735,2.252553257551381,120.0,OK_CALIBRADO
2026-10-09,TAMSHIYACU,3.0,2026-10-08,2026-10-12,30,4,2.183756085717315,2.2871678267048194,2.183756085717315,1.9,1.873520862754801,1.6239560857173152,2.7435560857173145,HIBRIDO_ANALOGO_CLIM,ANALOGO_ESTADO_V2_CONFORMAL,30,10,1.7348556605122156,OK_ANALOGOS_CONTINUIDAD_CORREGIDA,-0.07950657704051523,0.07950657704051523,0.0,CORREGIDO_ANCLA_OBSERVADO,-0.06879717183406608,4.436309343268696,2.252553257551381,120.0,OK_CALIBRADO
2026-10-09,TAMSHIYACU,3.0,2026-10-08,2026-10-13,30,5,2.199939804496689,2.267682252864433,2.199939804496689,1.9,1.9967124593934564,1.5312398044966895,2.8686398044966883,HIBRIDO_ANALOGO_CLIM,ANALOGO_ESTADO_V2_CONFORMAL,30,10,1.7348556605122156,OK_ANALOGOS_CONTINUIDAD_CORREGIDA,-0.07950657704051523,0.07950657704051523,0.0,CORREGIDO_ANCLA_OBSERVADO,-0.052613453054692005,4.45249306204807,2.252553257551381,120.0,OK_CALIBRADO
2026-10-09,TAMSHIYACU,3.0,2026-10-08,2026-10-14,30,6,2.191944440174536,2.2352864729839155,2.191944440174536,1.9,2.0619183417463978,1.3055944401745363,3.0782944401745356,HIBRIDO_ANALOGO_CLIM,ANALOGO_ESTADO_V2_CONFORMAL,30,10,1.7348556605122156,OK_ANALOGOS_CONTINUIDAD_CORREGIDA,-0.07950657704051523,0.07950657704051523,0.0,CORREGIDO_ANCLA_OBSERVADO,-0.06060881737684509,4.444497697725916,2.252553257551381,120.0,OK_CALIBRADO
2026-10-09,TAMSHIYACU,3.0,2026-10-08,2026-10-15,30,7,2.1781435068541235,2.215970102506278,2.1781435068541235,1.9,2.0646637198976583,1.061643506854124,3.294643506854123,HIBRIDO_ANALOGO_CLIM,ANALOGO_ESTADO_V2_CONFORMAL,30,10,1.7348556605122156,OK_ANALOGOS_CONTINUIDAD_CORREGIDA,-0.07950657704051523,0.07950657704051523,0.0,CORREGIDO_ANCLA_OBSERVADO,-0.07440975069725742,4.430696764405504,2.252553257551381,120.0,OK_CALIBRADO
2026-10-09,TAMSHIYACU,3.0,2026-10-08,2026-10-16,30,8,2.1483242958603705,2.1603302021336557,2.1483242958603705,1.9,2.112306577040515,0.840974295860371,3.45567429586037,HIBRIDO_ANALOGO_CLIM,ANALOGO_ESTADO_V2_CONFORMAL,30,10,1.7348556605122156,OK_ANALOGOS_CONTINUIDAD_CORREGIDA,-0.07950657704051523,0.07950657704051523,0.0,CORREGIDO_ANCLA_OBSERVADO,-0.10422896169101037,4.4008775534117515,2.252553257551381,120.0,OK_CALIBRADO
2026-10-09,TAMSHIYACU,3.0,2026-10-08,2026-10-17,30,9,2.125694815669015,2.139137191508145,2.125694815669015,1.9,2.085367688151626,0.6390948156690157,3.6122948156690144,HIBRIDO_ANALOGO_CLIM,ANALOGO_ESTADO_V2_CONFORMAL,30,10,1.7348556605122156,OK_ANALOGOS_CONTINUIDAD_CORREGIDA,-0.07950657704051523,0.07950657704051523,0.0,CORREGIDO_ANCLA_OBSERVADO,-0.12685844188236572,4.378248073220396,2.252553257551381,120.0,OK_CALIBRADO
2026-10-09,TAMSHIYACU,3.0,2026-10-08,2026-10-18,30,10,2.153312548451592,2.145684809192221,2.153312548451592,1.9,2.1761957662297045,0.5766125484515923,3.7300125484515916,HIBRIDO_ANALOGO_CLIM,ANALOGO_ESTADO_V2_CONFORMAL,30,10,1.7348556605122156,OK_ANALOGOS_CONTINUIDAD_CORREGIDA,-0.07950657704051523,0.07950657704051523,0.0,CORREGIDO_ANCLA_OBSERVADO,-0.0992407090997891,4.405865806002973,2.252553257551381,120.0,OK_CALIBRADO
2026-10-09,TAMSHIYACU,3.0,2026-10-08,2026-10-19,30,11,2.115769814868617,2.1460154555481594,2.115769814868617,1.9,2.025032892829989,0.5236698148686172,3.7078698148686167,HIBRIDO_ANALOGO_CLIM,ANALOGO_ESTADO_V2_CONFORMAL,30,10,1.7348556605122156,OK_ANALOGOS_CONTINUIDAD_CORREGIDA,-0.07950657704051523,0.07950657704051523,0.0,CORREGIDO_ANCLA_OBSERVADO,-0.1367834426827641,4.368323072419997,2.252553257551381,120.0,OK_CALIBRADO
2026-10-09,TAMSHIYACU,3.0,2026-10-08,2026-10-20,30,12,2.1844923248862256,2.2235095039926907,2.1844923248862256,1.9,2.067440787566831,0.4102423248862257,3.9587423248862255,HIBRIDO_ANALOGO_CLIM,ANALOGO_ESTADO_V2_CONFORMAL,30,10,1.7348556605122156,OK_ANALOGOS_CONTINUIDAD_CORREGIDA,-0.07950657704051523,0.07950657704051523,0.0,CORREGIDO_ANCLA_OBSERVADO,-0.06806093266515534,4.437045582437607,2.252553257551381,120.0,OK_CALIBRADO
2026-10-09,TAMSHIYACU,3.0,2026-10-08,2026-10-21,30,13,2.247576923032384,2.3054166110125793,2.247576923032384,1.9,2.074057859091797,0.2871769230323841,4.207976923032383,HIBRIDO_ANALOGO_CLIM,ANALOGO_ESTADO_V2_CONFORMAL,30,10,1.7348556605122156,OK_ANALOGOS_CONTINUIDAD_CORREGIDA,-0.07950657704051523,0.07950657704051523,0.0,CORREGIDO_ANCLA_OBSERVADO,-0.004976334518997039,4.500130180583765,2.252553257551381,120.0,OK_CALIBRADO
2026-10-09,TAMSHIYACU,3.0,2026-10-08,2026-10-22,30,14,2.310453128722745,2.4020311459501555,2.310453128722745,1.9,2.0357190770405156,0.2917531287227452,4.329153128722745,HIBRIDO_ANALOGO_CLIM,ANALOGO_ESTADO_V2_CONFORMAL,30,10,1.7348556605122156,OK_ANALOGOS_CONTINUIDAD_CORREGIDA,-0.07950657704051523,0.07950657704051523,0.0,CORREGIDO_ANCLA_OBSERVADO,0.0578998711713643,4.563006386274126,2.252553257551381,120.0,OK_CALIBRADO
2026-10-09,TAMSHIYACU,3.0,2026-10-08,2026-10-23,30,15,2.3713428967328296,2.4720633366302676,2.3713428967328296,1.9,2.0691815770405153,0.42074289673282955,4.32194289673283,HIBRIDO_ANALOGO_CLIM,ANALOGO_ESTADO_V2_CONFORMAL,30,10,1.7348556605122156,OK_ANALOGOS_CONTINUIDAD_CORREGIDA,-0.07950657704051523,0.07950657704051523,0.0,CORREGIDO_ANCLA_OBSERVADO,0.11878963918144869,4.6238961542842105,2.252553257551381,120.0,OK_CALIBRADO
2026-10-09,TAMSHIYACU,3.0,2026-10-08,2026-10-24,30,16,2.3862767597684753,2.4851351133607222,2.3862767597684753,1.9,2.089701698991735,0.44687675976847546,4.325676759768475,HIBRIDO_ANALOGO_CLIM,ANALOGO_ESTADO_V2_CONFORMAL,30,10,1.7348556605122156,OK_ANALOGOS_CONTINUIDAD_CORREGIDA,-0.07950657704051523,0.07950657704051523,0.0,CORREGIDO_ANCLA_OBSERVADO,0.1337235022170944,4.638830017319856,2.252553257551381,120.0,OK_CALIBRADO
2026-10-09,TAMSHIYACU,3.0,2026-10-08,2026-10-25,30,17,2.5577159969140775,2.6888101937825004,2.5577159969140775,1.9,2.1644334063088078,0.24606599691407766,4.869365996914077,HIBRIDO_ANALOGO_CLIM,ANALOGO_ESTADO_V2_CONFORMAL,30,10,1.7348556605122156,OK_ANALOGOS_CONTINUIDAD_CORREGIDA,-0.07950657704051523,0.07950657704051523,0.0,CORREGIDO_ANCLA_OBSERVADO,0.30516273936269656,4.810269254465458,2.252553257551381,120.0,OK_CALIBRADO
2026-10-09,TAMSHIYACU,3.0,2026-10-08,2026-10-26,30,18,2.55880738077901,2.6549909820251747,2.55880738077901,1.9,2.270256577040515,0.2112573807790101,4.90635738077901,HIBRIDO_ANALOGO_CLIM,ANALOGO_ESTADO_V2_CONFORMAL,30,10,1.7348556605122156,OK_ANALOGOS_CONTINUIDAD_CORREGIDA,-0.07950657704051523,0.07950657704051523,0.0,CORREGIDO_ANCLA_OBSERVADO,0.306254123227629,4.811360638330391,2.252553257551381,120.0,OK_CALIBRADO
2026-10-09,TAMSHIYACU,3.0,2026-10-08,2026-10-27,30,19,2.574642385085676,2.6547959877673963,2.574642385085676,1.9,2.334181577040515,0.22809238508567636,4.921192385085677,HIBRIDO_ANALOGO_CLIM,ANALOGO_ESTADO_V2_CONFORMAL,30,10,1.7348556605122156,OK_ANALOGOS_CONTINUIDAD_CORREGIDA,-0.07950657704051523,0.07950657704051523,0.0,CORREGIDO_ANCLA_OBSERVADO,0.3220891275342952,4.827195642637057,2.252553257551381,120.0,OK_CALIBRADO
2026-10-09,TAMSHIYACU,3.0,2026-10-08,2026-10-28,30,20,2.593015732590954,2.6627521177744335,2.593015732590954,1.9,2.3838065770405152,0.2242157325909543,4.961815732590954,HIBRIDO_ANALOGO_CLIM,ANALOGO_ESTADO_V2_CONFORMAL,30,10,1.7348556605122156,OK_ANALOGOS_CONTINUIDAD_CORREGIDA,-0.07950657704051523,0.07950657704051523,0.0,CORREGIDO_ANCLA_OBSERVADO,0.34046247503957305,4.845568990142334,2.252553257551381,120.0,OK_CALIBRADO
2026-10-09,TAMSHIYACU,3.0,2026-10-08,2026-10-29,30,21,2.6400039227758527,2.6948488713542984,2.6400039227758527,1.9,2.475469077040515,0.18825392277585284,5.091753922775853,HIBRIDO_ANALOGO_CLIM,ANALOGO_ESTADO_V2_CONFORMAL,30,10,1.7348556605122156,OK_ANALOGOS_CONTINUIDAD_CORREGIDA,-0.07950657704051523,0.07950657704051523,0.0,CORREGIDO_ANCLA_OBSERVADO,0.3874506652244718,4.892557180327234,2.252553257551381,120.0,OK_CALIBRADO
2026-10-09,TAMSHIYACU,3.0,2026-10-08,2026-10-30,30,22,2.676679547416844,2.7474851716886284,2.676679547416844,1.9,2.464262674601491,0.2322795474168442,5.121079547416844,HIBRIDO_ANALOGO_CLIM,ANALOGO_ESTADO_V2_CONFORMAL,30,10,1.7348556605122156,OK_ANALOGOS_CONTINUIDAD_CORREGIDA,-0.07950657704051523,0.07950657704051523,0.0,CORREGIDO_ANCLA_OBSERVADO,0.42412628986546297,4.929232804968224,2.252553257551381,120.0,OK_CALIBRADO
2026-10-09,TAMSHIYACU,3.0,2026-10-08,2026-10-31,30,23,2.8069777051592455,2.9094805811988222,2.8069777051592455,1.9,2.4994690770405152,0.6396277051592458,4.974327705159245,HIBRIDO_ANALOGO_CLIM,ANALOGO_ESTADO_V2_CONFORMAL,30,10,1.7348556605122156,OK_ANALOGOS_CONTINUIDAD_CORREGIDA,-0.07950657704051523,0.07950657704051523,0.0,CORREGIDO_ANCLA_OBSERVADO,0.5544244476078646,5.059530962710626,2.252553257551381,120.0,OK_CALIBRADO
2026-10-09,TAMSHIYACU,3.0,2026-10-08,2026-11-01,30,24,2.855084344635337,2.9711183972482447,2.855084344635337,1.9,2.5069821867966127,0.6666343446353371,5.0435343446353365,HIBRIDO_ANALOGO_CLIM,ANALOGO_ESTADO_V2_CONFORMAL,30,10,1.7348556605122156,OK_ANALOGOS_CONTINUIDAD_CORREGIDA,-0.07950657704051523,0.07950657704051523,0.0,CORREGIDO_ANCLA_OBSERVADO,0.602531087083956,5.107637602186718,2.252553257551381,120.0,OK_CALIBRADO
2026-10-09,TAMSHIYACU,3.0,2026-10-08,2026-11-02,30,25,2.9143735863479012,3.0271292561170293,2.9143735863479012,1.9,2.576106577040515,0.7023735863479013,5.126373586347901,HIBRIDO_ANALOGO_CLIM,ANALOGO_ESTADO_V2_CONFORMAL,30,10,1.7348556605122156,OK_ANALOGOS_CONTINUIDAD_CORREGIDA,-0.07950657704051523,0.07950657704051523,0.0,CORREGIDO_ANCLA_OBSERVADO,0.6618203287965203,5.166926843899282,2.252553257551381,120.0,OK_CALIBRADO
2026-10-09,TAMSHIYACU,3.0,2026-10-08,2026-11-03,30,26,2.9719588379240878,3.078255424885279,2.9719588379240878,1.9,2.653069077040515,0.7304088379240881,5.2135088379240875,HIBRIDO_ANALOGO_CLIM,ANALOGO_ESTADO_V2_CONFORMAL,30,10,1.7348556605122156,OK_ANALOGOS_CONTINUIDAD_CORREGIDA,-0.07950657704051523,0.07950657704051523,0.0,CORREGIDO_ANCLA_OBSERVADO,0.7194055803727069,5.224512095475468,2.252553257551381,120.0,OK_CALIBRADO
2026-10-09,TAMSHIYACU,3.0,2026-10-08,2026-11-04,30,27,3.0328294058513863,3.138145348788343,3.0328294058513863,1.9,2.7168815770405152,0.7008794058513867,5.364779405851386,HIBRIDO_ANALOGO_CLIM,ANALOGO_ESTADO_V2_CONFORMAL,30,10,1.7348556605122156,OK_ANALOGOS_CONTINUIDAD_CORREGIDA,-0.07950657704051523,0.07950657704051523,0.0,CORREGIDO_ANCLA_OBSERVADO,0.7802761483000054,5.285382663402768,2.252553257551381,120.0,OK_CALIBRADO
2026-10-09,TAMSHIYACU,3.0,2026-10-08,2026-11-05,30,28,3.1438083314022283,3.2612839161894662,3.1438083314022283,1.9,2.7913815770405153,0.3686083314022288,5.919008331402228,HIBRIDO_ANALOGO_CLIM,ANALOGO_ESTADO_V2_CONFORMAL,30,10,1.7348556605122156,OK_ANALOGOS_CONTINUIDAD_CORREGIDA,-0.07950657704051523,0.07950657704051523,0.0,CORREGIDO_ANCLA_OBSERVADO,0.8912550738508473,5.396361588953609,2.252553257551381,120.0,OK_CALIBRADO
2026-10-09,TAMSHIYACU,3.0,2026-10-08,2026-11-06,30,29,3.1833150781975994,3.304251245249961,3.1833150781975994,1.9,2.8205065770405153,0.45421507819759976,5.912415078197599,HIBRIDO_ANALOGO_CLIM,ANALOGO_ESTADO_V2_CONFORMAL,30,10,1.7348556605122156,OK_ANALOGOS_CONTINUIDAD_CORREGIDA,-0.07950657704051523,0.07950657704051523,0.0,CORREGIDO_ANCLA_OBSERVADO,0.9307618206462185,5.43586833574898,2.252553257551381,120.0,OK_CALIBRADO
2026-10-09,TAMSHIYACU,3.0,2026-10-08,2026-11-07,30,30,3.242788190816463,3.3839064523190148,3.242788190816463,1.9,2.819433406308808,0.5601381908164635,5.925438190816463,HIBRIDO_ANALOGO_CLIM,ANALOGO_ESTADO_V2_CONFORMAL,30,10,1.7348556605122156,OK_ANALOGOS_CONTINUIDAD_CORREGIDA,-0.07950657704051523,0.07950657704051523,0.0,CORREGIDO_ANCLA_OBSERVADO,0.9902349332650822,5.495341448367844,2.252553257551381,120.0,OK_CALIBRADO
2026-10-09,TAMSHIYACU,3.0,2026-10-08,2026-10-09,60,1,1.9,1.9568763645135991,1.9,1.9,1.7293709064592027,1.7539,2.0461,HIBRIDO_ANALOGO_CLIM,ANALOGO_ESTADO_V2_CONFORMAL,30,10,1.8090437634072458,OK_ANALOGOS_CONTINUIDAD_CORREGIDA,-0.07560701757031385,0.07560701757031385,0.0,CORREGIDO_ANCLA_OBSERVADO,-0.7939280867050909,4.593928086705091,2.6939280867050908,240.0,OK_CALIBRADO
2026-10-09,TAMSHIYACU,3.0,2026-10-08,2026-10-10,60,2,1.915197080941498,1.9379133765750298,1.915197080941498,1.9,1.847048194040902,1.6586970809414983,2.171697080941498,HIBRIDO_ANALOGO_CLIM,ANALOGO_ESTADO_V2_CONFORMAL,30,10,1.8090437634072458,OK_ANALOGOS_CONTINUIDAD_CORREGIDA,-0.07560701757031385,0.07560701757031385,0.0,CORREGIDO_ANCLA_OBSERVADO,-0.7787310057635928,4.609125167646589,2.6939280867050908,240.0,OK_CALIBRADO
2026-10-09,TAMSHIYACU,3.0,2026-10-08,2026-10-11,60,3,1.9494515050810488,1.9751790793493327,1.9494515050810488,1.9,1.8722687822761963,1.5589515050810492,2.3399515050810487,HIBRIDO_ANALOGO_CLIM,ANALOGO_ESTADO_V2_CONFORMAL,30,10,1.8090437634072458,OK_ANALOGOS_CONTINUIDAD_CORREGIDA,-0.07560701757031385,0.07560701757031385,0.0,CORREGIDO_ANCLA_OBSERVADO,-0.744476581624042,4.64337959178614,2.6939280867050908,240.0,OK_CALIBRADO
2026-10-09,TAMSHIYACU,3.0,2026-10-08,2026-10-12,60,4,2.2682340765372193,2.401105000954759,2.2682340765372193,1.9,1.8696213032845996,1.3619340765372199,3.174534076537219,HIBRIDO_ANALOGO_CLIM,ANALOGO_ESTADO_V2_CONFORMAL,30,10,1.8090437634072458,OK_ANALOGOS_CONTINUIDAD_CORREGIDA,-0.07560701757031385,0.07560701757031385,0.0,CORREGIDO_ANCLA_OBSERVADO,-0.42569401016787145,4.96216216324231,2.6939280867050908,240.0,OK_CALIBRADO
2026-10-09,TAMSHIYACU,3.0,2026-10-08,2026-10-13,60,5,2.3298107596651265,2.4421433795790835,2.3298107596651265,1.9,1.992812899923255,1.1346107596651267,3.525010759665126,HIBRIDO_ANALOGO_CLIM,ANALOGO_ESTADO_V2_CONFORMAL,30,10,1.8090437634072458,OK_ANALOGOS_CONTINUIDAD_CORREGIDA,-0.07560701757031385,0.07560701757031385,0.0,CORREGIDO_ANCLA_OBSERVADO,-0.36411732703996424,5.023738846370217,2.6939280867050908,240.0,OK_CALIBRADO
2026-10-09,TAMSHIYACU,3.0,2026-10-08,2026-10-14,60,6,2.3710088595038163,2.4753388852463565,2.3710088595038163,1.9,2.0580187822761964,0.9266588595038165,3.815358859503816,HIBRIDO_ANALOGO_CLIM,ANALOGO_ESTADO_V2_CONFORMAL,30,10,1.8090437634072458,OK_ANALOGOS_CONTINUIDAD_CORREGIDA,-0.07560701757031385,0.07560701757031385,0.0,CORREGIDO_ANCLA_OBSERVADO,-0.3229192272012744,5.064936946208907,2.6939280867050908,240.0,OK_CALIBRADO
2026-10-09,TAMSHIYACU,3.0,2026-10-08,2026-10-15,60,7,2.391039465878853,2.501131234362652,2.391039465878853,1.9,2.060764160427457,0.7165394658788533,4.065539465878853,HIBRIDO_ANALOGO_CLIM,ANALOGO_ESTADO_V2_CONFORMAL,30,10,1.8090437634072458,OK_ANALOGOS_CONTINUIDAD_CORREGIDA,-0.07560701757031385,0.07560701757031385,0.0,CORREGIDO_ANCLA_OBSERVADO,-0.3028886208262378,5.084967552583944,2.6939280867050908,240.0,OK_CALIBRADO
2026-10-09,TAMSHIYACU,3.0,2026-10-08,2026-10-16,60,8,2.3903230114269216,2.484295009379124,2.3903230114269216,1.9,2.108407017570314,0.5834730114269218,4.197173011426922,HIBRIDO_ANALOGO_CLIM,ANALOGO_ESTADO_V2_CONFORMAL,30,10,1.8090437634072458,OK_ANALOGOS_CONTINUIDAD_CORREGIDA,-0.07560701757031385,0.07560701757031385,0.0,CORREGIDO_ANCLA_OBSERVADO,-0.30360507527816916,5.084251098132013,2.6939280867050908,240.0,OK_CALIBRADO
2026-10-09,TAMSHIYACU,3.0,2026-10-08,2026-10-17,60,9,2.3893567739123744,2.491986322322691,2.3893567739123744,1.9,2.0814681286814247,0.5337567739123743,4.244956773912375,HIBRIDO_ANALOGO_CLIM,ANALOGO_ESTADO_V2_CONFORMAL,30,10,1.8090437634072458,OK_ANALOGOS_CONTINUIDAD_CORREGIDA,-0.07560701757031385,0.07560701757031385,0.0,CORREGIDO_ANCLA_OBSERVADO,-0.3045713127927163,5.083284860617465,2.6939280867050908,240.0,OK_CALIBRADO
2026-10-09,TAMSHIYACU,3.0,2026-10-08,2026-10-18,60,10,2.434382561852107,2.521744680216308,2.434382561852107,1.9,2.172296206759503,0.5696825618521073,4.299082561852107,HIBRIDO_ANALOGO_CLIM,ANALOGO_ESTADO_V2_CONFORMAL,30,10,1.8090437634072458,OK_ANALOGOS_CONTINUIDAD_CORREGIDA,-0.07560701757031385,0.07560701757031385,0.0,CORREGIDO_ANCLA_OBSERVADO,-0.2595455248529839,5.128310648557198,2.6939280867050908,240.0,OK_CALIBRADO
2026-10-09,TAMSHIYACU,3.0,2026-10-08,2026-10-19,60,11,2.4097487639787065,2.53928724085168,2.4097487639787065,1.9,2.0211333333597876,0.6601487639787065,4.159348763978707,HIBRIDO_ANALOGO_CLIM,ANALOGO_ESTADO_V2_CONFORMAL,30,10,1.8090437634072458,OK_ANALOGOS_CONTINUIDAD_CORREGIDA,-0.07560701757031385,0.07560701757031385,0.0,CORREGIDO_ANCLA_OBSERVADO,-0.28417932272638424,5.103676850683797,2.6939280867050908,240.0,OK_CALIBRADO
2026-10-09,TAMSHIYACU,3.0,2026-10-08,2026-10-20,60,12,2.4904109327665345,2.6327008343231695,2.4904109327665345,1.9,2.0635412280966294,0.7968109327665347,4.184010932766534,HIBRIDO_ANALOGO_CLIM,ANALOGO_ESTADO_V2_CONFORMAL,30,10,1.8090437634072458,OK_ANALOGOS_CONTINUIDAD_CORREGIDA,-0.07560701757031385,0.07560701757031385,0.0,CORREGIDO_ANCLA_OBSERVADO,-0.2035171539385563,5.184339019471626,2.6939280867050908,240.0,OK_CALIBRADO
2026-10-09,TAMSHIYACU,3.0,2026-10-08,2026-10-21,60,13,2.5675961140441923,2.7334087188517247,2.5675961140441923,1.9,2.0701582996215957,0.9399961140441928,4.195196114044192,HIBRIDO_ANALOGO_CLIM,ANALOGO_ESTADO_V2_CONFORMAL,30,10,1.8090437634072458,OK_ANALOGOS_CONTINUIDAD_CORREGIDA,-0.07560701757031385,0.07560701757031385,0.0,CORREGIDO_ANCLA_OBSERVADO,-0.12633197266089846,5.2615242007492835,2.6939280867050908,240.0,OK_CALIBRADO
2026-10-09,TAMSHIYACU,3.0,2026-10-08,2026-10-22,60,14,2.640964518003195,2.844012851480822,2.640964518003195,1.9,2.031819517570314,1.0029645180031952,4.278964518003194,HIBRIDO_ANALOGO_CLIM,ANALOGO_ESTADO_V2_CONFORMAL,30,10,1.8090437634072458,OK_ANALOGOS_CONTINUIDAD_CORREGIDA,-0.07560701757031385,0.07560701757031385,0.0,CORREGIDO_ANCLA_OBSERVADO,-0.05296356870189589,5.334892604708285,2.6939280867050908,240.0,OK_CALIBRADO
2026-10-09,TAMSHIYACU,3.0,2026-10-08,2026-10-23,60,15,2.7087980071969047,2.923303337072435,2.7087980071969047,1.9,2.065282017570314,1.045398007196905,4.372198007196904,HIBRIDO_ANALOGO_CLIM,ANALOGO_ESTADO_V2_CONFORMAL,30,10,1.8090437634072458,OK_ANALOGOS_CONTINUIDAD_CORREGIDA,-0.07560701757031385,0.07560701757031385,0.0,CORREGIDO_ANCLA_OBSERVADO,0.014869920491813904,5.402726093901995,2.6939280867050908,240.0,OK_CALIBRADO
2026-10-09,TAMSHIYACU,3.0,2026-10-08,2026-10-24,60,16,2.7263984918594297,2.939930609305395,2.7263984918594297,1.9,2.0858021395215336,1.0977984918594297,4.354998491859429,HIBRIDO_ANALOGO_CLIM,ANALOGO_ESTADO_V2_CONFORMAL,30,10,1.8090437634072458,OK_ANALOGOS_CONTINUIDAD_CORREGIDA,-0.07560701757031385,0.07560701757031385,0.0,CORREGIDO_ANCLA_OBSERVADO,0.032470405154338966,5.42032657856452,2.6939280867050908,240.0,OK_CALIBRADO
2026-10-09,TAMSHIYACU,3.0,2026-10-08,2026-10-25,60,17,2.905075998918416,3.1532567162783525,2.905075998918416,1.9,2.1605338468386064,1.056575998918416,4.753575998918416,HIBRIDO_ANALOGO_CLIM,ANALOGO_ESTADO_V2_CONFORMAL,30,10,1.8090437634072458,OK_ANALOGOS_CONTINUIDAD_CORREGIDA,-0.07560701757031385,0.07560701757031385,0.0,CORREGIDO_ANCLA_OBSERVADO,0.2111479122133253,5.599004085623507,2.6939280867050908,240.0,OK_CALIBRADO
2026-10-09,TAMSHIYACU,3.0,2026-10-08,2026-10-26,60,18,2.906944341160133,3.120473449023406,2.906944341160133,1.9,2.266357017570314,1.1658443411601334,4.648044341160133,HIBRIDO_ANALOGO_CLIM,ANALOGO_ESTADO_V2_CONFORMAL,30,10,1.8090437634072458,OK_ANALOGOS_CONTINUIDAD_CORREGIDA,-0.07560701757031385,0.07560701757031385,0.0,CORREGIDO_ANCLA_OBSERVADO,0.21301625445504202,5.600872427865223,2.6939280867050908,240.0,OK_CALIBRADO
2026-10-09,TAMSHIYACU,3.0,2026-10-08,2026-10-27,60,19,2.924122934176637,3.122069906378745,2.924122934176637,1.9,2.3302820175703136,1.351772934176637,4.496472934176637,HIBRIDO_ANALOGO_CLIM,ANALOGO_ESTADO_V2_CONFORMAL,30,10,1.8090437634072458,OK_ANALOGOS_CONTINUIDAD_CORREGIDA,-0.07560701757031385,0.07560701757031385,0.0,CORREGIDO_ANCLA_OBSERVADO,0.23019484747154628,5.618051020881728,2.6939280867050908,240.0,OK_CALIBRADO
2026-10-09,TAMSHIYACU,3.0,2026-10-08,2026-10-28,60,20,2.9448003522978494,3.1330981305403616,2.9448003522978494,1.9,2.379907017570314,1.5507003522978497,4.338900352297849,HIBRIDO_ANALOGO_CLIM,ANALOGO_ESTADO_V2_CONFORMAL,30,10,1.8090437634072458,OK_ANALOGOS_CONTINUIDAD_CORREGIDA,-0.07560701757031385,0.07560701757031385,0.0,CORREGIDO_ANCLA_OBSERVADO,0.25087226559275866,5.63872843900294,2.6939280867050908,240.0,OK_CALIBRADO
2026-10-09,TAMSHIYACU,3.0,2026-10-08,2026-10-29,60,21,2.992136850062409,3.1656592942264408,2.992136850062409,1.9,2.471569517570314,1.6596868500624091,4.324586850062409,HIBRIDO_ANALOGO_CLIM,ANALOGO_ESTADO_V2_CONFORMAL,30,10,1.8090437634072458,OK_ANALOGOS_CONTINUIDAD_CORREGIDA,-0.07560701757031385,0.07560701757031385,0.0,CORREGIDO_ANCLA_OBSERVADO,0.29820876335731805,5.686064936767499,2.6939280867050908,240.0,OK_CALIBRADO
2026-10-09,TAMSHIYACU,3.0,2026-10-08,2026-10-30,60,22,3.0304638239021675,3.2204973934924603,3.0304638239021675,1.9,2.4603631151312895,1.7298638239021678,4.331063823902167,HIBRIDO_ANALOGO_CLIM,ANALOGO_ESTADO_V2_CONFORMAL,30,10,1.8090437634072458,OK_ANALOGOS_CONTINUIDAD_CORREGIDA,-0.07560701757031385,0.07560701757031385,0.0,CORREGIDO_ANCLA_OBSERVADO,0.33653573719707675,5.724391910607258,2.6939280867050908,240.0,OK_CALIBRADO
2026-10-09,TAMSHIYACU,3.0,2026-10-08,2026-10-31,60,23,3.0738097523264543,3.2665564972451673,3.0738097523264543,1.9,2.495569517570314,1.7614597523264544,4.386159752326454,HIBRIDO_ANALOGO_CLIM,ANALOGO_ESTADO_V2_CONFORMAL,30,10,1.8090437634072458,OK_ANALOGOS_CONTINUIDAD_CORREGIDA,-0.07560701757031385,0.07560701757031385,0.0,CORREGIDO_ANCLA_OBSERVADO,0.3798816656213635,5.767737839031545,2.6939280867050908,240.0,OK_CALIBRADO
2026-10-09,TAMSHIYACU,3.0,2026-10-08,2026-11-01,60,24,3.1184742333188384,3.3236047686496475,3.1184742333188384,1.9,2.5030826273264113,1.7535242333188386,4.483424233318838,HIBRIDO_ANALOGO_CLIM,ANALOGO_ESTADO_V2_CONFORMAL,30,10,1.8090437634072458,OK_ANALOGOS_CONTINUIDAD_CORREGIDA,-0.07560701757031385,0.07560701757031385,0.0,CORREGIDO_ANCLA_OBSERVADO,0.4245461466137477,5.81240232002393,2.6939280867050908,240.0,OK_CALIBRADO
2026-10-09,TAMSHIYACU,3.0,2026-10-08,2026-11-02,60,25,3.175956156605534,3.3772058696172738,3.175956156605534,1.9,2.572207017570314,1.7739561566055344,4.577956156605533,HIBRIDO_ANALOGO_CLIM,ANALOGO_ESTADO_V2_CONFORMAL,30,10,1.8090437634072458,OK_ANALOGOS_CONTINUIDAD_CORREGIDA,-0.07560701757031385,0.07560701757031385,0.0,CORREGIDO_ANCLA_OBSERVADO,0.48202806990044333,5.869884243310625,2.6939280867050908,240.0,OK_CALIBRADO
2026-10-09,TAMSHIYACU,3.0,2026-10-08,2026-11-03,60,26,3.23782758082753,3.434046935246602,3.23782758082753,1.9,2.649169517570314,1.8197775808275303,4.6558775808275294,HIBRIDO_ANALOGO_CLIM,ANALOGO_ESTADO_V2_CONFORMAL,30,10,1.8090437634072458,OK_ANALOGOS_CONTINUIDAD_CORREGIDA,-0.07560701757031385,0.07560701757031385,0.0,CORREGIDO_ANCLA_OBSERVADO,0.5438994941224391,5.93175566753262,2.6939280867050908,240.0,OK_CALIBRADO
2026-10-09,TAMSHIYACU,3.0,2026-10-08,2026-11-04,60,27,3.325593189395517,3.5297969133372513,3.325593189395517,1.9,2.712982017570314,1.8621431893955174,4.7890431893955165,HIBRIDO_ANALOGO_CLIM,ANALOGO_ESTADO_V2_CONFORMAL,30,10,1.8090437634072458,OK_ANALOGOS_CONTINUIDAD_CORREGIDA,-0.07560701757031385,0.07560701757031385,0.0,CORREGIDO_ANCLA_OBSERVADO,0.6316651026904263,6.019521276100608,2.6939280867050908,240.0,OK_CALIBRADO
2026-10-09,TAMSHIYACU,3.0,2026-10-08,2026-11-05,60,28,3.4751559793766553,3.7043806333121023,3.4751559793766553,1.9,2.787482017570314,1.590955979376656,5.359355979376654,HIBRIDO_ANALOGO_CLIM,ANALOGO_ESTADO_V2_CONFORMAL,30,10,1.8090437634072458,OK_ANALOGOS_CONTINUIDAD_CORREGIDA,-0.07560701757031385,0.07560701757031385,0.0,CORREGIDO_ANCLA_OBSERVADO,0.7812278926715646,6.169084066081746,2.6939280867050908,240.0,OK_CALIBRADO
2026-10-09,TAMSHIYACU,3.0,2026-10-08,2026-11-06,60,29,3.550798547133795,3.795529056988289,3.550798547133795,1.9,2.816607017570314,1.6131985471337955,5.488398547133795,HIBRIDO_ANALOGO_CLIM,ANALOGO_ESTADO_V2_CONFORMAL,30,10,1.8090437634072458,OK_ANALOGOS_CONTINUIDAD_CORREGIDA,-0.07560701757031385,0.07560701757031385,0.0,CORREGIDO_ANCLA_OBSERVADO,0.8568704604287043,6.244726633838885,2.6939280867050908,240.0,OK_CALIBRADO
2026-10-09,TAMSHIYACU,3.0,2026-10-08,2026-11-07,60,30,3.6412258021028476,3.916456453857595,3.6412258021028476,1.9,2.8155338468386066,1.6011758021028477,5.6812758021028475,HIBRIDO_ANALOGO_CLIM,ANALOGO_ESTADO_V2_CONFORMAL,30,10,1.8090437634072458,OK_ANALOGOS_CONTINUIDAD_CORREGIDA,-0.07560701757031385,0.07560701757031385,0.0,CORREGIDO_ANCLA_OBSERVADO,0.9472977153977569,6.335153888807938,2.6939280867050908,240.0,OK_CALIBRADO
2026-10-09,TAMSHIYACU,3.0,2026-10-08,2026-11-08,60,31,3.6890410454649207,3.967831165896284,3.6890410454649207,1.9,2.8886436029361677,1.6358410454649208,5.74224104546492,HIBRIDO_ANALOGO_CLIM,ANALOGO_ESTADO_V2_CONFORMAL,30,10,1.8090437634072458,OK_ANALOGOS_CONTINUIDAD_CORREGIDA,-0.07560701757031385,0.07560701757031385,0.0,CORREGIDO_ANCLA_OBSERVADO,0.99511295875983,6.382969132170011,2.6939280867050908,240.0,OK_CALIBRADO
2026-10-09,TAMSHIYACU,3.0,2026-10-08,2026-11-09,60,32,3.790884135825935,4.076703087918888,3.790884135825935,1.9,3.004882017570314,1.7616341358259353,5.820134135825936,HIBRIDO_ANALOGO_CLIM,ANALOGO_ESTADO_V2_CONFORMAL,30,10,1.8090437634072458,OK_ANALOGOS_CONTINUIDAD_CORREGIDA,-0.07560701757031385,0.07560701757031385,0.0,CORREGIDO_ANCLA_OBSERVADO,1.0969560491208443,6.484812222531026,2.6939280867050908,240.0,OK_CALIBRADO
2026-10-09,TAMSHIYACU,3.0,2026-10-08,2026-11-10,60,33,4.2748682199168195,4.732041003565494,4.2748682199168195,1.9,3.069594517570314,1.6229182199168197,6.926818219916819,HIBRIDO_ANALOGO_CLIM,ANALOGO_ESTADO_V2_CONFORMAL,30,10,1.8090437634072458,OK_ANALOGOS_CONTINUIDAD_CORREGIDA,-0.07560701757031385,0.07560701757031385,0.0,CORREGIDO_ANCLA_OBSERVADO,1.5809401332117288,6.96879630662191,2.6939280867050908,240.0,OK_CALIBRADO
2026-10-09,TAMSHIYACU,3.0,2026-10-08,2026-11-11,60,34,3.922538139991603,4.191033866983442,3.922538139991603,1.9,3.2434018893651855,1.9088381399916035,5.936238139991603,HIBRIDO_ANALOGO_CLIM,ANALOGO_ESTADO_V2_CONFORMAL,30,10,1.8090437634072458,OK_ANALOGOS_CONTINUIDAD_CORREGIDA,-0.07560701757031385,0.07560701757031385,0.0,CORREGIDO_ANCLA_OBSERVADO,1.2286100532865123,6.616466226696694,2.6939280867050908,240.0,OK_CALIBRADO
2026-10-09,TAMSHIYACU,3.0,2026-10-08,2026-11-12,60,35,3.950690223172309,4.212707138902844,3.950690223172309,1.9,3.314363427826724,1.8681402231723092,6.033240223172308,HIBRIDO_ANALOGO_CLIM,ANALOGO_ESTADO_V2_CONFORMAL,30,10,1.8090437634072458,OK_ANALOGOS_CONTINUIDAD_CORREGIDA,-0.07560701757031385,0.07560701757031385,0.0,CORREGIDO_ANCLA_OBSERVADO,1.2567621364672181,6.6446183098774,2.6939280867050908,240.0,OK_CALIBRADO
2026-10-09,TAMSHIYACU,3.0,2026-10-08,2026-11-13,60,36,3.961521932016126,4.243196181064331,3.961521932016126,1.9,3.304282017570314,1.786871932016126,6.1361719320161265,HIBRIDO_ANALOGO_CLIM,ANALOGO_ESTADO_V2_CONFORMAL,30,10,1.8090437634072458,OK_ANALOGOS_CONTINUIDAD_CORREGIDA,-0.07560701757031385,0.07560701757031385,0.0,CORREGIDO_ANCLA_OBSERVADO,1.2675938453110351,6.655450018721217,2.6939280867050908,240.0,OK_CALIBRADO
2026-10-09,TAMSHIYACU,3.0,2026-10-08,2026-11-14,60,37,3.9695201691351243,4.269961030411591,3.9695201691351243,1.9,3.295558237082509,1.7875201691351248,6.151520169135124,HIBRIDO_ANALOGO_CLIM,ANALOGO_ESTADO_V2_CONFORMAL,30,10,1.8090437634072458,OK_ANALOGOS_CONTINUIDAD_CORREGIDA,-0.07560701757031385,0.07560701757031385,0.0,CORREGIDO_ANCLA_OBSERVADO,1.2755920824300335,6.6634482558402155,2.6939280867050908,240.0,OK_CALIBRADO
2026-10-09,TAMSHIYACU,3.0,2026-10-08,2026-11-15,60,38,3.9995795191944596,4.308669988418261,3.9995795191944596,1.9,3.3325948224483626,1.8140795191944592,6.18507951919446,HIBRIDO_ANALOGO_CLIM,ANALOGO_ESTADO_V2_CONFORMAL,30,10,1.8090437634072458,OK_ANALOGOS_CONTINUIDAD_CORREGIDA,-0.07560701757031385,0.07560701757031385,0.0,CORREGIDO_ANCLA_OBSERVADO,1.3056514324893689,6.69350760589955,2.6939280867050908,240.0,OK_CALIBRADO
2026-10-09,TAMSHIYACU,3.0,2026-10-08,2026-11-16,60,39,4.030675009644437,4.348462037445257,4.030675009644437,1.9,3.370655798058119,1.857675009644437,6.203675009644437,HIBRIDO_ANALOGO_CLIM,ANALOGO_ESTADO_V2_CONFORMAL,30,10,1.8090437634072458,OK_ANALOGOS_CONTINUIDAD_CORREGIDA,-0.07560701757031385,0.07560701757031385,0.0,CORREGIDO_ANCLA_OBSERVADO,1.336746922939346,6.724603096349528,2.6939280867050908,240.0,OK_CALIBRADO
2026-10-09,TAMSHIYACU,3.0,2026-10-08,2026-11-17,60,40,4.079093356058108,4.415177988716639,4.079093356058108,1.9,3.406924090741046,1.9268933560581087,6.231293356058107,HIBRIDO_ANALOGO_CLIM,ANALOGO_ESTADO_V2_CONFORMAL,30,10,1.8090437634072458,OK_ANALOGOS_CONTINUIDAD_CORREGIDA,-0.07560701757031385,0.07560701757031385,0.0,CORREGIDO_ANCLA_OBSERVADO,1.385165269353017,6.7730214427631985,2.6939280867050908,240.0,OK_CALIBRADO
2026-10-09,TAMSHIYACU,3.0,2026-10-08,2026-11-18,60,41,4.124075362905125,4.478198175040913,4.124075362905125,1.9,3.4417411639117774,2.0079253629051252,6.240225362905124,HIBRIDO_ANALOGO_CLIM,ANALOGO_ESTADO_V2_CONFORMAL,30,10,1.8090437634072458,OK_ANALOGOS_CONTINUIDAD_CORREGIDA,-0.07560701757031385,0.07560701757031385,0.0,CORREGIDO_ANCLA_OBSERVADO,1.4301472762000342,6.818003449610216,2.6939280867050908,240.0,OK_CALIBRADO
2026-10-09,TAMSHIYACU,3.0,2026-10-08,2026-11-19,60,42,4.186192449124753,4.5652825407872735,4.186192449124753,1.9,3.48216799318007,2.1564924491247526,6.215892449124752,HIBRIDO_ANALOGO_CLIM,ANALOGO_ESTADO_V2_CONFORMAL,30,10,1.8090437634072458,OK_ANALOGOS_CONTINUIDAD_CORREGIDA,-0.07560701757031385,0.07560701757031385,0.0,CORREGIDO_ANCLA_OBSERVADO,1.4922643624196619,6.880120535829843,2.6939280867050908,240.0,OK_CALIBRADO
2026-10-09,TAMSHIYACU,3.0,2026-10-08,2026-11-20,60,43,4.287907187523936,4.664227087627906,4.287907187523936,1.9,3.614032017570314,2.3257071875239363,6.250107187523936,HIBRIDO_ANALOGO_CLIM,ANALOGO_ESTADO_V2_CONFORMAL,30,10,1.8090437634072458,OK_ANALOGOS_CONTINUIDAD_CORREGIDA,-0.07560701757031385,0.07560701757031385,0.0,CORREGIDO_ANCLA_OBSERVADO,1.5939791008188449,6.981835274229026,2.6939280867050908,240.0,OK_CALIBRADO
2026-10-09,TAMSHIYACU,3.0,2026-10-08,2026-11-21,60,44,4.35353163142575,4.7442123289210025,4.35353163142575,1.9,3.6787195175703142,2.4364316314257506,6.270631631425751,HIBRIDO_ANALOGO_CLIM,ANALOGO_ESTADO_V2_CONFORMAL,30,10,1.8090437634072458,OK_ANALOGOS_CONTINUIDAD_CORREGIDA,-0.07560701757031385,0.07560701757031385,0.0,CORREGIDO_ANCLA_OBSERVADO,1.6596035447206594,7.047459718130841,2.6939280867050908,240.0,OK_CALIBRADO
2026-10-09,TAMSHIYACU,3.0,2026-10-08,2026-11-22,60,45,4.411367497100426,4.819163784818494,4.411367497100426,1.9,3.7317070175703138,2.5048674971004266,6.317867497100426,HIBRIDO_ANALOGO_CLIM,ANALOGO_ESTADO_V2_CONFORMAL,30,10,1.8090437634072458,OK_ANALOGOS_CONTINUIDAD_CORREGIDA,-0.07560701757031385,0.07560701757031385,0.0,CORREGIDO_ANCLA_OBSERVADO,1.7174394103953352,7.105295583805517,2.6939280867050908,240.0,OK_CALIBRADO
2026-10-09,TAMSHIYACU,3.0,2026-10-08,2026-11-23,60,46,4.468238521894886,4.891489186745296,4.468238521894886,1.9,3.7873570175703137,2.5583885218948863,6.3780885218948855,HIBRIDO_ANALOGO_CLIM,ANALOGO_ESTADO_V2_CONFORMAL,30,10,1.8090437634072458,OK_ANALOGOS_CONTINUIDAD_CORREGIDA,-0.07560701757031385,0.07560701757031385,0.0,CORREGIDO_ANCLA_OBSERVADO,1.7743104351897951,7.162166608599977,2.6939280867050908,240.0,OK_CALIBRADO
2026-10-09,TAMSHIYACU,3.0,2026-10-08,2026-11-24,60,47,4.527137907569686,4.9704788572953085,4.527137907569686,1.9,3.8385445175703143,2.6512379075696857,6.4030379075696855,HIBRIDO_ANALOGO_CLIM,ANALOGO_ESTADO_V2_CONFORMAL,30,10,1.8090437634072458,OK_ANALOGOS_CONTINUIDAD_CORREGIDA,-0.07560701757031385,0.07560701757031385,0.0,CORREGIDO_ANCLA_OBSERVADO,1.833209820864595,7.221065994274777,2.6939280867050908,240.0,OK_CALIBRADO
2026-10-09,TAMSHIYACU,3.0,2026-10-08,2026-11-25,60,48,4.585129440477295,5.051927722415283,4.585129440477295,1.9,3.8849320175703137,2.7529294404772955,6.417329440477294,HIBRIDO_ANALOGO_CLIM,ANALOGO_ESTADO_V2_CONFORMAL,30,10,1.8090437634072458,OK_ANALOGOS_CONTINUIDAD_CORREGIDA,-0.07560701757031385,0.07560701757031385,0.0,CORREGIDO_ANCLA_OBSERVADO,1.891201353772204,7.279057527182386,2.6939280867050908,240.0,OK_CALIBRADO
2026-10-09,TAMSHIYACU,3.0,2026-10-08,2026-11-26,60,49,4.640763105703062,5.125901814414395,4.640763105703062,1.9,3.937807017570314,2.8159131057030624,6.465613105703062,HIBRIDO_ANALOGO_CLIM,ANALOGO_ESTADO_V2_CONFORMAL,30,10,1.8090437634072458,OK_ANALOGOS_CONTINUIDAD_CORREGIDA,-0.07560701757031385,0.07560701757031385,0.0,CORREGIDO_ANCLA_OBSERVADO,1.9468350189979713,7.334691192408153,2.6939280867050908,240.0,OK_CALIBRADO
2026-10-09,TAMSHIYACU,3.0,2026-10-08,2026-11-27,60,50,4.689043683359569,5.185221658923323,4.689043683359569,1.9,3.9943945175703135,2.9051936833595695,6.472893683359569,HIBRIDO_ANALOGO_CLIM,ANALOGO_ESTADO_V2_CONFORMAL,30,10,1.8090437634072458,OK_ANALOGOS_CONTINUIDAD_CORREGIDA,-0.07560701757031385,0.07560701757031385,0.0,CORREGIDO_ANCLA_OBSERVADO,1.995115596654478,7.3829717700646595,2.6939280867050908,240.0,OK_CALIBRADO
2026-10-09,TAMSHIYACU,3.0,2026-10-08,2026-11-28,60,51,4.696857715550968,5.238933788183541,4.696857715550968,1.9,3.963460676106899,2.931157715550968,6.462557715550968,HIBRIDO_ANALOGO_CLIM,ANALOGO_ESTADO_V2_CONFORMAL,30,10,1.8090437634072458,OK_ANALOGOS_CONTINUIDAD_CORREGIDA,-0.07560701757031385,0.07560701757031385,0.0,CORREGIDO_ANCLA_OBSERVADO,2.0029296288458776,7.390785802256059,2.6939280867050908,240.0,OK_CALIBRADO
2026-10-09,TAMSHIYACU,3.0,2026-10-08,2026-11-29,60,52,4.746201732016193,5.290548909634061,4.746201732016193,1.9,4.034363115131289,3.036101732016194,6.456301732016192,HIBRIDO_ANALOGO_CLIM,ANALOGO_ESTADO_V2_CONFORMAL,30,10,1.8090437634072458,OK_ANALOGOS_CONTINUIDAD_CORREGIDA,-0.07560701757031385,0.07560701757031385,0.0,CORREGIDO_ANCLA_OBSERVADO,2.052273645311102,7.440129818721283,2.6939280867050908,240.0,OK_CALIBRADO
2026-10-09,TAMSHIYACU,3.0,2026-10-08,2026-11-30,60,53,4.811307436410395,5.374651269733838,4.811307436410395,1.9,4.099155798058119,3.1445074364103953,6.478107436410395,HIBRIDO_ANALOGO_CLIM,ANALOGO_ESTADO_V2_CONFORMAL,30,10,1.8090437634072458,OK_ANALOGOS_CONTINUIDAD_CORREGIDA,-0.07560701757031385,0.07560701757031385,0.0,CORREGIDO_ANCLA_OBSERVADO,2.1173793497053044,7.505235523115486,2.6939280867050908,240.0,OK_CALIBRADO
2026-10-09,TAMSHIYACU,3.0,2026-10-08,2026-12-01,60,54,4.91655010346209,5.603074965944972,4.91655010346209,1.9,4.077464160427457,3.2572001034620914,6.575900103462089,HIBRIDO_ANALOGO_CLIM,ANALOGO_ESTADO_V2_CONFORMAL,30,10,1.8090437634072458,OK_ANALOGOS_CONTINUIDAD_CORREGIDA,-0.07560701757031385,0.07560701757031385,0.0,CORREGIDO_ANCLA_OBSERVADO,2.2226220167569997,7.610478190167181,2.6939280867050908,240.0,OK_CALIBRADO
2026-10-09,TAMSHIYACU,3.0,2026-10-08,2026-12-02,60,55,4.926653373376037,5.651393849755476,4.926653373376037,1.9,4.070141901291244,3.2438533733760373,6.609453373376037,HIBRIDO_ANALOGO_CLIM,ANALOGO_ESTADO_V2_CONFORMAL,30,10,1.8090437634072458,OK_ANALOGOS_CONTINUIDAD_CORREGIDA,-0.07560701757031385,0.07560701757031385,0.0,CORREGIDO_ANCLA_OBSERVADO,2.232725286670946,7.6205814600811275,2.6939280867050908,240.0,OK_CALIBRADO
2026-10-09,TAMSHIYACU,3.0,2026-10-08,2026-12-03,60,56,4.947895559673401,5.683829720060113,4.947895559673401,1.9,4.106827947802872,3.275695559673401,6.620095559673401,HIBRIDO_ANALOGO_CLIM,ANALOGO_ESTADO_V2_CONFORMAL,30,10,1.8090437634072458,OK_ANALOGOS_CONTINUIDAD_CORREGIDA,-0.07560701757031385,0.07560701757031385,0.0,CORREGIDO_ANCLA_OBSERVADO,2.25396747296831,7.641823646378492,2.6939280867050908,240.0,OK_CALIBRADO
2026-10-09,TAMSHIYACU,3.0,2026-10-08,2026-12-04,60,57,4.9640248398246385,5.716007520646104,4.9640248398246385,1.9,4.132886087337756,3.318274839824639,6.609774839824638,HIBRIDO_ANALOGO_CLIM,ANALOGO_ESTADO_V2_CONFORMAL,30,10,1.8090437634072458,OK_ANALOGOS_CONTINUIDAD_CORREGIDA,-0.07560701757031385,0.07560701757031385,0.0,CORREGIDO_ANCLA_OBSERVADO,2.2700967531195477,7.657952926529729,2.6939280867050908,240.0,OK_CALIBRADO
2026-10-09,TAMSHIYACU,3.0,2026-10-08,2026-12-05,60,58,4.928029310027185,5.654675295543853,4.928029310027185,1.9,4.151269808267989,3.2849293100271852,6.571129310027184,HIBRIDO_ANALOGO_CLIM,ANALOGO_ESTADO_V2_CONFORMAL,30,10,1.8090437634072458,OK_ANALOGOS_CONTINUIDAD_CORREGIDA,-0.07560701757031385,0.07560701757031385,0.0,CORREGIDO_ANCLA_OBSERVADO,2.234101223322094,7.621957396732276,2.6939280867050908,240.0,OK_CALIBRADO
2026-10-09,TAMSHIYACU,3.0,2026-10-08,2026-12-06,60,59,4.978542963600741,5.708288291499785,4.978542963600741,1.9,4.224060505942407,3.2986929636007405,6.658392963600741,HIBRIDO_ANALOGO_CLIM,ANALOGO_ESTADO_V2_CONFORMAL,30,10,1.8090437634072458,OK_ANALOGOS_CONTINUIDAD_CORREGIDA,-0.07560701757031385,0.07560701757031385,0.0,CORREGIDO_ANCLA_OBSERVADO,2.28461487689565,7.672471050305831,2.6939280867050908,240.0,OK_CALIBRADO
2026-10-09,TAMSHIYACU,3.0,2026-10-08,2026-12-07,60,60,4.98533200440111,5.688429084255163,4.98533200440111,1.9,4.2822349245470575,3.327632004401111,6.6430320044011095,HIBRIDO_ANALOGO_CLIM,ANALOGO_ESTADO_V2_CONFORMAL,30,10,1.8090437634072458,OK_ANALOGOS_CONTINUIDAD_CORREGIDA,-0.07560701757031385,0.07560701757031385,0.0,CORREGIDO_ANCLA_OBSERVADO,2.2914039176960195,7.679260091106201,2.6939280867050908,240.0,OK_CALIBRADO
2026-10-09,TAMSHIYACU,3.0,2026-10-08,2026-10-09,90,1,1.9,1.9568763645135991,1.9,1.9,1.7293709064592027,1.7539,2.0461,HIBRIDO_ANALOGO_CLIM,ANALOGO_ESTADO_V2_CONFORMAL,30,10,1.8090437634072458,OK_ANALOGOS_CONTINUIDAD_CORREGIDA,-0.07560701757031385,0.07560701757031385,0.0,CORREGIDO_ANCLA_OBSERVADO,-0.7666033175931823,4.566603317593183,2.6666033175931823,360.0,OK_CALIBRADO
2026-10-09,TAMSHIYACU,3.0,2026-10-08,2026-10-10,90,2,1.915197080941498,1.9379133765750298,1.915197080941498,1.9,1.847048194040902,1.6586970809414983,2.171697080941498,HIBRIDO_ANALOGO_CLIM,ANALOGO_ESTADO_V2_CONFORMAL,30,10,1.8090437634072458,OK_ANALOGOS_CONTINUIDAD_CORREGIDA,-0.07560701757031385,0.07560701757031385,0.0,CORREGIDO_ANCLA_OBSERVADO,-0.7514062366516843,4.58180039853468,2.6666033175931823,360.0,OK_CALIBRADO
2026-10-09,TAMSHIYACU,3.0,2026-10-08,2026-10-11,90,3,1.9494515050810488,1.9751790793493327,1.9494515050810488,1.9,1.8722687822761963,1.5589515050810492,2.3399515050810487,HIBRIDO_ANALOGO_CLIM,ANALOGO_ESTADO_V2_CONFORMAL,30,10,1.8090437634072458,OK_ANALOGOS_CONTINUIDAD_CORREGIDA,-0.07560701757031385,0.07560701757031385,0.0,CORREGIDO_ANCLA_OBSERVADO,-0.7171518125121334,4.616054822674231,2.6666033175931823,360.0,OK_CALIBRADO
2026-10-09,TAMSHIYACU,3.0,2026-10-08,2026-10-12,90,4,2.2682340765372193,2.401105000954759,2.2682340765372193,1.9,1.8696213032845996,1.3619340765372199,3.174534076537219,HIBRIDO_ANALOGO_CLIM,ANALOGO_ESTADO_V2_CONFORMAL,30,10,1.8090437634072458,OK_ANALOGOS_CONTINUIDAD_CORREGIDA,-0.07560701757031385,0.07560701757031385,0.0,CORREGIDO_ANCLA_OBSERVADO,-0.39836924105596294,4.934837394130401,2.6666033175931823,360.0,OK_CALIBRADO
2026-10-09,TAMSHIYACU,3.0,2026-10-08,2026-10-13,90,5,2.3298107596651265,2.4421433795790835,2.3298107596651265,1.9,1.992812899923255,1.1346107596651267,3.525010759665126,HIBRIDO_ANALOGO_CLIM,ANALOGO_ESTADO_V2_CONFORMAL,30,10,1.8090437634072458,OK_ANALOGOS_CONTINUIDAD_CORREGIDA,-0.07560701757031385,0.07560701757031385,0.0,CORREGIDO_ANCLA_OBSERVADO,-0.33679255792805574,4.996414077258309,2.6666033175931823,360.0,OK_CALIBRADO
2026-10-09,TAMSHIYACU,3.0,2026-10-08,2026-10-14,90,6,2.3710088595038163,2.4753388852463565,2.3710088595038163,1.9,2.0580187822761964,0.9266588595038165,3.815358859503816,HIBRIDO_ANALOGO_CLIM,ANALOGO_ESTADO_V2_CONFORMAL,30,10,1.8090437634072458,OK_ANALOGOS_CONTINUIDAD_CORREGIDA,-0.07560701757031385,0.07560701757031385,0.0,CORREGIDO_ANCLA_OBSERVADO,-0.2955944580893659,5.037612177096999,2.6666033175931823,360.0,OK_CALIBRADO
2026-10-09,TAMSHIYACU,3.0,2026-10-08,2026-10-15,90,7,2.391039465878853,2.501131234362652,2.391039465878853,1.9,2.060764160427457,0.7165394658788533,4.065539465878853,HIBRIDO_ANALOGO_CLIM,ANALOGO_ESTADO_V2_CONFORMAL,30,10,1.8090437634072458,OK_ANALOGOS_CONTINUIDAD_CORREGIDA,-0.07560701757031385,0.07560701757031385,0.0,CORREGIDO_ANCLA_OBSERVADO,-0.2755638517143293,5.057642783472035,2.6666033175931823,360.0,OK_CALIBRADO
2026-10-09,TAMSHIYACU,3.0,2026-10-08,2026-10-16,90,8,2.3903230114269216,2.484295009379124,2.3903230114269216,1.9,2.108407017570314,0.5834730114269218,4.197173011426922,HIBRIDO_ANALOGO_CLIM,ANALOGO_ESTADO_V2_CONFORMAL,30,10,1.8090437634072458,OK_ANALOGOS_CONTINUIDAD_CORREGIDA,-0.07560701757031385,0.07560701757031385,0.0,CORREGIDO_ANCLA_OBSERVADO,-0.27628030616626065,5.056926329020104,2.6666033175931823,360.0,OK_CALIBRADO
2026-10-09,TAMSHIYACU,3.0,2026-10-08,2026-10-17,90,9,2.3893567739123744,2.491986322322691,2.3893567739123744,1.9,2.0814681286814247,0.5337567739123743,4.244956773912375,HIBRIDO_ANALOGO_CLIM,ANALOGO_ESTADO_V2_CONFORMAL,30,10,1.8090437634072458,OK_ANALOGOS_CONTINUIDAD_CORREGIDA,-0.07560701757031385,0.07560701757031385,0.0,CORREGIDO_ANCLA_OBSERVADO,-0.2772465436808078,5.055960091505557,2.6666033175931823,360.0,OK_CALIBRADO
2026-10-09,TAMSHIYACU,3.0,2026-10-08,2026-10-18,90,10,2.434382561852107,2.521744680216308,2.434382561852107,1.9,2.172296206759503,0.5696825618521073,4.299082561852107,HIBRIDO_ANALOGO_CLIM,ANALOGO_ESTADO_V2_CONFORMAL,30,10,1.8090437634072458,OK_ANALOGOS_CONTINUIDAD_CORREGIDA,-0.07560701757031385,0.07560701757031385,0.0,CORREGIDO_ANCLA_OBSERVADO,-0.23222075574107537,5.10098587944529,2.6666033175931823,360.0,OK_CALIBRADO
2026-10-09,TAMSHIYACU,3.0,2026-10-08,2026-10-19,90,11,2.4097487639787065,2.53928724085168,2.4097487639787065,1.9,2.0211333333597876,0.6601487639787065,4.159348763978707,HIBRIDO_ANALOGO_CLIM,ANALOGO_ESTADO_V2_CONFORMAL,30,10,1.8090437634072458,OK_ANALOGOS_CONTINUIDAD_CORREGIDA,-0.07560701757031385,0.07560701757031385,0.0,CORREGIDO_ANCLA_OBSERVADO,-0.25685455361447573,5.076352081571889,2.6666033175931823,360.0,OK_CALIBRADO
2026-10-09,TAMSHIYACU,3.0,2026-10-08,2026-10-20,90,12,2.4904109327665345,2.6327008343231695,2.4904109327665345,1.9,2.0635412280966294,0.7968109327665347,4.184010932766534,HIBRIDO_ANALOGO_CLIM,ANALOGO_ESTADO_V2_CONFORMAL,30,10,1.8090437634072458,OK_ANALOGOS_CONTINUIDAD_CORREGIDA,-0.07560701757031385,0.07560701757031385,0.0,CORREGIDO_ANCLA_OBSERVADO,-0.17619238482664779,5.157014250359717,2.6666033175931823,360.0,OK_CALIBRADO
2026-10-09,TAMSHIYACU,3.0,2026-10-08,2026-10-21,90,13,2.5675961140441923,2.7334087188517247,2.5675961140441923,1.9,2.0701582996215957,0.9399961140441928,4.195196114044192,HIBRIDO_ANALOGO_CLIM,ANALOGO_ESTADO_V2_CONFORMAL,30,10,1.8090437634072458,OK_ANALOGOS_CONTINUIDAD_CORREGIDA,-0.07560701757031385,0.07560701757031385,0.0,CORREGIDO_ANCLA_OBSERVADO,-0.09900720354898995,5.234199431637375,2.6666033175931823,360.0,OK_CALIBRADO
2026-10-09,TAMSHIYACU,3.0,2026-10-08,2026-10-22,90,14,2.640964518003195,2.844012851480822,2.640964518003195,1.9,2.031819517570314,1.0029645180031952,4.278964518003194,HIBRIDO_ANALOGO_CLIM,ANALOGO_ESTADO_V2_CONFORMAL,30,10,1.8090437634072458,OK_ANALOGOS_CONTINUIDAD_CORREGIDA,-0.07560701757031385,0.07560701757031385,0.0,CORREGIDO_ANCLA_OBSERVADO,-0.025638799589987382,5.307567835596377,2.6666033175931823,360.0,OK_CALIBRADO
2026-10-09,TAMSHIYACU,3.0,2026-10-08,2026-10-23,90,15,2.7087980071969047,2.923303337072435,2.7087980071969047,1.9,2.065282017570314,1.045398007196905,4.372198007196904,HIBRIDO_ANALOGO_CLIM,ANALOGO_ESTADO_V2_CONFORMAL,30,10,1.8090437634072458,OK_ANALOGOS_CONTINUIDAD_CORREGIDA,-0.07560701757031385,0.07560701757031385,0.0,CORREGIDO_ANCLA_OBSERVADO,0.04219468960372241,5.3754013247900865,2.6666033175931823,360.0,OK_CALIBRADO
2026-10-09,TAMSHIYACU,3.0,2026-10-08,2026-10-24,90,16,2.7263984918594297,2.939930609305395,2.7263984918594297,1.9,2.0858021395215336,1.0977984918594297,4.354998491859429,HIBRIDO_ANALOGO_CLIM,ANALOGO_ESTADO_V2_CONFORMAL,30,10,1.8090437634072458,OK_ANALOGOS_CONTINUIDAD_CORREGIDA,-0.07560701757031385,0.07560701757031385,0.0,CORREGIDO_ANCLA_OBSERVADO,0.059795174266247475,5.3930018094526115,2.6666033175931823,360.0,OK_CALIBRADO
2026-10-09,TAMSHIYACU,3.0,2026-10-08,2026-10-25,90,17,2.905075998918416,3.1532567162783525,2.905075998918416,1.9,2.1605338468386064,1.056575998918416,4.753575998918416,HIBRIDO_ANALOGO_CLIM,ANALOGO_ESTADO_V2_CONFORMAL,30,10,1.8090437634072458,OK_ANALOGOS_CONTINUIDAD_CORREGIDA,-0.07560701757031385,0.07560701757031385,0.0,CORREGIDO_ANCLA_OBSERVADO,0.2384726813252338,5.571679316511599,2.6666033175931823,360.0,OK_CALIBRADO
2026-10-09,TAMSHIYACU,3.0,2026-10-08,2026-10-26,90,18,2.906944341160133,3.120473449023406,2.906944341160133,1.9,2.266357017570314,1.1658443411601334,4.648044341160133,HIBRIDO_ANALOGO_CLIM,ANALOGO_ESTADO_V2_CONFORMAL,30,10,1.8090437634072458,OK_ANALOGOS_CONTINUIDAD_CORREGIDA,-0.07560701757031385,0.07560701757031385,0.0,CORREGIDO_ANCLA_OBSERVADO,0.24034102356695053,5.573547658753315,2.6666033175931823,360.0,OK_CALIBRADO
2026-10-09,TAMSHIYACU,3.0,2026-10-08,2026-10-27,90,19,2.924122934176637,3.122069906378745,2.924122934176637,1.9,2.3302820175703136,1.351772934176637,4.496472934176637,HIBRIDO_ANALOGO_CLIM,ANALOGO_ESTADO_V2_CONFORMAL,30,10,1.8090437634072458,OK_ANALOGOS_CONTINUIDAD_CORREGIDA,-0.07560701757031385,0.07560701757031385,0.0,CORREGIDO_ANCLA_OBSERVADO,0.2575196165834548,5.590726251769819,2.6666033175931823,360.0,OK_CALIBRADO
2026-10-09,TAMSHIYACU,3.0,2026-10-08,2026-10-28,90,20,2.9448003522978494,3.1330981305403616,2.9448003522978494,1.9,2.379907017570314,1.5507003522978497,4.338900352297849,HIBRIDO_ANALOGO_CLIM,ANALOGO_ESTADO_V2_CONFORMAL,30,10,1.8090437634072458,OK_ANALOGOS_CONTINUIDAD_CORREGIDA,-0.07560701757031385,0.07560701757031385,0.0,CORREGIDO_ANCLA_OBSERVADO,0.27819703470466717,5.611403669891032,2.6666033175931823,360.0,OK_CALIBRADO
2026-10-09,TAMSHIYACU,3.0,2026-10-08,2026-10-29,90,21,2.992136850062409,3.1656592942264408,2.992136850062409,1.9,2.471569517570314,1.6596868500624091,4.324586850062409,HIBRIDO_ANALOGO_CLIM,ANALOGO_ESTADO_V2_CONFORMAL,30,10,1.8090437634072458,OK_ANALOGOS_CONTINUIDAD_CORREGIDA,-0.07560701757031385,0.07560701757031385,0.0,CORREGIDO_ANCLA_OBSERVADO,0.32553353246922656,5.658740167655591,2.6666033175931823,360.0,OK_CALIBRADO
2026-10-09,TAMSHIYACU,3.0,2026-10-08,2026-10-30,90,22,3.0304638239021675,3.2204973934924603,3.0304638239021675,1.9,2.4603631151312895,1.7298638239021678,4.331063823902167,HIBRIDO_ANALOGO_CLIM,ANALOGO_ESTADO_V2_CONFORMAL,30,10,1.8090437634072458,OK_ANALOGOS_CONTINUIDAD_CORREGIDA,-0.07560701757031385,0.07560701757031385,0.0,CORREGIDO_ANCLA_OBSERVADO,0.36386050630898525,5.697067141495349,2.6666033175931823,360.0,OK_CALIBRADO
2026-10-09,TAMSHIYACU,3.0,2026-10-08,2026-10-31,90,23,3.0738097523264543,3.2665564972451673,3.0738097523264543,1.9,2.495569517570314,1.7614597523264544,4.386159752326454,HIBRIDO_ANALOGO_CLIM,ANALOGO_ESTADO_V2_CONFORMAL,30,10,1.8090437634072458,OK_ANALOGOS_CONTINUIDAD_CORREGIDA,-0.07560701757031385,0.07560701757031385,0.0,CORREGIDO_ANCLA_OBSERVADO,0.407206434733272,5.7404130699196365,2.6666033175931823,360.0,OK_CALIBRADO
2026-10-09,TAMSHIYACU,3.0,2026-10-08,2026-11-01,90,24,3.1184742333188384,3.3236047686496475,3.1184742333188384,1.9,2.5030826273264113,1.7535242333188386,4.483424233318838,HIBRIDO_ANALOGO_CLIM,ANALOGO_ESTADO_V2_CONFORMAL,30,10,1.8090437634072458,OK_ANALOGOS_CONTINUIDAD_CORREGIDA,-0.07560701757031385,0.07560701757031385,0.0,CORREGIDO_ANCLA_OBSERVADO,0.4518709157256562,5.785077550912021,2.6666033175931823,360.0,OK_CALIBRADO
2026-10-09,TAMSHIYACU,3.0,2026-10-08,2026-11-02,90,25,3.175956156605534,3.3772058696172738,3.175956156605534,1.9,2.572207017570314,1.7739561566055344,4.577956156605533,HIBRIDO_ANALOGO_CLIM,ANALOGO_ESTADO_V2_CONFORMAL,30,10,1.8090437634072458,OK_ANALOGOS_CONTINUIDAD_CORREGIDA,-0.07560701757031385,0.07560701757031385,0.0,CORREGIDO_ANCLA_OBSERVADO,0.5093528390123518,5.842559474198716,2.6666033175931823,360.0,OK_CALIBRADO
2026-10-09,TAMSHIYACU,3.0,2026-10-08,2026-11-03,90,26,3.23782758082753,3.434046935246602,3.23782758082753,1.9,2.649169517570314,1.8197775808275303,4.6558775808275294,HIBRIDO_ANALOGO_CLIM,ANALOGO_ESTADO_V2_CONFORMAL,30,10,1.8090437634072458,OK_ANALOGOS_CONTINUIDAD_CORREGIDA,-0.07560701757031385,0.07560701757031385,0.0,CORREGIDO_ANCLA_OBSERVADO,0.5712242632343476,5.904430898420712,2.6666033175931823,360.0,OK_CALIBRADO
2026-10-09,TAMSHIYACU,3.0,2026-10-08,2026-11-04,90,27,3.325593189395517,3.5297969133372513,3.325593189395517,1.9,2.712982017570314,1.8621431893955174,4.7890431893955165,HIBRIDO_ANALOGO_CLIM,ANALOGO_ESTADO_V2_CONFORMAL,30,10,1.8090437634072458,OK_ANALOGOS_CONTINUIDAD_CORREGIDA,-0.07560701757031385,0.07560701757031385,0.0,CORREGIDO_ANCLA_OBSERVADO,0.6589898718023348,5.9921965069887,2.6666033175931823,360.0,OK_CALIBRADO
2026-10-09,TAMSHIYACU,3.0,2026-10-08,2026-11-05,90,28,3.4751559793766553,3.7043806333121023,3.4751559793766553,1.9,2.787482017570314,1.590955979376656,5.359355979376654,HIBRIDO_ANALOGO_CLIM,ANALOGO_ESTADO_V2_CONFORMAL,30,10,1.8090437634072458,OK_ANALOGOS_CONTINUIDAD_CORREGIDA,-0.07560701757031385,0.07560701757031385,0.0,CORREGIDO_ANCLA_OBSERVADO,0.8085526617834731,6.141759296969838,2.6666033175931823,360.0,OK_CALIBRADO
2026-10-09,TAMSHIYACU,3.0,2026-10-08,2026-11-06,90,29,3.550798547133795,3.795529056988289,3.550798547133795,1.9,2.816607017570314,1.6131985471337955,5.488398547133795,HIBRIDO_ANALOGO_CLIM,ANALOGO_ESTADO_V2_CONFORMAL,30,10,1.8090437634072458,OK_ANALOGOS_CONTINUIDAD_CORREGIDA,-0.07560701757031385,0.07560701757031385,0.0,CORREGIDO_ANCLA_OBSERVADO,0.8841952295406128,6.217401864726977,2.6666033175931823,360.0,OK_CALIBRADO
2026-10-09,TAMSHIYACU,3.0,2026-10-08,2026-11-07,90,30,3.6412258021028476,3.916456453857595,3.6412258021028476,1.9,2.8155338468386066,1.6011758021028477,5.6812758021028475,HIBRIDO_ANALOGO_CLIM,ANALOGO_ESTADO_V2_CONFORMAL,30,10,1.8090437634072458,OK_ANALOGOS_CONTINUIDAD_CORREGIDA,-0.07560701757031385,0.07560701757031385,0.0,CORREGIDO_ANCLA_OBSERVADO,0.9746224845096654,6.30782911969603,2.6666033175931823,360.0,OK_CALIBRADO
2026-10-09,TAMSHIYACU,3.0,2026-10-08,2026-11-08,90,31,3.6890410454649207,3.967831165896284,3.6890410454649207,1.9,2.8886436029361677,1.6358410454649208,5.74224104546492,HIBRIDO_ANALOGO_CLIM,ANALOGO_ESTADO_V2_CONFORMAL,30,10,1.8090437634072458,OK_ANALOGOS_CONTINUIDAD_CORREGIDA,-0.07560701757031385,0.07560701757031385,0.0,CORREGIDO_ANCLA_OBSERVADO,1.0224377278717385,6.3556443630581025,2.6666033175931823,360.0,OK_CALIBRADO
2026-10-09,TAMSHIYACU,3.0,2026-10-08,2026-11-09,90,32,3.790884135825935,4.076703087918888,3.790884135825935,1.9,3.004882017570314,1.7616341358259353,5.820134135825936,HIBRIDO_ANALOGO_CLIM,ANALOGO_ESTADO_V2_CONFORMAL,30,10,1.8090437634072458,OK_ANALOGOS_CONTINUIDAD_CORREGIDA,-0.07560701757031385,0.07560701757031385,0.0,CORREGIDO_ANCLA_OBSERVADO,1.1242808182327528,6.457487453419118,2.6666033175931823,360.0,OK_CALIBRADO
2026-10-09,TAMSHIYACU,3.0,2026-10-08,2026-11-10,90,33,4.2748682199168195,4.732041003565494,4.2748682199168195,1.9,3.069594517570314,1.6229182199168197,6.926818219916819,HIBRIDO_ANALOGO_CLIM,ANALOGO_ESTADO_V2_CONFORMAL,30,10,1.8090437634072458,OK_ANALOGOS_CONTINUIDAD_CORREGIDA,-0.07560701757031385,0.07560701757031385,0.0,CORREGIDO_ANCLA_OBSERVADO,1.6082649023236373,6.941471537510002,2.6666033175931823,360.0,OK_CALIBRADO
2026-10-09,TAMSHIYACU,3.0,2026-10-08,2026-11-11,90,34,3.922538139991603,4.191033866983442,3.922538139991603,1.9,3.2434018893651855,1.9088381399916035,5.936238139991603,HIBRIDO_ANALOGO_CLIM,ANALOGO_ESTADO_V2_CONFORMAL,30,10,1.8090437634072458,OK_ANALOGOS_CONTINUIDAD_CORREGIDA,-0.07560701757031385,0.07560701757031385,0.0,CORREGIDO_ANCLA_OBSERVADO,1.2559348223984208,6.589141457584786,2.6666033175931823,360.0,OK_CALIBRADO
2026-10-09,TAMSHIYACU,3.0,2026-10-08,2026-11-12,90,35,3.950690223172309,4.212707138902844,3.950690223172309,1.9,3.314363427826724,1.8681402231723092,6.033240223172308,HIBRIDO_ANALOGO_CLIM,ANALOGO_ESTADO_V2_CONFORMAL,30,10,1.8090437634072458,OK_ANALOGOS_CONTINUIDAD_CORREGIDA,-0.07560701757031385,0.07560701757031385,0.0,CORREGIDO_ANCLA_OBSERVADO,1.2840869055791266,6.617293540765491,2.6666033175931823,360.0,OK_CALIBRADO
2026-10-09,TAMSHIYACU,3.0,2026-10-08,2026-11-13,90,36,3.961521932016126,4.243196181064331,3.961521932016126,1.9,3.304282017570314,1.786871932016126,6.1361719320161265,HIBRIDO_ANALOGO_CLIM,ANALOGO_ESTADO_V2_CONFORMAL,30,10,1.8090437634072458,OK_ANALOGOS_CONTINUIDAD_CORREGIDA,-0.07560701757031385,0.07560701757031385,0.0,CORREGIDO_ANCLA_OBSERVADO,1.2949186144229436,6.628125249609308,2.6666033175931823,360.0,OK_CALIBRADO
2026-10-09,TAMSHIYACU,3.0,2026-10-08,2026-11-14,90,37,3.9695201691351243,4.269961030411591,3.9695201691351243,1.9,3.295558237082509,1.7875201691351248,6.151520169135124,HIBRIDO_ANALOGO_CLIM,ANALOGO_ESTADO_V2_CONFORMAL,30,10,1.8090437634072458,OK_ANALOGOS_CONTINUIDAD_CORREGIDA,-0.07560701757031385,0.07560701757031385,0.0,CORREGIDO_ANCLA_OBSERVADO,1.302916851541942,6.636123486728307,2.6666033175931823,360.0,OK_CALIBRADO
2026-10-09,TAMSHIYACU,3.0,2026-10-08,2026-11-15,90,38,3.9995795191944596,4.308669988418261,3.9995795191944596,1.9,3.3325948224483626,1.8140795191944592,6.18507951919446,HIBRIDO_ANALOGO_CLIM,ANALOGO_ESTADO_V2_CONFORMAL,30,10,1.8090437634072458,OK_ANALOGOS_CONTINUIDAD_CORREGIDA,-0.07560701757031385,0.07560701757031385,0.0,CORREGIDO_ANCLA_OBSERVADO,1.3329762016012774,6.666182836787642,2.6666033175931823,360.0,OK_CALIBRADO
2026-10-09,TAMSHIYACU,3.0,2026-10-08,2026-11-16,90,39,4.030675009644437,4.348462037445257,4.030675009644437,1.9,3.370655798058119,1.857675009644437,6.203675009644437,HIBRIDO_ANALOGO_CLIM,ANALOGO_ESTADO_V2_CONFORMAL,30,10,1.8090437634072458,OK_ANALOGOS_CONTINUIDAD_CORREGIDA,-0.07560701757031385,0.07560701757031385,0.0,CORREGIDO_ANCLA_OBSERVADO,1.3640716920512546,6.697278327237619,2.6666033175931823,360.0,OK_CALIBRADO
2026-10-09,TAMSHIYACU,3.0,2026-10-08,2026-11-17,90,40,4.079093356058108,4.415177988716639,4.079093356058108,1.9,3.406924090741046,1.9268933560581087,6.231293356058107,HIBRIDO_ANALOGO_CLIM,ANALOGO_ESTADO_V2_CONFORMAL,30,10,1.8090437634072458,OK_ANALOGOS_CONTINUIDAD_CORREGIDA,-0.07560701757031385,0.07560701757031385,0.0,CORREGIDO_ANCLA_OBSERVADO,1.4124900384649255,6.74569667365129,2.6666033175931823,360.0,OK_CALIBRADO
2026-10-09,TAMSHIYACU,3.0,2026-10-08,2026-11-18,90,41,4.124075362905125,4.478198175040913,4.124075362905125,1.9,3.4417411639117774,2.0079253629051252,6.240225362905124,HIBRIDO_ANALOGO_CLIM,ANALOGO_ESTADO_V2_CONFORMAL,30,10,1.8090437634072458,OK_ANALOGOS_CONTINUIDAD_CORREGIDA,-0.07560701757031385,0.07560701757031385,0.0,CORREGIDO_ANCLA_OBSERVADO,1.4574720453119427,6.790678680498307,2.6666033175931823,360.0,OK_CALIBRADO
2026-10-09,TAMSHIYACU,3.0,2026-10-08,2026-11-19,90,42,4.186192449124753,4.5652825407872735,4.186192449124753,1.9,3.48216799318007,2.1564924491247526,6.215892449124752,HIBRIDO_ANALOGO_CLIM,ANALOGO_ESTADO_V2_CONFORMAL,30,10,1.8090437634072458,OK_ANALOGOS_CONTINUIDAD_CORREGIDA,-0.07560701757031385,0.07560701757031385,0.0,CORREGIDO_ANCLA_OBSERVADO,1.5195891315315704,6.852795766717935,2.6666033175931823,360.0,OK_CALIBRADO
2026-10-09,TAMSHIYACU,3.0,2026-10-08,2026-11-20,90,43,4.287907187523936,4.664227087627906,4.287907187523936,1.9,3.614032017570314,2.3257071875239363,6.250107187523936,HIBRIDO_ANALOGO_CLIM,ANALOGO_ESTADO_V2_CONFORMAL,30,10,1.8090437634072458,OK_ANALOGOS_CONTINUIDAD_CORREGIDA,-0.07560701757031385,0.07560701757031385,0.0,CORREGIDO_ANCLA_OBSERVADO,1.6213038699307534,6.954510505117118,2.6666033175931823,360.0,OK_CALIBRADO
2026-10-09,TAMSHIYACU,3.0,2026-10-08,2026-11-21,90,44,4.35353163142575,4.7442123289210025,4.35353163142575,1.9,3.6787195175703142,2.4364316314257506,6.270631631425751,HIBRIDO_ANALOGO_CLIM,ANALOGO_ESTADO_V2_CONFORMAL,30,10,1.8090437634072458,OK_ANALOGOS_CONTINUIDAD_CORREGIDA,-0.07560701757031385,0.07560701757031385,0.0,CORREGIDO_ANCLA_OBSERVADO,1.686928313832568,7.020134949018932,2.6666033175931823,360.0,OK_CALIBRADO
2026-10-09,TAMSHIYACU,3.0,2026-10-08,2026-11-22,90,45,4.411367497100426,4.819163784818494,4.411367497100426,1.9,3.7317070175703138,2.5048674971004266,6.317867497100426,HIBRIDO_ANALOGO_CLIM,ANALOGO_ESTADO_V2_CONFORMAL,30,10,1.8090437634072458,OK_ANALOGOS_CONTINUIDAD_CORREGIDA,-0.07560701757031385,0.07560701757031385,0.0,CORREGIDO_ANCLA_OBSERVADO,1.7447641795072437,7.077970814693608,2.6666033175931823,360.0,OK_CALIBRADO
2026-10-09,TAMSHIYACU,3.0,2026-10-08,2026-11-23,90,46,4.468238521894886,4.891489186745296,4.468238521894886,1.9,3.7873570175703137,2.5583885218948863,6.3780885218948855,HIBRIDO_ANALOGO_CLIM,ANALOGO_ESTADO_V2_CONFORMAL,30,10,1.8090437634072458,OK_ANALOGOS_CONTINUIDAD_CORREGIDA,-0.07560701757031385,0.07560701757031385,0.0,CORREGIDO_ANCLA_OBSERVADO,1.8016352043017037,7.134841839488068,2.6666033175931823,360.0,OK_CALIBRADO
2026-10-09,TAMSHIYACU,3.0,2026-10-08,2026-11-24,90,47,4.527137907569686,4.9704788572953085,4.527137907569686,1.9,3.8385445175703143,2.6512379075696857,6.4030379075696855,HIBRIDO_ANALOGO_CLIM,ANALOGO_ESTADO_V2_CONFORMAL,30,10,1.8090437634072458,OK_ANALOGOS_CONTINUIDAD_CORREGIDA,-0.07560701757031385,0.07560701757031385,0.0,CORREGIDO_ANCLA_OBSERVADO,1.8605345899765036,7.193741225162868,2.6666033175931823,360.0,OK_CALIBRADO
2026-10-09,TAMSHIYACU,3.0,2026-10-08,2026-11-25,90,48,4.585129440477295,5.051927722415283,4.585129440477295,1.9,3.8849320175703137,2.7529294404772955,6.417329440477294,HIBRIDO_ANALOGO_CLIM,ANALOGO_ESTADO_V2_CONFORMAL,30,10,1.8090437634072458,OK_ANALOGOS_CONTINUIDAD_CORREGIDA,-0.07560701757031385,0.07560701757031385,0.0,CORREGIDO_ANCLA_OBSERVADO,1.9185261228841126,7.251732758070477,2.6666033175931823,360.0,OK_CALIBRADO
2026-10-09,TAMSHIYACU,3.0,2026-10-08,2026-11-26,90,49,4.640763105703062,5.125901814414395,4.640763105703062,1.9,3.937807017570314,2.8159131057030624,6.465613105703062,HIBRIDO_ANALOGO_CLIM,ANALOGO_ESTADO_V2_CONFORMAL,30,10,1.8090437634072458,OK_ANALOGOS_CONTINUIDAD_CORREGIDA,-0.07560701757031385,0.07560701757031385,0.0,CORREGIDO_ANCLA_OBSERVADO,1.9741597881098798,7.307366423296244,2.6666033175931823,360.0,OK_CALIBRADO
2026-10-09,TAMSHIYACU,3.0,2026-10-08,2026-11-27,90,50,4.689043683359569,5.185221658923323,4.689043683359569,1.9,3.9943945175703135,2.9051936833595695,6.472893683359569,HIBRIDO_ANALOGO_CLIM,ANALOGO_ESTADO_V2_CONFORMAL,30,10,1.8090437634072458,OK_ANALOGOS_CONTINUIDAD_CORREGIDA,-0.07560701757031385,0.07560701757031385,0.0,CORREGIDO_ANCLA_OBSERVADO,2.0224403657663865,7.355647000952751,2.6666033175931823,360.0,OK_CALIBRADO
2026-10-09,TAMSHIYACU,3.0,2026-10-08,2026-11-28,90,51,4.696857715550968,5.238933788183541,4.696857715550968,1.9,3.963460676106899,2.931157715550968,6.462557715550968,HIBRIDO_ANALOGO_CLIM,ANALOGO_ESTADO_V2_CONFORMAL,30,10,1.8090437634072458,OK_ANALOGOS_CONTINUIDAD_CORREGIDA,-0.07560701757031385,0.07560701757031385,0.0,CORREGIDO_ANCLA_OBSERVADO,2.030254397957786,7.363461033144151,2.6666033175931823,360.0,OK_CALIBRADO
2026-10-09,TAMSHIYACU,3.0,2026-10-08,2026-11-29,90,52,4.746201732016193,5.290548909634061,4.746201732016193,1.9,4.034363115131289,3.036101732016194,6.456301732016192,HIBRIDO_ANALOGO_CLIM,ANALOGO_ESTADO_V2_CONFORMAL,30,10,1.8090437634072458,OK_ANALOGOS_CONTINUIDAD_CORREGIDA,-0.07560701757031385,0.07560701757031385,0.0,CORREGIDO_ANCLA_OBSERVADO,2.0795984144230104,7.412805049609375,2.6666033175931823,360.0,OK_CALIBRADO
2026-10-09,TAMSHIYACU,3.0,2026-10-08,2026-11-30,90,53,4.811307436410395,5.374651269733838,4.811307436410395,1.9,4.099155798058119,3.1445074364103953,6.478107436410395,HIBRIDO_ANALOGO_CLIM,ANALOGO_ESTADO_V2_CONFORMAL,30,10,1.8090437634072458,OK_ANALOGOS_CONTINUIDAD_CORREGIDA,-0.07560701757031385,0.07560701757031385,0.0,CORREGIDO_ANCLA_OBSERVADO,2.144704118817213,7.477910754003577,2.6666033175931823,360.0,OK_CALIBRADO
2026-10-09,TAMSHIYACU,3.0,2026-10-08,2026-12-01,90,54,4.91655010346209,5.603074965944972,4.91655010346209,1.9,4.077464160427457,3.2572001034620914,6.575900103462089,HIBRIDO_ANALOGO_CLIM,ANALOGO_ESTADO_V2_CONFORMAL,30,10,1.8090437634072458,OK_ANALOGOS_CONTINUIDAD_CORREGIDA,-0.07560701757031385,0.07560701757031385,0.0,CORREGIDO_ANCLA_OBSERVADO,2.249946785868908,7.583153421055273,2.6666033175931823,360.0,OK_CALIBRADO
2026-10-09,TAMSHIYACU,3.0,2026-10-08,2026-12-02,90,55,4.926653373376037,5.651393849755476,4.926653373376037,1.9,4.070141901291244,3.2438533733760373,6.609453373376037,HIBRIDO_ANALOGO_CLIM,ANALOGO_ESTADO_V2_CONFORMAL,30,10,1.8090437634072458,OK_ANALOGOS_CONTINUIDAD_CORREGIDA,-0.07560701757031385,0.07560701757031385,0.0,CORREGIDO_ANCLA_OBSERVADO,2.2600500557828545,7.593256690969219,2.6666033175931823,360.0,OK_CALIBRADO
2026-10-09,TAMSHIYACU,3.0,2026-10-08,2026-12-03,90,56,4.947895559673401,5.683829720060113,4.947895559673401,1.9,4.106827947802872,3.275695559673401,6.620095559673401,HIBRIDO_ANALOGO_CLIM,ANALOGO_ESTADO_V2_CONFORMAL,30,10,1.8090437634072458,OK_ANALOGOS_CONTINUIDAD_CORREGIDA,-0.07560701757031385,0.07560701757031385,0.0,CORREGIDO_ANCLA_OBSERVADO,2.2812922420802186,7.614498877266583,2.6666033175931823,360.0,OK_CALIBRADO
2026-10-09,TAMSHIYACU,3.0,2026-10-08,2026-12-04,90,57,4.9640248398246385,5.716007520646104,4.9640248398246385,1.9,4.132886087337756,3.318274839824639,6.609774839824638,HIBRIDO_ANALOGO_CLIM,ANALOGO_ESTADO_V2_CONFORMAL,30,10,1.8090437634072458,OK_ANALOGOS_CONTINUIDAD_CORREGIDA,-0.07560701757031385,0.07560701757031385,0.0,CORREGIDO_ANCLA_OBSERVADO,2.2974215222314562,7.630628157417821,2.6666033175931823,360.0,OK_CALIBRADO
2026-10-09,TAMSHIYACU,3.0,2026-10-08,2026-12-05,90,58,4.928029310027185,5.654675295543853,4.928029310027185,1.9,4.151269808267989,3.2849293100271852,6.571129310027184,HIBRIDO_ANALOGO_CLIM,ANALOGO_ESTADO_V2_CONFORMAL,30,10,1.8090437634072458,OK_ANALOGOS_CONTINUIDAD_CORREGIDA,-0.07560701757031385,0.07560701757031385,0.0,CORREGIDO_ANCLA_OBSERVADO,2.2614259924340026,7.594632627620367,2.6666033175931823,360.0,OK_CALIBRADO
2026-10-09,TAMSHIYACU,3.0,2026-10-08,2026-12-06,90,59,4.978542963600741,5.708288291499785,4.978542963600741,1.9,4.224060505942407,3.2986929636007405,6.658392963600741,HIBRIDO_ANALOGO_CLIM,ANALOGO_ESTADO_V2_CONFORMAL,30,10,1.8090437634072458,OK_ANALOGOS_CONTINUIDAD_CORREGIDA,-0.07560701757031385,0.07560701757031385,0.0,CORREGIDO_ANCLA_OBSERVADO,2.3119396460075583,7.645146281193923,2.6666033175931823,360.0,OK_CALIBRADO
2026-10-09,TAMSHIYACU,3.0,2026-10-08,2026-12-07,90,60,4.98533200440111,5.688429084255163,4.98533200440111,1.9,4.2822349245470575,3.327632004401111,6.6430320044011095,HIBRIDO_ANALOGO_CLIM,ANALOGO_ESTADO_V2_CONFORMAL,30,10,1.8090437634072458,OK_ANALOGOS_CONTINUIDAD_CORREGIDA,-0.07560701757031385,0.07560701757031385,0.0,CORREGIDO_ANCLA_OBSERVADO,2.318728686807928,7.6519353219942925,2.6666033175931823,360.0,OK_CALIBRADO
2026-10-09,TAMSHIYACU,3.0,2026-10-08,2026-12-08,90,61,5.147555529426655,5.9838899585158085,5.147555529426655,1.9,4.338641901291244,3.4312555294266547,6.8638555294266546,HIBRIDO_ANALOGO_CLIM,ANALOGO_ESTADO_V2_CONFORMAL,30,10,1.8090437634072458,OK_ANALOGOS_CONTINUIDAD_CORREGIDA,-0.07560701757031385,0.07560701757031385,0.0,CORREGIDO_ANCLA_OBSERVADO,2.480952211833473,7.814158847019837,2.6666033175931823,360.0,OK_CALIBRADO
2026-10-09,TAMSHIYACU,3.0,2026-10-08,2026-12-09,90,62,4.971996402237052,5.606582649037985,4.971996402237052,1.9,4.378351203616825,3.2108964022370525,6.733096402237052,HIBRIDO_ANALOGO_CLIM,ANALOGO_ESTADO_V2_CONFORMAL,30,10,1.8090437634072458,OK_ANALOGOS_CONTINUIDAD_CORREGIDA,-0.07560701757031385,0.07560701757031385,0.0,CORREGIDO_ANCLA_OBSERVADO,2.30539308464387,7.638599719830235,2.6666033175931823,360.0,OK_CALIBRADO
2026-10-09,TAMSHIYACU,3.0,2026-10-08,2026-12-10,90,63,4.966585867409729,5.5754596757389745,4.966585867409729,1.9,4.4157000408261275,3.171835867409729,6.761335867409729,HIBRIDO_ANALOGO_CLIM,ANALOGO_ESTADO_V2_CONFORMAL,30,10,1.8090437634072458,OK_ANALOGOS_CONTINUIDAD_CORREGIDA,-0.07560701757031385,0.07560701757031385,0.0,CORREGIDO_ANCLA_OBSERVADO,2.299982549816547,7.633189185002911,2.6666033175931823,360.0,OK_CALIBRADO
2026-10-09,TAMSHIYACU,3.0,2026-10-08,2026-12-11,90,64,4.970864094102663,5.562679490538305,4.970864094102663,1.9,4.453025622221477,3.1697140941026634,6.772014094102663,HIBRIDO_ANALOGO_CLIM,ANALOGO_ESTADO_V2_CONFORMAL,30,10,1.8090437634072458,OK_ANALOGOS_CONTINUIDAD_CORREGIDA,-0.07560701757031385,0.07560701757031385,0.0,CORREGIDO_ANCLA_OBSERVADO,2.304260776509481,7.637467411695845,2.6666033175931823,360.0,OK_CALIBRADO
2026-10-09,TAMSHIYACU,3.0,2026-10-08,2026-12-12,90,65,5.015582773583212,5.557458984177736,5.015582773583212,1.9,4.557072133849384,3.2661827735832123,6.7649827735832115,HIBRIDO_ANALOGO_CLIM,ANALOGO_ESTADO_V2_CONFORMAL,30,10,1.8090437634072458,OK_ANALOGOS_CONTINUIDAD_CORREGIDA,-0.07560701757031385,0.07560701757031385,0.0,CORREGIDO_ANCLA_OBSERVADO,2.3489794559900297,7.682186091176394,2.6666033175931823,360.0,OK_CALIBRADO
2026-10-09,TAMSHIYACU,3.0,2026-10-08,2026-12-13,90,66,5.0038441538701885,5.567905304955048,5.0038441538701885,1.9,4.542339575709849,3.343344153870188,6.664344153870188,HIBRIDO_ANALOGO_CLIM,ANALOGO_ESTADO_V2_CONFORMAL,30,10,1.8090437634072458,OK_ANALOGOS_CONTINUIDAD_CORREGIDA,-0.07560701757031385,0.07560701757031385,0.0,CORREGIDO_ANCLA_OBSERVADO,2.3372408362770063,7.670447471463371,2.6666033175931823,360.0,OK_CALIBRADO
2026-10-09,TAMSHIYACU,3.0,2026-10-08,2026-12-14,90,67,5.025456127128345,5.575156339781565,5.025456127128345,1.9,4.59061864547729,3.4612561271283457,6.589656127128345,HIBRIDO_ANALOGO_CLIM,ANALOGO_ESTADO_V2_CONFORMAL,30,10,1.8090437634072458,OK_ANALOGOS_CONTINUIDAD_CORREGIDA,-0.07560701757031385,0.07560701757031385,0.0,CORREGIDO_ANCLA_OBSERVADO,2.358852809535163,7.692059444721528,2.6666033175931823,360.0,OK_CALIBRADO
2026-10-09,TAMSHIYACU,3.0,2026-10-08,2026-12-15,90,68,5.04708320604379,5.5921620857828085,5.04708320604379,1.9,4.630258180361011,3.574833206043791,6.51933320604379,HIBRIDO_ANALOGO_CLIM,ANALOGO_ESTADO_V2_CONFORMAL,30,10,1.8090437634072458,OK_ANALOGOS_CONTINUIDAD_CORREGIDA,-0.07560701757031385,0.07560701757031385,0.0,CORREGIDO_ANCLA_OBSERVADO,2.3804798884506075,7.713686523636972,2.6666033175931823,360.0,OK_CALIBRADO
2026-10-09,TAMSHIYACU,3.0,2026-10-08,2026-12-16,90,69,5.069627320810317,5.63754398278619,5.069627320810317,1.9,4.649862831523802,3.6852273208103172,6.454027320810317,HIBRIDO_ANALOGO_CLIM,ANALOGO_ESTADO_V2_CONFORMAL,30,10,1.8090437634072458,OK_ANALOGOS_CONTINUIDAD_CORREGIDA,-0.07560701757031385,0.07560701757031385,0.0,CORREGIDO_ANCLA_OBSERVADO,2.4030240032171344,7.736230638403499,2.6666033175931823,360.0,OK_CALIBRADO
2026-10-09,TAMSHIYACU,3.0,2026-10-08,2026-12-17,90,70,5.090354379773065,5.692798361275522,5.090354379773065,1.9,4.660037250128454,3.7864043797730655,6.3943043797730645,HIBRIDO_ANALOGO_CLIM,ANALOGO_ESTADO_V2_CONFORMAL,30,10,1.8090437634072458,OK_ANALOGOS_CONTINUIDAD_CORREGIDA,-0.07560701757031385,0.07560701757031385,0.0,CORREGIDO_ANCLA_OBSERVADO,2.423751062179883,7.756957697366247,2.6666033175931823,360.0,OK_CALIBRADO
2026-10-09,TAMSHIYACU,3.0,2026-10-08,2026-12-18,90,71,5.1046988454334015,5.744724877927946,5.1046988454334015,1.9,4.662990738500547,3.965848845433401,6.243548845433401,HIBRIDO_ANALOGO_CLIM,ANALOGO_ESTADO_V2_CONFORMAL,30,10,1.8090437634072458,OK_ANALOGOS_CONTINUIDAD_CORREGIDA,-0.07560701757031385,0.07560701757031385,0.0,CORREGIDO_ANCLA_OBSERVADO,2.438095527840219,7.771302163026584,2.6666033175931823,360.0,OK_CALIBRADO
2026-10-09,TAMSHIYACU,3.0,2026-10-08,2026-12-19,90,72,5.115679777267705,5.774288916813794,5.115679777267705,1.9,4.676607017570314,4.062929777267705,6.168429777267705,HIBRIDO_ANALOGO_CLIM,ANALOGO_ESTADO_V2_CONFORMAL,30,10,1.8090437634072458,OK_ANALOGOS_CONTINUIDAD_CORREGIDA,-0.07560701757031385,0.07560701757031385,0.0,CORREGIDO_ANCLA_OBSERVADO,2.449076459674523,7.782283094860888,2.6666033175931823,360.0,OK_CALIBRADO
2026-10-09,TAMSHIYACU,3.0,2026-10-08,2026-12-20,90,73,5.124045289148907,5.797871976177709,5.124045289148907,1.9,4.690211668733104,4.070545289148908,6.177545289148906,HIBRIDO_ANALOGO_CLIM,ANALOGO_ESTADO_V2_CONFORMAL,30,10,1.8090437634072458,OK_ANALOGOS_CONTINUIDAD_CORREGIDA,-0.07560701757031385,0.07560701757031385,0.0,CORREGIDO_ANCLA_OBSERVADO,2.457441971555725,7.7906486067420895,2.6666033175931823,360.0,OK_CALIBRADO
2026-10-09,TAMSHIYACU,3.0,2026-10-08,2026-12-21,90,74,5.126589241988321,5.795721920501011,5.126589241988321,1.9,4.710641901291244,4.031889241988322,6.221289241988321,HIBRIDO_ANALOGO_CLIM,ANALOGO_ESTADO_V2_CONFORMAL,30,10,1.8090437634072458,OK_ANALOGOS_CONTINUIDAD_CORREGIDA,-0.07560701757031385,0.07560701757031385,0.0,CORREGIDO_ANCLA_OBSERVADO,2.4599859243951387,7.793192559581503,2.6666033175931823,360.0,OK_CALIBRADO
2026-10-09,TAMSHIYACU,3.0,2026-10-08,2026-12-22,90,75,5.1339387327546175,5.784724149534661,5.1339387327546175,1.9,4.743467482686593,4.0744387327546185,6.193438732754617,HIBRIDO_ANALOGO_CLIM,ANALOGO_ESTADO_V2_CONFORMAL,30,10,1.8090437634072458,OK_ANALOGOS_CONTINUIDAD_CORREGIDA,-0.07560701757031385,0.07560701757031385,0.0,CORREGIDO_ANCLA_OBSERVADO,2.4673354151614353,7.8005420503478,2.6666033175931823,360.0,OK_CALIBRADO
2026-10-09,TAMSHIYACU,3.0,2026-10-08,2026-12-23,90,76,5.145686200729298,5.764628468469023,5.145686200729298,1.9,4.787351203616825,4.011736200729297,6.279636200729297,HIBRIDO_ANALOGO_CLIM,ANALOGO_ESTADO_V2_CONFORMAL,30,10,1.8090437634072458,OK_ANALOGOS_CONTINUIDAD_CORREGIDA,-0.07560701757031385,0.07560701757031385,0.0,CORREGIDO_ANCLA_OBSERVADO,2.4790828831361154,7.81228951832248,2.6666033175931823,360.0,OK_CALIBRADO
2026-10-09,TAMSHIYACU,3.0,2026-10-08,2026-12-24,90,77,5.160464091280219,5.744600257344846,5.160464091280219,1.9,4.834258180361012,3.963864091280219,6.357064091280218,HIBRIDO_ANALOGO_CLIM,ANALOGO_ESTADO_V2_CONFORMAL,30,10,1.8090437634072458,OK_ANALOGOS_CONTINUIDAD_CORREGIDA,-0.07560701757031385,0.07560701757031385,0.0,CORREGIDO_ANCLA_OBSERVADO,2.493860773687037,7.827067408873401,2.6666033175931823,360.0,OK_CALIBRADO
2026-10-09,TAMSHIYACU,3.0,2026-10-08,2026-12-25,90,78,5.187677800749135,5.743008590772263,5.187677800749135,1.9,4.888653529198221,3.938177800749136,6.437177800749135,HIBRIDO_ANALOGO_CLIM,ANALOGO_ESTADO_V2_CONFORMAL,30,10,1.8090437634072458,OK_ANALOGOS_CONTINUIDAD_CORREGIDA,-0.07560701757031385,0.07560701757031385,0.0,CORREGIDO_ANCLA_OBSERVADO,2.521074483155953,7.854281118342318,2.6666033175931823,360.0,OK_CALIBRADO
2026-10-09,TAMSHIYACU,3.0,2026-10-08,2026-12-26,90,79,5.21532318583401,5.7541092457272445,5.21532318583401,1.9,4.935700040826128,3.90932318583401,6.521323185834009,HIBRIDO_ANALOGO_CLIM,ANALOGO_ESTADO_V2_CONFORMAL,30,10,1.8090437634072458,OK_ANALOGOS_CONTINUIDAD_CORREGIDA,-0.07560701757031385,0.07560701757031385,0.0,CORREGIDO_ANCLA_OBSERVADO,2.548719868240828,7.881926503427192,2.6666033175931823,360.0,OK_CALIBRADO
2026-10-09,TAMSHIYACU,3.0,2026-10-08,2026-12-27,90,80,5.20381009781208,5.742960444342124,5.20381009781208,1.9,4.934234924547058,3.866110097812081,6.54151009781208,HIBRIDO_ANALOGO_CLIM,ANALOGO_ESTADO_V2_CONFORMAL,30,10,1.8090437634072458,OK_ANALOGOS_CONTINUIDAD_CORREGIDA,-0.07560701757031385,0.07560701757031385,0.0,CORREGIDO_ANCLA_OBSERVADO,2.537206780218898,7.870413415405262,2.6666033175931823,360.0,OK_CALIBRADO
2026-10-09,TAMSHIYACU,3.0,2026-10-08,2026-12-28,90,81,5.248235674226441,5.7307112920757515,5.248235674226441,1.9,5.015932598965662,3.8845356742264414,6.61193567422644,HIBRIDO_ANALOGO_CLIM,ANALOGO_ESTADO_V2_CONFORMAL,30,10,1.8090437634072458,OK_ANALOGOS_CONTINUIDAD_CORREGIDA,-0.07560701757031385,0.07560701757031385,0.0,CORREGIDO_ANCLA_OBSERVADO,2.581632356633259,7.914838991819623,2.6666033175931823,360.0,OK_CALIBRADO
2026-10-09,TAMSHIYACU,3.0,2026-10-08,2026-12-29,90,82,5.28305140587725,5.7831364200573345,5.28305140587725,1.9,5.051304691988919,3.866201405877251,6.699901405877251,HIBRIDO_ANALOGO_CLIM,ANALOGO_ESTADO_V2_CONFORMAL,30,10,1.8090437634072458,OK_ANALOGOS_CONTINUIDAD_CORREGIDA,-0.07560701757031385,0.07560701757031385,0.0,CORREGIDO_ANCLA_OBSERVADO,2.616448088284068,7.949654723470433,2.6666033175931823,360.0,OK_CALIBRADO
2026-10-09,TAMSHIYACU,3.0,2026-10-08,2026-12-30,90,83,5.293698957060126,5.7579957088132,5.293698957060126,1.9,5.0867232966400815,3.8294989570601263,6.757898957060126,HIBRIDO_ANALOGO_CLIM,ANALOGO_ESTADO_V2_CONFORMAL,30,10,1.8090437634072458,OK_ANALOGOS_CONTINUIDAD_CORREGIDA,-0.07560701757031385,0.07560701757031385,0.0,CORREGIDO_ANCLA_OBSERVADO,2.627095639466944,7.9603022746533085,2.6666033175931823,360.0,OK_CALIBRADO
2026-10-09,TAMSHIYACU,3.0,2026-10-08,2026-12-31,90,84,5.298013807139889,5.727563757996028,5.298013807139889,1.9,5.113920971058686,3.7896138071398893,6.806413807139889,HIBRIDO_ANALOGO_CLIM,ANALOGO_ESTADO_V2_CONFORMAL,30,10,1.8090437634072458,OK_ANALOGOS_CONTINUIDAD_CORREGIDA,-0.07560701757031385,0.07560701757031385,0.0,CORREGIDO_ANCLA_OBSERVADO,2.631410489546707,7.9646171247330715,2.6666033175931823,360.0,OK_CALIBRADO
2026-10-09,TAMSHIYACU,3.0,2026-10-08,2027-01-01,90,85,5.31897518073796,5.691180515777753,5.31897518073796,1.9,5.165714160427457,3.6636251807379594,6.974325180737959,HIBRIDO_ANALOGO_CLIM,ANALOGO_ESTADO_V2_CONFORMAL,30,10,1.8090437634072458,OK_ANALOGOS_CONTINUIDAD_CORREGIDA,-0.07560701757031385,0.07560701757031385,0.0,CORREGIDO_ANCLA_OBSERVADO,2.6523718631447775,7.985578498331142,2.6666033175931823,360.0,OK_CALIBRADO
2026-10-09,TAMSHIYACU,3.0,2026-10-08,2027-01-02,90,86,5.333862224861789,5.669504247786723,5.333862224861789,1.9,5.201166541379838,3.608512224861789,7.059212224861788,HIBRIDO_ANALOGO_CLIM,ANALOGO_ESTADO_V2_CONFORMAL,30,10,1.8090437634072458,OK_ANALOGOS_CONTINUIDAD_CORREGIDA,-0.07560701757031385,0.07560701757031385,0.0,CORREGIDO_ANCLA_OBSERVADO,2.6672589072686064,8.000465542454972,2.6666033175931823,360.0,OK_CALIBRADO
2026-10-09,TAMSHIYACU,3.0,2026-10-08,2027-01-03,90,87,5.35502888049149,5.656906216071562,5.35502888049149,1.9,5.2405236842369805,3.583428880491491,7.126628880491491,HIBRIDO_ANALOGO_CLIM,ANALOGO_ESTADO_V2_CONFORMAL,30,10,1.8090437634072458,OK_ANALOGOS_CONTINUIDAD_CORREGIDA,-0.07560701757031385,0.07560701757031385,0.0,CORREGIDO_ANCLA_OBSERVADO,2.688425562898308,8.021632198084673,2.6666033175931823,360.0,OK_CALIBRADO
2026-10-09,TAMSHIYACU,3.0,2026-10-08,2027-01-04,90,88,5.382991288412024,5.656625414179108,5.382991288412024,1.9,5.283487969951266,3.5999912884120238,7.165991288412023,HIBRIDO_ANALOGO_CLIM,ANALOGO_ESTADO_V2_CONFORMAL,30,10,1.8090437634072458,OK_ANALOGOS_CONTINUIDAD_CORREGIDA,-0.07560701757031385,0.07560701757031385,0.0,CORREGIDO_ANCLA_OBSERVADO,2.7163879708188414,8.049594606005206,2.6666033175931823,360.0,OK_CALIBRADO
2026-10-09,TAMSHIYACU,3.0,2026-10-08,2027-01-05,90,89,5.399785300158023,5.692964962456687,5.399785300158023,1.9,5.297666541379838,3.650085300158024,7.149485300158023,HIBRIDO_ANALOGO_CLIM,ANALOGO_ESTADO_V2_CONFORMAL,30,10,1.8090437634072458,OK_ANALOGOS_CONTINUIDAD_CORREGIDA,-0.07560701757031385,0.07560701757031385,0.0,CORREGIDO_ANCLA_OBSERVADO,2.733181982564841,8.066388617751205,2.6666033175931823,360.0,OK_CALIBRADO
2026-10-09,TAMSHIYACU,3.0,2026-10-08,2027-01-06,90,90,5.431273670447401,5.740202200507236,5.431273670447401,1.9,5.32829749376079,3.7680236704474015,7.0945236704474,HIBRIDO_ANALOGO_CLIM,ANALOGO_ESTADO_V2_CONFORMAL,30,10,1.8090437634072458,OK_ANALOGOS_CONTINUIDAD_CORREGIDA,-0.07560701757031385,0.07560701757031385,0.0,CORREGIDO_ANCLA_OBSERVADO,2.7646703528542185,8.097876988040582,2.6666033175931823,360.0,OK_CALIBRADO
2026-10-09,YURIMAGUAS,27.0,2026-10-02,2026-10-03,30,1,129.46,129.57743500855466,129.46,129.46,129.1076949743361,129.06500000000003,129.85500000000002,HIBRIDO_ANALOGO_CLIM,ANALOGO_ESTADO_V2_CONFORMAL,30,10,0.6963969832129369,OK_ANALOGOS_CONTINUIDAD_CORREGIDA,-0.12805211719324916,0.12805211719324916,0.0,CORREGIDO_ANCLA_OBSERVADO,127.24692240051462,131.6730775994854,2.2130775994853877,240.0,OK_CALIBRADO
2026-10-09,YURIMAGUAS,27.0,2026-10-02,2026-10-04,30,2,129.62930851437932,129.80079874201277,129.62930851437932,129.46,129.11483783147898,128.86380851437931,130.39480851437932,HIBRIDO_ANALOGO_CLIM,ANALOGO_ESTADO_V2_CONFORMAL,30,10,0.6963969832129369,OK_ANALOGOS_CONTINUIDAD_CORREGIDA,-0.12805211719324916,0.12805211719324916,0.0,CORREGIDO_ANCLA_OBSERVADO,127.41623091489393,131.8423861138647,2.2130775994853877,240.0,OK_CALIBRADO
2026-10-09,YURIMAGUAS,27.0,2026-10-02,2026-10-05,30,3,129.6734913517676,129.8491139537686,129.6734913517676,129.46,129.14662354576467,128.7884913517676,130.5584913517676,HIBRIDO_ANALOGO_CLIM,ANALOGO_ESTADO_V2_CONFORMAL,30,10,0.6963969832129369,OK_ANALOGOS_CONTINUIDAD_CORREGIDA,-0.12805211719324916,0.12805211719324916,0.0,CORREGIDO_ANCLA_OBSERVADO,127.46041375228222,131.886568951253,2.2130775994853877,240.0,OK_CALIBRADO
2026-10-09,YURIMAGUAS,27.0,2026-10-02,2026-10-06,30,4,129.6348482634035,129.7063993597593,129.6348482634035,129.46,129.4201949743361,128.4773482634035,130.7923482634035,HIBRIDO_ANALOGO_CLIM,ANALOGO_ESTADO_V2_CONFORMAL,30,10,0.6963969832129369,OK_ANALOGOS_CONTINUIDAD_CORREGIDA,-0.12805211719324916,0.12805211719324916,0.0,CORREGIDO_ANCLA_OBSERVADO,127.42177066391812,131.8479258628889,2.2130775994853877,240.0,OK_CALIBRADO
2026-10-09,YURIMAGUAS,27.0,2026-10-02,2026-10-07,30,5,129.63074499770784,129.6973569102603,129.63074499770784,129.46,129.43090926005038,128.30574499770785,130.95574499770785,HIBRIDO_ANALOGO_CLIM,ANALOGO_ESTADO_V2_CONFORMAL,30,10,0.6963969832129369,OK_ANALOGOS_CONTINUIDAD_CORREGIDA,-0.12805211719324916,0.12805211719324916,0.0,CORREGIDO_ANCLA_OBSERVADO,127.41766739822245,131.84382259719322,2.2130775994853877,240.0,OK_CALIBRADO
2026-10-09,YURIMAGUAS,27.0,2026-10-02,2026-10-08,30,6,129.51614168717418,129.52455249621545,129.51614168717418,129.46,129.4909092600504,128.41914168717418,130.6131416871742,HIBRIDO_ANALOGO_CLIM,ANALOGO_ESTADO_V2_CONFORMAL,30,10,0.6963969832129369,OK_ANALOGOS_CONTINUIDAD_CORREGIDA,-0.12805211719324916,0.12805211719324916,0.0,CORREGIDO_ANCLA_OBSERVADO,127.3030640876888,131.72921928665957,2.2130775994853877,240.0,OK_CALIBRADO
2026-10-09,YURIMAGUAS,27.0,2026-10-02,2026-10-09,30,7,129.64489333619284,129.66622136157366,129.64489333619284,129.46,129.5809092600504,128.23639333619283,131.05339333619284,HIBRIDO_ANALOGO_CLIM,ANALOGO_ESTADO_V2_CONFORMAL,30,10,0.6963969832129369,OK_ANALOGOS_CONTINUIDAD_CORREGIDA,-0.12805211719324916,0.12805211719324916,0.0,CORREGIDO_ANCLA_OBSERVADO,127.43181573670745,131.85797093567822,2.2130775994853877,240.0,OK_CALIBRADO
2026-10-09,YURIMAGUAS,27.0,2026-10-02,2026-10-10,30,8,129.60574336312553,129.571759492722,129.60574336312553,129.46,129.7076949743361,128.36774336312553,130.84374336312553,HIBRIDO_ANALOGO_CLIM,ANALOGO_ESTADO_V2_CONFORMAL,30,10,0.6963969832129369,OK_ANALOGOS_CONTINUIDAD_CORREGIDA,-0.12805211719324916,0.12805211719324916,0.0,CORREGIDO_ANCLA_OBSERVADO,127.39266576364014,131.8188209626109,2.2130775994853877,240.0,OK_CALIBRADO
2026-10-09,YURIMAGUAS,27.0,2026-10-02,2026-10-11,30,9,129.533221209043,129.435896620612,129.533221209043,129.46,129.8251949743361,128.201721209043,130.864721209043,HIBRIDO_ANALOGO_CLIM,ANALOGO_ESTADO_V2_CONFORMAL,30,10,0.6963969832129369,OK_ANALOGOS_CONTINUIDAD_CORREGIDA,-0.12805211719324916,0.12805211719324916,0.0,CORREGIDO_ANCLA_OBSERVADO,127.32014360955762,131.7462988085284,2.2130775994853877,240.0,OK_CALIBRADO
2026-10-09,YURIMAGUAS,27.0,2026-10-02,2026-10-12,30,10,129.60847421470663,129.50682919959206,129.60847421470663,129.46,129.9134092600504,128.6214742147066,130.59547421470663,HIBRIDO_ANALOGO_CLIM,ANALOGO_ESTADO_V2_CONFORMAL,30,10,0.6963969832129369,OK_ANALOGOS_CONTINUIDAD_CORREGIDA,-0.12805211719324916,0.12805211719324916,0.0,CORREGIDO_ANCLA_OBSERVADO,127.39539661522124,131.82155181419202,2.2130775994853877,240.0,OK_CALIBRADO
2026-10-09,YURIMAGUAS,27.0,2026-10-02,2026-10-13,30,11,129.61490338644634,129.48897285714975,129.61490338644634,129.46,129.9926949743361,128.62690338644634,130.60290338644637,HIBRIDO_ANALOGO_CLIM,ANALOGO_ESTADO_V2_CONFORMAL,30,10,0.6963969832129369,OK_ANALOGOS_CONTINUIDAD_CORREGIDA,-0.12805211719324916,0.12805211719324916,0.0,CORREGIDO_ANCLA_OBSERVADO,127.40182578696096,131.82798098593173,2.2130775994853877,240.0,OK_CALIBRADO
2026-10-09,YURIMAGUAS,27.0,2026-10-02,2026-10-14,30,12,129.53231424623863,129.40611590830136,129.53231424623863,129.46,129.9109092600504,128.65931424623864,130.40531424623865,HIBRIDO_ANALOGO_CLIM,ANALOGO_ESTADO_V2_CONFORMAL,30,10,0.6963969832129369,OK_ANALOGOS_CONTINUIDAD_CORREGIDA,-0.12805211719324916,0.12805211719324916,0.0,CORREGIDO_ANCLA_OBSERVADO,127.31923664675324,131.74539184572401,2.2130775994853877,240.0,OK_CALIBRADO
2026-10-09,YURIMAGUAS,27.0,2026-10-02,2026-10-15,30,13,129.61195834500006,129.53754613522136,129.61195834500006,129.46,129.8351949743361,128.96195834500006,130.26195834500004,HIBRIDO_ANALOGO_CLIM,ANALOGO_ESTADO_V2_CONFORMAL,30,10,0.6963969832129369,OK_ANALOGOS_CONTINUIDAD_CORREGIDA,-0.12805211719324916,0.12805211719324916,0.0,CORREGIDO_ANCLA_OBSERVADO,127.39888074551467,131.82503594448545,2.2130775994853877,240.0,OK_CALIBRADO
2026-10-09,YURIMAGUAS,27.0,2026-10-02,2026-10-16,30,14,129.70555344505328,129.65698245910187,129.70555344505328,129.46,129.85126640290753,128.92605344505327,130.48505344505327,HIBRIDO_ANALOGO_CLIM,ANALOGO_ESTADO_V2_CONFORMAL,30,10,0.6963969832129369,OK_ANALOGOS_CONTINUIDAD_CORREGIDA,-0.12805211719324916,0.12805211719324916,0.0,CORREGIDO_ANCLA_OBSERVADO,127.4924758455679,131.91863104453867,2.2130775994853877,240.0,OK_CALIBRADO
2026-10-09,YURIMAGUAS,27.0,2026-10-02,2026-10-17,30,15,129.82300557651467,129.7646567296218,129.82300557651467,129.46,129.99805211719325,129.13650557651465,130.50950557651467,HIBRIDO_ANALOGO_CLIM,ANALOGO_ESTADO_V2_CONFORMAL,30,10,0.6963969832129369,OK_ANALOGOS_CONTINUIDAD_CORREGIDA,-0.12805211719324916,0.12805211719324916,0.0,CORREGIDO_ANCLA_OBSERVADO,127.60992797702929,132.03608317600006,2.2130775994853877,240.0,OK_CALIBRADO
2026-10-09,YURIMAGUAS,27.0,2026-10-02,2026-10-18,30,16,129.96657328388437,129.92869938706713,129.96657328388437,129.46,130.0801949743361,129.08157328388438,130.8515732838844,HIBRIDO_ANALOGO_CLIM,ANALOGO_ESTADO_V2_CONFORMAL,30,10,0.6963969832129369,OK_ANALOGOS_CONTINUIDAD_CORREGIDA,-0.12805211719324916,0.12805211719324916,0.0,CORREGIDO_ANCLA_OBSERVADO,127.75349568439898,132.17965088336976,2.2130775994853877,240.0,OK_CALIBRADO
2026-10-09,YURIMAGUAS,27.0,2026-10-02,2026-10-19,30,17,130.0724651203895,130.06631707383588,130.0724651203895,129.46,130.09090926005038,129.0419651203895,131.10296512038948,HIBRIDO_ANALOGO_CLIM,ANALOGO_ESTADO_V2_CONFORMAL,30,10,0.6963969832129369,OK_ANALOGOS_CONTINUIDAD_CORREGIDA,-0.12805211719324916,0.12805211719324916,0.0,CORREGIDO_ANCLA_OBSERVADO,127.85938752090411,132.28554271987488,2.2130775994853877,240.0,OK_CALIBRADO
2026-10-09,YURIMAGUAS,27.0,2026-10-02,2026-10-20,30,18,130.17953789510167,130.20741410678542,130.17953789510167,129.46,130.09590926005038,129.11953789510167,131.23953789510168,HIBRIDO_ANALOGO_CLIM,ANALOGO_ESTADO_V2_CONFORMAL,30,10,0.6963969832129369,OK_ANALOGOS_CONTINUIDAD_CORREGIDA,-0.12805211719324916,0.12805211719324916,0.0,CORREGIDO_ANCLA_OBSERVADO,127.96646029561629,132.39261549458706,2.2130775994853877,240.0,OK_CALIBRADO
2026-10-09,YURIMAGUAS,27.0,2026-10-02,2026-10-21,30,19,130.0430915912728,130.02119998739454,130.0430915912728,129.46,130.10876640290755,129.08809159127279,130.9980915912728,HIBRIDO_ANALOGO_CLIM,ANALOGO_ESTADO_V2_CONFORMAL,30,10,0.6963969832129369,OK_ANALOGOS_CONTINUIDAD_CORREGIDA,-0.12805211719324916,0.12805211719324916,0.0,CORREGIDO_ANCLA_OBSERVADO,127.83001399178741,132.2561691907582,2.2130775994853877,240.0,OK_CALIBRADO
2026-10-09,YURIMAGUAS,27.0,2026-10-02,2026-10-22,30,20,130.01098466825044,129.9672002805076,130.01098466825044,129.46,130.14233783147895,129.12148466825045,130.90048466825047,HIBRIDO_ANALOGO_CLIM,ANALOGO_ESTADO_V2_CONFORMAL,30,10,0.6963969832129369,OK_ANALOGOS_CONTINUIDAD_CORREGIDA,-0.12805211719324916,0.12805211719324916,0.0,CORREGIDO_ANCLA_OBSERVADO,127.79790706876506,132.22406226773583,2.2130775994853877,240.0,OK_CALIBRADO
2026-10-09,YURIMAGUAS,27.0,2026-10-02,2026-10-23,30,21,129.85182551248445,129.773440453772,129.85182551248445,129.46,130.08698068862182,129.14032551248445,130.56332551248445,HIBRIDO_ANALOGO_CLIM,ANALOGO_ESTADO_V2_CONFORMAL,30,10,0.6963969832129369,OK_ANALOGOS_CONTINUIDAD_CORREGIDA,-0.12805211719324916,0.12805211719324916,0.0,CORREGIDO_ANCLA_OBSERVADO,127.63874791299907,132.06490311196984,2.2130775994853877,240.0,OK_CALIBRADO
2026-10-09,YURIMAGUAS,27.0,2026-10-02,2026-10-24,30,22,129.89495776537848,129.81392631477357,129.89495776537848,129.46,130.13805211719324,129.02845776537848,130.76145776537848,HIBRIDO_ANALOGO_CLIM,ANALOGO_ESTADO_V2_CONFORMAL,30,10,0.6963969832129369,OK_ANALOGOS_CONTINUIDAD_CORREGIDA,-0.12805211719324916,0.12805211719324916,0.0,CORREGIDO_ANCLA_OBSERVADO,127.68188016589309,132.10803536486387,2.2130775994853877,240.0,OK_CALIBRADO
2026-10-09,YURIMAGUAS,27.0,2026-10-02,2026-10-25,30,23,129.94033991029266,129.79836441275438,129.94033991029266,129.46,130.36626640290754,128.79033991029266,131.09033991029267,HIBRIDO_ANALOGO_CLIM,ANALOGO_ESTADO_V2_CONFORMAL,30,10,0.6963969832129369,OK_ANALOGOS_CONTINUIDAD_CORREGIDA,-0.12805211719324916,0.12805211719324916,0.0,CORREGIDO_ANCLA_OBSERVADO,127.72726231080728,132.15341750977805,2.2130775994853877,240.0,OK_CALIBRADO
2026-10-09,YURIMAGUAS,27.0,2026-10-02,2026-10-26,30,24,130.10036848309855,129.98411679554317,130.10036848309855,129.46,130.44912354576468,128.98836848309855,131.21236848309854,HIBRIDO_ANALOGO_CLIM,ANALOGO_ESTADO_V2_CONFORMAL,30,10,0.6963969832129369,OK_ANALOGOS_CONTINUIDAD_CORREGIDA,-0.12805211719324916,0.12805211719324916,0.0,CORREGIDO_ANCLA_OBSERVADO,127.88729088361316,132.31344608258394,2.2130775994853877,240.0,OK_CALIBRADO
2026-10-09,YURIMAGUAS,27.0,2026-10-02,2026-10-27,30,25,130.22177607072626,130.11646976952298,130.22177607072626,129.46,130.53769497433612,129.03377607072625,131.40977607072625,HIBRIDO_ANALOGO_CLIM,ANALOGO_ESTADO_V2_CONFORMAL,30,10,0.6963969832129369,OK_ANALOGOS_CONTINUIDAD_CORREGIDA,-0.12805211719324916,0.12805211719324916,0.0,CORREGIDO_ANCLA_OBSERVADO,128.00869847124088,132.43485367021165,2.2130775994853877,240.0,OK_CALIBRADO
2026-10-09,YURIMAGUAS,27.0,2026-10-02,2026-10-28,30,26,130.30699328996457,130.2334260618407,130.30699328996457,129.46,130.5276949743361,128.77699328996457,131.83699328996457,HIBRIDO_ANALOGO_CLIM,ANALOGO_ESTADO_V2_CONFORMAL,30,10,0.6963969832129369,OK_ANALOGOS_CONTINUIDAD_CORREGIDA,-0.12805211719324916,0.12805211719324916,0.0,CORREGIDO_ANCLA_OBSERVADO,128.09391569047918,132.52007088944995,2.2130775994853877,240.0,OK_CALIBRADO
2026-10-09,YURIMAGUAS,27.0,2026-10-02,2026-10-29,30,27,130.44402383212054,130.41601440376297,130.44402383212054,129.46,130.52805211719325,128.8000238321205,132.08802383212054,HIBRIDO_ANALOGO_CLIM,ANALOGO_ESTADO_V2_CONFORMAL,30,10,0.6963969832129369,OK_ANALOGOS_CONTINUIDAD_CORREGIDA,-0.12805211719324916,0.12805211719324916,0.0,CORREGIDO_ANCLA_OBSERVADO,128.23094623263515,132.65710143160592,2.2130775994853877,240.0,OK_CALIBRADO
2026-10-09,YURIMAGUAS,27.0,2026-10-02,2026-10-30,30,28,130.473497976672,130.40864659649827,130.473497976672,129.46,130.66805211719324,128.99199797667202,131.954997976672,HIBRIDO_ANALOGO_CLIM,ANALOGO_ESTADO_V2_CONFORMAL,30,10,0.6963969832129369,OK_ANALOGOS_CONTINUIDAD_CORREGIDA,-0.12805211719324916,0.12805211719324916,0.0,CORREGIDO_ANCLA_OBSERVADO,128.26042037718662,132.6865755761574,2.2130775994853877,240.0,OK_CALIBRADO
2026-10-09,YURIMAGUAS,27.0,2026-10-02,2026-10-31,30,29,130.4037251684178,130.28668761406408,130.4037251684178,129.46,130.75483783147897,129.1577251684178,131.6497251684178,HIBRIDO_ANALOGO_CLIM,ANALOGO_ESTADO_V2_CONFORMAL,30,10,0.6963969832129369,OK_ANALOGOS_CONTINUIDAD_CORREGIDA,-0.12805211719324916,0.12805211719324916,0.0,CORREGIDO_ANCLA_OBSERVADO,128.1906475689324,132.61680276790318,2.2130775994853877,240.0,OK_CALIBRADO
2026-10-09,YURIMAGUAS,27.0,2026-10-02,2026-11-01,30,30,130.37697591706512,130.26756956464143,130.37697591706512,129.46,130.7051949743361,129.03447591706512,131.7194759170651,HIBRIDO_ANALOGO_CLIM,ANALOGO_ESTADO_V2_CONFORMAL,30,10,0.6963969832129369,OK_ANALOGOS_CONTINUIDAD_CORREGIDA,-0.12805211719324916,0.12805211719324916,0.0,CORREGIDO_ANCLA_OBSERVADO,128.16389831757974,132.5900535165505,2.2130775994853877,240.0,OK_CALIBRADO
2026-10-09,YURIMAGUAS,27.0,2026-10-02,2026-10-03,60,1,129.46,129.57743500855466,129.46,129.46,129.1076949743361,129.06500000000003,129.85500000000002,HIBRIDO_ANALOGO_CLIM,ANALOGO_ESTADO_V2_CONFORMAL,30,10,0.6963969832129369,OK_ANALOGOS_CONTINUIDAD_CORREGIDA,-0.12805211719324916,0.12805211719324916,0.0,CORREGIDO_ANCLA_OBSERVADO,127.23247326604164,131.68752673395838,2.2275267339583706,480.0,OK_CALIBRADO
2026-10-09,YURIMAGUAS,27.0,2026-10-02,2026-10-04,60,2,129.62930851437932,129.80079874201277,129.62930851437932,129.46,129.11483783147898,128.86380851437931,130.39480851437932,HIBRIDO_ANALOGO_CLIM,ANALOGO_ESTADO_V2_CONFORMAL,30,10,0.6963969832129369,OK_ANALOGOS_CONTINUIDAD_CORREGIDA,-0.12805211719324916,0.12805211719324916,0.0,CORREGIDO_ANCLA_OBSERVADO,127.40178178042095,131.8568352483377,2.2275267339583706,480.0,OK_CALIBRADO
2026-10-09,YURIMAGUAS,27.0,2026-10-02,2026-10-05,60,3,129.6734913517676,129.8491139537686,129.6734913517676,129.46,129.14662354576467,128.7884913517676,130.5584913517676,HIBRIDO_ANALOGO_CLIM,ANALOGO_ESTADO_V2_CONFORMAL,30,10,0.6963969832129369,OK_ANALOGOS_CONTINUIDAD_CORREGIDA,-0.12805211719324916,0.12805211719324916,0.0,CORREGIDO_ANCLA_OBSERVADO,127.44596461780924,131.90101808572598,2.2275267339583706,480.0,OK_CALIBRADO
2026-10-09,YURIMAGUAS,27.0,2026-10-02,2026-10-06,60,4,129.6348482634035,129.7063993597593,129.6348482634035,129.46,129.4201949743361,128.4773482634035,130.7923482634035,HIBRIDO_ANALOGO_CLIM,ANALOGO_ESTADO_V2_CONFORMAL,30,10,0.6963969832129369,OK_ANALOGOS_CONTINUIDAD_CORREGIDA,-0.12805211719324916,0.12805211719324916,0.0,CORREGIDO_ANCLA_OBSERVADO,127.40732152944514,131.86237499736188,2.2275267339583706,480.0,OK_CALIBRADO
2026-10-09,YURIMAGUAS,27.0,2026-10-02,2026-10-07,60,5,129.63074499770784,129.6973569102603,129.63074499770784,129.46,129.43090926005038,128.30574499770785,130.95574499770785,HIBRIDO_ANALOGO_CLIM,ANALOGO_ESTADO_V2_CONFORMAL,30,10,0.6963969832129369,OK_ANALOGOS_CONTINUIDAD_CORREGIDA,-0.12805211719324916,0.12805211719324916,0.0,CORREGIDO_ANCLA_OBSERVADO,127.40321826374947,131.8582717316662,2.2275267339583706,480.0,OK_CALIBRADO
2026-10-09,YURIMAGUAS,27.0,2026-10-02,2026-10-08,60,6,129.51614168717418,129.52455249621545,129.51614168717418,129.46,129.4909092600504,128.41914168717418,130.6131416871742,HIBRIDO_ANALOGO_CLIM,ANALOGO_ESTADO_V2_CONFORMAL,30,10,0.6963969832129369,OK_ANALOGOS_CONTINUIDAD_CORREGIDA,-0.12805211719324916,0.12805211719324916,0.0,CORREGIDO_ANCLA_OBSERVADO,127.28861495321581,131.74366842113255,2.2275267339583706,480.0,OK_CALIBRADO
2026-10-09,YURIMAGUAS,27.0,2026-10-02,2026-10-09,60,7,129.64489333619284,129.66622136157366,129.64489333619284,129.46,129.5809092600504,128.23639333619283,131.05339333619284,HIBRIDO_ANALOGO_CLIM,ANALOGO_ESTADO_V2_CONFORMAL,30,10,0.6963969832129369,OK_ANALOGOS_CONTINUIDAD_CORREGIDA,-0.12805211719324916,0.12805211719324916,0.0,CORREGIDO_ANCLA_OBSERVADO,127.41736660223447,131.8724200701512,2.2275267339583706,480.0,OK_CALIBRADO
2026-10-09,YURIMAGUAS,27.0,2026-10-02,2026-10-10,60,8,129.60574336312553,129.571759492722,129.60574336312553,129.46,129.7076949743361,128.36774336312553,130.84374336312553,HIBRIDO_ANALOGO_CLIM,ANALOGO_ESTADO_V2_CONFORMAL,30,10,0.6963969832129369,OK_ANALOGOS_CONTINUIDAD_CORREGIDA,-0.12805211719324916,0.12805211719324916,0.0,CORREGIDO_ANCLA_OBSERVADO,127.37821662916716,131.8332700970839,2.2275267339583706,480.0,OK_CALIBRADO
2026-10-09,YURIMAGUAS,27.0,2026-10-02,2026-10-11,60,9,129.533221209043,129.435896620612,129.533221209043,129.46,129.8251949743361,128.201721209043,130.864721209043,HIBRIDO_ANALOGO_CLIM,ANALOGO_ESTADO_V2_CONFORMAL,30,10,0.6963969832129369,OK_ANALOGOS_CONTINUIDAD_CORREGIDA,-0.12805211719324916,0.12805211719324916,0.0,CORREGIDO_ANCLA_OBSERVADO,127.30569447508464,131.76074794300138,2.2275267339583706,480.0,OK_CALIBRADO
2026-10-09,YURIMAGUAS,27.0,2026-10-02,2026-10-12,60,10,129.60847421470663,129.50682919959206,129.60847421470663,129.46,129.9134092600504,128.6214742147066,130.59547421470663,HIBRIDO_ANALOGO_CLIM,ANALOGO_ESTADO_V2_CONFORMAL,30,10,0.6963969832129369,OK_ANALOGOS_CONTINUIDAD_CORREGIDA,-0.12805211719324916,0.12805211719324916,0.0,CORREGIDO_ANCLA_OBSERVADO,127.38094748074826,131.836000948665,2.2275267339583706,480.0,OK_CALIBRADO
2026-10-09,YURIMAGUAS,27.0,2026-10-02,2026-10-13,60,11,129.61490338644634,129.48897285714975,129.61490338644634,129.46,129.9926949743361,128.62690338644634,130.60290338644637,HIBRIDO_ANALOGO_CLIM,ANALOGO_ESTADO_V2_CONFORMAL,30,10,0.6963969832129369,OK_ANALOGOS_CONTINUIDAD_CORREGIDA,-0.12805211719324916,0.12805211719324916,0.0,CORREGIDO_ANCLA_OBSERVADO,127.38737665248797,131.8424301204047,2.2275267339583706,480.0,OK_CALIBRADO
2026-10-09,YURIMAGUAS,27.0,2026-10-02,2026-10-14,60,12,129.53231424623863,129.40611590830136,129.53231424623863,129.46,129.9109092600504,128.65931424623864,130.40531424623865,HIBRIDO_ANALOGO_CLIM,ANALOGO_ESTADO_V2_CONFORMAL,30,10,0.6963969832129369,OK_ANALOGOS_CONTINUIDAD_CORREGIDA,-0.12805211719324916,0.12805211719324916,0.0,CORREGIDO_ANCLA_OBSERVADO,127.30478751228026,131.759840980197,2.2275267339583706,480.0,OK_CALIBRADO
2026-10-09,YURIMAGUAS,27.0,2026-10-02,2026-10-15,60,13,129.61195834500006,129.53754613522136,129.61195834500006,129.46,129.8351949743361,128.96195834500006,130.26195834500004,HIBRIDO_ANALOGO_CLIM,ANALOGO_ESTADO_V2_CONFORMAL,30,10,0.6963969832129369,OK_ANALOGOS_CONTINUIDAD_CORREGIDA,-0.12805211719324916,0.12805211719324916,0.0,CORREGIDO_ANCLA_OBSERVADO,127.38443161104169,131.83948507895843,2.2275267339583706,480.0,OK_CALIBRADO
2026-10-09,YURIMAGUAS,27.0,2026-10-02,2026-10-16,60,14,129.70555344505328,129.65698245910187,129.70555344505328,129.46,129.85126640290753,128.92605344505327,130.48505344505327,HIBRIDO_ANALOGO_CLIM,ANALOGO_ESTADO_V2_CONFORMAL,30,10,0.6963969832129369,OK_ANALOGOS_CONTINUIDAD_CORREGIDA,-0.12805211719324916,0.12805211719324916,0.0,CORREGIDO_ANCLA_OBSERVADO,127.47802671109491,131.93308017901165,2.2275267339583706,480.0,OK_CALIBRADO
2026-10-09,YURIMAGUAS,27.0,2026-10-02,2026-10-17,60,15,129.82300557651467,129.7646567296218,129.82300557651467,129.46,129.99805211719325,129.13650557651465,130.50950557651467,HIBRIDO_ANALOGO_CLIM,ANALOGO_ESTADO_V2_CONFORMAL,30,10,0.6963969832129369,OK_ANALOGOS_CONTINUIDAD_CORREGIDA,-0.12805211719324916,0.12805211719324916,0.0,CORREGIDO_ANCLA_OBSERVADO,127.5954788425563,132.05053231047305,2.2275267339583706,480.0,OK_CALIBRADO
2026-10-09,YURIMAGUAS,27.0,2026-10-02,2026-10-18,60,16,129.96657328388437,129.92869938706713,129.96657328388437,129.46,130.0801949743361,129.08157328388438,130.8515732838844,HIBRIDO_ANALOGO_CLIM,ANALOGO_ESTADO_V2_CONFORMAL,30,10,0.6963969832129369,OK_ANALOGOS_CONTINUIDAD_CORREGIDA,-0.12805211719324916,0.12805211719324916,0.0,CORREGIDO_ANCLA_OBSERVADO,127.739046549926,132.19410001784274,2.2275267339583706,480.0,OK_CALIBRADO
2026-10-09,YURIMAGUAS,27.0,2026-10-02,2026-10-19,60,17,130.0724651203895,130.06631707383588,130.0724651203895,129.46,130.09090926005038,129.0419651203895,131.10296512038948,HIBRIDO_ANALOGO_CLIM,ANALOGO_ESTADO_V2_CONFORMAL,30,10,0.6963969832129369,OK_ANALOGOS_CONTINUIDAD_CORREGIDA,-0.12805211719324916,0.12805211719324916,0.0,CORREGIDO_ANCLA_OBSERVADO,127.84493838643112,132.29999185434787,2.2275267339583706,480.0,OK_CALIBRADO
2026-10-09,YURIMAGUAS,27.0,2026-10-02,2026-10-20,60,18,130.17953789510167,130.20741410678542,130.17953789510167,129.46,130.09590926005038,129.11953789510167,131.23953789510168,HIBRIDO_ANALOGO_CLIM,ANALOGO_ESTADO_V2_CONFORMAL,30,10,0.6963969832129369,OK_ANALOGOS_CONTINUIDAD_CORREGIDA,-0.12805211719324916,0.12805211719324916,0.0,CORREGIDO_ANCLA_OBSERVADO,127.9520111611433,132.40706462906005,2.2275267339583706,480.0,OK_CALIBRADO
2026-10-09,YURIMAGUAS,27.0,2026-10-02,2026-10-21,60,19,130.0430915912728,130.02119998739454,130.0430915912728,129.46,130.10876640290755,129.08809159127279,130.9980915912728,HIBRIDO_ANALOGO_CLIM,ANALOGO_ESTADO_V2_CONFORMAL,30,10,0.6963969832129369,OK_ANALOGOS_CONTINUIDAD_CORREGIDA,-0.12805211719324916,0.12805211719324916,0.0,CORREGIDO_ANCLA_OBSERVADO,127.81556485731443,132.27061832523117,2.2275267339583706,480.0,OK_CALIBRADO
2026-10-09,YURIMAGUAS,27.0,2026-10-02,2026-10-22,60,20,130.01098466825044,129.9672002805076,130.01098466825044,129.46,130.14233783147895,129.12148466825045,130.90048466825047,HIBRIDO_ANALOGO_CLIM,ANALOGO_ESTADO_V2_CONFORMAL,30,10,0.6963969832129369,OK_ANALOGOS_CONTINUIDAD_CORREGIDA,-0.12805211719324916,0.12805211719324916,0.0,CORREGIDO_ANCLA_OBSERVADO,127.78345793429207,132.23851140220881,2.2275267339583706,480.0,OK_CALIBRADO
2026-10-09,YURIMAGUAS,27.0,2026-10-02,2026-10-23,60,21,129.85182551248445,129.773440453772,129.85182551248445,129.46,130.08698068862182,129.14032551248445,130.56332551248445,HIBRIDO_ANALOGO_CLIM,ANALOGO_ESTADO_V2_CONFORMAL,30,10,0.6963969832129369,OK_ANALOGOS_CONTINUIDAD_CORREGIDA,-0.12805211719324916,0.12805211719324916,0.0,CORREGIDO_ANCLA_OBSERVADO,127.62429877852608,132.07935224644282,2.2275267339583706,480.0,OK_CALIBRADO
2026-10-09,YURIMAGUAS,27.0,2026-10-02,2026-10-24,60,22,129.89495776537848,129.81392631477357,129.89495776537848,129.46,130.13805211719324,129.02845776537848,130.76145776537848,HIBRIDO_ANALOGO_CLIM,ANALOGO_ESTADO_V2_CONFORMAL,30,10,0.6963969832129369,OK_ANALOGOS_CONTINUIDAD_CORREGIDA,-0.12805211719324916,0.12805211719324916,0.0,CORREGIDO_ANCLA_OBSERVADO,127.66743103142011,132.12248449933685,2.2275267339583706,480.0,OK_CALIBRADO
2026-10-09,YURIMAGUAS,27.0,2026-10-02,2026-10-25,60,23,129.94033991029266,129.79836441275438,129.94033991029266,129.46,130.36626640290754,128.79033991029266,131.09033991029267,HIBRIDO_ANALOGO_CLIM,ANALOGO_ESTADO_V2_CONFORMAL,30,10,0.6963969832129369,OK_ANALOGOS_CONTINUIDAD_CORREGIDA,-0.12805211719324916,0.12805211719324916,0.0,CORREGIDO_ANCLA_OBSERVADO,127.7128131763343,132.16786664425103,2.2275267339583706,480.0,OK_CALIBRADO
2026-10-09,YURIMAGUAS,27.0,2026-10-02,2026-10-26,60,24,130.10036848309855,129.98411679554317,130.10036848309855,129.46,130.44912354576468,128.98836848309855,131.21236848309854,HIBRIDO_ANALOGO_CLIM,ANALOGO_ESTADO_V2_CONFORMAL,30,10,0.6963969832129369,OK_ANALOGOS_CONTINUIDAD_CORREGIDA,-0.12805211719324916,0.12805211719324916,0.0,CORREGIDO_ANCLA_OBSERVADO,127.87284174914018,132.32789521705692,2.2275267339583706,480.0,OK_CALIBRADO
2026-10-09,YURIMAGUAS,27.0,2026-10-02,2026-10-27,60,25,130.22177607072626,130.11646976952298,130.22177607072626,129.46,130.53769497433612,129.03377607072625,131.40977607072625,HIBRIDO_ANALOGO_CLIM,ANALOGO_ESTADO_V2_CONFORMAL,30,10,0.6963969832129369,OK_ANALOGOS_CONTINUIDAD_CORREGIDA,-0.12805211719324916,0.12805211719324916,0.0,CORREGIDO_ANCLA_OBSERVADO,127.9942493367679,132.44930280468463,2.2275267339583706,480.0,OK_CALIBRADO
2026-10-09,YURIMAGUAS,27.0,2026-10-02,2026-10-28,60,26,130.30699328996457,130.2334260618407,130.30699328996457,129.46,130.5276949743361,128.77699328996457,131.83699328996457,HIBRIDO_ANALOGO_CLIM,ANALOGO_ESTADO_V2_CONFORMAL,30,10,0.6963969832129369,OK_ANALOGOS_CONTINUIDAD_CORREGIDA,-0.12805211719324916,0.12805211719324916,0.0,CORREGIDO_ANCLA_OBSERVADO,128.0794665560062,132.53452002392294,2.2275267339583706,480.0,OK_CALIBRADO
2026-10-09,YURIMAGUAS,27.0,2026-10-02,2026-10-29,60,27,130.44402383212054,130.41601440376297,130.44402383212054,129.46,130.52805211719325,128.8000238321205,132.08802383212054,HIBRIDO_ANALOGO_CLIM,ANALOGO_ESTADO_V2_CONFORMAL,30,10,0.6963969832129369,OK_ANALOGOS_CONTINUIDAD_CORREGIDA,-0.12805211719324916,0.12805211719324916,0.0,CORREGIDO_ANCLA_OBSERVADO,128.21649709816217,132.6715505660789,2.2275267339583706,480.0,OK_CALIBRADO
2026-10-09,YURIMAGUAS,27.0,2026-10-02,2026-10-30,60,28,130.473497976672,130.40864659649827,130.473497976672,129.46,130.66805211719324,128.99199797667202,131.954997976672,HIBRIDO_ANALOGO_CLIM,ANALOGO_ESTADO_V2_CONFORMAL,30,10,0.6963969832129369,OK_ANALOGOS_CONTINUIDAD_CORREGIDA,-0.12805211719324916,0.12805211719324916,0.0,CORREGIDO_ANCLA_OBSERVADO,128.24597124271364,132.70102471063038,2.2275267339583706,480.0,OK_CALIBRADO
2026-10-09,YURIMAGUAS,27.0,2026-10-02,2026-10-31,60,29,130.4037251684178,130.28668761406408,130.4037251684178,129.46,130.75483783147897,129.1577251684178,131.6497251684178,HIBRIDO_ANALOGO_CLIM,ANALOGO_ESTADO_V2_CONFORMAL,30,10,0.6963969832129369,OK_ANALOGOS_CONTINUIDAD_CORREGIDA,-0.12805211719324916,0.12805211719324916,0.0,CORREGIDO_ANCLA_OBSERVADO,128.17619843445942,132.63125190237616,2.2275267339583706,480.0,OK_CALIBRADO
2026-10-09,YURIMAGUAS,27.0,2026-10-02,2026-11-01,60,30,130.37697591706512,130.26756956464143,130.37697591706512,129.46,130.7051949743361,129.03447591706512,131.7194759170651,HIBRIDO_ANALOGO_CLIM,ANALOGO_ESTADO_V2_CONFORMAL,30,10,0.6963969832129369,OK_ANALOGOS_CONTINUIDAD_CORREGIDA,-0.12805211719324916,0.12805211719324916,0.0,CORREGIDO_ANCLA_OBSERVADO,128.14944918310675,132.6045026510235,2.2275267339583706,480.0,OK_CALIBRADO
2026-10-09,YURIMAGUAS,27.0,2026-10-02,2026-11-02,60,31,130.4060668287053,130.3207846335177,130.4060668287053,129.46,130.65090926005038,129.07506682870527,131.73706682870528,HIBRIDO_ANALOGO_CLIM,ANALOGO_ESTADO_V2_CONFORMAL,30,10,0.6963969832129369,OK_ANALOGOS_CONTINUIDAD_CORREGIDA,-0.12805211719324916,0.12805211719324916,0.0,CORREGIDO_ANCLA_OBSERVADO,128.17854009474692,132.63359356266366,2.2275267339583706,480.0,OK_CALIBRADO
2026-10-09,YURIMAGUAS,27.0,2026-10-02,2026-11-03,60,32,130.66232531105604,130.63037270622692,130.66232531105604,129.46,130.7501949743361,129.29882531105602,132.02582531105605,HIBRIDO_ANALOGO_CLIM,ANALOGO_ESTADO_V2_CONFORMAL,30,10,0.6963969832129369,OK_ANALOGOS_CONTINUIDAD_CORREGIDA,-0.12805211719324916,0.12805211719324916,0.0,CORREGIDO_ANCLA_OBSERVADO,128.43479857709767,132.8898520450144,2.2275267339583706,480.0,OK_CALIBRADO
2026-10-09,YURIMAGUAS,27.0,2026-10-02,2026-11-04,60,33,130.72479398801485,130.66192021487822,130.72479398801485,129.46,130.89055211719324,129.14629398801483,132.30329398801484,HIBRIDO_ANALOGO_CLIM,ANALOGO_ESTADO_V2_CONFORMAL,30,10,0.6963969832129369,OK_ANALOGOS_CONTINUIDAD_CORREGIDA,-0.12805211719324916,0.12805211719324916,0.0,CORREGIDO_ANCLA_OBSERVADO,128.49726725405648,132.95232072197322,2.2275267339583706,480.0,OK_CALIBRADO
2026-10-09,YURIMAGUAS,27.0,2026-10-02,2026-11-05,60,34,130.59853051313218,130.50270635737382,130.59853051313218,129.46,130.84090926005038,129.04353051313217,132.15353051313218,HIBRIDO_ANALOGO_CLIM,ANALOGO_ESTADO_V2_CONFORMAL,30,10,0.6963969832129369,OK_ANALOGOS_CONTINUIDAD_CORREGIDA,-0.12805211719324916,0.12805211719324916,0.0,CORREGIDO_ANCLA_OBSERVADO,128.3710037791738,132.82605724709055,2.2275267339583706,480.0,OK_CALIBRADO
2026-10-09,YURIMAGUAS,27.0,2026-10-02,2026-11-06,60,35,130.5018098449834,130.3708571446617,130.5018098449834,129.46,130.81983783147896,129.0958098449834,131.90780984498338,HIBRIDO_ANALOGO_CLIM,ANALOGO_ESTADO_V2_CONFORMAL,30,10,0.6963969832129369,OK_ANALOGOS_CONTINUIDAD_CORREGIDA,-0.12805211719324916,0.12805211719324916,0.0,CORREGIDO_ANCLA_OBSERVADO,128.27428311102503,132.72933657894177,2.2275267339583706,480.0,OK_CALIBRADO
2026-10-09,YURIMAGUAS,27.0,2026-10-02,2026-11-07,60,36,130.63512253091963,130.51478536129216,130.63512253091963,129.46,130.9159092600504,129.47612253091964,131.79412253091965,HIBRIDO_ANALOGO_CLIM,ANALOGO_ESTADO_V2_CONFORMAL,30,10,0.6963969832129369,OK_ANALOGOS_CONTINUIDAD_CORREGIDA,-0.12805211719324916,0.12805211719324916,0.0,CORREGIDO_ANCLA_OBSERVADO,128.40759579696126,132.862649264878,2.2275267339583706,480.0,OK_CALIBRADO
2026-10-09,YURIMAGUAS,27.0,2026-10-02,2026-11-08,60,37,130.70988810400524,130.60546989502814,130.70988810400524,129.46,130.94412354576468,129.66888810400525,131.75088810400527,HIBRIDO_ANALOGO_CLIM,ANALOGO_ESTADO_V2_CONFORMAL,30,10,0.6963969832129369,OK_ANALOGOS_CONTINUIDAD_CORREGIDA,-0.12805211719324916,0.12805211719324916,0.0,CORREGIDO_ANCLA_OBSERVADO,128.48236137004687,132.93741483796362,2.2275267339583706,480.0,OK_CALIBRADO
2026-10-09,YURIMAGUAS,27.0,2026-10-02,2026-11-09,60,38,130.8894078988349,130.82333758161656,130.8894078988349,129.46,131.03198068862181,129.8649078988349,131.91390789883488,HIBRIDO_ANALOGO_CLIM,ANALOGO_ESTADO_V2_CONFORMAL,30,10,0.6963969832129369,OK_ANALOGOS_CONTINUIDAD_CORREGIDA,-0.12805211719324916,0.12805211719324916,0.0,CORREGIDO_ANCLA_OBSERVADO,128.66188116487652,133.11693463279326,2.2275267339583706,480.0,OK_CALIBRADO
2026-10-09,YURIMAGUAS,27.0,2026-10-02,2026-11-10,60,39,131.01018986574508,130.98628528965097,131.01018986574508,129.46,131.05983783147897,129.56468986574507,132.4556898657451,HIBRIDO_ANALOGO_CLIM,ANALOGO_ESTADO_V2_CONFORMAL,30,10,0.6963969832129369,OK_ANALOGOS_CONTINUIDAD_CORREGIDA,-0.12805211719324916,0.12805211719324916,0.0,CORREGIDO_ANCLA_OBSERVADO,128.7826631317867,133.23771659970345,2.2275267339583706,480.0,OK_CALIBRADO
2026-10-09,YURIMAGUAS,27.0,2026-10-02,2026-11-11,60,40,130.99293981781176,131.04127652526387,130.99293981781176,129.46,130.89626640290754,129.57243981781176,132.41343981781174,HIBRIDO_ANALOGO_CLIM,ANALOGO_ESTADO_V2_CONFORMAL,30,10,0.6963969832129369,OK_ANALOGOS_CONTINUIDAD_CORREGIDA,-0.12805211719324916,0.12805211719324916,0.0,CORREGIDO_ANCLA_OBSERVADO,128.7654130838534,133.22046655177013,2.2275267339583706,480.0,OK_CALIBRADO
2026-10-09,YURIMAGUAS,27.0,2026-10-02,2026-11-12,60,41,131.04934997913162,131.16568358921535,131.04934997913162,129.46,130.8251949743361,129.70934997913164,132.38934997913162,HIBRIDO_ANALOGO_CLIM,ANALOGO_ESTADO_V2_CONFORMAL,30,10,0.6963969832129369,OK_ANALOGOS_CONTINUIDAD_CORREGIDA,-0.12805211719324916,0.12805211719324916,0.0,CORREGIDO_ANCLA_OBSERVADO,128.82182324517325,133.27687671309,2.2275267339583706,480.0,OK_CALIBRADO
2026-10-09,YURIMAGUAS,27.0,2026-10-02,2026-11-13,60,42,130.9201500880124,130.98127976460736,130.9201500880124,129.46,130.80662354576467,129.37365008801243,132.4666500880124,HIBRIDO_ANALOGO_CLIM,ANALOGO_ESTADO_V2_CONFORMAL,30,10,0.6963969832129369,OK_ANALOGOS_CONTINUIDAD_CORREGIDA,-0.12805211719324916,0.12805211719324916,0.0,CORREGIDO_ANCLA_OBSERVADO,128.69262335405404,133.14767682197078,2.2275267339583706,480.0,OK_CALIBRADO
2026-10-09,YURIMAGUAS,27.0,2026-10-02,2026-11-14,60,43,130.81692115632788,130.77101592586317,130.81692115632788,129.46,130.8991235457647,129.17842115632786,132.45542115632787,HIBRIDO_ANALOGO_CLIM,ANALOGO_ESTADO_V2_CONFORMAL,30,10,0.6963969832129369,OK_ANALOGOS_CONTINUIDAD_CORREGIDA,-0.12805211719324916,0.12805211719324916,0.0,CORREGIDO_ANCLA_OBSERVADO,128.5893944223695,133.04444789028625,2.2275267339583706,480.0,OK_CALIBRADO
2026-10-09,YURIMAGUAS,27.0,2026-10-02,2026-11-15,60,44,130.8613049929372,130.70108297363106,130.8613049929372,129.46,131.13805211719327,129.0088049929372,132.71380499293718,HIBRIDO_ANALOGO_CLIM,ANALOGO_ESTADO_V2_CONFORMAL,30,10,0.6963969832129369,OK_ANALOGOS_CONTINUIDAD_CORREGIDA,-0.12805211719324916,0.12805211719324916,0.0,CORREGIDO_ANCLA_OBSERVADO,128.63377825897882,133.08883172689556,2.2275267339583706,480.0,OK_CALIBRADO
2026-10-09,YURIMAGUAS,27.0,2026-10-02,2026-11-16,60,45,130.90881861162228,130.7312070797083,130.90881861162228,129.46,131.20483783147895,129.13031861162227,132.6873186116223,HIBRIDO_ANALOGO_CLIM,ANALOGO_ESTADO_V2_CONFORMAL,30,10,0.6963969832129369,OK_ANALOGOS_CONTINUIDAD_CORREGIDA,-0.12805211719324916,0.12805211719324916,0.0,CORREGIDO_ANCLA_OBSERVADO,128.6812918776639,133.13634534558065,2.2275267339583706,480.0,OK_CALIBRADO
2026-10-09,YURIMAGUAS,27.0,2026-10-02,2026-11-17,60,46,130.97647383349502,130.82075335598378,130.97647383349502,129.46,131.2269806886218,129.397973833495,132.554973833495,HIBRIDO_ANALOGO_CLIM,ANALOGO_ESTADO_V2_CONFORMAL,30,10,0.6963969832129369,OK_ANALOGOS_CONTINUIDAD_CORREGIDA,-0.12805211719324916,0.12805211719324916,0.0,CORREGIDO_ANCLA_OBSERVADO,128.74894709953665,133.2040005674534,2.2275267339583706,480.0,OK_CALIBRADO
2026-10-09,YURIMAGUAS,27.0,2026-10-02,2026-11-18,60,47,130.94946118130323,130.7740034163173,130.94946118130323,129.46,131.2219806886218,129.47546118130325,132.42346118130322,HIBRIDO_ANALOGO_CLIM,ANALOGO_ESTADO_V2_CONFORMAL,30,10,0.6963969832129369,OK_ANALOGOS_CONTINUIDAD_CORREGIDA,-0.12805211719324916,0.12805211719324916,0.0,CORREGIDO_ANCLA_OBSERVADO,128.72193444734486,133.1769879152616,2.2275267339583706,480.0,OK_CALIBRADO
2026-10-09,YURIMAGUAS,27.0,2026-10-02,2026-11-19,60,48,130.88407611673912,130.69833021167446,130.88407611673912,129.46,131.16269497433612,129.22657611673912,132.54157611673912,HIBRIDO_ANALOGO_CLIM,ANALOGO_ESTADO_V2_CONFORMAL,30,10,0.6963969832129369,OK_ANALOGOS_CONTINUIDAD_CORREGIDA,-0.12805211719324916,0.12805211719324916,0.0,CORREGIDO_ANCLA_OBSERVADO,128.65654938278075,133.1116028506975,2.2275267339583706,480.0,OK_CALIBRADO
2026-10-09,YURIMAGUAS,27.0,2026-10-02,2026-11-20,60,49,130.93580170306737,130.78488240317768,130.93580170306737,129.46,131.15448068862182,129.4543017030674,132.41730170306738,HIBRIDO_ANALOGO_CLIM,ANALOGO_ESTADO_V2_CONFORMAL,30,10,0.6963969832129369,OK_ANALOGOS_CONTINUIDAD_CORREGIDA,-0.12805211719324916,0.12805211719324916,0.0,CORREGIDO_ANCLA_OBSERVADO,128.708274969109,133.16332843702574,2.2275267339583706,480.0,OK_CALIBRADO
2026-10-09,YURIMAGUAS,27.0,2026-10-02,2026-11-21,60,50,131.00738669281688,130.93420730805826,131.00738669281688,129.46,131.10983783147896,129.47038669281687,132.5443866928169,HIBRIDO_ANALOGO_CLIM,ANALOGO_ESTADO_V2_CONFORMAL,30,10,0.6963969832129369,OK_ANALOGOS_CONTINUIDAD_CORREGIDA,-0.12805211719324916,0.12805211719324916,0.0,CORREGIDO_ANCLA_OBSERVADO,128.7798599588585,133.23491342677525,2.2275267339583706,480.0,OK_CALIBRADO
2026-10-09,YURIMAGUAS,27.0,2026-10-02,2026-11-22,60,51,131.1875853377594,131.1983272833953,131.1875853377594,129.46,131.17305211719324,129.7365853377594,132.63858533775942,HIBRIDO_ANALOGO_CLIM,ANALOGO_ESTADO_V2_CONFORMAL,30,10,0.6963969832129369,OK_ANALOGOS_CONTINUIDAD_CORREGIDA,-0.12805211719324916,0.12805211719324916,0.0,CORREGIDO_ANCLA_OBSERVADO,128.96005860380103,133.41511207171777,2.2275267339583706,480.0,OK_CALIBRADO
2026-10-09,YURIMAGUAS,27.0,2026-10-02,2026-11-23,60,52,131.33279827483204,131.3768478575642,131.33279827483204,129.46,131.2751949743361,130.04179827483205,132.62379827483204,HIBRIDO_ANALOGO_CLIM,ANALOGO_ESTADO_V2_CONFORMAL,30,10,0.6963969832129369,OK_ANALOGOS_CONTINUIDAD_CORREGIDA,-0.12805211719324916,0.12805211719324916,0.0,CORREGIDO_ANCLA_OBSERVADO,129.10527154087367,133.56032500879041,2.2275267339583706,480.0,OK_CALIBRADO
2026-10-09,YURIMAGUAS,27.0,2026-10-02,2026-11-24,60,53,131.25964979314813,131.19932514022543,131.25964979314813,129.46,131.33590926005039,129.89214979314815,132.62714979314813,HIBRIDO_ANALOGO_CLIM,ANALOGO_ESTADO_V2_CONFORMAL,30,10,0.6963969832129369,OK_ANALOGOS_CONTINUIDAD_CORREGIDA,-0.12805211719324916,0.12805211719324916,0.0,CORREGIDO_ANCLA_OBSERVADO,129.03212305918976,133.4871765271065,2.2275267339583706,480.0,OK_CALIBRADO
2026-10-09,YURIMAGUAS,27.0,2026-10-02,2026-11-25,60,54,131.2925038573431,131.17078904733583,131.2925038573431,129.46,131.44126640290753,130.01200385734307,132.57300385734308,HIBRIDO_ANALOGO_CLIM,ANALOGO_ESTADO_V2_CONFORMAL,30,10,0.6963969832129369,OK_ANALOGOS_CONTINUIDAD_CORREGIDA,-0.12805211719324916,0.12805211719324916,0.0,CORREGIDO_ANCLA_OBSERVADO,129.06497712338472,133.52003059130146,2.2275267339583706,480.0,OK_CALIBRADO
2026-10-09,YURIMAGUAS,27.0,2026-10-02,2026-11-26,60,55,131.30248879073844,131.173578063958,131.30248879073844,129.46,131.45483783147895,129.97248879073842,132.63248879073842,HIBRIDO_ANALOGO_CLIM,ANALOGO_ESTADO_V2_CONFORMAL,30,10,0.6963969832129369,OK_ANALOGOS_CONTINUIDAD_CORREGIDA,-0.12805211719324916,0.12805211719324916,0.0,CORREGIDO_ANCLA_OBSERVADO,129.07496205678007,133.5300155246968,2.2275267339583706,480.0,OK_CALIBRADO
2026-10-09,YURIMAGUAS,27.0,2026-10-02,2026-11-27,60,56,131.32440743389597,131.23996833601086,131.32440743389597,129.46,131.4209092600504,129.542407433896,133.10640743389598,HIBRIDO_ANALOGO_CLIM,ANALOGO_ESTADO_V2_CONFORMAL,30,10,0.6963969832129369,OK_ANALOGOS_CONTINUIDAD_CORREGIDA,-0.12805211719324916,0.12805211719324916,0.0,CORREGIDO_ANCLA_OBSERVADO,129.0968806999376,133.55193416785434,2.2275267339583706,480.0,OK_CALIBRADO
2026-10-09,YURIMAGUAS,27.0,2026-10-02,2026-11-28,60,57,131.2726429598303,131.12363331405297,131.2726429598303,129.46,131.43733783147897,129.2481429598303,133.29714295983032,HIBRIDO_ANALOGO_CLIM,ANALOGO_ESTADO_V2_CONFORMAL,30,10,0.6963969832129369,OK_ANALOGOS_CONTINUIDAD_CORREGIDA,-0.12805211719324916,0.12805211719324916,0.0,CORREGIDO_ANCLA_OBSERVADO,129.04511622587194,133.50016969378868,2.2275267339583706,480.0,OK_CALIBRADO
2026-10-09,YURIMAGUAS,27.0,2026-10-02,2026-11-29,60,58,131.28623078696626,131.16859378219166,131.28623078696626,129.46,131.41198068862184,129.13223078696626,133.44023078696625,HIBRIDO_ANALOGO_CLIM,ANALOGO_ESTADO_V2_CONFORMAL,30,10,0.6963969832129369,OK_ANALOGOS_CONTINUIDAD_CORREGIDA,-0.12805211719324916,0.12805211719324916,0.0,CORREGIDO_ANCLA_OBSERVADO,129.0587040530079,133.51375752092463,2.2275267339583706,480.0,OK_CALIBRADO
2026-10-09,YURIMAGUAS,27.0,2026-10-02,2026-11-30,60,59,131.2797094056574,131.28580298911336,131.2797094056574,129.46,131.27340926005039,129.3667094056574,133.1927094056574,HIBRIDO_ANALOGO_CLIM,ANALOGO_ESTADO_V2_CONFORMAL,30,10,0.6963969832129369,OK_ANALOGOS_CONTINUIDAD_CORREGIDA,-0.12805211719324916,0.12805211719324916,0.0,CORREGIDO_ANCLA_OBSERVADO,129.05218267169903,133.50723613961577,2.2275267339583706,480.0,OK_CALIBRADO
2026-10-09,YURIMAGUAS,27.0,2026-10-02,2026-12-01,60,60,131.34708222074988,131.3543266100208,131.34708222074988,129.46,131.33983783147895,129.52008222074988,133.1740822207499,HIBRIDO_ANALOGO_CLIM,ANALOGO_ESTADO_V2_CONFORMAL,30,10,0.6963969832129369,OK_ANALOGOS_CONTINUIDAD_CORREGIDA,-0.12805211719324916,0.12805211719324916,0.0,CORREGIDO_ANCLA_OBSERVADO,129.1195554867915,133.57460895470825,2.2275267339583706,480.0,OK_CALIBRADO
2026-10-09,YURIMAGUAS,27.0,2026-10-02,2026-10-03,90,1,129.46,129.57743500855466,129.46,129.46,129.1076949743361,129.06500000000003,129.85500000000002,HIBRIDO_ANALOGO_CLIM,ANALOGO_ESTADO_V2_CONFORMAL,30,10,0.6963969832129369,OK_ANALOGOS_CONTINUIDAD_CORREGIDA,-0.12805211719324916,0.12805211719324916,0.0,CORREGIDO_ANCLA_OBSERVADO,127.31328443784886,131.60671556215115,2.146715562151144,720.0,OK_CALIBRADO
2026-10-09,YURIMAGUAS,27.0,2026-10-02,2026-10-04,90,2,129.62930851437932,129.80079874201277,129.62930851437932,129.46,129.11483783147898,128.86380851437931,130.39480851437932,HIBRIDO_ANALOGO_CLIM,ANALOGO_ESTADO_V2_CONFORMAL,30,10,0.6963969832129369,OK_ANALOGOS_CONTINUIDAD_CORREGIDA,-0.12805211719324916,0.12805211719324916,0.0,CORREGIDO_ANCLA_OBSERVADO,127.48259295222817,131.77602407653046,2.146715562151144,720.0,OK_CALIBRADO
2026-10-09,YURIMAGUAS,27.0,2026-10-02,2026-10-05,90,3,129.6734913517676,129.8491139537686,129.6734913517676,129.46,129.14662354576467,128.7884913517676,130.5584913517676,HIBRIDO_ANALOGO_CLIM,ANALOGO_ESTADO_V2_CONFORMAL,30,10,0.6963969832129369,OK_ANALOGOS_CONTINUIDAD_CORREGIDA,-0.12805211719324916,0.12805211719324916,0.0,CORREGIDO_ANCLA_OBSERVADO,127.52677578961647,131.82020691391875,2.146715562151144,720.0,OK_CALIBRADO
2026-10-09,YURIMAGUAS,27.0,2026-10-02,2026-10-06,90,4,129.6348482634035,129.7063993597593,129.6348482634035,129.46,129.4201949743361,128.4773482634035,130.7923482634035,HIBRIDO_ANALOGO_CLIM,ANALOGO_ESTADO_V2_CONFORMAL,30,10,0.6963969832129369,OK_ANALOGOS_CONTINUIDAD_CORREGIDA,-0.12805211719324916,0.12805211719324916,0.0,CORREGIDO_ANCLA_OBSERVADO,127.48813270125237,131.78156382555466,2.146715562151144,720.0,OK_CALIBRADO
2026-10-09,YURIMAGUAS,27.0,2026-10-02,2026-10-07,90,5,129.63074499770784,129.6973569102603,129.63074499770784,129.46,129.43090926005038,128.30574499770785,130.95574499770785,HIBRIDO_ANALOGO_CLIM,ANALOGO_ESTADO_V2_CONFORMAL,30,10,0.6963969832129369,OK_ANALOGOS_CONTINUIDAD_CORREGIDA,-0.12805211719324916,0.12805211719324916,0.0,CORREGIDO_ANCLA_OBSERVADO,127.48402943555669,131.77746055985898,2.146715562151144,720.0,OK_CALIBRADO
2026-10-09,YURIMAGUAS,27.0,2026-10-02,2026-10-08,90,6,129.51614168717418,129.52455249621545,129.51614168717418,129.46,129.4909092600504,128.41914168717418,130.6131416871742,HIBRIDO_ANALOGO_CLIM,ANALOGO_ESTADO_V2_CONFORMAL,30,10,0.6963969832129369,OK_ANALOGOS_CONTINUIDAD_CORREGIDA,-0.12805211719324916,0.12805211719324916,0.0,CORREGIDO_ANCLA_OBSERVADO,127.36942612502304,131.66285724932533,2.146715562151144,720.0,OK_CALIBRADO
2026-10-09,YURIMAGUAS,27.0,2026-10-02,2026-10-09,90,7,129.64489333619284,129.66622136157366,129.64489333619284,129.46,129.5809092600504,128.23639333619283,131.05339333619284,HIBRIDO_ANALOGO_CLIM,ANALOGO_ESTADO_V2_CONFORMAL,30,10,0.6963969832129369,OK_ANALOGOS_CONTINUIDAD_CORREGIDA,-0.12805211719324916,0.12805211719324916,0.0,CORREGIDO_ANCLA_OBSERVADO,127.4981777740417,131.79160889834398,2.146715562151144,720.0,OK_CALIBRADO
2026-10-09,YURIMAGUAS,27.0,2026-10-02,2026-10-10,90,8,129.60574336312553,129.571759492722,129.60574336312553,129.46,129.7076949743361,128.36774336312553,130.84374336312553,HIBRIDO_ANALOGO_CLIM,ANALOGO_ESTADO_V2_CONFORMAL,30,10,0.6963969832129369,OK_ANALOGOS_CONTINUIDAD_CORREGIDA,-0.12805211719324916,0.12805211719324916,0.0,CORREGIDO_ANCLA_OBSERVADO,127.45902780097438,131.75245892527667,2.146715562151144,720.0,OK_CALIBRADO
2026-10-09,YURIMAGUAS,27.0,2026-10-02,2026-10-11,90,9,129.533221209043,129.435896620612,129.533221209043,129.46,129.8251949743361,128.201721209043,130.864721209043,HIBRIDO_ANALOGO_CLIM,ANALOGO_ESTADO_V2_CONFORMAL,30,10,0.6963969832129369,OK_ANALOGOS_CONTINUIDAD_CORREGIDA,-0.12805211719324916,0.12805211719324916,0.0,CORREGIDO_ANCLA_OBSERVADO,127.38650564689186,131.67993677119415,2.146715562151144,720.0,OK_CALIBRADO
2026-10-09,YURIMAGUAS,27.0,2026-10-02,2026-10-12,90,10,129.60847421470663,129.50682919959206,129.60847421470663,129.46,129.9134092600504,128.6214742147066,130.59547421470663,HIBRIDO_ANALOGO_CLIM,ANALOGO_ESTADO_V2_CONFORMAL,30,10,0.6963969832129369,OK_ANALOGOS_CONTINUIDAD_CORREGIDA,-0.12805211719324916,0.12805211719324916,0.0,CORREGIDO_ANCLA_OBSERVADO,127.46175865255549,131.75518977685778,2.146715562151144,720.0,OK_CALIBRADO
2026-10-09,YURIMAGUAS,27.0,2026-10-02,2026-10-13,90,11,129.61490338644634,129.48897285714975,129.61490338644634,129.46,129.9926949743361,128.62690338644634,130.60290338644637,HIBRIDO_ANALOGO_CLIM,ANALOGO_ESTADO_V2_CONFORMAL,30,10,0.6963969832129369,OK_ANALOGOS_CONTINUIDAD_CORREGIDA,-0.12805211719324916,0.12805211719324916,0.0,CORREGIDO_ANCLA_OBSERVADO,127.4681878242952,131.7616189485975,2.146715562151144,720.0,OK_CALIBRADO
2026-10-09,YURIMAGUAS,27.0,2026-10-02,2026-10-14,90,12,129.53231424623863,129.40611590830136,129.53231424623863,129.46,129.9109092600504,128.65931424623864,130.40531424623865,HIBRIDO_ANALOGO_CLIM,ANALOGO_ESTADO_V2_CONFORMAL,30,10,0.6963969832129369,OK_ANALOGOS_CONTINUIDAD_CORREGIDA,-0.12805211719324916,0.12805211719324916,0.0,CORREGIDO_ANCLA_OBSERVADO,127.38559868408748,131.67902980838977,2.146715562151144,720.0,OK_CALIBRADO
2026-10-09,YURIMAGUAS,27.0,2026-10-02,2026-10-15,90,13,129.61195834500006,129.53754613522136,129.61195834500006,129.46,129.8351949743361,128.96195834500006,130.26195834500004,HIBRIDO_ANALOGO_CLIM,ANALOGO_ESTADO_V2_CONFORMAL,30,10,0.6963969832129369,OK_ANALOGOS_CONTINUIDAD_CORREGIDA,-0.12805211719324916,0.12805211719324916,0.0,CORREGIDO_ANCLA_OBSERVADO,127.46524278284892,131.7586739071512,2.146715562151144,720.0,OK_CALIBRADO
2026-10-09,YURIMAGUAS,27.0,2026-10-02,2026-10-16,90,14,129.70555344505328,129.65698245910187,129.70555344505328,129.46,129.85126640290753,128.92605344505327,130.48505344505327,HIBRIDO_ANALOGO_CLIM,ANALOGO_ESTADO_V2_CONFORMAL,30,10,0.6963969832129369,OK_ANALOGOS_CONTINUIDAD_CORREGIDA,-0.12805211719324916,0.12805211719324916,0.0,CORREGIDO_ANCLA_OBSERVADO,127.55883788290214,131.85226900720443,2.146715562151144,720.0,OK_CALIBRADO
2026-10-09,YURIMAGUAS,27.0,2026-10-02,2026-10-17,90,15,129.82300557651467,129.7646567296218,129.82300557651467,129.46,129.99805211719325,129.13650557651465,130.50950557651467,HIBRIDO_ANALOGO_CLIM,ANALOGO_ESTADO_V2_CONFORMAL,30,10,0.6963969832129369,OK_ANALOGOS_CONTINUIDAD_CORREGIDA,-0.12805211719324916,0.12805211719324916,0.0,CORREGIDO_ANCLA_OBSERVADO,127.67629001436353,131.96972113866582,2.146715562151144,720.0,OK_CALIBRADO
2026-10-09,YURIMAGUAS,27.0,2026-10-02,2026-10-18,90,16,129.96657328388437,129.92869938706713,129.96657328388437,129.46,130.0801949743361,129.08157328388438,130.8515732838844,HIBRIDO_ANALOGO_CLIM,ANALOGO_ESTADO_V2_CONFORMAL,30,10,0.6963969832129369,OK_ANALOGOS_CONTINUIDAD_CORREGIDA,-0.12805211719324916,0.12805211719324916,0.0,CORREGIDO_ANCLA_OBSERVADO,127.81985772173323,132.11328884603552,2.146715562151144,720.0,OK_CALIBRADO
2026-10-09,YURIMAGUAS,27.0,2026-10-02,2026-10-19,90,17,130.0724651203895,130.06631707383588,130.0724651203895,129.46,130.09090926005038,129.0419651203895,131.10296512038948,HIBRIDO_ANALOGO_CLIM,ANALOGO_ESTADO_V2_CONFORMAL,30,10,0.6963969832129369,OK_ANALOGOS_CONTINUIDAD_CORREGIDA,-0.12805211719324916,0.12805211719324916,0.0,CORREGIDO_ANCLA_OBSERVADO,127.92574955823835,132.21918068254064,2.146715562151144,720.0,OK_CALIBRADO
2026-10-09,YURIMAGUAS,27.0,2026-10-02,2026-10-20,90,18,130.17953789510167,130.20741410678542,130.17953789510167,129.46,130.09590926005038,129.11953789510167,131.23953789510168,HIBRIDO_ANALOGO_CLIM,ANALOGO_ESTADO_V2_CONFORMAL,30,10,0.6963969832129369,OK_ANALOGOS_CONTINUIDAD_CORREGIDA,-0.12805211719324916,0.12805211719324916,0.0,CORREGIDO_ANCLA_OBSERVADO,128.03282233295053,132.32625345725282,2.146715562151144,720.0,OK_CALIBRADO
2026-10-09,YURIMAGUAS,27.0,2026-10-02,2026-10-21,90,19,130.0430915912728,130.02119998739454,130.0430915912728,129.46,130.10876640290755,129.08809159127279,130.9980915912728,HIBRIDO_ANALOGO_CLIM,ANALOGO_ESTADO_V2_CONFORMAL,30,10,0.6963969832129369,OK_ANALOGOS_CONTINUIDAD_CORREGIDA,-0.12805211719324916,0.12805211719324916,0.0,CORREGIDO_ANCLA_OBSERVADO,127.89637602912165,132.18980715342394,2.146715562151144,720.0,OK_CALIBRADO
2026-10-09,YURIMAGUAS,27.0,2026-10-02,2026-10-22,90,20,130.01098466825044,129.9672002805076,130.01098466825044,129.46,130.14233783147895,129.12148466825045,130.90048466825047,HIBRIDO_ANALOGO_CLIM,ANALOGO_ESTADO_V2_CONFORMAL,30,10,0.6963969832129369,OK_ANALOGOS_CONTINUIDAD_CORREGIDA,-0.12805211719324916,0.12805211719324916,0.0,CORREGIDO_ANCLA_OBSERVADO,127.8642691060993,132.1577002304016,2.146715562151144,720.0,OK_CALIBRADO
2026-10-09,YURIMAGUAS,27.0,2026-10-02,2026-10-23,90,21,129.85182551248445,129.773440453772,129.85182551248445,129.46,130.08698068862182,129.14032551248445,130.56332551248445,HIBRIDO_ANALOGO_CLIM,ANALOGO_ESTADO_V2_CONFORMAL,30,10,0.6963969832129369,OK_ANALOGOS_CONTINUIDAD_CORREGIDA,-0.12805211719324916,0.12805211719324916,0.0,CORREGIDO_ANCLA_OBSERVADO,127.70510995033331,131.9985410746356,2.146715562151144,720.0,OK_CALIBRADO
2026-10-09,YURIMAGUAS,27.0,2026-10-02,2026-10-24,90,22,129.89495776537848,129.81392631477357,129.89495776537848,129.46,130.13805211719324,129.02845776537848,130.76145776537848,HIBRIDO_ANALOGO_CLIM,ANALOGO_ESTADO_V2_CONFORMAL,30,10,0.6963969832129369,OK_ANALOGOS_CONTINUIDAD_CORREGIDA,-0.12805211719324916,0.12805211719324916,0.0,CORREGIDO_ANCLA_OBSERVADO,127.74824220322733,132.04167332752962,2.146715562151144,720.0,OK_CALIBRADO
2026-10-09,YURIMAGUAS,27.0,2026-10-02,2026-10-25,90,23,129.94033991029266,129.79836441275438,129.94033991029266,129.46,130.36626640290754,128.79033991029266,131.09033991029267,HIBRIDO_ANALOGO_CLIM,ANALOGO_ESTADO_V2_CONFORMAL,30,10,0.6963969832129369,OK_ANALOGOS_CONTINUIDAD_CORREGIDA,-0.12805211719324916,0.12805211719324916,0.0,CORREGIDO_ANCLA_OBSERVADO,127.79362434814152,132.0870554724438,2.146715562151144,720.0,OK_CALIBRADO
2026-10-09,YURIMAGUAS,27.0,2026-10-02,2026-10-26,90,24,130.10036848309855,129.98411679554317,130.10036848309855,129.46,130.44912354576468,128.98836848309855,131.21236848309854,HIBRIDO_ANALOGO_CLIM,ANALOGO_ESTADO_V2_CONFORMAL,30,10,0.6963969832129369,OK_ANALOGOS_CONTINUIDAD_CORREGIDA,-0.12805211719324916,0.12805211719324916,0.0,CORREGIDO_ANCLA_OBSERVADO,127.9536529209474,132.2470840452497,2.146715562151144,720.0,OK_CALIBRADO
2026-10-09,YURIMAGUAS,27.0,2026-10-02,2026-10-27,90,25,130.22177607072626,130.11646976952298,130.22177607072626,129.46,130.53769497433612,129.03377607072625,131.40977607072625,HIBRIDO_ANALOGO_CLIM,ANALOGO_ESTADO_V2_CONFORMAL,30,10,0.6963969832129369,OK_ANALOGOS_CONTINUIDAD_CORREGIDA,-0.12805211719324916,0.12805211719324916,0.0,CORREGIDO_ANCLA_OBSERVADO,128.07506050857512,132.3684916328774,2.146715562151144,720.0,OK_CALIBRADO
2026-10-09,YURIMAGUAS,27.0,2026-10-02,2026-10-28,90,26,130.30699328996457,130.2334260618407,130.30699328996457,129.46,130.5276949743361,128.77699328996457,131.83699328996457,HIBRIDO_ANALOGO_CLIM,ANALOGO_ESTADO_V2_CONFORMAL,30,10,0.6963969832129369,OK_ANALOGOS_CONTINUIDAD_CORREGIDA,-0.12805211719324916,0.12805211719324916,0.0,CORREGIDO_ANCLA_OBSERVADO,128.16027772781342,132.4537088521157,2.146715562151144,720.0,OK_CALIBRADO
2026-10-09,YURIMAGUAS,27.0,2026-10-02,2026-10-29,90,27,130.44402383212054,130.41601440376297,130.44402383212054,129.46,130.52805211719325,128.8000238321205,132.08802383212054,HIBRIDO_ANALOGO_CLIM,ANALOGO_ESTADO_V2_CONFORMAL,30,10,0.6963969832129369,OK_ANALOGOS_CONTINUIDAD_CORREGIDA,-0.12805211719324916,0.12805211719324916,0.0,CORREGIDO_ANCLA_OBSERVADO,128.2973082699694,132.59073939427168,2.146715562151144,720.0,OK_CALIBRADO
2026-10-09,YURIMAGUAS,27.0,2026-10-02,2026-10-30,90,28,130.473497976672,130.40864659649827,130.473497976672,129.46,130.66805211719324,128.99199797667202,131.954997976672,HIBRIDO_ANALOGO_CLIM,ANALOGO_ESTADO_V2_CONFORMAL,30,10,0.6963969832129369,OK_ANALOGOS_CONTINUIDAD_CORREGIDA,-0.12805211719324916,0.12805211719324916,0.0,CORREGIDO_ANCLA_OBSERVADO,128.32678241452086,132.62021353882315,2.146715562151144,720.0,OK_CALIBRADO
2026-10-09,YURIMAGUAS,27.0,2026-10-02,2026-10-31,90,29,130.4037251684178,130.28668761406408,130.4037251684178,129.46,130.75483783147897,129.1577251684178,131.6497251684178,HIBRIDO_ANALOGO_CLIM,ANALOGO_ESTADO_V2_CONFORMAL,30,10,0.6963969832129369,OK_ANALOGOS_CONTINUIDAD_CORREGIDA,-0.12805211719324916,0.12805211719324916,0.0,CORREGIDO_ANCLA_OBSERVADO,128.25700960626665,132.55044073056894,2.146715562151144,720.0,OK_CALIBRADO
2026-10-09,YURIMAGUAS,27.0,2026-10-02,2026-11-01,90,30,130.37697591706512,130.26756956464143,130.37697591706512,129.46,130.7051949743361,129.03447591706512,131.7194759170651,HIBRIDO_ANALOGO_CLIM,ANALOGO_ESTADO_V2_CONFORMAL,30,10,0.6963969832129369,OK_ANALOGOS_CONTINUIDAD_CORREGIDA,-0.12805211719324916,0.12805211719324916,0.0,CORREGIDO_ANCLA_OBSERVADO,128.23026035491398,132.52369147921627,2.146715562151144,720.0,OK_CALIBRADO
2026-10-09,YURIMAGUAS,27.0,2026-10-02,2026-11-02,90,31,130.4060668287053,130.3207846335177,130.4060668287053,129.46,130.65090926005038,129.07506682870527,131.73706682870528,HIBRIDO_ANALOGO_CLIM,ANALOGO_ESTADO_V2_CONFORMAL,30,10,0.6963969832129369,OK_ANALOGOS_CONTINUIDAD_CORREGIDA,-0.12805211719324916,0.12805211719324916,0.0,CORREGIDO_ANCLA_OBSERVADO,128.25935126655415,132.55278239085644,2.146715562151144,720.0,OK_CALIBRADO
2026-10-09,YURIMAGUAS,27.0,2026-10-02,2026-11-03,90,32,130.66232531105604,130.63037270622692,130.66232531105604,129.46,130.7501949743361,129.29882531105602,132.02582531105605,HIBRIDO_ANALOGO_CLIM,ANALOGO_ESTADO_V2_CONFORMAL,30,10,0.6963969832129369,OK_ANALOGOS_CONTINUIDAD_CORREGIDA,-0.12805211719324916,0.12805211719324916,0.0,CORREGIDO_ANCLA_OBSERVADO,128.5156097489049,132.80904087320718,2.146715562151144,720.0,OK_CALIBRADO
2026-10-09,YURIMAGUAS,27.0,2026-10-02,2026-11-04,90,33,130.72479398801485,130.66192021487822,130.72479398801485,129.46,130.89055211719324,129.14629398801483,132.30329398801484,HIBRIDO_ANALOGO_CLIM,ANALOGO_ESTADO_V2_CONFORMAL,30,10,0.6963969832129369,OK_ANALOGOS_CONTINUIDAD_CORREGIDA,-0.12805211719324916,0.12805211719324916,0.0,CORREGIDO_ANCLA_OBSERVADO,128.5780784258637,132.871509550166,2.146715562151144,720.0,OK_CALIBRADO
2026-10-09,YURIMAGUAS,27.0,2026-10-02,2026-11-05,90,34,130.59853051313218,130.50270635737382,130.59853051313218,129.46,130.84090926005038,129.04353051313217,132.15353051313218,HIBRIDO_ANALOGO_CLIM,ANALOGO_ESTADO_V2_CONFORMAL,30,10,0.6963969832129369,OK_ANALOGOS_CONTINUIDAD_CORREGIDA,-0.12805211719324916,0.12805211719324916,0.0,CORREGIDO_ANCLA_OBSERVADO,128.45181495098103,132.74524607528332,2.146715562151144,720.0,OK_CALIBRADO
2026-10-09,YURIMAGUAS,27.0,2026-10-02,2026-11-06,90,35,130.5018098449834,130.3708571446617,130.5018098449834,129.46,130.81983783147896,129.0958098449834,131.90780984498338,HIBRIDO_ANALOGO_CLIM,ANALOGO_ESTADO_V2_CONFORMAL,30,10,0.6963969832129369,OK_ANALOGOS_CONTINUIDAD_CORREGIDA,-0.12805211719324916,0.12805211719324916,0.0,CORREGIDO_ANCLA_OBSERVADO,128.35509428283225,132.64852540713454,2.146715562151144,720.0,OK_CALIBRADO
2026-10-09,YURIMAGUAS,27.0,2026-10-02,2026-11-07,90,36,130.63512253091963,130.51478536129216,130.63512253091963,129.46,130.9159092600504,129.47612253091964,131.79412253091965,HIBRIDO_ANALOGO_CLIM,ANALOGO_ESTADO_V2_CONFORMAL,30,10,0.6963969832129369,OK_ANALOGOS_CONTINUIDAD_CORREGIDA,-0.12805211719324916,0.12805211719324916,0.0,CORREGIDO_ANCLA_OBSERVADO,128.4884069687685,132.78183809307077,2.146715562151144,720.0,OK_CALIBRADO
2026-10-09,YURIMAGUAS,27.0,2026-10-02,2026-11-08,90,37,130.70988810400524,130.60546989502814,130.70988810400524,129.46,130.94412354576468,129.66888810400525,131.75088810400527,HIBRIDO_ANALOGO_CLIM,ANALOGO_ESTADO_V2_CONFORMAL,30,10,0.6963969832129369,OK_ANALOGOS_CONTINUIDAD_CORREGIDA,-0.12805211719324916,0.12805211719324916,0.0,CORREGIDO_ANCLA_OBSERVADO,128.5631725418541,132.8566036661564,2.146715562151144,720.0,OK_CALIBRADO
2026-10-09,YURIMAGUAS,27.0,2026-10-02,2026-11-09,90,38,130.8894078988349,130.82333758161656,130.8894078988349,129.46,131.03198068862181,129.8649078988349,131.91390789883488,HIBRIDO_ANALOGO_CLIM,ANALOGO_ESTADO_V2_CONFORMAL,30,10,0.6963969832129369,OK_ANALOGOS_CONTINUIDAD_CORREGIDA,-0.12805211719324916,0.12805211719324916,0.0,CORREGIDO_ANCLA_OBSERVADO,128.74269233668375,133.03612346098603,2.146715562151144,720.0,OK_CALIBRADO
2026-10-09,YURIMAGUAS,27.0,2026-10-02,2026-11-10,90,39,131.01018986574508,130.98628528965097,131.01018986574508,129.46,131.05983783147897,129.56468986574507,132.4556898657451,HIBRIDO_ANALOGO_CLIM,ANALOGO_ESTADO_V2_CONFORMAL,30,10,0.6963969832129369,OK_ANALOGOS_CONTINUIDAD_CORREGIDA,-0.12805211719324916,0.12805211719324916,0.0,CORREGIDO_ANCLA_OBSERVADO,128.86347430359393,133.15690542789622,2.146715562151144,720.0,OK_CALIBRADO
2026-10-09,YURIMAGUAS,27.0,2026-10-02,2026-11-11,90,40,130.99293981781176,131.04127652526387,130.99293981781176,129.46,130.89626640290754,129.57243981781176,132.41343981781174,HIBRIDO_ANALOGO_CLIM,ANALOGO_ESTADO_V2_CONFORMAL,30,10,0.6963969832129369,OK_ANALOGOS_CONTINUIDAD_CORREGIDA,-0.12805211719324916,0.12805211719324916,0.0,CORREGIDO_ANCLA_OBSERVADO,128.84622425566062,133.1396553799629,2.146715562151144,720.0,OK_CALIBRADO
2026-10-09,YURIMAGUAS,27.0,2026-10-02,2026-11-12,90,41,131.04934997913162,131.16568358921535,131.04934997913162,129.46,130.8251949743361,129.70934997913164,132.38934997913162,HIBRIDO_ANALOGO_CLIM,ANALOGO_ESTADO_V2_CONFORMAL,30,10,0.6963969832129369,OK_ANALOGOS_CONTINUIDAD_CORREGIDA,-0.12805211719324916,0.12805211719324916,0.0,CORREGIDO_ANCLA_OBSERVADO,128.90263441698048,133.19606554128276,2.146715562151144,720.0,OK_CALIBRADO
2026-10-09,YURIMAGUAS,27.0,2026-10-02,2026-11-13,90,42,130.9201500880124,130.98127976460736,130.9201500880124,129.46,130.80662354576467,129.37365008801243,132.4666500880124,HIBRIDO_ANALOGO_CLIM,ANALOGO_ESTADO_V2_CONFORMAL,30,10,0.6963969832129369,OK_ANALOGOS_CONTINUIDAD_CORREGIDA,-0.12805211719324916,0.12805211719324916,0.0,CORREGIDO_ANCLA_OBSERVADO,128.77343452586126,133.06686565016355,2.146715562151144,720.0,OK_CALIBRADO
2026-10-09,YURIMAGUAS,27.0,2026-10-02,2026-11-14,90,43,130.81692115632788,130.77101592586317,130.81692115632788,129.46,130.8991235457647,129.17842115632786,132.45542115632787,HIBRIDO_ANALOGO_CLIM,ANALOGO_ESTADO_V2_CONFORMAL,30,10,0.6963969832129369,OK_ANALOGOS_CONTINUIDAD_CORREGIDA,-0.12805211719324916,0.12805211719324916,0.0,CORREGIDO_ANCLA_OBSERVADO,128.67020559417674,132.96363671847902,2.146715562151144,720.0,OK_CALIBRADO
2026-10-09,YURIMAGUAS,27.0,2026-10-02,2026-11-15,90,44,130.8613049929372,130.70108297363106,130.8613049929372,129.46,131.13805211719327,129.0088049929372,132.71380499293718,HIBRIDO_ANALOGO_CLIM,ANALOGO_ESTADO_V2_CONFORMAL,30,10,0.6963969832129369,OK_ANALOGOS_CONTINUIDAD_CORREGIDA,-0.12805211719324916,0.12805211719324916,0.0,CORREGIDO_ANCLA_OBSERVADO,128.71458943078605,133.00802055508834,2.146715562151144,720.0,OK_CALIBRADO
2026-10-09,YURIMAGUAS,27.0,2026-10-02,2026-11-16,90,45,130.90881861162228,130.7312070797083,130.90881861162228,129.46,131.20483783147895,129.13031861162227,132.6873186116223,HIBRIDO_ANALOGO_CLIM,ANALOGO_ESTADO_V2_CONFORMAL,30,10,0.6963969832129369,OK_ANALOGOS_CONTINUIDAD_CORREGIDA,-0.12805211719324916,0.12805211719324916,0.0,CORREGIDO_ANCLA_OBSERVADO,128.76210304947114,133.05553417377342,2.146715562151144,720.0,OK_CALIBRADO
2026-10-09,YURIMAGUAS,27.0,2026-10-02,2026-11-17,90,46,130.97647383349502,130.82075335598378,130.97647383349502,129.46,131.2269806886218,129.397973833495,132.554973833495,HIBRIDO_ANALOGO_CLIM,ANALOGO_ESTADO_V2_CONFORMAL,30,10,0.6963969832129369,OK_ANALOGOS_CONTINUIDAD_CORREGIDA,-0.12805211719324916,0.12805211719324916,0.0,CORREGIDO_ANCLA_OBSERVADO,128.82975827134388,133.12318939564616,2.146715562151144,720.0,OK_CALIBRADO
2026-10-09,YURIMAGUAS,27.0,2026-10-02,2026-11-18,90,47,130.94946118130323,130.7740034163173,130.94946118130323,129.46,131.2219806886218,129.47546118130325,132.42346118130322,HIBRIDO_ANALOGO_CLIM,ANALOGO_ESTADO_V2_CONFORMAL,30,10,0.6963969832129369,OK_ANALOGOS_CONTINUIDAD_CORREGIDA,-0.12805211719324916,0.12805211719324916,0.0,CORREGIDO_ANCLA_OBSERVADO,128.8027456191521,133.09617674345438,2.146715562151144,720.0,OK_CALIBRADO
2026-10-09,YURIMAGUAS,27.0,2026-10-02,2026-11-19,90,48,130.88407611673912,130.69833021167446,130.88407611673912,129.46,131.16269497433612,129.22657611673912,132.54157611673912,HIBRIDO_ANALOGO_CLIM,ANALOGO_ESTADO_V2_CONFORMAL,30,10,0.6963969832129369,OK_ANALOGOS_CONTINUIDAD_CORREGIDA,-0.12805211719324916,0.12805211719324916,0.0,CORREGIDO_ANCLA_OBSERVADO,128.73736055458798,133.03079167889027,2.146715562151144,720.0,OK_CALIBRADO
2026-10-09,YURIMAGUAS,27.0,2026-10-02,2026-11-20,90,49,130.93580170306737,130.78488240317768,130.93580170306737,129.46,131.15448068862182,129.4543017030674,132.41730170306738,HIBRIDO_ANALOGO_CLIM,ANALOGO_ESTADO_V2_CONFORMAL,30,10,0.6963969832129369,OK_ANALOGOS_CONTINUIDAD_CORREGIDA,-0.12805211719324916,0.12805211719324916,0.0,CORREGIDO_ANCLA_OBSERVADO,128.78908614091623,133.0825172652185,2.146715562151144,720.0,OK_CALIBRADO
2026-10-09,YURIMAGUAS,27.0,2026-10-02,2026-11-21,90,50,131.00738669281688,130.93420730805826,131.00738669281688,129.46,131.10983783147896,129.47038669281687,132.5443866928169,HIBRIDO_ANALOGO_CLIM,ANALOGO_ESTADO_V2_CONFORMAL,30,10,0.6963969832129369,OK_ANALOGOS_CONTINUIDAD_CORREGIDA,-0.12805211719324916,0.12805211719324916,0.0,CORREGIDO_ANCLA_OBSERVADO,128.86067113066574,133.15410225496802,2.146715562151144,720.0,OK_CALIBRADO
2026-10-09,YURIMAGUAS,27.0,2026-10-02,2026-11-22,90,51,131.1875853377594,131.1983272833953,131.1875853377594,129.46,131.17305211719324,129.7365853377594,132.63858533775942,HIBRIDO_ANALOGO_CLIM,ANALOGO_ESTADO_V2_CONFORMAL,30,10,0.6963969832129369,OK_ANALOGOS_CONTINUIDAD_CORREGIDA,-0.12805211719324916,0.12805211719324916,0.0,CORREGIDO_ANCLA_OBSERVADO,129.04086977560826,133.33430089991055,2.146715562151144,720.0,OK_CALIBRADO
2026-10-09,YURIMAGUAS,27.0,2026-10-02,2026-11-23,90,52,131.33279827483204,131.3768478575642,131.33279827483204,129.46,131.2751949743361,130.04179827483205,132.62379827483204,HIBRIDO_ANALOGO_CLIM,ANALOGO_ESTADO_V2_CONFORMAL,30,10,0.6963969832129369,OK_ANALOGOS_CONTINUIDAD_CORREGIDA,-0.12805211719324916,0.12805211719324916,0.0,CORREGIDO_ANCLA_OBSERVADO,129.1860827126809,133.4795138369832,2.146715562151144,720.0,OK_CALIBRADO
2026-10-09,YURIMAGUAS,27.0,2026-10-02,2026-11-24,90,53,131.25964979314813,131.19932514022543,131.25964979314813,129.46,131.33590926005039,129.89214979314815,132.62714979314813,HIBRIDO_ANALOGO_CLIM,ANALOGO_ESTADO_V2_CONFORMAL,30,10,0.6963969832129369,OK_ANALOGOS_CONTINUIDAD_CORREGIDA,-0.12805211719324916,0.12805211719324916,0.0,CORREGIDO_ANCLA_OBSERVADO,129.11293423099698,133.40636535529927,2.146715562151144,720.0,OK_CALIBRADO
2026-10-09,YURIMAGUAS,27.0,2026-10-02,2026-11-25,90,54,131.2925038573431,131.17078904733583,131.2925038573431,129.46,131.44126640290753,130.01200385734307,132.57300385734308,HIBRIDO_ANALOGO_CLIM,ANALOGO_ESTADO_V2_CONFORMAL,30,10,0.6963969832129369,OK_ANALOGOS_CONTINUIDAD_CORREGIDA,-0.12805211719324916,0.12805211719324916,0.0,CORREGIDO_ANCLA_OBSERVADO,129.14578829519195,133.43921941949424,2.146715562151144,720.0,OK_CALIBRADO
2026-10-09,YURIMAGUAS,27.0,2026-10-02,2026-11-26,90,55,131.30248879073844,131.173578063958,131.30248879073844,129.46,131.45483783147895,129.97248879073842,132.63248879073842,HIBRIDO_ANALOGO_CLIM,ANALOGO_ESTADO_V2_CONFORMAL,30,10,0.6963969832129369,OK_ANALOGOS_CONTINUIDAD_CORREGIDA,-0.12805211719324916,0.12805211719324916,0.0,CORREGIDO_ANCLA_OBSERVADO,129.1557732285873,133.44920435288958,2.146715562151144,720.0,OK_CALIBRADO
2026-10-09,YURIMAGUAS,27.0,2026-10-02,2026-11-27,90,56,131.32440743389597,131.23996833601086,131.32440743389597,129.46,131.4209092600504,129.542407433896,133.10640743389598,HIBRIDO_ANALOGO_CLIM,ANALOGO_ESTADO_V2_CONFORMAL,30,10,0.6963969832129369,OK_ANALOGOS_CONTINUIDAD_CORREGIDA,-0.12805211719324916,0.12805211719324916,0.0,CORREGIDO_ANCLA_OBSERVADO,129.17769187174483,133.47112299604711,2.146715562151144,720.0,OK_CALIBRADO
2026-10-09,YURIMAGUAS,27.0,2026-10-02,2026-11-28,90,57,131.2726429598303,131.12363331405297,131.2726429598303,129.46,131.43733783147897,129.2481429598303,133.29714295983032,HIBRIDO_ANALOGO_CLIM,ANALOGO_ESTADO_V2_CONFORMAL,30,10,0.6963969832129369,OK_ANALOGOS_CONTINUIDAD_CORREGIDA,-0.12805211719324916,0.12805211719324916,0.0,CORREGIDO_ANCLA_OBSERVADO,129.12592739767916,133.41935852198145,2.146715562151144,720.0,OK_CALIBRADO
2026-10-09,YURIMAGUAS,27.0,2026-10-02,2026-11-29,90,58,131.28623078696626,131.16859378219166,131.28623078696626,129.46,131.41198068862184,129.13223078696626,133.44023078696625,HIBRIDO_ANALOGO_CLIM,ANALOGO_ESTADO_V2_CONFORMAL,30,10,0.6963969832129369,OK_ANALOGOS_CONTINUIDAD_CORREGIDA,-0.12805211719324916,0.12805211719324916,0.0,CORREGIDO_ANCLA_OBSERVADO,129.1395152248151,133.4329463491174,2.146715562151144,720.0,OK_CALIBRADO
2026-10-09,YURIMAGUAS,27.0,2026-10-02,2026-11-30,90,59,131.2797094056574,131.28580298911336,131.2797094056574,129.46,131.27340926005039,129.3667094056574,133.1927094056574,HIBRIDO_ANALOGO_CLIM,ANALOGO_ESTADO_V2_CONFORMAL,30,10,0.6963969832129369,OK_ANALOGOS_CONTINUIDAD_CORREGIDA,-0.12805211719324916,0.12805211719324916,0.0,CORREGIDO_ANCLA_OBSERVADO,129.13299384350626,133.42642496780854,2.146715562151144,720.0,OK_CALIBRADO
2026-10-09,YURIMAGUAS,27.0,2026-10-02,2026-12-01,90,60,131.34708222074988,131.3543266100208,131.34708222074988,129.46,131.33983783147895,129.52008222074988,133.1740822207499,HIBRIDO_ANALOGO_CLIM,ANALOGO_ESTADO_V2_CONFORMAL,30,10,0.6963969832129369,OK_ANALOGOS_CONTINUIDAD_CORREGIDA,-0.12805211719324916,0.12805211719324916,0.0,CORREGIDO_ANCLA_OBSERVADO,129.20036665859874,133.49379778290103,2.146715562151144,720.0,OK_CALIBRADO
2026-10-09,YURIMAGUAS,27.0,2026-10-02,2026-12-02,90,61,131.54888400478484,131.5309123728275,131.54888400478484,129.46,131.56626640290753,129.72338400478486,133.37438400478484,HIBRIDO_ANALOGO_CLIM,ANALOGO_ESTADO_V2_CONFORMAL,30,10,0.6963969832129369,OK_ANALOGOS_CONTINUIDAD_CORREGIDA,-0.12805211719324916,0.12805211719324916,0.0,CORREGIDO_ANCLA_OBSERVADO,129.4021684426337,133.69559956693598,2.146715562151144,720.0,OK_CALIBRADO
2026-10-09,YURIMAGUAS,27.0,2026-10-02,2026-12-03,90,62,131.65292515939998,131.53443969220226,131.65292515939998,129.46,131.76376640290755,129.90242515939997,133.4034251594,HIBRIDO_ANALOGO_CLIM,ANALOGO_ESTADO_V2_CONFORMAL,30,10,0.6963969832129369,OK_ANALOGOS_CONTINUIDAD_CORREGIDA,-0.12805211719324916,0.12805211719324916,0.0,CORREGIDO_ANCLA_OBSERVADO,129.50620959724884,133.79964072155113,2.146715562151144,720.0,OK_CALIBRADO
2026-10-09,YURIMAGUAS,27.0,2026-10-02,2026-12-04,90,63,131.77531166452667,131.7533353747373,131.77531166452667,129.46,131.7951949743361,130.37431166452666,133.17631166452665,HIBRIDO_ANALOGO_CLIM,ANALOGO_ESTADO_V2_CONFORMAL,30,10,0.6963969832129369,OK_ANALOGOS_CONTINUIDAD_CORREGIDA,-0.12805211719324916,0.12805211719324916,0.0,CORREGIDO_ANCLA_OBSERVADO,129.62859610237552,133.9220272266778,2.146715562151144,720.0,OK_CALIBRADO
2026-10-09,YURIMAGUAS,27.0,2026-10-02,2026-12-05,90,64,131.91719318715332,132.02682379771997,131.91719318715332,129.46,131.82126640290753,130.86869318715333,132.96569318715333,HIBRIDO_ANALOGO_CLIM,ANALOGO_ESTADO_V2_CONFORMAL,30,10,0.6963969832129369,OK_ANALOGOS_CONTINUIDAD_CORREGIDA,-0.12805211719324916,0.12805211719324916,0.0,CORREGIDO_ANCLA_OBSERVADO,129.77047762500217,134.06390874930446,2.146715562151144,720.0,OK_CALIBRADO
2026-10-09,YURIMAGUAS,27.0,2026-10-02,2026-12-06,90,65,132.0611600738016,132.45525519135177,132.0611600738016,129.46,131.72769497433612,131.3586600738016,132.76366007380162,HIBRIDO_ANALOGO_CLIM,ANALOGO_ESTADO_V2_CONFORMAL,30,10,0.6963969832129369,OK_ANALOGOS_CONTINUIDAD_CORREGIDA,-0.12805211719324916,0.12805211719324916,0.0,CORREGIDO_ANCLA_OBSERVADO,129.91444451165046,134.20787563595275,2.146715562151144,720.0,OK_CALIBRADO
2026-10-09,YURIMAGUAS,27.0,2026-10-02,2026-12-07,90,66,132.04809839078482,132.45017875692054,132.04809839078482,129.46,131.7191235457647,131.30259839078482,132.79359839078478,HIBRIDO_ANALOGO_CLIM,ANALOGO_ESTADO_V2_CONFORMAL,30,10,0.6963969832129369,OK_ANALOGOS_CONTINUIDAD_CORREGIDA,-0.12805211719324916,0.12805211719324916,0.0,CORREGIDO_ANCLA_OBSERVADO,129.90138282863367,134.19481395293596,2.146715562151144,720.0,OK_CALIBRADO
2026-10-09,YURIMAGUAS,27.0,2026-10-02,2026-12-08,90,67,131.91321949564565,132.14459011692372,131.91321949564565,129.46,131.73019497433611,130.79171949564565,133.03471949564565,HIBRIDO_ANALOGO_CLIM,ANALOGO_ESTADO_V2_CONFORMAL,30,10,0.6963969832129369,OK_ANALOGOS_CONTINUIDAD_CORREGIDA,-0.12805211719324916,0.12805211719324916,0.0,CORREGIDO_ANCLA_OBSERVADO,129.7665039334945,134.0599350577968,2.146715562151144,720.0,OK_CALIBRADO
2026-10-09,YURIMAGUAS,27.0,2026-10-02,2026-12-09,90,68,131.8361973253198,131.92344215792488,131.8361973253198,129.46,131.76948068862183,130.8501973253198,132.82219732531982,HIBRIDO_ANALOGO_CLIM,ANALOGO_ESTADO_V2_CONFORMAL,30,10,0.6963969832129369,OK_ANALOGOS_CONTINUIDAD_CORREGIDA,-0.12805211719324916,0.12805211719324916,0.0,CORREGIDO_ANCLA_OBSERVADO,129.68948176316866,133.98291288747095,2.146715562151144,720.0,OK_CALIBRADO
2026-10-09,YURIMAGUAS,27.0,2026-10-02,2026-12-10,90,69,131.79589248640804,131.76881096912723,131.79589248640804,129.46,131.8159092600504,130.67839248640803,132.91339248640804,HIBRIDO_ANALOGO_CLIM,ANALOGO_ESTADO_V2_CONFORMAL,30,10,0.6963969832129369,OK_ANALOGOS_CONTINUIDAD_CORREGIDA,-0.12805211719324916,0.12805211719324916,0.0,CORREGIDO_ANCLA_OBSERVADO,129.6491769242569,133.94260804855918,2.146715562151144,720.0,OK_CALIBRADO
2026-10-09,YURIMAGUAS,27.0,2026-10-02,2026-12-11,90,70,131.8086421160741,131.7269681145073,131.8086421160741,129.46,131.86698068862182,130.76564211607413,132.85164211607412,HIBRIDO_ANALOGO_CLIM,ANALOGO_ESTADO_V2_CONFORMAL,30,10,0.6963969832129369,OK_ANALOGOS_CONTINUIDAD_CORREGIDA,-0.12805211719324916,0.12805211719324916,0.0,CORREGIDO_ANCLA_OBSERVADO,129.66192655392297,133.95535767822525,2.146715562151144,720.0,OK_CALIBRADO
2026-10-09,YURIMAGUAS,27.0,2026-10-02,2026-12-12,90,71,131.75600791279442,131.53259400729522,131.75600791279442,129.46,131.91019497433612,130.64050791279442,132.8715079127944,HIBRIDO_ANALOGO_CLIM,ANALOGO_ESTADO_V2_CONFORMAL,30,10,0.6963969832129369,OK_ANALOGOS_CONTINUIDAD_CORREGIDA,-0.12805211719324916,0.12805211719324916,0.0,CORREGIDO_ANCLA_OBSERVADO,129.60929235064327,133.90272347494556,2.146715562151144,720.0,OK_CALIBRADO
2026-10-09,YURIMAGUAS,27.0,2026-10-02,2026-12-13,90,72,131.7704406534126,131.59455917202732,131.7704406534126,129.46,131.8876949743361,130.6299406534126,132.91094065341258,HIBRIDO_ANALOGO_CLIM,ANALOGO_ESTADO_V2_CONFORMAL,30,10,0.6963969832129369,OK_ANALOGOS_CONTINUIDAD_CORREGIDA,-0.12805211719324916,0.12805211719324916,0.0,CORREGIDO_ANCLA_OBSERVADO,129.62372509126146,133.91715621556375,2.146715562151144,720.0,OK_CALIBRADO
2026-10-09,YURIMAGUAS,27.0,2026-10-02,2026-12-14,90,73,131.77125097268612,131.6064777664759,131.77125097268612,129.46,131.87733783147897,130.45625097268615,133.08625097268612,HIBRIDO_ANALOGO_CLIM,ANALOGO_ESTADO_V2_CONFORMAL,30,10,0.6963969832129369,OK_ANALOGOS_CONTINUIDAD_CORREGIDA,-0.12805211719324916,0.12805211719324916,0.0,CORREGIDO_ANCLA_OBSERVADO,129.62453541053497,133.91796653483726,2.146715562151144,720.0,OK_CALIBRADO
2026-10-09,YURIMAGUAS,27.0,2026-10-02,2026-12-15,90,74,131.80636824398357,131.64623704422397,131.80636824398357,129.46,131.90590926005038,130.58786824398356,133.02486824398355,HIBRIDO_ANALOGO_CLIM,ANALOGO_ESTADO_V2_CONFORMAL,30,10,0.6963969832129369,OK_ANALOGOS_CONTINUIDAD_CORREGIDA,-0.12805211719324916,0.12805211719324916,0.0,CORREGIDO_ANCLA_OBSERVADO,129.65965268183243,133.9530838061347,2.146715562151144,720.0,OK_CALIBRADO
2026-10-09,YURIMAGUAS,27.0,2026-10-02,2026-12-16,90,75,131.82051890402033,131.64129688206546,131.82051890402033,129.46,131.92805211719326,130.69701890402033,132.9440189040203,HIBRIDO_ANALOGO_CLIM,ANALOGO_ESTADO_V2_CONFORMAL,30,10,0.6963969832129369,OK_ANALOGOS_CONTINUIDAD_CORREGIDA,-0.12805211719324916,0.12805211719324916,0.0,CORREGIDO_ANCLA_OBSERVADO,129.6738033418692,133.96723446617148,2.146715562151144,720.0,OK_CALIBRADO
2026-10-09,YURIMAGUAS,27.0,2026-10-02,2026-12-17,90,76,131.8037111764738,131.57105085029605,131.8037111764738,129.46,131.9384092600504,130.7777111764738,132.8297111764738,HIBRIDO_ANALOGO_CLIM,ANALOGO_ESTADO_V2_CONFORMAL,30,10,0.6963969832129369,OK_ANALOGOS_CONTINUIDAD_CORREGIDA,-0.12805211719324916,0.12805211719324916,0.0,CORREGIDO_ANCLA_OBSERVADO,129.65699561432265,133.95042673862494,2.146715562151144,720.0,OK_CALIBRADO
2026-10-09,YURIMAGUAS,27.0,2026-10-02,2026-12-18,90,77,131.84445870620206,131.66151236558997,131.84445870620206,129.46,131.94662354576468,131.13245870620207,132.55645870620205,HIBRIDO_ANALOGO_CLIM,ANALOGO_ESTADO_V2_CONFORMAL,30,10,0.6963969832129369,OK_ANALOGOS_CONTINUIDAD_CORREGIDA,-0.12805211719324916,0.12805211719324916,0.0,CORREGIDO_ANCLA_OBSERVADO,129.69774314405092,133.9911742683532,2.146715562151144,720.0,OK_CALIBRADO
2026-10-09,YURIMAGUAS,27.0,2026-10-02,2026-12-19,90,78,131.8305550497989,131.6561217205563,131.8305550497989,129.46,131.92448068862183,130.9655550497989,132.69555504979888,HIBRIDO_ANALOGO_CLIM,ANALOGO_ESTADO_V2_CONFORMAL,30,10,0.6963969832129369,OK_ANALOGOS_CONTINUIDAD_CORREGIDA,-0.12805211719324916,0.12805211719324916,0.0,CORREGIDO_ANCLA_OBSERVADO,129.68383948764776,133.97727061195005,2.146715562151144,720.0,OK_CALIBRADO
2026-10-09,YURIMAGUAS,27.0,2026-10-02,2026-12-20,90,79,131.94658484890766,131.8563622030473,131.94658484890766,129.46,131.99340926005038,131.09858484890768,132.79458484890768,HIBRIDO_ANALOGO_CLIM,ANALOGO_ESTADO_V2_CONFORMAL,30,10,0.6963969832129369,OK_ANALOGOS_CONTINUIDAD_CORREGIDA,-0.12805211719324916,0.12805211719324916,0.0,CORREGIDO_ANCLA_OBSERVADO,129.79986928675652,134.0933004110588,2.146715562151144,720.0,OK_CALIBRADO
2026-10-09,YURIMAGUAS,27.0,2026-10-02,2026-12-21,90,80,131.96899475195946,131.84945145006333,131.96899475195946,129.46,132.02876640290754,131.40399475195946,132.53399475195945,HIBRIDO_ANALOGO_CLIM,ANALOGO_ESTADO_V2_CONFORMAL,30,10,0.6963969832129369,OK_ANALOGOS_CONTINUIDAD_CORREGIDA,-0.12805211719324916,0.12805211719324916,0.0,CORREGIDO_ANCLA_OBSERVADO,129.8222791898083,134.1157103141106,2.146715562151144,720.0,OK_CALIBRADO
2026-10-09,YURIMAGUAS,27.0,2026-10-02,2026-12-22,90,81,131.99538689328165,131.8822964831796,131.99538689328165,129.46,132.04983783147895,131.43038689328165,132.56038689328165,HIBRIDO_ANALOGO_CLIM,ANALOGO_ESTADO_V2_CONFORMAL,30,10,0.6963969832129369,OK_ANALOGOS_CONTINUIDAD_CORREGIDA,-0.12805211719324916,0.12805211719324916,0.0,CORREGIDO_ANCLA_OBSERVADO,129.8486713311305,134.1421024554328,2.146715562151144,720.0,OK_CALIBRADO
2026-10-09,YURIMAGUAS,27.0,2026-10-02,2026-12-23,90,82,132.0052886031404,131.79201320063538,132.0052886031404,129.46,132.10412354576468,131.39128860314042,132.61928860314038,HIBRIDO_ANALOGO_CLIM,ANALOGO_ESTADO_V2_CONFORMAL,30,10,0.6963969832129369,OK_ANALOGOS_CONTINUIDAD_CORREGIDA,-0.12805211719324916,0.12805211719324916,0.0,CORREGIDO_ANCLA_OBSERVADO,129.85857304098926,134.15200416529154,2.146715562151144,720.0,OK_CALIBRADO
2026-10-09,YURIMAGUAS,27.0,2026-10-02,2026-12-24,90,83,131.99212471875347,131.6343300527554,131.99212471875347,129.46,132.15162354576466,131.21912471875348,132.76512471875344,HIBRIDO_ANALOGO_CLIM,ANALOGO_ESTADO_V2_CONFORMAL,30,10,0.6963969832129369,OK_ANALOGOS_CONTINUIDAD_CORREGIDA,-0.12805211719324916,0.12805211719324916,0.0,CORREGIDO_ANCLA_OBSERVADO,129.84540915660233,134.13884028090462,2.146715562151144,720.0,OK_CALIBRADO
2026-10-09,YURIMAGUAS,27.0,2026-10-02,2026-12-25,90,84,132.0574600766806,131.70666198215105,132.0574600766806,129.46,132.20780211719327,131.2369600766806,132.87796007668058,HIBRIDO_ANALOGO_CLIM,ANALOGO_ESTADO_V2_CONFORMAL,30,10,0.6963969832129369,OK_ANALOGOS_CONTINUIDAD_CORREGIDA,-0.12805211719324916,0.12805211719324916,0.0,CORREGIDO_ANCLA_OBSERVADO,129.91074451452945,134.20417563883174,2.146715562151144,720.0,OK_CALIBRADO
2026-10-09,YURIMAGUAS,27.0,2026-10-02,2026-12-26,90,85,132.01501937700576,131.64770517124424,132.01501937700576,129.46,132.16626640290755,130.92151937700575,133.10851937700573,HIBRIDO_ANALOGO_CLIM,ANALOGO_ESTADO_V2_CONFORMAL,30,10,0.6963969832129369,OK_ANALOGOS_CONTINUIDAD_CORREGIDA,-0.12805211719324916,0.12805211719324916,0.0,CORREGIDO_ANCLA_OBSERVADO,129.8683038148546,134.1617349391569,2.146715562151144,720.0,OK_CALIBRADO
2026-10-09,YURIMAGUAS,27.0,2026-10-02,2026-12-27,90,86,132.03930230224793,131.7841031904955,132.03930230224793,129.46,132.1401949743361,130.79080230224793,133.2878023022479,HIBRIDO_ANALOGO_CLIM,ANALOGO_ESTADO_V2_CONFORMAL,30,10,0.6963969832129369,OK_ANALOGOS_CONTINUIDAD_CORREGIDA,-0.12805211719324916,0.12805211719324916,0.0,CORREGIDO_ANCLA_OBSERVADO,129.8925867400968,134.18601786439908,2.146715562151144,720.0,OK_CALIBRADO
2026-10-09,YURIMAGUAS,27.0,2026-10-02,2026-12-28,90,87,132.15873568780887,131.9468040622891,132.15873568780887,129.46,132.23912354576467,130.76123568780886,133.55623568780888,HIBRIDO_ANALOGO_CLIM,ANALOGO_ESTADO_V2_CONFORMAL,30,10,0.6963969832129369,OK_ANALOGOS_CONTINUIDAD_CORREGIDA,-0.12805211719324916,0.12805211719324916,0.0,CORREGIDO_ANCLA_OBSERVADO,130.01202012565773,134.30545124996002,2.146715562151144,720.0,OK_CALIBRADO
2026-10-09,YURIMAGUAS,27.0,2026-10-02,2026-12-29,90,88,132.1670190199748,132.00605300262404,132.1670190199748,129.46,132.22555211719325,130.9260190199748,133.40801901997477,HIBRIDO_ANALOGO_CLIM,ANALOGO_ESTADO_V2_CONFORMAL,30,10,0.6963969832129369,OK_ANALOGOS_CONTINUIDAD_CORREGIDA,-0.12805211719324916,0.12805211719324916,0.0,CORREGIDO_ANCLA_OBSERVADO,130.02030345782364,134.31373458212593,2.146715562151144,720.0,OK_CALIBRADO
2026-10-09,YURIMAGUAS,27.0,2026-10-02,2026-12-30,90,89,132.22092842906386,132.04359867005644,132.22092842906386,129.46,132.2826949743361,130.66292842906387,133.77892842906385,HIBRIDO_ANALOGO_CLIM,ANALOGO_ESTADO_V2_CONFORMAL,30,10,0.6963969832129369,OK_ANALOGOS_CONTINUIDAD_CORREGIDA,-0.12805211719324916,0.12805211719324916,0.0,CORREGIDO_ANCLA_OBSERVADO,130.07421286691272,134.367643991215,2.146715562151144,720.0,OK_CALIBRADO
2026-10-09,YURIMAGUAS,27.0,2026-10-02,2026-12-31,90,90,132.28931382388677,131.947027515396,132.28931382388677,129.46,132.40340926005038,130.73031382388677,133.84831382388677,HIBRIDO_ANALOGO_CLIM,ANALOGO_ESTADO_V2_CONFORMAL,30,10,0.6963969832129369,OK_ANALOGOS_CONTINUIDAD_CORREGIDA,-0.12805211719324916,0.12805211719324916,0.0,CORREGIDO_ANCLA_OBSERVADO,130.14259826173563,134.43602938603792,2.146715562151144,720.0,OK_CALIBRADO
